null_rep,panel,GSE10846_to_GSE87371__corr_structure_similarity,GSE10846_to_GSE87371__top4_eigensubspace_overlap,GSE10846_to_GSE87371__top8_eigensubspace_overlap,GSE10846_to_GSE87371__eigenvalue_profile_cosine,GSE10846_to_GSE31312__corr_structure_similarity,GSE10846_to_GSE31312__top4_eigensubspace_overlap,GSE10846_to_GSE31312__top8_eigensubspace_overlap,GSE10846_to_GSE31312__eigenvalue_profile_cosine,GSE87371_to_GSE31312__corr_structure_similarity,GSE87371_to_GSE31312__top4_eigensubspace_overlap,GSE87371_to_GSE31312__top8_eigensubspace_overlap,GSE87371_to_GSE31312__eigenvalue_profile_cosine
1,KDM5D|LRP1B|KCNN3|CRNDE|CPXM1|S100A8|CCL20|STEAP2|HK3|HTR3A|CHIT1|SEC31B|VSIG4|SPIC|UBASH3A|PTPN20,0.7915016663299819,0.7277824287338253,0.7287804456656151,0.9981987802482881,0.671394764273012,0.5025100515746356,0.6434563290476328,0.9766926415553664,0.7463759272572811,0.5255032299414442,0.6649869979086416,0.9759033958509978
2,NCKAP5|MAGEB2|HK3|JCHAIN|FDCSP|CRNDE|FABP4|KRT13|SEC31B|SFTA3|KCNN3|MAGEB1|RGS13|ICOS|IGLJ3///CKAP2|PABPC5,0.6405994694069287,0.6021476617082433,0.7628430883421826,0.9884714011564656,0.42252156687471354,0.5296144108103324,0.6603971038664562,0.9785510605285106,0.4645729553551514,0.5774362748107327,0.6636193358477346,0.9887068877570422
3,C12orf77|MAL2|CD74|LOC100130744|TNFRSF17|PROK2|MAGEA9B///MAGEA9|LINC00487|EPHB1|USP9Y|PXDNL|VSIG4|C1QA|LOC440864///MSH6|SPRR1B|CT45A8///CT45A9///CT45A10///CT45A7///CT45A2///CT45A1///CT45A6///CT45A5///CT45A3,0.5798607598389404,0.6189569376235016,0.8080829634030084,0.9928215700109585,0.5754224972169338,0.5469775163341677,0.7643227647646109,0.9812188346970794,0.7723387371486696,0.7651484991926355,0.7910458080362994,0.9845229105372982
4,SFTA3|JCHAIN|NCKAP5|IGHV3-23///IGHV4-31///IGHM///IGHG3///IGHG1///IGHD///IGHA1///IGH|CENPV|RGS13|AQP9|HMCN1|LOC100509457///HLA-DQA1|CCR10|MIS18BP1|IL17RB|LEP|IGHV1-69|LOC101930067|GPAT2,0.38196077232876735,0.46679200940989324,0.6769382489043114,0.989663609908456,0.42381705117246454,0.5530747859745014,0.5791839837147044,0.992797315879997,0.43287266796796064,0.5038443724603354,0.5961760174070152,0.9975221223444166
5,MAGEA6|ASB5|LOC101930415|LTF|COMP|MUC16|ZNF385B|ZNF883|CTAG1A///CTAG1B|LOC102725426///MIR8071-2///MIR8071-1///IGHM///IGHG1|SACS-AS1|FAR2P3///FAR2P2|ORM1|EML6|CTCFL|IGHV3-23///IGHV4-31///IGHM///IGHG3///IGHG1///IGHD///IGHA1///IGH,0.5894738476167969,0.588522911344556,0.6458780149342123,0.9968970341629753,0.4683859168476701,0.5129247831790592,0.6595485077823272,0.9936154090948308,0.6105980728212272,0.5597190484078294,0.6921687140532262,0.991883678590055
6,USP9Y|ASZ1|KCCAT333|WISP2|OVAAL|CTTNBP2|RSPH1|SPRR1B|AQP9|KCNN3|PXDNL|TPSB2|TFPI2|RNF183|CENPV|IL17RB,0.3795540563572452,0.43956092066232644,0.6760500568315506,0.9949501874949498,0.5227152780787868,0.6252544760079052,0.6713882472604169,0.9857661645619689,0.38289808098431033,0.48078309502044403,0.6347743076316832,0.9882828267602008
7,LOC101930114|KRT5|LILRA3|FCGR3B///FCGR3A|HK3|CCL21|CTTNBP2|CILP|IGKV1OR2-108|ZBTB32|IL22RA2|S100Z|SPRR1B|CENPV|LOC101927811|LOC102725426///MIR8071-2///MIR8071-1///IGHM///IGHG1,0.7512279974422658,0.5804517322802633,0.7819151511025411,0.9980641549685916,0.742193880114657,0.5538475612659652,0.7572712174953362,0.9846685045533405,0.7343451000349984,0.7378847854278409,0.7494847842172387,0.9861656866373392
8,MMP20|MUC16|TCL1A|EPHB1|XK|NPIPA5///NPIPB6///NPIPB8///NPIPB3|MATN3|LILRA3|ZNF385B|UMODL1|AP3D1|LGALS2|KRT13|CLGN|NME8|BIK,0.5143987906169452,0.5623643677712222,0.7023985178186889,0.9958916307852624,0.4745501568466236,0.5335029482506984,0.7041614232744238,0.9856481438810191,0.6941680473619323,0.6545234192595665,0.7246944231817505,0.9919124944022237
9,RNF183|ZPBP2|FDCSP|LOC100134317///LOC284412|HAGLROS|LILRA4|LHX8|HLA-DQB1|LINC01268|KRT14|ZNF711|NLRP11|DNAH8|ADIRF|PABPC5|LOC100505878,0.5008206706358462,0.5578298213386199,0.6504626607532735,0.9979993027396958,0.4203161861140793,0.5217170505793305,0.660935039305184,0.9951433562336199,0.3613010799231961,0.4562911311205882,0.658785851136652,0.9915194205195198
10,LEP|SUGCT|ZNF711|USP9Y|CRNDE|KRT13|LOC101930415|CTAG1A///CTAG1B|HSF5|SNX29P1///SNX29P2|IL17RB|IGK///IGKC|RASSF6|ZPBP2|ZBTB32|KCNN3,0.7774719236375588,0.41350070354797364,0.7272164817660745,0.9849432207008816,0.622901113446563,0.5428047551788038,0.586626655811937,0.9410289866994959,0.6144385084462338,0.49165728722887325,0.6151818952444768,0.9809922032435714
11,LOC101930114|LRP1B|GJB2|MMP20|LIN28B|USP9Y|SUSD5|SFTA3|S100Z|STEAP2|BIK|SPIC|ABCG5|IGKV1OR2-108|GJB6|C1QA,0.5568350836512346,0.5544668399419601,0.7122988042608621,0.992986956581517,0.5156647996398838,0.6020376850936847,0.6393896703052622,0.9952218421688875,0.5232638039662149,0.5648838021331921,0.6933203723649899,0.9882497553797864
12,LOC100134317///LOC284412|TCL1B|LTF|RASSF6|LEP|S100A8|FAR2P3///FAR2P2|CCL17|LINC00487|SAXO2|MAGEA6|UGT2B17|LHX8|EPYC|SOX8|USP9Y,0.6080022724236942,0.5890597846191398,0.6872305485754101,0.996916724352809,0.3254798370244362,0.3443716361875442,0.5726189486322006,0.9982021963542957,0.3856495039730094,0.4761046135559374,0.6258308282199614,0.9935885923126594
13,ZIC2|GJB2|KRT13|CENPV|PABPC5|AP3D1|IL13RA2|ORM2///ORM1|IGLJ3///IGLV1-44///CKAP2///IGLV@///IGLC1|PRAME|HAGLROS|CHIT1|EIF1AY|LOC105372840|PPBP|MGST1,0.46525769506367587,0.5609312619965291,0.6085498809000807,0.9967791618460335,0.3596104756569025,0.5330011410717124,0.6038736770207913,0.9858727017513819,0.328484127270704,0.5063627184993061,0.591447483934576,0.9891974249195374
14,ZNF385B|HSF5|CENPV|UBASH3A|LILRA3|IGHV3-23///IGHV4-31///IGHM///IGHG3///IGHG1///IGHD///IGHA1///IGH|CILP|CLIP2|MAGEB2|PRAME|PNMAL1|NME8|ZYG11A|LOC100996809///HLA-DRB5///HLA-DRB4///HLA-DRB3///HLA-DRB1|HLF|CD1C,0.5567647159961653,0.671509135773383,0.7394187993425076,0.9890623096144331,0.459489973086602,0.6054646029985398,0.6362553424544729,0.9870915966293747,0.5362932581249481,0.6281147909897841,0.6625018485237245,0.9595967736515154
15,STXBP6|HEPACAM2|LOC105372840|CLIP2|LOC101930067|MME|VSIG4|KRT13|TPSB2|LOC102725426///MIR8071-2///MIR8071-1///IGHM///IGHG1|HIST1H3B|KDM5D|FCER2|SFRP2|MAL2|TCL1B,0.6402758136325503,0.6807731335499083,0.7652881713493114,0.9932021151616411,0.4214557218085177,0.5853889606460112,0.623173061436163,0.9945058390735216,0.6176232136144973,0.7126097104216134,0.733592522409784,0.993378680312127
16,CD163|MAL2|MAGEB1|SYT17|S100Z|FCAMR|FABP4|KLRC2///KLRC1|KRT14|SERPINA9|H2AFB1///H2AFB2///H2AFB3|KRT13|ZPBP2|GJB2|MIS18BP1|CTAG2,0.7407632124222595,0.7017211970771972,0.7836220170831635,0.9935482184624036,0.6858979199601627,0.8202343297128731,0.8053830165270995,0.9967097895385028,0.7205959984780349,0.7683464928388368,0.7394248189695627,0.9887240383437118
17,PNMAL1|PLA2G2A|ZYG11A|LOC105372840|GTSF1|MGST1|AQP9|RSPH1|NMU|SOX2-OT|TNFRSF17|UMODL1|CCR10|JCHAIN|ZBTB32|PTPN20,0.6564357407162369,0.8023258299073585,0.7006164907199005,0.9968973771650305,0.4624463819836701,0.5358363563674673,0.6295715177542659,0.992918992961731,0.5489582864164253,0.5782615053607452,0.684488768637435,0.9918388709157469
18,LOC105372840|IGHD|CD163|ZBTB32|FAM30A|C12orf77|MMP7|CPXM1|S100Z|SPRR1B|EML6|SFRP4|ASMT|LOC440864///MSH6|MUC16|HIST1H3B,0.7460351257851447,0.5925863166625494,0.6736089592540134,0.9991015230412286,0.6834849196833391,0.6545892892906884,0.6988744141461005,0.9740232149107422,0.7150400260121033,0.4954563137161062,0.7539244980201804,0.9710199144308155
19,FAM111B|UMODL1|CD74|EPHA4|PDGFRL|KCNK12|RSPH1|DAPL1|FAR2P3///FAR2P2|KLHL13|LILRA3|LOC101927811|LOC105372840|PRAME|NPY1R|TXLNGY,0.5350953834006249,0.5999503890803556,0.6939893602276335,0.9777596763357194,0.2623066981033336,0.4614198111704715,0.6191332209344249,0.9550871501310658,0.4136130833531441,0.42736480993655085,0.7263505909077586,0.9913510458221875
20,SMC3|SFRP4|TNFRSF17|LEP|SCARA5|SOX2-OT|FAM30A|FAM111B|ABCG5|LOC101930415|LOC102725526///IGHV4-31///IGHM///IGHG3///IGHG2///IGHG1///IGHA2///IGHA1///IGH|KCCAT333|DNAH8|KRT13|UBASH3A|CD163,0.5203658388276475,0.4651145977686267,0.7075239779657893,0.985477970280581,0.5587636616411267,0.5598371881733024,0.6660477494922854,0.9592222461332945,0.5142334400504063,0.5826816281523752,0.7094477611805481,0.9901582247903437
21,ICOS|CD163|ZYG11A|KRT6A|CD74|LILRA3|RAB25|LIN28B|XIST|CILP|LOC100996809///HLA-DRB5///HLA-DRB4///HLA-DRB3///HLA-DRB1|STEAP2|SCARA5|SOX2-OT|SNX29P1///SNX29P2|XK,0.7886319434791433,0.7221376388299041,0.7025380172795656,0.9952821455410762,0.6777164564038142,0.6579037230912238,0.6635930210590434,0.9877547064960865,0.7331681858095179,0.6664871709126514,0.7580993637286237,0.9865682949471513
22,LINC01268|PLA2G2A|ICOS|LMO2|STXBP6|MAGEA6|NME8|FAM129C|IGKV1OR2-108|KLRC2///KLRC1|C12orf77|UBASH3A|MIS18BP1|ABCG5|PROK2|USP9Y,0.7226375951286692,0.6327444192591485,0.7733750280280243,0.9956007618026627,0.5190814306559669,0.5553926012125363,0.6422649524699071,0.9611980044772199,0.6552629720303955,0.6114913783552874,0.6730062029307843,0.9600387832412504
23,P2RY12|FABP4|MT1M|SFRP2|CCDC110|C4orf22|EML6|DNER|LOC100653057///CES1|ARL14|LOC105375172|LINC01102|PABPC5|C12orf77|UHMK1|SFRP4,0.6945804584700416,0.6374630557717976,0.727000512270412,0.9954976545877848,0.5375465748071621,0.5662441492143648,0.6924765858147219,0.9776560605219149,0.6222262681340288,0.5957251180429642,0.691780471106236,0.982655921910523
24,IGLJ3///CKAP2|CTAG2|CCDC110|PLA2G2A|FAM30A|PXDNL|WFDC21P|LIN28B|PSMA8|FCGR3B///FCGR3A|KLHL13|GJB6|MMP12|MFAP4|LOC105375172|CCL21,0.663162112974214,0.7413935309149267,0.7140359148553302,0.9969963245398845,0.6137036284852576,0.5636064989524651,0.7675913392322415,0.9980182789686205,0.5634391268346375,0.5696469494428299,0.6467710589872799,0.9934298023652471
25,RSPH1|LINC01268|C3orf67|LOC101929141///CCDC144CP///CCDC144B///CCDC144A|HAGLROS|STAG3|FCAMR|IL13RA2|ICOS|FAR2P3///FAR2P2|MFAP4|PDGFRL|NLRP7|USP9Y|LOC613266|LGALS2,0.7805441182210424,0.7203159947796087,0.7978923610092025,0.992387826590985,0.679313136592011,0.6933829112493655,0.6503265324560181,0.9932174412049295,0.6949515576052607,0.6724318887130882,0.6602827926263424,0.9887055550451795
26,CCR10|HSF5|NOL4|STAG3|SPIC|LINC00877|CHIT1|GJB2|ZPBP2|CCL21|NCKAP5|MMP12|MIS18BP1|LINC01268|SPINK2|LILRA4,0.7634626823386833,0.6467430163038521,0.773229908405457,0.9958825309421742,0.7451263907578151,0.6346109128324126,0.7330540602892903,0.9747813272511949,0.8036858486557228,0.6522651119249779,0.7587219639722775,0.9743878275447774
27,SFTA3|LMO2|TXLNGY|TCL1A|LRP1B|EIF1AY|CLIP2|KLRC2///KLRC1|MMP1|MT1M|CCDC110|SUSD5|CRNDE|P2RY12|ZNF711|MATN3,0.7957039995702949,0.7996058419292388,0.7432003634841939,0.9971899477653692,0.7367576421029547,0.6713511692620813,0.6605301538351344,0.9911577572082929,0.7476395874588653,0.6499002184408882,0.667096210041396,0.9891168349824568
28,EPCAM|OVAAL|ARL14|AP3D1|SDR16C5|LGALS2|PDGFRL|LOC100996809///HLA-DRB5///HLA-DRB4///HLA-DRB3///HLA-DRB1|HPDL|SFTA3|LINC00487|LILRA4|AQP9|LYPD6B|NPY1R|LOC102725526///IGHV4-31///IGHM///IGHG3///IGHG2///IGHG1///IGHA2///IGHA1///IGH,0.6385441888813419,0.6589503633308768,0.7036822654934557,0.9994668913311956,0.3770952129953327,0.5480420167030313,0.6279187505134993,0.9659781439717811,0.4740750655876178,0.6398659819851351,0.6313020337179036,0.9667268661850271
29,LOC101930114|EML6|LOC613266|PNMAL1|LOC283454///HRK|FAM167A-AS1|CRNDE|LOC100996809///HLA-DRB5///HLA-DRB4///HLA-DRB3///HLA-DRB1|OVAAL|PPBP|SUSD5|AICDA|FAM111B|HPDL|MT1M|LINC01405,0.42010753010032775,0.5055126429460596,0.6134616867909343,0.9984382312411996,0.3646005864433006,0.48992295229674154,0.6634964016321243,0.989480079362392,0.5687466569319379,0.5925565436049929,0.6486310702068396,0.9904651576317246
30,ARL14|ORM2///ORM1|ZPBP2|CCR10|MAGEA6///MAGEA3|LGSN|LOC283454///HRK|TXLNGY|MAGEA1|FSTL5|MAGEA9B///MAGEA9|BIK|SFTA3|AP3D1|NLRP4|LINC00877,0.6312049747807602,0.6533387872469418,0.6732880666935169,0.9970471828854129,0.6201199016340947,0.5674481624543657,0.7067814907232068,0.9869053032965055,0.5749349082300106,0.6241519816088059,0.7128528327695156,0.982843455742523
31,NLRP4|H2AFB1///H2AFB2///H2AFB3|PROK2|MT1M|ADIRF|LRP1B|VPREB3|CTAG1A///CTAG1B|SPINK2|KCCAT333|LOC613266|CD163|FAM111B|PTPN20|C4orf22|NLRP7,0.7468908322637647,0.5677345238505184,0.788673218425226,0.9987251410161163,0.6601796707677626,0.6437379453140232,0.6601392387263869,0.9857170107112099,0.7199304290680244,0.6483389113124655,0.7282135634656285,0.9910729224708741
32,PSMA8|MAGEB1|FAM129C|NLRP4|TCL1B|PLA2G2A|LOC105372840|AP3D1|DNER|LOC101930415|S100A8|GPM6A|ZIC2|VPREB3|PITX1|CILP,0.7575860261219783,0.7955041868194881,0.7012567014317779,0.9983780411430895,0.5982221657438183,0.5865686399857332,0.7052572258403225,0.9821285520928627,0.7308413772996051,0.628986428399724,0.7129963275295046,0.9870011905083063
33,MATN3|ZPBP2|AQP9|ZYG11A|NPY1R|KDM5D|CT45A8///CT45A9///CT45A10///CT45A7///CT45A2///CT45A1///CT45A6///CT45A5///CT45A3|STEAP2|LOC283454///HRK|XK|AICDA|MARCO|CILP|CD163|LINC01268|LOC100996809///HLA-DRB5///HLA-DRB4///HLA-DRB3///HLA-DRB1,0.8536590652726963,0.7251035159187603,0.7661976202515706,0.9958299721427494,0.7363067864650183,0.5890742066044947,0.6797330249371967,0.9755523681750378,0.7652890003748843,0.6800058129815176,0.7171844967858333,0.973433725600655
34,LEP|AQP9|COMP|AICDA|KRT14|IGHV3-23///IGHV4-31///IGHM///IGHG3///IGHG1///IGHD///IGHA1///IGH|FAM167A-AS1|SMC3|ZNF257|EML6|IGHD|ICOS|C17orf99|KCNH8|NPIPA5///NPIPB6///NPIPB8///NPIPB3|PABPC5,0.4705649167867467,0.6057569185032871,0.6946939225955724,0.9963194000940292,0.32829120872426054,0.6194646484911059,0.6275438858680727,0.9858487028676708,0.6053194203319783,0.6380099072211869,0.6886725252699902,0.9900086889150161
35,LOC105375172|CAMP|RAB25|ICOS|LTF|SCARA5|LGSN|SUGCT|RASSF6|LOC101927811|CETP|HIST1H1B|LRRN1|HEPACAM2|LOC101930067|WISP2,0.5905841937528961,0.6608230239015709,0.7903639411604159,0.9987796637408357,0.3546953833930612,0.4187163305629181,0.6511782832211532,0.9848848502284228,0.42308077743257466,0.5259515460290953,0.6522059458867844,0.9827258634350343
36,USP9Y|MAGEA9B///MAGEA9|LOC101929272|HPDL|CCL17|CPXM1|LINC01297|MARCO|EML6|HLA-DQA1|MAL2|FABP4|ARL14|RASSF6|MIS18BP1|BIK,0.5288079086092579,0.5634800572818712,0.7120293587091359,0.9934104155937286,0.5271530233559286,0.44557218372895835,0.7521073023501068,0.9950566526263964,0.6137651398563387,0.5964643722063493,0.6853736401797903,0.9903650085546578
37,ABCG5|SPRR1B|SMC3|SAXO2|LILRA4|LOC100653057///CES1|MAGEA1|NLRP7|LGALS2|MAGEA6|CD163|FAM167A-AS1|TXLNGY|LOC283454///HRK|P2RY12|MME,0.623994072015641,0.6133882034279972,0.6902303793355377,0.995342544619768,0.5976713221417328,0.6610133332841955,0.6105146163146704,0.9887090706231287,0.5536136458264791,0.6480469613024995,0.6741610141965284,0.9918360458818042
38,VPREB3|TXLNGY|FCGR3B///FCGR3A|EPHB1|STAG3|CILP|CTTNBP2|ZPBP2|ARL14|HAGLROS|NCKAP5|C3orf67|MME|KLHL13|EYA2|SPIC,0.8401911766133695,0.5554499219140386,0.6913936247876897,0.9976499727852112,0.8670474794937494,0.5994765516741686,0.6871463115182935,0.9875214282420014,0.8216609674167152,0.6304091078499284,0.6808862264650741,0.9856924654016667
39,ADIRF|LOC100996809///HLA-DRB5///HLA-DRB4///HLA-DRB3///HLA-DRB1|PITX1|C7orf57|CTCFL|CHIT1|LOC101930067|HLF|PRAME|IL22RA2|HPDL|CLIP2|ICOS|FAR2P3///FAR2P2|LOC613266|MMP7,0.5897433388196208,0.5302542456661778,0.7076210941457357,0.992671707951912,0.15701799142529596,0.4574367509333935,0.5053718884051975,0.9911474966011319,0.27010455858089644,0.43658827465769406,0.5676731998482827,0.974451205285099
40,PSMA8|AQP9|LOC102725526///IGHV4-31///IGHM///IGHG3///IGHG2///IGHG1///IGHA2///IGHA1///IGH|SFRP2|XK|PXDNL|SPINK2|RAB25|LEP|AP3D1|LINC01021|SFRP4|GTSF1|FSTL5|MARCO|TRPM4,0.7093757760178871,0.7702505999912302,0.7360203617425612,0.9953093739410356,0.6705464781246118,0.6491289700427125,0.7243311819409158,0.982364131642842,0.6802602073212745,0.6871304547498338,0.7041429627710132,0.9851436572361284
41,GTSF1|PABPC5|LEP|FCRL4|HEPACAM2|TCL1A|HSF5|MT1M|CILP|XK|LOC283454///HRK|HAGLROS|HK3|RPS4Y1|CCDC110|C3orf67,0.6838045075738196,0.5505084611776325,0.7487031301568905,0.996954582715651,0.5501882272331374,0.6289547305310605,0.661564107787506,0.9946633060475496,0.5419665788434729,0.6244373056452193,0.7185748101311634,0.9895106694207944
42,LINC01102|ZNF711|PITX1|CT45A8///CT45A9///CT45A10///CT45A7///CT45A2///CT45A1///CT45A6///CT45A5///CT45A3|LINC01021|CAMP|EIF1AY|CLGN|CHIT1|SFRP2|LHX8|NPY1R|LINC01297|KRT13|GOLIM4|ZNF257,0.4499751675307,0.5688775715222243,0.6372912730850615,0.9945611633281874,0.2692108087162885,0.44513151811487606,0.6528775234985154,0.9888620242994683,0.3574346099328291,0.4606426396055721,0.6926942379045249,0.9965645513063355
43,ABCG5|IGLJ3///IGLV1-44///CKAP2///IGLV@///IGLC1|DNAH8|WISP2|LOC101929141///CCDC144CP///CCDC144B///CCDC144A|S100A8|PROK2|STAG3|CCL21|SPINK2|IGKV1OR2-108|IL22RA2|MMP20|LINC01102|CT45A8///CT45A9///CT45A10///CT45A7///CT45A2///CT45A1///CT45A6///CT45A5///CT45A3|HTR3A,0.836594532920671,0.7380603596286837,0.8193143322808312,0.9945284629953147,0.8043919906606948,0.7495438117636906,0.7294329920439228,0.9953730655737665,0.8285919675406476,0.6779734690734727,0.738025949666488,0.9836563609750882
44,LMO2|SERPINA9|CD1C|ZYG11A|MGST1|LOC100996809///HLA-DRB5///HLA-DRB4///HLA-DRB3///HLA-DRB1|ASZ1|HPDL|COL11A1|SPINK2|RGS13|S100Z|RNF183|IGHV1-69|FCAMR|LOC100134317///LOC284412,0.8668084900436123,0.5895907442035162,0.7559215913099456,0.9930701093382753,0.7271616518303459,0.45794978180701174,0.7265950572881053,0.971621332548901,0.7850880941726677,0.7081275384018322,0.7511851477355332,0.9783649337109462
45,KCCAT333|LIN28B|LOC100509457///HLA-DQA1|LOC283454///HRK|FCRL4|IGLJ3///IGLV1-44///CKAP2///IGLV@///IGLC1|AICDA|FAM30A|VPREB3|HLF|LILRA4|MUC16|ZNF257|COL9A3|LOC440864///MSH6|BEX2,0.7232136498348674,0.7015484208519629,0.6598752818155167,0.9953109393689854,0.7132357800488668,0.5446870494470339,0.6483728059114477,0.9884773369756056,0.6645315727454426,0.6274130279950436,0.6514910099035691,0.9786765612779609
46,STAG3|FAM167A-AS1|KLHL13|FAM111B|GTSF1|NME8|CENPV|MMP1|SEC31B|MAGEB1|GJB6|MYOT|IL22RA2|C17orf99|AQP9|LOC102725426///MIR8071-2///MIR8071-1///IGHM///IGHG1,0.6077015025491558,0.5769811406859319,0.7414856453164975,0.9951226428024604,0.48035217380375206,0.5027840803998613,0.7600242796045515,0.9894421917562288,0.5619162277703043,0.48351030276695406,0.7096638928062229,0.9900430126417337
47,KRT13|C7orf57|LOC101929272|LRRN1|IGHD|PXDNL|H2AFB1///H2AFB2///H2AFB3|STXBP6|ZNF711|KCCAT333|MAGEA6///MAGEA3|LINC00877|IL17RB|PABPC5|ZBTB32|LINC01268,0.5880563755909427,0.6058144434966417,0.7011268720671527,0.9903409944201023,0.6394959568661244,0.487395641366809,0.7098288721531858,0.9862526184531794,0.49631540707421273,0.4000752061236969,0.6493676237109084,0.9870315159657729
48,WISP2|MYOCD|LGSN|ASMT|KLHL13|SMC3|MAGEB1|SOX8|SERPINA9|TXLNGY|MAGEA9B///MAGEA9|TRPM4|CCL20|XIST|KCNN3|C3orf67,0.790165701449421,0.6982715426898611,0.7305713205493529,0.9951414482371225,0.6693509387415615,0.6844223095732156,0.6811478130682822,0.9879565312784649,0.6542938137832168,0.6739655855795627,0.6701892482599523,0.9927042729311965
49,LEP|FCGR3B///FCGR3A|KLHL13|PABPC5|LOC102724689|BEX2|LOC440864///MSH6|C7orf57|DNAH8|UHMK1|PITX1|FAM111B|ORM2///ORM1|IL22RA2|SOX2-OT|CHIT1,0.5093296167305711,0.6783573806559247,0.6894687266446151,0.9946630487626584,0.2968797329114985,0.5373046754345624,0.6568722567386484,0.9801721203089713,0.33594262405039077,0.5513940868623497,0.6449990011774231,0.9837016836992847
50,LINC01268|FCAMR|COL11A1|ZNF883|IGLJ3///CKAP2|PITX1|MAGEA6|DAPL1|MIS18BP1|PKHD1L1|WFDC21P|CILP|SUGCT|KCCAT333|ASMT|LILRA3,0.6640292038342976,0.536912057559713,0.7211209355253684,0.9908785771478785,0.42810163044708693,0.3994161053538492,0.6653967226066653,0.973753231011326,0.3888302529231659,0.4648520526567499,0.6610332859248991,0.9881711162526492
51,KCNK12|NME8|CD1C|CCL21|STXBP6|LOC101930067|KRT14|KDM5D|PKHD1L1|ICOS|ASPN|PLA2G2A|COL9A3|HTR3A|SOX2-OT|LOC105375172,0.7010297267027775,0.6649219337897445,0.6736798125202235,0.9951940200255983,0.5036381723383437,0.5535067538899715,0.628734394389973,0.9910644213350482,0.6497053820712714,0.6942307952553777,0.7178093405470296,0.9767475246856696
52,S100A8|NLRP7|SEC31B|CT45A8///CT45A9///CT45A10///CT45A7///CT45A2///CT45A1///CT45A6///CT45A5///CT45A3|CXCL14|HK3|C7orf57|PABPC5|HPDL|EIF1AY|CCL22|RASSF6|LHX8|CLGN|UHMK1|ICOS,0.6350584839940018,0.7113489218185196,0.6672924635053596,0.9903498776113846,0.2609167056623594,0.5343862692662258,0.6026409764611256,0.9583503691038772,0.45819913932748235,0.6209321709905857,0.6477767580022362,0.9817111336073872
53,FAM129C|MFAP4|ZNF883|CRNDE|P2RY12|CPXM1|HIST1H3B|BIK|ZYG11A|IGKV1OR2-108|CLIP2|MMP20|IGLJ3///CKAP2|CTAG2|SPIC|AP3D1,0.5378318687656961,0.6411210722697637,0.7494898947806876,0.9952022437943516,0.4305253764898358,0.504235026297122,0.6920776831600614,0.9800543426524395,0.5495316532945408,0.5284967045099994,0.6170253518787192,0.9694202555689357
54,CENPV|KLHL13|MAL2|MAGEA6///MAGEA3|SPRR1B|MUC16|MARCO|LOC101929272|FAM129C|PKHD1L1|KRT14|EPHB1|ZNF385B|MIS18BP1|S100A8|PCSK1,0.5880971697056078,0.7468390830329438,0.7954183903537071,0.9939398307262574,0.5008069076365369,0.6238334947270181,0.7344964495342962,0.992843018885726,0.7265749615808966,0.6981068011845666,0.7603947106745969,0.9874351457615366
55,ARL14|FDCSP|LINC00487|VSIG4|SNX29P1///SNX29P2|HTR3A|MT1M|IGLJ3///IGLV1-44///CKAP2///IGLV@///IGLC1|ZPBP2|LOC105372840|ADIRF|IL13RA2|IGHV1-69|UBASH3A|MAGEA1|MMP12,0.8881682145731239,0.7085225783797768,0.8093763591511063,0.9898013397910774,0.8300502798464576,0.6631857146624733,0.734740188681241,0.9887030413643655,0.7815865206490359,0.6852673529852906,0.7131904123292119,0.9662954105748529
56,LOC440864///MSH6|LOC105375172|SAXO2|KRT13|NPIPA5///NPIPB6///NPIPB8///NPIPB3|PKHD1L1|LOC102725426///MIR8071-2///MIR8071-1///IGHM///IGHG1|CTAG1A///CTAG1B|AP3D1|MMP3|PNMAL1|SEC31B|TXLNGY|PABPC5|JCHAIN|CPXM1,0.2798186204229563,0.47512001289942263,0.5993315144885718,0.9639652951292985,0.225134656784302,0.42150762444878237,0.5718690811101602,0.9524132679898243,0.4779073132762068,0.5418913309168698,0.6263822630142922,0.9935435753176166
57,PRAME|KRT14|NCKAP5|PCSK1|LGSN|MAGEB1|H2AFB1///H2AFB2///H2AFB3|C4orf22|TRIM59///IFT80|LILRA3|ADIRF|MGST1|LOC105372840|EML6|GJB6|C3orf67,0.47246592424150374,0.5880943771400551,0.7052324685833724,0.9928028275827668,0.38498774469342667,0.5218449014361422,0.7591075137343981,0.9924943339570751,0.5327241472960657,0.6457209886201256,0.6993774979513425,0.9920976332118496
58,LOC100653057///CES1|GJB2|FAM111B|UHMK1|FCGR3B///FCGR3A|FCER2|MAGEA1|LOC105375172|BEX2|SOX2-OT|HMCN1|CTTNBP2|NLRP7|CAMP|C4orf22|STEAP2,0.6734092250511448,0.6232336868285406,0.786793202159694,0.9965631060356979,0.38650403222390556,0.4679044212958777,0.712068667733156,0.9849434579937263,0.6015941858105146,0.6983996707225213,0.7094666747666993,0.9799469759573374
59,LILRA4|SDR16C5|HLF|ASPN|RPS4Y1|CENPV|MAGEB2|SACS-AS1|ZYG11A|PNMAL1|LOC100130744|CXCL14|ORM1|SFRP4|LINC01102|MAL2,0.5957732523235112,0.5634090108290573,0.6783533552121714,0.9935047475485287,0.47067952922735035,0.4705814747823313,0.6764266706760927,0.9728715426080732,0.6463367196291411,0.6398066401748612,0.7295274480165794,0.9829819091270682
60,LOC102725526///IGHV4-31///IGHM///IGHG3///IGHG2///IGHG1///IGHA2///IGHA1///IGH|LIN28B|ZNF883|ASZ1|TRPM4|GJB6|KRT13|PDGFRL|TCL1B|CD74|SYT17|FSTL5|STXBP6|CD1C|LINC01268|STAG3,0.5466999259703809,0.6078730443316411,0.6943155712827578,0.996703538357049,0.46445437972132125,0.5790136302862849,0.6839990371862198,0.992846378960768,0.6010967491204274,0.7269409352542331,0.6870664906997391,0.9931725138897387
61,C1QA|SOX2-OT|HLA-DQA1|IGHV1-69|UMODL1|MMP3|CD163|HLF|LILRA3|PTPN20|SPRR1B|TRPM4|CTAG2|LOC102725426///MIR8071-2///MIR8071-1///IGHM///IGHG1|C17orf99|ASB5,0.7566291730813095,0.5911389363448405,0.6563854696587056,0.9978472104212762,0.7207026962192338,0.6460174409606041,0.7563973206125828,0.9900081796756451,0.6472825925687912,0.554415791637108,0.6782710933978757,0.9870750056184154
62,SFTA3|HMCN1|C4orf22|P2RY12|SNX29P1///SNX29P2|FAM30A|C12orf77|PROK2|ASPN|STEAP2|LOC101930415|C3orf67|FAM129C|KRT14|NPIPA5///NPIPB6///NPIPB8///NPIPB3|STAG3,0.7840035750631241,0.6337607010416648,0.7447421310038118,0.9977818901154223,0.4787561283322013,0.5074011423408672,0.7004526398915185,0.9710828577023859,0.6844309141026584,0.6480879841805162,0.6651489426615061,0.9814550895851487
63,LINC01268|SMC3|CLIP2|MATN3|RASSF6|CCR10|C1QA|GJB2|CXCL14|GJB6|GPAT2|HMCN1|NLRP4|TXLNGY|LOC100509457///HLA-DQA1|ASPN,0.5874570088449718,0.6200821962779317,0.7046296059160511,0.9844136587308309,0.5055780921590602,0.50096423978729,0.7329893370255841,0.9511136769004366,0.5115365603919485,0.4833322088677333,0.6420170659240132,0.9828384345827654
64,OLFM4|H2AFB1///H2AFB2///H2AFB3|DAPL1|SAXO2|MUC16|LINC01268|FAM129C|IL22RA2|TCL1A|SNX29P1///SNX29P2|CD74|PTPN20|NOL4|SFRP4|LINC00877|GTSF1,0.6541414671779887,0.5530107186243498,0.7069299543002869,0.9962702853057317,0.4795607488386808,0.6000874728049754,0.6248836781649265,0.9739497643040179,0.5124004292715182,0.4964296711934343,0.6746929975422418,0.9817870780976764
65,CETP|IGLJ3///CKAP2|MYOCD|SYT17|NCKAP5|KCNH8|JCHAIN|CTAG2|LOC101930067|NPY1R|CENPV|KCNN3|LINC01297|CCL22|MMP12|LRP1B,0.6365077338353283,0.5620494391762253,0.7325761973041769,0.9949266788486012,0.5455723692195442,0.6032114530596246,0.6624769098175936,0.9809963259345158,0.504305994194615,0.6556357928712622,0.7271637051775007,0.975185798946565
66,SCARA5|IGLJ3///CKAP2|ASB5|LOC100505878|HLF|EPYC|AP3D1|EYA2|DAPL1|NCKAP5|MAGEA6///MAGEA3|RAB25|C3orf67|CT45A8///CT45A9///CT45A10///CT45A7///CT45A2///CT45A1///CT45A6///CT45A5///CT45A3|STEAP2|ZNF883,0.49079310913781427,0.6328615826404651,0.7171986682879328,0.997987195766475,0.24183197023339764,0.4833436246382192,0.6490944728417314,0.9917099422459961,0.41962463799251326,0.515514331219312,0.6681114758499792,0.9886152531901099
67,HEPACAM2|PLA2G2A|TXLNGY|SFTA3|IGKV1OR2-108|COL9A3|PRAME|UGT2B17|SOX8|TCL1B|IGHV1-69|TPSB2|P2RY12|KCNH8|MGST1|KRT5,0.5232714403233618,0.5977662587018613,0.6685677049254157,0.9987914893416466,0.3217224091867393,0.5097409653608048,0.6065174146824144,0.9919058992515503,0.30291711605460164,0.47497635941366556,0.6057796986277235,0.994829847012944
68,MMP7|COL11A1|LINC01297|CPXM1|PKHD1L1|ICOS|GJB6|S100A8|PABPC5|GTSF1|OVAAL|EYA2|MMP1|EPYC|CHIT1|CCL22,0.6430682678980847,0.624551870083569,0.7289197531206921,0.9969945091962189,0.3955358419422565,0.54297291910814,0.6259951861475183,0.9887291256750113,0.42264160608036266,0.5597549902567481,0.6216342823886072,0.9859503785604894
69,ZIC2|FAM111B|KCNH8|LOC101930415|IGLJ3///IGLV1-44///CKAP2///IGLV@///IGLC1|LILRA3|TRPM4|LOC102724689|WISP2|MMP7|ASZ1|UBASH3A|TNFRSF17|PROK2|SYT17|CTAG1A///CTAG1B,0.410226634640509,0.6553302978771359,0.6977821653875738,0.9894133785925985,0.336374042552958,0.5048642423205092,0.6446834427974443,0.9761331171130995,0.4860983659270752,0.5751733916797501,0.6890549138164515,0.9834974785109035
70,LOC283454///HRK|UBASH3A|CTAG1A///CTAG1B|EPYC|OLFM4|KRT14|LOC101930067|MAGEA9B///MAGEA9|S100A8|MGST1|DNAH8|LOC105375172|PNMAL1|NLRP11|CCDC110|LOC100653057///CES1,0.6012796813140473,0.637050716538709,0.6656517968505906,0.9904019240733263,0.5867395833273146,0.5798095255034424,0.7168349851662327,0.9963778027998081,0.6316472426674593,0.6244923541486582,0.7051881756299538,0.9818251695803222
71,ZNF711|SMC3|IL22RA2|C17orf99|LTF|ZYG11A|ARL14|RAB25|CCR10|MYOCD|HLA-DQB1|JCHAIN|IGLJ3///CKAP2|CD1C|GJB2|PROK2,0.5465106374419207,0.5823675538907045,0.6586234721349198,0.9966157408349173,0.4545422262113962,0.5258312827616415,0.6877220221262302,0.98693443328195,0.42509412254174217,0.5004576600164974,0.6553397626589113,0.9802601644693626
72,C17orf99|HK3|CAMP|KRT13|PKHD1L1|HLF|CILP|NME8|LOC101929272|LINC00877|SOX2-OT|KRT6A|FAM111B|FABP4|ASPN|ARL14,0.6674530970922518,0.650591281639876,0.7710196625268759,0.9976422007112558,0.586985829566523,0.6149990306682696,0.7081156105670176,0.9814928097596353,0.6517847398091517,0.4852784944127129,0.740778963147196,0.974068516025219
73,SCARA5|KCNK12|SDR16C5|CD74|LYPD6B|CXCL14|SFTA3|LOC102724689|PNMAL1|FCRL4|EPHB1|GJB2|WFDC21P|EML6|IGHD|C12orf77,0.6139287168783842,0.501021174883119,0.7310814939932462,0.9964019373420677,0.3764013785467267,0.4474064364300683,0.6413168770554729,0.977470437103779,0.5127673909819523,0.5282475327592044,0.7031262105272451,0.9851925437722322
74,CCR10|MGST1|IL22RA2|CCL21|STAG3|TFPI2|NPY1R|CCL22|TCL1B|LILRA3|MYOT|ASPN|VPREB3|FCER2|MAL2|UMODL1,0.7456564942802435,0.5982939711985426,0.7324269856421333,0.9970156641167348,0.6352165888004956,0.596680031493401,0.6689791862228881,0.9783070002063123,0.7007319746268911,0.5885155755792992,0.6597346847421043,0.9826351059914692
75,MMP7|HIST1H3B|OLFM4|LGALS2|AQP9|ZIC2|MARCO|NPY1R|CAMP|SCARA5|SFRP4|CRNDE|SUGCT|IGHV1-69|MMP12|KCNK12,0.7520198594770571,0.7094670279951025,0.6850189742342059,0.9967243276384512,0.5338960775726346,0.5348854735763449,0.6610833928731297,0.9765697264285935,0.6145627781083827,0.6343617768079529,0.6874667917863951,0.9785815665414156
76,CD74|C15orf48|C12orf77|SUSD5|TRPM4|ZNF385B|C7orf57|UGT2B17|SPINK2|GJB6|NLRP7|LOC101927811|TRIM59///IFT80|MAGEA9B///MAGEA9|TPSB2|MAGEA6,0.48466572866704183,0.615267712393833,0.6962615862129657,0.958381438787472,0.2258274388315437,0.4884612156105179,0.6209402422748314,0.9477483131614871,0.4816798621707308,0.5172453708403124,0.6340680086510011,0.9967974810281148
77,FCGR3B///FCGR3A|CCL17|LOC283454///HRK|LINC01297|CD163|KDM5D|MAGEB1|CHIT1|LINC00877|LOC100134317///LOC284412|MFAP4|FCRL4|LILRA3|GPAT2|LHX8|TRPM4,0.82902844531266,0.6113192869325172,0.7189785518211061,0.999031655216304,0.6885177933618808,0.5730792694318928,0.637876485718743,0.9955391536550353,0.7151415914709542,0.5389571854861026,0.6555204600340423,0.9940363451221764
78,COL9A3|MAGEB1|NME8|C3orf67|LMO2|UGT2B17|MARCO|SFTA3|ZNF257|PLA2G2A|KRT14|PPBP|KCNK12|KRT5|H2AFB1///H2AFB2///H2AFB3|LOC100505878,0.7278666193347753,0.6656568194299649,0.7233576548495502,0.9966994064512141,0.605778432804047,0.5680934770226745,0.6999802403318353,0.9960119635274617,0.6254245060628075,0.597975653265297,0.7048692007241462,0.9944091026603941
79,HIST1H3B|LOC101930067|UMODL1|FSTL5|LOC101927811|CCR10|KCNK12|LOC105375172|LOC102725426///MIR8071-2///MIR8071-1///IGHM///IGHG1|MAL2|EML6|ZNF257|FABP4|LRRN1|AICDA|CETP,0.45755496928676564,0.5736904736003631,0.6630215106740731,0.9975746903434961,0.16102831835750597,0.40792881240383744,0.6670027964921194,0.99550234642205,0.3236653778992851,0.48331585370077046,0.6424680380486404,0.9940588249883967
80,C15orf48|KLHL13|CCL17|EPYC|CTCFL|LOC100505878|IL22RA2|CXCL14|LOC100996809///HLA-DRB5///HLA-DRB4///HLA-DRB3///HLA-DRB1|IL17RB|MAGEA9B///MAGEA9|PABPC5|MFAP4|SMC3|TNFRSF17|ZBTB32,0.5415840761994922,0.6636980406984152,0.716438547368718,0.9955515211545723,0.40324506394423343,0.5311973894270687,0.6824520428685141,0.9757933295675085,0.5241599145199336,0.5473105117920808,0.6640081444547927,0.9802692318631685
81,FSTL5|FCGR3B///FCGR3A|COL11A1|XK|ZNF711|RNF183|CAMP|SFRP4|CCL17|LOC100509457///HLA-DQA1|SEC31B|LYPD6B|SERPINA9|CCDC110|EIF1AY|CTAG1A///CTAG1B,0.7732728690046715,0.6789405344042074,0.7387927423984222,0.9977362554343694,0.6877559918593711,0.7248873001620535,0.7429682815578786,0.983700968279369,0.7164193755754531,0.6933289249811351,0.7612601692045919,0.9794883413451064
82,LOC100653057///CES1|VPREB3|STXBP6|MAGEB1|HIST1H3B|GJB2|TXLNGY|ZYG11A|SFRP4|C12orf77|TCL1B|LINC00877|USP9Y|IL17RB|FDCSP|XK,0.7649845683287392,0.8007082538064145,0.7892089544244807,0.9907613572926369,0.6971488307323701,0.7469267025277957,0.6942349943733643,0.9855696637877156,0.7426273886367621,0.723791051574835,0.7411661858028957,0.9813060696673265
83,TPSB2|FAM167A-AS1|CHIT1|ADIRF|TRIM59///IFT80|UGT2B17|MYOT|CXCL6|KLHL13|P2RY12|CD163|GTSF1|MT1M|IGHV1-69|LOC100653057///CES1|TFPI2,0.621389390011126,0.6470124815705804,0.6844555585890983,0.995771520640119,0.4500324533967221,0.4898006440059044,0.5833915478332492,0.9826758995510626,0.5752958525860129,0.539682941556037,0.6802758492672218,0.991023483544151
84,LINC01102|MAGEB2|COL9A3|MFAP4|CENPV|MMP20|ASZ1|COMP|LILRA4|MAGEA1|PCSK1|LOC101930114|MMP7|C17orf99|RASSF6|CD1C,0.6901595019207392,0.6456571534381818,0.7357701766362347,0.995880082522076,0.566814047044892,0.6356784826713453,0.6923732464616411,0.9955205140456302,0.7010875964830195,0.5831528886438992,0.7729403377966457,0.9916081477813833
85,LOC101927811|LOC102725526///IGHV4-31///IGHM///IGHG3///IGHG2///IGHG1///IGHA2///IGHA1///IGH|LOC100134317///LOC284412|ASPN|HLF|GJB2|GPAT2|STEAP2|SFRP2|IL17RB|USP9Y|LILRA3|SPIC|SCARA5|MAL2|DNER,0.8108635211156829,0.6638194212703925,0.7313039988498061,0.9982694978005707,0.7315349671585514,0.5074981034810657,0.6638066354120482,0.9832419110267501,0.6679757948423143,0.4915335285237227,0.6115912196035622,0.9842891157398688
86,KDM5D|GTSF1|NPIPA5///NPIPB6///NPIPB8///NPIPB3|MME|CXCL6|LOC440864///MSH6|TCL1A|TPSB2|FDCSP|TCL1B|XK|CTCFL|MUC16|UGT2B17|RAB25|MMP3,0.6975916639037129,0.726630498402911,0.7691190368783465,0.9966890335208115,0.6221300735722748,0.6024346241102574,0.6859757244691498,0.9941634703994335,0.6620824748676157,0.7017671561491775,0.7562602582944095,0.9940325445949368
87,MAGEA9B///MAGEA9|ZPBP2|LILRA3|GJB2|NLRP4|DAPL1|S100Z|UBASH3A|EPHB1|MMP7|LINC00487|CCL20|STAG3|LINC01021|NLRP7|LOC105372840,0.8671581340647546,0.6963468086520168,0.7752277200994593,0.9982582943937341,0.8274457396405794,0.6996604785112905,0.7344906957095735,0.9780353038422142,0.8682324704662435,0.8575961449014811,0.7342059102668625,0.9689641167395348
88,BIK|ZPBP2|PKHD1L1|C7orf57|PROK2|EPYC|MUC16|CXCL6|SPIC|KRT5|VSIG4|LRP1B|MT1M|FAM129C|MAGEB1|NPIPA5///NPIPB6///NPIPB8///NPIPB3,0.6997831193683093,0.6392845503165523,0.6731264247810186,0.9976749907662213,0.5897251623081357,0.604884570814938,0.6814314383340158,0.9919253580722628,0.7008210363690323,0.6949173622275635,0.6924293161368161,0.9913282145108255
89,SERPINA9|LOC100130744|IGLJ3///CKAP2|SEC31B|NLRP4|MATN3|S100Z|FAM111B|OVAAL|NCKAP5|GOLIM4|PLA2G2A|LOC101930415|MAGEA9B///MAGEA9|C3orf67|KRT14,0.5263090107490308,0.7523884582453565,0.7345821852850154,0.9620707427655649,0.37176881648588483,0.6141308168928323,0.6941884458163416,0.8699719532901461,0.589340558357556,0.5967164525481817,0.6604009835672577,0.9601851097160888
90,EIF1AY|MFAP4|LGALS2|FCGR3B///FCGR3A|LOC100134317///LOC284412|MGST1|LOC105375172|LINC01297|LINC01021|AICDA|ZNF711|ZBTB32|LINC01268|NPY1R|LINC01405|CD163,0.736938283675159,0.5789935777502022,0.7611698840419763,0.9979223140608706,0.7193383343432714,0.49409501258795274,0.70866962725149,0.9932825907603873,0.7282814233288072,0.6069227940063733,0.6590783838956147,0.9964110285215436
91,HIST1H1B|AP3D1|NCKAP5|TCL1B|DNAH8|FCGR3B///FCGR3A|STAG3|LINC01297|CD1C|PCSK1|PRAME|MGST1|KLRC2///KLRC1|ZNF711|C1QA|NOL4,0.3824779828785357,0.494719985967047,0.6254924693732851,0.9952653183872378,0.41897528656575517,0.5191891958278928,0.5771898199816061,0.9814384156928189,0.7240990931440885,0.7466292399261423,0.6754266352930278,0.9895626313692183
92,STXBP6|FAM129C|LEP|MT1M|LINC01102|SFRP2|C7orf57|CXCL6|MAGEB1|ASB5|ZNF257|C1QA|TRPM4|BIK|KDM5D|LOC105375172,0.6041154219712951,0.6028055445981286,0.6705747137582216,0.9888841851328565,0.5147709133278165,0.5452080215288544,0.7047160668181311,0.9907319986491799,0.6046645797762287,0.5740345612153235,0.6847683621517195,0.9850045929493189
93,SUSD5|NPY1R|CD1C|DNER|CXCL6|AICDA|CETP|NMU|ORM2///ORM1|SCARA5|AQP9|LINC00877|UGT2B17|ASZ1|RASSF6|LOC101930067,0.7438421813308489,0.742746015018926,0.8078516806751366,0.9962460365227443,0.5973591300669632,0.63662197723712,0.7100805908153826,0.9889291242906407,0.6077787127283472,0.676063336113663,0.7290401195438589,0.9749025014191373
94,C1QA|EPYC|MT1M|SFTA3|GTSF1|OLFM4|SEC31B|LIN28B|PABPC5|CXCL14|GPAT2|STXBP6|EIF1AY|KRT14|BEX2|HEPACAM2,0.5122381659504146,0.5310244872320974,0.6455617816001946,0.99426146539381,0.45324076078323233,0.5195613120020393,0.6355552853756345,0.9786497569691552,0.36497618578692526,0.4640578208049181,0.611248499440018,0.9874132607395014
95,MMP3|LRP1B|LINC01268|GJB2|ORM2///ORM1|ZBTB32|LINC00877|KCNN3|SCARA5|FAR2P3///FAR2P2|SOX2-OT|HMCN1|FSTL5|PDGFRL|SDR16C5|CD163,0.8032070479035893,0.5918960312901963,0.7528464381118649,0.9976626934521642,0.7168198642989161,0.5590844498787704,0.7152460490622057,0.9777607335371001,0.6706293316855825,0.5243771021920683,0.6646453516690879,0.9738661409784389
96,PDGFRL|PITX1|HSF5|IGK///IGKC|ZIC2|BIK|NLRP11|LINC01268|LINC00487|GTSF1|AICDA|RASSF6|SFRP4|LMO2|LOC101927811|FABP4,0.8185226710913164,0.7555611620712324,0.7590102976841283,0.995075987144798,0.6496464895127666,0.6501384537202171,0.707431572611503,0.9825083027908978,0.598971579344507,0.5841229874896156,0.7121495402406552,0.974414862396149
97,LOC101929141///CCDC144CP///CCDC144B///CCDC144A|ASZ1|MAGEA6|NCKAP5|CLGN|CTAG2|SPIC|UBASH3A|MAGEB1|SOX2-OT|DNER|CD74|BEX2|MFAP4|HPDL|LOC101929272,0.6629960766609648,0.7514378741702297,0.7459786288390853,0.9978092484977246,0.4253830293348889,0.548061820936268,0.618358506838734,0.9858381377792942,0.6347539312384556,0.6914072617015901,0.6705667228111079,0.9828358762388736
98,WISP2|RPS4Y1|STAG3|NLRP4|LGALS2|SFRP2|TRPM4|KCCAT333|LOC101929272|LOC613266|MAGEA9B///MAGEA9|LGSN|IL13RA2|SMC3|SEC31B|FCGR3B///FCGR3A,0.6170056217999454,0.5686579966545705,0.7878528806096445,0.9984051663183858,0.4874958347096581,0.5652429257165312,0.6400146639333641,0.9838307740248373,0.4872119399884079,0.5499884452337513,0.6128278812751519,0.9868462299866599
99,KRT13|IL13RA2|CETP|RNF183|IGHV3-23///IGHV4-31///IGHM///IGHG3///IGHG1///IGHD///IGHA1///IGH|ARL14|TNFRSF17|LGALS2|SPINK2|IGHD|C1QA|NCKAP5|SEC31B|SOX2-OT|CCR10|COMP,0.6188876540272946,0.6072065102754463,0.7031063883683124,0.9879975448547157,0.465700859227969,0.5484313111516051,0.6543843001789562,0.9716217127035924,0.5669160751241689,0.5754827812091203,0.6809219916251457,0.9771177742349202
100,LTF|GJB2|EPCAM|ASMT|LILRA4|KLHL13|HIST1H3B|COMP|AP3D1|SFRP4|CCL21|NME8|JCHAIN|IL17RB|PPBP|STAG3,0.5168176793272174,0.6250802310882281,0.6695710002177482,0.9967085022189051,0.5332807202507691,0.5423089622635293,0.709530950531088,0.9769954365415431,0.4304759686608522,0.5025361168784924,0.6833600802332062,0.9794685211835285
101,RNF183|LOC613266|AQP9|C1QA|CCDC110|GTSF1|CD163|NPY1R|CETP|EPHA4|FCER2|SOX8|BIK|KRT6A|FABP4|IGHD,0.8435918739253591,0.7244788709932728,0.7435561818611851,0.9908084557449448,0.7221582223603584,0.5684409407782682,0.7022747285922196,0.9825229829507685,0.7884117534128375,0.652778632561005,0.7384567522030244,0.954119097114379
102,HK3|FCER2|MAGEB2|C4orf22|SEC31B|HLF|LMO2|SPRR1B|HSF5|EML6|OLFM4|SCARA5|LOC105375172|VPREB3|MMP3|PPBP,0.6782592807432241,0.5540696895147251,0.7832131279156662,0.9930832080286651,0.5246538874510877,0.5863867805808902,0.6928031235323977,0.9864715993005223,0.5554301676772839,0.5916559967176342,0.6620983259358556,0.979061996762415
103,GPAT2|MT1M|ZNF711|UMODL1|XK|CD163|BEX2|ORM1|EPHA4|MAL2|ZYG11A|CD1C|LEP|IGKV1OR2-108|CILP|SPRR1B,0.7544367769315482,0.6455195544422234,0.8033011761876212,0.9973267464386724,0.637597890212453,0.5394337088042255,0.7533125859612712,0.9979211364425806,0.7618444717950825,0.7594274505557557,0.7835071239771603,0.9934585930346742
104,LOC105375172|LINC01102|FAM111B|MARCO|CTTNBP2|SUSD5|C12orf77|CPXM1|TRPM4|LINC01021|LOC100996809///HLA-DRB5///HLA-DRB4///HLA-DRB3///HLA-DRB1|SPINK2|HMCN1|MMP7|NLRP11|KCNN3,0.5895297157571459,0.594391952505331,0.6827844206969282,0.9955238228836514,0.4223032089984668,0.468594858410091,0.6667054674529228,0.9850443546880607,0.6766095865226581,0.508928062971833,0.7538635172306575,0.9934735299913234
105,CRNDE|FAR2P3///FAR2P2|MAGEB1|CXCL6|LOC105375172|ABCG5|NOL4|C1QA|COL11A1|LOC101930114|IL17RB|CCR10|NLRP7|RAB25|MMP20|ZPBP2,0.6787282343722727,0.5765763199788794,0.7483888806390384,0.9945849547393194,0.6905932176953461,0.6650751531322365,0.7405263805931049,0.9904258462439604,0.7352572842604318,0.6651548938420164,0.8219258930837284,0.9941289277091367
106,IL13RA2|LOC102724689|CRNDE|OVAAL|IGLJ3///IGLV1-44///CKAP2///IGLV@///IGLC1|MUC16|EPHA4|LINC01405|FAM30A|DNAH8|GJB6|MMP1|IGKV1OR2-108|CT45A8///CT45A9///CT45A10///CT45A7///CT45A2///CT45A1///CT45A6///CT45A5///CT45A3|FABP4|MARCO,0.6733349083208333,0.5281922532140191,0.7185141707772769,0.9982074665128519,0.61067724055925,0.5611899231626771,0.6926236600778836,0.9923267272896374,0.6248947720103795,0.5367137089749014,0.6695442940163714,0.9911645630118385
107,LOC100996809///HLA-DRB5///HLA-DRB4///HLA-DRB3///HLA-DRB1|LGALS2|EPYC|P2RY12|FSTL5|TFPI2|JCHAIN|PCSK1|CTAG1A///CTAG1B|STEAP2|SFTA3|UGT2B17|KCCAT333|LOC100505878|LINC01268|PXDNL,0.562018525879947,0.607036484608652,0.6959741338868776,0.9957072660853308,0.45764618621556974,0.5482224858244551,0.7070666427659789,0.9895830542341845,0.3917298518472879,0.4523096273132186,0.6147526026768175,0.9901337154443893
108,GJB6|GJB2|ICOS|P2RY12|KCNN3|FAM129C|LILRA3|MAL2|KCNH8|TRIM59///IFT80|MARCO|COL11A1|IL17RB|NPIPA5///NPIPB6///NPIPB8///NPIPB3|AP3D1|UBASH3A,0.5742971555088899,0.660624465336748,0.7321823122287359,0.9808123814675105,0.42465378750781574,0.5886671156185537,0.6941830110693621,0.9634940699252951,0.6105505714042069,0.7396127835370028,0.7791148443156101,0.9872438646126445
109,UHMK1|MT1M|CILP|AQP9|CENPV|NLRP11|CTTNBP2|SMC3|C15orf48|SFRP2|PCSK1|NOL4|ABCG5|LILRA3|CAMP|LOC100509457///HLA-DQA1,0.663513734309046,0.697131672265853,0.7539222095507159,0.9973616423646237,0.516520776190301,0.4905200514633955,0.7408654588445425,0.9732061707466884,0.6651485627725982,0.5889929036529538,0.6897274645890381,0.9815060410724709
110,S100A8|IGLJ3///IGLV1-44///CKAP2///IGLV@///IGLC1|KCNK12|SAXO2|PPBP|DAPL1|MMP3|MATN3|MMP7|SEC31B|LOC101927811|IL17RB|KCCAT333|CILP|MMP12|ZNF257,0.6475124644823782,0.6101636462130138,0.6847693845438504,0.9986109606899991,0.5441635370030026,0.5689223156007175,0.6654879372723437,0.9873135721213665,0.5725984481534242,0.590236203002676,0.6491592318005108,0.988317349102373
111,MT1M|MYOCD|COMP|SPRR1B|FAR2P3///FAR2P2|HPDL|EYA2|KRT6A|TFPI2|LOC613266|AP3D1|ZNF883|SMC3|MAGEA9B///MAGEA9|IGK///IGKC|MGST1,0.5787046423248877,0.6489218823282172,0.7466704964055819,0.986078492709392,0.41309335449864476,0.6661040827198158,0.6951710364151167,0.9775066076734229,0.6503644638063474,0.6547629599095923,0.6580031926630638,0.9913686662707004
112,NMU|KCNK12|CTAG2|EPHA4|RAB25|SFRP2|SPIC|CCDC110|HAGLROS|LOC100996809///HLA-DRB5///HLA-DRB4///HLA-DRB3///HLA-DRB1|SACS-AS1|CRNDE|UHMK1|PXDNL|VSIG4|LINC00877,0.7210446078671816,0.6959155132250143,0.7875884552284144,0.996167230535466,0.5821467764146717,0.6677421416850153,0.6939137655531793,0.988225261123122,0.6703469358964363,0.7171223846978938,0.6967004973243763,0.9925326596406616
113,LINC01021|C1QA|LINC00877|GPM6A|PTPN20|CTAG1A///CTAG1B|NMU|PROK2|MT1M|SMC3|VPREB3|LOC102725526///IGHV4-31///IGHM///IGHG3///IGHG2///IGHG1///IGHA2///IGHA1///IGH|LOC100996809///HLA-DRB5///HLA-DRB4///HLA-DRB3///HLA-DRB1|CAMP|C7orf57|COMP,0.6327244188773136,0.56914637486754,0.5989873136977852,0.9948388468283405,0.4938911952623519,0.552498131019046,0.6032056843071872,0.9739759496854766,0.6456899208658138,0.6113903102952558,0.6548700380193063,0.9819431850124831
114,ZIC2|TPSB2|LILRA4|SOX2-OT|H2AFB1///H2AFB2///H2AFB3|NPY1R|ZNF711|CD1C|CCL22|MAGEA1|C7orf57|SDR16C5|SUGCT|ZYG11A|CLIP2|DNAH8,0.5250540014074399,0.6139771519240131,0.6573488460129131,0.9979954497436193,0.42722289955040316,0.5112291195011119,0.6479180199432408,0.9915424709521852,0.3149632353969967,0.4779530049995755,0.5754828483969764,0.9867993834412159
115,IGK///IGKC|MIS18BP1|NLRP11|LINC01102|FSTL5|KRT14|KCNN3|CCL20|LGSN|IGLJ3///CKAP2|PITX1|TRPM4|GTSF1|MYOT|TFPI2|S100Z,0.6640579784284271,0.621189340869168,0.777469184732075,0.9964139407147342,0.28615026647085084,0.5135607676865258,0.6217552677712004,0.9871840135671514,0.36482110784734384,0.5111003998105985,0.6771896561416978,0.977295049307948
116,NPY1R|LOC100653057///CES1|LOC101929141///CCDC144CP///CCDC144B///CCDC144A|S100Z|MAGEA6///MAGEA3|ORM1|XK|KCNK12|SFRP2|CCR10|PLA2G2A|OVAAL|FAM30A|TFPI2|TNFRSF17|UMODL1,0.8151972861831798,0.7539565558392357,0.8024597617194495,0.9994594411478541,0.6671681797473942,0.6878039092106845,0.7776338923919615,0.9730876442304527,0.657923112050345,0.6619520335691336,0.7339003272351825,0.9714925164217059
117,FCGR3B///FCGR3A|CD1C|GPM6A|SPRR1B|S100A8|TRPM4|NCKAP5|HLA-DQA1|GJB2|LOC102725426///MIR8071-2///MIR8071-1///IGHM///IGHG1|FAM167A-AS1|KRT5|ZNF711|GPAT2|MMP1|USP9Y,0.7294554573110461,0.48070842512217093,0.6815539956336911,0.9951433839545202,0.7397451733257908,0.5949113864369648,0.7547619185354751,0.9927547059848747,0.7601656801349364,0.5997359902889685,0.7208137900101557,0.9984249682768821
118,HAGLROS|CD1C|CTAG1A///CTAG1B|MARCO|CILP|EPCAM|C12orf77|RASSF6|LOC440864///MSH6|LOC100130744|CCL20|MAGEA1|KRT13|CCDC110|LINC00877|LOC101930114,0.6852862327941331,0.6172657195448266,0.7547622586961291,0.9900982648393662,0.5415842716450878,0.5869979897425421,0.6532049722165383,0.9932533256540422,0.6381389150907596,0.6214741699185946,0.6925906075461272,0.9723248857752806
119,PPBP|PITX1|LINC01021|CCL21|PROK2|MMP12|IGK///IGKC|RAB25|HAGLROS|HSF5|SACS-AS1|TRIM59///IFT80|CETP|MATN3|EIF1AY|PLA2G2A,0.5423740520195076,0.5084891835753849,0.7046301525568412,0.9874645126824552,0.460320149484257,0.47103087328957033,0.7350436024586329,0.9899758110098221,0.4366660800345252,0.47487114432083366,0.6125486842215239,0.9699489536370816
120,IGLJ3///IGLV1-44///CKAP2///IGLV@///IGLC1|TNFRSF17|CCL20|SPINK2|PKHD1L1|HIST1H1B|BEX2|KRT13|MAGEA6///MAGEA3|LHX8|DNER|MAGEA1|LOC283454///HRK|WISP2|LINC01102|AICDA,0.5583953829511229,0.7329236047240515,0.726675141414648,0.9848571021106048,0.503282161030803,0.581707644796559,0.6988963578543212,0.9749434241662142,0.6954299089517554,0.6703293396766621,0.7020335961930164,0.9901079917033366
121,IL22RA2|TRIM59///IFT80|HLF|SFTA3|LOC102725526///IGHV4-31///IGHM///IGHG3///IGHG2///IGHG1///IGHA2///IGHA1///IGH|SOX8|MAGEA1|ZYG11A|C17orf99|ZBTB32|LOC102724689|CTAG2|CCDC110|KRT13|UHMK1|CD74,0.5508365004861676,0.7488852311847259,0.7501453596576797,0.9688581371058567,0.16397366334264046,0.5404930533570239,0.5906030245028294,0.9704704427335561,0.441837201020114,0.5614510920705653,0.6106536588644121,0.9864090887521723
122,MT1M|IL17RB|NPY1R|HK3|HSF5|C15orf48|LOC101930114|HLA-DQA1|LGSN|LOC101929272|KLHL13|HTR3A|LRP1B|FABP4|MAGEA6///MAGEA3|IGKV1OR2-108,0.7058862288128309,0.6641083089511258,0.7397115610055207,0.9950177445276892,0.5453719759548205,0.5703429557773887,0.7672531558421571,0.993672194809954,0.45649401872056966,0.5792413061026446,0.7024550157048219,0.9806117605412685
123,IL13RA2|CPXM1|GPM6A|ZBTB32|HMCN1|ASMT|USP9Y|HK3|MMP7|NME8|H2AFB1///H2AFB2///H2AFB3|EML6|HIST1H3B|OVAAL|FCER2|LOC102724689,0.5331128968854688,0.5610799781946485,0.7606345247934503,0.9969634400885854,0.30256164357479814,0.4296280508160715,0.6503605751323595,0.9894989419238791,0.42236471858211,0.42170572024190417,0.691209511764338,0.9922472145903419
124,FDCSP|HLF|XK|HIST1H3B|MT1M|CLIP2|PNMAL1|LINC00487|ZNF711|KRT6A|TCL1B|TFPI2|MAGEA6///MAGEA3|CXCL6|TRPM4|XIST,0.546063683914942,0.49196062012647906,0.7245672568563899,0.9966925771819838,0.44940268487618384,0.551104858659039,0.7034336177605952,0.9906794582470057,0.553340025530028,0.5457218950143169,0.7111756163433911,0.9848121252801619
125,LIN28B|FDCSP|GJB2|HSF5|EYA2|XK|ZNF257|KRT13|KRT5|CTAG2|ASB5|CLGN|SOX8|UHMK1|CCDC110|MAGEA6///MAGEA3,0.7358965257361881,0.7608829672904742,0.8042937708677695,0.9944883017584571,0.5045747062257806,0.6187620674170305,0.7097646665361979,0.9953725959476458,0.5246547099372586,0.6311030339371644,0.684899870585189,0.9882719732630726
126,IL17RB|MAGEB1|PSMA8|FAR2P3///FAR2P2|SYT17|LINC01405|EPHB1|LILRA4|MMP3|LGSN|CXCL14|LGALS2|TRPM4|ZBTB32|TNFRSF17|GPM6A,0.6017481784963321,0.5414628430951833,0.6218441017091149,0.9974860992498669,0.5697945815647034,0.5647060784306885,0.6331696920872135,0.9893724012473452,0.6083963317810076,0.5903090694769676,0.6841885642853232,0.9835738576801825
127,HLF|LMO2|LINC00877|TXLNGY|CLIP2|PCSK1|HPDL|C7orf57|MME|CCL20|KRT13|C12orf77|PSMA8|ZNF385B|SPRR1B|LOC100996809///HLA-DRB5///HLA-DRB4///HLA-DRB3///HLA-DRB1,0.7845421850676111,0.5420973503412188,0.7528502847238598,0.9942484685212408,0.5746087305267877,0.632919385326039,0.6437952351096652,0.9611423544578653,0.6682675957603423,0.641982761768001,0.6978958208729639,0.9622102543104742
128,PITX1|TRPM4|KRT13|LINC01405|CXCL6|ASPN|MMP12|ASZ1|TPSB2|KCCAT333|RSPH1|LILRA3|IGKV1OR2-108|LTF|HEPACAM2|SFRP4,0.6842615476211906,0.6024672285710899,0.7653161322822577,0.9972219313336587,0.41746682516366485,0.5602115127667134,0.6885170931233016,0.9832350918689603,0.45697800018072327,0.6216078714711619,0.6460189262447202,0.9824397449083849
129,NLRP4|COL9A3|KCCAT333|GJB6|NLRP7|EYA2|VPREB3|LINC01297|SPRR1B|CTAG1A///CTAG1B|COL11A1|ORM1|FAR2P3///FAR2P2|SFTA3|LOC105375172|HAGLROS,0.6751142519952554,0.7043210878279719,0.8183704685756106,0.9965780829225784,0.67033463253649,0.6101910942896775,0.7960980734291512,0.9971387213402382,0.6892493620974081,0.637149453817331,0.8007127475006383,0.997152837796933
130,EIF1AY|MIS18BP1|ZNF711|C12orf77|CPXM1|LIN28B|LINC01297|EYA2|NMU|CENPV|SPIC|MUC16|EPYC|ABCG5|SERPINA9|AP3D1,0.6100241203534364,0.628660935130175,0.7686428944951955,0.9932057085890306,0.5318592809568786,0.5824190014937295,0.6718782890869228,0.9805551122680515,0.5062834603307107,0.5690129449106538,0.7007392324133264,0.9861894388801069
131,SMC3|GOLIM4|KRT5|SOX2-OT|IL13RA2|ZNF711|TXLNGY|HEPACAM2|LYPD6B|PNMAL1|MMP12|BEX2|LMO2|ZBTB32|CETP|ZIC2,0.6704259684872342,0.6429816510196588,0.7122960612663845,0.9944631931974618,0.440020660539754,0.5568035312292745,0.6320676854993164,0.9771992882475248,0.47500870312648535,0.4619734054946338,0.7149030821917959,0.9892612456940822
132,ZNF257|IGHD|HTR3A|NLRP4|PCSK1|ZNF385B|CCDC110|TNFRSF17|TPSB2|IGLJ3///IGLV1-44///CKAP2///IGLV@///IGLC1|LOC105372840|NMU|KCNK12|FDCSP|PRAME|IGHV1-69,0.6501031959446093,0.7902325518699863,0.6852161869270783,0.9977991032679113,0.5278890129347594,0.6446871863024763,0.7428510133481697,0.9902608014290473,0.5689694712293384,0.6427683412622018,0.6562946090525938,0.9813832719609433
133,ZNF711|LILRA3|STXBP6|LOC101929272|GJB6|CD74|LOC440864///MSH6|MATN3|AP3D1|RPS4Y1|CD1C|FABP4|GJB2|DNER|HIST1H1B|MME,0.38037469111267613,0.4454444013865867,0.7476890354661969,0.9813097630802478,0.32700395064440985,0.574090804014095,0.6304760267554708,0.9566705812404398,0.6047660525043544,0.5315165627734533,0.7608971476451218,0.9893561666399309
134,LEP|VPREB3|ZNF883|ASZ1|CRNDE|MAGEB1|LINC01268|KLHL13|C12orf77|ADIRF|LINC01102|LOC101930415|C17orf99|EPHB1|AQP9|IGLJ3///CKAP2,0.7096500268133387,0.6353312087542571,0.7467556805055796,0.9912995523103809,0.5050538157714595,0.5017033546765218,0.6305140137774385,0.9733421468384836,0.5908762185818326,0.5953150548864824,0.7055976420414058,0.9887246485166292
135,KCNH8|LTF|SPRR1B|IGHD|MATN3|VPREB3|ORM1|EPYC|KCCAT333|EPHB1|LOC101930114|WFDC21P|CCL17|UBASH3A|LRP1B|MGST1,0.5416904360957133,0.45908714714282095,0.7099586328062663,0.99618575360062,0.4215194339811353,0.47407184958528187,0.6430766054798296,0.9848544411119418,0.507838916637293,0.6085678239776702,0.7258160169339669,0.9822995860314767
136,MATN3|CCDC110|LOC440864///MSH6|CRNDE|CT45A8///CT45A9///CT45A10///CT45A7///CT45A2///CT45A1///CT45A6///CT45A5///CT45A3|LRRN1|CCL17|RPS4Y1|CLGN|NMU|PDGFRL|TPSB2|LEP|CTAG1A///CTAG1B|SACS-AS1|EPCAM,0.6735949047779547,0.6613975238253482,0.6659886791390106,0.9957410574600838,0.5215083895026124,0.5640708441287297,0.6667666820929907,0.9940002546165819,0.6279426295198819,0.6848000989739842,0.6926550221491043,0.9823680465664058
137,MFAP4|LEP|HSF5|KRT14|LGALS2|GJB6|HLF|LOC100130744|IGHD|LGSN|RSPH1|PRAME|LOC100509457///HLA-DQA1|HPDL|P2RY12|PPBP,0.4653546773571851,0.5633496313078283,0.6539334565835145,0.99659314487858,0.3456000789514752,0.5189394909584076,0.5116998199153936,0.9930480582622382,0.34795430769395935,0.4027125915840417,0.5192810332622863,0.9859166231996581
138,FAM111B|SMC3|MMP20|C4orf22|FCAMR|H2AFB1///H2AFB2///H2AFB3|LIN28B|GTSF1|EPCAM|IGKV1OR2-108|KRT13|CTAG2|COMP|ARL14|SERPINA9|DNER,0.726920840480902,0.6726113494574556,0.7578096086555024,0.9977131869188457,0.6488676696793558,0.6365582163603606,0.7965168020893896,0.980063778575667,0.5498088595662952,0.6236143090495331,0.6639439675882737,0.9776500752147378
139,GPM6A|LOC102724689|PDGFRL|CCL17|C12orf77|ZPBP2|WFDC21P|AQP9|UMODL1|EPYC|ZNF883|HIST1H3B|KCNH8|ZNF257|LINC00487|PLA2G2A,0.7052323457309971,0.5246515701463635,0.741765237673888,0.9963818517904283,0.6491012300081185,0.5834399854326722,0.6753131488588175,0.9746867368618893,0.744105519815384,0.6635430779607733,0.7764306016243654,0.9726842803077876
140,CXCL14|GPM6A|HLF|GTSF1|IGLJ3///CKAP2|MAGEA6///MAGEA3|ASMT|LMO2|MGST1|LINC00487|KRT6A|LOC102724689|LOC100509457///HLA-DQA1|PKHD1L1|IGLJ3///IGLV1-44///CKAP2///IGLV@///IGLC1|P2RY12,0.8243048519755796,0.6137426594545441,0.749711066282498,0.9979996951989467,0.7231227513986282,0.7008062621149447,0.6775018281062364,0.9831783995443926,0.7062614250634892,0.6499128961148688,0.6706616332251456,0.9749723927085556
141,IL17RB|STXBP6|FDCSP|IGK///IGKC|KDM5D|GPM6A|CLIP2|CRNDE|SPINK2|CENPV|LRRN1|SUSD5|RASSF6|CD163|CCR10|LOC101930114,0.6271183873091848,0.6510837564421973,0.7688274013962757,0.9918708134546035,0.6571541086872371,0.5928645150859837,0.7488966705622624,0.9837830225388717,0.7130896801776256,0.7514176054114383,0.7827436166521966,0.9813355083080129
142,SAXO2|EYA2|SCARA5|KCCAT333|FAM129C|KCNK12|LMO2|EPHB1|HEPACAM2|ORM1|S100A8|MAGEB1|HLA-DQB1|PROK2|ZNF711|MME,0.7927972693728799,0.7507966386694092,0.738381045613284,0.9991085194169481,0.6794891522613803,0.7218102515418773,0.646438425899198,0.9871439932358445,0.6735531637152448,0.6161848717615667,0.7078411987590288,0.9839267298489872
143,MAGEB1|KRT13|FAM167A-AS1|ORM2///ORM1|SUSD5|LOC100505878|CCL17|SACS-AS1|RSPH1|LILRA4|EPYC|CILP|P2RY12|MMP20|FAR2P3///FAR2P2|NPIPA5///NPIPB6///NPIPB8///NPIPB3,0.4986317159154638,0.45978418448412706,0.6902952314975409,0.9969696041748942,0.40516768098638667,0.43555306039299363,0.6457351103809968,0.9918160696435401,0.6020478021190784,0.5517591719196406,0.6978350155301845,0.9847321010784633
144,CENPV|DAPL1|KDM5D|MAL2|HSF5|PLA2G2A|RPS4Y1|C4orf22|VPREB3|MAGEB1|IGLJ3///CKAP2|SAXO2|RSPH1|NOL4|IL13RA2|MARCO,0.6993915209651722,0.47911003230691307,0.6466205021295245,0.9990299036967033,0.6737437178619283,0.5285658714372621,0.6116048816834806,0.9967900720833628,0.6321704497500131,0.4639025515271301,0.6675493746244062,0.9959281252242135
145,LOC101929141///CCDC144CP///CCDC144B///CCDC144A|CLIP2|HLF|ASZ1|LOC101930067|ZBTB32|EPHB1|LINC00487|MAGEB1|PABPC5|LOC613266|LINC01405|CD74|KDM5D|TXLNGY|CD1C,0.6864332389984403,0.5835492366833293,0.712709942378112,0.998136673762406,0.5664469141160446,0.5115730596251237,0.6503435814481126,0.9903742018362972,0.672310671818752,0.6267042122143134,0.612784169040252,0.9900044103482137
146,MMP20|LOC440864///MSH6|CXCL14|HAGLROS|SFTA3|ZNF257|MFAP4|LOC101927811|ASPN|CCL20|RPS4Y1|PKHD1L1|XIST|CPXM1|FCGR3B///FCGR3A|ADIRF,0.8260728250413084,0.7087278362903622,0.836616826280795,0.9922805130722963,0.7292728353266271,0.7360034973715455,0.7325793136439914,0.9761135858043061,0.7829571850218243,0.6947318447348578,0.7244892374105101,0.9895051469897467
147,ASZ1|KCCAT333|BEX2|AICDA|C4orf22|KCNN3|SFRP2|PSMA8|HLA-DQA1|SCARA5|HEPACAM2|COMP|PROK2|EIF1AY|NOL4|CLGN,0.6691322448172531,0.5277608770788336,0.6955086927774261,0.9990382237957339,0.4807654120396079,0.5242768702890463,0.5913324433633038,0.9871777490227955,0.2939065711764538,0.3776971731221366,0.5340119444433787,0.9832432250847991
148,SACS-AS1|XK|FAM30A|RSPH1|MIS18BP1|COL11A1|KDM5D|CD1C|LTF|CENPV|STEAP2|SFTA3|C3orf67|ZPBP2|LGALS2|CXCL6,0.6459334699601331,0.6861159445885648,0.7194530348332374,0.9947018632532734,0.5452483118277014,0.590323322126448,0.6670841514148003,0.98862976803917,0.648509030838288,0.6394018437425525,0.7208211980251401,0.9850336803787085
149,ZYG11A|MMP1|KRT13|LOC100134317///LOC284412|CENPV|TXLNGY|HLA-DQB1|ZNF385B|CD1C|ARL14|STXBP6|ASB5|TFPI2|HTR3A|HPDL|XIST,0.7353563909139232,0.6919957933665456,0.7657514695159289,0.9979652443892163,0.6986346406011169,0.6674705513971495,0.7455775863432623,0.9943708217041523,0.689394766276624,0.6462570859741426,0.7097272985454947,0.9893238969577359
150,CAMP|SACS-AS1|ZNF257|GOLIM4|LOC101927811|KLHL13|AP3D1|PCSK1|IGHV3-23///IGHV4-31///IGHM///IGHG3///IGHG1///IGHD///IGHA1///IGH|FCER2|CTAG2|LOC101930114|SUSD5|LINC01102|PROK2|GTSF1,0.3894688235587191,0.5388812984272893,0.6636289837047226,0.9777972399176,0.28914520286881445,0.43179065092086827,0.6838640777130798,0.9679877973497892,0.3895372930462257,0.5542353201142745,0.6343432677195988,0.9947230666754251
151,CILP|MFAP4|KRT5|AQP9|MIS18BP1|EML6|ABCG5|DAPL1|MYOT|MT1M|GTSF1|ORM2///ORM1|MGST1|CCR10|KDM5D|PROK2,0.7362659139069115,0.5711405162768561,0.7578127945418492,0.9976114254913159,0.5233914021314866,0.49888036494958093,0.6542998938032076,0.9890193558994705,0.5813592021329612,0.5424992256308501,0.6481752443895216,0.9868714843507682
152,FSTL5|ASPN|PDGFRL|CCL22|TFPI2|ZNF883|CCL21|SOX8|PITX1|VSIG4|CENPV|KCNH8|LOC613266|EPCAM|BIK|KLRC2///KLRC1,0.7503569826169567,0.7299633920447656,0.799760258091058,0.9910457656573137,0.4883003937587492,0.562887706597659,0.6518071648934634,0.9740794873063016,0.6083264906739556,0.6562563205038724,0.6950381239400683,0.9513409453227195
153,SUGCT|SPIC|LINC00487|KCNH8|SMC3|ARL14|SEC31B|PITX1|PCSK1|MAGEB1|STAG3|XK|UMODL1|CILP|MMP12|SOX8,0.7464169293272898,0.641145480515131,0.7217023380230938,0.9964030147316759,0.5206145933209543,0.5316921807942134,0.5943623586310236,0.9803160454317801,0.6653595419205356,0.4945406275857873,0.7181723501409796,0.9748172915501476
154,BEX2|STAG3|C17orf99|WISP2|HIST1H3B|PRAME|C4orf22|TCL1B|CXCL14|RAB25|MME|IL13RA2|CTAG1A///CTAG1B|ZNF385B|SPRR1B|MAL2,0.5577903102460329,0.6064326299105389,0.7076589915889933,0.9954728347330689,0.49794358575521724,0.5257938604984501,0.6513773438956851,0.9959814140176884,0.5770023575851633,0.6756214895826647,0.7372017308743215,0.9961243681908211
155,ZYG11A|ASMT|IGHD|UMODL1|MMP1|LOC101927811|LOC100509457///HLA-DQA1|MMP7|KDM5D|CLIP2|LOC100996809///HLA-DRB5///HLA-DRB4///HLA-DRB3///HLA-DRB1|XK|SPINK2|VSIG4|CXCL6|MAGEA1,0.7171060767897135,0.550758116306316,0.648301253397887,0.997600396147503,0.5817082583784772,0.4512482281034145,0.6937091757224205,0.9872136043119459,0.6662634420382393,0.7151130100554006,0.723346584613106,0.9776473447558932
156,LEP|DNAH8|NOL4|KRT14|CHIT1|LOC101930415|MATN3|IGHV1-69|CCL21|GTSF1|ZBTB32|MAGEA1|SERPINA9|CTTNBP2|IL13RA2|SFRP4,0.5256253244925083,0.4642411892812379,0.6296166501255964,0.9933002987410954,0.289426442843127,0.3667940508707311,0.6314458483054645,0.9854662783383196,0.48000178531589055,0.6226005894078523,0.6351344692056381,0.9863944693781433
157,SDR16C5|SMC3|CT45A8///CT45A9///CT45A10///CT45A7///CT45A2///CT45A1///CT45A6///CT45A5///CT45A3|ZNF711|LOC105372840|XK|LINC01297|CAMP|EPYC|COL9A3|VSIG4|WFDC21P|ASMT|SPINK2|LOC100509457///HLA-DQA1|C7orf57,0.7262578244719454,0.5036164532092291,0.679442651910897,0.9982652322315075,0.5601822135965464,0.5472628322393092,0.703749284734726,0.9715375140884311,0.5477075112953746,0.5652729137003825,0.6637844148208805,0.9760417248024201
158,MIS18BP1|C12orf77|TNFRSF17|MAGEA6|LINC00487|LRRN1|LOC100653057///CES1|PTPN20|IL22RA2|DNAH8|CENPV|LOC100134317///LOC284412|LOC101930067|PLA2G2A|LINC00877|LOC102724689,0.5861327652768314,0.5406202029252214,0.6130198874314239,0.9976234081215916,0.3573594704114089,0.5099355720999201,0.6216441573631721,0.9859084066098603,0.5157876774894499,0.5791187504720219,0.7159576017309884,0.9795614707732226
159,COL9A3|CTCFL|SDR16C5|AQP9|EPHB1|C3orf67|H2AFB1///H2AFB2///H2AFB3|FCRL4|ZBTB32|LMO2|STAG3|NME8|MARCO|TRPM4|DNER|CD163,0.8999529612074038,0.8126082621910304,0.8001367412214225,0.9942842013136474,0.8089421459039626,0.6318681194782803,0.7258877745455248,0.9681485306462012,0.7539723028592441,0.6014931655176552,0.7311713114400624,0.9801187534710528
160,PKHD1L1|HMCN1|ABCG5|CPXM1|PLA2G2A|SMC3|CHIT1|NLRP4|HPDL|KCNN3|MAGEB2|TRPM4|MMP1|LOC101929141///CCDC144CP///CCDC144B///CCDC144A|MME|BEX2,0.7786611418228372,0.5923541974471903,0.7658513267068299,0.9947316719097207,0.7207121697632205,0.4932016740335443,0.7393686771778165,0.9713649633909961,0.70743463984793,0.6636571692772524,0.6735659982705661,0.9807058135851089
161,P2RY12|NCKAP5|EML6|UMODL1|LOC100996809///HLA-DRB5///HLA-DRB4///HLA-DRB3///HLA-DRB1|SOX2-OT|EYA2|SDR16C5|SACS-AS1|KLHL13|NLRP11|LOC105372840|CCR10|FCAMR|SNX29P1///SNX29P2|LOC102725426///MIR8071-2///MIR8071-1///IGHM///IGHG1,0.7766619609208668,0.671730500783132,0.7599340559134939,0.9923390411702949,0.5846077062074194,0.664963256610704,0.7001265885623171,0.9806867395537331,0.6415304240275139,0.7471842511825337,0.7205094593655635,0.9784333742806617
162,KCCAT333|CTAG2|HPDL|SUGCT|IL17RB|MAGEA6|LOC100134317///LOC284412|CCL22|STAG3|NOL4|SFRP2|C4orf22|MARCO|RGS13|LOC102725526///IGHV4-31///IGHM///IGHG3///IGHG2///IGHG1///IGHA2///IGHA1///IGH|C1QA,0.7680411969252192,0.6980205297618477,0.7635270495941091,0.9907156661792975,0.553415637838287,0.5711950332398423,0.7239917536029747,0.9737068947581209,0.6163266711106964,0.5458575332020126,0.737118053100754,0.9875379988645602
163,TCL1A|MGST1|S100Z|MMP3|NMU|STXBP6|PLA2G2A|ASPN|LINC00487|KRT14|SUSD5|MAGEB1|FAM30A|LOC102725526///IGHV4-31///IGHM///IGHG3///IGHG2///IGHG1///IGHA2///IGHA1///IGH|HLF|IGLJ3///CKAP2,0.7254183587733561,0.7299354622331102,0.8291467062073259,0.99385894783695,0.5592529144860883,0.49067336934380873,0.7430571615045584,0.9848548161754954,0.5961652580287787,0.6270068170707425,0.7302032280064725,0.9784075028537166
164,ZNF883|HAGLROS|CCL22|SMC3|LOC105372840|SOX8|TCL1A|FAM30A|CCL20|IGKV1OR2-108|SCARA5|LINC01102|UBASH3A|IL13RA2|SDR16C5|HIST1H3B,0.5385365478123149,0.6187890484314559,0.7628900789858556,0.9964639305154157,0.41240306940983773,0.5135620194775364,0.708351332677522,0.9909817657466857,0.41176805201748995,0.4990237082045884,0.6230297309931256,0.9883643520661184
165,SPIC|LOC100134317///LOC284412|MATN3|ZNF711|SACS-AS1|CTAG1A///CTAG1B|LGSN|MAGEB1|LOC102725426///MIR8071-2///MIR8071-1///IGHM///IGHG1|CENPV|LOC105372840|FAM30A|EYA2|TCL1B|USP9Y|RSPH1,0.4279605089781067,0.497719700049685,0.5689892465916996,0.998287018794228,0.511323679000018,0.5154083081658962,0.633016424473048,0.9971970386946721,0.45512830273831667,0.46103080643343025,0.6275875483323707,0.9960168887194425
166,STXBP6|S100Z|LOC100130744|NMU|ZPBP2|MFAP4|PNMAL1|FAM129C|GPM6A|LOC100653057///CES1|SFTA3|MT1M|NOL4|NLRP4|HLA-DQB1|DNER,0.7368724315545967,0.6251502020086899,0.7895879700829249,0.996933187240498,0.7029108841879719,0.5658752211165547,0.714250839783876,0.9822292567209524,0.8329069693538658,0.6290378276267975,0.7147170691067332,0.9740493074502659
167,COL11A1|KLHL13|MGST1|TCL1A|PSMA8|GPAT2|CTAG2|HLF|ORM2///ORM1|PLA2G2A|C4orf22|NLRP7|SMC3|SOX2-OT|MIS18BP1|LOC102724689,0.66331648642264,0.6589085402512312,0.7116696936011422,0.9934123197474021,0.39112291291541096,0.6179536476430825,0.6696008364538841,0.9873807184577991,0.4375050456913433,0.5569436944005466,0.716208881244813,0.9878777550093467
168,RSPH1|IGLJ3///IGLV1-44///CKAP2///IGLV@///IGLC1|AP3D1|LOC100134317///LOC284412|IL22RA2|LOC101930114|LINC01297|FSTL5|ZPBP2|FDCSP|NLRP4|SUGCT|LMO2|PKHD1L1|LOC100996809///HLA-DRB5///HLA-DRB4///HLA-DRB3///HLA-DRB1|CCL21,0.7571514031759995,0.662060966325198,0.777955155320895,0.9929941753358389,0.7346982444881308,0.8029156780476794,0.8080845005165382,0.9731061747584858,0.7454288842143875,0.6795184739807101,0.7487102628176938,0.9687518719035129
169,HPDL|EIF1AY|DAPL1|LOC100134317///LOC284412|FABP4|LOC101927811|KRT6A|LOC100509457///HLA-DQA1|GOLIM4|C12orf77|CCL20|SNX29P1///SNX29P2|LINC00877|LINC01021|CAMP|MAGEA6///MAGEA3,0.6945307087392101,0.4603056759601325,0.5989458925104479,0.997678768896548,0.3850166092415183,0.45286394688047404,0.6428495805090435,0.9595395718417498,0.41191069516465123,0.35867297626463157,0.5959581386516783,0.9705344561904706
170,HPDL|CXCL6|TRIM59///IFT80|ZNF883|PNMAL1|NOL4|FCAMR|USP9Y|MUC16|LRRN1|OLFM4|MAGEA6///MAGEA3|MT1M|HLF|CD163|MYOCD,0.6221310149111957,0.6147705451730796,0.7492555171481816,0.994170351005068,0.410888095735506,0.5096776560076256,0.6558289751387398,0.9947518409646885,0.5606075050546871,0.5682845068753033,0.7108249129263737,0.9819216565909028
171,AICDA|EML6|LOC613266|LINC01021|KLHL13|LRRN1|ARL14|CLIP2|MME|CCL20|ZNF711|KRT6A|DAPL1|MMP7|EPYC|LINC00877,0.6437223538230086,0.5091817738822132,0.6593341190440254,0.9913751331980587,0.562449099635083,0.5731125165872243,0.6316169031863386,0.9765725550997587,0.4636044171417322,0.4921756833668104,0.6918017653273134,0.9617630632063416
172,FCRL4|LMO2|EPYC|WFDC21P|TRIM59///IFT80|HMCN1|LILRA3|CRNDE|AICDA|XK|LOC283454///HRK|CTAG1A///CTAG1B|LOC101929141///CCDC144CP///CCDC144B///CCDC144A|ASPN|ZNF257|MFAP4,0.8491922896833812,0.5726177764041283,0.7859802967801327,0.997788030392547,0.6890795885751172,0.6568877246265319,0.6770415354274806,0.9717895763942503,0.7443400178621121,0.6178735418523714,0.774653877326445,0.9734175676115467
173,LINC01102|SUSD5|NMU|LINC01021|CETP|LINC01297|EPHB1|ZNF385B|SEC31B|SAXO2|SPINK2|MYOT|TCL1A|HIST1H3B|KDM5D|FABP4,0.44212047243074226,0.5151752769082033,0.6387658867613519,0.9740197056865941,0.2943107553499834,0.43646818838621426,0.6652191758220105,0.9685844154014982,0.3954276001496467,0.44097647594138545,0.6582733278261241,0.997610522701362
174,MATN3|COL9A3|IGHV1-69|CCL17|CLGN|LINC00877|SNX29P1///SNX29P2|LINC01021|PPBP|HTR3A|SOX8|IGLJ3///IGLV1-44///CKAP2///IGLV@///IGLC1|NPY1R|TCL1A|ASZ1|GTSF1,0.7323000415498498,0.5976205033348272,0.7531570330149964,0.9936843818978545,0.4888084731156892,0.5295791320594736,0.6498000448038846,0.9793265117746227,0.522908162456277,0.5163852095701404,0.6576578153751805,0.9667233959235414
175,IGK///IGKC|DNAH8|COMP|IGKV1OR2-108|STXBP6|SFTA3|KCNK12|IGLJ3///CKAP2|CD74|USP9Y|KRT5|EYA2|CCL17|CETP|HLA-DQB1|MAGEA1,0.7101008379148864,0.5679216562561518,0.763280124526042,0.9897057892972854,0.472481221049266,0.43894752781342905,0.6229272683505986,0.9904728934148029,0.5167726052187855,0.47486429118953843,0.6073182281766756,0.9627053156672265
176,CXCL14|IGLJ3///IGLV1-44///CKAP2///IGLV@///IGLC1|WFDC21P|MMP1|KCNN3|SFRP2|GOLIM4|ASMT|CRNDE|FAM129C|EPHB1|FDCSP|TPSB2|FAR2P3///FAR2P2|SDR16C5|TFPI2,0.7998377848207323,0.6561067375310831,0.6914564974941283,0.9879631399349847,0.6867843819733765,0.6936406923237521,0.6745621979842749,0.9552407857904376,0.7285503645722123,0.6928013650621243,0.7032610541482942,0.9792794998394931
177,NCKAP5|ARL14|HEPACAM2|ORM1|LINC01021|MMP1|MFAP4|PDGFRL|SPIC|NPY1R|KDM5D|CD163|IGKV1OR2-108|TCL1A|NPIPA5///NPIPB6///NPIPB8///NPIPB3|LOC100130744,0.5736930475415624,0.6294179572013757,0.752353624407722,0.9841230790394178,0.5204605434644611,0.5913601108208658,0.661067528835521,0.9738351603649543,0.6369813217128967,0.7290224929636684,0.6676596422249741,0.9825289672921429
178,SACS-AS1|GPAT2|STXBP6|PXDNL|SCARA5|RSPH1|CHIT1|MYOT|XIST|ASMT|FABP4|LOC101930415|CCDC110|MAGEB2|LOC101929272|BIK,0.6160094353280268,0.4978801080068934,0.7271272632119448,0.9993866422347074,0.5323783229792223,0.42437197059214965,0.7023901737683583,0.9898327445083915,0.4905085644974933,0.401723419064034,0.6365955728770791,0.990236681254955
179,TCL1B|STEAP2|GTSF1|IGHD|ZBTB32|S100Z|LILRA3|ASPN|TCL1A|TNFRSF17|LEP|FDCSP|MYOT|IL13RA2|FAM129C|LINC01405,0.6858050777036961,0.6750671638476307,0.7746503483776128,0.9951349545132081,0.604599562445387,0.6362484158921766,0.6979536905495289,0.9747465069165373,0.6596888068816663,0.6871232389073081,0.7407111632220907,0.9780107341572295
180,S100A8|CILP|FDCSP|SUGCT|MAGEA1|ZNF257|OLFM4|SERPINA9|KLHL13|MAGEA9B///MAGEA9|EML6|ZNF711|GOLIM4|C12orf77|LILRA3|LHX8,0.8115656520421642,0.8341942622063203,0.8350191543870823,0.996095238892434,0.622527128346766,0.5218235170225012,0.6742249685453727,0.976642414259726,0.5686719972452967,0.4664455469143766,0.6959220239184316,0.9800390181335727
181,UMODL1|ASZ1|TPSB2|CTAG1A///CTAG1B|LILRA3|LOC100130744|VPREB3|RAB25|HIST1H1B|HAGLROS|LOC102725426///MIR8071-2///MIR8071-1///IGHM///IGHG1|TCL1A|SMC3|MMP12|IGLJ3///CKAP2|KLHL13,0.5273366725652399,0.600165437867757,0.7352950260968609,0.9896565919814455,0.2687399998775703,0.49495767416953396,0.6147873300489441,0.9758515989543093,0.4430244210622903,0.48066425584318123,0.627901768284405,0.9926312714418514
182,LOC100653057///CES1|FCAMR|MAGEB2|LOC102725426///MIR8071-2///MIR8071-1///IGHM///IGHG1|LOC101929141///CCDC144CP///CCDC144B///CCDC144A|ADIRF|MAL2|IGLJ3///IGLV1-44///CKAP2///IGLV@///IGLC1|PSMA8|HEPACAM2|RSPH1|EYA2|IGHV3-23///IGHV4-31///IGHM///IGHG3///IGHG1///IGHD///IGHA1///IGH|FAR2P3///FAR2P2|HSF5|SCARA5,0.7264564123180224,0.6231270368039753,0.7440727529002253,0.9957757343872534,0.6207996785127929,0.5662118353095407,0.708235938838458,0.9945245337249305,0.48205571462590996,0.4319601017130546,0.6220661449727385,0.9915394283840893
183,CRNDE|LHX8|PDGFRL|EPHB1|MT1M|IL13RA2|PCSK1|ZIC2|KCNK12|WISP2|KRT5|VSIG4|HLA-DQA1|CXCL6|MMP1|SPINK2,0.8154955679285626,0.734835493324318,0.8224391874913434,0.9976826272590185,0.5686327667671831,0.5592764572664958,0.6527948829317477,0.9754696385844074,0.5432362585743964,0.5601404116306653,0.6465368434947398,0.9776220520812909
184,LINC01021|HSF5|GOLIM4|C1QA|P2RY12|MGST1|EPHA4|KRT6A|KCNH8|CETP|SACS-AS1|RAB25|TCL1B|RSPH1|KCNN3|UBASH3A,0.43063625957547463,0.5063990167938028,0.6482021019143794,0.9976244475659305,0.36857604881914247,0.4445873700765467,0.6190695785873952,0.9750366022129878,0.5433829188877666,0.5707754970807289,0.6627618561530595,0.9750980032063783
185,MAGEA6///MAGEA3|BIK|LOC101930114|NLRP4|LINC01268|LOC101929141///CCDC144CP///CCDC144B///CCDC144A|LEP|RAB25|IL17RB|MMP3|EPCAM|IGK///IGKC|LOC613266|DNAH8|SUSD5|HSF5,0.6118527032135033,0.61149414053472,0.8096612655128665,0.9951414405548243,0.6935451976048027,0.6865985064148248,0.7295788687395028,0.9970135159976578,0.6317223538779776,0.6254371572227329,0.7314173975462498,0.98553059392524
186,EPHB1|CD74|LINC00877|C15orf48|UBASH3A|IGHD|KRT6A|SPRR1B|MIS18BP1|FDCSP|IL22RA2|RASSF6|HIST1H1B|LILRA3|FCGR3B///FCGR3A|FAM129C,0.5980107713425395,0.7831611797372018,0.7487037841976614,0.9824877494873222,0.47435921714590995,0.7341493500322807,0.7568928896536131,0.9638918392734008,0.835960687473424,0.8495293206867858,0.6910231246301751,0.9845405103729958
187,VSIG4|HIST1H1B|ZNF883|ASMT|P2RY12|ABCG5|UHMK1|IGK///IGKC|FCER2|MAL2|SERPINA9|LOC613266|GOLIM4|ZNF711|FAM167A-AS1|MT1M,0.6573242385120397,0.5625952129094888,0.7664392138491853,0.9952644170166284,0.5094379114683056,0.4510886120056583,0.6482694687210356,0.9683422910882087,0.6823436456041672,0.6670323529841695,0.6925048850035533,0.9836428461120258
188,AICDA|MAL2|GOLIM4|SNX29P1///SNX29P2|CAMP|HK3|C1QA|H2AFB1///H2AFB2///H2AFB3|CPXM1|FABP4|LOC101929272|UGT2B17|LIN28B|NME8|FAM167A-AS1|LOC101927811,0.4735204999050293,0.4629302120355158,0.6131872970338456,0.9960316774976637,0.2659185837445733,0.37993564580549843,0.5151187715870844,0.9701183994228747,0.4771961616022213,0.48945867421406386,0.6203860743532281,0.9848831232950574
189,EYA2|FCRL4|ZNF257|AICDA|SPIC|LOC283454///HRK|EPCAM|LOC102725426///MIR8071-2///MIR8071-1///IGHM///IGHG1|TPSB2|STAG3|MATN3|KRT6A|IGK///IGKC|TRPM4|EPHB1|CT45A8///CT45A9///CT45A10///CT45A7///CT45A2///CT45A1///CT45A6///CT45A5///CT45A3,0.6419789937101008,0.5870241764335401,0.6601403041997683,0.9941020766563037,0.5195555618999067,0.51282518986694,0.6586838986846398,0.99106690811987,0.4662440574712237,0.5472848198679097,0.630911412583472,0.9934492474185554
190,DNER|MIS18BP1|VPREB3|CCL21|LOC100505878|KCNN3|IGHV1-69|NLRP11|EPHA4|IL22RA2|HLA-DQB1|HIST1H1B|PRAME|CD1C|TPSB2|HEPACAM2,0.6151202514011482,0.6751562735501588,0.7031843316415518,0.9900356646050701,0.4224532421348271,0.6026404821267406,0.6390328042230409,0.9793304099263452,0.5128843351007286,0.6270143641670016,0.6897327832517339,0.9907514962958078
191,IGK///IGKC|TCL1B|LOC105375172|FCGR3B///FCGR3A|COL9A3|GTSF1|LIN28B|IL13RA2|LILRA4|MATN3|ZIC2|SEC31B|KRT14|HEPACAM2|NLRP11|GPAT2,0.4762372828333257,0.3544632716360127,0.674557770717094,0.9979698128426678,0.5275927718739716,0.608302544551883,0.665522463794539,0.9934413734601497,0.3870900618934993,0.3444204682227005,0.6578112004938328,0.9931548677474652
192,OVAAL|HSF5|C4orf22|ASZ1|CLIP2|CCL20|TRIM59///IFT80|ZNF883|PLA2G2A|LOC100134317///LOC284412|RASSF6|UHMK1|ZYG11A|VPREB3|SCARA5|ARL14,0.5898798984528405,0.5914815245977618,0.6622155973019401,0.9858809117996975,0.2028158832531044,0.3792998465728813,0.5798550107769177,0.97584381347739,0.32263018184809894,0.45193575892422855,0.6203159271490628,0.9853325714618227
193,SPINK2|PPBP|PXDNL|PTPN20|CTTNBP2|LINC01021|CT45A8///CT45A9///CT45A10///CT45A7///CT45A2///CT45A1///CT45A6///CT45A5///CT45A3|ADIRF|LILRA3|CENPV|PROK2|SPRR1B|FABP4|C1QA|KRT5|GJB6,0.6366920008181424,0.640117637179395,0.6916845334105408,0.997623886403185,0.6664066779924736,0.8312193379411934,0.7413855158261722,0.9961974134360781,0.6803257705879386,0.6866764264308379,0.7441508979319365,0.9963490334347711
194,ABCG5|C15orf48|C1QA|MMP20|DAPL1|SNX29P1///SNX29P2|MARCO|IL22RA2|IGHV1-69|SACS-AS1|FAM30A|MYOT|TNFRSF17|LOC105375172|LOC101927811|PPBP,0.7952997340062493,0.6361167770861824,0.6913983903107002,0.9958369540160001,0.6037228825868108,0.5875107603597786,0.6611692730470353,0.9734073335389064,0.6391366685757637,0.6064997164638288,0.6668615431872112,0.9753073337925182
195,MAGEB2|SERPINA9|STXBP6|CPXM1|CTAG2|TPSB2|SPINK2|NPIPA5///NPIPB6///NPIPB8///NPIPB3|STAG3|CCL20|MATN3|COMP|PTPN20|IL22RA2|SOX8|CXCL6,0.7939679274125045,0.8530864180299436,0.7900744023873097,0.994800620356076,0.550754995336671,0.6021143972562815,0.6704648862657678,0.9711431571569428,0.5446686822995517,0.5925704053582523,0.6144207876385078,0.9788340357714039
196,CRNDE|LINC00487|FCGR3B///FCGR3A|MGST1|ABCG5|CD1C|LOC101929272|IGLJ3///IGLV1-44///CKAP2///IGLV@///IGLC1|NLRP7|EPHB1|CCR10|UBASH3A|LTF|SOX2-OT|GPM6A|MYOT,0.7165667074695606,0.6653290987859902,0.7729891682602563,0.997398370013976,0.6661123934117622,0.6366437885726675,0.7387165308232657,0.9825415051854415,0.7383374442575025,0.7871067465939511,0.7553332703467391,0.984975637570978
197,CCL20|LEP|HIST1H1B|UHMK1|MUC16|SOX8|JCHAIN|MGST1|AICDA|OLFM4|IGHV3-23///IGHV4-31///IGHM///IGHG3///IGHG1///IGHD///IGHA1///IGH|LINC01268|MAL2|PABPC5|PTPN20|LINC01102,0.28064355206202457,0.5686003659386524,0.5883429542586389,0.9887879212030571,0.1033527237549916,0.4415709804742618,0.5806452222362812,0.9834071409975309,0.44003230375830327,0.4753375688084087,0.6218246536623186,0.9960594237914167
198,KRT5|LINC01268|S100A8|IGHV1-69|ASB5|AQP9|IGKV1OR2-108|RPS4Y1|FDCSP|FAR2P3///FAR2P2|HLF|HMCN1|LINC00877|CTAG1A///CTAG1B|OVAAL|PLA2G2A,0.6913150045937854,0.8151766051465152,0.704537457884526,0.9971737043187175,0.6320928251687922,0.7337170805781861,0.6898518008478431,0.9906593903777853,0.6693469889635576,0.7854023820397684,0.6674082725279247,0.9812713059990986
199,RAB25|ZIC2|MAGEA6|LRRN1|NPIPA5///NPIPB6///NPIPB8///NPIPB3|MAGEA9B///MAGEA9|GTSF1|LEP|EPHB1|C17orf99|PCSK1|MATN3|LINC01268|STXBP6|KDM5D|PTPN20,0.5621042380628207,0.6163678035052935,0.6406725035306033,0.9944271148092579,0.4458690585136192,0.588409610368418,0.6136127480220037,0.9887593806092776,0.5068034197647718,0.6084948590455892,0.6266918955368372,0.9956346913997045
200,ASPN|AP3D1|TPSB2|SFRP4|LOC101930415|MFAP4|STXBP6|NLRP11|HPDL|C4orf22|NCKAP5|CCDC110|LMO2|ARL14|CCL17|ZNF711,0.6787574982283141,0.6986920463426568,0.7707384812749405,0.9922667544883155,0.4031826609324282,0.4993399957801222,0.649797394462088,0.9388079197314644,0.54985701837667,0.5127922236954077,0.7217984055939073,0.9571990092727688
201,SCARA5|MAGEA6|LOC102725426///MIR8071-2///MIR8071-1///IGHM///IGHG1|SNX29P1///SNX29P2|PXDNL|LOC100509457///HLA-DQA1|CLGN|KCNH8|ASMT|FCER2|CD74|CETP|PPBP|LOC100505878|KLRC2///KLRC1|MATN3,0.6350151034263755,0.6588708702247416,0.6839742069083317,0.9981932693964557,0.454821874414312,0.47715296743358115,0.5961874548177859,0.9866712614641012,0.46490010338847454,0.4965195709713067,0.6611959310703104,0.9875747796649372
202,CLGN|EYA2|CHIT1|RAB25|BIK|SPRR1B|SOX2-OT|LINC01021|NCKAP5|KLRC2///KLRC1|LINC01405|KRT14|LOC101929141///CCDC144CP///CCDC144B///CCDC144A|IGHV1-69|ZNF257|PROK2,0.6291169526589264,0.6535787553710892,0.7605114089026583,0.994627322424621,0.5081703994732738,0.4977576323643639,0.6647544669497385,0.9942778729431796,0.6524922490716801,0.5807782841877462,0.7506789546771624,0.9936893931944979
203,NME8|MAGEB2|MUC16|ZNF257|MAGEA6///MAGEA3|FSTL5|LINC01268|ZPBP2|ZNF711|EPHB1|PTPN20|MAGEA9B///MAGEA9|LINC01405|SFRP4|MARCO|EPHA4,0.5951832565925289,0.6158706734973534,0.6906567691906764,0.9965074696216721,0.6100318871844675,0.6203677728969474,0.6390737515799593,0.9874588099495436,0.6517070195374219,0.5958628626647378,0.6639795776990455,0.9949881746808117
204,TCL1A|SPRR1B|KDM5D|CTTNBP2|PABPC5|NPIPA5///NPIPB6///NPIPB8///NPIPB3|LINC01102|LEP|PDGFRL|MAGEB2|LTF|TPSB2|P2RY12|SDR16C5|LHX8|FAR2P3///FAR2P2,0.5795414805665758,0.5416765440479359,0.7465031643205385,0.9896231762344673,0.41475751546274775,0.46216141050165066,0.6880250626419067,0.9878255425270422,0.5749731180933593,0.6110557738071135,0.6565496732491645,0.9971694239247744
205,IL22RA2|OLFM4|IGLJ3///IGLV1-44///CKAP2///IGLV@///IGLC1|PKHD1L1|HTR3A|MYOCD|RSPH1|COL11A1|LGALS2|SMC3|ZBTB32|AP3D1|FCGR3B///FCGR3A|TCL1A|FAM167A-AS1|GJB2,0.6284564284385253,0.7322195942991819,0.7857284725560078,0.99446775853639,0.6489935802537241,0.6798822100365437,0.7860035308505662,0.9734634594142814,0.6187694881347495,0.6001611893959018,0.7134147649504534,0.9846543041864941
206,PNMAL1|ARL14|DNER|HLA-DQA1|GTSF1|CENPV|RAB25|LEP|NME8|SEC31B|EPYC|HIST1H3B|SCARA5|LOC100130744|LTF|TXLNGY,0.36870187596403414,0.41346698901572787,0.6783491415072318,0.9915172149276916,0.1843999468393523,0.3951780041395587,0.5855808094572874,0.960869449156074,0.288753010579137,0.43707679978942704,0.5660431023214245,0.9844919024228379
207,LINC01268|SCARA5|ZNF883|CTAG2|MYOT|SACS-AS1|ASMT|SPRR1B|MME|STEAP2|MAGEB1|FCRL4|LOC440864///MSH6|LYPD6B|LILRA3|LINC01102,0.8532494588461524,0.7891452570254083,0.6671636533839554,0.9984308800324261,0.67263509842111,0.5113764055462041,0.5705067094247517,0.9775253089192334,0.6708839460323037,0.595068076375868,0.6246735782559487,0.9766403168668722
208,FAM167A-AS1|SEC31B|P2RY12|MAGEA6///MAGEA3|BIK|STEAP2|EIF1AY|NLRP4|CAMP|NPY1R|KRT6A|OVAAL|SPRR1B|UMODL1|ZNF711|IGLJ3///IGLV1-44///CKAP2///IGLV@///IGLC1,0.7066862771161774,0.6787662855954791,0.8046847679037933,0.9941737609197753,0.6646584772678646,0.7171398426433233,0.7508523327118035,0.995275140293415,0.6908133822361091,0.6620137614331884,0.7393970424919863,0.9899618838279749
209,LTF|CCL17|SACS-AS1|WISP2|UBASH3A|PCSK1|MAGEA6|SAXO2|MYOT|RPS4Y1|MMP1|KLRC2///KLRC1|JCHAIN|KDM5D|SCARA5|ZPBP2,0.6976275077197506,0.6846236737965872,0.736921552673764,0.9939715665171364,0.6637458423550154,0.6262426456287848,0.7309664425960982,0.9919517688733532,0.7476500167618314,0.6643428695443662,0.7113838508589886,0.9837411714100518
210,NCKAP5|HLA-DQB1|MAGEA1|LOC283454///HRK|UMODL1|SFRP2|CT45A8///CT45A9///CT45A10///CT45A7///CT45A2///CT45A1///CT45A6///CT45A5///CT45A3|CD163|IL17RB|MGST1|C7orf57|SDR16C5|PXDNL|LTF|LOC100505878|NME8,0.7005312246887698,0.6978469895055549,0.7486847000367169,0.9975662789849571,0.6398945401408467,0.71347670836497,0.7210240368381292,0.9950810887684232,0.5703188608623083,0.6092635563081215,0.6565914186512086,0.99465211907064
211,SPRR1B|CT45A8///CT45A9///CT45A10///CT45A7///CT45A2///CT45A1///CT45A6///CT45A5///CT45A3|LOC100653057///CES1|LOC100130744|P2RY12|BIK|KCNN3|PROK2|SNX29P1///SNX29P2|KLHL13|DAPL1|NLRP7|EML6|KRT6A|CCL20|FDCSP,0.6217896859315459,0.6204023079282396,0.727474888620623,0.9930750226349001,0.5792721258159514,0.6200175701170325,0.7435868387894857,0.9951666896296865,0.7127528686552502,0.5997916363326139,0.8292619273465789,0.9889670589349538
212,HMCN1|HPDL|RSPH1|SNX29P1///SNX29P2|EIF1AY|LRRN1|IL22RA2|ASPN|ASZ1|FAM111B|KRT13|MAGEB1|LTF|LINC01021|S100Z|HLA-DQA1,0.6318339766198418,0.5060323925711954,0.6697413099563065,0.9897604195426898,0.48387217231137714,0.42509279556530233,0.6907626167907983,0.9552190825980866,0.5431661213586095,0.5932047916572152,0.6327767925136818,0.9730112259835015
213,CRNDE|NMU|C12orf77|MATN3|C4orf22|FCER2|CENPV|CCL22|MAGEA9B///MAGEA9|EPCAM|FSTL5|LOC102725526///IGHV4-31///IGHM///IGHG3///IGHG2///IGHG1///IGHA2///IGHA1///IGH|LOC105372840|CT45A8///CT45A9///CT45A10///CT45A7///CT45A2///CT45A1///CT45A6///CT45A5///CT45A3|USP9Y|EPYC,0.6785771491646598,0.6590219461464772,0.7528869372338994,0.9930338624018827,0.5775230271146995,0.5574899192131522,0.7621915329330028,0.9930469424871908,0.649523064523739,0.6282449379065087,0.6596878367181086,0.9845799717399554
214,LINC01102|CILP|UHMK1|S100A8|HPDL|LGSN|ASZ1|KRT6A|NOL4|SUSD5|NLRP4|UGT2B17|LOC100130744|CCL21|HTR3A|SUGCT,0.4491196997962756,0.5220166276838785,0.6819817796087668,0.9964988631093095,0.3996452131924125,0.4838454933608159,0.7149319807115273,0.9922448402767359,0.4858592169008617,0.5493368414302472,0.6583899449711577,0.9892009442045594
215,ORM2///ORM1|JCHAIN|MAGEA6|OLFM4|UGT2B17|ZPBP2|TCL1A|MMP1|NPIPA5///NPIPB6///NPIPB8///NPIPB3|STEAP2|PROK2|UHMK1|NOL4|GJB6|SFRP2|IGK///IGKC,0.5246590993645145,0.44242092679220013,0.7394339040391167,0.997737656180446,0.4256984350201233,0.44015500981766076,0.6883082059356833,0.9948148590164596,0.6836198888273575,0.5710670320168852,0.6817441593524566,0.9956970823603634
216,LOC102725526///IGHV4-31///IGHM///IGHG3///IGHG2///IGHG1///IGHA2///IGHA1///IGH|ZBTB32|XK|LOC100134317///LOC284412|LOC613266|SERPINA9|SFRP2|TCL1B|EPHA4|TNFRSF17|LINC01297|TRIM59///IFT80|LOC100130744|C1QA|ASPN|MAGEA9B///MAGEA9,0.4924460541334052,0.6543337769535054,0.7277860802167021,0.9734154124731041,0.5459338032711042,0.6067294356122888,0.7497892331525219,0.9318729998625278,0.7248553556728059,0.7579163907963073,0.7400454678612969,0.9842367084446989
217,CLGN|C15orf48|KCCAT333|STAG3|EML6|PABPC5|SFRP4|FCAMR|FCRL4|LOC100134317///LOC284412|SACS-AS1|CXCL6|LOC100130744|HK3|ADIRF|ORM1,0.7033396625791875,0.7321620723133186,0.7262746260947177,0.9951302400659818,0.5528172846990906,0.6002551716788331,0.683815180022999,0.9772385987339516,0.6597332866673623,0.6735044070135215,0.7440163189342948,0.9689801514304149
218,UMODL1|SFTA3|BEX2|CTAG2|LOC102725426///MIR8071-2///MIR8071-1///IGHM///IGHG1|LTF|CCL20|C4orf22|LOC101929141///CCDC144CP///CCDC144B///CCDC144A|CRNDE|UHMK1|CETP|KCNN3|GOLIM4|RGS13|ORM1,0.5885168495276615,0.6247609475144784,0.7414040652550448,0.988155568202642,0.4034111328128545,0.624004886856169,0.7117564557111177,0.9878822094561284,0.40780221511368403,0.47058697657697757,0.6175468630703285,0.9898661028040205
219,ZNF883|NLRP11|KRT13|C17orf99|ADIRF|LINC00877|C1QA|ICOS|KCCAT333|LOC101930114|LOC101929272|ASPN|HK3|GJB6|HIST1H1B|CRNDE,0.5277660654537633,0.6222622412967496,0.7361232608886215,0.9855977805572357,0.490791136210607,0.5831131161135443,0.748596554203784,0.9730817765166062,0.6296945007225973,0.5731465946027577,0.6716237919079624,0.9888661373428412
220,MAL2|ZNF385B|IGLJ3///IGLV1-44///CKAP2///IGLV@///IGLC1|USP9Y|CLIP2|CENPV|FDCSP|VSIG4|HSF5|SUGCT|EPHA4|LTF|KCCAT333|AP3D1|UMODL1|ASB5,0.5880259132928275,0.4314623831085744,0.6727026357526702,0.9960505957407018,0.5726736843530632,0.5333403335279067,0.6795349532768359,0.9928722222349777,0.6130932802249124,0.5391538058879746,0.6740406063396351,0.9839789895984438
221,RASSF6|HLA-DQA1|KLRC2///KLRC1|KDM5D|KCCAT333|LOC102725526///IGHV4-31///IGHM///IGHG3///IGHG2///IGHG1///IGHA2///IGHA1///IGH|ZNF711|CTTNBP2|CPXM1|MMP3|KRT14|EPCAM|LOC100996809///HLA-DRB5///HLA-DRB4///HLA-DRB3///HLA-DRB1|LRRN1|CCL22|CETP,0.49390467724881787,0.5189022833604071,0.7174556451057745,0.9990896081950553,0.4949362962246789,0.5397914728782507,0.646656577424656,0.9989427854865798,0.4496834717816887,0.559709464377822,0.6742703136731105,0.9976801783838585
222,CCDC110|FDCSP|SOX8|WISP2|ASB5|STAG3|EML6|CLIP2|CXCL14|TNFRSF17|NPY1R|MAL2|USP9Y|NLRP11|RSPH1|ORM2///ORM1,0.8231634401947515,0.7734983950445864,0.7866062851469692,0.9947708450526703,0.6343058781498931,0.621456583647544,0.6149625311813106,0.9757602724649391,0.6375765743293103,0.6529245513890962,0.6626099605321961,0.9516762949679748
223,CT45A8///CT45A9///CT45A10///CT45A7///CT45A2///CT45A1///CT45A6///CT45A5///CT45A3|NLRP7|WISP2|CCL22|LEP|MYOCD|GJB2|LGALS2|PROK2|FAM167A-AS1|LOC105372840|AQP9|MYOT|LOC102724689|LOC102725426///MIR8071-2///MIR8071-1///IGHM///IGHG1|EPYC,0.7280215429663224,0.6768963056838162,0.7258169415408642,0.996612848486627,0.5871997066284808,0.6551285256442988,0.6918252340837723,0.9900002949112556,0.6051914159888144,0.6236665323360084,0.6922269381145321,0.9766072960466725
224,ZPBP2|SERPINA9|SEC31B|RPS4Y1|CCL21|ICOS|P2RY12|ASMT|HIST1H1B|JCHAIN|KCNK12|CHIT1|LOC101930114|BIK|LINC01268|FAM167A-AS1,0.6419371646749423,0.6943791716411147,0.7234899270656538,0.9958690932163908,0.4741820629570069,0.6408632472513303,0.6506855188601859,0.9664219636853898,0.6363222696359538,0.6534012392692787,0.7005932791976555,0.971824529386586
225,CXCL14|FAM111B|SFTA3|LINC01021|SPINK2|C7orf57|EPHB1|PROK2|XIST|IGHV1-69|CETP|C1QA|CLIP2|SPRR1B|C4orf22|CD1C,0.5693124414126562,0.620979295300516,0.6632434367490696,0.9812510962106573,0.3864269613143381,0.42117160197988396,0.6581158702404853,0.9704462014237387,0.4781764710580042,0.5069910643439106,0.6881403262341774,0.9863909852842275
226,FCAMR|EPHA4|MYOCD|GOLIM4|S100Z|CPXM1|HAGLROS|HLA-DQB1|LILRA3|LMO2|STAG3|USP9Y|CCL20|PABPC5|WISP2|KCCAT333,0.6854109018356489,0.6384597442487033,0.7713632502548902,0.9975247971114778,0.5046348711925811,0.4322514341962689,0.6912198020028585,0.9790498310987714,0.6274231141453425,0.551476637444428,0.6292219581997425,0.9821170253743525
227,FABP4|ZNF385B|DNER|BEX2|FAM167A-AS1|IGLJ3///CKAP2|LRRN1|UGT2B17|LOC101929272|JCHAIN|KLHL13|MFAP4|FDCSP|CPXM1|GJB6|MMP1,0.6520398790177584,0.6176367003336932,0.6882959763907834,0.9988467350957423,0.5254065456774416,0.6456147690207314,0.6985428697535876,0.9929263732873562,0.5523577805570272,0.6582204635581127,0.7276687779273342,0.9932140649384047
228,CLIP2|MMP20|FABP4|LOC613266|CPXM1|ASB5|LOC100134317///LOC284412|SYT17|BEX2|C12orf77|C3orf67|MAGEA1|LINC01102|LOC100505878|EPYC|NPY1R,0.6820044804836385,0.6166891926627729,0.76144048182039,0.9923479112754762,0.6154400222423485,0.5013812721823196,0.6646575965790663,0.9985165384432115,0.6319655113194086,0.5342378708033626,0.708029955849666,0.986079691491425
229,NME8|LGSN|SACS-AS1|LOC100130744|PRAME|SFRP2|XK|H2AFB1///H2AFB2///H2AFB3|LOC100134317///LOC284412|EYA2|LGALS2|MMP20|UHMK1|MME|ZBTB32|FAM111B,0.5636870891950598,0.5590632665742588,0.7725189702589655,0.986567844796058,0.500016942595503,0.4558175357409234,0.7004109046605266,0.9669050852634621,0.659288469762981,0.612161182955205,0.6952285583322976,0.9851874197572701
230,UGT2B17|LOC101930114|HAGLROS|CAMP|SFTA3|LINC01102|SYT17|MT1M|PNMAL1|HSF5|LILRA4|FAM129C|RSPH1|C17orf99|HTR3A|KDM5D,0.6201150145387126,0.6214615915439257,0.674299196636182,0.9952910548614095,0.5961780496688435,0.5525242726936108,0.6918853540910528,0.9971625378304027,0.6144238265665571,0.5432359007646455,0.7013791551494966,0.9862169130629327
231,PROK2|LOC102725526///IGHV4-31///IGHM///IGHG3///IGHG2///IGHG1///IGHA2///IGHA1///IGH|GPAT2|MME|ZNF883|LINC01021|IGHV3-23///IGHV4-31///IGHM///IGHG3///IGHG1///IGHD///IGHA1///IGH|C15orf48|CCDC110|EPYC|LILRA4|TRIM59///IFT80|FAM30A|LOC100996809///HLA-DRB5///HLA-DRB4///HLA-DRB3///HLA-DRB1|RAB25|SAXO2,0.6520671909393617,0.6379017967750386,0.6770207591940486,0.9979825042172437,0.62405436316353,0.5155355702641251,0.6273220621862947,0.9945130200523351,0.6579645218967247,0.5448064820265657,0.6479392576703378,0.9912982134808144
232,KRT6A|EYA2|BEX2|FCAMR|CILP|WFDC21P|HTR3A|USP9Y|FABP4|FAM30A|PNMAL1|ABCG5|LINC01102|LINC00877|HSF5|SPIC,0.742529944183797,0.5747410531592607,0.7235294890745665,0.9993964110569301,0.5192958289690306,0.4082807286076833,0.6319959009589606,0.988623827034679,0.575068711538519,0.4803914313878505,0.6362718206097834,0.9862431889718496
233,ASMT|KRT13|PTPN20|LOC101930067|CRNDE|C4orf22|GJB2|MYOCD|ZNF711|NPY1R|C12orf77|EPCAM|IGKV1OR2-108|CD1C|PSMA8|HMCN1,0.6737198944006626,0.6782243110281041,0.7114049625541787,0.9963251818289419,0.37466426814228637,0.45684265059017665,0.600194824711497,0.9846203220991739,0.39337702583560846,0.4445472872902927,0.7018465610913409,0.9815416491755953
234,CCR10|C7orf57|EML6|XK|NPIPA5///NPIPB6///NPIPB8///NPIPB3|BIK|LOC102725526///IGHV4-31///IGHM///IGHG3///IGHG2///IGHG1///IGHA2///IGHA1///IGH|SACS-AS1|IGK///IGKC|MAGEA9B///MAGEA9|UMODL1|CD163|MATN3|NMU|KLRC2///KLRC1|LRRN1,0.7833342685669454,0.6391097980132593,0.7633606963461921,0.990880214009305,0.775833661243167,0.6785673870590921,0.7388227394525817,0.9975778419042318,0.7873421152196817,0.7193084110659412,0.7446176812337957,0.9824950086319576
235,GPM6A|ORM2///ORM1|KCNK12|FCER2|IGHD|KRT13|MYOT|MMP1|PTPN20|MUC16|ASB5|CD74|LGSN|KDM5D|PCSK1|GTSF1,0.5671513264553271,0.5515703161920785,0.7424197266111296,0.9943450429088335,0.42640462538204577,0.5227002111414484,0.5984905484067208,0.9919518706618132,0.5257843661895382,0.5343802665192571,0.641051384436583,0.9835760019283306
236,SERPINA9|OLFM4|LINC01102|H2AFB1///H2AFB2///H2AFB3|MYOT|IL17RB|LOC101927811|STXBP6|EPHB1|TFPI2|EPCAM|LOC105372840|ARL14|RGS13|IGHD|PNMAL1,0.6509161389377335,0.6071602689420141,0.7292411746855163,0.9941496963454832,0.5844989260559382,0.6505328488794135,0.6025277528657522,0.9771389143428802,0.5201954194033299,0.4667855215504557,0.7224895878550304,0.981523963222906
237,LRP1B|MIS18BP1|H2AFB1///H2AFB2///H2AFB3|CHIT1|GTSF1|CENPV|ZBTB32|STAG3|NMU|IGHV1-69|CAMP|SUSD5|CTTNBP2|STEAP2|ZPBP2|MFAP4,0.656474063233577,0.6919965261520997,0.728833986113266,0.9946459349612154,0.6041834960251607,0.5670984854992442,0.6540781327168244,0.9743574266664025,0.6796930184163393,0.5927075152697948,0.6972684638888926,0.987696162258705
238,CCL17|CCL21|UBASH3A|SERPINA9|CCL22|P2RY12|LOC101930114|KRT6A|IGK///IGKC|CXCL6|HAGLROS|CLIP2|KRT13|NCKAP5|HLA-DQB1|CENPV,0.5475885775926012,0.7008684888397652,0.7565531191180148,0.9907523366539162,0.5562289525711038,0.6530503871357847,0.712772792728472,0.9909607676976114,0.5892659064897408,0.6343286972522018,0.7168243778997341,0.9697537148292972
239,AQP9|LINC01021|LRRN1|ABCG5|SFTA3|LGALS2|HMCN1|FCER2|FAM167A-AS1|KDM5D|LOC101930114|FAM129C|LOC100653057///CES1|MIS18BP1|KRT13|MGST1,0.5762045165082443,0.5605678157993663,0.6946626757190099,0.998585668838944,0.2812410430497387,0.4127018230098448,0.626692848535253,0.9899141008091388,0.5006479890680667,0.4803317932503866,0.6676027665004043,0.986695614403273
240,LOC440864///MSH6|FCER2|LOC102725426///MIR8071-2///MIR8071-1///IGHM///IGHG1|ASMT|KCNH8|UBASH3A|LOC100505878|RSPH1|MUC16|CT45A8///CT45A9///CT45A10///CT45A7///CT45A2///CT45A1///CT45A6///CT45A5///CT45A3|USP9Y|S100A8|ASB5|LOC101930415|RPS4Y1|CTCFL,0.764837486274637,0.6785648047457312,0.7134033477637083,0.9958788491229978,0.6848161395202177,0.623809586294215,0.6801752380081438,0.9935686741047529,0.6989193988140642,0.6033476938386193,0.6849964866426297,0.9835191677019641
241,PKHD1L1|SEC31B|CD163|ZYG11A|TPSB2|RASSF6|NME8|FAR2P3///FAR2P2|S100Z|EML6|PTPN20|PLA2G2A|MAGEA9B///MAGEA9|MUC16|CETP|TCL1A,0.7453456978154036,0.6853512777826076,0.7767530325176639,0.9956075462424722,0.6824817142693599,0.6478925576133037,0.7828844076375651,0.9926223548756858,0.754295119554725,0.6691330682612171,0.7276667412499283,0.9921376133671892
242,UBASH3A|SPIC|UHMK1|FAR2P3///FAR2P2|LOC101930415|CD74|PITX1|XIST|KCNN3|STXBP6|TXLNGY|HMCN1|HIST1H1B|LTF|KRT14|LOC101929272,0.47600516753261857,0.6790740677174281,0.8183008795203681,0.9483858943296216,0.31299277256648766,0.5437430722296989,0.7185506433645232,0.9316427034358625,0.7093909507360575,0.7329372211556535,0.7735650427941412,0.9936512192060962
243,LINC00877|ORM2///ORM1|CD74|LOC100134317///LOC284412|FAM30A|MYOCD|STXBP6|LOC102725426///MIR8071-2///MIR8071-1///IGHM///IGHG1|FAM129C|LOC102725526///IGHV4-31///IGHM///IGHG3///IGHG2///IGHG1///IGHA2///IGHA1///IGH|HLA-DQB1|LIN28B|KCCAT333|CRNDE|KDM5D|MME,0.7028566487268473,0.4948709778364789,0.6867152013199591,0.9972281617553493,0.616542714602019,0.3658743610766133,0.6920882622515798,0.9791246187011626,0.7006209892507469,0.52297231259545,0.7139406629750196,0.9779308519921553
244,LOC100996809///HLA-DRB5///HLA-DRB4///HLA-DRB3///HLA-DRB1|MGST1|FCGR3B///FCGR3A|LGSN|COMP|C15orf48|SAXO2|LOC100130744|STAG3|AICDA|TCL1B|ASB5|LOC100653057///CES1|LOC101930067|IL13RA2|MMP3,0.6583117725616685,0.6334832727565458,0.6444042396436815,0.9971362804474475,0.520907667231926,0.6213918672762471,0.5953603987090965,0.9935391566074533,0.5772082709529108,0.6238001295570998,0.6249176173800739,0.9845894446950669
245,FAM111B|SERPINA9|LOC101930415|KLHL13|CT45A8///CT45A9///CT45A10///CT45A7///CT45A2///CT45A1///CT45A6///CT45A5///CT45A3|LINC01297|MMP3|KCNK12|MUC16|TFPI2|NLRP4|KDM5D|CCL20|CAMP|LILRA3|PNMAL1,0.5725648175871039,0.41918491011540565,0.6694165221124679,0.9921316053247535,0.38009226112693695,0.5795311222639817,0.6725854882112241,0.959813928049054,0.5048883471760325,0.5858495934668766,0.6180115073319802,0.9680145151726689
246,CCDC110|LYPD6B|LOC105372840|LOC101930415|PRAME|XIST|PXDNL|KRT5|CAMP|HLF|LILRA4|EPHB1|UGT2B17|CD163|PITX1|ICOS,0.5823319229305547,0.487068921218212,0.7156920284114914,0.9988092289906881,0.5614504958912045,0.5117687143737009,0.6700085934711302,0.9901215149673166,0.6663711796222229,0.5653257123751788,0.7012278361177733,0.9884374366105525
247,EYA2|CILP|MAGEA9B///MAGEA9|MIS18BP1|STXBP6|TRIM59///IFT80|CAMP|HTR3A|MAL2|IL22RA2|TCL1A|C3orf67|NPIPA5///NPIPB6///NPIPB8///NPIPB3|CD1C|LOC101929272|CPXM1,0.5397823707595673,0.5888031474154956,0.8211776663101695,0.9886007491922475,0.303043633343403,0.5303962735699754,0.760909470983389,0.9844298353764775,0.5976612332805226,0.5922386500028896,0.7593469280370122,0.9927870217333459
248,SMC3|FCGR3B///FCGR3A|MGST1|C1QA|LINC01268|LOC101929141///CCDC144CP///CCDC144B///CCDC144A|KLHL13|LILRA4|SACS-AS1|FAM167A-AS1|CLIP2|CD163|EPHA4|CTAG1A///CTAG1B|GPM6A|SERPINA9,0.7900701660091795,0.7128986484916808,0.7874169343181114,0.9930769501440014,0.7623913176802481,0.6865017732253962,0.7337428172935928,0.9809368514770933,0.7886828109598641,0.7041570289701061,0.7629235266281331,0.9758262703773753
249,C1QA|ORM1|ZPBP2|EPHB1|SUSD5|EPYC|IL17RB|LOC100509457///HLA-DQA1|ICOS|SAXO2|MYOCD|LOC613266|FAM129C|TRIM59///IFT80|LOC100130744|KRT13,0.5322442572311572,0.625694842389455,0.6825822079920905,0.988634369117635,0.4581557958897924,0.5455912855345981,0.6569209762503658,0.9487988567665718,0.6941927253069435,0.6843999034585425,0.7088924404697117,0.9800071316239202
250,KCNH8|CPXM1|LOC101930415|TPSB2|GJB2|IL22RA2|CCL22|BEX2|EPCAM|CD74|PLA2G2A|UHMK1|NOL4|KLRC2///KLRC1|OLFM4|HEPACAM2,0.3806415525349197,0.4373407139353127,0.742838394426161,0.9718378609661561,0.1545974119935916,0.43605481111839706,0.6234110526622152,0.9685725397903272,0.35116201374406847,0.3881278118911115,0.5275914881313477,0.9954113071145427
251,LOC613266|GTSF1|VPREB3|IL13RA2|FAM129C|MAL2|WISP2|SEC31B|P2RY12|LGALS2|NME8|NLRP7|ZYG11A|KCNH8|FCER2|CTAG2,0.6820207175746263,0.6717278940653025,0.7109762172423739,0.9952292520715046,0.5964104370466007,0.6899082420832353,0.6442081951972674,0.9884082420423043,0.5444882243890297,0.4910525911976556,0.642830444177142,0.9789360981548086
252,LOC101930114|MAGEA1|MARCO|C15orf48|EPHA4|EPYC|NLRP11|NOL4|SFTA3|LINC01405|FCER2|MUC16|KCNN3|LOC101929272|KRT14|FAM167A-AS1,0.5862487514209562,0.659591405868977,0.6765691776724438,0.9974483739493438,0.3913179083825708,0.4865949910459638,0.6978240939715352,0.9968585974180085,0.3370296093486131,0.5079802149864345,0.6193277882334342,0.9925554753610111
253,SPINK2|SCARA5|LOC105375172|HLA-DQB1|NPIPA5///NPIPB6///NPIPB8///NPIPB3|LMO2|SYT17|LHX8|CLIP2|LOC100130744|CAMP|HLF|NPY1R|MGST1|KRT13|LOC613266,0.6272427822999523,0.45957325032081364,0.7131296372724524,0.9835702687959667,0.5624914685701201,0.6127213103293921,0.7042651855383281,0.9908467309778819,0.6605548749876197,0.5641463887305818,0.732149846677429,0.9808023534797422
254,AQP9|C15orf48|FAM167A-AS1|LHX8|SEC31B|RAB25|H2AFB1///H2AFB2///H2AFB3|ZBTB32|FCRL4|TFPI2|LOC102725426///MIR8071-2///MIR8071-1///IGHM///IGHG1|PSMA8|MMP12|FABP4|CTCFL|HMCN1,0.7342516547900245,0.6209970284358115,0.6453393209069315,0.9972563961204888,0.6383556411562726,0.6126953418284968,0.6438807134083692,0.9829817909664272,0.6276455158006704,0.5981759920066484,0.6800337803719314,0.9838863131486488
255,LTF|LINC01297|C1QA|CXCL6|LOC283454///HRK|HMCN1|DNER|LOC440864///MSH6|RPS4Y1|MMP12|CCL20|IGKV1OR2-108|SUGCT|CRNDE|ASPN|ASB5,0.7359420478623323,0.7643918183857213,0.7338189923322204,0.989424991563328,0.5972802595633144,0.7028741592996532,0.6618503833892045,0.9583890187599232,0.7136355663129571,0.7542370126751523,0.6877848182356812,0.9772814964481648
256,IGKV1OR2-108|AQP9|SERPINA9|PTPN20|GTSF1|GPM6A|AICDA|ICOS|LOC102725526///IGHV4-31///IGHM///IGHG3///IGHG2///IGHG1///IGHA2///IGHA1///IGH|PITX1|ZNF257|USP9Y|NLRP11|MARCO|ZIC2|KLRC2///KLRC1,0.8502994853999226,0.8360361358880227,0.8250239012816794,0.9973270164988128,0.6827857626423436,0.649582647772364,0.7002393392719782,0.9848618985516138,0.673839739885346,0.600984314053912,0.7043398812013453,0.9809836109003162
257,AQP9|IGLJ3///IGLV1-44///CKAP2///IGLV@///IGLC1|LHX8|JCHAIN|ORM1|KCCAT333|SUGCT|MMP7|SCARA5|RGS13|COL11A1|LILRA4|EIF1AY|MT1M|KLHL13|RASSF6,0.8068494849950137,0.7043996969657786,0.7564128485074744,0.9950334768553775,0.7210235036194974,0.7752434739295626,0.6868172566339275,0.9872814874651116,0.7054613752290302,0.6467663895881788,0.6696468654966538,0.9843950834201325
258,CD1C|MATN3|EPHB1|XK|GPM6A|CILP|IL17RB|NMU|LOC283454///HRK|CCL17|UHMK1|FCER2|RNF183|LINC00487|CTCFL|ADIRF,0.6465268839050582,0.683439126355147,0.7431720930543728,0.9946898020223782,0.5102766004354469,0.606622989308466,0.6261575587430017,0.9828110499349135,0.7293987073263477,0.7518058141264717,0.7060932605109322,0.9903307600865738
259,HK3|WFDC21P|SOX2-OT|IGK///IGKC|ZYG11A|MYOT|FAM111B|NPY1R|LOC102725426///MIR8071-2///MIR8071-1///IGHM///IGHG1|PNMAL1|KRT13|ZNF257|S100Z|MGST1|LOC102725526///IGHV4-31///IGHM///IGHG3///IGHG2///IGHG1///IGHA2///IGHA1///IGH|LOC100996809///HLA-DRB5///HLA-DRB4///HLA-DRB3///HLA-DRB1,0.710905808941692,0.6719368194418509,0.7222295208092424,0.9967629949872213,0.5240789460230799,0.48999390689479916,0.6421213863478341,0.9933266415042976,0.6489826379637658,0.5495983984065264,0.6604011772814709,0.9875489555573709
260,CETP|RGS13|FAM129C|PABPC5|HTR3A|EML6|TFPI2|LOC100134317///LOC284412|ZNF883|FCAMR|IGK///IGKC|TNFRSF17|CAMP|MYOT|PROK2|LOC101930114,0.5445713677846824,0.7091829842855624,0.6492143499136709,0.9929357502002385,0.5014182885937106,0.6498376502876267,0.6393321112168884,0.9931115427084245,0.6055709527652142,0.6904910764900065,0.7213748190090168,0.9761632366544861
261,KRT13|LMO2|CT45A8///CT45A9///CT45A10///CT45A7///CT45A2///CT45A1///CT45A6///CT45A5///CT45A3|EYA2|KRT5|COL9A3|LOC440864///MSH6|MAGEB1|ZPBP2|CXCL14|MMP12|SERPINA9|ORM1|PABPC5|CENPV|IL17RB,0.7650888666882354,0.623769150608615,0.7899690885476106,0.9975682071570194,0.7074676401658236,0.6127835449198011,0.7352427919915455,0.9811191437140265,0.7458812318861505,0.6613850622544635,0.6990138430320436,0.9773454722431388
262,MMP12|CCL21|LHX8|AICDA|LIN28B|AP3D1|MAGEA6///MAGEA3|LOC101929272|NPY1R|MMP7|C12orf77|MAGEA1|SACS-AS1|EYA2|LMO2|ORM1,0.7567608820471821,0.7953634697380165,0.8874860895355932,0.9976568556338347,0.6154594097701184,0.703426345165634,0.7372867455062699,0.9888738213790242,0.7164380417543154,0.8522510177445771,0.7244023255161633,0.9842114370303718
263,TCL1B|COL9A3|CAMP|LGSN|FCGR3B///FCGR3A|MAGEB2|PNMAL1|XIST|ZPBP2|UBASH3A|LOC100130744|CILP|PRAME|ZNF883|HLA-DQB1|KCNK12,0.5574883335331813,0.47813165195057816,0.7253114212124401,0.9968402176696305,0.5619115403265195,0.5659521325363095,0.6231642574811087,0.98905010219691,0.5966226809133981,0.5700187691649864,0.6152706729271439,0.9787151170228129
264,MAGEA1|GPAT2|ASPN|SOX8|DNER|PDGFRL|IL22RA2|FCER2|ZPBP2|STXBP6|NLRP4|MIS18BP1|IGK///IGKC|PKHD1L1|UMODL1|SNX29P1///SNX29P2,0.8024837816632638,0.6408810715717592,0.8003676812534004,0.9930759981351376,0.5812255747629437,0.506757027318976,0.6760295428597314,0.9541117277036082,0.659415335582058,0.5181782213014021,0.6734843440684538,0.968690303997862
265,CCL21|ASZ1|HK3|STEAP2|LRP1B|LHX8|CLIP2|UGT2B17|ORM2///ORM1|RPS4Y1|GOLIM4|HSF5|H2AFB1///H2AFB2///H2AFB3|CHIT1|OVAAL|MARCO,0.7423840649948181,0.6804790239332222,0.7103595089396768,0.998461672111397,0.48996459066169373,0.5082259417406989,0.6108049039415595,0.9693541420017565,0.5514777827892041,0.4459846164270921,0.6756995120355664,0.9663392976808738
266,DAPL1|LOC100509457///HLA-DQA1|LINC01297|OVAAL|MMP12|LOC101927811|C17orf99|CTAG1A///CTAG1B|SPIC|TXLNGY|BIK|HEPACAM2|STEAP2|AQP9|EIF1AY|NMU,0.8039468907765979,0.7166555907059984,0.7754633630299677,0.9918581143118719,0.7457390757714023,0.5951024382149277,0.7134527190595965,0.9945044130043261,0.7724102241340749,0.786700867780289,0.7569213225796931,0.980680670968299
267,MIS18BP1|PDGFRL|SEC31B|CD74|MARCO|MT1M|DNER|HSF5|HIST1H1B|RAB25|NLRP7|CENPV|GPM6A|S100A8|ASZ1|PPBP,0.6384099550066364,0.6175637083541488,0.7202780534663418,0.9778397166516348,0.38508922967582726,0.43454028834890673,0.7239635402923656,0.9219042234890571,0.6192223060560006,0.5466279524919342,0.6699008171586602,0.9785139282307299
268,PXDNL|VSIG4|LOC101930067|LOC100130744|NCKAP5|C15orf48|CTCFL|EPCAM|CCL20|LINC00487|KCNK12|LILRA4|FDCSP|SFRP2|EPHB1|BIK,0.7337035240780203,0.6849574336156026,0.7563408570322325,0.9975731681367603,0.5525561420315356,0.6279302674237897,0.6229419599030825,0.9930623821031117,0.6639239879220352,0.6346728141756073,0.6913976530718549,0.9852105354794938
269,H2AFB1///H2AFB2///H2AFB3|FSTL5|MMP20|NLRP7|LOC613266|LINC01021|DNAH8|ORM2///ORM1|OLFM4|IGHD|UBASH3A|FAM167A-AS1|LOC100653057///CES1|PSMA8|NLRP11|CD1C,0.6503961410140092,0.648939921288946,0.7528328770619832,0.9899609059110908,0.5906378348732898,0.6779502949132166,0.7657225271163665,0.9948655035949782,0.6702708212497634,0.6454265068316086,0.7668019134064824,0.9790619560389824
270,SFRP4|CAMP|ZIC2|HIST1H3B|PKHD1L1|LINC01268|CCDC110|STXBP6|LOC100996809///HLA-DRB5///HLA-DRB4///HLA-DRB3///HLA-DRB1|CILP|FDCSP|LYPD6B|CENPV|FAM111B|CRNDE|PCSK1,0.6148276186556977,0.7261105839600778,0.8191085666202096,0.9952369800534163,0.5062290719785525,0.5929934584666504,0.6986589030106924,0.9646604253703892,0.5293341311087392,0.5677769894690725,0.6582834134198927,0.981541657601919
271,ASB5|CTAG1A///CTAG1B|LGALS2|CXCL14|MMP7|TCL1A|GJB2|SYT17|LINC01268|MYOCD|CLIP2|TRIM59///IFT80|TCL1B|GTSF1|P2RY12|SPRR1B,0.5744040972680015,0.5063009216304126,0.6874039737747473,0.9991102756487655,0.5683402389648133,0.6859901203562212,0.6421351242569933,0.9823577595437231,0.5760992966470647,0.6628998195773066,0.6932134089087223,0.9820808162593863
272,SDR16C5|MMP20|MGST1|SUSD5|UGT2B17|HPDL|C15orf48|CETP|KLRC2///KLRC1|CILP|HTR3A|NPY1R|LOC101930067|TRIM59///IFT80|LINC01268|SOX2-OT,0.5404860862326905,0.6012339015841872,0.730774718315736,0.997966112748583,0.26672591391309525,0.493787976174883,0.5747148390785458,0.9811767232958828,0.616446460959804,0.613839423272595,0.675762571225019,0.9747327771385136
273,CAMP|MMP20|AICDA|PSMA8|TPSB2|ORM1|PROK2|MGST1|LINC01297|SCARA5|CCL17|CCR10|OLFM4|NLRP7|MMP12|KDM5D,0.6414146463181793,0.5508869661925129,0.7154016370730436,0.9991606856293893,0.5718488884506583,0.5741334300065772,0.7203180311733363,0.9948254502485493,0.5925772032295712,0.529877986607696,0.7171378259979635,0.9945345860605024
274,CAMP|WFDC21P|LOC105372840|PRAME|C4orf22|MATN3|FSTL5|HAGLROS|LMO2|MYOT|PITX1|BEX2|PXDNL|VPREB3|CPXM1|LOC101927811,0.7283863945847038,0.6797365733036371,0.7281136677295181,0.9991585855558063,0.5387081413147632,0.4521809349269424,0.6368233762567261,0.9813597476144716,0.5166959068505171,0.5205623899886939,0.5979693676127414,0.9818047202221766
275,SERPINA9|IGHD|LOC283454///HRK|HMCN1|IL13RA2|MAGEA6///MAGEA3|LMO2|RAB25|LOC101930415|MYOCD|C15orf48|HAGLROS|EYA2|H2AFB1///H2AFB2///H2AFB3|NMU|LOC105375172,0.6859090412659256,0.6822380450216597,0.691452051469579,0.9967147173452451,0.5334083814108797,0.626714207837584,0.7123798067897814,0.9890406924981728,0.6108386699263929,0.5172108403459512,0.6727088894680786,0.9883693380585765
276,IGHV3-23///IGHV4-31///IGHM///IGHG3///IGHG1///IGHD///IGHA1///IGH|FAM111B|KDM5D|MIS18BP1|ASZ1|BEX2|TFPI2|FCGR3B///FCGR3A|SFRP4|KRT6A|C1QA|LOC101927811|ZNF883|C7orf57|NMU|KRT13,0.6689959402959508,0.7342941696098199,0.7486358668056127,0.9780870393551755,0.518366942971574,0.6894442962371536,0.70625666251664,0.9678943628199855,0.6939103034849594,0.5824522308101651,0.6811118364580458,0.9903408436848534
277,ORM2///ORM1|FCGR3B///FCGR3A|MAL2|MYOT|HSF5|ZYG11A|FAR2P3///FAR2P2|WISP2|IGLJ3///CKAP2|HEPACAM2|LOC101930114|PDGFRL|ICOS|CCL17|TCL1A|DNAH8,0.7369964732765144,0.710690349746318,0.7847996095141996,0.9961793955299212,0.5680386782968803,0.610486165415898,0.7012845685150391,0.9900465872715832,0.5231537577790091,0.5939210876333636,0.7103016107643239,0.9790711516737516
278,XIST|RSPH1|CD1C|SAXO2|BIK|WISP2|PRAME|PTPN20|KCNK12|COMP|ARL14|NOL4|IGLJ3///CKAP2|TRIM59///IFT80|KRT5|SUSD5,0.5783497727197874,0.4986152033328511,0.6749730126582003,0.9986852322248605,0.2945501698763862,0.46943855293474707,0.5969679318046636,0.9888833731987742,0.357252489363847,0.4061770119532029,0.5818859534265259,0.9834466069579595
279,LOC101929272|KCNK12|UMODL1|PPBP|SFRP2|WISP2|CLGN|MMP7|PABPC5|BIK|MAGEB1|LOC100130744|TFPI2|BEX2|RPS4Y1|CTCFL,0.5433162220912723,0.5094619725433505,0.6877475770185454,0.9986437037666338,0.401978531586239,0.4531685401543104,0.5762324545152043,0.9750395969534486,0.42812504104320853,0.4649748603006634,0.5916342278826131,0.9777228726589169
280,BEX2|GOLIM4|PROK2|LOC100996809///HLA-DRB5///HLA-DRB4///HLA-DRB3///HLA-DRB1|HLF|CD1C|C4orf22|GJB2|WISP2|KCNH8|TCL1B|UGT2B17|LILRA3|NLRP4|ABCG5|RPS4Y1,0.6372360371722081,0.623744739917133,0.709379183123322,0.998262037656549,0.383351395697817,0.4859822362690979,0.6097683808803188,0.9918826474678267,0.3820363367273303,0.517873041329675,0.5746672430017864,0.9869883497561535
281,NMU|CAMP|KRT5|PKHD1L1|SERPINA9|MAGEB2|KCCAT333|PCSK1|LOC102725426///MIR8071-2///MIR8071-1///IGHM///IGHG1|FCER2|ASMT|SFTA3|LILRA4|KLRC2///KLRC1|ASPN|MIS18BP1,0.497606126971669,0.41441876219873663,0.6359888336470008,0.9970170941798253,0.2540599684552174,0.4035840048323114,0.5530181243662713,0.9855596136103723,0.4090131164179573,0.4890321326207275,0.557698684687266,0.9938896611406801
282,IGLJ3///IGLV1-44///CKAP2///IGLV@///IGLC1|LINC01405|HMCN1|PNMAL1|S100A8|CCL20|LIN28B|MUC16|EPHA4|SFRP2|JCHAIN|LILRA4|CHIT1|COL9A3|RGS13|NOL4,0.6815565068681162,0.6868583674920149,0.7833874349549308,0.998802255271158,0.6828550248197147,0.6243828112425198,0.7682183004738309,0.9917542551901883,0.7327161273246977,0.6357415132763544,0.714322142521653,0.9922867085147599
283,HMCN1|H2AFB1///H2AFB2///H2AFB3|KRT14|WFDC21P|ADIRF|GJB6|CCR10|C17orf99|CCL21|IGHD|SDR16C5|XIST|ORM1|C7orf57|HIST1H3B|ASB5,0.5360756348019704,0.5085217169439775,0.7016721742909762,0.99653888805147,0.4186522460842625,0.5587679442369186,0.5919356979217241,0.9944726587899198,0.6526532283514171,0.7055927282230198,0.7228914221080069,0.9885114616353807
284,FCGR3B///FCGR3A|DNER|KRT5|STEAP2|TCL1B|PNMAL1|FAM111B|LOC100505878|MAL2|IGKV1OR2-108|OLFM4|ABCG5|PROK2|CCR10|KRT13|NCKAP5,0.5223715300499406,0.5935718304812698,0.6818065598719634,0.9972745125794052,0.5579730496454602,0.6055780624722905,0.6336280292598084,0.9943614409949326,0.6768137712435371,0.6699600261071169,0.6775532498545591,0.9968230838885874
285,ZNF385B|DAPL1|CENPV|CD74|LINC01268|MAGEB2|CD163|STAG3|SDR16C5|GTSF1|CT45A8///CT45A9///CT45A10///CT45A7///CT45A2///CT45A1///CT45A6///CT45A5///CT45A3|NCKAP5|SFRP2|CD1C|CAMP|LMO2,0.734608709291369,0.7092666209726775,0.7117209487170753,0.9960489148607429,0.6477584755587208,0.7317394826720296,0.7523906278120658,0.9884360135925834,0.7640746936607908,0.7122401520222442,0.6951930602471004,0.9901572434194129
286,IL13RA2|FAM129C|PCSK1|UBASH3A|HLA-DQA1|CTAG1A///CTAG1B|OLFM4|JCHAIN|EPHB1|GPM6A|AP3D1|XIST|S100A8|KCNK12|CHIT1|SFRP4,0.6256474992534412,0.6302585012584196,0.6823863073930527,0.9941971797903826,0.42287205020625734,0.456980766103505,0.6559914691843427,0.9732068555174312,0.4756216080257578,0.4542043539439759,0.5730493527229235,0.9841958064102168
287,LOC101930114|LINC01021|C7orf57|IL22RA2|PABPC5|UHMK1|CLIP2|LHX8|GOLIM4|STEAP2|IGHV1-69|ZPBP2|PRAME|KRT14|EPYC|IGLJ3///IGLV1-44///CKAP2///IGLV@///IGLC1,0.41180406488275634,0.4546463063805872,0.6388380798104183,0.9911907524873941,0.17321367780998675,0.4126559308377484,0.6380930278951226,0.987018378046296,0.3135426992938344,0.5007103651315391,0.6349390750830637,0.9857264382468024
288,MAGEA6|NPIPA5///NPIPB6///NPIPB8///NPIPB3|LGSN|HTR3A|FDCSP|LINC01297|MAL2|KRT13|SUGCT|CTAG1A///CTAG1B|GPM6A|PITX1|RPS4Y1|NOL4|VPREB3|LMO2,0.7252342112270709,0.6987222623189556,0.7519282630038513,0.9965931004914238,0.4821153008740544,0.6085722128557376,0.6615771874326823,0.99582949674931,0.6966344774050488,0.8112265678051396,0.7254933543060287,0.9904220773518485
289,PKHD1L1|MMP7|IGHV1-69|PRAME|MMP3|IGHV3-23///IGHV4-31///IGHM///IGHG3///IGHG1///IGHD///IGHA1///IGH|PTPN20|RSPH1|PSMA8|EPHB1|UBASH3A|GJB2|ADIRF|CTAG2|LOC100134317///LOC284412|LYPD6B,0.5539204047150775,0.5677205170832046,0.7100502564792879,0.9979690897862264,0.3960931513841561,0.5842597616821179,0.6099175775781802,0.9942755119972727,0.31056798911454125,0.5311752422115013,0.6265713297328028,0.9928228235708245
290,RPS4Y1|LOC101930067|PITX1|LOC102725426///MIR8071-2///MIR8071-1///IGHM///IGHG1|FCAMR|LOC101930415|EYA2|LOC101929272|PLA2G2A|COL11A1|KCNH8|ABCG5|DAPL1|FABP4|PXDNL|IGLJ3///IGLV1-44///CKAP2///IGLV@///IGLC1,0.5601188455054,0.6371454403728376,0.7049165498195851,0.9975514650518994,0.48347458412562927,0.5849161102825156,0.6803981216214442,0.9959657346324348,0.4281183330678889,0.5683128944491164,0.6408890626332377,0.9938245680940463
291,MIS18BP1|EPCAM|ZBTB32|LILRA3|ASZ1|SFRP4|AQP9|H2AFB1///H2AFB2///H2AFB3|LOC101930067|CCL21|ORM2///ORM1|LIN28B|KCNK12|ZNF385B|FCAMR|FAM167A-AS1,0.709647398303475,0.5344247740623396,0.705698419148346,0.9963644207247229,0.5579757654237105,0.4562066162057762,0.7013445598271518,0.983406086202363,0.5068557350111987,0.596064062118395,0.5839913859154815,0.9811167972391982
292,ARL14|TRIM59///IFT80|MAGEA1|MAGEA6|LINC01405|ZNF711|ICOS|LINC00487|LOC102725426///MIR8071-2///MIR8071-1///IGHM///IGHG1|PABPC5|MFAP4|LOC100996809///HLA-DRB5///HLA-DRB4///HLA-DRB3///HLA-DRB1|C15orf48|GPAT2|CD1C|LGSN,0.4237899574638918,0.47309748853919686,0.654351041923287,0.9963554420969266,0.39580687661592406,0.5979436110342073,0.651414582241524,0.9904108155097798,0.5574493009373486,0.6162869437424011,0.7023947836605295,0.9888621944222455
293,EML6|HMCN1|IGK///IGKC|CCDC110|SCARA5|LEP|S100A8|AP3D1|VPREB3|SACS-AS1|CT45A8///CT45A9///CT45A10///CT45A7///CT45A2///CT45A1///CT45A6///CT45A5///CT45A3|NME8|VSIG4|SFTA3|LOC100996809///HLA-DRB5///HLA-DRB4///HLA-DRB3///HLA-DRB1|MMP12,0.767835801215544,0.5308930500762383,0.6932150808642454,0.9959723415711663,0.6680966494242451,0.533903997965544,0.6774758054634499,0.9892129052596815,0.7312181604924302,0.6379219360317516,0.747282720639878,0.9810337853642757
294,PDGFRL|HMCN1|MAL2|S100Z|LTF|CTAG2|CCDC110|LOC100996809///HLA-DRB5///HLA-DRB4///HLA-DRB3///HLA-DRB1|CTTNBP2|KCNH8|LOC100509457///HLA-DQA1|ZIC2|RAB25|FDCSP|C3orf67|PKHD1L1,0.7469193236742773,0.8731160209432822,0.7651573517816348,0.996550656488266,0.7053299137740897,0.7398706916115045,0.7759442518953787,0.9869026279759987,0.7332512878771501,0.7066917929348872,0.7313366387263922,0.9875058998147805
295,P2RY12|C17orf99|ZNF257|USP9Y|HPDL|UMODL1|LILRA4|LINC00877|LOC101930114|ARL14|IGHV3-23///IGHV4-31///IGHM///IGHG3///IGHG1///IGHD///IGHA1///IGH|SAXO2|KCNH8|CENPV|ABCG5|SPINK2,0.8139538467288672,0.5549228863863112,0.7281803441501009,0.9928641074172845,0.7002753906159467,0.5219851272557914,0.7129390721596933,0.987246788869153,0.7322564073649483,0.5332168546105615,0.6932458578217109,0.964659932337379
296,EPHB1|KCNH8|ZNF883|MMP3|CCDC110|BEX2|CCL21|PABPC5|IGLJ3///IGLV1-44///CKAP2///IGLV@///IGLC1|C3orf67|LINC01405|SPIC|PPBP|OLFM4|PXDNL|LEP,0.597794963875057,0.6196101435734509,0.6720860565910387,0.9912491575424613,0.5476424673934,0.5923081998914548,0.6580149927941117,0.9964566631032579,0.5705916893494406,0.6050215382797858,0.7015068783203227,0.9845941722935335
297,LINC01297|SYT17|LOC101927811|MAL2|TNFRSF17|LOC101929141///CCDC144CP///CCDC144B///CCDC144A|RSPH1|UBASH3A|LGSN|KLRC2///KLRC1|MATN3|CTCFL|C7orf57|CHIT1|MAGEA6|SEC31B,0.5463062638624878,0.5723920042125524,0.7102864449531681,0.9886444168941736,0.32237423454139097,0.4729358668657198,0.6134501586133772,0.9811582287881788,0.3631250425214076,0.463318049798651,0.6049171405923905,0.9848242996003459
298,HEPACAM2|LOC283454///HRK|SAXO2|EYA2|ASMT|PPBP|IGHV1-69|DAPL1|MUC16|MMP7|NME8|ORM1|LEP|ZNF385B|RAB25|TRIM59///IFT80,0.5549605777975773,0.6118105788134398,0.6764244123769783,0.9985662932844368,0.31897205395240646,0.44103792026987576,0.6213998343246863,0.990185670870097,0.22973035064629344,0.44306619742089687,0.554010000484285,0.9919523050879675
299,LOC100130744|LOC102725426///MIR8071-2///MIR8071-1///IGHM///IGHG1|NME8|IGHV1-69|CD74|CXCL14|LOC613266|AICDA|GPAT2|MME|VSIG4|HPDL|UMODL1|ZIC2|RGS13|SOX2-OT,0.5241836057747056,0.6503632671753907,0.6583714561944284,0.9965764818276198,0.48195266374531165,0.6221947868150233,0.6868632534109127,0.9866673835357084,0.6393877243062193,0.6676324150817912,0.6744550326539583,0.9901047843180923
300,KCNN3|LILRA3|CT45A8///CT45A9///CT45A10///CT45A7///CT45A2///CT45A1///CT45A6///CT45A5///CT45A3|CCL20|MYOT|USP9Y|CCL22|LOC100134317///LOC284412|NLRP7|LOC100505878|LINC01268|LOC102725526///IGHV4-31///IGHM///IGHG3///IGHG2///IGHG1///IGHA2///IGHA1///IGH|LOC100653057///CES1|COL11A1|ZBTB32|LOC100996809///HLA-DRB5///HLA-DRB4///HLA-DRB3///HLA-DRB1,0.6451099594640674,0.5411664966512706,0.7843150240999666,0.996091948967143,0.5844753485594357,0.5492908406329268,0.6986635515608206,0.9899355585612286,0.6491847874789263,0.687970710427677,0.6791302834815317,0.9880154352130699
301,C4orf22|SPIC|IL22RA2|MAGEA9B///MAGEA9|LOC102725526///IGHV4-31///IGHM///IGHG3///IGHG2///IGHG1///IGHA2///IGHA1///IGH|IGHV1-69|AICDA|TPSB2|NMU|ARL14|CT45A8///CT45A9///CT45A10///CT45A7///CT45A2///CT45A1///CT45A6///CT45A5///CT45A3|KRT14|HK3|LOC100996809///HLA-DRB5///HLA-DRB4///HLA-DRB3///HLA-DRB1|MMP1|GJB6,0.6454697744732125,0.6516246203671356,0.7558087835090245,0.9969347383352258,0.6506227023298039,0.6173803996672799,0.7624857914054617,0.9929006976085103,0.5992700755147887,0.720558433767436,0.738343257619217,0.9963584738432931
302,HEPACAM2|PSMA8|FCRL4|CCDC110|DNAH8|SPINK2|SAXO2|CLIP2|LYPD6B|RGS13|FAM167A-AS1|ZIC2|NPIPA5///NPIPB6///NPIPB8///NPIPB3|IGHD|FAM111B|MGST1,0.6321099949059316,0.6825922108631128,0.7174493244629362,0.9981382419765626,0.263076756429103,0.503074850251455,0.6415469341783867,0.9889090770611431,0.48408411298625187,0.6166244557584215,0.6842160774688366,0.9911006246586573
303,HSF5|LEP|LINC01102|SOX2-OT|SEC31B|CD163|CLIP2|FAM129C|MARCO|CLGN|IGHV1-69|UMODL1|DNAH8|TCL1B|DNER|LOC100505878,0.7319176021302305,0.7600954254421419,0.7554488456657015,0.9944807055622455,0.5709830222094964,0.5795842656071147,0.6404473775875554,0.9822740636466196,0.5670383692053935,0.5726636100340865,0.6277819448418824,0.977384823353245
304,TFPI2|CCL22|LMO2|S100Z|ARL14|FAM167A-AS1|PKHD1L1|FAM129C|S100A8|CD163|C17orf99|AICDA|MATN3|COMP|MARCO|CILP,0.8936299485062912,0.7339914713168145,0.8310952179782443,0.9966301312817849,0.8495616786986313,0.7772861863166842,0.75338056025543,0.9659963964054293,0.8444810253135979,0.6746354289650147,0.7255151275060384,0.9653077180843015
305,LTF|LOC283454///HRK|STXBP6|CENPV|PNMAL1|MAGEA6///MAGEA3|LOC100653057///CES1|IGHV3-23///IGHV4-31///IGHM///IGHG3///IGHG1///IGHD///IGHA1///IGH|LINC01297|COL9A3|LOC101930415|EML6|IL22RA2|ZYG11A|CXCL14|ORM2///ORM1,0.6941910368369624,0.6162312247568317,0.7597790420492609,0.9932370794118217,0.6333697889668944,0.49186590429685045,0.8067133436703813,0.9662062457674413,0.6350772767664574,0.5932014572085441,0.7614093428010669,0.9780100793750112
306,LOC101927811|SERPINA9|MAL2|GJB2|PCSK1|LTF|NMU|HAGLROS|FCRL4|ZNF711|SFTA3|SACS-AS1|SMC3|ASB5|CCR10|LOC105375172,0.35187885932558177,0.6146500033520721,0.6286053707063355,0.9942835082263518,0.2090794496533444,0.4742010917762378,0.640822099617754,0.9979603443302775,0.31168315699360555,0.5407702870352704,0.6503065766937048,0.9960112099826026
307,CCL22|MT1M|TFPI2|GJB6|MARCO|PLA2G2A|EPHA4|FDCSP|LOC102725426///MIR8071-2///MIR8071-1///IGHM///IGHG1|CETP|NLRP7|AQP9|LOC101929141///CCDC144CP///CCDC144B///CCDC144A|ZPBP2|EPYC|OVAAL,0.8619983102860365,0.7983139195194816,0.8279100609707342,0.998467601362305,0.7231350264568458,0.529085284172444,0.6999167930447926,0.9814414204211767,0.729546532191099,0.5386189032966373,0.7132025863036839,0.9770088960549878
308,FCER2|LINC01102|ASB5|OVAAL|HLA-DQB1|FCAMR|EPHA4|MME|IGHV1-69|CTCFL|LOC101930114|ZNF385B|GJB2|CHIT1|NLRP7|CILP,0.5820056096599394,0.5590284708673124,0.7036371169562515,0.9960606246841219,0.5148154900995097,0.46540696452944497,0.7229172685837486,0.9931841460452978,0.6094328848869911,0.7436924889495076,0.7576046094530244,0.9881520367620892
309,GPAT2|SFRP2|MIS18BP1|SYT17|KLHL13|ZNF385B|CTCFL|LOC100130744|FAM167A-AS1|MAGEA1|COL9A3|MAL2|LRP1B|RSPH1|COMP|COL11A1,0.6053628198583095,0.48733076959659205,0.6814781344848979,0.9961320591461773,0.5056015219447961,0.39297116553443545,0.7667312535934779,0.9737984919401457,0.5751975049368211,0.4507849681448562,0.6195964679946229,0.9849490499910637
310,IL13RA2|ICOS|EPHB1|IGHV1-69|LGALS2|HLF|CHIT1|JCHAIN|HPDL|C17orf99|SFTA3|LOC101930114|SACS-AS1|COL11A1|MME|GOLIM4,0.7305053163833765,0.5945004261899822,0.810198824894417,0.9977266362468412,0.5759433231930928,0.5016294897129634,0.6584003379130112,0.9894629068685609,0.5601028372574839,0.619027503548431,0.6734581313540907,0.98522034568787
311,CPXM1|IGHD|TCL1A|MARCO|LOC100996809///HLA-DRB5///HLA-DRB4///HLA-DRB3///HLA-DRB1|RNF183|MMP12|CLIP2|LOC101929141///CCDC144CP///CCDC144B///CCDC144A|MGST1|ZNF711|CCDC110|MAGEB1|C1QA|OVAAL|STAG3,0.7096491666121062,0.4591670105052235,0.755292414967474,0.995619361624832,0.6144005032828685,0.4812162972981175,0.6920611927621241,0.9894883865866941,0.6925888293362658,0.6278519562131123,0.6941047636219134,0.9787581504311768
312,UBASH3A|ASZ1|MATN3|RASSF6|KRT6A|TNFRSF17|ZNF385B|C15orf48|MIS18BP1|SERPINA9|ZBTB32|VSIG4|ORM1|FDCSP|C1QA|LOC105372840,0.7064649470325872,0.6681104247030952,0.7359587994324308,0.9944157605265478,0.6599332233914652,0.5666206100925785,0.7770820723685872,0.975227452540068,0.7350746247655017,0.7335920376271423,0.7327678878878955,0.9734422863169885
313,CD163|ORM2///ORM1|HEPACAM2|PCSK1|CILP|HAGLROS|STXBP6|HLA-DQB1|UGT2B17|FDCSP|CT45A8///CT45A9///CT45A10///CT45A7///CT45A2///CT45A1///CT45A6///CT45A5///CT45A3|LINC00877|PLA2G2A|CHIT1|NOL4|LOC283454///HRK,0.7130915380556268,0.7433500939196707,0.6980556825721742,0.998578429610454,0.6241200426059775,0.6789285133771507,0.6817504511498357,0.9934519300930252,0.5475921743195133,0.6107905703234866,0.6265672635649114,0.9874184384447529
314,FAM111B|UBASH3A|SPRR1B|CCL22|PROK2|HTR3A|COL9A3|LINC01102|AICDA|KCNN3|SMC3|NOL4|SDR16C5|MYOCD|LINC01405|ASPN,0.5575324748660262,0.6060937055718774,0.6543665925154325,0.990458988739932,0.48009842511399525,0.6293745531028985,0.6909813917232394,0.9716778902219878,0.4851614553330104,0.561289881963414,0.6602481900983882,0.9882626010826493
315,HLF|RGS13|LOC440864///MSH6|ZYG11A|LOC101929272|ORM1|CXCL6|PKHD1L1|MAL2|TFPI2|TCL1A|S100A8|IL22RA2|KLHL13|OVAAL|WFDC21P,0.7328675450404187,0.6440879952484952,0.6453214889682366,0.997273593120021,0.6346240816597499,0.5420912331677548,0.7221329441986756,0.9918530992295025,0.580628306473774,0.5009036557215927,0.7017056730899647,0.9923217263235017
316,LILRA3|CPXM1|IGK///IGKC|ZPBP2|TXLNGY|LOC101930067|EPCAM|PSMA8|KDM5D|EYA2|MIS18BP1|LOC102724689|RPS4Y1|FCRL4|SDR16C5|MFAP4,0.8667129703098253,0.7480503100957282,0.7126048992645052,0.9974972363258691,0.7832876891541213,0.5955697575649797,0.6472051412045978,0.9925871040867055,0.8527878781241842,0.6392335723305627,0.6759610960435496,0.9938037284184843
317,EPCAM|SAXO2|LOC100996809///HLA-DRB5///HLA-DRB4///HLA-DRB3///HLA-DRB1|C4orf22|RNF183|FAM167A-AS1|XIST|SFTA3|LOC102725526///IGHV4-31///IGHM///IGHG3///IGHG2///IGHG1///IGHA2///IGHA1///IGH|H2AFB1///H2AFB2///H2AFB3|LOC100653057///CES1|KRT13|HTR3A|PROK2|UGT2B17|AP3D1,0.4090265490512289,0.6371174522994603,0.5940048226857093,0.9982357655083475,0.18851335734092367,0.3965926675871105,0.5506359675308371,0.9974831213824004,0.3837226579024318,0.4692214715645049,0.6246369290073346,0.9949119188632488
318,CRNDE|ASMT|LIN28B|SUGCT|LHX8|IGHV3-23///IGHV4-31///IGHM///IGHG3///IGHG1///IGHD///IGHA1///IGH|H2AFB1///H2AFB2///H2AFB3|NME8|UHMK1|HPDL|LGSN|CILP|C15orf48|SPRR1B|AICDA|HAGLROS,0.6090097874865612,0.4803698671529824,0.7382223706101969,0.9945394470906596,0.22102084834110133,0.4641342511736806,0.6375421717346071,0.9871138729503931,0.2941712106992703,0.4617275227045712,0.5915464256873586,0.9936235045458386
319,SAXO2|DNER|KCCAT333|MAGEA6|LOC105375172|XK|JCHAIN|HSF5|RASSF6|PPBP|IL13RA2|CTAG2|PABPC5|LILRA4|MAGEB2|SYT17,0.6843328594642106,0.6077879081871629,0.7264773273848661,0.998380391074571,0.6557302704585508,0.6956488557018283,0.7341521569627452,0.9963684876786816,0.6473985254778196,0.5677552516125113,0.7621539754989427,0.9939191638875452
320,TCL1A|ZNF385B|HPDL|FABP4|KLHL13|CENPV|SEC31B|LOC100130744|KDM5D|MAGEB2|HSF5|KRT5|C15orf48|STXBP6|GOLIM4|SOX2-OT,0.4140753012544706,0.6931378156199826,0.623187674523648,0.9891793058887762,0.2970225887677841,0.46498910088402823,0.5929455742033987,0.964554987105749,0.46122378097260136,0.514709130000223,0.5887496823031612,0.9887353872043582
321,KLRC2///KLRC1|FAR2P3///FAR2P2|SYT17|SPINK2|CLGN|NOL4|PRAME|SAXO2|GTSF1|RPS4Y1|MAGEB2|LILRA3|CXCL14|KCCAT333|MAL2|AQP9,0.680758084309002,0.6433500927944427,0.690035238380698,0.9967851623590024,0.6848256662693529,0.6618332026842935,0.7241213003875848,0.993300514535498,0.5845988928434172,0.6042700922275543,0.6498126233735744,0.9872576342679822
322,MMP20|KDM5D|CCL22|MARCO|FCRL4|LINC01021|MMP7|LOC102725526///IGHV4-31///IGHM///IGHG3///IGHG2///IGHG1///IGHA2///IGHA1///IGH|LOC100653057///CES1|LYPD6B|H2AFB1///H2AFB2///H2AFB3|FDCSP|NME8|PDGFRL|MUC16|MMP3,0.7009487388422356,0.6715773273166852,0.7488550532201563,0.9966099573271072,0.5747813774066481,0.6119681394685847,0.7247355385941545,0.9848319998599719,0.5384707399157969,0.5447038557502593,0.6617662459259654,0.9743150750280325
323,SFTA3|ORM2///ORM1|CXCL6|TRIM59///IFT80|WISP2|PCSK1|FDCSP|GPAT2|RAB25|LYPD6B|JCHAIN|LRP1B|ASMT|FAM167A-AS1|LOC100130744|LINC01405,0.21222414918833515,0.4655653079675218,0.6410720987539514,0.9929522775546504,0.06046346804629623,0.38306184054526016,0.5468171448426765,0.985291114308825,0.1670621758019976,0.3401915647327642,0.48808215270041766,0.9950757953644583
324,UGT2B17|CILP|STXBP6|BIK|LTF|LOC101930067|TCL1B|MME|GJB2|CCDC110|SMC3|USP9Y|PCSK1|LOC100130744|MUC16|LOC100134317///LOC284412,0.43601410809734065,0.5549339892530654,0.7462801766806922,0.9947787588622669,0.14862606400322056,0.32293331790203783,0.6802953897662115,0.9818160619198898,0.5013049077972855,0.6247253767315104,0.7146309021531336,0.9912891545277918
325,NPY1R|LOC101930067|TFPI2|SYT17|STXBP6|EYA2|SAXO2|ASMT|HEPACAM2|EPCAM|LINC01102|LOC105372840|SCARA5|WFDC21P|TPSB2|MMP12,0.6802115464688937,0.6603611099553066,0.7262750179671027,0.9976835660965545,0.46737175967438804,0.5787083363535794,0.6476937856637901,0.9920502387686216,0.4543197231588143,0.5096373009363357,0.6089370103424274,0.9897926662950511
326,NCKAP5|PNMAL1|ICOS|LOC102724689|CLGN|ASPN|IGLJ3///IGLV1-44///CKAP2///IGLV@///IGLC1|KRT14|LMO2|MMP7|ARL14|RGS13|CD163|SERPINA9|LHX8|FAR2P3///FAR2P2,0.7627929970704732,0.6282539846600006,0.7971915909701752,0.9982406413385339,0.5721667230404546,0.5388583592236387,0.6798309726161857,0.9701210019790742,0.646402272050896,0.6212122199217176,0.6437433429289199,0.9661028710125494
327,IGHD|GPAT2|KCNK12|PTPN20|EPHA4|PCSK1|LOC102725426///MIR8071-2///MIR8071-1///IGHM///IGHG1|ZNF711|CD74|SOX8|UBASH3A|IGLJ3///IGLV1-44///CKAP2///IGLV@///IGLC1|CCDC110|ICOS|S100Z|FCAMR,0.6670196576269058,0.6542201997457655,0.7191407728993551,0.99097280063109,0.45267769955060905,0.5492692604475929,0.7255984595973991,0.976756506170028,0.5639518445099468,0.5818986635670647,0.7419648705129055,0.9542771742634684
328,LOC101929141///CCDC144CP///CCDC144B///CCDC144A|MT1M|FAR2P3///FAR2P2|LIN28B|HAGLROS|CD163|STEAP2|KRT14|HEPACAM2|CLIP2|PKHD1L1|DNAH8|FAM167A-AS1|PSMA8|CTTNBP2|ASB5,0.7025339844352934,0.7206182749272849,0.7454173996200919,0.9964578689087569,0.5765385251828751,0.5977374887149034,0.6873802827586419,0.9930666345934251,0.5792610647932199,0.5210554952389341,0.6726317992808581,0.9846453965070129
329,RNF183|PITX1|WFDC21P|NLRP4|UMODL1|KLRC2///KLRC1|ZIC2|SAXO2|AQP9|GPM6A|STAG3|TFPI2|CRNDE|PCSK1|LGALS2|PTPN20,0.7993837811998938,0.6740391626961508,0.737927884879443,0.9966598710975793,0.5969860555406831,0.5283561648840114,0.5975763412631292,0.9891489626279149,0.6175593093882906,0.5283923765603378,0.669661347432098,0.9830724056630155
330,TPSB2|UBASH3A|STAG3|MMP20|GJB2|ZIC2|AICDA|FAM30A|LOC101929272|ZNF711|SOX8|GPM6A|MIS18BP1|IGHV3-23///IGHV4-31///IGHM///IGHG3///IGHG1///IGHD///IGHA1///IGH|LRP1B|C3orf67,0.6318479762646518,0.4722835065572939,0.6865141745296448,0.9978525259909532,0.7109779750264729,0.4846817311585537,0.7391962989333365,0.994862189253042,0.6078543439267348,0.5107479752798687,0.6836645851449624,0.9897273682058844
331,TPSB2|NPIPA5///NPIPB6///NPIPB8///NPIPB3|NLRP7|KCNK12|LOC100130744|FDCSP|LGALS2|LTF|MAL2|ASMT|CTAG2|ORM2///ORM1|CCL21|C1QA|UHMK1|CCL22,0.5083684375119164,0.6135342695304283,0.7023592280911289,0.9938222183990436,0.3219993996063059,0.5423402982804121,0.631590006318081,0.9741096592168593,0.6352485868353995,0.6573393672199241,0.7154399635066263,0.9883331777047937
332,FABP4|MAGEA6///MAGEA3|NLRP11|LOC100653057///CES1|WISP2|LOC105372840|CRNDE|IGK///IGKC|C1QA|ZYG11A|IL17RB|NPY1R|XIST|NCKAP5|LTF|CCL22,0.6573674358555963,0.679373626259399,0.8127425427344414,0.9978037787849499,0.5319225645721174,0.5575276388678684,0.6888900234969455,0.9856330776493732,0.5981268982140455,0.6363329992655253,0.7121398371089591,0.9789066436089491
333,ASZ1|SUGCT|HEPACAM2|NPIPA5///NPIPB6///NPIPB8///NPIPB3|HIST1H1B|LTF|TFPI2|ZNF711|IGK///IGKC|PABPC5|BEX2|LOC100996809///HLA-DRB5///HLA-DRB4///HLA-DRB3///HLA-DRB1|FCER2|COMP|CCL22|PLA2G2A,0.4382671810227493,0.5167841601351184,0.7379824616120196,0.9956706379915217,0.3831283779084096,0.5053874208994865,0.6477661819402162,0.9741964169057478,0.5691877456372861,0.5057454906598116,0.7408283037895516,0.9869339220914649
334,NLRP7|MMP1|MARCO|MUC16|GPAT2|EPHA4|IGLJ3///IGLV1-44///CKAP2///IGLV@///IGLC1|SACS-AS1|LOC440864///MSH6|IGHV3-23///IGHV4-31///IGHM///IGHG3///IGHG1///IGHD///IGHA1///IGH|CCDC110|VPREB3|FAM129C|CXCL14|LOC613266|TRIM59///IFT80,0.6726747467289945,0.7381780609750611,0.7999082982208316,0.9993723350553132,0.6560840182604348,0.5361191699147675,0.7472443878413748,0.9875366566668087,0.801572701146851,0.7610423698459665,0.8583916281148483,0.9887539167279389
335,GPAT2|CCL21|LOC105372840|C4orf22|HIST1H3B|ASZ1|FCGR3B///FCGR3A|CD1C|KDM5D|MAGEA9B///MAGEA9|MMP20|STXBP6|HEPACAM2|ZBTB32|EYA2|HSF5,0.6883855404485041,0.6850953632370672,0.725012403249451,0.9982451759640032,0.559354312803599,0.452365386408378,0.6991210385927564,0.9979354562589063,0.6082480073358415,0.46459845141570877,0.6739191601960363,0.995597169229656
336,EPHA4|NME8|GJB2|KCNH8|CT45A8///CT45A9///CT45A10///CT45A7///CT45A2///CT45A1///CT45A6///CT45A5///CT45A3|RGS13|ASZ1|MARCO|MATN3|TXLNGY|IGHV3-23///IGHV4-31///IGHM///IGHG3///IGHG1///IGHD///IGHA1///IGH|SACS-AS1|AICDA|MFAP4|ZPBP2|MAL2,0.6859199512855315,0.6153430407822067,0.765759340270302,0.9960372994522607,0.4835474004559157,0.4734022719166607,0.6641686974672533,0.9921511395608734,0.5428715114034287,0.5630537765536469,0.6913254719714995,0.9946126061806366
337,CT45A8///CT45A9///CT45A10///CT45A7///CT45A2///CT45A1///CT45A6///CT45A5///CT45A3|PSMA8|TRIM59///IFT80|AQP9|SFRP2|PTPN20|GJB6|LINC00487|SMC3|SOX2-OT|H2AFB1///H2AFB2///H2AFB3|SACS-AS1|SPINK2|C17orf99|TFPI2|MMP12,0.576966935734453,0.551895926824441,0.7412674624548747,0.995879589560153,0.42300373311482575,0.4946572468126732,0.6584642991020818,0.9860234064794969,0.7189390024655,0.8164499457092091,0.7763463626330509,0.9943221741238685
338,LOC100134317///LOC284412|PABPC5|LRRN1|TFPI2|LOC102725426///MIR8071-2///MIR8071-1///IGHM///IGHG1|FAM30A|DAPL1|COMP|MMP12|SFRP4|SPRR1B|IL17RB|LOC100505878|RSPH1|HTR3A|FCAMR,0.6175451735317837,0.5067150467371918,0.6873446313345812,0.9935339207813968,0.5143978037952774,0.46286800735987177,0.6134949088289465,0.9656632798404063,0.41509682805651565,0.47767829061966494,0.5677131269645477,0.9694568313812696
339,IGK///IGKC|ABCG5|MYOT|LOC105375172|NPY1R|TPSB2|GPAT2|RNF183|ZNF711|FCGR3B///FCGR3A|FAR2P3///FAR2P2|FSTL5|LINC01405|AQP9|PABPC5|HLA-DQB1,0.6144259208810696,0.5782710252692278,0.6881388066853827,0.9919742568879558,0.605560334452674,0.5858537042554555,0.696056001264277,0.9944106666781996,0.5336142107391791,0.4588187857708221,0.7000117404069823,0.9750155533959299
340,XK|LEP|LINC01268|ZNF883|MMP1|GJB2|CD1C|LOC100653057///CES1|NCKAP5|MAGEB1|NPY1R|MGST1|AP3D1|STAG3|P2RY12|PNMAL1,0.5847003574355353,0.5353569173843209,0.6358521779126349,0.9973336752406738,0.44319848852563565,0.4601492269787528,0.6284878242747804,0.9808073105351606,0.6697082001539237,0.6028748880570293,0.7093939027129961,0.9758971342898781
341,NME8|BEX2|RNF183|CTTNBP2|C7orf57|SERPINA9|LINC00877|C1QA|SACS-AS1|PROK2|CILP|RPS4Y1|MUC16|SPIC|MYOCD|CD1C,0.7996982540380707,0.5612899307719594,0.7059539208430248,0.9967776234158671,0.7053428302968817,0.485002100701982,0.7016286538214771,0.9861341354631711,0.7273616468693151,0.5225607001585468,0.7485037429555682,0.9782204419072346
342,LIN28B|ZPBP2|LHX8|LOC101930067|FABP4|SDR16C5|GPAT2|IL13RA2|ASB5|GPM6A|EPHA4|P2RY12|SPIC|CILP|LEP|CLGN,0.7019681368384098,0.5706791636105499,0.7231316715080017,0.9975952934182875,0.5974050825879995,0.5270359998933758,0.638323149769759,0.9869511573542792,0.5611719287039185,0.4941035637805544,0.6415495021621884,0.9849176918630348
343,KDM5D|LOC105372840|MAGEA6///MAGEA3|SUGCT|STAG3|FCGR3B///FCGR3A|KRT13|IL22RA2|ICOS|EIF1AY|IGHV3-23///IGHV4-31///IGHM///IGHG3///IGHG1///IGHD///IGHA1///IGH|LEP|ZNF257|OVAAL|AICDA|KRT14,0.7940601350722654,0.7992279247921938,0.7994619380775473,0.9979376777503706,0.7742317070372635,0.6647845723922081,0.7686688540973965,0.9969049070049222,0.8184457159745102,0.6958621254941899,0.776698520277112,0.9936043414642225
344,KRT14|MAL2|C4orf22|ABCG5|LOC101929272|KRT13|LINC00877|SFRP2|C12orf77|DNER|CHIT1|LOC613266|SUSD5|CAMP|TXLNGY|HTR3A,0.6785142387602265,0.6240273046681395,0.7070755288358863,0.9940837823179147,0.6378680153524143,0.6306783390255439,0.772395162951963,0.995919410936825,0.7502761533461523,0.6774407666545582,0.7437420867766935,0.9895932117367539
345,OLFM4|TFPI2|IGLJ3///IGLV1-44///CKAP2///IGLV@///IGLC1|CPXM1|STEAP2|PABPC5|PCSK1|FAM167A-AS1|H2AFB1///H2AFB2///H2AFB3|EIF1AY|MAGEA6|HTR3A|LGALS2|SPINK2|VSIG4|PROK2,0.5161269558510814,0.6390060896254044,0.7129601808686497,0.997897785678412,0.5286015393426684,0.7162342494074597,0.5872925897643246,0.9938364612639313,0.36837246975671384,0.5394883361045356,0.6232925489286478,0.9891265332575161
346,CCL21|HEPACAM2|NOL4|LGSN|WFDC21P|VPREB3|AICDA|LTF|EPYC|ZNF257|LOC440864///MSH6|MMP12|MAL2|SDR16C5|LILRA3|ORM2///ORM1,0.778014175428316,0.7746991971960789,0.71117739179632,0.9933018517568406,0.6087088376833951,0.5276268717563897,0.6472093341459619,0.9846434831804398,0.6441657790431187,0.5794257642417071,0.7757989433047896,0.9849842010228058
347,LOC102725526///IGHV4-31///IGHM///IGHG3///IGHG2///IGHG1///IGHA2///IGHA1///IGH|SFRP2|AQP9|LIN28B|COMP|KDM5D|WISP2|MGST1|ZYG11A|CTCFL|TRIM59///IFT80|CCL17|CTTNBP2|FABP4|IGHV3-23///IGHV4-31///IGHM///IGHG3///IGHG1///IGHD///IGHA1///IGH|LOC100509457///HLA-DQA1,0.7934606149392633,0.7274718664871545,0.7055705026193988,0.9969040211975658,0.536116006503461,0.5381357352865676,0.6631914514250663,0.9751922804587185,0.6509824004214463,0.5498761210556439,0.61778575847211,0.9729571064562226
348,KRT14|EIF1AY|KRT13|HMCN1|IL22RA2|S100Z|LOC102725426///MIR8071-2///MIR8071-1///IGHM///IGHG1|PSMA8|IGHV3-23///IGHV4-31///IGHM///IGHG3///IGHG1///IGHD///IGHA1///IGH|PROK2|FDCSP|SUSD5|MMP12|LEP|EPYC|NME8,0.6112794686836737,0.5545493494877927,0.7412507520070838,0.9970707146240408,0.5363263984392465,0.46624240891894886,0.6749711504255115,0.9948521609654345,0.6632327951469663,0.6761781109155286,0.704338908335875,0.9865079291609722
349,RASSF6|RNF183|ORM1|MMP3|PRAME|NOL4|SUGCT|TRIM59///IFT80|CILP|IGHV3-23///IGHV4-31///IGHM///IGHG3///IGHG1///IGHD///IGHA1///IGH|ZNF883|PLA2G2A|PDGFRL|AP3D1|TCL1B|HTR3A,0.4279081697861161,0.4710026881953392,0.6777956911845124,0.9897428661601814,0.4426599956510936,0.6740242873980165,0.7041378061176559,0.9761205038839195,0.5439530243815115,0.6168919917425728,0.6944720238777242,0.9947966212042906
350,ASPN|KCNH8|MAGEB2|GTSF1|HLA-DQA1|PITX1|USP9Y|WISP2|IGHV1-69|TPSB2|LOC101930415|TNFRSF17|FABP4|CD1C|RGS13|UGT2B17,0.5484974866203342,0.5613060811905191,0.7509939878811858,0.9958089939457557,0.48026929281842634,0.4969492327304691,0.7263832941500034,0.9851201815420293,0.3592687175498803,0.5963079771041659,0.6737138746538381,0.9896750483933622
351,EPHB1|TRIM59///IFT80|IL17RB|LOC100130744|SYT17|NME8|CLGN|FABP4|HPDL|XIST|MGST1|LINC01021|IL22RA2|CCDC110|MMP3|PTPN20,0.4236488730032394,0.5462782398957448,0.6769496892149272,0.9861795255962387,0.2591243243244105,0.44357645690842884,0.6501532752212553,0.9721819304782428,0.5092712038230833,0.5466393007533342,0.736805095380193,0.9924728914270972
352,IL17RB|LOC101927811|KLHL13|FAR2P3///FAR2P2|SOX8|FSTL5|MAL2|MARCO|SYT17|LINC01297|MYOCD|NLRP4|C15orf48|MIS18BP1|IL13RA2|LILRA3,0.5887308783987432,0.5326600784212474,0.6871524034996743,0.9948502852581207,0.45206264981209215,0.5971176060785186,0.6171761535941022,0.9924362802267565,0.44162748009835845,0.4460008196890079,0.6874264764055557,0.99052647599408
353,LGALS2|LINC01021|CTAG1A///CTAG1B|SUSD5|CRNDE|UBASH3A|BEX2|CD74|MMP12|HTR3A|PCSK1|MFAP4|PROK2|SFTA3|KCNK12|SOX2-OT,0.6604846376729805,0.5964664627435972,0.7286244472684512,0.9948487310884837,0.5487483212596957,0.6092924062571659,0.6328765826616213,0.9833436129532389,0.5883796177377639,0.5521012683089691,0.5874621638481076,0.9871025706024569
354,CD74|LOC100134317///LOC284412|IGHV1-69|FCRL4|WFDC21P|MATN3|FCGR3B///FCGR3A|GOLIM4|MMP20|RASSF6|GTSF1|NLRP7|VPREB3|IL13RA2|CCL20|ARL14,0.5872201463885366,0.6902998442298489,0.822805629867559,0.9892337686609548,0.29752326495352416,0.45550678419952884,0.633578301045463,0.9799058742455868,0.46454749459557104,0.46721061189542745,0.6937099497407272,0.9956375250920468
355,CPXM1|LOC100134317///LOC284412|CCDC110|ORM1|TFPI2|CETP|RNF183|MMP3|LOC101930415|FCRL4|MME|AQP9|PDGFRL|RGS13|KDM5D|CT45A8///CT45A9///CT45A10///CT45A7///CT45A2///CT45A1///CT45A6///CT45A5///CT45A3,0.630970693390622,0.6922994984440443,0.7252819111268677,0.9987465684472975,0.46709897617404317,0.559337904850677,0.6439545360172384,0.9792800030857549,0.6275173988442512,0.6361770121449123,0.6666062414057905,0.9822770139529273
356,IGLJ3///IGLV1-44///CKAP2///IGLV@///IGLC1|HIST1H1B|C15orf48|MIS18BP1|LOC101930114|KRT13|NCKAP5|LOC101930067|MMP1|MAGEA9B///MAGEA9|LRRN1|UMODL1|EML6|HAGLROS|LGSN|FCGR3B///FCGR3A,0.5398764070938938,0.5807609076942999,0.6385753290954918,0.9963803305658221,0.363104323745157,0.5217821886648578,0.6367508459739167,0.9910722520855767,0.5712515827425464,0.5158328906973861,0.6864382862754279,0.9957462565618823
357,LINC01405|CXCL6|RASSF6|CXCL14|SCARA5|MAGEB2|LHX8|FDCSP|IL17RB|RGS13|S100A8|MYOCD|LTF|GOLIM4|C1QA|PTPN20,0.657942160554807,0.6964550229792339,0.7164227785311463,0.9970154848437165,0.564186796376595,0.5833196441414186,0.6378836709625773,0.9782654768315858,0.7180081302203939,0.6634636997018263,0.6225289892177222,0.9881649902375563
358,KDM5D|LOC283454///HRK|KCNN3|LINC01297|ZIC2|HLA-DQB1|SPIC|UBASH3A|USP9Y|CXCL6|TRIM59///IFT80|CXCL14|EIF1AY|DAPL1|LOC100509457///HLA-DQA1|FAM111B,0.8078117639781262,0.6839852638892264,0.866176634236581,0.9981477368791555,0.8217928672363957,0.7286721684058098,0.8392582399450162,0.9860023413058981,0.8523673531528227,0.7435359957558108,0.7573785540618279,0.9860603841611284
359,MIS18BP1|MMP1|MMP7|LINC01297|FCRL4|LYPD6B|SEC31B|IGHV1-69|LOC101930114|NPY1R|HTR3A|IGHV3-23///IGHV4-31///IGHM///IGHG3///IGHG1///IGHD///IGHA1///IGH|PPBP|ZNF883|KCCAT333|S100A8,0.6476265589846324,0.7552677568313175,0.8114722584082932,0.9941200141725699,0.3971546707320463,0.5979472754705883,0.7263538757300001,0.9756988877045969,0.48337820289696654,0.5532070125989326,0.6813018134772186,0.9898373368945355
360,MMP12|C15orf48|FAM129C|MAGEA1|PSMA8|NLRP7|CRNDE|LRRN1|STEAP2|LINC01268|CTTNBP2|DNER|NLRP11|JCHAIN|PDGFRL|DAPL1,0.7354651094503275,0.6902434584234056,0.7755002847846874,0.9963938746486661,0.6249651803054213,0.6385884887420609,0.6621682014235128,0.9772000086002958,0.7252250401807611,0.6230084060427306,0.6836750067240807,0.9811029350519402
361,LOC102724689|VSIG4|HLA-DQA1|CETP|MARCO|STAG3|JCHAIN|NOL4|PROK2|PSMA8|H2AFB1///H2AFB2///H2AFB3|GTSF1|MT1M|MAGEA6|LOC101927811|SUSD5,0.7627841980571805,0.5053108439049357,0.6692556815740371,0.9990665071996441,0.7509288615829959,0.6635160492065308,0.6092116716972189,0.9745319883556101,0.7473062405912351,0.5183243318053145,0.7121062536986508,0.9784802128096365
362,CD1C|KCCAT333|TCL1A|TFPI2|LOC105372840|LOC102724689|MFAP4|LOC101929272|SOX2-OT|CXCL6|UBASH3A|COL11A1|AQP9|SCARA5|MAGEB2|ABCG5,0.721200185958946,0.6951739723164847,0.742373322662955,0.9948310763009542,0.6896076499551045,0.5223371513729882,0.7505823309299237,0.9929506900559594,0.7281107890329965,0.4970667431129363,0.684299363048994,0.9879587857791269
363,FSTL5|GTSF1|MAGEA9B///MAGEA9|IL22RA2|IGK///IGKC|LOC100653057///CES1|EIF1AY|MYOT|CAMP|NME8|VPREB3|MYOCD|PRAME|HLF|BIK|MT1M,0.6709752011587243,0.7985029806694288,0.7262237559470428,0.9924578684055754,0.6434719453394909,0.5427797383358882,0.722597108842302,0.9827868796937413,0.6481917155292444,0.6493726496469431,0.7538478707161017,0.9733307348489578
364,EPHB1|LOC102724689|IGKV1OR2-108|LIN28B|STEAP2|CRNDE|NLRP7|ZNF711|LINC01102|HPDL|OVAAL|VPREB3|IGK///IGKC|CD1C|LRP1B|RNF183,0.7940914777084128,0.7834622893027741,0.7251513641992318,0.9888821799086013,0.5661390488886971,0.5771011100719914,0.6303479555173187,0.9789469923134253,0.6985838874612444,0.6270358397246166,0.6976619437395732,0.9864362688355838
365,HLA-DQA1|MMP12|STXBP6|SFRP2|LOC100134317///LOC284412|ZIC2|UMODL1|HLA-DQB1|NLRP7|MARCO|GTSF1|MATN3|CCL20|LGALS2|P2RY12|PPBP,0.6715070485265058,0.6012474955051572,0.7470549569361578,0.9983530686501767,0.6575685416067815,0.6096823794792267,0.8182835154024753,0.9925905144039503,0.6028754579271018,0.6674628231251354,0.7390067647083254,0.9870779461448344
366,CT45A8///CT45A9///CT45A10///CT45A7///CT45A2///CT45A1///CT45A6///CT45A5///CT45A3|STEAP2|MARCO|RAB25|IGLJ3///CKAP2|MYOT|FCGR3B///FCGR3A|COL11A1|SFRP2|RNF183|CPXM1|LINC01268|GJB2|ASB5|HEPACAM2|SPINK2,0.7788406134483912,0.7937980443597494,0.8107699627601641,0.9960748784021324,0.7631539604586628,0.7227020941031099,0.7902489108555608,0.9835173705320339,0.7758729155782724,0.7379752113760369,0.7546710218380077,0.9717380659686214
367,LOC100509457///HLA-DQA1|CXCL6|HIST1H1B|ICOS|OVAAL|SPINK2|LINC00487|GPM6A|HLA-DQA1|LOC100996809///HLA-DRB5///HLA-DRB4///HLA-DRB3///HLA-DRB1|MAGEB2|SDR16C5|SERPINA9|LIN28B|KDM5D|IGHV1-69,0.7510913086503718,0.6020772885856034,0.7373572309496148,0.998056531861526,0.7404365775622251,0.6863706408645505,0.6755280996720369,0.9790730262399568,0.8174954003676104,0.683371609593988,0.7512570470046277,0.9828587212127322
368,LILRA4|PITX1|ZPBP2|S100Z|MAGEB1|UMODL1|MMP3|SUGCT|CCL22|IGK///IGKC|HPDL|GTSF1|FABP4|LINC01405|LINC01297|PROK2,0.771248858520676,0.6575029700436712,0.661844147640712,0.990999890455756,0.451365372109184,0.5697717893820892,0.6406728346311296,0.9716666111008465,0.501105612874085,0.568316279882598,0.6549525168804083,0.9834901013704198
369,MMP3|OLFM4|ADIRF|RNF183|DNER|MMP20|ZNF711|ASMT|SOX8|CD1C|GPAT2|MME|PRAME|ASB5|PPBP|BIK,0.6507361724302697,0.5452425511531308,0.6698342027965202,0.9961712054783691,0.6593377169224736,0.6710856045100471,0.6982339802414019,0.9927457483701823,0.5189575907072292,0.5629369673797792,0.7257239505809141,0.9878149755407732
370,IL22RA2|TCL1A|ASMT|HPDL|LOC100505878|CETP|KRT6A|LOC105372840|USP9Y|LOC102725426///MIR8071-2///MIR8071-1///IGHM///IGHG1|LINC01021|BEX2|IGLJ3///IGLV1-44///CKAP2///IGLV@///IGLC1|ZNF257|SERPINA9|CT45A8///CT45A9///CT45A10///CT45A7///CT45A2///CT45A1///CT45A6///CT45A5///CT45A3,0.6734785950593862,0.6522281201665567,0.7323830239906791,0.9933254465638225,0.45301294771832923,0.5870252691892774,0.6520933156470876,0.9930239870191495,0.42429666010646183,0.45335094582059615,0.6549897621228693,0.9798996060941003
371,EPCAM|LINC01268|ORM2///ORM1|TRIM59///IFT80|GPAT2|HEPACAM2|HTR3A|HLF|LOC283454///HRK|MME|HPDL|CILP|LOC101929141///CCDC144CP///CCDC144B///CCDC144A|FAM30A|ZNF711|STEAP2,0.7202314791522532,0.5590554941023713,0.7035458256786946,0.997489674262883,0.5968914019799094,0.5524239112959071,0.5983163466462701,0.9857796300108181,0.5816263044342205,0.5889323215288909,0.6814519906954862,0.9747608145416914
372,SPIC|FCAMR|OVAAL|KRT6A|ZYG11A|PSMA8|LOC613266|WISP2|COL9A3|KCCAT333|KLHL13|LOC101930415|JCHAIN|MGST1|SERPINA9|CCL22,0.5510909761655582,0.582794794677336,0.6367904934746946,0.9983676721896344,0.5318435098809189,0.6145462071125689,0.6618342994814516,0.9914505007904326,0.5942880289237319,0.6587016731055128,0.668071094134699,0.9909404982655248
373,FAM129C|OVAAL|HPDL|LINC01297|TFPI2|WFDC21P|ZNF711|GPM6A|GJB6|PLA2G2A|C7orf57|ORM1|CCL20|MYOT|ZPBP2|DNAH8,0.7821311096246698,0.5840669335156345,0.7579459333026475,0.9978514002969563,0.5633429855066245,0.5604209044704752,0.7449076903858403,0.9584452924302292,0.654688852192903,0.5332511168089102,0.7679644472812508,0.9663796859346436
374,CTTNBP2|CENPV|DNER|PTPN20|SOX2-OT|LOC102724689|SACS-AS1|MAL2|ZNF257|CPXM1|UMODL1|EPCAM|CRNDE|XIST|STAG3|SDR16C5,0.6742550396100023,0.5188566058625756,0.7062993288510139,0.9994704145946317,0.5346263161596461,0.5891228970680995,0.7314810101543795,0.9942818303197524,0.602004626089989,0.5868486419063537,0.7362253490495638,0.9945942234723816
375,DAPL1|LOC102725526///IGHV4-31///IGHM///IGHG3///IGHG2///IGHG1///IGHA2///IGHA1///IGH|CXCL6|KLHL13|XIST|DNAH8|BEX2|LOC283454///HRK|MT1M|MUC16|SDR16C5|CCR10|ICOS|C12orf77|LOC100653057///CES1|PXDNL,0.694855716065693,0.6210975674390128,0.677064077320943,0.996064496331418,0.5195766407692759,0.4710396164752647,0.6589308273157071,0.9906841759021612,0.5762813533208777,0.663698156314757,0.687160286107467,0.976885628080442
376,LOC100653057///CES1|CCL22|CPXM1|SPRR1B|FCAMR|LTF|TXLNGY|EPHB1|MARCO|CXCL6|C15orf48|MGST1|MAGEB2|LOC101930067|PRAME|NPY1R,0.6989747669872853,0.5945676965694849,0.713313763883823,0.993482103280161,0.5575020591716371,0.5323915613773976,0.7149890629330451,0.986355556174856,0.6962553611327107,0.5922275687071825,0.7464465048568445,0.9665855350566936
377,UGT2B17|LOC100505878|TXLNGY|LINC01297|KLRC2///KLRC1|ORM2///ORM1|LMO2|COMP|RPS4Y1|ZNF883|LGALS2|COL9A3|FCGR3B///FCGR3A|LTF|STXBP6|GTSF1,0.7534686745941203,0.6817604075677094,0.7148723882198713,0.9946916355664923,0.7479570458091824,0.6560840018887445,0.7820245893524602,0.9943970961902658,0.782964977303206,0.8367498686414068,0.7698154858426818,0.9873947205849768
378,ZNF385B|LOC102724689|MATN3|OVAAL|ASB5|C17orf99|MME|MAGEA1|ADIRF|RPS4Y1|CCL22|BEX2|TNFRSF17|VSIG4|LOC105372840|NPY1R,0.6432164278346364,0.665237838550316,0.7939472914053979,0.9946380471879874,0.56406326249962,0.4847808399800526,0.7776100418300491,0.9871274731441352,0.6433802705950858,0.514831491220872,0.7900458297517803,0.9879817056544363
379,IL22RA2|SUSD5|FCER2|DNER|PNMAL1|PTPN20|LOC100134317///LOC284412|PITX1|MMP12|LOC101930415|STXBP6|C7orf57|EIF1AY|VPREB3|IGKV1OR2-108|SEC31B,0.6023915345408378,0.5699175054942677,0.653075447029552,0.9913904330146338,0.26824184073998947,0.48867726502180053,0.6321450369325364,0.9770681277119062,0.3770531876672853,0.47712140180589263,0.600877010622162,0.9884305853571358
380,TNFRSF17|CCL22|C7orf57|EML6|SPINK2|SDR16C5|CCL21|C12orf77|IL17RB|GTSF1|FDCSP|FABP4|GPM6A|EPCAM|LMO2|FAM30A,0.8340665517965079,0.7348470390235015,0.7993896400080892,0.9946310680740785,0.7737231602062872,0.6714298198843632,0.8102034201822261,0.9746552919946845,0.7772932516566353,0.7113902586008538,0.7481477937218681,0.9795253205959887
381,ZPBP2|LOC101929272|OLFM4|TXLNGY|CILP|MGST1|KDM5D|KLHL13|IGK///IGKC|RAB25|AQP9|S100A8|CCL21|KCNH8|SERPINA9|CCR10,0.8730110710400488,0.8965672062113799,0.8288224498927675,0.9938795162932247,0.7750659936743142,0.7466024652916653,0.7370135488183516,0.9838761787117855,0.8003769971946277,0.7081935045823199,0.7721899336243121,0.9798132810184735
382,STXBP6|MGST1|CPXM1|SDR16C5|ORM2///ORM1|KRT13|AQP9|EPHB1|TFPI2|HIST1H1B|MT1M|CENPV|CT45A8///CT45A9///CT45A10///CT45A7///CT45A2///CT45A1///CT45A6///CT45A5///CT45A3|P2RY12|LINC01021|HEPACAM2,0.6129651203605869,0.6321438667713685,0.7491466374314956,0.997226555109443,0.5716384312170273,0.6116144794811316,0.7383794057887549,0.9763156591090253,0.7404175731580582,0.7168575052070966,0.7974576888674013,0.9800949435390254
383,LIN28B|MUC16|VSIG4|LOC613266|ABCG5|KLHL13|ASMT|NMU|SUGCT|UGT2B17|MMP20|LYPD6B|IGLJ3///IGLV1-44///CKAP2///IGLV@///IGLC1|MT1M|S100Z|CXCL14,0.8798840187859714,0.6937850526711249,0.7848462013932794,0.990750094503498,0.7100834316839737,0.6120497473748912,0.7143260626642077,0.974655918873376,0.6966747259217474,0.5627489537517976,0.7417257236184318,0.9702575640184534
384,TCL1A|EIF1AY|MARCO|LRP1B|MYOCD|MAGEA1|CAMP|DNAH8|SFRP4|IGLJ3///IGLV1-44///CKAP2///IGLV@///IGLC1|ARL14|PPBP|TCL1B|NMU|ABCG5|LGSN,0.6095005270529897,0.6873146362281175,0.6906054430398039,0.9983140620532176,0.4533889574821143,0.47999290484789775,0.6363428442821033,0.9954936756303688,0.4697350254390652,0.5100000415765022,0.6159197869442155,0.9904554850402684
385,MIS18BP1|LILRA4|S100A8|PTPN20|CPXM1|ASB5|DAPL1|CAMP|MMP7|LOC105372840|EYA2|AICDA|CXCL14|MFAP4|LHX8|KCNH8,0.6193456826631559,0.5593186709705219,0.7159486984375804,0.9990138117874554,0.32875674026002877,0.4510700129012022,0.6189172364599975,0.9882670421350943,0.44191911697615816,0.5332420925665153,0.5968439626235204,0.9915992833614328
386,IGK///IGKC|FAM167A-AS1|ZNF711|LINC01268|CD163|SERPINA9|KCNK12|SYT17|JCHAIN|CCL21|SEC31B|C1QA|LHX8|MMP1|LOC440864///MSH6|PLA2G2A,0.7896695451905271,0.6922970497720103,0.7424192922614874,0.9960519665797439,0.6756429004155381,0.5397773532857089,0.7629607144803703,0.981364147083883,0.7281042727150233,0.6524733205305662,0.7432515984603403,0.9705349811000047
387,KRT13|H2AFB1///H2AFB2///H2AFB3|NPIPA5///NPIPB6///NPIPB8///NPIPB3|TCL1B|COL9A3|MARCO|SPRR1B|ZPBP2|CRNDE|TNFRSF17|HEPACAM2|HPDL|IGHD|RNF183|MAGEA6///MAGEA3|PPBP,0.587380320441453,0.7317422288641793,0.789423529945247,0.9929669378514734,0.5033540665352357,0.7427395027769302,0.6928500781640576,0.9787770624831132,0.7530678152282404,0.7402158612979972,0.7450954142723172,0.9882824973113794
388,MUC16|DAPL1|LRP1B|ICOS|LOC440864///MSH6|DNAH8|LGALS2|TPSB2|CRNDE|ORM2///ORM1|MAGEB1|CD74|KCNK12|STAG3|ABCG5|LOC101930067,0.6947175973296901,0.5946447450039906,0.7111353733226611,0.9975812185659669,0.5092748764600066,0.4652400288660757,0.6251675345427865,0.976654587787206,0.5288003175431297,0.44320638802912393,0.5867608392443134,0.976485844731725
389,HEPACAM2|IGHD|SYT17|LEP|FAM111B|KCNK12|SUGCT|PTPN20|CCL20|PITX1|ASB5|FCER2|CD1C|FAM30A|PSMA8|CENPV,0.37796148405568314,0.45551971382091017,0.684267510285157,0.9949217341504654,0.21071227678461088,0.48452943356650613,0.6250647482249032,0.9985970999897876,0.4120287349330001,0.5448115288611901,0.642541600719255,0.9926348523562519
390,LOC440864///MSH6|ZYG11A|MAGEA6|CETP|LOC100505878|RGS13|C3orf67|CTAG1A///CTAG1B|FCAMR|NCKAP5|ICOS|LHX8|FDCSP|NMU|IL22RA2|LILRA4,0.7694239574197148,0.6852344059656996,0.7193903334043705,0.9917509228832337,0.7074209976753189,0.6849745384114191,0.7096186135153574,0.9950915265423126,0.7595919505886822,0.7870150101088962,0.7647500732010057,0.9777718001770324
391,MME|MATN3|CXCL6|COL9A3|ORM1|NLRP7|CTTNBP2|PTPN20|LOC440864///MSH6|LINC00487|LOC613266|LIN28B|UBASH3A|BEX2|SOX8|LOC101930415,0.7336773808550524,0.6897242908707115,0.7246974095403566,0.9986940669590831,0.5506493690220747,0.5517831013623284,0.6519991295304749,0.9830618478815898,0.6951672325635743,0.5766591396277653,0.773953043712425,0.9830786439709771
392,AQP9|MUC16|FAM30A|UGT2B17|LOC440864///MSH6|XK|SAXO2|S100A8|LOC101927811|SFTA3|MAGEA1|MAGEB1|LOC100653057///CES1|PPBP|HLA-DQA1|LINC00487,0.8153430016012618,0.5880436804749289,0.7451923863700184,0.9970450448401004,0.7034092624978361,0.5853576754575947,0.6744636482860691,0.9897847807667675,0.7052200431119395,0.5725868347875502,0.6262207556558634,0.9862833878911719
393,LOC100509457///HLA-DQA1|SUSD5|HAGLROS|H2AFB1///H2AFB2///H2AFB3|SDR16C5|CCL21|GJB2|KRT13|CT45A8///CT45A9///CT45A10///CT45A7///CT45A2///CT45A1///CT45A6///CT45A5///CT45A3|LINC00877|S100A8|KDM5D|WISP2|KCCAT333|LOC102724689|PXDNL,0.6206994061381145,0.6405677065984594,0.766434429562654,0.993950633673409,0.6563161915829372,0.6469904923289527,0.8042706950094909,0.9949008613518688,0.6200080689852511,0.742033400792605,0.82876994414315,0.9957600449941306
394,KDM5D|CD163|SUGCT|LOC101929272|MYOT|LOC283454///HRK|S100Z|SACS-AS1|VPREB3|CCL20|LOC102725526///IGHV4-31///IGHM///IGHG3///IGHG2///IGHG1///IGHA2///IGHA1///IGH|CXCL14|IL13RA2|SPRR1B|CTCFL|GPAT2,0.7730915195019354,0.5763729825723127,0.7698637622001796,0.9992070359321307,0.5884606476548088,0.5779461464887725,0.7235488174862388,0.987368802458237,0.5922967982280225,0.45140628933202576,0.6703573719515732,0.9833082791361131
395,PROK2|AICDA|RASSF6|PTPN20|LILRA3|FCAMR|RPS4Y1|OVAAL|ASB5|IL17RB|SERPINA9|CCL17|UGT2B17|DNER|MAGEA9B///MAGEA9|LINC01021,0.6462041023322732,0.5402088543192557,0.743974289388464,0.9958215277300851,0.5106583100315949,0.4718556146205262,0.7288015622690868,0.9946564976670664,0.6618275326691975,0.5095818528799179,0.7424962519451828,0.992387860378603
396,KLHL13|LOC100134317///LOC284412|CXCL6|SCARA5|GTSF1|LOC283454///HRK|H2AFB1///H2AFB2///H2AFB3|VSIG4|LYPD6B|NCKAP5|MUC16|CCR10|MAGEA6///MAGEA3|BIK|MMP3|HLA-DQB1,0.6533626483011405,0.6221383170335244,0.6930992571569369,0.9971163360839868,0.559599976830204,0.6095571074633509,0.6674473727881288,0.9958074565174957,0.44907816657052174,0.5596714423965163,0.6168694903185339,0.9904070262465673
397,H2AFB1///H2AFB2///H2AFB3|LOC100505878|TCL1B|RAB25|CCL22|MMP7|ORM1|SAXO2|CT45A8///CT45A9///CT45A10///CT45A7///CT45A2///CT45A1///CT45A6///CT45A5///CT45A3|HPDL|ZNF257|LOC101929272|MAGEA9B///MAGEA9|LOC100134317///LOC284412|MAGEB2|LOC105375172,0.6750492954954359,0.7354407863510507,0.755729814339118,0.9951708481797038,0.6390394075411918,0.616482693091823,0.7592929510025592,0.9885725757567323,0.6526785668224834,0.6742411523973657,0.7172164424544734,0.9828734225303063
398,GJB6|MATN3|CT45A8///CT45A9///CT45A10///CT45A7///CT45A2///CT45A1///CT45A6///CT45A5///CT45A3|NOL4|ADIRF|AICDA|LOC105375172|C4orf22|MAGEB2|WISP2|MMP12|C17orf99|CXCL6|LOC101930415|RPS4Y1|KCNN3,0.45300415047995973,0.621903712175011,0.6440810572073326,0.9973975101537709,0.35100610102349583,0.5057492899019003,0.6263546022524391,0.9936115145438613,0.4023263885477999,0.5363589792162219,0.627315943456568,0.9914851861112125
399,IL17RB|LHX8|LRRN1|ZPBP2|ZNF883|LINC01297|HEPACAM2|HLA-DQB1|KCNN3|C12orf77|UHMK1|TCL1A|KLRC2///KLRC1|FAM111B|ZYG11A|OVAAL,0.6342227787901678,0.6405018469088817,0.6755998718638018,0.9829318449919572,0.4844123849397367,0.5262358266488893,0.6897757791877913,0.971183095705252,0.5500204975892241,0.574637007844659,0.6963791980791618,0.9934068752467414
400,ABCG5|HIST1H3B|FDCSP|SDR16C5|S100Z|HAGLROS|KCCAT333|ZNF883|FCGR3B///FCGR3A|NLRP11|MAGEA1|LILRA3|SNX29P1///SNX29P2|KRT6A|MFAP4|H2AFB1///H2AFB2///H2AFB3,0.7744471648907016,0.6213655854621563,0.7171304977564602,0.9984756983079185,0.6751086820030787,0.656680548267639,0.7270573003468407,0.9882811803175456,0.6635374346532543,0.6351598306347868,0.6442858957219593,0.983986387292801
401,ZNF883|RGS13|FSTL5|KDM5D|RASSF6|MAGEA6|CXCL6|EPHA4|SEC31B|LOC105372840|S100Z|ASB5|SMC3|OLFM4|HLA-DQB1|CTAG1A///CTAG1B,0.6001456245367353,0.4977952750702891,0.7412378234968848,0.9863382376058148,0.45237907700277175,0.5454652550701555,0.6636165704468074,0.9774327815216356,0.6111659482575207,0.5772503369222326,0.6276839299799605,0.9940785434146759
402,CD74|HIST1H1B|ORM2///ORM1|CXCL14|NLRP7|ASB5|GOLIM4|C12orf77|IGK///IGKC|HK3|EPHA4|HIST1H3B|LOC100509457///HLA-DQA1|SPIC|GPM6A|EIF1AY,0.550206528182128,0.7170025647274775,0.7501897255279422,0.9554409885686345,0.3850523269573045,0.6466994965789433,0.7513341348131112,0.9096357784534325,0.6186362921982228,0.6599444497422455,0.7769013259701174,0.9689748497522048
403,LOC440864///MSH6|KLRC2///KLRC1|LOC101930114|LINC01102|SFRP2|KLHL13|SACS-AS1|NME8|LOC100509457///HLA-DQA1|MMP1|LOC613266|HTR3A|LINC00487|EPHB1|CHIT1|IGKV1OR2-108,0.7540098298536395,0.7778964730810712,0.7318861466241127,0.9955103430828457,0.7089890456834551,0.5676828711303846,0.6788166787588488,0.9924426687977307,0.7734995527009502,0.6523965436270911,0.7065827585951143,0.9823465698106107
404,STXBP6|MME|SYT17|IL22RA2|LOC101927811|CENPV|LOC100134317///LOC284412|GOLIM4|SNX29P1///SNX29P2|USP9Y|NLRP7|FCGR3B///FCGR3A|PXDNL|FCRL4|SOX2-OT|GJB2,0.7306068485553966,0.5750092699346956,0.757894159284833,0.9971739744586078,0.6825207396410876,0.5266826640919543,0.6828374038318132,0.9872536072982022,0.7720357527886696,0.6878041083390765,0.7291450956729046,0.9906642031739605
405,LOC102725426///MIR8071-2///MIR8071-1///IGHM///IGHG1|FAM129C|SAXO2|LOC102724689|CCL17|TNFRSF17|FCER2|MYOT|VPREB3|PCSK1|HLF|LOC100130744|DNER|IGHD|LILRA4|DNAH8,0.431875621372433,0.567130647963049,0.6862873853090536,0.9976451181887264,0.4023538906183558,0.5379594966983631,0.6479044946200585,0.9768158226391089,0.5734950619935444,0.5501749726529888,0.6888463569534938,0.9757149512427067
406,CTAG2|LOC440864///MSH6|LINC00877|VPREB3|NPY1R|HAGLROS|CTTNBP2|LINC01297|KRT5|OLFM4|RASSF6|FAM111B|P2RY12|MMP20|KDM5D|FAR2P3///FAR2P2,0.5458109566161928,0.46122152437828434,0.6922219738929921,0.9934464852948677,0.449311100574006,0.5592977853555807,0.7113810294142898,0.9841534498860043,0.6324651936932795,0.6295058162884616,0.7146090195910384,0.9904693810244658
407,LGSN|TCL1A|CTAG2|KCNK12|C4orf22|LOC613266|LOC101930415|S100A8|LINC01102|EPYC|OVAAL|LOC101930114|KCNN3|LOC100134317///LOC284412|ADIRF|LOC100996809///HLA-DRB5///HLA-DRB4///HLA-DRB3///HLA-DRB1,0.726723637451593,0.770913971176873,0.7597848557560853,0.9985695327462504,0.4843519020085308,0.5454881215806641,0.5809273277538164,0.9928836774422274,0.5512511723508521,0.5087269651042098,0.6193663494306587,0.9900767660103748
408,CETP|MAGEB2|MMP7|LOC101930114|KLHL13|SFRP4|LOC101927811|LINC00877|SOX2-OT|MMP20|LINC01297|KLRC2///KLRC1|AP3D1|MAGEA6|ZYG11A|CTAG1A///CTAG1B,0.602435878564761,0.56903856005562,0.7117174201157006,0.997991519162278,0.5623985774125162,0.5526202980214985,0.6721735608681817,0.9938603365123612,0.6510844585813162,0.6529129913138902,0.7410516421610798,0.9921405927890761
409,ADIRF|IGLJ3///CKAP2|CTTNBP2|PLA2G2A|MAGEB2|COL11A1|PITX1|LOC100505878|RAB25|LOC100509457///HLA-DQA1|HSF5|STEAP2|CD74|C7orf57|CETP|EYA2,0.6761011312124003,0.588545635669504,0.7626099464410151,0.9975721666099986,0.49732633684063093,0.45316862212156467,0.5578160043136509,0.9872635681267546,0.48179119713350416,0.38296378456600855,0.5416245743657077,0.9892464483588905
410,USP9Y|IGHV1-69|KLRC2///KLRC1|EML6|KCNK12|CT45A8///CT45A9///CT45A10///CT45A7///CT45A2///CT45A1///CT45A6///CT45A5///CT45A3|FAM129C|CCL22|NLRP11|AICDA|PLA2G2A|HTR3A|LMO2|CETP|DNER|NOL4,0.8080875381319558,0.5744682686359701,0.7315637686989673,0.9966398771315926,0.730609105947651,0.5860617493883583,0.7776798107312675,0.9848250832980149,0.7113948747816836,0.5808128812465432,0.7309151943631003,0.9747817360380657
411,IL13RA2|BEX2|LOC102725526///IGHV4-31///IGHM///IGHG3///IGHG2///IGHG1///IGHA2///IGHA1///IGH|NME8|HEPACAM2|SUSD5|LILRA4|MIS18BP1|NLRP7|SPINK2|LOC102725426///MIR8071-2///MIR8071-1///IGHM///IGHG1|LOC105375172|HPDL|MAGEB1|CTCFL|KCNH8,0.4643030689577166,0.5755450508759594,0.6242486197219178,0.9982369778565348,0.2750895388706823,0.5154953526328538,0.5781867406700976,0.990924632399436,0.4040818152405598,0.44427710445821594,0.6189022798191735,0.9897224475409379
412,UBASH3A|TFPI2|FABP4|MAGEB2|IL22RA2|CHIT1|LINC01268|SCARA5|MYOT|TRPM4|UMODL1|CCL21|ABCG5|S100Z|UHMK1|PPBP,0.6443916278314913,0.6415044279887959,0.7098742886560439,0.9953841118796164,0.2786931856897782,0.5242194168184948,0.5955034785682976,0.9838348559551442,0.42519115731344287,0.573360592319401,0.654030132396695,0.9869314640978814
413,LINC00877|P2RY12|IGHV1-69|MAGEB1|CHIT1|BEX2|LOC101930114|SFTA3|TNFRSF17|CETP|HLF|GTSF1|GPM6A|LOC105375172|DAPL1|CTTNBP2,0.6602653295697636,0.6057754773432826,0.7961483578480306,0.9950410842086727,0.47409678157821705,0.5587272260196963,0.6771340978127502,0.9952596946543264,0.5254524943761233,0.5196043601966005,0.6937486696188535,0.9867266904061104
414,LINC01102|RGS13|SUGCT|SNX29P1///SNX29P2|TRIM59///IFT80|CETP|MIS18BP1|XK|IGHV3-23///IGHV4-31///IGHM///IGHG3///IGHG1///IGHD///IGHA1///IGH|MAGEA6|NMU|COL9A3|FAM167A-AS1|PCSK1|LOC101930114|SPINK2,0.7331146119813049,0.5729890134720392,0.6802094915375865,0.9902041200043046,0.5090736823023381,0.5400045616606548,0.6294894802343072,0.9557841504717397,0.6743681009714466,0.752202098207851,0.6952022437768067,0.9800168428261001
415,CTAG2|FAR2P3///FAR2P2|C1QA|MYOCD|FAM30A|CPXM1|LILRA3|LRP1B|HLA-DQA1|ZYG11A|LINC00487|CCL22|MAGEA1|TCL1A|ASB5|LOC101930415,0.6908240306481577,0.6094068031731924,0.6921170006763957,0.9959340544751968,0.5889836708223931,0.5505288833416522,0.7296085416177125,0.9886359387342506,0.7100175254363884,0.739319449424517,0.7027465627936418,0.9834046648651495
416,PDGFRL|LINC01405|PKHD1L1|ASPN|ZNF385B|HEPACAM2|LOC101929141///CCDC144CP///CCDC144B///CCDC144A|RSPH1|LOC100996809///HLA-DRB5///HLA-DRB4///HLA-DRB3///HLA-DRB1|COL9A3|TCL1A|XK|MIS18BP1|CLGN|WISP2|HTR3A,0.7476607405900929,0.6174040546421325,0.7838702338606269,0.99616379165799,0.6195830515963027,0.6310914475405228,0.755328460704884,0.9639687541497048,0.5247007018757773,0.5460860267856492,0.6492221753111056,0.9697431436196015
417,FCGR3B///FCGR3A|UGT2B17|RPS4Y1|TRIM59///IFT80|ZBTB32|SUSD5|COL9A3|FDCSP|FAR2P3///FAR2P2|GOLIM4|SYT17|OLFM4|SUGCT|RNF183|AP3D1|SPRR1B,0.6368228110966169,0.7833609726629617,0.779989090998753,0.9770475929365118,0.47312976731260287,0.5480830627917297,0.7683114090041732,0.9529432747520897,0.6582428333156424,0.6416497910143546,0.7354039760376206,0.9918610865133707
418,CD163|HMCN1|MMP12|TRPM4|FDCSP|DNER|LOC283454///HRK|SPIC|ORM2///ORM1|SAXO2|ZNF257|CCL20|MT1M|MMP7|IL17RB|CILP,0.8004098882858109,0.726892891276863,0.7349910798450427,0.9983630661382478,0.7316238749313636,0.6533947488347753,0.6934508951921529,0.9838825857205377,0.7168925583705216,0.6332608583582203,0.7324549040127906,0.9786100706401912
419,PKHD1L1|CCL22|ZNF883|AICDA|UGT2B17|MARCO|ORM2///ORM1|EML6|LOC101929272|PNMAL1|EPHA4|KRT6A|CLGN|LOC101930067|FCGR3B///FCGR3A|KLRC2///KLRC1,0.7697213216253854,0.6537837213090604,0.7944163772163386,0.9966766637746214,0.62034890520911,0.5333302342064659,0.6909409750999026,0.9820961382378894,0.7045721616849926,0.718026118910653,0.7196234863186952,0.96961980059944
420,CD1C|SFRP2|C12orf77|CCL20|MUC16|USP9Y|IL17RB|HIST1H1B|DAPL1|CXCL14|CAMP|PLA2G2A|CPXM1|NOL4|HAGLROS|UMODL1,0.5561980804868726,0.6780328414330044,0.7319443558095942,0.9983299465080657,0.5550731852972959,0.46744676079811354,0.6496796172742892,0.9848543549086369,0.625377553380461,0.5682561446822536,0.7581374337656078,0.98607585088222
421,COMP|OVAAL|KRT5|ARL14|LGSN|LOC100509457///HLA-DQA1|HLA-DQA1|MIS18BP1|KDM5D|CCL21|ZNF711|LOC101930415|C1QA|UHMK1|SCARA5|DNAH8,0.6906279397349229,0.6088155577258411,0.7421372514275861,0.9611676185266668,0.4915480706896,0.5819980435940633,0.6898128985635822,0.9318786589680733,0.6349759269227131,0.6234882611594583,0.7163350988342506,0.9892529213733722
422,HK3|COL11A1|SEC31B|NCKAP5|STEAP2|OVAAL|HEPACAM2|NLRP7|RGS13|LOC101929272|MMP1|ASPN|LINC01297|CRNDE|PKHD1L1|CCR10,0.8221813747070414,0.8533634781698826,0.7945873722802101,0.9976068075085421,0.7460133197603351,0.7241687702042947,0.7211840865579047,0.9604152546226046,0.8005337828619866,0.7835428236350439,0.6930038234374115,0.9706587882653802
423,HEPACAM2|LOC613266|MYOT|C7orf57|HSF5|RASSF6|LOC101927811|LOC100130744|LOC100996809///HLA-DRB5///HLA-DRB4///HLA-DRB3///HLA-DRB1|PROK2|COMP|CRNDE|LRRN1|PTPN20|SUGCT|OLFM4,0.42524038082255033,0.41325705372571087,0.6890708421391997,0.9888385811950402,0.2918583815100125,0.4075105110052745,0.557182726437131,0.9742089041516709,0.24139565135686683,0.4418878446476107,0.5030718830234489,0.9939857297338186
424,RSPH1|ASB5|LMO2|HPDL|EPCAM|GTSF1|MAL2|BEX2|UBASH3A|STEAP2|ZIC2|MATN3|RAB25|LOC283454///HRK|PLA2G2A|CCL22,0.6916070639179608,0.7771286369705669,0.7535532828483562,0.9957144445714612,0.5024148770717453,0.5275473933199646,0.6912612571067183,0.9926463982166422,0.4305708640555272,0.4985817820004445,0.6436935910351848,0.9844575265409541
425,ASMT|RPS4Y1|KRT5|LMO2|MAGEB2|COL11A1|LRRN1|LOC100130744|NPIPA5///NPIPB6///NPIPB8///NPIPB3|HAGLROS|HLA-DQA1|UHMK1|CXCL14|RAB25|S100Z|STAG3,0.42508155368746625,0.41364039396694935,0.6721863381498722,0.986411131554333,0.24808490900930244,0.4498718167178649,0.6421489220334196,0.977403815062049,0.5311996510411706,0.38617634726343564,0.6817979899720563,0.9897380523665004
426,LRP1B|ORM1|KCCAT333|VSIG4|RPS4Y1|C15orf48|UGT2B17|PITX1|ASB5|KRT14|UMODL1|CHIT1|STAG3|CD163|COL11A1|CCL22,0.8480985902892932,0.6393692314354025,0.7990408239213898,0.9976286007838842,0.7498458670966799,0.5815638281062439,0.6938815167092188,0.9913007283546214,0.8077540650577465,0.8007225008268313,0.7540310144295762,0.9864751726308854
427,ZIC2|KCCAT333|ARL14|ORM1|ZNF385B|DNER|LOC100509457///HLA-DQA1|LILRA4|STAG3|SACS-AS1|MFAP4|KRT5|VSIG4|LINC00877|RSPH1|LOC101930114,0.7235497772080084,0.6592701524104836,0.6906334389893305,0.9979304258020381,0.7025812168938911,0.6893790729950627,0.7149293772852957,0.9904226788100019,0.7285956371150427,0.646796998689362,0.7569528163975108,0.9829454140990954
428,LINC01405|RPS4Y1|LHX8|C15orf48|PRAME|LOC100996809///HLA-DRB5///HLA-DRB4///HLA-DRB3///HLA-DRB1|EPCAM|LOC100505878|MIS18BP1|GJB6|LOC102724689|DNAH8|C12orf77|PXDNL|MUC16|ICOS,0.4389005549662427,0.5666650563584767,0.6985889093290418,0.9955383278814441,0.34043268879468797,0.42621760508126827,0.7015330950215568,0.9938578620829499,0.45283785513135116,0.5622117433068243,0.7043632396558375,0.9919320108796648
429,KCCAT333|PRAME|C1QA|ZYG11A|FCRL4|LINC01268|CT45A8///CT45A9///CT45A10///CT45A7///CT45A2///CT45A1///CT45A6///CT45A5///CT45A3|HLF|CRNDE|ICOS|FAM129C|RPS4Y1|LILRA4|CXCL14|MYOCD|CXCL6,0.7492504245054686,0.7088507302509583,0.7190470434706597,0.9982063788914919,0.690790372979008,0.6397483481898807,0.7186913283022487,0.9778137296342218,0.7024112904884104,0.6477381672266288,0.7333450209058094,0.9850713682412132
430,GPAT2|MYOCD|CD74|MMP3|NCKAP5|PRAME|LILRA4|C1QA|LINC00487|MT1M|VSIG4|CENPV|MME|IGHV3-23///IGHV4-31///IGHM///IGHG3///IGHG1///IGHD///IGHA1///IGH|CETP|RASSF6,0.78225930803713,0.6723428470271009,0.7422551976791734,0.9963861520479158,0.7915427383253396,0.6736786837358646,0.6972057193299234,0.9828078578868525,0.8406981071610933,0.6745212831875211,0.7847218364866355,0.981426891210126
431,HPDL|MMP7|LOC100130744|CPXM1|FAM167A-AS1|PNMAL1|UGT2B17|SFTA3|MAGEA6|MIS18BP1|CENPV|FAM30A|HAGLROS|AICDA|LIN28B|DNER,0.3042532748093482,0.4352063072277424,0.6306302708605984,0.9991214993825258,0.2358375226416815,0.35797275470591244,0.6140155992198222,0.987871576283929,0.4748784741507567,0.6177967350183889,0.6636761333789519,0.9904613269493804
432,HIST1H1B|HK3|FAR2P3///FAR2P2|LINC01297|SUSD5|CETP|VPREB3|GJB6|COMP|EPHB1|MAGEA6|SPIC|LINC01405|MARCO|MIS18BP1|EPYC,0.6248327866822889,0.6094228429517222,0.7984803227984062,0.9952347369935534,0.33484717284307347,0.572094576435191,0.6818843343096168,0.9617536079452657,0.4860659166602219,0.5897503341398668,0.6033012458155351,0.9796682036435623
433,COL9A3|CTAG1A///CTAG1B|NLRP7|SPIC|H2AFB1///H2AFB2///H2AFB3|SMC3|FCGR3B///FCGR3A|CLIP2|TFPI2|CCL17|LINC01297|LINC01268|LILRA4|KLRC2///KLRC1|ZIC2|PXDNL,0.5243734609070797,0.717152391402401,0.6821779399227793,0.9947474827873203,0.6011695975375119,0.7568757566555662,0.7376064811699324,0.9821546575556839,0.6215574610287934,0.7334441355052175,0.6786150113444461,0.9651949155914452
434,LINC01268|MFAP4|SYT17|CHIT1|LILRA4|MT1M|COL11A1|FCGR3B///FCGR3A|MAL2|STXBP6|HLA-DQA1|PITX1|MMP12|KCNK12|MYOCD|BIK,0.7358076388073561,0.6318698794832742,0.7052702795492676,0.998634351391013,0.6266576706519652,0.605161616522006,0.6956437714622126,0.9878474771199147,0.6584660875018092,0.5415323007622979,0.6914073004789724,0.9806852994298089
435,EPYC|PXDNL|UGT2B17|UHMK1|LGSN|LOC440864///MSH6|MIS18BP1|ADIRF|CCR10|HMCN1|LINC00877|C4orf22|C12orf77|C3orf67|MAGEA6|USP9Y,0.6860574393448432,0.6651894145738698,0.7357695340624895,0.9887827046870304,0.5122655227493029,0.5469527248376305,0.6310933730151904,0.97606717190124,0.6976494673731821,0.4974481043199705,0.7671179144747234,0.9803121309959207
436,XK|CRNDE|CXCL14|FCRL4|GJB6|KDM5D|NOL4|AICDA|FAR2P3///FAR2P2|LOC101929141///CCDC144CP///CCDC144B///CCDC144A|C1QA|H2AFB1///H2AFB2///H2AFB3|KLHL13|LOC105375172|HIST1H3B|COL11A1,0.5122039962709166,0.606977579797576,0.6649938697368214,0.9981851584326706,0.4492297671464851,0.5690989356479317,0.6567931654182733,0.9850196158876184,0.5932250881351355,0.6807254312459116,0.6845357453670555,0.9909104991442873
437,MMP1|OVAAL|MMP7|PRAME|STEAP2|LOC100653057///CES1|LOC100509457///HLA-DQA1|SDR16C5|MYOT|SFRP4|MMP20|CCL21|MUC16|HLF|LEP|VSIG4,0.7241748339195608,0.6767664656413661,0.6953282958819027,0.9885389407367537,0.5554702992309468,0.599805951978148,0.6057102601990155,0.9896444645334501,0.7085972613549608,0.6114919758072376,0.6732454125991202,0.9620544905397251
438,STXBP6|LOC101927811|IL17RB|UHMK1|PLA2G2A|LINC01021|CENPV|DNAH8|HMCN1|OVAAL|LOC100653057///CES1|KRT6A|IL13RA2|NLRP4|ASMT|ICOS,0.4857294622922023,0.5704625527613567,0.6900939542222599,0.9971175007652868,0.29261197822549195,0.5026201158551927,0.6788927575715427,0.9914658214904682,0.43574080672840043,0.6295003701018639,0.5981360838541699,0.9926335910678968
439,CCL21|HPDL|C7orf57|BIK|CD74|KRT14|LOC102725426///MIR8071-2///MIR8071-1///IGHM///IGHG1|ASPN|IL17RB|LIN28B|LOC100996809///HLA-DRB5///HLA-DRB4///HLA-DRB3///HLA-DRB1|PDGFRL|IGLJ3///IGLV1-44///CKAP2///IGLV@///IGLC1|TCL1B|NOL4|LOC100130744,0.5139163127805614,0.5358367483846964,0.6409739624268693,0.989622414885133,0.3837291546492369,0.465094658975591,0.6716424136228933,0.9629744371849669,0.5723758522775798,0.5664645262528867,0.7133930147634788,0.9705519383649789
440,PSMA8|EPCAM|RGS13|KRT5|NOL4|C17orf99|SUGCT|LRP1B|LHX8|MAGEA6///MAGEA3|AP3D1|LOC100996809///HLA-DRB5///HLA-DRB4///HLA-DRB3///HLA-DRB1|SFTA3|TNFRSF17|SFRP4|IGLJ3///CKAP2,0.27388742431213414,0.5159054996245291,0.589639146619867,0.9969385641306918,0.2903354078091839,0.5406575992823861,0.684932789601361,0.9956630015896343,0.219753023721066,0.41212533455887235,0.5312916583277374,0.9985231998824597
441,CRNDE|LRRN1|ORM2///ORM1|TPSB2|LOC101930415|ASB5|CILP|MYOCD|CXCL14|EYA2|SFRP4|EPHA4|C15orf48|ASPN|PPBP|SFTA3,0.728594202094213,0.557028345659,0.7503671757475772,0.9929266857046469,0.4912638211250447,0.516328530626263,0.6077986907152705,0.9533379717716578,0.5925778328772814,0.5665674152424779,0.6370589919258247,0.9769163924273998
442,MFAP4|C1QA|PXDNL|C4orf22|OLFM4|ZNF711|ZNF385B|CCDC110|CCL20|MAGEA1|C15orf48|LMO2|MMP3|TRPM4|FCGR3B///FCGR3A|LEP,0.6949610051217417,0.5606939347597042,0.7372646316913579,0.9912708376996374,0.6538350356837804,0.6130280639394132,0.6874281586715726,0.9949267679057054,0.6449654864121124,0.7458495480169541,0.6391183078033114,0.9886872498939219
443,COMP|NME8|VSIG4|HTR3A|XIST|OLFM4|IGKV1OR2-108|C4orf22|MAGEA6|KCNN3|SCARA5|NLRP4|NPY1R|SUGCT|ZNF711|IL13RA2,0.7002180506935249,0.5117578025774209,0.7449246005842727,0.9978045651684793,0.5361007995605196,0.4739138932405302,0.7219565306413132,0.9848642543962912,0.4865697104020215,0.5104405623691672,0.6619825504497096,0.979939186402736
444,LYPD6B|ZIC2|LGALS2|KRT13|LOC100134317///LOC284412|LRRN1|SDR16C5|NLRP11|MGST1|ZNF711|PKHD1L1|EIF1AY|MMP7|SOX2-OT|XIST|CD163,0.7422157000271506,0.6614763126234922,0.7030858060798981,0.9978262815298264,0.6467503465878313,0.5308778450290481,0.6639163455830814,0.9961966891943747,0.7435618558285737,0.6418161236158971,0.7928364366365073,0.9922389215089952
445,KCCAT333|MAGEA1|MME|KRT13|LINC01021|IGLJ3///CKAP2|RASSF6|CD163|C15orf48|SFRP4|TCL1A|HPDL|CETP|LOC100505878|COL9A3|LOC100134317///LOC284412,0.7170272397807772,0.7458973625089653,0.734239831569399,0.9969137785627893,0.6086247468469007,0.6632073681278091,0.7291737062336494,0.996541120173184,0.6119368598159719,0.5898474335469543,0.7089305781825291,0.9915931579297457
446,SUGCT|FABP4|PDGFRL|FAM30A|CRNDE|LINC01268|LINC01102|ABCG5|ORM1|PNMAL1|SMC3|COL11A1|LOC105372840|ZNF883|CTCFL|GJB6,0.6015574598167865,0.6093357735169616,0.727347399776608,0.9863595646053415,0.28470759599033235,0.380053825479878,0.5687297106987201,0.9661527636384873,0.5351863271248862,0.45659351598369546,0.6135608966378323,0.9844379239157812
447,AP3D1|CPXM1|PITX1|GOLIM4|IGHD|LINC00877|LOC100130744|MMP12|PRAME|CD1C|KRT6A|MAGEB1|HEPACAM2|FCRL4|OVAAL|HTR3A,0.4138188066525505,0.6088368281494679,0.6846901792232056,0.9802067279043063,0.3851870938418746,0.5797533664722118,0.681915452379291,0.9647301490613,0.504490721543269,0.5895955222388563,0.6611198487585579,0.9913771591898916
448,IGLJ3///IGLV1-44///CKAP2///IGLV@///IGLC1|MMP3|C1QA|NPY1R|MAGEA1|LOC100653057///CES1|MAGEB2|LMO2|CILP|HLF|SOX2-OT|LOC105375172|SFTA3|EML6|UBASH3A|IL22RA2,0.7679841202176254,0.7575108150062881,0.7884591452955956,0.9913420541400537,0.6295168702406522,0.6654455387014192,0.7441150916980073,0.9934362458397709,0.6276277998851021,0.652485824217279,0.7165542227968065,0.9774682540085077
449,UHMK1|RSPH1|S100A8|TRPM4|SYT17|CD74|MYOCD|SPRR1B|HMCN1|KRT14|STAG3|MME|SEC31B|VPREB3|COL11A1|MAGEA6,0.7018262044390409,0.6160495431752084,0.8656649444480212,0.9899789663492555,0.48060181641490085,0.5869745660457342,0.7607119952515211,0.9804084559654636,0.7285682642875514,0.7020075031153008,0.7813254145970827,0.9944387656730362
450,ZNF385B|CCL17|GJB6|LOC102725526///IGHV4-31///IGHM///IGHG3///IGHG2///IGHG1///IGHA2///IGHA1///IGH|KRT14|ASZ1|IGK///IGKC|ADIRF|RAB25|HEPACAM2|IL22RA2|LOC100134317///LOC284412|LOC102724689|MMP20|ASMT|STAG3,0.7518946697256389,0.7479516472206611,0.7138599456609986,0.9951517153556098,0.6517204596064523,0.5823926753822026,0.7288951668360181,0.9972298932475668,0.6880881888332744,0.6202312227358965,0.7132215714200285,0.989069308539505
451,LTF|ASB5|HLF|STXBP6|PTPN20|LINC01021|HIST1H3B|EML6|RGS13|CTAG2|MAGEA6///MAGEA3|STEAP2|BIK|KDM5D|LOC101930415|MME,0.4912700711933958,0.5859551000641505,0.6918182326905312,0.9967515148696939,0.5528620544898983,0.5960237505692142,0.7330067904558839,0.9942096206954997,0.6988231447897817,0.6406874046814222,0.7325322499936979,0.9901464880233387
452,KRT13|SUGCT|NME8|C17orf99|CILP|LINC00877|CD163|XK|ARL14|ASPN|AICDA|EYA2|KRT6A|STAG3|NLRP7|C15orf48,0.8679919984010168,0.6856876933469849,0.7796897597084435,0.9956672344054707,0.7481272455560367,0.6164724306317793,0.7875263919275803,0.9832755781723511,0.8011226892722737,0.778847748857894,0.7591551636458648,0.9765509598121935
453,ZBTB32|LINC00487|WFDC21P|CLIP2|FAR2P3///FAR2P2|SPIC|SUSD5|CAMP|TFPI2|LINC01021|RASSF6|MT1M|OVAAL|EPHA4|CXCL6|TNFRSF17,0.6396241428764147,0.5803415595352579,0.7048203038692644,0.9981629560593794,0.5962734462537294,0.554319796829737,0.7226517854375939,0.9834331529852798,0.7502424002543779,0.8035812844064893,0.7827029483426589,0.9890989149290773
454,SOX8|SPIC|AICDA|S100Z|SYT17|EIF1AY|ZNF385B|AQP9|CD163|MAGEB1|LINC01021|CTAG1A///CTAG1B|IGHV3-23///IGHV4-31///IGHM///IGHG3///IGHG1///IGHD///IGHA1///IGH|SPRR1B|MMP7|FCRL4,0.7343854129034537,0.6314818351612319,0.8048786580943421,0.9960547886195069,0.7048056512275802,0.6338524345607564,0.6790201997803141,0.9903587736477053,0.6654853661826459,0.6388325818751495,0.7108084490506321,0.9792711847607014
455,KDM5D|CXCL6|HLA-DQA1|FDCSP|HIST1H3B|UHMK1|FAM167A-AS1|IL22RA2|ICOS|PXDNL|CD1C|SUGCT|EIF1AY|KCNN3|STEAP2|ZNF883,0.5976117275078998,0.6062995629349899,0.8004473231636124,0.9982491875176825,0.6562158575096917,0.6270325126035718,0.7497103108365024,0.9939716952053578,0.6923679130211475,0.6211085659025273,0.7228654912634144,0.9948303256127592
456,KCNK12|VPREB3|ASPN|MAGEA6///MAGEA3|C1QA|LOC105372840|CAMP|UMODL1|VSIG4|MMP1|C15orf48|BIK|LINC01297|KCCAT333|LOC101930067|SAXO2,0.7793816846924584,0.7895839121214887,0.8228559837623687,0.9972462293449735,0.7332541940267953,0.658696776153769,0.7282427550907546,0.9856678432969954,0.7325611100407873,0.6181027992272667,0.7279019576530292,0.978534627468315
457,KRT5|FABP4|HAGLROS|KDM5D|RGS13|LINC01021|SEC31B|PSMA8|COL11A1|PNMAL1|EYA2|NCKAP5|EPYC|LOC101930114|HPDL|FDCSP,0.5736609629622078,0.45654483086993014,0.6866526862347297,0.9954221381003391,0.36471562407201025,0.5049922794605395,0.6270989675055136,0.9880963776664855,0.4480667414920802,0.5135222497430232,0.6768575957361909,0.9807801298991689
458,GJB6|NCKAP5|MMP1|KRT6A|RAB25|CCL21|ASMT|SNX29P1///SNX29P2|C12orf77|KLHL13|CCR10|PDGFRL|LINC00877|LOC101930067|DNER|MFAP4,0.8048088530456946,0.8373731400273887,0.7935560616616473,0.9956456985500188,0.6000244577234983,0.6475115473755362,0.7415335267747749,0.9840789952740315,0.6648813267664125,0.6703342408999826,0.7756127249639156,0.9875139895517312
459,PLA2G2A|LOC440864///MSH6|KRT5|CT45A8///CT45A9///CT45A10///CT45A7///CT45A2///CT45A1///CT45A6///CT45A5///CT45A3|ZNF257|IGHV3-23///IGHV4-31///IGHM///IGHG3///IGHG1///IGHD///IGHA1///IGH|WISP2|COL9A3|HMCN1|MMP12|C1QA|STXBP6|TRPM4|GPM6A|SCARA5|GOLIM4,0.6689395440181949,0.5102618973971413,0.7531784496834225,0.9980525333292486,0.5294552737625958,0.5410185520250854,0.6771314438299482,0.9743037847457572,0.6231828494618248,0.4189816530481881,0.633394530776105,0.969864125267691
460,FCRL4|TCL1B|IGHV3-23///IGHV4-31///IGHM///IGHG3///IGHG1///IGHD///IGHA1///IGH|TCL1A|FSTL5|EIF1AY|SAXO2|LYPD6B|LOC440864///MSH6|GPAT2|LOC101929272|KCNK12|SFRP2|MAGEA9B///MAGEA9|LINC01405|RASSF6,0.6318223469958473,0.6305236237611447,0.7131391759013253,0.9993184366894204,0.5203949630900077,0.559674978038439,0.7335772883759221,0.9828428013203793,0.559531508692121,0.5386194723109502,0.6693881656163583,0.9816291793250043
461,LOC101929141///CCDC144CP///CCDC144B///CCDC144A|MAL2|KLHL13|ZBTB32|NME8|KRT5|KCCAT333|EML6|LMO2|ARL14|EPHB1|PKHD1L1|BEX2|IGK///IGKC|ZNF385B|TCL1A,0.7446466422750614,0.6115482698723276,0.7405740317979251,0.9985669004902479,0.7062784972877404,0.7858822734090568,0.747793789705731,0.9891560910499204,0.6966068715684646,0.6133902919048658,0.7790646055686037,0.9897578409563251
462,SYT17|PXDNL|ABCG5|MME|SUGCT|PKHD1L1|IGHD|LGSN|RPS4Y1|MARCO|ICOS|ORM2///ORM1|C17orf99|RGS13|UMODL1|MAGEA9B///MAGEA9,0.7809490012043208,0.7713467975199158,0.7642162469396505,0.9959894687734395,0.7376077718314354,0.6429044593439899,0.7499912746691135,0.9830474129572611,0.7245650165380253,0.7048078534303994,0.6776463024875945,0.9887762033009764
463,LILRA4|NPY1R|CHIT1|RNF183|LOC101930114|S100A8|LOC101929272|LOC100134317///LOC284412|LINC01102|MATN3|HAGLROS|EPCAM|KRT5|LGALS2|LILRA3|CTCFL,0.6846808983894281,0.49619529953384484,0.7268266015506972,0.9979212144130504,0.5533898951639036,0.5117476436978203,0.6813327612661464,0.9897356637877355,0.5523768257119712,0.45324510960911896,0.6689896226608432,0.9833239357440193
464,PCSK1|FCGR3B///FCGR3A|FAM167A-AS1|ZNF385B|LINC01021|MAGEA6///MAGEA3|CCL17|LHX8|S100Z|CCDC110|ABCG5|LTF|LOC101927811|SPINK2|ZBTB32|NMU,0.6728556928851025,0.5876209618546528,0.635176725704892,0.9935464023714377,0.5758870945532264,0.5305373794780925,0.6274139442799579,0.9838382498740047,0.639055365518311,0.6325495071439766,0.6573697725095854,0.9957732517621565
465,UMODL1|SPIC|RPS4Y1|COL11A1|SERPINA9|PLA2G2A|PXDNL|C15orf48|ADIRF|MAGEA1|ZIC2|GJB2|LOC102724689|ZBTB32|LIN28B|P2RY12,0.7881016190336875,0.6508343759741122,0.7474855180372807,0.9990935245272649,0.7726796533853314,0.7345856094641191,0.7774639723096202,0.9875732621899581,0.6948015524429116,0.5558424395097346,0.7074760480339405,0.9850429698933684
466,P2RY12|RGS13|CTTNBP2|IGHV3-23///IGHV4-31///IGHM///IGHG3///IGHG1///IGHD///IGHA1///IGH|KLHL13|C15orf48|CD1C|LGSN|ADIRF|EPCAM|LINC01297|HIST1H1B|ORM2///ORM1|SMC3|DNER|PPBP,0.3899281438625725,0.557747090645478,0.7226982695772237,0.9830341775962539,0.4024724455480366,0.5814858259843786,0.7192122859749275,0.9671209363026683,0.4532734568026161,0.5712870758526155,0.7085327426180767,0.9952786757846349
467,ICOS|HSF5|TPSB2|PTPN20|SAXO2|OLFM4|MYOT|GOLIM4|MYOCD|FCAMR|AQP9|AICDA|CPXM1|KRT6A|IGKV1OR2-108|AP3D1,0.5948927402981958,0.6014064333523715,0.6273677077669566,0.996541018552344,0.29599668836216947,0.2991019785110801,0.6461483558027095,0.9898565052162073,0.4151723466560022,0.4187433408305177,0.6418206106143809,0.9915600109667216
468,LOC440864///MSH6|NLRP7|SDR16C5|CENPV|LOC101930114|NLRP11|TNFRSF17|LINC00877|FAM30A|CCL20|IGLJ3///IGLV1-44///CKAP2///IGLV@///IGLC1|FABP4|CLIP2|BIK|HEPACAM2|CPXM1,0.6634560768232524,0.6470903302789658,0.7601197867567482,0.993803392299352,0.40033556360352823,0.5704692765410952,0.690175735731897,0.9881928483805295,0.5097977982628503,0.5164840550053839,0.7128258591553724,0.972632199557118
469,VSIG4|LOC101930114|LOC101930415|CCL20|ASB5|WFDC21P|CTAG2|USP9Y|KLRC2///KLRC1|PTPN20|S100Z|SUSD5|LINC01297|WISP2|LOC102724689|HLA-DQB1,0.590623991512047,0.5843750255558474,0.755172186698847,0.984293968014979,0.3121281609407303,0.4702292483620317,0.6120684977137656,0.9868464353995063,0.465521752807587,0.5101889531346029,0.6713677863201424,0.992428173896379
470,GPAT2|CCL20|LOC101930067|LTF|PABPC5|RAB25|KCNK12|CD74|C15orf48|GOLIM4|VSIG4|UHMK1|GTSF1|FAM30A|ZNF883|AP3D1,0.4317286724059985,0.6604058718994957,0.717502671345011,0.9410803320253104,0.056368165637792234,0.43856618881507403,0.6194232132049005,0.9374149615030448,0.5169803344050247,0.5622565436782309,0.6660343257371408,0.984521270444453
471,AICDA|EPHA4|IGKV1OR2-108|ORM2///ORM1|SYT17|P2RY12|ZBTB32|CPXM1|SOX2-OT|RAB25|SUGCT|MATN3|LINC00877|SAXO2|BEX2|PKHD1L1,0.7118586012057203,0.6524660508024303,0.7206138092161102,0.9924534981317411,0.5826369169066353,0.42414666015281816,0.6533887450431374,0.9695189761036271,0.5682153715531943,0.41487169743948227,0.6474395741196606,0.987429714746691
472,FCGR3B///FCGR3A|RASSF6|CD163|CTAG2|PXDNL|GOLIM4|PPBP|NLRP7|GJB2|IGHV3-23///IGHV4-31///IGHM///IGHG3///IGHG1///IGHD///IGHA1///IGH|EIF1AY|LTF|LOC613266|CLIP2|IGKV1OR2-108|ORM2///ORM1,0.7300229781285983,0.6647392634661651,0.7809624964914703,0.9958209619849753,0.6978642846176348,0.5732038492927773,0.8147651842359536,0.9949966340729293,0.7233914705800819,0.624810875297867,0.7626623856643466,0.9881575415378685
473,HEPACAM2|LTF|LILRA4|KDM5D|FCGR3B///FCGR3A|MME|TCL1B|STAG3|HK3|VSIG4|FCRL4|DNER|SERPINA9|HMCN1|SFRP4|PDGFRL,0.8952884186193429,0.8246101492235431,0.8283250717347892,0.9970750570200636,0.8260005732855475,0.7222997172271872,0.822371004736254,0.9719407187922978,0.8631586032177563,0.8147214270897345,0.8292777158286637,0.9720323378993814
474,C4orf22|LOC101930415|OVAAL|KRT6A|AQP9|CD74|NPIPA5///NPIPB6///NPIPB8///NPIPB3|PCSK1|IGLJ3///IGLV1-44///CKAP2///IGLV@///IGLC1|MMP1|IGK///IGKC|FAM30A|SCARA5|MMP7|MAGEA6|GPM6A,0.5401736334056091,0.7120319036834011,0.7083396854061687,0.9963798749093696,0.35972566592708577,0.6231658835512373,0.6787529594370716,0.9743162839963997,0.6384199891073371,0.6648015761687315,0.6839960449549213,0.9859610846774094
475,SCARA5|LOC101930114|FABP4|LINC01021|TXLNGY|PXDNL|LOC283454///HRK|LOC440864///MSH6|ASMT|HLA-DQA1|P2RY12|HIST1H1B|DNAH8|S100A8|FCRL4|LINC00487,0.6773991154040281,0.5870072106219157,0.6957244975133285,0.9987846790506858,0.615211779536815,0.4534260011793224,0.6610915465933682,0.9955882102457724,0.6977690053030958,0.586483340879863,0.6827075159732814,0.9940168974722656
476,AQP9|UHMK1|ORM2///ORM1|FCGR3B///FCGR3A|IGLJ3///IGLV1-44///CKAP2///IGLV@///IGLC1|LRRN1|LOC101930114|KCNH8|PLA2G2A|PCSK1|LHX8|UGT2B17|AP3D1|STEAP2|EPHB1|LEP,0.6168899939831262,0.4582869585250583,0.7398198148764941,0.9932659413668659,0.3835754681438967,0.5039676843455616,0.6361372944833014,0.9810370810350848,0.5915794176367142,0.5079257255872187,0.675110833477949,0.9826745195696348
477,RPS4Y1|FAM167A-AS1|CTAG1A///CTAG1B|KCCAT333|EPHA4|LEP|C1QA|SUGCT|FAR2P3///FAR2P2|HTR3A|ASPN|ZNF385B|CLGN|RASSF6|CCL17|FAM111B,0.6548152460281085,0.5590732077522225,0.647528899039321,0.9939935554934253,0.6469978501908679,0.6841400529952397,0.6619668424631093,0.98238316754574,0.7171170071305428,0.6486242235474442,0.6609752169276695,0.9951544931968666
478,CD74|LOC102725526///IGHV4-31///IGHM///IGHG3///IGHG2///IGHG1///IGHA2///IGHA1///IGH|LOC440864///MSH6|KCCAT333|TPSB2|COL11A1|MMP7|ZNF385B|WISP2|MGST1|PPBP|HPDL|NLRP11|SCARA5|LHX8|SNX29P1///SNX29P2,0.7659679283369453,0.652389426832223,0.7282608221364378,0.9976441346369908,0.43099393702255406,0.5302987524103346,0.6697156388305667,0.9670819323230375,0.5386704713153946,0.5841768258561438,0.6451006089316824,0.9671632709588988
479,FABP4|FAM167A-AS1|TRPM4|PKHD1L1|GJB6|MUC16|SPIC|MAGEA1|LOC613266|MATN3|LINC01268|TCL1B|SOX2-OT|ASPN|HIST1H3B|HK3,0.5140625634302725,0.727978782756103,0.6799353064414393,0.9871127454226741,0.23304368449521354,0.5198825624689878,0.6266007197270796,0.9863441736961287,0.3423039783528108,0.5639272629351276,0.6773003129225887,0.9876481933340326
480,LOC440864///MSH6|LINC01268|KCNH8|CTAG2|CENPV|NPIPA5///NPIPB6///NPIPB8///NPIPB3|IGHD|ASPN|LOC100130744|KCNK12|MMP3|CCL22|LTF|HLA-DQA1|EPHA4|MME,0.6432883019772592,0.5245529438541049,0.7588803170198131,0.989305704874836,0.528294991610857,0.5793892911128262,0.7086064533363223,0.9524256846341749,0.6889914065280073,0.5826598383932371,0.6230628983800206,0.9750836838012594
481,ASMT|MT1M|FAM30A|LOC101930067|HMCN1|MAGEA1|LOC105372840|LRP1B|IGHD|LOC283454///HRK|GPAT2|IL17RB|SFRP2|RGS13|MFAP4|UGT2B17,0.6433116812843375,0.60597633751416,0.7163381763117594,0.9955878993009398,0.6002515597992272,0.5217465921810222,0.6873095925841936,0.9928298768982852,0.6080252794427805,0.6162956791743675,0.6626687567522161,0.992594409449498
482,C17orf99|ASPN|FDCSP|LOC101930067|LRRN1|ZNF385B|NPIPA5///NPIPB6///NPIPB8///NPIPB3|LINC01297|LOC101930114|IGK///IGKC|NME8|STAG3|SERPINA9|KLHL13|SYT17|C1QA,0.6850043630446749,0.6235550379340535,0.7194307875885102,0.9961676231289557,0.5688363878028382,0.49271419865512517,0.7449079639208935,0.9912734391050809,0.7287664782576095,0.605866927970714,0.7719947327969812,0.986122632079396
483,HLA-DQA1|SFRP4|LINC01268|NLRP4|MYOT|MAGEB1|ZNF257|LOC100505878|GPM6A|PNMAL1|PDGFRL|MMP1|FCRL4|MAGEA6///MAGEA3|CTTNBP2|HTR3A,0.6360803737207495,0.6571453600428676,0.7281954829776223,0.993532462219807,0.5162502639362198,0.6345560016663687,0.6181741976704643,0.9790262348274018,0.6672163671832211,0.7798464994808979,0.6578921428442379,0.9823746108509507
484,CTTNBP2|FCGR3B///FCGR3A|S100Z|PNMAL1|KCNK12|LINC00487|ORM2///ORM1|SUSD5|MAGEB2|KLHL13|MAL2|ORM1|NPY1R|UHMK1|ARL14|DNER,0.7373213394641971,0.6354987297621106,0.7253013545607379,0.9974199639174084,0.6771529666235296,0.599281433542223,0.7309955911528648,0.97927663362359,0.7283956208039587,0.6426633507075636,0.7210108788624463,0.9749912085632055
485,HEPACAM2|TXLNGY|LOC101930067|NLRP4|LOC102724689|KCNK12|TNFRSF17|CENPV|LOC101927811|PDGFRL|CCL22|MFAP4|ASZ1|UMODL1|HLA-DQB1|ORM2///ORM1,0.5795193599214854,0.5965378437093605,0.7309243791081823,0.990713894570092,0.5792471673809685,0.5692018171197515,0.7400324293767024,0.985284439873683,0.5002705893468666,0.6117313453041524,0.7081253935151276,0.9948022976359657
486,RGS13|EPHA4|MAGEB1|CCL21|FABP4|MMP7|AICDA|LINC00487|ADIRF|NCKAP5|OVAAL|MAGEA1|KRT13|PROK2|KCNN3|LOC101929141///CCDC144CP///CCDC144B///CCDC144A,0.6897105659654131,0.8218032972835759,0.7845386139075423,0.9924053663990201,0.5472620147091569,0.6326662604125424,0.6635553400501243,0.9936220370319944,0.5940824400960039,0.6812399334658594,0.6755602156263031,0.9887435786124167
487,HAGLROS|SERPINA9|ZBTB32|FAM30A|SNX29P1///SNX29P2|LOC100653057///CES1|GOLIM4|XK|LOC101930415|XIST|MYOCD|MYOT|TCL1B|LGSN|LOC101930114|WISP2,0.7524779953003524,0.5174481100743019,0.7066256652050469,0.9977253871704705,0.5979532782470698,0.4693831236553595,0.7241031397690896,0.9553185516643574,0.5826529674273863,0.4875606358775155,0.6951437584079034,0.9674960826200438
488,CT45A8///CT45A9///CT45A10///CT45A7///CT45A2///CT45A1///CT45A6///CT45A5///CT45A3|PLA2G2A|MYOT|FAM129C|LRP1B|LOC102725426///MIR8071-2///MIR8071-1///IGHM///IGHG1|IGHV3-23///IGHV4-31///IGHM///IGHG3///IGHG1///IGHD///IGHA1///IGH|ZIC2|TRPM4|PNMAL1|DAPL1|TPSB2|OLFM4|CHIT1|SUGCT|MUC16,0.5873084558332279,0.6100544250859292,0.7008907478864091,0.9985095258786897,0.3299493165998234,0.5125522213869159,0.65147781399579,0.9873889304243273,0.33165571592750787,0.5332348478746117,0.5888994116116328,0.9887812934404634
489,LOC101930114|UHMK1|HEPACAM2|IGK///IGKC|SAXO2|RGS13|ORM2///ORM1|PRAME|HLA-DQA1|FSTL5|VPREB3|FCAMR|KLRC2///KLRC1|ABCG5|C3orf67|ZPBP2,0.644546113295636,0.542715031002851,0.7233788429786387,0.9989356042242888,0.5970909380539237,0.6618356366731089,0.6704531374168583,0.996574632096429,0.4861521338296203,0.5888817874452921,0.6346677311467113,0.9966178630777607
490,KLHL13|GPM6A|HLA-DQB1|NLRP7|TCL1A|MAGEB2|CTCFL|LILRA3|KCNH8|FAR2P3///FAR2P2|PLA2G2A|ZYG11A|TRPM4|LMO2|SEC31B|KCCAT333,0.7302846151059317,0.643977125176282,0.6621005564789302,0.9986390709480576,0.5889664348800502,0.5319719204737242,0.6044952546050989,0.991544446205507,0.6423302850716628,0.5761053878432669,0.7021616858541427,0.988786326437605
491,LOC613266|PROK2|SUSD5|HAGLROS|LINC01297|FSTL5|DNER|LINC01405|MMP3|HLA-DQB1|MARCO|LOC101929272|S100A8|FAM129C|TNFRSF17|CLGN,0.6858601058151088,0.6713689711654094,0.7219232782155025,0.995665254408545,0.5275330161180461,0.6183512797278351,0.7012271365824001,0.9869300239741277,0.616557737264884,0.6194380872866505,0.6421604061708801,0.9945444970757591
492,UGT2B17|WFDC21P|LOC100130744|CXCL14|ADIRF|IGHV3-23///IGHV4-31///IGHM///IGHG3///IGHG1///IGHD///IGHA1///IGH|SFRP4|KLRC2///KLRC1|FABP4|LOC102725426///MIR8071-2///MIR8071-1///IGHM///IGHG1|CTAG1A///CTAG1B|MAGEB2|GTSF1|PRAME|PROK2|MME,0.7395384276525759,0.7327851163385235,0.7602640804499081,0.9957434354465503,0.680408487814319,0.6732479108668834,0.7241424167178906,0.984948093575218,0.7071699530615861,0.7573028064990202,0.7333371053631299,0.9778051422596846
493,PNMAL1|ZNF711|ASMT|AICDA|LOC105372840|ASPN|NCKAP5|COL9A3|CD163|CXCL14|NLRP4|WFDC21P|CCL22|KCCAT333|LOC101930415|BEX2,0.6566113182161166,0.49983949436906994,0.68734690168951,0.9961861417050125,0.5437953150614577,0.524114796926443,0.625857595488451,0.9786106763177354,0.564160606019965,0.5114736582697096,0.6861048121323797,0.9884024352784699
494,CETP|NPIPA5///NPIPB6///NPIPB8///NPIPB3|LINC01102|MT1M|NMU|MAGEB2|GJB6|DNAH8|TCL1A|PTPN20|BEX2|PPBP|LINC00877|WFDC21P|MYOCD|C4orf22,0.6818432735791857,0.6797441983115255,0.6514313933273581,0.9977105936293489,0.46516135562996913,0.5099576603529312,0.6691769762727399,0.9941564714460177,0.5436190174056877,0.6008657619432207,0.6505319909985678,0.9883341753749666
495,MIS18BP1|LOC105372840|H2AFB1///H2AFB2///H2AFB3|LHX8|PTPN20|MGST1|SAXO2|LINC01268|RSPH1|CCR10|HLA-DQB1|LOC101930067|NLRP7|MME|CILP|HIST1H1B,0.5896395776027968,0.6306749282905469,0.7028862428529141,0.9901546991158303,0.30884817482562377,0.41377312101490016,0.5917059212382557,0.9773833536911829,0.39616547609041475,0.522951790730222,0.6236017994129703,0.990538993161708
496,LINC01297|NOL4|KCNK12|LILRA4|NME8|BIK|CAMP|LOC102725526///IGHV4-31///IGHM///IGHG3///IGHG2///IGHG1///IGHA2///IGHA1///IGH|LOC283454///HRK|SFRP2|CTAG1A///CTAG1B|PCSK1|VSIG4|CD1C|MARCO|MMP3,0.7652407572286973,0.6256744205351497,0.7814385647868775,0.998791910209059,0.5707748086981775,0.49380905925242013,0.6680402458306827,0.9865753749551921,0.6323839326637964,0.5713843524895588,0.6596203562111229,0.983071163603044
497,C7orf57|ADIRF|GJB6|KCNK12|ABCG5|GPM6A|PLA2G2A|LTF|RPS4Y1|HMCN1|WISP2|UBASH3A|EPHB1|PDGFRL|MGST1|LOC101930067,0.8061388729647113,0.6845939516612182,0.7638636378793919,0.995604416629118,0.5727312270189171,0.6696355722279066,0.68975759664014,0.9621330312399209,0.5951200768785917,0.6210107911739027,0.708073564915894,0.9695129953564106
498,OVAAL|RNF183|P2RY12|HK3|KCCAT333|C12orf77|CRNDE|GOLIM4|IGHV3-23///IGHV4-31///IGHM///IGHG3///IGHG1///IGHD///IGHA1///IGH|TPSB2|HTR3A|SEC31B|FAM30A|CCL17|MAL2|GPAT2,0.5873814557470288,0.5865662625226526,0.6657988795627743,0.9954633737716236,0.5124382696537639,0.6656230042394738,0.6157505495703965,0.9719517666167813,0.5859620862206164,0.5426376122363832,0.6557949828916781,0.9877581640622113
499,KLRC2///KLRC1|SDR16C5|SFTA3|HK3|HIST1H1B|SPINK2|ADIRF|C12orf77|SNX29P1///SNX29P2|IL13RA2|CILP|SACS-AS1|FDCSP|PTPN20|MYOCD|RSPH1,0.7790169540306594,0.7357478284336795,0.737536709035117,0.9978655467131327,0.5506140418888414,0.487564072368071,0.6764578982970625,0.9755705610654604,0.6199989641339716,0.6063523918936324,0.6953282360199555,0.982432387506153
500,EYA2|MAGEB2|GTSF1|SFRP2|HLA-DQB1|LOC101929141///CCDC144CP///CCDC144B///CCDC144A|KRT5|LOC102724689|FDCSP|MMP3|MAGEA6|RPS4Y1|SFTA3|IGLJ3///CKAP2|HAGLROS|C7orf57,0.5326884203729275,0.5123432515525574,0.701107465341616,0.996203242597698,0.5212657617380195,0.5917528896186592,0.6789528356614607,0.9981273836016314,0.45778830611683824,0.5823817800164464,0.6378251535151338,0.9951301293223324
501,PKHD1L1|UBASH3A|MAGEB1|EML6|WISP2|S100Z|CHIT1|KCNH8|C1QA|OLFM4|EPHB1|CT45A8///CT45A9///CT45A10///CT45A7///CT45A2///CT45A1///CT45A6///CT45A5///CT45A3|CXCL6|MIS18BP1|TCL1A|HK3,0.7111904923042033,0.5476370519447273,0.6735162303308291,0.9981683863930749,0.6024496532349769,0.5222846290572346,0.6853483909597999,0.9764736291331556,0.7128094188050013,0.6325563342501926,0.7295599834580322,0.9739809414239446
502,TXLNGY|MFAP4|LINC01102|CD163|LINC01268|LOC100996809///HLA-DRB5///HLA-DRB4///HLA-DRB3///HLA-DRB1|PPBP|TRPM4|C17orf99|CLIP2|LOC100130744|KDM5D|CENPV|HPDL|CXCL6|FCER2,0.7603523855467889,0.774711773770886,0.749350330848385,0.9954597739691501,0.6403516338441128,0.6407995012079399,0.686708280978275,0.9914419654077897,0.751347938833657,0.7290012318338033,0.7968989559359483,0.986705575861214
503,SFTA3|SUSD5|RAB25|ZBTB32|CTTNBP2|LOC100134317///LOC284412|CCL22|HIST1H1B|IGK///IGKC|KCCAT333|HPDL|ZIC2|MUC16|CHIT1|CPXM1|FDCSP,0.39165660411534975,0.5844423619308999,0.6210467095190637,0.9968230202491973,0.2899696471887048,0.5010106962976186,0.6479064810769016,0.9910033880956657,0.6076598521148994,0.56512676566747,0.6885035001150143,0.9898367431753794
504,ICOS|ZNF385B|TNFRSF17|ZYG11A|IL22RA2|P2RY12|SDR16C5|EML6|CETP|PNMAL1|PLA2G2A|KRT6A|KCNK12|ZNF711|CHIT1|CD163,0.7554692956983746,0.7992288599373083,0.7635670959575191,0.9961660528880295,0.6395728991687535,0.774600511714957,0.6846393304339764,0.9882066760638156,0.6255463274032568,0.6838118050187594,0.7135303030865292,0.9749287793349906
505,IGKV1OR2-108|IL17RB|LGALS2|CCDC110|SDR16C5|CCL17|UHMK1|GPM6A|PNMAL1|TCL1B|MFAP4|LYPD6B|TRIM59///IFT80|CD163|FDCSP|KDM5D,0.7233278664477459,0.5982972845767938,0.8240211317274193,0.9923792261905977,0.50649009191941,0.5185489601304467,0.7330884733886518,0.9872491031950418,0.6530360529977945,0.6226580913360378,0.7647348277060021,0.9822402553594549
506,MME|AP3D1|FCGR3B///FCGR3A|OVAAL|AQP9|TRPM4|C15orf48|LMO2|ICOS|CTCFL|MMP3|MIS18BP1|CCL17|DAPL1|C4orf22|SFTA3,0.7063287375693909,0.8219904633721757,0.77478358234836,0.9989589985940626,0.5916574252511324,0.6998673706914975,0.7801504783611835,0.9825060072838301,0.6332770255183481,0.6800058793006954,0.7555263729744393,0.9824598538707721
507,ZNF711|LRP1B|PSMA8|MMP12|TFPI2|MMP7|FCRL4|IGHV1-69|KRT6A|MMP1|MAGEB2|SPINK2|CT45A8///CT45A9///CT45A10///CT45A7///CT45A2///CT45A1///CT45A6///CT45A5///CT45A3|C17orf99|COMP|RPS4Y1,0.6130433259182771,0.5676941596796435,0.7184643156890862,0.9963535062137605,0.6640113497403953,0.5628888660300742,0.677455336444664,0.9957901657942654,0.5576176189088979,0.5404294613788208,0.6173622405041936,0.9897846113841245
508,SPIC|LOC105372840|AICDA|HLA-DQB1|NLRP7|STEAP2|FCER2|ZNF711|ORM1|CPXM1|IL13RA2|FDCSP|MAGEB1|LOC100130744|MUC16|CTAG1A///CTAG1B,0.6153993105605072,0.6588563468336797,0.7137124374515487,0.9962174046930428,0.6850505514673676,0.7362558108796229,0.6774097830761623,0.9946444141418238,0.6551132118346445,0.6136408380145124,0.6783265509142273,0.9846074885765373
509,LRRN1|LGALS2|EML6|SOX2-OT|LOC105375172|AP3D1|SAXO2|CHIT1|KRT14|HLF|H2AFB1///H2AFB2///H2AFB3|TFPI2|UMODL1|C1QA|SEC31B|LTF,0.381715903486427,0.5390990558470996,0.633639397665023,0.9893319378820022,0.25282130106301326,0.399244568596462,0.6205686781014446,0.974893103193329,0.4726970611609357,0.5232753472505371,0.6244383146573953,0.9924815229191922
510,GJB6|FAM167A-AS1|PNMAL1|CILP|MUC16|HIST1H3B|IGHV3-23///IGHV4-31///IGHM///IGHG3///IGHG1///IGHD///IGHA1///IGH|LINC00877|LOC101930067|ZNF385B|SEC31B|NMU|ADIRF|KCCAT333|ZBTB32|MMP1,0.5727061948593415,0.6216467463213902,0.6875409217339759,0.9833578500353578,0.3575135199744185,0.5293735376670385,0.6115008648184357,0.9761712820474682,0.5607851106579813,0.6680955923158964,0.6693830985007319,0.996295898990536
511,EPYC|FCER2|HIST1H1B|USP9Y|STEAP2|IL22RA2|S100Z|UMODL1|IL17RB|ZNF883|HLF|ARL14|KRT5|LGSN|SPIC|CRNDE,0.6204284218960959,0.556926035352639,0.7556531189538664,0.9983036720015105,0.47410264209423897,0.48691921930700044,0.7073344177242953,0.9790578157140583,0.5968022021396817,0.507334399684805,0.6782945077533804,0.9785523980725145
512,ASPN|CCR10|LOC100130744|OVAAL|SUGCT|C7orf57|SACS-AS1|MT1M|AP3D1|CT45A8///CT45A9///CT45A10///CT45A7///CT45A2///CT45A1///CT45A6///CT45A5///CT45A3|GOLIM4|NOL4|LILRA3|SCARA5|H2AFB1///H2AFB2///H2AFB3|KCCAT333,0.5210444676291166,0.6441242353031456,0.6706303980346066,0.9828598952544504,0.5708708321852681,0.7934523305750651,0.6994093614670709,0.9382904551735675,0.6509792905207485,0.6286201061809414,0.6755864715142259,0.9784949856681164
513,SUGCT|DNER|LGALS2|VPREB3|XIST|H2AFB1///H2AFB2///H2AFB3|FSTL5|TXLNGY|FABP4|SOX2-OT|SPIC|C12orf77|IGHV1-69|MMP20|NLRP4|SACS-AS1,0.858791412150804,0.6409258628071105,0.7973360296028653,0.9968030857871488,0.7913845863328555,0.6735523567941157,0.709915643102446,0.9859645174780997,0.8230746546784549,0.7071320058948398,0.7778391837944789,0.9917413996068902
514,MAGEA6///MAGEA3|EPCAM|KRT13|XIST|ZNF385B|IGK///IGKC|FABP4|ZNF711|PSMA8|IGHV1-69|FAM167A-AS1|MMP7|NLRP7|LINC01102|NMU|C12orf77,0.5844483056099454,0.5281831205503134,0.7199399770160976,0.9960271667984392,0.5275007661957218,0.552287332186012,0.6744831233343187,0.9926934796067075,0.5572368866791074,0.5188657266646429,0.6999295786940263,0.9961424694023673
515,CHIT1|PABPC5|LOC102725526///IGHV4-31///IGHM///IGHG3///IGHG2///IGHG1///IGHA2///IGHA1///IGH|EPHA4|HMCN1|HLA-DQB1|UGT2B17|SEC31B|KLRC2///KLRC1|IGKV1OR2-108|LOC101929272|SPRR1B|SOX8|LOC100509457///HLA-DQA1|LRRN1|XK,0.7655483447985173,0.6830705605127148,0.7587906596279288,0.9979062446776967,0.6467863216532088,0.6300745641887715,0.6648507914699627,0.9874358951388352,0.7155379910828333,0.5555263489693105,0.6782742426072037,0.9868954875466862
516,LOC101930415|HEPACAM2|STAG3|UHMK1|CTAG1A///CTAG1B|NLRP7|DNER|MAGEA6|FDCSP|MMP7|PSMA8|LOC100653057///CES1|HAGLROS|SDR16C5|C12orf77|ZIC2,0.7428183147536058,0.7330660004204237,0.809151939742445,0.9963587083533025,0.5298354855765837,0.5474329059802279,0.7351052457371402,0.9839339696267425,0.6563502661249874,0.6576094164919685,0.7262137735476502,0.986003236527821
517,LEP|LOC101930114|HAGLROS|CRNDE|NCKAP5|FSTL5|S100Z|LINC01021|LOC100505878|CTAG1A///CTAG1B|FCAMR|FAM30A|RAB25|OVAAL|EML6|EYA2,0.6395204540840072,0.6569345957875182,0.7117641211176722,0.9962523243581201,0.6671609553009884,0.5680645555715882,0.7201452231289738,0.9942806918571577,0.614587693282727,0.5748330733696778,0.6588519693839829,0.9874988864560934
518,PRAME|DNAH8|ZNF711|SOX2-OT|MGST1|ABCG5|MMP20|FCER2|ASB5|BEX2|COL9A3|GJB2|H2AFB1///H2AFB2///H2AFB3|HEPACAM2|SUSD5|EPCAM,0.5195281625017227,0.5461216097717527,0.6427147915731777,0.997268726684828,0.6072113468872944,0.6496566979732114,0.6735257104027016,0.9956383768359592,0.48961547117995247,0.576067298955246,0.6317440982852014,0.9890060978780588
519,VSIG4|ASMT|RPS4Y1|LRP1B|HPDL|SAXO2|DAPL1|IGHV1-69|IL13RA2|KCNN3|EPCAM|MFAP4|TPSB2|KRT14|SYT17|ASPN,0.6576396974094845,0.5395456816910469,0.6000600390557234,0.9939064714731416,0.3420687772513908,0.5091865552394016,0.6825916576874806,0.9768743645073045,0.31682410248205956,0.566922527739578,0.6263312260255668,0.9872793254333067
520,CHIT1|KCNH8|LOC283454///HRK|TRPM4|LOC440864///MSH6|PRAME|FSTL5|ASMT|GJB2|LINC00877|VSIG4|CD74|GPAT2|LOC101929272|MMP12|UMODL1,0.7435889048466726,0.6300986507490862,0.7577268388216831,0.9968663137445747,0.5660905949253764,0.6197273433328073,0.6135698517910092,0.9760012937386704,0.6605081603596331,0.6368760931037116,0.7217509078910449,0.9700000871610811
521,CCL22|DAPL1|LTF|PITX1|MAGEB1|MARCO|LOC105372840|LRRN1|COMP|CCR10|MAGEA6|KCNN3|LRP1B|MAL2|LINC00877|SEC31B,0.6426034288565656,0.6756875888526701,0.7297102188109197,0.9976662625320009,0.5590158731725797,0.6488510519539177,0.6152226187391155,0.9847763983401527,0.47045521027584036,0.527260474819766,0.6727232023300296,0.9858180856303241
522,NLRP7|HLA-DQB1|GJB2|KCNK12|SUSD5|PITX1|MARCO|TRIM59///IFT80|LOC101929272|STAG3|LOC105372840|C3orf67|IL22RA2|GJB6|EPCAM|LOC100509457///HLA-DQA1,0.7903601650855957,0.7520443630424636,0.7654862262671747,0.9974439569304011,0.612082289190547,0.5794345634414306,0.6597605062010449,0.99062820663832,0.6533812092210611,0.6041939943875839,0.6694748777349833,0.9891050135675641
523,LOC100134317///LOC284412|GJB6|SNX29P1///SNX29P2|C3orf67|PRAME|PKHD1L1|COL9A3|ASMT|IL17RB|CTAG1A///CTAG1B|SACS-AS1|KCNN3|ASZ1|FDCSP|MME|CTCFL,0.8391099693786173,0.6853165739485916,0.7254454074966661,0.9912674570126252,0.7164759578627539,0.5029194535359296,0.6582005940691504,0.9699799297173528,0.6997543862754629,0.6406297685396479,0.6902833215693234,0.9787407760849384
524,UBASH3A|TFPI2|IGHD|AQP9|NME8|MME|HPDL|GOLIM4|MMP12|UHMK1|SOX8|LINC00487|S100A8|WFDC21P|SOX2-OT|FCRL4,0.7307404559969878,0.7850785021530561,0.7199752305045293,0.9938820356728628,0.5864143743898802,0.6312797093920213,0.6291577483470564,0.9734113796900984,0.7489656805301221,0.7783622758677371,0.8170166993384566,0.9795542297955759
525,MT1M|SDR16C5|LINC00487|DNAH8|AQP9|NCKAP5|MYOCD|LOC613266|USP9Y|CCDC110|LOC101929272|JCHAIN|SFRP2|LINC01405|CD1C|ZYG11A,0.7768926368042984,0.5983416501082716,0.7714978606581259,0.9977285005718661,0.7144589833636072,0.5888164341797966,0.7463125066537891,0.9834023388504554,0.7346059645352683,0.5957355524008702,0.7610756828672517,0.9840500749481356
526,CTAG1A///CTAG1B|CD74|FAR2P3///FAR2P2|IGK///IGKC|EPHA4|CHIT1|FAM129C|EIF1AY|RAB25|C12orf77|FAM111B|LOC101930114|FDCSP|CD1C|KCNK12|XK,0.5673072106117211,0.7271892008458767,0.7780926322335311,0.9923946048159701,0.3368858260040719,0.5290816477709437,0.6090974152908892,0.9747025329765613,0.6229709684007886,0.6736077378975489,0.7589556900111949,0.9797504878929122
527,TCL1A|ORM2///ORM1|HLF|IGHV3-23///IGHV4-31///IGHM///IGHG3///IGHG1///IGHD///IGHA1///IGH|DNAH8|CPXM1|KRT6A|LGSN|LINC01297|LOC100509457///HLA-DQA1|LOC102725526///IGHV4-31///IGHM///IGHG3///IGHG2///IGHG1///IGHA2///IGHA1///IGH|MT1M|CD1C|EYA2|MAGEA9B///MAGEA9|CD163,0.8071663664013845,0.7524431993322829,0.7239923919212388,0.9986162069329174,0.7673955531402927,0.6214254288115025,0.7532024411691773,0.9960959547243454,0.7892586116366036,0.7420434906041122,0.7292942053588153,0.992534027483177
528,LOC101927811|MYOCD|ZNF883|MT1M|NME8|GPAT2|TRIM59///IFT80|FABP4|LOC100134317///LOC284412|LINC01297|STXBP6|NPIPA5///NPIPB6///NPIPB8///NPIPB3|CENPV|PXDNL|DNER|MAGEB1,0.32721896185709465,0.49070559215890636,0.6571475228876439,0.9830784827638244,0.22571163184036347,0.5299607869996301,0.684574528712022,0.9808543586843982,0.544626499066021,0.5847655275854342,0.6822936978987714,0.9979337810252478
529,FAM129C|AP3D1|CENPV|TRPM4|IL22RA2|COL9A3|KCCAT333|CCL17|CCL22|WFDC21P|COL11A1|HTR3A|NME8|GOLIM4|IL17RB|LINC01102,0.7039654837742396,0.7254601691298737,0.6655909056969831,0.9927812529787381,0.5605163186091002,0.6812303644951965,0.6548814656400821,0.9569219501811448,0.7342401616126093,0.6661330608773299,0.7158223733198101,0.9756544194668729
530,C7orf57|SFRP2|EPHA4|HK3|CCR10|SACS-AS1|LILRA4|LHX8|LINC01102|EML6|LGALS2|HPDL|ASPN|MYOT|C15orf48|KCCAT333,0.8039290560153152,0.6850199820399147,0.7425597606721914,0.9971000186888406,0.6401313464712797,0.574471611070015,0.7349152469923539,0.972583258710853,0.7173117015575335,0.6737908484173888,0.7362281440010517,0.9691465640984334
531,JCHAIN|FCAMR|IL17RB|FAM129C|CLGN|LOC100134317///LOC284412|OLFM4|C17orf99|ZNF883|HLA-DQA1|LOC101927811|PRAME|IGHV3-23///IGHV4-31///IGHM///IGHG3///IGHG1///IGHD///IGHA1///IGH|LOC100509457///HLA-DQA1|KDM5D|ZNF711,0.4839551314217458,0.5816112157468554,0.6052749036919118,0.995891878179788,0.541041634072411,0.6330183775387206,0.645636452465896,0.9937011813442821,0.540793850790284,0.5274168114299234,0.6973962590699829,0.9960671836834428
532,RSPH1|FCER2|KCNH8|ZPBP2|VSIG4|COMP|S100Z|ZBTB32|ASZ1|IL22RA2|ARL14|FDCSP|TNFRSF17|PKHD1L1|EIF1AY|DNER,0.810932530159768,0.5665219232687199,0.7729266024328452,0.996429031308271,0.7970936274417518,0.6921869561752862,0.7287323631436404,0.9717908804983039,0.7825520788819976,0.5572967357206468,0.7267972763877393,0.9714941496318344
533,GPAT2|UHMK1|JCHAIN|LINC00877|KLHL13|CILP|ASZ1|LOC102725526///IGHV4-31///IGHM///IGHG3///IGHG2///IGHG1///IGHA2///IGHA1///IGH|AICDA|GOLIM4|DAPL1|LYPD6B|P2RY12|ABCG5|LOC105375172|BIK,0.6610509850746611,0.6158828944089301,0.6905288818647096,0.9941250453917393,0.4586595400454968,0.5067800402041208,0.689091574096818,0.986808687337747,0.42945443523274235,0.5339461310698703,0.6658115514216099,0.9918497155983048
534,NPIPA5///NPIPB6///NPIPB8///NPIPB3|ZNF257|AICDA|FAM111B|TXLNGY|SFRP4|MMP7|CT45A8///CT45A9///CT45A10///CT45A7///CT45A2///CT45A1///CT45A6///CT45A5///CT45A3|CLGN|NLRP7|LIN28B|NCKAP5|LINC01297|LOC105372840|ASZ1|EPCAM,0.43210173770849125,0.44136138811513614,0.6240424894772236,0.9938383016651268,0.18062738632523997,0.4390638510787196,0.5476055656376368,0.9840716146862691,0.5444997837978427,0.5618955885264021,0.659071610175771,0.9905951148293609
535,NME8|SFRP4|HAGLROS|LINC01268|ICOS|LOC102725426///MIR8071-2///MIR8071-1///IGHM///IGHG1|MUC16|CXCL14|CD74|FAM30A|HSF5|CD163|IGKV1OR2-108|CHIT1|CRNDE|UGT2B17,0.6059946743871224,0.516118334818865,0.7367641286679452,0.9984088567761696,0.5201730369901978,0.5574279730324782,0.7287459238291695,0.9751564279972242,0.5800628169659184,0.6321598881846493,0.7022530998699571,0.9751093191758573
536,LRRN1|HSF5|LILRA3|IGHV1-69|SCARA5|MAGEA9B///MAGEA9|LOC101927811|ORM1|VPREB3|KLHL13|C4orf22|BEX2|PRAME|EYA2|FCGR3B///FCGR3A|FCER2,0.7451851169921182,0.6553111242170188,0.7353372602472574,0.9942729557306681,0.5936685307299105,0.5652285909813035,0.6618366451841748,0.9871106134974067,0.6224258444926131,0.503542152111392,0.6574380544762103,0.9822773959290675
537,SFRP4|HIST1H1B|LOC102725426///MIR8071-2///MIR8071-1///IGHM///IGHG1|FDCSP|MMP20|AP3D1|CENPV|GJB2|C15orf48|RASSF6|CTAG2|ARL14|LOC440864///MSH6|IGLJ3///CKAP2|MAL2|EML6,0.47359739832030817,0.49950397806638513,0.7309031601694869,0.9955289504840951,0.4697590326417463,0.5663602050449776,0.675399521884333,0.9933853850471427,0.5999497850906694,0.49878787664075586,0.7056083916552155,0.9869790906620274
538,TFPI2|C1QA|FCER2|SUGCT|FSTL5|DNAH8|LOC613266|DNER|ASB5|PITX1|LILRA3|MAGEB2|TNFRSF17|NMU|LINC01405|SACS-AS1,0.6765535497103797,0.521947428998587,0.711042173790448,0.9915599949168891,0.686993539098205,0.6010610356210222,0.7393767236731259,0.9893147719887523,0.6405537590248674,0.6186623212314171,0.6751047365480631,0.971623338586429
539,SACS-AS1|HLF|LEP|WFDC21P|CD74|MARCO|HEPACAM2|TFPI2|ASMT|ZIC2|RPS4Y1|MAGEA9B///MAGEA9|SEC31B|HIST1H3B|DNAH8|CPXM1,0.4966688150882515,0.5553864266251284,0.7237781544907969,0.9885530592264692,0.2651316098674634,0.37752148338225,0.6124404581968979,0.9707679987816086,0.4099550706833877,0.44677691233535743,0.6647968174407166,0.9904256344054154
540,KRT6A|IL17RB|COMP|LINC01102|MMP3|LMO2|LOC102725526///IGHV4-31///IGHM///IGHG3///IGHG2///IGHG1///IGHA2///IGHA1///IGH|AQP9|TPSB2|ASPN|FAM111B|ASZ1|LINC01268|HLA-DQA1|CCL21|MT1M,0.7450540447775394,0.7110843146907436,0.7389099580301508,0.9967099547698016,0.5678972462573412,0.7487618037890718,0.7492021387427863,0.9771973262288207,0.5741212620524764,0.6890315300899659,0.6592214840876877,0.9711807926152907
541,FAR2P3///FAR2P2|MAGEA1|ORM1|SERPINA9|LOC100509457///HLA-DQA1|IL22RA2|EYA2|NOL4|CCDC110|LINC01405|ICOS|TCL1B|MFAP4|C1QA|SPRR1B|SFRP4,0.6709960774781631,0.6979666959620152,0.6403325886148821,0.9987377583867914,0.549955403532844,0.5735687162422474,0.6814774544091924,0.9917480489957416,0.7090921968926547,0.6644271723280126,0.7371029836608134,0.991843257632272
542,ORM1|PPBP|CD74|HLA-DQB1|CT45A8///CT45A9///CT45A10///CT45A7///CT45A2///CT45A1///CT45A6///CT45A5///CT45A3|S100Z|P2RY12|TRIM59///IFT80|LINC01021|MUC16|SAXO2|LOC101929141///CCDC144CP///CCDC144B///CCDC144A|LOC101930415|PSMA8|CXCL6|LOC102725426///MIR8071-2///MIR8071-1///IGHM///IGHG1,0.5735455929803821,0.4820457858009443,0.6962512344212926,0.9776432397229473,0.21417949026279523,0.47492424302382424,0.7087139280037502,0.9470995513236721,0.4932795434744695,0.5838566835678207,0.7076521444132129,0.9886161234796843
543,C15orf48|SFTA3|SERPINA9|ICOS|EPHB1|CD74|CD1C|GTSF1|MGST1|CT45A8///CT45A9///CT45A10///CT45A7///CT45A2///CT45A1///CT45A6///CT45A5///CT45A3|MAGEB1|NMU|IGKV1OR2-108|CCL22|DNAH8|RNF183,0.544241186729002,0.5844057556152831,0.6802202659989844,0.9972233245970401,0.42138597974984654,0.5169400473085258,0.6761001504726312,0.9940303275760415,0.6348321920464135,0.5945907293926669,0.747590682154621,0.9876217004955663
544,LOC102725426///MIR8071-2///MIR8071-1///IGHM///IGHG1|C1QA|LGSN|P2RY12|CAMP|FCRL4|COL9A3|NLRP7|MMP1|LHX8|C4orf22|MMP12|FSTL5|NPIPA5///NPIPB6///NPIPB8///NPIPB3|FCGR3B///FCGR3A|HSF5,0.6103190104236853,0.6032945334293774,0.6629052940353897,0.9963140800473897,0.5984755974912198,0.6054481890081034,0.6229564677246404,0.9935721823251169,0.6745346533542855,0.5425886196061533,0.6640460142469397,0.9895947546286125
545,TCL1A|LOC101929141///CCDC144CP///CCDC144B///CCDC144A|FAM30A|BEX2|MAGEA6|LOC613266|SYT17|EYA2|MME|UMODL1|PCSK1|DAPL1|SFRP2|LILRA3|HMCN1|FDCSP,0.8370052411876993,0.8112078065947617,0.7441815579025396,0.9982628120566199,0.7467606333140049,0.73982882889679,0.7678713515363917,0.988747479697772,0.7316969615255191,0.6816794309035973,0.7410482299123125,0.9896977692709857
546,HLF|MT1M|HSF5|LINC01102|SCARA5|NLRP11|LOC101927811|FCGR3B///FCGR3A|COL11A1|CD1C|WFDC21P|SUGCT|WISP2|CXCL14|TRPM4|EPYC,0.8298438120637068,0.8542609922966511,0.7710768604337593,0.9972997773214769,0.6498720177026253,0.7825469180908144,0.6804988992795848,0.9661454722233843,0.6772843878515983,0.7560838035011714,0.7325509881294834,0.9585466838295705
547,LGALS2|EPCAM|KRT14|SFRP4|MMP1|NCKAP5|LOC105372840|TNFRSF17|HIST1H1B|LTF|LILRA4|NME8|TCL1A|NLRP7|CCL17|C3orf67,0.5273095484967407,0.5979765243159736,0.7720664127389575,0.9983622780624509,0.4676443783659988,0.5748328495307227,0.6992298147122913,0.991649440820064,0.5849349525361242,0.614293681698185,0.723999001933874,0.9886463325508001
548,FAM30A|HLA-DQB1|PSMA8|MAGEB2|HIST1H3B|RNF183|LHX8|C12orf77|IGHV1-69|SUGCT|HAGLROS|LGALS2|LINC01297|CCR10|KRT14|STXBP6,0.5124941900061032,0.5711942008341793,0.6497287411686439,0.9954210490411339,0.4616768983885258,0.4773690401017415,0.6383152452149095,0.9907527637362566,0.4489123896466559,0.5538593543680449,0.6573456382998097,0.9930935792738391
549,TNFRSF17|EML6|CCL17|SAXO2|MYOT|RPS4Y1|MARCO|LINC01102|PNMAL1|LOC100130744|CXCL14|ZYG11A|MGST1|CTAG1A///CTAG1B|CLIP2|LINC01297,0.3927919461798971,0.5239826574366757,0.6575657550594786,0.9970386360487659,0.19153839024752656,0.36997696864812923,0.562706254989783,0.9930022099762569,0.5093961797938609,0.6011816166227446,0.5786106067623537,0.9853840136633688
550,ZNF883|MAL2|WISP2|LINC01021|FCGR3B///FCGR3A|MUC16|HIST1H3B|SMC3|BIK|GOLIM4|LOC105375172|C7orf57|IGK///IGKC|HLA-DQA1|PDGFRL|HPDL,0.5266780632639781,0.6929511813426893,0.6839767514080581,0.9858867946205568,0.4354703067142104,0.5204493614713532,0.6881050989405758,0.9781006092575377,0.39699788429925725,0.5260887089708756,0.6325309329869961,0.978120443678502
551,PCSK1|PNMAL1|LOC101930067|S100Z|AICDA|LIN28B|HIST1H1B|SNX29P1///SNX29P2|SUSD5|ZNF385B|SERPINA9|LRRN1|PKHD1L1|PPBP|XIST|FCGR3B///FCGR3A,0.7349355380882908,0.4669577591469395,0.7080606750093081,0.9963165181349857,0.5058869674931601,0.49308224685530005,0.5843012771272675,0.9699588837403972,0.5918308990559236,0.4872666039180543,0.5997599740864349,0.9757610638893134
552,CTCFL|LOC100509457///HLA-DQA1|PPBP|CETP|MMP12|TRIM59///IFT80|AQP9|KRT5|HEPACAM2|C3orf67|ADIRF|MIS18BP1|CD1C|IL13RA2|UMODL1|EIF1AY,0.6399051153095419,0.5475619500952674,0.7233113561421611,0.9931707655704753,0.4689505329455125,0.5457700809211854,0.718102822791132,0.9798076959619056,0.5735783276364758,0.4814751050032336,0.6448009334475611,0.9838196942618698
553,COL11A1|IGLJ3///IGLV1-44///CKAP2///IGLV@///IGLC1|GJB6|HEPACAM2|PROK2|HLA-DQB1|STAG3|ZNF711|ABCG5|AP3D1|LOC105372840|USP9Y|PXDNL|FCRL4|FAM129C|EPCAM,0.6226988672711061,0.6780628446440606,0.6662736110102596,0.9980338781916659,0.5472562756018913,0.48038706730799424,0.6056634398013556,0.9971327788874135,0.6090929220912367,0.5352263620899076,0.6267101113088132,0.9943010466086019
554,EPYC|SYT17|NME8|MAGEA1|NPY1R|COL11A1|PTPN20|GJB2|GPAT2|HTR3A|FCRL4|H2AFB1///H2AFB2///H2AFB3|CT45A8///CT45A9///CT45A10///CT45A7///CT45A2///CT45A1///CT45A6///CT45A5///CT45A3|CTTNBP2|KRT5|CLGN,0.6492735263328103,0.6472000392966014,0.7321922589502111,0.9900808242492788,0.5073487437913233,0.5512034585054226,0.7260992012209074,0.9939967972190167,0.5103099845792064,0.5840448114567209,0.7582972121033853,0.9797834731082137
555,SCARA5|PSMA8|LINC00487|LOC105375172|GTSF1|TCL1A|MAGEB2|STEAP2|NLRP7|OLFM4|RASSF6|CCL21|TRIM59///IFT80|NLRP4|CILP|LEP,0.7153332664329572,0.8177889638684401,0.695893670128929,0.9948531877007051,0.6197474162006105,0.7301936915058362,0.7210767976537624,0.9966634334288836,0.6996558475840939,0.8409853053337772,0.7327265985355655,0.9880778194346864
556,HAGLROS|WISP2|ZNF883|LOC100996809///HLA-DRB5///HLA-DRB4///HLA-DRB3///HLA-DRB1|LINC00487|CPXM1|SUGCT|LOC283454///HRK|VPREB3|LILRA3|CLGN|IGHD|FDCSP|IGLJ3///IGLV1-44///CKAP2///IGLV@///IGLC1|FCAMR|MME,0.8417167859933296,0.6991386624737712,0.7616501235600173,0.9953064694545601,0.7648835897867649,0.6935525624359622,0.6842520473952111,0.9767147558846039,0.7436040936348793,0.654363303718065,0.67800925944445,0.969703478502249
557,NCKAP5|TXLNGY|CXCL14|MAGEA6|HLA-DQA1|TCL1B|SFRP4|DAPL1|UGT2B17|RNF183|LINC00487|GOLIM4|EML6|ORM1|FDCSP|EIF1AY,0.6691650879643771,0.6118035754881167,0.6862229018571464,0.9971795133366602,0.6886620711770884,0.6045877222110975,0.7393536755616487,0.9911421954485757,0.7983403336309811,0.669227922581352,0.7153654625784593,0.9885134340326995
558,LOC101930067|MARCO|PSMA8|NCKAP5|PNMAL1|FABP4|LOC440864///MSH6|LOC613266|FAM111B|RPS4Y1|SFTA3|CD74|ASPN|EPCAM|LOC100130744|CCL17,0.38090592264369844,0.47760412687024256,0.6142109588461484,0.9863196260490813,0.15276489454983036,0.3849940789997309,0.5597465341512979,0.9568517155879983,0.3866040328062027,0.5629146964631668,0.6140120185448825,0.9866810439874063
559,LOC100653057///CES1|MYOT|NME8|CT45A8///CT45A9///CT45A10///CT45A7///CT45A2///CT45A1///CT45A6///CT45A5///CT45A3|OLFM4|PPBP|STAG3|JCHAIN|ZNF883|ZNF385B|NMU|ZNF711|LOC100130744|MAGEB1|IGKV1OR2-108|ZYG11A,0.48329458410878534,0.5615545976480323,0.6531794005086603,0.9989939279776017,0.5283542273246373,0.5075205009973297,0.6473963102202058,0.9940504421319875,0.5322003060110275,0.5020365618476632,0.6406911309048768,0.9952874248079389
560,NME8|CENPV|FABP4|CXCL6|IGHV1-69|PABPC5|ABCG5|HIST1H1B|GPAT2|PDGFRL|FAM129C|PRAME|CHIT1|MARCO|LEP|FAR2P3///FAR2P2,0.47247811217895314,0.5676160242456845,0.7230037082664464,0.996283687933769,0.3196273371043962,0.4183698978327277,0.6388264633063212,0.9855157104721324,0.5001372007533657,0.4841054115214623,0.6639301696004524,0.9882189313836861
561,ADIRF|HIST1H3B|SCARA5|KDM5D|ZPBP2|IL17RB|CCL21|LOC102725526///IGHV4-31///IGHM///IGHG3///IGHG2///IGHG1///IGHA2///IGHA1///IGH|HAGLROS|CTAG2|IGLJ3///IGLV1-44///CKAP2///IGLV@///IGLC1|MMP20|MARCO|LINC01405|LEP|MMP7,0.703147233833864,0.667348527744433,0.7353729433477694,0.9904987541875159,0.5540291733950115,0.4925689997633813,0.6924880044029315,0.992170291857038,0.6624835807178217,0.5440248077251213,0.6593685816522764,0.9852739669734244
562,KRT13|MATN3|MAGEA6|KCCAT333|ZNF385B|IGHV3-23///IGHV4-31///IGHM///IGHG3///IGHG1///IGHD///IGHA1///IGH|CCDC110|ARL14|USP9Y|ORM1|STEAP2|CETP|LINC00877|FCAMR|LOC105375172|LMO2,0.6992949588754459,0.5571475225234296,0.8054113579307387,0.9899617954321318,0.6552570137498224,0.6502514817065489,0.6239987127869293,0.9939590713634487,0.6740226963079304,0.5771490551591338,0.7107413654963386,0.9829957766930872
563,MME|LMO2|MT1M|SYT17|PPBP|MAGEA9B///MAGEA9|S100Z|LOC101929141///CCDC144CP///CCDC144B///CCDC144A|NME8|LOC100653057///CES1|EPHB1|TRPM4|TCL1A|LOC613266|NPIPA5///NPIPB6///NPIPB8///NPIPB3|USP9Y,0.7883685077013804,0.7259192028279204,0.8159660702834871,0.9964053585116698,0.7376049983119336,0.70903181097662,0.7610902632899366,0.9914685745965515,0.7842958022967146,0.6552738498294401,0.7448235219618321,0.9853377739103236
564,LOC100996809///HLA-DRB5///HLA-DRB4///HLA-DRB3///HLA-DRB1|S100A8|MUC16|AP3D1|LIN28B|XK|ZNF257|C7orf57|HAGLROS|NPY1R|PXDNL|LOC101930415|FAR2P3///FAR2P2|LINC00487|KLHL13|COL9A3,0.6598978767757543,0.5525101142184733,0.6611539305581261,0.9858379159488132,0.46185499154645876,0.3921482597216501,0.6817449647628064,0.9795380929147977,0.5902619269734976,0.5092374159884355,0.6544734391008135,0.9930087300579106
565,LRRN1|FAM167A-AS1|CENPV|NME8|ZNF711|PNMAL1|CCL20|LGALS2|LINC01021|CTAG2|COMP|CPXM1|GJB2|HAGLROS|BIK|IGKV1OR2-108,0.5034684005233302,0.5634986035263028,0.6515385407612059,0.9971269494030811,0.4965911853736608,0.6339704828660923,0.676523948328179,0.9930856424997683,0.4984834388473902,0.46312363810950485,0.6418978091958323,0.9843642951495798
566,C4orf22|KRT14|UBASH3A|RSPH1|IL13RA2|JCHAIN|KLHL13|PPBP|UGT2B17|HTR3A|LTF|ZNF257|FSTL5|SUGCT|WFDC21P|ARL14,0.6126500561863035,0.6025874821387722,0.6325690609874973,0.9977816521635298,0.4648995210569503,0.5232832147561294,0.6504916724284282,0.9926830194719758,0.4267464340222391,0.49334029926159084,0.6176881298750131,0.986730006549378
567,LOC440864///MSH6|MUC16|LINC01297|LINC00487|MAGEB2|EYA2|LYPD6B|PKHD1L1|SFRP4|LOC100996809///HLA-DRB5///HLA-DRB4///HLA-DRB3///HLA-DRB1|ABCG5|LOC100509457///HLA-DQA1|MMP7|CTTNBP2|C15orf48|FCGR3B///FCGR3A,0.8074468520834815,0.7871192145312105,0.740119676825428,0.9989222314655902,0.7641951742983493,0.8009310262725519,0.7778532496667955,0.9837689291518747,0.7599828589013466,0.8567932865050343,0.7499674174208804,0.9808130150259097
568,MAGEA6///MAGEA3|COL9A3|FCAMR|SPIC|CCR10|CAMP|FSTL5|C15orf48|FCGR3B///FCGR3A|MAGEA1|SOX2-OT|MARCO|KRT5|PXDNL|IGHV3-23///IGHV4-31///IGHM///IGHG3///IGHG1///IGHD///IGHA1///IGH|LOC102724689,0.7135674198862018,0.6525564514373395,0.7924063151754945,0.996384945230843,0.6618086439914224,0.7203578721608297,0.7015273913555284,0.993489765688162,0.684632163179221,0.6564151066217907,0.7523125491257424,0.983530559627415
569,CCL17|RSPH1|SEC31B|NLRP4|LINC01102|PSMA8|SAXO2|FAM30A|LEP|ZBTB32|LOC105375172|ASMT|NLRP11|LMO2|LINC01268|RGS13,0.7216448886495657,0.5770341940781856,0.6779310275740975,0.9973430998145215,0.6193315796204554,0.44249739207259886,0.6845838337065377,0.9892081057438211,0.5982204413829362,0.43276184363045256,0.6474230246560779,0.9861910804408833
570,SPINK2|USP9Y|KLHL13|CHIT1|HAGLROS|PTPN20|CAMP|IGKV1OR2-108|LGSN|CCL21|CRNDE|IGHV3-23///IGHV4-31///IGHM///IGHG3///IGHG1///IGHD///IGHA1///IGH|AICDA|NMU|LOC100134317///LOC284412|CD163,0.758916366987215,0.6278368808391837,0.679014070269025,0.9967674173743994,0.7357307422525374,0.6497038504994502,0.6684176966202051,0.9949148374725045,0.7621991820930735,0.5768801458116136,0.6530338064356549,0.9909744170764626
571,CTCFL|PABPC5|C1QA|SOX8|ZBTB32|C12orf77|LOC102725526///IGHV4-31///IGHM///IGHG3///IGHG2///IGHG1///IGHA2///IGHA1///IGH|CHIT1|CCR10|KDM5D|ARL14|EYA2|MFAP4|LOC101929272|VPREB3|IL22RA2,0.6806329430307098,0.5961432441360606,0.7170912592123772,0.987928632298766,0.6222891187181698,0.6020709478288371,0.6428689923233246,0.969911148397352,0.5277951367750339,0.6133021674645427,0.6075709489889614,0.9705939677610512
572,MYOT|LOC102724689|FAM167A-AS1|ASPN|SFRP2|ZNF711|PNMAL1|AICDA|SUSD5|HIST1H3B|SAXO2|FSTL5|LINC01021|CHIT1|CTTNBP2|MMP7,0.4336310417080791,0.30555396904326004,0.6357526881582155,0.987983705953437,0.2547407418407032,0.4205927205418029,0.5696783454471859,0.9737673080785675,0.5341411703933099,0.633857526309213,0.6585277207113227,0.9916299589453793
573,XK|NMU|NLRP7|LOC101927811|LOC440864///MSH6|STEAP2|AQP9|HPDL|CD1C|DAPL1|IGHD|C7orf57|GJB6|ORM2///ORM1|MAGEA6|ORM1,0.7713620494352668,0.6609120155711801,0.7374911380532294,0.9982616707079855,0.6554295489921428,0.6941889868333913,0.6413744819163587,0.979125376598895,0.700092323616997,0.6734369974794971,0.6944416034782945,0.9695666201751675
574,GTSF1|LOC101929141///CCDC144CP///CCDC144B///CCDC144A|AICDA|NME8|MFAP4|OVAAL|COL9A3|ASB5|PPBP|C17orf99|IGHV1-69|C4orf22|ASPN|IL22RA2|ABCG5|MIS18BP1,0.6424311772330445,0.646471174183718,0.7140787846970439,0.9980174697002823,0.3825869246471834,0.4397128734429312,0.6295422434472441,0.981516084689964,0.46495608643902864,0.5161298747287579,0.6877867445441881,0.9865807635402446
575,LEP|STEAP2|RSPH1|LILRA3|CPXM1|SACS-AS1|MGST1|PCSK1|FCER2|KCCAT333|CHIT1|KCNK12|SPINK2|LOC102725526///IGHV4-31///IGHM///IGHG3///IGHG2///IGHG1///IGHA2///IGHA1///IGH|PITX1|C3orf67,0.7815962147220842,0.6588961060940897,0.7577642945080225,0.9990568490657031,0.5872853638294935,0.5333709718685197,0.6333897120748702,0.9952720763049873,0.6174959593124922,0.5977707986306572,0.608687642655827,0.9909957218266015
576,IGHD|NMU|C15orf48|MATN3|LOC101930415|RAB25|MT1M|LINC01405|PPBP|UMODL1|LINC00877|CCL21|ZPBP2|TCL1B|CCL20|MUC16,0.6240774853324595,0.6528123970795816,0.6990583076297021,0.9944753371964122,0.48401185848517886,0.5478000378119439,0.638433796282245,0.9723187623792237,0.6320907728884217,0.6065462591912962,0.6137476243009894,0.9853365020681866
577,AICDA|MMP3|MUC16|EPYC|HPDL|FSTL5|C4orf22|HMCN1|COL11A1|SPRR1B|KRT6A|ZNF385B|GOLIM4|EYA2|HLA-DQB1|CENPV,0.7554988055166002,0.7062814888555975,0.710627712394596,0.9965561487865243,0.6295825694099442,0.6797629246941115,0.6800879166109588,0.9886770637998429,0.617117765317336,0.6390522222336714,0.7171599014519836,0.9867345670445848
578,CCR10|CETP|VSIG4|LOC101930067|PITX1|LOC283454///HRK|CT45A8///CT45A9///CT45A10///CT45A7///CT45A2///CT45A1///CT45A6///CT45A5///CT45A3|PKHD1L1|MAGEA6///MAGEA3|CCL21|RASSF6|HLA-DQB1|CCDC110|ZNF257|HIST1H1B|LHX8,0.6579549104157235,0.6398861448699389,0.7187116016310295,0.996900570658253,0.47420176853947166,0.49625944666789634,0.7231816994565743,0.988526761362093,0.624204714278967,0.6397512968235113,0.7527614102273736,0.9802181825607165
579,IGK///IGKC|HIST1H1B|FABP4|IGHV3-23///IGHV4-31///IGHM///IGHG3///IGHG1///IGHD///IGHA1///IGH|KRT14|VPREB3|TRPM4|C15orf48|PABPC5|ZIC2|HTR3A|IL17RB|LOC100134317///LOC284412|MAGEA9B///MAGEA9|EPCAM|ICOS,0.6032801797560506,0.6048836378154321,0.7089835961200543,0.9952840817196703,0.5088958399750423,0.5465077903424328,0.6205784689774412,0.9912214228439387,0.5143649720260315,0.5533159222948638,0.6425187475977616,0.9887157218671259
580,IGHD|UMODL1|CENPV|AP3D1|GTSF1|ZIC2|C15orf48|LOC101930415|LGSN|XIST|LOC101930114|SUGCT|MGST1|LOC105372840|CCL20|TRPM4,0.5029357712029143,0.5607232892921998,0.6653187130603784,0.9950728714667801,0.38408393811157476,0.6455166941502378,0.6694540553328344,0.9783051132860112,0.569127206829266,0.5329465754994377,0.6904619985482807,0.9901795744304177
581,LGSN|FAM111B|C7orf57|LOC101927811|KCNH8|ZNF385B|HSF5|RASSF6|LINC00877|IGK///IGKC|GJB2|LINC01405|CLGN|MAL2|HIST1H3B|LOC440864///MSH6,0.5735760392836659,0.4624159528800324,0.6799032275791734,0.9952265678406594,0.5741569726151933,0.6920411717963039,0.7356856270460279,0.9827444589744189,0.5389135951430238,0.44873410331104246,0.6809171479264851,0.9895326421861259
582,PNMAL1|MIS18BP1|FSTL5|ORM2///ORM1|HK3|CTCFL|PITX1|LILRA3|LGSN|MMP3|NCKAP5|LILRA4|WISP2|HEPACAM2|CAMP|HIST1H3B,0.5545565806261319,0.6364467545256551,0.6734824915146895,0.9955822579814747,0.5134687864509445,0.6616904521586005,0.5370475011565442,0.9874989671092141,0.2980724022811259,0.4966007472670031,0.5886146960278476,0.9889375527955847
583,PLA2G2A|VSIG4|CTAG1A///CTAG1B|NLRP4|VPREB3|NMU|MYOT|AQP9|IGK///IGKC|FCRL4|EML6|S100A8|PXDNL|LOC613266|LINC01405|LOC102725526///IGHV4-31///IGHM///IGHG3///IGHG2///IGHG1///IGHA2///IGHA1///IGH,0.8602785806692634,0.6279632932773487,0.7651148035955712,0.9951530284281355,0.833483089470655,0.6417559051036913,0.788573359401695,0.9928033530985236,0.8142888933018245,0.7991645304534687,0.759082527883985,0.9826081173687333
584,OVAAL|CD74|CHIT1|IGHV3-23///IGHV4-31///IGHM///IGHG3///IGHG1///IGHD///IGHA1///IGH|HK3|NCKAP5|CCR10|IGLJ3///IGLV1-44///CKAP2///IGLV@///IGLC1|PPBP|STEAP2|WISP2|LOC102725426///MIR8071-2///MIR8071-1///IGHM///IGHG1|SAXO2|H2AFB1///H2AFB2///H2AFB3|ASMT|DNER,0.7370395180515944,0.7243110038626446,0.7673371678139411,0.998823938157337,0.6032140274811401,0.6322278274471268,0.6620463181464415,0.9826736177948826,0.543779152418604,0.5876973959706326,0.7005902706629404,0.9860166293795497
585,HIST1H3B|IL17RB|LINC00877|S100Z|SMC3|LOC101930067|GOLIM4|PRAME|AP3D1|PKHD1L1|RPS4Y1|CPXM1|LOC100653057///CES1|CTAG1A///CTAG1B|CILP|CD74,0.5121390805475505,0.5400602272736907,0.7426757066204326,0.8949549770072016,0.3126469876680754,0.5142391406461742,0.6797921341018638,0.9261241012483774,0.30580189588115664,0.5185998485703325,0.633110387743811,0.9790238453378759
586,LGSN|JCHAIN|C12orf77|SOX2-OT|NCKAP5|SAXO2|NLRP11|MMP1|NPIPA5///NPIPB6///NPIPB8///NPIPB3|LOC101930067|LOC105372840|FABP4|LOC100653057///CES1|NPY1R|SPRR1B|XK,0.5231752810403859,0.7266000184864465,0.6719022945236571,0.995327076289804,0.4146665604960209,0.4954336357519307,0.6040676285547368,0.9952060861713645,0.4663233503070576,0.560669238200846,0.6504829294448986,0.9871358591710938
587,FAM167A-AS1|DNER|CAMP|WFDC21P|TPSB2|LOC102724689|KCNH8|H2AFB1///H2AFB2///H2AFB3|CILP|LILRA4|MAGEA9B///MAGEA9|LOC102725526///IGHV4-31///IGHM///IGHG3///IGHG2///IGHG1///IGHA2///IGHA1///IGH|NPIPA5///NPIPB6///NPIPB8///NPIPB3|CLIP2|CTCFL|LINC01268,0.5345071599725558,0.5539875427992658,0.7112369512217445,0.9975612868695118,0.4972522822784459,0.5138583657722002,0.6508136485343514,0.9657665346612454,0.5698577410249245,0.571814576827251,0.7077143876377725,0.9778329116350392
588,GTSF1|ASZ1|CTAG1A///CTAG1B|P2RY12|NMU|MMP20|TCL1B|MARCO|MME|MAGEA6|HK3|RSPH1|IGHV3-23///IGHV4-31///IGHM///IGHG3///IGHG1///IGHD///IGHA1///IGH|ZNF883|PNMAL1|LEP,0.6651880760416884,0.6731291704043929,0.710306794610744,0.997927526226832,0.5994437993397037,0.5670412135227936,0.7011443615610072,0.9933309661474992,0.6948206361880366,0.6221219833567067,0.7452585182369613,0.9926113576880697
589,GTSF1|TXLNGY|LOC100996809///HLA-DRB5///HLA-DRB4///HLA-DRB3///HLA-DRB1|TCL1A|AICDA|WISP2|COMP|FCRL4|ORM1|MYOCD|ZYG11A|LOC102725426///MIR8071-2///MIR8071-1///IGHM///IGHG1|TCL1B|ASZ1|MAL2|SERPINA9,0.6968550371868852,0.5239150482515916,0.7767745116328515,0.9957160756568896,0.5898988680158191,0.5300322945087771,0.6951526081579662,0.986891329191832,0.487112254441754,0.42719614898021785,0.6602537836818654,0.9884272233085651
590,MFAP4|LINC00487|LOC100130744|MAGEA1|KDM5D|LOC613266|MAGEA6///MAGEA3|LHX8|DAPL1|ABCG5|LOC102725426///MIR8071-2///MIR8071-1///IGHM///IGHG1|FAR2P3///FAR2P2|PKHD1L1|PSMA8|CPXM1|TRPM4,0.587543498478845,0.6057541704523388,0.6579791603537821,0.9973943379622477,0.47881695137925984,0.47681260197350245,0.6308758210386403,0.9889211598638963,0.6241095622214964,0.6553958014574446,0.6720888507684554,0.9931378256666757
591,SDR16C5|C15orf48|DNER|CAMP|MAGEA9B///MAGEA9|IGHV3-23///IGHV4-31///IGHM///IGHG3///IGHG1///IGHD///IGHA1///IGH|HSF5|LINC00877|LGALS2|MYOCD|CCL20|CETP|LOC101930415|LOC102725526///IGHV4-31///IGHM///IGHG3///IGHG2///IGHG1///IGHA2///IGHA1///IGH|CCL21|PITX1,0.8137975992090352,0.7461582766001592,0.7365332639677392,0.9968482211613034,0.6755966007343512,0.7362966810338758,0.7494722405241425,0.9806287042417302,0.667675427084227,0.7333730288149054,0.7511152224109712,0.9723909663673621
592,PRAME|PNMAL1|NPIPA5///NPIPB6///NPIPB8///NPIPB3|PCSK1|MAGEA6///MAGEA3|FAR2P3///FAR2P2|ADIRF|IGHV3-23///IGHV4-31///IGHM///IGHG3///IGHG1///IGHD///IGHA1///IGH|CETP|MARCO|P2RY12|KRT13|KRT5|LTF|CCDC110|SERPINA9,0.57756709268267,0.5843981275649615,0.8519721883141659,0.9977806728508991,0.4922559846324326,0.5858635578848741,0.7075156667534823,0.9930664327659936,0.6210749310510658,0.6713527852319952,0.7290321060476663,0.9930200284367618
593,KRT5|MYOT|CCL17|TRPM4|EPHB1|FCAMR|EIF1AY|CTAG1A///CTAG1B|OLFM4|NPY1R|C15orf48|LINC01021|SOX8|GPM6A|FAM111B|SPRR1B,0.6153928545037308,0.6923078160825993,0.7902404617690506,0.9884008143925628,0.44482673260444855,0.54601051243509,0.6761202288627792,0.997468182110371,0.612128734719611,0.6878274673833915,0.6976970956625336,0.9784962918689627
594,GOLIM4|SOX2-OT|FAM111B|HLA-DQA1|LOC101930114|KLHL13|CCR10|C4orf22|CCDC110|SCARA5|H2AFB1///H2AFB2///H2AFB3|IGKV1OR2-108|SPIC|SYT17|LILRA4|KRT14,0.5282916099073045,0.5747370820516735,0.7112878451588038,0.9948861934161465,0.3830272259714693,0.5172037104837668,0.6320266575315048,0.9840363994918684,0.413606050661924,0.4608161226028661,0.644435268366637,0.9849612641490619
595,HMCN1|SNX29P1///SNX29P2|KCNK12|NLRP11|DAPL1|STEAP2|ZNF711|CCDC110|MAGEB2|KDM5D|IGK///IGKC|MGST1|MFAP4|NOL4|OVAAL|LINC01021,0.747924232923987,0.7944256014479716,0.8198388573525299,0.997173032275494,0.586842584303566,0.5781117181940749,0.7451802943831778,0.9804585204454173,0.6519920497488363,0.6723716352241615,0.8057886185823744,0.9823260221939264
596,CXCL14|LOC283454///HRK|MAGEA6///MAGEA3|IGHV3-23///IGHV4-31///IGHM///IGHG3///IGHG1///IGHD///IGHA1///IGH|RGS13|LOC101929272|CCR10|GPM6A|FABP4|GOLIM4|PXDNL|LINC01268|LGSN|CTTNBP2|STAG3|PLA2G2A,0.6109212014156659,0.7029385954368496,0.676722105766635,0.9929757360409949,0.5843157736231237,0.6066536559778356,0.6498941757433574,0.9859662817729287,0.6393433123118056,0.5348175697343918,0.6569692898765005,0.9931150453962261
597,FAR2P3///FAR2P2|HTR3A|MUC16|LEP|STEAP2|LOC101930114|NME8|TFPI2|HPDL|FCGR3B///FCGR3A|EML6|C7orf57|LMO2|PCSK1|SERPINA9|UGT2B17,0.8280202997115312,0.6496083644057883,0.7893722797113514,0.996144951824357,0.6313478159490234,0.5321346108626164,0.7519225262487037,0.9781834471494726,0.6200483478860616,0.5727434103685234,0.7268737049510001,0.9680543776580051
598,IGHD|RSPH1|LOC101929141///CCDC144CP///CCDC144B///CCDC144A|HPDL|DAPL1|KDM5D|ZPBP2|VPREB3|LOC102724689|TCL1A|ABCG5|C7orf57|IGK///IGKC|ZNF711|SEC31B|TRIM59///IFT80,0.6973538867516541,0.5734231273617298,0.7684990015579833,0.9947984347224359,0.3323176531830809,0.39526763574767565,0.6226139048601982,0.960988347783778,0.4875907870976783,0.51228101345522,0.7470194736465485,0.98143142879473
599,CCL17|FCGR3B///FCGR3A|ZNF883|HEPACAM2|ZIC2|MAGEA6|SACS-AS1|C12orf77|LOC101930415|LOC100505878|MATN3|TNFRSF17|NOL4|LOC105372840|TPSB2|SOX8,0.54130094533546,0.5186220647442257,0.714261019740362,0.998188140434368,0.44059571995264224,0.5530258041443443,0.6988911256894992,0.9897720218876523,0.5913196651112848,0.5810205318117104,0.6748572055930865,0.991497764101085
600,MMP20|LOC101927811|SEC31B|FCGR3B///FCGR3A|LOC101930067|SPRR1B|PPBP|AP3D1|NLRP11|HAGLROS|MME|MAGEB1|KCNN3|SFRP4|LINC01021|CTTNBP2,0.36749989972871167,0.4682254708904794,0.6205586690242931,0.9884383133420246,0.23163299866091003,0.4105389400810914,0.5874899998919743,0.9745179756509723,0.5119942351779576,0.49962012398452477,0.6018883587516239,0.9959363886395469
601,MYOCD|LRRN1|CTAG2|CTTNBP2|LOC101929141///CCDC144CP///CCDC144B///CCDC144A|LINC00877|LINC01021|UBASH3A|LILRA4|S100Z|CLIP2|PPBP|TCL1B|C12orf77|GJB6|MAGEA6///MAGEA3,0.789792350966453,0.699424197905963,0.7252259616990553,0.996830476960395,0.6101335152684043,0.6629022237749267,0.6234292289110057,0.9767849730969699,0.7330991777489372,0.7470710438752916,0.6544112324625709,0.9649739451316439
602,GJB6|STAG3|LOC100130744|CRNDE|HLA-DQB1|CLGN|GJB2|ICOS|WFDC21P|ABCG5|SPIC|FCAMR|RAB25|LOC101927811|C4orf22|MAL2,0.6257568121525183,0.6438633886646197,0.7894574862252746,0.9974279013644786,0.47606156729790106,0.5265891296598392,0.7001354864653972,0.9958717179906339,0.49847400331846364,0.6498487327076082,0.6641194814252273,0.9968246297279768
603,ORM1|ASMT|RASSF6|ZBTB32|EIF1AY|CRNDE|LOC101930067|SDR16C5|HAGLROS|LOC613266|LINC01021|FSTL5|GOLIM4|ZIC2|CTTNBP2|LOC283454///HRK,0.5563824123461728,0.6936661317052824,0.7021468459126828,0.9943686548011701,0.33808441370125264,0.5641742913220369,0.6663131521354355,0.9899897647805981,0.4350842972866036,0.630563209144144,0.6159579571346793,0.9959815465350526
604,LINC01297|PSMA8|AICDA|NCKAP5|JCHAIN|CLGN|CTAG2|LOC105375172|NLRP4|MMP20|HLA-DQA1|LOC100996809///HLA-DRB5///HLA-DRB4///HLA-DRB3///HLA-DRB1|MYOCD|KLHL13|SEC31B|PRAME,0.6021861962267893,0.6522090063692862,0.6341786096023221,0.9949401800498142,0.5728307492642615,0.5902306532705798,0.739938050366169,0.9946783137622919,0.5843639013206373,0.690235391508902,0.6323218473911327,0.995732868808057
605,ICOS|GJB2|H2AFB1///H2AFB2///H2AFB3|LRP1B|IGLJ3///IGLV1-44///CKAP2///IGLV@///IGLC1|LOC100505878|OVAAL|TCL1B|CLGN|TPSB2|AP3D1|IGKV1OR2-108|ZBTB32|KCCAT333|MAGEA1|UMODL1,0.7339695750746684,0.7132859665432945,0.7484957969357962,0.9976452147023124,0.5917069386977357,0.6172430838526534,0.6220752907065086,0.9798392951520529,0.6352364712019358,0.6566512291484382,0.639957044839448,0.9817792642614384
606,HIST1H1B|SFRP4|EML6|MMP20|SOX2-OT|USP9Y|GOLIM4|C7orf57|FAM30A|ORM2///ORM1|LINC00487|LOC101930114|SEC31B|CLIP2|MATN3|P2RY12,0.5765829508994204,0.7207203560985119,0.7407114013197358,0.9936779537082456,0.35993285679837606,0.5487094901374656,0.7160370555001944,0.9626537152432871,0.5496858448764346,0.5913983258576885,0.6816365729901328,0.9801194022850833
607,TXLNGY|PITX1|CCR10|IGKV1OR2-108|RSPH1|PSMA8|KLHL13|SFTA3|CTAG2|RASSF6|AP3D1|HLA-DQB1|LOC100130744|PLA2G2A|MAGEA6///MAGEA3|HSF5,0.33867574465977135,0.49453259439874153,0.6062046207720175,0.9983362421644152,0.25662816462256055,0.3410986975569625,0.5936416888303646,0.9946532515087517,0.18505073191204283,0.3387120088866691,0.5372214009040852,0.9947186161752031
608,FABP4|NLRP4|MUC16|HLA-DQA1|LRRN1|COL9A3|SCARA5|PLA2G2A|STAG3|CD74|ASZ1|CTCFL|UBASH3A|MMP3|CCL20|AQP9,0.6827161186883544,0.6803936159058345,0.7372743902254013,0.9956735893715061,0.5869989995139823,0.6438834213647611,0.629947211237813,0.9970341608467174,0.6867768583177551,0.6291080363927257,0.6713280384219882,0.9901349047947454
609,C7orf57|LOC105375172|LINC00877|HEPACAM2|LINC01102|CXCL6|MMP20|EPHB1|SUGCT|COMP|PLA2G2A|FDCSP|MAGEB1|LINC01405|CTCFL|VPREB3,0.7302592814777495,0.5972131739842546,0.7020531499608818,0.9953529682000628,0.3633318533585686,0.519811219255712,0.5696472261898524,0.9753847078010319,0.3663984126714628,0.4595947147390573,0.637493076854996,0.9843507468275763
610,NME8|MMP3|ABCG5|MMP7|C1QA|KCNN3|KDM5D|KRT6A|HMCN1|UBASH3A|GJB2|VSIG4|CCL17|KRT13|GJB6|MMP20,0.7754612890262558,0.6594749741128052,0.8119180224122147,0.9912013218046594,0.7151701845641187,0.6835517724095961,0.7843142974188715,0.9876837129613092,0.7248602498536507,0.7359765716719666,0.8197186623407438,0.9843331361522972
611,MMP7|SUGCT|PROK2|LOC100130744|STAG3|KCCAT333|S100Z|LINC01021|IL13RA2|LOC102725526///IGHV4-31///IGHM///IGHG3///IGHG2///IGHG1///IGHA2///IGHA1///IGH|PSMA8|XIST|PRAME|HAGLROS|IGLJ3///CKAP2|LMO2,0.7514421714531994,0.7138575673469039,0.736888090595633,0.9955419462660922,0.5867709336419553,0.5511337468853035,0.7253635817037158,0.9815893780269854,0.5476297650068195,0.5219684018648766,0.6279217858270691,0.9705999901681817
612,CLGN|NPY1R|WFDC21P|MT1M|LOC100996809///HLA-DRB5///HLA-DRB4///HLA-DRB3///HLA-DRB1|IL13RA2|CD163|PPBP|LINC01021|LINC00877|HPDL|SPIC|GJB6|CILP|C4orf22|C7orf57,0.754184042272796,0.6218721669225273,0.7138400577629894,0.997748106054122,0.5936915606840061,0.634235871680227,0.6797907116726001,0.9813466507335736,0.5508632626132416,0.5287195502332965,0.6441214322821789,0.9842854354012206
613,TCL1B|LTF|LGSN|LINC00487|SUGCT|SAXO2|HIST1H1B|AP3D1|LOC283454///HRK|WFDC21P|MMP1|SFRP2|CHIT1|TRPM4|EML6|CCL17,0.43466463560884666,0.6048551550716577,0.6093187486974514,0.9976739739755252,0.32635613248726214,0.5571115982774324,0.6251671786732655,0.9807367078338834,0.6278946293741692,0.6884788376130884,0.6541045135741068,0.9903677150845278
614,IL17RB|KRT14|LMO2|LINC01021|S100Z|MYOT|MAGEB1|LOC100505878|ZNF883|CCL20|ORM2///ORM1|ORM1|FAM167A-AS1|NPIPA5///NPIPB6///NPIPB8///NPIPB3|IGLJ3///CKAP2|HTR3A,0.7375135940731441,0.6871555626215692,0.6873811786751649,0.9965877969337472,0.707336161838628,0.6398515461581218,0.7431537385390976,0.9882190232654551,0.7604660240007357,0.6370143742289012,0.6806665198686281,0.9761594183788447
615,KLRC2///KLRC1|DAPL1|OLFM4|CENPV|CCL20|SNX29P1///SNX29P2|MMP1|LOC101929272|MMP12|C12orf77|FABP4|UHMK1|FAR2P3///FAR2P2|TPSB2|SACS-AS1|LMO2,0.7917532393942665,0.6954812006235508,0.7561907907426236,0.9975977148386358,0.572859006156971,0.647046100489479,0.6713830932889249,0.9801256086798209,0.6700631342702388,0.7730254873365225,0.6850097063027828,0.984204137189015
616,MT1M|XK|H2AFB1///H2AFB2///H2AFB3|MUC16|CCL17|UBASH3A|S100Z|EPCAM|MIS18BP1|IGLJ3///CKAP2|LINC00487|PNMAL1|HLF|CCL22|UGT2B17|NPIPA5///NPIPB6///NPIPB8///NPIPB3,0.6302114239312198,0.6329023479333499,0.7710078449741742,0.990740963349229,0.5454803969985289,0.5084480201380437,0.704098454158675,0.9930382793019835,0.7719791393960744,0.6606104418458094,0.6967647545798259,0.9778151878713777
617,SUGCT|HLF|LOC105375172|S100Z|SPIC|SEC31B|LRRN1|IL17RB|CILP|CAMP|STAG3|PROK2|ABCG5|KRT14|KCCAT333|LOC101930067,0.7902570379062982,0.7110098714730931,0.7659801611305668,0.9992309563385412,0.6745906788621354,0.6651316009567882,0.6779273021713058,0.9874581361618315,0.7021514298443325,0.596530740435451,0.651988151124887,0.9888763114377951
618,LGSN|FCAMR|IL13RA2|IL22RA2|C1QA|LOC100130744|SUSD5|HMCN1|FDCSP|FCGR3B///FCGR3A|RSPH1|SOX2-OT|IGHV3-23///IGHV4-31///IGHM///IGHG3///IGHG1///IGHD///IGHA1///IGH|DNER|BEX2|ORM2///ORM1,0.6646466578017638,0.6403790976793611,0.7049549492744381,0.9968470866107819,0.7155759210533427,0.6322760835919681,0.7281192638772566,0.9943498453658671,0.7634210636034727,0.6415860570614602,0.6523665889767971,0.9902558458504489
619,LOC101930415|CCDC110|SAXO2|CPXM1|PLA2G2A|LOC105372840|IGHV3-23///IGHV4-31///IGHM///IGHG3///IGHG1///IGHD///IGHA1///IGH|CENPV|LILRA3|LRP1B|SUSD5|SNX29P1///SNX29P2|KCNN3|FAM111B|MAGEB2|TNFRSF17,0.5492748377859326,0.49837127287287813,0.7058723502501165,0.9926355259487167,0.40320933438439344,0.5408858822656949,0.6806408888122337,0.9756227377340375,0.5213589317284194,0.5867364809066085,0.7560526242322131,0.9888873558933121
620,FAM129C|LOC102724689|SPINK2|C17orf99|LOC102725426///MIR8071-2///MIR8071-1///IGHM///IGHG1|RPS4Y1|NOL4|WISP2|EPHB1|LINC01102|P2RY12|KDM5D|LIN28B|PSMA8|NMU|MARCO,0.8134838782319102,0.6896734236317409,0.7380831998652215,0.9963762470436579,0.7878810301096555,0.7771600020476641,0.730323854108033,0.9923461802083366,0.8233256111173698,0.6869176390427114,0.6625307370895365,0.9953925670995797
621,VPREB3|KCNN3|BEX2|CCL21|LINC01268|FSTL5|LOC102725526///IGHV4-31///IGHM///IGHG3///IGHG2///IGHG1///IGHA2///IGHA1///IGH|JCHAIN|WFDC21P|SYT17|PITX1|LOC440864///MSH6|HK3|ABCG5|LOC100653057///CES1|GPM6A,0.8323304680529562,0.7854930680405086,0.744040299734686,0.9953574659278462,0.7417093021048257,0.8000459753640872,0.7256529903525155,0.9853546916289553,0.6961128371143513,0.7319104028033123,0.7505547798982298,0.9765235393978472
622,AQP9|IGLJ3///CKAP2|WFDC21P|CCL17|CTAG1A///CTAG1B|KRT5|GJB2|HLA-DQB1|LOC440864///MSH6|CD1C|PCSK1|GTSF1|MMP12|LOC100653057///CES1|SOX2-OT|ASPN,0.7029442147798486,0.5452283880348316,0.7622281483097071,0.9965268476593209,0.5112133382322507,0.4881599794890591,0.7067569091016455,0.9879803349721463,0.5843832222955552,0.5752577993419692,0.6964165264294464,0.9728584821225402
623,CAMP|LOC102725526///IGHV4-31///IGHM///IGHG3///IGHG2///IGHG1///IGHA2///IGHA1///IGH|PSMA8|KRT13|PABPC5|EPHB1|FAM167A-AS1|LOC105372840|LOC100653057///CES1|MGST1|CLGN|FCER2|CXCL6|LOC101929272|RAB25|IGLJ3///CKAP2,0.5762501009409461,0.6156619391615666,0.6809497897915237,0.9918970937207641,0.4021631107454993,0.509585354625884,0.6423197189122659,0.992794764334208,0.3840730848166692,0.5194505328817903,0.6356949700530236,0.9783668227706135
624,USP9Y|LINC01268|HTR3A|S100A8|C12orf77|FAM129C|STAG3|MAGEB1|PTPN20|FCRL4|PDGFRL|IL13RA2|FAM30A|IGLJ3///IGLV1-44///CKAP2///IGLV@///IGLC1|C7orf57|LHX8,0.7669402986248559,0.5573312535357545,0.7128173352715608,0.9973006539770239,0.55950437847022,0.49225547137305503,0.6589323225868606,0.9806434571928692,0.5963503594379487,0.490285708753629,0.7430055664079832,0.9851081792396322
625,HLA-DQA1|TCL1A|RAB25|DAPL1|IGLJ3///IGLV1-44///CKAP2///IGLV@///IGLC1|SOX2-OT|CENPV|FAM167A-AS1|MMP20|LINC01405|MYOT|TNFRSF17|MAGEA6///MAGEA3|S100A8|PXDNL|HIST1H1B,0.3853189245990633,0.5047463605583141,0.6474524172627796,0.9961338963658328,0.5320371735534108,0.6133530621010264,0.6568070322265185,0.9971491744040222,0.5240572076678612,0.5108599043415056,0.6108255921648785,0.995022829109958
626,CRNDE|MAGEA6///MAGEA3|LMO2|HLA-DQB1|COL9A3|FCER2|BEX2|TFPI2|HAGLROS|KCCAT333|IGHV3-23///IGHV4-31///IGHM///IGHG3///IGHG1///IGHD///IGHA1///IGH|PKHD1L1|LILRA4|LOC283454///HRK|XK|PRAME,0.7416190455104082,0.5777683743660336,0.8027380534765232,0.9966975627292116,0.6553842718203289,0.5400858461547362,0.725790343799212,0.9857041246052828,0.660128925233643,0.6141334194512783,0.713067658308549,0.9818384122663798
627,COMP|IGLJ3///IGLV1-44///CKAP2///IGLV@///IGLC1|WISP2|STEAP2|GPAT2|VPREB3|OLFM4|BEX2|SUSD5|MMP3|FCER2|LOC100653057///CES1|ZYG11A|FAM111B|ZPBP2|FAR2P3///FAR2P2,0.7063027617986823,0.661512108859162,0.7320027233862215,0.9929003630104384,0.4361934648645945,0.5167628312364259,0.6808094332702501,0.9911002680102025,0.5208876215229744,0.6761199602919721,0.6803998883665126,0.9742970918926228
628,MYOCD|PKHD1L1|MGST1|ABCG5|DNER|PNMAL1|ZPBP2|VPREB3|PDGFRL|NOL4|LOC100653057///CES1|NLRP11|CD74|LOC102725426///MIR8071-2///MIR8071-1///IGHM///IGHG1|S100Z|COMP,0.7722615076325442,0.6197206272678863,0.7549506014613614,0.9924668039727643,0.6909600112639754,0.7226784948600007,0.7480209607922387,0.9619197823994431,0.7151493656983436,0.6471920974721057,0.7378687929867678,0.9702070140215274
629,LOC102724689|S100Z|ABCG5|TFPI2|PXDNL|SAXO2|HEPACAM2|SFRP2|LOC100505878|P2RY12|LIN28B|LOC101927811|LOC100996809///HLA-DRB5///HLA-DRB4///HLA-DRB3///HLA-DRB1|MAGEA6///MAGEA3|TNFRSF17|CXCL6,0.5564122640225723,0.5484619311086812,0.6334335910641994,0.9889641825326444,0.5519244292731149,0.5868431941322141,0.6493522430770959,0.9775373669652702,0.5534417027066162,0.6004214143518599,0.6533534966614509,0.9951350466413156
630,KCNK12|MMP7|C17orf99|ZNF257|OLFM4|MAGEA6///MAGEA3|KCCAT333|PLA2G2A|MYOCD|C7orf57|LOC440864///MSH6|IGLJ3///CKAP2|SMC3|BIK|IGHD|HLA-DQA1,0.6203578248180418,0.6249499107818222,0.6980430375928366,0.9990331333871632,0.4218582065950029,0.39484476139525937,0.666189462521025,0.9860536904875908,0.4523229307035461,0.4492740719411192,0.6041830976028539,0.9845346815578508
631,JCHAIN|MUC16|C15orf48|KCNH8|OLFM4|NPY1R|LINC01021|FAM30A|SCARA5|MAL2|SUGCT|IGHV1-69|LINC00877|RASSF6|LOC105372840|PPBP,0.7028982618331983,0.7761695777594624,0.6884101243819634,0.9975770823303954,0.5882824839749461,0.7355536135605123,0.6444604744040193,0.979966240697126,0.614217115298139,0.7395353183937544,0.7077400859036419,0.9767641456217169
632,C17orf99|MAGEB1|CTCFL|RAB25|VSIG4|KRT14|SCARA5|SFRP2|IGLJ3///CKAP2|SACS-AS1|HLA-DQA1|COL11A1|TCL1A|IL22RA2|LOC105372840|RASSF6,0.8246627467790095,0.7538200977910181,0.7694067290991069,0.9962073323039019,0.7522778829629552,0.7302734961908299,0.7534804800409449,0.9964990785698795,0.7628430448759138,0.6564166478636071,0.7595449446405389,0.9894388065379222
633,UMODL1|ADIRF|EPHA4|CCL22|LOC102725526///IGHV4-31///IGHM///IGHG3///IGHG2///IGHG1///IGHA2///IGHA1///IGH|GPM6A|MT1M|PROK2|WISP2|TFPI2|LEP|KLHL13|HIST1H1B|LINC01102|BIK|WFDC21P,0.5169506691425004,0.5681806401025262,0.7153307624207301,0.9987584772462323,0.45510946687828074,0.49003768149181903,0.7385262021720467,0.9911187149611133,0.6062885691689126,0.5577088722104482,0.7786994208336041,0.9896976517514857
634,AQP9|CCL20|IL13RA2|LOC100653057///CES1|SCARA5|S100A8|ADIRF|ZNF711|LHX8|PNMAL1|GOLIM4|PLA2G2A|LEP|CTAG1A///CTAG1B|CD1C|ZNF257,0.7741308890166745,0.676954657240434,0.7806827454239478,0.9964763360773301,0.5463530614876929,0.5273151701417726,0.6845266728571322,0.98471289708259,0.5897971685047366,0.5758608625105808,0.7059856104953519,0.9817549106789605
635,GPM6A|HPDL|NLRP7|CENPV|DAPL1|CCDC110|P2RY12|USP9Y|HLA-DQA1|C17orf99|C4orf22|PDGFRL|IGHV3-23///IGHV4-31///IGHM///IGHG3///IGHG1///IGHD///IGHA1///IGH|SUSD5|KCCAT333|FAM167A-AS1,0.7056997671337112,0.48824879916782116,0.7232935586541112,0.9976385901459187,0.5654808161456566,0.6551112447221813,0.730058519690473,0.9861322750019952,0.5565698173362101,0.4567465671381178,0.6469891497993784,0.9896367005784237
636,CCL21|HLA-DQA1|TXLNGY|CTAG1A///CTAG1B|ZNF711|CRNDE|STEAP2|CCL22|DNER|TRPM4|SFRP4|COL11A1|CD163|KCNN3|SUGCT|LINC00877,0.8015865613963251,0.6488711081144065,0.7223058676463686,0.9979349129591069,0.710499451713756,0.6181526970501593,0.6514779809062322,0.9805747650049522,0.7727830901772342,0.5757474090922179,0.6451712574023072,0.9818780012900534
637,S100A8|LOC102725426///MIR8071-2///MIR8071-1///IGHM///IGHG1|MMP7|LINC01102|TNFRSF17|C1QA|NPY1R|C7orf57|UHMK1|PLA2G2A|PITX1|ASMT|LINC00487|HEPACAM2|IGLJ3///IGLV1-44///CKAP2///IGLV@///IGLC1|CLGN,0.6490531115037037,0.5666485675442736,0.7739938542554765,0.9967130998574182,0.39222985400573657,0.44377204255829583,0.6338887871446437,0.9915669231279959,0.47013364167415533,0.3445438583928233,0.6538557262733783,0.9871008284180153
638,KCCAT333|FAM30A|SOX2-OT|EPYC|IGK///IGKC|CENPV|LOC102724689|HAGLROS|C15orf48|KCNN3|GTSF1|MAGEA1|ZNF257|FDCSP|LGSN|KDM5D,0.4979895161736656,0.5471122188889772,0.699477550152575,0.9941088873117369,0.4440614614546958,0.505646908078613,0.6536088906388231,0.9986329207095151,0.52686422212241,0.4867902992126496,0.6794681262392444,0.9902594215691932
639,MMP7|MIS18BP1|VPREB3|PABPC5|ZBTB32|FCAMR|ZNF385B|BEX2|SPINK2|MME|IL22RA2|SUGCT|MYOT|SFRP2|IGHD|KRT6A,0.6614538978870528,0.5912924002764592,0.7268907774253,0.9844071770589863,0.6337157417160176,0.5605240871126859,0.6320483154927511,0.9517669578765283,0.7142602117727133,0.6305791668190255,0.7253559573498576,0.979664499106947
640,CCDC110|MAGEA6|GJB2|XIST|BEX2|ZNF257|LOC101930067|LINC01405|RNF183|LOC100653057///CES1|SOX2-OT|C4orf22|MIS18BP1|KCNH8|TRPM4|WFDC21P,0.6393325713151858,0.6530111318464057,0.7844692974949711,0.9986570492188992,0.3506418864872646,0.5200180032832582,0.6974267333755192,0.9845160487522382,0.3159992618726054,0.48784034099353324,0.6670087853840938,0.9861556780188496
641,SPRR1B|IGK///IGKC|ORM2///ORM1|ICOS|RNF183|SOX8|GPM6A|NMU|LMO2|C1QA|HIST1H3B|IL22RA2|EPCAM|IGHV1-69|SEC31B|MME,0.6861230819208237,0.6850578746601426,0.7630517163567371,0.9957769817878689,0.5937504746734134,0.581889113544475,0.6408974266819221,0.9636546373306774,0.7033774945096513,0.680501942637966,0.677894161356122,0.9650697428054776
642,ORM2///ORM1|KRT13|ARL14|C1QA|LGSN|GJB6|SOX2-OT|AP3D1|C7orf57|IGK///IGKC|LOC100653057///CES1|CXCL6|HPDL|LOC101929272|EYA2|XIST,0.4797358991414589,0.5906954015967091,0.6253571658286468,0.997809835433542,0.34202881949827835,0.5241944890790216,0.6682813707309729,0.9902454946267903,0.4590468604778587,0.5903001097965166,0.6377632567381682,0.9899049275931328
643,LRP1B|SPIC|HTR3A|LOC102724689|MAGEB1|RNF183|MAGEA6|SPINK2|XK|CCL22|ZNF883|MARCO|HLF|LOC100134317///LOC284412|CLIP2|TNFRSF17,0.7081974527118541,0.5057904990042323,0.660707230515876,0.9971305430567298,0.5749726982691521,0.4591845322294433,0.6560552912171618,0.9908315427181751,0.7327143283129363,0.6606066948859529,0.7008104622155001,0.9812856680296647
644,S100A8|H2AFB1///H2AFB2///H2AFB3|MAL2|XIST|VPREB3|KDM5D|ADIRF|MYOT|MAGEA9B///MAGEA9|SEC31B|MMP20|RGS13|SNX29P1///SNX29P2|NLRP4|UHMK1|LINC01297,0.7553517782961595,0.836312925724342,0.8120742885883075,0.9860744473729113,0.5574599911696458,0.6485971717460384,0.7540629894584581,0.9786885356822498,0.6875123079375087,0.6567001531329908,0.7668430867144923,0.9960757720816613
645,LIN28B|PSMA8|PLA2G2A|NOL4|LOC100653057///CES1|TPSB2|HLF|NLRP11|PRAME|KCNH8|CCL17|CCR10|MMP20|IGHV1-69|TXLNGY|HLA-DQB1,0.35854566635822066,0.42899541392839113,0.6745385300627007,0.9977327553338854,0.41918564924098245,0.4663194469793768,0.6711461165238214,0.9954442994829126,0.37426039150891777,0.4459426203687398,0.5829825428419613,0.9918007389970809
646,KCNK12|C7orf57|GJB2|EPCAM|PRAME|ZNF385B|FDCSP|SMC3|TRIM59///IFT80|NMU|MAGEB1|NLRP7|SFRP2|ICOS|TNFRSF17|HMCN1,0.6156957184808477,0.7076736911647761,0.7323965719996333,0.9931717301330064,0.605630215543877,0.6695046878858948,0.7462275989629927,0.9749317754772081,0.6476866943206026,0.5875714238699147,0.7395698849198803,0.984104662336852
647,ADIRF|COL9A3|C17orf99|SNX29P1///SNX29P2|KLHL13|HTR3A|LINC00877|S100Z|DNAH8|WISP2|CCL17|MAGEA6|FSTL5|CCDC110|MAL2|DAPL1,0.7686184721914783,0.7076191729653555,0.725318585955997,0.9929915302887593,0.6899248647553046,0.782189754315852,0.7122214683170567,0.9882895463516012,0.637421070162653,0.7350676534119986,0.740112913051098,0.9666655117880109
648,HMCN1|PKHD1L1|PITX1|CLIP2|S100A8|LINC01102|FAM129C|C4orf22|S100Z|PSMA8|CXCL14|CAMP|CTCFL|SDR16C5|SPIC|LOC100134317///LOC284412,0.8053664012208839,0.6018792043584623,0.6454461686087408,0.9983066272017965,0.5407990193561103,0.48782609021818624,0.6646578120785182,0.9699492580639086,0.5595543869124753,0.5063599891122744,0.6696481680649664,0.9774641643973062
649,GTSF1|ORM2///ORM1|PROK2|WFDC21P|MARCO|FAR2P3///FAR2P2|C17orf99|TCL1B|SAXO2|CENPV|ZNF257|KRT13|EIF1AY|RGS13|PNMAL1|FCRL4,0.6548668721670386,0.629598995691887,0.7633173365749744,0.9979096865470068,0.5711643684846571,0.6374626410710674,0.6628983278004522,0.9959363113005252,0.5331080539516714,0.597718532787635,0.6802757652363816,0.9925036819474568
650,FAR2P3///FAR2P2|HMCN1|NPIPA5///NPIPB6///NPIPB8///NPIPB3|EPHB1|WFDC21P|ABCG5|VSIG4|IGKV1OR2-108|CRNDE|LILRA4|GTSF1|SFRP2|ASMT|IL17RB|MFAP4|DNAH8,0.7475082179349025,0.6636623671256235,0.7962051443324507,0.9902146911849276,0.6638190907823446,0.601235680417443,0.6205390248298688,0.9780644933407036,0.7517582711485765,0.7503375179695132,0.6715794695983511,0.9912560876390609
651,PRAME|LIN28B|EYA2|CD163|S100Z|EML6|CCR10|HLA-DQB1|MAGEA6///MAGEA3|CLGN|IGHV1-69|LOC101930415|LINC01021|LILRA4|ZNF257|LOC101929272,0.7128697823640404,0.6469051879608785,0.7717342006599219,0.9967621353262077,0.6574758955180953,0.6792486703627403,0.7156157277233395,0.9865094134744484,0.6774522756774446,0.7300949282147207,0.7131073148087277,0.991686610282713
652,ZNF711|SCARA5|IL13RA2|MUC16|RASSF6|LOC100653057///CES1|KRT5|MAGEA6|CENPV|LOC101930114|CT45A8///CT45A9///CT45A10///CT45A7///CT45A2///CT45A1///CT45A6///CT45A5///CT45A3|STAG3|MAGEB1|EML6|KCNK12|LOC100134317///LOC284412,0.6962648329816753,0.7065330037773104,0.7647648265591771,0.9961695651547948,0.5729919269537246,0.6155065557235906,0.728402951975677,0.9924896297876342,0.6289633839095047,0.7078545026394003,0.737454871235887,0.9822843228693314
653,USP9Y|UHMK1|HEPACAM2|EPYC|NLRP4|MMP1|FSTL5|SUGCT|HPDL|ZYG11A|ZIC2|MME|SAXO2|GJB2|LINC01405|HLA-DQA1,0.6674254214587776,0.511997684542365,0.679864213234834,0.9973108005090418,0.4593766619947904,0.5117820696993333,0.6618552368377595,0.9848062365696041,0.3808820533711195,0.46642171584738723,0.5853713118352966,0.9896868241420924
654,UGT2B17|PNMAL1|MAGEB2|IL13RA2|SERPINA9|LOC283454///HRK|CAMP|CLIP2|IL17RB|UBASH3A|TRIM59///IFT80|WISP2|RGS13|LOC100134317///LOC284412|LINC01405|LOC440864///MSH6,0.5270419917935896,0.5743584359907551,0.6084478471152912,0.9969589541464834,0.6439072928020336,0.5980438776705346,0.6870564689431227,0.9812701068610732,0.5128372537359237,0.5031794172981089,0.6111598060444634,0.974115228830739
655,HTR3A|IL22RA2|LHX8|KRT14|TRIM59///IFT80|LRP1B|ZBTB32|CTAG1A///CTAG1B|OLFM4|LOC101930067|FCGR3B///FCGR3A|MARCO|ZYG11A|COL9A3|LILRA3|HIST1H3B,0.7044785128449309,0.5779959652020271,0.7107659473740134,0.9907874079558067,0.5114213470242288,0.5255514954050754,0.7215574370320202,0.9811371051805488,0.6120598762894246,0.46375090233475746,0.7137099485877947,0.9835871964853987
656,EPHA4|RASSF6|SPIC|KRT13|VPREB3|CTCFL|NLRP7|LOC102724689|NLRP11|STEAP2|COL9A3|FSTL5|LOC100134317///LOC284412|PROK2|LRP1B|MAGEB2,0.62521038864068,0.7010263289254484,0.7442855376365125,0.9965440058795271,0.5046239234099221,0.6221667006972567,0.6428419675828172,0.9878065472319815,0.6046108499563574,0.6665367404823358,0.6675827725407762,0.9919017006848212
657,EPHB1|LOC102725526///IGHV4-31///IGHM///IGHG3///IGHG2///IGHG1///IGHA2///IGHA1///IGH|CXCL6|SOX2-OT|LINC01102|EPYC|CPXM1|UBASH3A|HMCN1|LINC01021|ASPN|ASB5|KCNN3|STAG3|IL17RB|FAM129C,0.7988071679783719,0.764418758229768,0.7379979357863575,0.9932750661855867,0.6204118696893288,0.5741792745888128,0.6134419863911595,0.963591162181244,0.6181245066435771,0.6041982926046192,0.6797055913899802,0.9771076570462425
658,PXDNL|TRIM59///IFT80|P2RY12|C4orf22|ZNF257|C7orf57|TCL1A|FAM129C|LIN28B|MATN3|KLHL13|CCL20|SACS-AS1|CRNDE|CLIP2|HAGLROS,0.6684868087248514,0.5421808196240311,0.6352741646108951,0.9977946898884007,0.5675711836174763,0.5176784971917363,0.6577043090938571,0.9766579961319852,0.6029890123952867,0.5090570421337721,0.6354181563959944,0.9768087454802064
659,CCDC110|CXCL6|LGSN|LOC100505878|PROK2|PCSK1|PXDNL|FCRL4|IGLJ3///IGLV1-44///CKAP2///IGLV@///IGLC1|LOC105372840|MYOCD|ASZ1|GPAT2|PKHD1L1|LINC01021|LOC101930067,0.5847239353229141,0.5997842183391892,0.6868064621881094,0.9984143308124472,0.3598775394147,0.5740902091429739,0.5953084245236022,0.9942226908739826,0.4885891363442052,0.590847096162845,0.60192079208501,0.9928395253214843
660,KLHL13|FAR2P3///FAR2P2|TXLNGY|SPIC|EPCAM|IGHD|SOX2-OT|NMU|CENPV|EIF1AY|XK|DNAH8|LINC01268|ZPBP2|LOC613266|PITX1,0.7221020457752846,0.6579660248751009,0.7497992391298195,0.9922034753730464,0.7228125260973727,0.6356714491409629,0.7217306819415457,0.9954706455458671,0.7076061698028984,0.5583633469245481,0.7194885466275405,0.9848603803372438
661,KCNN3|ARL14|CPXM1|LOC283454///HRK|LGALS2|KRT5|XK|CXCL6|HAGLROS|EPYC|HMCN1|ZNF257|SMC3|COL11A1|KLRC2///KLRC1|LOC102725426///MIR8071-2///MIR8071-1///IGHM///IGHG1,0.694131926433818,0.6770987105319227,0.7189523368876243,0.9981031026657501,0.5513289263649914,0.5410036039693531,0.6877541266363658,0.9756527275454739,0.573775496175825,0.5686522966645601,0.6946249557272635,0.9742665507967516
662,NLRP11|HLA-DQB1|MAL2|LILRA3|FAM111B|HPDL|LOC101929272|LGSN|MYOCD|ABCG5|PPBP|SOX8|FAM30A|FSTL5|HAGLROS|KRT13,0.40822250134910953,0.4891704297627927,0.6275626849718742,0.9958730483961397,0.24423105934488057,0.4578307777966746,0.6662461325845785,0.9964099573401052,0.2113647483170703,0.3584014506721963,0.5835906914116131,0.9904130222888677
663,CCL22|TRIM59///IFT80|EIF1AY|LOC105375172|LYPD6B|KLHL13|CLGN|ZYG11A|PPBP|MMP1|ZNF711|KRT5|CTAG2|LOC101930415|ADIRF|PNMAL1,0.5070911045235759,0.5730766260470634,0.7186089153700941,0.9896783333713199,0.2904961435192439,0.5764263579803897,0.6449296467472548,0.9728961314132037,0.3254706154393842,0.4568781835819824,0.6266583308004605,0.9912557664323717
664,STXBP6|SAXO2|DAPL1|UGT2B17|SOX2-OT|LOC101929272|DNAH8|S100Z|MARCO|ASMT|CD1C|COMP|MUC16|KRT5|GJB2|ICOS,0.5597341425787687,0.6382812584507884,0.6619614507097459,0.9964208328149055,0.509159377755687,0.6530891815938882,0.7495800077738346,0.9969880881606085,0.4441554808401164,0.5053883354478431,0.6449003861346376,0.9914470380910161
665,WISP2|PTPN20|LEP|SERPINA9|GTSF1|RSPH1|FAM167A-AS1|LOC101930114|ADIRF|IGLJ3///IGLV1-44///CKAP2///IGLV@///IGLC1|IGHV1-69|MIS18BP1|ZYG11A|ORM1|SPINK2|SYT17,0.5598568631268269,0.4839076251888195,0.7499656224403681,0.9974351042528358,0.42586599133234,0.3983590486001912,0.6716465373083175,0.9897736550415447,0.5256138384499126,0.6029835901541136,0.6295705234702251,0.9840592394424982
666,HLA-DQB1|KCNN3|LILRA3|OVAAL|MUC16|XIST|STXBP6|CXCL14|MME|STEAP2|PDGFRL|MAGEA9B///MAGEA9|MMP3|GJB6|LOC100996809///HLA-DRB5///HLA-DRB4///HLA-DRB3///HLA-DRB1|LGALS2,0.7697626888582506,0.8296422097465264,0.7549504650936127,0.9964781860481836,0.8389234435886681,0.8816530830746898,0.811420975064634,0.9860112247355272,0.7168186337145103,0.8003594062697361,0.6831006827422177,0.9864944322470498
667,CTAG1A///CTAG1B|CCL17|LILRA4|LOC613266|NLRP4|ORM1|S100Z|LOC100134317///LOC284412|FSTL5|CXCL14|S100A8|HIST1H3B|SDR16C5|ZIC2|LOC105375172|HMCN1,0.5493316741458982,0.6116274746265571,0.6243795870976111,0.9973155995005194,0.564193666874388,0.6525322851334976,0.7048410846018378,0.9936631346511678,0.5832918928587751,0.6326887067427882,0.661320177866368,0.9902272894568427
668,TXLNGY|CAMP|PABPC5|EPYC|LINC01102|STAG3|HMCN1|PITX1|EPCAM|AICDA|OLFM4|LOC101929272|SCARA5|LOC613266|LOC440864///MSH6|RAB25,0.8101377652496177,0.6342551161244172,0.7187647273115412,0.9979137675667087,0.5688203126392787,0.5951984752480047,0.6924002792462199,0.9901725095350258,0.553321599953102,0.5816477992848691,0.7361394952948128,0.9816187695750644
669,GJB6|XK|LOC100134317///LOC284412|RNF183|C4orf22|MIS18BP1|C3orf67|LINC01405|VSIG4|PKHD1L1|SFRP2|SPRR1B|COL9A3|IL22RA2|ASMT|UGT2B17,0.7405818133390617,0.6382040270284753,0.7073128321939746,0.9991757772358181,0.5582400047271202,0.5025986908362354,0.7103407314287211,0.9808848894794013,0.6246142415963722,0.5432591728083029,0.7604618109680269,0.9854999007943133
670,LOC100134317///LOC284412|MATN3|KLHL13|HLF|TRIM59///IFT80|CCL21|ARL14|C7orf57|NPIPA5///NPIPB6///NPIPB8///NPIPB3|CTAG1A///CTAG1B|C12orf77|IL13RA2|H2AFB1///H2AFB2///H2AFB3|LEP|DNAH8|LOC101929141///CCDC144CP///CCDC144B///CCDC144A,0.4603411735383721,0.5801255631140019,0.6640610736007985,0.9983216729139399,0.17803563874629108,0.4521453007824408,0.5819465223501694,0.9867670476180158,0.4836831384153745,0.48406071399925066,0.6273752308501698,0.9825862588932684
671,WFDC21P|FAM167A-AS1|PTPN20|GPAT2|ZNF711|LOC105375172|MAL2|PCSK1|IL13RA2|ZBTB32|CENPV|MMP1|CTCFL|SERPINA9|EPYC|KRT5,0.5252720724836241,0.4915011492098408,0.6079205592105192,0.998126854625526,0.4396409272028628,0.5774797852984257,0.7224711105853416,0.994963673067651,0.4320474246624208,0.47979411810554884,0.6588928618650485,0.9971528560847525
672,LOC105375172|CCL21|LINC01268|LEP|MAGEB1|STXBP6|SCARA5|EML6|HEPACAM2|NCKAP5|MAGEA1|LGALS2|IL22RA2|C17orf99|ABCG5|MMP7,0.7462778273600874,0.6946217676588821,0.741266172373398,0.9965513537144115,0.5845140961783754,0.7388047376723444,0.6497199641052483,0.9892197132324516,0.6565604682367865,0.7189205152896214,0.6590648127271622,0.9859389992694095
673,NOL4|HAGLROS|OLFM4|LOC100505878|RASSF6|COL9A3|MMP7|DAPL1|KLRC2///KLRC1|KRT14|PLA2G2A|IL13RA2|RSPH1|KDM5D|FAM167A-AS1|EPCAM,0.40531893140138336,0.5058236304427073,0.5741195343857308,0.9989353151593796,0.5018061875066923,0.5551288779017514,0.5985023659438002,0.9988297323613873,0.3317451278633692,0.42311038637538817,0.5406089861996195,0.9986453741091861
674,C12orf77|LINC00877|ORM1|ZPBP2|LTF|PRAME|PLA2G2A|HSF5|MATN3|MAGEB1|IGHD|PROK2|TRPM4|SOX2-OT|NPY1R|LGALS2,0.553530518622711,0.6080354653830174,0.7385256156706697,0.997063340676472,0.4567319190646788,0.5897255628467566,0.6185820064548042,0.9835509381835589,0.4897517438023993,0.5663670998380166,0.6053339362695551,0.9715130480358741
675,TXLNGY|AQP9|KCCAT333|CT45A8///CT45A9///CT45A10///CT45A7///CT45A2///CT45A1///CT45A6///CT45A5///CT45A3|CTAG2|LEP|UBASH3A|MT1M|C7orf57|BEX2|PRAME|XIST|EPYC|LHX8|LOC100130744|SPIC,0.763283955871744,0.6659944825700066,0.8244601180116888,0.9972268856965654,0.6972299732108015,0.657061675645915,0.7016054192145229,0.9939984934648582,0.7475871962385228,0.6897728365639787,0.7072591246778509,0.9848996038230692
676,KCNH8|MMP20|RPS4Y1|IL17RB|MMP12|FAM111B|IGKV1OR2-108|LINC00877|WISP2|PDGFRL|SUSD5|CCL22|HK3|LOC101930114|LRRN1|IGHV3-23///IGHV4-31///IGHM///IGHG3///IGHG1///IGHD///IGHA1///IGH,0.6476041597666411,0.5817606962890891,0.805093947188895,0.9973093515648926,0.6033615045007741,0.6246434930091095,0.7433110795965687,0.9864196780195937,0.7235514984145864,0.66915516059706,0.7819703305921519,0.9786164924994837
677,LRRN1|EPHA4|XK|PSMA8|LOC100505878|AP3D1|CCL17|PTPN20|CPXM1|UBASH3A|TXLNGY|ASMT|STAG3|IL17RB|C12orf77|NPY1R,0.534044958176649,0.5882883468145609,0.6434815622820476,0.9978405356887641,0.26395520184224,0.47119687106866404,0.6733369933970287,0.9828719848905086,0.5276274833628023,0.6368675119601566,0.6172539562469912,0.9840456525419404
678,HIST1H1B|COMP|TFPI2|NPIPA5///NPIPB6///NPIPB8///NPIPB3|HTR3A|COL11A1|OLFM4|KRT13|CENPV|HIST1H3B|NPY1R|CETP|LOC100653057///CES1|S100A8|CILP|SFTA3,0.6823730535298378,0.6566369927356743,0.8088851116835107,0.9954673992909742,0.3953717393796342,0.5781051623845865,0.705782754350079,0.9717310202878473,0.6481121133191942,0.7238169976943497,0.7680044488260631,0.9733932736891537
679,FSTL5|SERPINA9|MMP1|MYOCD|CT45A8///CT45A9///CT45A10///CT45A7///CT45A2///CT45A1///CT45A6///CT45A5///CT45A3|VSIG4|UHMK1|HLF|CTCFL|RNF183|NOL4|S100Z|MAGEA1|LINC01268|ICOS|RSPH1,0.6850461579706174,0.6423029905904861,0.6499734633454545,0.9989532938351976,0.6814912346451523,0.7325817937059635,0.7043081647408557,0.9818596173388778,0.6295865120595172,0.6009784148588995,0.7039829642342073,0.9802939442847899
680,LOC101929272|LOC102725426///MIR8071-2///MIR8071-1///IGHM///IGHG1|AQP9|GPM6A|LOC100653057///CES1|LOC283454///HRK|HIST1H1B|LOC101927811|SFTA3|EPYC|IGHV3-23///IGHV4-31///IGHM///IGHG3///IGHG1///IGHD///IGHA1///IGH|LYPD6B|PDGFRL|MME|C17orf99|KLHL13,0.6939416571282653,0.6412825655110844,0.7447619894024037,0.9983021039028335,0.5917186505064045,0.5727761944762053,0.737478308226652,0.9721477714797868,0.5554256989654585,0.6036856515269715,0.6907539108632217,0.9735757188081838
681,MUC16|USP9Y|MMP1|EIF1AY|FCGR3B///FCGR3A|PRAME|PDGFRL|MIS18BP1|C7orf57|ZYG11A|HTR3A|NMU|LGALS2|ZPBP2|LOC100505878|LOC101930067,0.7734080482596092,0.7887288064689844,0.8110592979670028,0.9987494851192804,0.630829528701626,0.6006770319569312,0.6952414025328131,0.9899242788486534,0.6928106951188707,0.6712274461187498,0.7003856932342722,0.988483355784752
682,AICDA|PSMA8|FCAMR|SDR16C5|SFRP2|CT45A8///CT45A9///CT45A10///CT45A7///CT45A2///CT45A1///CT45A6///CT45A5///CT45A3|GJB2|PDGFRL|KLHL13|WISP2|PITX1|MARCO|EPCAM|PNMAL1|LIN28B|SFTA3,0.7684216323247105,0.7554507089010236,0.7256664488650572,0.9947719472321375,0.40023456179955286,0.4122263630953339,0.6143971096207352,0.9827147468242308,0.5415616289164075,0.5588711334434308,0.6589137154911666,0.9744367721525846
683,PITX1|DAPL1|SUSD5|IGLJ3///IGLV1-44///CKAP2///IGLV@///IGLC1|RNF183|TFPI2|ASB5|LINC01021|CTCFL|AICDA|IL13RA2|GJB6|UBASH3A|RAB25|LOC101929272|CPXM1,0.5849861461844972,0.6789981958419143,0.6710583268509867,0.9957744803277859,0.4810261296195405,0.5796433844879141,0.6218769460701414,0.9969437031905104,0.5512328115419822,0.6417211579300639,0.7051304654221884,0.9877514166768481
684,STXBP6|HAGLROS|CCR10|LGSN|SPRR1B|MUC16|HEPACAM2|SMC3|ARL14|EPHA4|LRP1B|PLA2G2A|ZBTB32|HLF|LIN28B|CTAG1A///CTAG1B,0.6726741749748194,0.5847469374793928,0.6994310726501665,0.9924740891801347,0.41220193173471203,0.4958898597959897,0.6922780688565491,0.9806787265045204,0.45613620154934104,0.49814490575856496,0.6036446676915683,0.9933198897572071
685,LOC102724689|NLRP4|MIS18BP1|C15orf48|GPAT2|CT45A8///CT45A9///CT45A10///CT45A7///CT45A2///CT45A1///CT45A6///CT45A5///CT45A3|ZYG11A|C12orf77|PDGFRL|C1QA|PRAME|KRT5|C3orf67|MMP3|CILP|KCNK12,0.6052910369626533,0.6465986083251192,0.6484909866351889,0.9947973096869372,0.610613592799502,0.5552164692885085,0.6684422563170087,0.9802013924473626,0.6211997615607937,0.49563633774306903,0.6481149547630536,0.9838377646118827
686,STEAP2|MMP20|SEC31B|MT1M|OVAAL|LOC100130744|GPM6A|KLRC2///KLRC1|DNAH8|CETP|FCRL4|C15orf48|HK3|H2AFB1///H2AFB2///H2AFB3|PKHD1L1|CD1C,0.7047731030872043,0.6271301578563091,0.7222001495076127,0.9884172346093795,0.6924668766663733,0.6659805627238058,0.689079604233981,0.9646870420469227,0.7615534636840762,0.5514214305629517,0.7080954269456075,0.9475161808293697
687,CRNDE|FAM167A-AS1|SFTA3|ABCG5|LOC102725426///MIR8071-2///MIR8071-1///IGHM///IGHG1|LOC100130744|MMP1|PTPN20|KLRC2///KLRC1|LINC01405|EYA2|LOC101927811|RAB25|UBASH3A|P2RY12|EIF1AY,0.41375748133370127,0.4876037422353963,0.6676939086396367,0.9957014061143799,0.3124758731185936,0.3972461790405738,0.6376506814357616,0.9811219556215819,0.38895010516439904,0.5007859319215009,0.6781763102859436,0.9923078520913772
688,ORM2///ORM1|BEX2|FCGR3B///FCGR3A|UMODL1|NLRP7|SYT17|RPS4Y1|LEP|STEAP2|LOC100653057///CES1|EML6|WFDC21P|ZPBP2|LYPD6B|C15orf48|SUGCT,0.8604078365970439,0.6989233174489757,0.8006013428843638,0.998577465592945,0.7210943761820682,0.6504862448278518,0.6330937184520619,0.9658863018833453,0.7749247744818022,0.7182615065843974,0.743531392286689,0.9577498452407218
689,LOC105372840|MAGEA9B///MAGEA9|SEC31B|MARCO|P2RY12|NLRP4|PCSK1|ABCG5|KLHL13|ASZ1|USP9Y|IL22RA2|FABP4|MFAP4|MAL2|LOC102724689,0.6377638370043671,0.49181151484964997,0.724340948130362,0.9987779012385397,0.541459550837375,0.5719193007265583,0.6621326746995909,0.9898605271671095,0.5652346091519094,0.6309229316879977,0.6798540636536585,0.989924593400854
690,HEPACAM2|ICOS|UMODL1|FAM129C|IGK///IGKC|ZNF385B|LGALS2|MGST1|NME8|LINC01268|SOX8|NOL4|LILRA3|EYA2|JCHAIN|PPBP,0.6935047755300904,0.6130786134720599,0.7432048578629269,0.9954231494186365,0.4951626720155418,0.6359859437748844,0.6851728662618711,0.985320208931663,0.5374953196246138,0.5358515650767757,0.688680960166127,0.973548100394038
691,MMP20|LOC100134317///LOC284412|LOC105375172|IGLJ3///CKAP2|LOC100509457///HLA-DQA1|EPCAM|GTSF1|SYT17|LGSN|TCL1A|ZNF883|MME|MFAP4|NOL4|CLIP2|ORM1,0.5771703032398539,0.6287376548332291,0.6839125367296591,0.9957772102160779,0.49342380676380604,0.5501217506216018,0.6212640276851301,0.9977084902373252,0.569010556780414,0.6339374028736563,0.622616310039221,0.9913158534973514
692,C3orf67|FAR2P3///FAR2P2|FAM167A-AS1|NLRP7|TCL1B|MMP20|HLF|ADIRF|LOC440864///MSH6|TRPM4|RPS4Y1|PKHD1L1|SPRR1B|ASMT|MAGEA1|NMU,0.7205549676575598,0.6952991351135598,0.7710019725993011,0.9939649463487504,0.5884324091178145,0.5194850633793355,0.6868324324950239,0.9852401320603902,0.6742905662139415,0.6108542038954631,0.7696174384331171,0.9916278171213029
693,C7orf57|MMP1|LOC613266|LOC101930067|NLRP7|CD1C|ARL14|FAM30A|FDCSP|LOC105372840|NME8|FAM167A-AS1|SACS-AS1|LOC102724689|KCCAT333|MMP3,0.7544711940853448,0.6631507989573839,0.6856761794411936,0.9940074574321965,0.6976176612993481,0.5220518937147474,0.7233304348820326,0.9991786109818314,0.717639111201173,0.5506595008932883,0.7106458285410127,0.9925789935523545
694,SMC3|NLRP11|LOC100509457///HLA-DQA1|STAG3|FAR2P3///FAR2P2|PRAME|SOX8|ZNF257|ZNF711|VPREB3|DAPL1|EYA2|IL22RA2|LILRA3|HIST1H3B|PXDNL,0.6707946992320144,0.6701749108742925,0.6796541601849797,0.9942614417423028,0.6413514295077372,0.5453262046700597,0.700018199457094,0.9901909894719203,0.5389192189390339,0.5708315768473955,0.6264852306804979,0.9947257226142133
695,NLRP7|MUC16|HLA-DQA1|NMU|CILP|CCL21|SACS-AS1|FAM30A|KRT6A|VPREB3|SFRP2|CD1C|EPYC|HEPACAM2|LEP|UGT2B17,0.7867706525057665,0.6895440591767383,0.8101049039760558,0.9950242561900243,0.5512221743426765,0.5246771705669411,0.6747876533977895,0.9868523423446283,0.5635620696489474,0.6164806547560469,0.6888208928962893,0.9751989646316551
696,ORM2///ORM1|SERPINA9|CLGN|SCARA5|NOL4|SEC31B|LRP1B|ADIRF|MIS18BP1|LEP|FCER2|RGS13|C1QA|ZYG11A|DNAH8|SNX29P1///SNX29P2,0.753416280556898,0.6774164098797653,0.7789079422247939,0.9935714390703037,0.5372724411340981,0.6045456392112096,0.6844979448215636,0.9488470630378716,0.5437919325289197,0.5730985707697039,0.7046431318798146,0.9749306206084589
697,LOC613266|NLRP11|S100A8|SMC3|HTR3A|IL22RA2|AICDA|NPY1R|MT1M|BEX2|LOC105372840|EYA2|ASMT|H2AFB1///H2AFB2///H2AFB3|MYOCD|CLGN,0.7627452595509389,0.6442154370436113,0.7238345691796764,0.9981831247690417,0.5732182154481535,0.5944110964577263,0.6757197958846464,0.9836730066527215,0.6094049303011788,0.6348186374773142,0.6668328462086013,0.9876374364880751
698,OLFM4|SCARA5|KCNN3|MAGEA6|MARCO|LOC100996809///HLA-DRB5///HLA-DRB4///HLA-DRB3///HLA-DRB1|JCHAIN|KRT13|CAMP|VPREB3|ZBTB32|LOC613266|MAGEA1|HIST1H1B|SPRR1B|C7orf57,0.6661431525675335,0.6509882323193208,0.7472224978258657,0.9921444571798081,0.5946235799516199,0.7126031553199903,0.6665169648323781,0.9854824595544412,0.7386968512607208,0.6822859112322028,0.7039140323933724,0.9891339147755493
699,LOC100653057///CES1|EPHA4|LEP|LIN28B|LGALS2|C15orf48|HLF|TCL1B|LOC100509457///HLA-DQA1|PNMAL1|DNER|VSIG4|CTTNBP2|SUGCT|LHX8|RAB25,0.7549810272508961,0.7473408289611647,0.74791554969334,0.9983431587288009,0.3829307582502545,0.46295699871753293,0.6044172791960947,0.9855353690985745,0.5678165071093251,0.5754783992226107,0.6885351890527291,0.9811907843333003
700,FABP4|S100A8|MMP7|MAGEA6///MAGEA3|CILP|GJB6|ADIRF|OVAAL|XK|LOC283454///HRK|H2AFB1///H2AFB2///H2AFB3|MUC16|DAPL1|FAR2P3///FAR2P2|OLFM4|NLRP7,0.7541920081695622,0.699681815971224,0.7868112574381719,0.9962656568610206,0.5748438968271653,0.6521178278554441,0.7635537041198441,0.991494504411971,0.4466375647807141,0.5482580133067477,0.6381737294703967,0.988730270092853
701,ASB5|UGT2B17|CCL21|LOC105372840|ZNF385B|MIS18BP1|LIN28B|S100A8|OLFM4|FAR2P3///FAR2P2|BIK|HAGLROS|UMODL1|PRAME|TRPM4|JCHAIN,0.41830259184826113,0.447696111464012,0.6304036974377343,0.9988420646943025,0.38982035082411626,0.4962674895802548,0.6913128717287724,0.9983759339572755,0.5488168897918353,0.540889980833495,0.7366779590145274,0.9969021457203191
702,IGKV1OR2-108|LOC101927811|SOX8|KCNH8|SPIC|MMP20|DNER|NLRP7|FCAMR|KRT6A|MIS18BP1|LOC100653057///CES1|CTAG1A///CTAG1B|IGLJ3///IGLV1-44///CKAP2///IGLV@///IGLC1|MAGEA1|TRIM59///IFT80,0.7470057938331649,0.8173908574112057,0.7650336471642998,0.9960416240754608,0.637591458393505,0.6758555468299432,0.7228520649796095,0.9781566392907797,0.7183559513729898,0.6394669661666867,0.7656594264221585,0.9653784560493579
703,ASZ1|NCKAP5|LOC102725526///IGHV4-31///IGHM///IGHG3///IGHG2///IGHG1///IGHA2///IGHA1///IGH|LOC101929272|KCNH8|LOC100134317///LOC284412|LILRA4|TRPM4|LIN28B|GOLIM4|CLGN|HK3|XK|LINC00487|OLFM4|SAXO2,0.6221245632435147,0.6007556008354511,0.6552180126925298,0.9952382897231602,0.3999153100967302,0.40927623373403965,0.5747057493286464,0.9878451773916997,0.45371285550158513,0.4889544785588414,0.5948278542994725,0.9897705506026421
704,HLF|CTAG1A///CTAG1B|ASZ1|CT45A8///CT45A9///CT45A10///CT45A7///CT45A2///CT45A1///CT45A6///CT45A5///CT45A3|HAGLROS|HPDL|ABCG5|SPINK2|LEP|MAGEB1|ZYG11A|KDM5D|SFRP2|HK3|GOLIM4|PABPC5,0.5013400722132373,0.5785420802669574,0.6532503102544074,0.9957710691036319,0.23009041146742085,0.49740587124913127,0.6457392889662862,0.9882530647817951,0.4169759340521869,0.54154406487532,0.6226054431835247,0.991672776021585
705,CTCFL|GJB2|S100Z|ZNF385B|UBASH3A|NME8|HAGLROS|KRT13|HMCN1|C12orf77|NPY1R|PDGFRL|LINC01297|SPINK2|MYOT|ZNF711,0.6949888939586076,0.7340458070952864,0.7741980306911671,0.9903012470925537,0.5661854171375932,0.5307404199719512,0.8062119085190804,0.9790921791571635,0.6225099357952167,0.5210009721613824,0.7011281141760409,0.990670311647295
706,MAGEA9B///MAGEA9|CTAG2|CCL22|LOC102725426///MIR8071-2///MIR8071-1///IGHM///IGHG1|SNX29P1///SNX29P2|FAR2P3///FAR2P2|JCHAIN|IGHV3-23///IGHV4-31///IGHM///IGHG3///IGHG1///IGHD///IGHA1///IGH|STAG3|TCL1A|FCRL4|NME8|ORM1|LOC105375172|ZPBP2|LOC100653057///CES1,0.8302147727917125,0.7807673126749812,0.7268607711856551,0.9989183496446795,0.7410900620212308,0.70987432063583,0.7211782181027877,0.9888653503789873,0.7362733537347042,0.6883686125498687,0.743102704614901,0.9876055105491519
707,FDCSP|LOC101930114|EYA2|NMU|CTTNBP2|MYOCD|UBASH3A|CD74|MFAP4|HK3|MAGEA1|EIF1AY|GPAT2|COL11A1|CCL22|LGSN,0.635195061698731,0.6546045777714926,0.7239542272067541,0.9956694487387413,0.4880065885307384,0.45926569492774616,0.6494942928943703,0.9854854416300274,0.7410688421579718,0.5242438385203512,0.6686215548305332,0.9883221800738335
708,KCNN3|NOL4|LILRA4|IGK///IGKC|ZBTB32|LMO2|FCRL4|DNAH8|LINC01405|LILRA3|MAL2|LOC102725526///IGHV4-31///IGHM///IGHG3///IGHG2///IGHG1///IGHA2///IGHA1///IGH|FDCSP|CXCL14|LHX8|CCL17,0.7889541559045539,0.6811813969703098,0.827232875327848,0.9961520695568987,0.693325696188758,0.6081290713418923,0.7780568752074914,0.9899741573663922,0.7435534221624894,0.5451935031525508,0.759372584775686,0.9873960826936703
709,SUGCT|SEC31B|PROK2|FAR2P3///FAR2P2|CD1C|IL17RB|PABPC5|CLIP2|TCL1A|ASZ1|LINC00877|LOC100130744|PRAME|NCKAP5|FABP4|ZNF883,0.48331183876540895,0.5959401457817631,0.7335974524997787,0.9946179593189451,0.30655337408095557,0.4158897416455314,0.5673526117601045,0.9734428708616031,0.47916858901267095,0.48295363233247873,0.6130827137670525,0.9843539405752495
710,KLHL13|SDR16C5|MMP7|HEPACAM2|HLA-DQB1|NLRP11|OLFM4|MAGEA6///MAGEA3|PRAME|LOC283454///HRK|C15orf48|SMC3|NLRP4|LINC01297|FCRL4|SPRR1B,0.4995532667740649,0.48588238255477534,0.6969112970240652,0.998126997703874,0.48793730357464243,0.5554649332876711,0.6682745724020429,0.9964899676768346,0.4121273516769455,0.5122092313595644,0.6787901005828214,0.9966922999892731
711,SFTA3|HAGLROS|FAR2P3///FAR2P2|ZNF883|CCR10|HEPACAM2|UMODL1|FAM111B|KCCAT333|HPDL|LOC100653057///CES1|CT45A8///CT45A9///CT45A10///CT45A7///CT45A2///CT45A1///CT45A6///CT45A5///CT45A3|ZYG11A|COL11A1|C1QA|ASZ1,0.46580716072806544,0.6154613612812647,0.6108708449997879,0.9957698133736491,0.33382250451226925,0.39464872980065935,0.732912448937187,0.9899934670144293,0.34162686386856433,0.48353987958536937,0.603695459667829,0.9971399489937367
712,MAGEA1|MMP7|KRT13|RNF183|KCNK12|GTSF1|C4orf22|VSIG4|ZNF385B|MAGEB1|AQP9|C1QA|USP9Y|SUSD5|LOC102724689|STXBP6,0.8119750046443295,0.608165802981858,0.708542255654794,0.9983659342700435,0.6774710523228584,0.5294784021873629,0.7340876562595697,0.9766721695448953,0.72217873206042,0.5928065958780899,0.6998613910610216,0.9679020950880716
713,XK|KLRC2///KLRC1|KCCAT333|EYA2|IGLJ3///CKAP2|DNAH8|SYT17|IL22RA2|TCL1A|LTF|LOC100130744|LILRA4|TRPM4|ASZ1|OVAAL|LINC01268,0.5381192591095252,0.6247483695229576,0.7611390358811407,0.9977015827156129,0.5041591024880676,0.5392672669621276,0.6984609255811167,0.9888093412746468,0.6228411618314588,0.6688103900766738,0.6484927239984102,0.9845572052335275
714,MYOT|HLF|COL11A1|NLRP7|DAPL1|MAGEA6|AP3D1|USP9Y|OVAAL|WFDC21P|LOC102724689|CCL21|PRAME|H2AFB1///H2AFB2///H2AFB3|MARCO|STAG3,0.7333695860892834,0.7126940441330868,0.7913484317325239,0.9938176561439878,0.5548048691413692,0.6715492836163698,0.6686914443610582,0.9713081242444316,0.589366189657438,0.6638249682077935,0.6303649913087661,0.9837476669369368
715,ASZ1|FCAMR|KRT5|CLIP2|CCL22|SOX2-OT|P2RY12|SACS-AS1|STXBP6|MME|LOC101929272|EPHA4|SUGCT|XK|C1QA|LHX8,0.7996629585404466,0.7069455059267931,0.7414039080338836,0.9965232550532137,0.6581001852002111,0.5968767766741223,0.7219989875305115,0.9709084296064646,0.6622651549793092,0.5973510868464675,0.702851498426249,0.9716440962052417
716,CAMP|IGLJ3///IGLV1-44///CKAP2///IGLV@///IGLC1|IGHV3-23///IGHV4-31///IGHM///IGHG3///IGHG1///IGHD///IGHA1///IGH|PXDNL|RGS13|NLRP7|LRP1B|LINC01405|GJB2|SDR16C5|NLRP11|IGK///IGKC|GPAT2|ASMT|TRPM4|MARCO,0.7790734661955327,0.7117165231902972,0.7223230840382605,0.9948722143568808,0.7338953339125476,0.5835461605013648,0.7160455284441771,0.9911642342917107,0.7225846714534875,0.5729255878940553,0.7343222186181204,0.9915922294201146
717,ADIRF|CXCL14|NOL4|RASSF6|UMODL1|SCARA5|LINC01102|MYOT|FAM111B|SFTA3|RSPH1|PDGFRL|CENPV|CLGN|UGT2B17|ASZ1,0.4746324550029208,0.5620198407732362,0.6585297448914748,0.9907492688011862,0.41720577196260517,0.706084800102045,0.6716430707909296,0.984229452197057,0.52295141374299,0.6246471401664351,0.5867827428666594,0.9937114164996564
718,ORM2///ORM1|RPS4Y1|JCHAIN|ZNF711|LINC01405|BIK|EPHA4|CTAG2|FAM30A|CLGN|FCRL4|C17orf99|C12orf77|SOX8|LMO2|ASB5,0.6728138631303561,0.618882700372624,0.7331690044770529,0.9953894288718456,0.6927107497304663,0.6065836109544821,0.7293707309543713,0.9964741621333005,0.5475556671490087,0.5812459484455191,0.6338850570894845,0.9857945596909501
719,LINC00487|LOC101929272|LOC102725526///IGHV4-31///IGHM///IGHG3///IGHG2///IGHG1///IGHA2///IGHA1///IGH|KLRC2///KLRC1|KCNN3|CENPV|NME8|CD163|KCNH8|STEAP2|CD1C|CTCFL|ZNF385B|EPHA4|IGHV3-23///IGHV4-31///IGHM///IGHG3///IGHG1///IGHD///IGHA1///IGH|LOC105375172,0.8253202951589428,0.7052953282629784,0.8053716698345412,0.997766543695542,0.710681712727007,0.6045368829771094,0.7317394610645108,0.9952105148784683,0.7561068755784713,0.7204816472947014,0.766348207089124,0.9919859531376359
720,GPM6A|TXLNGY|ZNF257|CXCL14|CTAG1A///CTAG1B|MATN3|C1QA|LOC101929141///CCDC144CP///CCDC144B///CCDC144A|ZBTB32|ZIC2|LOC105375172|HEPACAM2|CD163|DNER|ABCG5|RASSF6,0.7581112435429858,0.741643916310283,0.6980230279142223,0.9951596476894774,0.6183682871542602,0.5905934145187475,0.6355290112890484,0.9769183893435148,0.7282715814374491,0.6322002035487262,0.6633823461536694,0.9806940130736304
721,PNMAL1|HAGLROS|CILP|CD74|MIS18BP1|SMC3|KDM5D|VSIG4|LOC101930067|TRPM4|S100Z|TCL1B|FAM30A|SFRP4|HIST1H3B|FAM111B,0.7363751285672919,0.6544682767766714,0.7894158089280209,0.9593042600734227,0.4485921504099485,0.5861959905611305,0.7447282807289289,0.9434218810269225,0.4772568560800072,0.6063127067370716,0.6485029069502242,0.9922603820671063
722,LOC101927811|COL9A3|CTTNBP2|PLA2G2A|ZPBP2|COMP|C7orf57|LOC100505878|ZYG11A|NLRP4|HK3|CILP|EPHB1|MMP1|USP9Y|GOLIM4,0.7512106816767933,0.7256098856565408,0.8035746905122125,0.9913348398005174,0.5437080144221037,0.6053322925752966,0.6847358295595198,0.9637521154878694,0.5589302262940217,0.5450308601570603,0.6847502452200871,0.9870674876745832
723,SFRP2|NLRP7|ZNF883|C12orf77|MAL2|ABCG5|MMP3|KRT13|IGHD|LOC100505878|SOX2-OT|VSIG4|KLHL13|AQP9|NLRP11|PITX1,0.6326811516381031,0.6441544899358504,0.706639376209359,0.9962987384229443,0.5902843049937515,0.761100803786451,0.739138450773169,0.995650246402582,0.5519098697631102,0.6084212652553436,0.6900348537789681,0.9929985263460973
724,IGKV1OR2-108|FCRL4|GOLIM4|WISP2|HEPACAM2|GPM6A|CLGN|EPCAM|LRRN1|CLIP2|LOC100653057///CES1|LINC01297|FABP4|CTTNBP2|C7orf57|BEX2,0.5781980975933763,0.5566848690059815,0.7292308201166294,0.9974915470404091,0.25421979696358454,0.4306632070719207,0.6095103370948386,0.9922318565749136,0.2336438167001991,0.4773948288669243,0.6479292059101782,0.9905727462571156
725,HSF5|NCKAP5|FABP4|ICOS|VPREB3|CETP|RGS13|ASB5|LINC00877|SERPINA9|ZNF711|ABCG5|FAM30A|PRAME|WISP2|HPDL,0.7402768517449636,0.6817252636971469,0.7430557579212831,0.991405467537049,0.4139114915043292,0.4847936963652988,0.6164406651041183,0.9774753366546244,0.41735322133657676,0.4294290584278174,0.5967187395939213,0.9841204786197979
726,LOC101930415|CHIT1|MMP3|CD163|PDGFRL|FSTL5|FDCSP|LINC01297|GTSF1|NME8|ZBTB32|FAM129C|LOC101929141///CCDC144CP///CCDC144B///CCDC144A|IGHV1-69|MMP12|BEX2,0.7379354452884459,0.6987474268057214,0.7034918270482903,0.987390019256331,0.5851402959391543,0.49449767934266803,0.7062086607192762,0.9762619125308186,0.6418149506715749,0.5815145354346374,0.7157407040772238,0.9851282881309994
727,KLHL13|PXDNL|SYT17|LINC01405|HTR3A|LINC01297|ZPBP2|C17orf99|PLA2G2A|WISP2|ORM2///ORM1|LOC283454///HRK|NPY1R|UGT2B17|IGK///IGKC|ZNF711,0.7482961516111774,0.8140231503867774,0.7381347629168702,0.996354247514526,0.7275476191711288,0.6704716860583615,0.7442970581474586,0.9948973365643184,0.6375609418921955,0.6211519716566833,0.7581040699526832,0.9858610028390264
728,DAPL1|C4orf22|LOC102724689|KDM5D|HLA-DQB1|NLRP7|IGK///IGKC|GTSF1|LEP|BIK|LTF|NCKAP5|CTAG1A///CTAG1B|HLA-DQA1|SACS-AS1|GOLIM4,0.4981823675875934,0.5338650888110655,0.7815648719356967,0.9958428333071383,0.41677337432877976,0.5310079954670361,0.745452128249251,0.9959797636641367,0.5719281942585486,0.5198358647808075,0.7158011240894022,0.993667148434119
729,NME8|RASSF6|HEPACAM2|UHMK1|SAXO2|MATN3|LRRN1|CPXM1|PPBP|ASPN|PXDNL|IL22RA2|PITX1|LOC101930415|SUGCT|P2RY12,0.678067053629322,0.7960626833822448,0.7641293198063596,0.9686360213691965,0.2418800958298867,0.4376915507591556,0.5953524542392545,0.959944660245129,0.32647845447163787,0.48576243439811706,0.6069056395229886,0.9894987600698804
730,KRT14|AICDA|LHX8|RSPH1|MME|C1QA|SCARA5|UGT2B17|CRNDE|SUSD5|KCNN3|MATN3|NME8|FAM111B|ORM2///ORM1|RAB25,0.5731426569158289,0.5455426240501544,0.6881339892965366,0.9882317708128733,0.5569832846398161,0.613639207785514,0.7401452593555504,0.9782832989299836,0.5739081553758604,0.6241655420526185,0.6800645411291764,0.9917957501166768
731,KCNK12|XIST|PITX1|OLFM4|MATN3|ASPN|SNX29P1///SNX29P2|C15orf48|LRRN1|CXCL14|LINC01268|LOC283454///HRK|PCSK1|PPBP|IL22RA2|COMP,0.8338373148132668,0.7693532610004781,0.8085561011179396,0.9911730932563058,0.3926803452603487,0.5452080105741053,0.6454424988048677,0.948435803267961,0.3809802650461551,0.5521027499890048,0.607832611962797,0.9544218875075992
732,COL9A3|FCGR3B///FCGR3A|ZBTB32|CRNDE|GJB2|XK|STXBP6|IGLJ3///IGLV1-44///CKAP2///IGLV@///IGLC1|EPHA4|NPY1R|CD74|KRT13|CD1C|BEX2|WFDC21P|TCL1B,0.6574198976704436,0.7724950285042569,0.6952434078683613,0.99450459330437,0.5057219492770327,0.49877721633873107,0.6839740731382343,0.9834503253535402,0.5786364325238772,0.5367871223812377,0.6754331590519016,0.9866716900027184
733,STEAP2|WISP2|AICDA|LMO2|SEC31B|LOC102725426///MIR8071-2///MIR8071-1///IGHM///IGHG1|KLHL13|S100A8|P2RY12|HLA-DQB1|KCNK12|CTAG1A///CTAG1B|FABP4|TCL1B|MAGEA1|SPIC,0.7624016523995429,0.7232122675132762,0.809672688559948,0.99805970677473,0.68695739960899,0.7664592449436798,0.7173737208169781,0.9885106215904674,0.6364150602595103,0.744689438353422,0.6837108295726917,0.9849456919870176
734,FCGR3B///FCGR3A|FCAMR|LGALS2|COL9A3|ORM1|ASMT|MT1M|MIS18BP1|S100A8|NPIPA5///NPIPB6///NPIPB8///NPIPB3|PCSK1|MGST1|ASB5|SOX2-OT|FDCSP|LOC613266,0.744145624923884,0.6652207378467,0.7190866635690101,0.9977662900635987,0.5885644864218379,0.530874969309461,0.6727624784154564,0.9934888112198718,0.7548612971354235,0.5741721384475678,0.7578881992612387,0.9911762258719721
735,IGHV1-69|HEPACAM2|SPRR1B|FAM111B|SEC31B|MAGEA1|LINC01102|DNAH8|IGHD|HK3|NPIPA5///NPIPB6///NPIPB8///NPIPB3|GPAT2|EPYC|CTAG1A///CTAG1B|LOC102725526///IGHV4-31///IGHM///IGHG3///IGHG2///IGHG1///IGHA2///IGHA1///IGH|HSF5,0.4746049827879352,0.4691674369704132,0.7203994628274192,0.9834939450434445,0.1484407180628556,0.35480028740265157,0.6354780978850494,0.9745990013072157,0.47198844809844076,0.49087548099954126,0.6683614528589326,0.9906027375879958
736,EPHB1|FABP4|LOC100509457///HLA-DQA1|DAPL1|AQP9|TRPM4|MIS18BP1|NMU|MAGEB2|TXLNGY|GPAT2|C15orf48|VSIG4|ASZ1|NPY1R|SUSD5,0.6951508139211359,0.5990277205854464,0.6930423442956746,0.989890064734147,0.41506234461823094,0.425153488486748,0.6274427416574624,0.9899224757621761,0.5888012312881464,0.5794140156537235,0.6480790106717732,0.9783866049878845
737,LOC101929141///CCDC144CP///CCDC144B///CCDC144A|FAM129C|OLFM4|LOC101929272|STXBP6|CCL21|OVAAL|HK3|RSPH1|MMP20|S100Z|PRAME|HSF5|LRRN1|CTTNBP2|MYOCD,0.7819826648398158,0.7887142413231708,0.7508989817057843,0.9948454553415715,0.6615179570310985,0.5417673672688906,0.7067364474615319,0.9839292472509612,0.6422292027386226,0.6412027373813393,0.7147021800403349,0.9749751374655296
738,UHMK1|EPHB1|MMP1|MIS18BP1|KCCAT333|KCNK12|MMP20|PITX1|BIK|LOC283454///HRK|FCAMR|KLRC2///KLRC1|CCL20|HLA-DQB1|C12orf77|NME8,0.6471165390590958,0.7379576812321733,0.787317750528937,0.9955332038229144,0.42110241032600276,0.5688733378280858,0.6547409220667877,0.9843986736810801,0.49072176144691904,0.57605115009075,0.6647735770450423,0.9915048651825742
739,SPIC|LINC01102|FAM30A|SERPINA9|MMP1|CENPV|FDCSP|FSTL5|NLRP7|SNX29P1///SNX29P2|CLIP2|KCNN3|EIF1AY|IGHV3-23///IGHV4-31///IGHM///IGHG3///IGHG1///IGHD///IGHA1///IGH|RSPH1|IL17RB,0.7011997082291741,0.6548522936946987,0.8031885841750506,0.9896933284855277,0.6450708463032632,0.6824569228656112,0.7201183151479036,0.9645009137046152,0.70596018803809,0.6537317966084285,0.7295391727153941,0.9734780147456359
740,EPYC|IL22RA2|EPCAM|LINC00487|HSF5|BIK|PSMA8|STAG3|TCL1B|HIST1H1B|STXBP6|MIS18BP1|PRAME|LOC105375172|OLFM4|ASB5,0.5881610514990457,0.5797064325015415,0.6818050612777535,0.9976380251286936,0.3853920910435291,0.5635720704398675,0.6684252818757663,0.9934262494704666,0.5974646213753638,0.5733725290554161,0.7244801111714012,0.9929276370598443
741,OLFM4|MME|MMP3|ZNF711|AICDA|MYOCD|UMODL1|HIST1H1B|KCNK12|LTF|ZIC2|LOC100505878|FCGR3B///FCGR3A|MAGEA6|MATN3|LYPD6B,0.6907399200548253,0.4761633963308996,0.6813340410121775,0.9946239109268108,0.49411264932906573,0.5288474757188323,0.6660555933261718,0.9811403562482587,0.5981708336844775,0.5757233827404127,0.7130327249575904,0.9885297112230522
742,SNX29P1///SNX29P2|C4orf22|SFRP2|KRT5|LEP|RASSF6|IGHV3-23///IGHV4-31///IGHM///IGHG3///IGHG1///IGHD///IGHA1///IGH|NMU|CCL20|ASPN|LILRA3|NOL4|UHMK1|SDR16C5|SPRR1B|RAB25,0.6714347774951059,0.7739055170332991,0.748944959575558,0.9936243677606125,0.48487066170177096,0.6030790704691764,0.7741227241308593,0.9949658016790641,0.6209951842683412,0.6623750439955669,0.6929803931237808,0.9971034687063381
743,S100Z|KRT5|SOX2-OT|SACS-AS1|LINC01405|MAGEB2|RSPH1|LOC100653057///CES1|CILP|HSF5|LILRA4|MAGEA6///MAGEA3|CENPV|CD163|P2RY12|SMC3,0.5640694097754243,0.5798408022861983,0.6919893367737322,0.9926257559169773,0.5280363524564492,0.5515182783351648,0.5889914073776752,0.9794584654535365,0.4873735426356171,0.41795740247296886,0.6102027471413325,0.9933497313222368
744,PNMAL1|ZIC2|LRP1B|NMU|ZNF883|EIF1AY|MME|KLHL13|COL9A3|MYOCD|KRT5|PABPC5|ASPN|IGK///IGKC|LINC00877|LGALS2,0.6982533652166393,0.6305112393722155,0.7512464215108399,0.9985900541907551,0.4278891914700762,0.4988990673240336,0.6198510568190525,0.9827607230289062,0.4957706438510928,0.5445398467750373,0.673765836639655,0.9774401841189221
745,KLRC2///KLRC1|HIST1H3B|C15orf48|SEC31B|KRT14|FCRL4|OLFM4|IGHV3-23///IGHV4-31///IGHM///IGHG3///IGHG1///IGHD///IGHA1///IGH|ZNF257|CD1C|EPHB1|S100A8|RAB25|MMP12|H2AFB1///H2AFB2///H2AFB3|ORM1,0.7399687135293066,0.5499344715198546,0.73258370159541,0.9982637666607308,0.6305736231666077,0.5957255877400979,0.6970846793569778,0.9879769795144816,0.6503814581131576,0.4376684429580045,0.6544283963470303,0.991290961037978
746,NME8|LGSN|CTAG2|TXLNGY|CD1C|LYPD6B|NLRP7|MYOT|SERPINA9|FABP4|SFRP2|LINC01268|SNX29P1///SNX29P2|COMP|MAGEB2|LINC01405,0.827009335890542,0.7334847464087665,0.80225107976482,0.9934183219823932,0.5986019695077675,0.5939409463076458,0.6526663049920007,0.9525962751790973,0.5418078488655933,0.5726097923773941,0.6734382763319268,0.9627332453802069
747,COL9A3|SOX8|GJB2|SFRP4|FDCSP|MATN3|PSMA8|FABP4|KRT5|MT1M|TCL1B|IGLJ3///CKAP2|CXCL6|ZPBP2|IL17RB|HMCN1,0.8130260289567457,0.6991481097569401,0.7457732287098404,0.9983208644921361,0.6762505889495931,0.7255662860423617,0.7037678280556555,0.9816284139961554,0.6768962101214485,0.6206730410254928,0.7276960850524625,0.9747498463084695
748,FCRL4|UMODL1|ZNF257|CD74|EIF1AY|SOX2-OT|ASB5|CTTNBP2|IL13RA2|IGKV1OR2-108|MAL2|LINC00487|TRPM4|MATN3|SOX8|ASZ1,0.48901042183307336,0.6607445158614124,0.5971123231866767,0.9935697671144419,0.39672730864809785,0.5103453811343206,0.5520397455377988,0.991349316897755,0.13689722179504932,0.31644828008165493,0.5858836301572332,0.9847091411540156
749,TPSB2|CCL20|LOC101927811|LOC102725526///IGHV4-31///IGHM///IGHG3///IGHG2///IGHG1///IGHA2///IGHA1///IGH|PLA2G2A|MMP1|P2RY12|BEX2|ASPN|MYOCD|VPREB3|C15orf48|HPDL|SCARA5|ICOS|HSF5,0.7834789662100652,0.6649209372932807,0.7861148937040546,0.996553712337042,0.5096669861226067,0.5619314916090538,0.6879190860957772,0.9648222585340644,0.5662702485688911,0.743234538893472,0.7335350422573939,0.9688290863771296
750,MMP1|IL13RA2|LOC100509457///HLA-DQA1|LOC102725426///MIR8071-2///MIR8071-1///IGHM///IGHG1|RNF183|PSMA8|CENPV|LGSN|CD1C|STXBP6|C1QA|C4orf22|FCRL4|MYOCD|CXCL6|MME,0.7548976031498009,0.7104645410831307,0.7172458599392606,0.998229799275908,0.6935538662210242,0.645379570016213,0.7812093277948423,0.9884910948984882,0.6211100249718436,0.6479123655831576,0.7377483027207636,0.9935366174940602
751,CTAG2|CILP|SUGCT|CCDC110|TFPI2|RSPH1|SPINK2|KRT14|FSTL5|LOC105375172|STAG3|SYT17|MYOCD|ZPBP2|C17orf99|ZBTB32,0.8401315412092215,0.45254181511491554,0.7383491141199201,0.9984176886608798,0.8007572345304207,0.604904772042212,0.7674237983237437,0.9893481421440036,0.7891764806077123,0.5391514638534753,0.7519140319577732,0.9838357194715177
752,HPDL|MARCO|CHIT1|CD1C|LOC102725426///MIR8071-2///MIR8071-1///IGHM///IGHG1|EIF1AY|LOC100653057///CES1|SMC3|CILP|NPY1R|P2RY12|TFPI2|FAM30A|LOC100130744|LINC01021|C4orf22,0.46101343781630105,0.49575448409814205,0.6519459764094454,0.9984146706879209,0.251302421371682,0.4283249578199082,0.651213169039235,0.9726668684242991,0.4740035760271307,0.49119482381255436,0.683651365484455,0.9729035600159854
753,CRNDE|C12orf77|SYT17|GJB2|ZNF883|LOC101930067|LOC101927811|IGHV1-69|PTPN20|LOC105375172|MYOCD|SMC3|RNF183|C17orf99|CETP|MAGEA6,0.599066820647617,0.6291210111591208,0.6955339134776976,0.9956787098920984,0.4484319745449385,0.5945979173308323,0.7187850487656154,0.9887159091628063,0.6858766891673425,0.6365356732454215,0.7092464274099515,0.9867954800376775
754,MT1M|LGSN|KDM5D|PNMAL1|KCNN3|MMP7|BIK|MMP20|NLRP7|GJB2|LGALS2|CD1C|MAGEA1|PITX1|ABCG5|HAGLROS,0.6001685545660819,0.5923843637994185,0.7060818454111477,0.9981156763580855,0.4402442174562772,0.5143210475946352,0.5810813876031805,0.9968286751792556,0.5630279881112711,0.5742427845802192,0.6759268993164007,0.9942453001758128
755,UHMK1|CENPV|WFDC21P|CLIP2|PSMA8|SOX8|PROK2|EYA2|HLA-DQB1|WISP2|CRNDE|XK|LOC101930067|UBASH3A|CTAG2|LRP1B,0.5521403901865705,0.5874494219588097,0.6167842883436297,0.9975198572924707,0.2368509889951918,0.5252801147700098,0.6144372690262473,0.9909793787845393,0.2670743817091259,0.40362836119049295,0.5827995042408585,0.9863563475349549
756,FAM167A-AS1|ASPN|EIF1AY|HAGLROS|STEAP2|LILRA4|LINC01021|UHMK1|ZPBP2|JCHAIN|LOC102724689|LOC100130744|SCARA5|LOC105375172|HTR3A|NLRP7,0.44843224313186353,0.5548069090244975,0.6839089545720245,0.9948941798076237,0.4867656142827985,0.6959242167755646,0.704425356436551,0.9634306487703836,0.5795427595102504,0.6593136761873124,0.7066560786586455,0.981658543247627
757,CCL22|USP9Y|GJB6|IL17RB|TRPM4|C3orf67|MT1M|TCL1A|FAM111B|LOC105375172|AICDA|IGHD|IGKV1OR2-108|P2RY12|FAM30A|HEPACAM2,0.5269465223895864,0.5475771189089773,0.7264762435478473,0.9939665237632925,0.48229316848646947,0.44576593256107716,0.6951376142366122,0.9883966246841712,0.569532840838541,0.5795111535089257,0.7783853656049325,0.9926307511977279
758,ZIC2|TRPM4|ASZ1|IL22RA2|UHMK1|HAGLROS|LINC01268|MAGEB2|KRT14|NLRP7|CETP|CXCL6|LOC101927811|BEX2|ARL14|RPS4Y1,0.458282511694333,0.6356839042159116,0.6260249392990335,0.9987922176155228,0.09076901097267318,0.3518651184779785,0.5508220891966127,0.9917956350486692,0.16194152477165236,0.3577416192554006,0.5383155815430828,0.993100359307339
759,HTR3A|MAGEA9B///MAGEA9|PRAME|SERPINA9|PSMA8|IL13RA2|IL22RA2|TCL1B|CTTNBP2|TNFRSF17|SUGCT|LILRA4|LOC101930114|FAM111B|USP9Y|HLA-DQB1,0.5693258915214178,0.6002971633643996,0.7523506439885927,0.9977041239264328,0.4075847152379311,0.5050391429154086,0.6978558289991867,0.9814178351470636,0.5295648511656457,0.52219047464743,0.7383782144755111,0.9855895261286298
760,IGLJ3///CKAP2|HSF5|NLRP11|SFRP2|H2AFB1///H2AFB2///H2AFB3|FAM129C|TRIM59///IFT80|LOC101930067|CD163|HLA-DQA1|SYT17|LHX8|S100Z|KRT5|CPXM1|HTR3A,0.6457163224663761,0.5996629881393187,0.6631772664444275,0.9986622063318034,0.449130766250673,0.49392954141770307,0.6969704137231585,0.9818810307602308,0.5518176536135762,0.440745750246212,0.6788254325494173,0.979137789891269
761,C17orf99|CXCL6|DNER|MT1M|SOX2-OT|MAL2|DAPL1|STEAP2|NCKAP5|LHX8|ZBTB32|EYA2|LINC01297|NLRP11|CLIP2|LINC00877,0.7479161110341249,0.7119171133721168,0.7105809428540303,0.9969733535532439,0.5886288939467933,0.6226657933264117,0.6614072313625892,0.9836623710759708,0.4665872556152569,0.6174586925785706,0.6220395729432036,0.9896416254122944
762,KLHL13|EPYC|MMP7|SFRP2|DAPL1|CCL20|C1QA|TXLNGY|HPDL|TNFRSF17|KCNH8|KRT5|MARCO|COMP|HAGLROS|LOC102725526///IGHV4-31///IGHM///IGHG3///IGHG2///IGHG1///IGHA2///IGHA1///IGH,0.7555042950559675,0.6019899669645048,0.752277447674595,0.9961392258557336,0.4020461240670961,0.4826390389692691,0.6563662786446586,0.9648099203497278,0.4322839504044315,0.5521687704291915,0.6336030569330293,0.9601570762507956
763,MYOT|BEX2|MMP7|CCL21|CAMP|VPREB3|TCL1B|CILP|IGHD|GTSF1|FCER2|FCRL4|HAGLROS|IGHV3-23///IGHV4-31///IGHM///IGHG3///IGHG1///IGHD///IGHA1///IGH|LTF|RASSF6,0.6792927780346444,0.6593788891167549,0.7590585768833733,0.9918910572553408,0.5279827913626773,0.5962317002136752,0.6936324991857734,0.9897024292869953,0.6710820161267529,0.5783727254784683,0.7012707380188751,0.9788840079081534
764,TFPI2|C4orf22|NCKAP5|HEPACAM2|CD163|KRT5|CPXM1|PTPN20|SNX29P1///SNX29P2|CENPV|UMODL1|PDGFRL|RNF183|TXLNGY|LOC102725526///IGHV4-31///IGHM///IGHG3///IGHG2///IGHG1///IGHA2///IGHA1///IGH|LOC105372840,0.6762462097332255,0.5882663105819066,0.6884385871283505,0.9981477023399681,0.5405338491514462,0.5022305653272026,0.6780472837599278,0.9859156398251663,0.5548166868067002,0.5886045324685198,0.625335744403235,0.9883061125621346
765,CXCL6|TFPI2|C1QA|COL9A3|C12orf77|UBASH3A|LOC613266|STEAP2|FAM111B|ARL14|LOC100509457///HLA-DQA1|EIF1AY|CCL21|KCNN3|IGK///IGKC|FCGR3B///FCGR3A,0.7383932984712562,0.6835205680704795,0.7371540895870923,0.9946249913445925,0.704309869780649,0.7021718034030071,0.710195814455381,0.9820334509392539,0.7357078679272601,0.8323727844934754,0.6769744833109566,0.9659351446799733
766,CILP|MFAP4|CCL20|CD74|TNFRSF17|FCRL4|CD163|MT1M|EYA2|LOC100505878|S100A8|CCDC110|LOC101929272|CCL22|EPYC|GTSF1,0.7808185756780867,0.7284970577302352,0.8081224975052088,0.9982752548868632,0.6205220704659514,0.6032408186397263,0.7199717137966233,0.9834114236186922,0.7578308572277067,0.6651981243481777,0.7502555515521316,0.9866246800545593
767,CT45A8///CT45A9///CT45A10///CT45A7///CT45A2///CT45A1///CT45A6///CT45A5///CT45A3|KCCAT333|RASSF6|FDCSP|CCL22|EPYC|DNER|ASMT|PCSK1|HLA-DQB1|MUC16|SYT17|MAGEB1|WISP2|OLFM4|HAGLROS,0.7072066069017632,0.6275366943883236,0.7125509921143847,0.993023106562521,0.5409613981814945,0.6401447266298437,0.6999939013614073,0.9954985807084092,0.5186240464782392,0.5056029480126543,0.699165905950629,0.9855723556979721
768,MAGEA6///MAGEA3|SMC3|H2AFB1///H2AFB2///H2AFB3|LGSN|FCAMR|CCL17|SAXO2|IL17RB|CCL20|SPINK2|CXCL14|CRNDE|UMODL1|MFAP4|TCL1A|CTAG1A///CTAG1B,0.5779765124086563,0.6076678913390154,0.7055121036805183,0.9982554788063415,0.6315640675380622,0.5945452633106202,0.7698424184925409,0.9912279593098717,0.6963168245550484,0.7141647340906665,0.6826106939160248,0.9899713029845082
769,LOC100134317///LOC284412|SMC3|ASPN|MFAP4|SACS-AS1|STAG3|HIST1H3B|HSF5|SOX2-OT|WISP2|CETP|PLA2G2A|GPM6A|MIS18BP1|IL22RA2|GJB2,0.7018124924512229,0.7623447366021692,0.8263052744783709,0.9968965943510495,0.7458289445708984,0.6384022077523983,0.7726149039319115,0.9768708814844635,0.6187760676247764,0.683997168091293,0.6981487762424923,0.9831674449320683
770,KRT13|COL11A1|NPIPA5///NPIPB6///NPIPB8///NPIPB3|DNAH8|MIS18BP1|LOC105375172|GTSF1|P2RY12|LINC01297|LOC283454///HRK|CCL21|WISP2|SEC31B|MARCO|ASMT|EML6,0.5268679412478655,0.6134257017441118,0.6967971880617174,0.9922180932525952,0.26873252484113536,0.4934974775362978,0.6808777519383804,0.9676537612453259,0.510475888577892,0.5677349318423446,0.6561757858958386,0.9781545786984814
771,C3orf67|IGLJ3///IGLV1-44///CKAP2///IGLV@///IGLC1|CRNDE|HPDL|LILRA3|ICOS|MAGEA6///MAGEA3|CLGN|ZNF257|XK|LEP|TFPI2|IGHV1-69|LOC100505878|BEX2|SPIC,0.7634571044174258,0.7616694772370494,0.7605071603424467,0.9925977917682056,0.5843478346697623,0.6685608118830086,0.6432567909520935,0.9814411620295561,0.6116114074308093,0.6766600899708437,0.7017091655544676,0.9689950839633156
772,C4orf22|PCSK1|VSIG4|KLHL13|TCL1A|LRRN1|SAXO2|SCARA5|C1QA|MUC16|JCHAIN|HLA-DQB1|LINC00487|LGALS2|XIST|SUSD5,0.6766642582298461,0.5983445493794479,0.7106113952551802,0.9977721933853485,0.5863160204295009,0.4990698182624416,0.6877938737793707,0.9954472199356617,0.6113989687042383,0.47875714267441644,0.6788007284246079,0.9897205876282315
773,NME8|CCL22|S100Z|HSF5|MFAP4|LOC101930114|CXCL6|RAB25|C17orf99|IGLJ3///CKAP2|KRT6A|PTPN20|EPHA4|IGHV3-23///IGHV4-31///IGHM///IGHG3///IGHG1///IGHD///IGHA1///IGH|KRT5|NPY1R,0.6693420957838869,0.5662616684820052,0.6800166463127332,0.9956262736620879,0.5807408713688462,0.6193938366684089,0.6928671375525923,0.9938126237633584,0.5248651785838886,0.628552344491481,0.6373393349992995,0.9877126799047493
774,UMODL1|LINC01102|LOC101930067|LOC105375172|LOC102724689|KRT13|LOC100505878|TCL1B|SCARA5|COL11A1|SYT17|CLIP2|LOC101930415|FCRL4|KRT6A|C4orf22,0.6218614354675357,0.6828267912724307,0.7599225291927322,0.9934908622583302,0.4583979903513666,0.4966761287921808,0.683364949332824,0.9927400192043021,0.5841673021275122,0.658149869683115,0.6997554682033541,0.9864247782785553
775,KRT13|NMU|S100Z|CD1C|SPRR1B|COL11A1|FAM167A-AS1|KLHL13|AICDA|CRNDE|LINC00877|FCAMR|MARCO|LINC01102|NLRP7|EPHB1,0.7151540214341557,0.7731307130382579,0.706993321141489,0.9902043033721787,0.6604408250125422,0.7533404961803869,0.7025291946515286,0.9834813600146054,0.8081252409661244,0.8336496008567837,0.7862639477403308,0.9945661486870254
776,KCNN3|SOX8|CILP|ORM1|LOC100653057///CES1|LOC102724689|CENPV|KRT13|C12orf77|STEAP2|NMU|CLGN|TCL1A|SPRR1B|IGHV1-69|MAGEB1,0.686490279874622,0.6999439733941076,0.8052476519721394,0.9930119716476742,0.5908056875360473,0.6345649935772562,0.7076967015419645,0.9935309606782674,0.6765049707762115,0.6387736369086248,0.7812942541615144,0.9761188156788605
777,KLRC2///KLRC1|LOC102725526///IGHV4-31///IGHM///IGHG3///IGHG2///IGHG1///IGHA2///IGHA1///IGH|CXCL14|MAGEB2|LOC101929141///CCDC144CP///CCDC144B///CCDC144A|MME|FAM111B|MMP1|VPREB3|MUC16|OLFM4|MAL2|LOC102725426///MIR8071-2///MIR8071-1///IGHM///IGHG1|NOL4|CCDC110|FCRL4,0.6286227578481849,0.5638350176319178,0.8378377637465166,0.9909355998347403,0.5797262565575746,0.5703805841183436,0.7023669850690664,0.993366838433392,0.5988791523591337,0.5566560426570741,0.6667750035366174,0.9941568322316486
778,GOLIM4|LEP|GPM6A|CD1C|CCR10|LOC440864///MSH6|S100A8|RSPH1|XK|CT45A8///CT45A9///CT45A10///CT45A7///CT45A2///CT45A1///CT45A6///CT45A5///CT45A3|FAM111B|MME|KLRC2///KLRC1|ZNF385B|HAGLROS|LOC105372840,0.7053227148433187,0.8062040750614352,0.7574278544596552,0.9971274737641983,0.5851834202266877,0.6530004651566161,0.6819024688351238,0.9837324000489701,0.7155864993426537,0.6592100629839989,0.6904043996123002,0.9827231327686107
779,NLRP4|TNFRSF17|MMP3|CENPV|GTSF1|ASPN|NME8|RNF183|MAGEA9B///MAGEA9|CCL22|ORM2///ORM1|DNAH8|FCER2|MAL2|RSPH1|CHIT1,0.6726342952700554,0.6645560604812728,0.7092629732201988,0.9978077154244169,0.6622558940393383,0.6417515109537377,0.7626903746065286,0.9846930118847408,0.6247527803436151,0.6049503559818024,0.7338033538119364,0.9845047170177494
780,IL13RA2|WFDC21P|IGHV3-23///IGHV4-31///IGHM///IGHG3///IGHG1///IGHD///IGHA1///IGH|ZNF257|UGT2B17|ARL14|PNMAL1|TPSB2|LINC01021|CAMP|PLA2G2A|NLRP11|IGHV1-69|IGLJ3///CKAP2|TCL1B|LINC01297,0.5892868584182017,0.6174155470428273,0.703466780610206,0.9954893906643507,0.414783782110734,0.5948183489325767,0.7166495461762106,0.992909296724817,0.44312185808687,0.5653196057013212,0.6893674349213579,0.9797938379367804
781,ASZ1|PROK2|LOC101929141///CCDC144CP///CCDC144B///CCDC144A|C3orf67|COL11A1|ORM1|CPXM1|ASB5|WISP2|TCL1B|FABP4|SOX2-OT|LOC100653057///CES1|LINC01405|ABCG5|AP3D1,0.6566011282164897,0.6124892432011892,0.8135791095415594,0.9990580631051955,0.38084507094993775,0.5287584336689413,0.6785337719385223,0.9894414094510366,0.41586736712390343,0.47803872880170195,0.6822221090455353,0.9864188656342187
782,GPM6A|FAR2P3///FAR2P2|HMCN1|S100A8|ZYG11A|ASZ1|HLF|HLA-DQB1|LOC101930114|CTTNBP2|OLFM4|SCARA5|KRT14|LOC613266|SUSD5|EML6,0.610691215456527,0.5024504158877094,0.7023658222316099,0.9985924788163306,0.7061868174448476,0.6359695984238953,0.7794929295167305,0.9966531412639932,0.5643442674962605,0.5045870907945275,0.6926558323541581,0.994984820704892
783,HTR3A|MMP3|FCGR3B///FCGR3A|RASSF6|SPIC|USP9Y|LOC101927811|CXCL6|DNAH8|ZPBP2|LOC102725426///MIR8071-2///MIR8071-1///IGHM///IGHG1|MAGEA6|IGHV3-23///IGHV4-31///IGHM///IGHG3///IGHG1///IGHD///IGHA1///IGH|GOLIM4|C1QA|CCL21,0.6205480863325613,0.45991141923175427,0.6974195704915316,0.9979958402297952,0.6565185154692041,0.6313190380875382,0.731915687309364,0.9926509084763213,0.7103553410134308,0.5563308407595684,0.728917690259222,0.9888008503694871
784,GJB2|HPDL|KCNK12|ASMT|LRP1B|CLIP2|CHIT1|PKHD1L1|ORM1|SEC31B|BEX2|IGHV3-23///IGHV4-31///IGHM///IGHG3///IGHG1///IGHD///IGHA1///IGH|LGSN|SYT17|LGALS2|LINC00487,0.7535924620223234,0.6445473883720843,0.7456305964693248,0.9953029776773726,0.5508511566327062,0.5025479208568719,0.7626782750044958,0.9559266145436698,0.5773029803639741,0.6365487760028523,0.6925323293805039,0.9494296306999391
785,FAR2P3///FAR2P2|SERPINA9|ASPN|UBASH3A|NLRP7|HAGLROS|SPIC|ASMT|C4orf22|LOC100653057///CES1|ZNF257|NPIPA5///NPIPB6///NPIPB8///NPIPB3|SACS-AS1|DAPL1|GPM6A|TRPM4,0.7634447190733776,0.6288739059104852,0.7417410101650277,0.9994664551477,0.5624454507586575,0.552755554420099,0.7602962489370784,0.982200011175063,0.6174389042972068,0.6377865763582923,0.7522827004658423,0.9820202250385849
786,LIN28B|IL13RA2|P2RY12|CTAG2|KDM5D|GTSF1|ZNF385B|IGKV1OR2-108|SPINK2|KCNH8|RASSF6|ARL14|GPM6A|MARCO|OVAAL|EML6,0.7697229720706836,0.7057232249416782,0.7892244520982021,0.9933001429887257,0.6623737388905917,0.6941534404198539,0.74071245892006,0.9923510723458547,0.6885593082072362,0.6759068934859415,0.7339402237304874,0.9766579396108365
787,LINC00877|C3orf67|KRT13|PNMAL1|ZPBP2|VPREB3|SPRR1B|ZNF257|TXLNGY|ADIRF|CPXM1|IGHD|KLHL13|STAG3|ZIC2|MAGEB1,0.7609933376264767,0.5717572912108202,0.7068674485481823,0.9939298707249274,0.7164652836987679,0.6229762180060311,0.7742639491134071,0.9864578248389709,0.8069338346674957,0.777322589796078,0.7179111036985233,0.9861093490525267
788,IGLJ3///IGLV1-44///CKAP2///IGLV@///IGLC1|ZYG11A|CCL20|NME8|XIST|ZNF711|C1QA|EIF1AY|IGHD|SFTA3|PSMA8|HIST1H3B|IGK///IGKC|SDR16C5|CENPV|SPRR1B,0.6732630651271045,0.6083636812078355,0.6790503821630257,0.9920109946708119,0.6320761379911187,0.5715987057949306,0.713237653340443,0.9968311361001877,0.8008494572952366,0.7311508819859492,0.6945427153620046,0.9892197168584828
789,HLA-DQA1|MMP3|UMODL1|LHX8|CPXM1|NPY1R|KCNN3|XIST|FABP4|SPRR1B|MAGEA9B///MAGEA9|MYOCD|ASB5|MIS18BP1|LOC100505878|ORM2///ORM1,0.5304157677011836,0.6019842018566397,0.6672927711437098,0.9970544353379603,0.36124065464779065,0.6512406942141544,0.6031291039255611,0.9937484727185595,0.4104321145901708,0.5505910590970557,0.6075725828316768,0.9964691097238716
790,LILRA4|ABCG5|SOX8|HAGLROS|LOC440864///MSH6|MT1M|KRT5|EPHA4|LOC101930114|SAXO2|ASZ1|KRT6A|PXDNL|HIST1H1B|SPINK2|HTR3A,0.557871413818954,0.5564605851322322,0.6674396099848365,0.9963133721684845,0.5347721969085898,0.5390261795136408,0.6855758369592722,0.9941910623790937,0.5560786556812011,0.5791848531144844,0.6088653303239717,0.9873644389052807
791,PKHD1L1|UBASH3A|LINC00487|NLRP4|AQP9|LOC283454///HRK|SERPINA9|FCER2|HIST1H1B|S100Z|MME|LOC100509457///HLA-DQA1|SUGCT|PDGFRL|SOX8|CCL20,0.8247639345872961,0.5506093645454629,0.7915896709674946,0.99832763551061,0.7511914926555475,0.5079529704863381,0.7470570297103407,0.9589026504790475,0.8199445237598356,0.7664355785763283,0.7564594447429484,0.9610526632907442
792,LGSN|LEP|PROK2|TRIM59///IFT80|PNMAL1|CXCL14|MAGEA6///MAGEA3|IGHV1-69|STEAP2|RNF183|EIF1AY|OLFM4|ZPBP2|TPSB2|UGT2B17|CCL22,0.4716236779214036,0.5719860062820361,0.6132045697453066,0.9983451411086925,0.3815070014835597,0.516670196744578,0.5833836701239841,0.9929628726129746,0.4076976019627604,0.5400427990847126,0.6102508681974463,0.9925060844308241
793,MME|SPIC|SFTA3|NLRP7|CCL20|FAM111B|SMC3|MAGEA1|KRT5|ZNF883|MGST1|TXLNGY|FABP4|CETP|MYOCD|KLRC2///KLRC1,0.5695543618208255,0.6503375137830243,0.7881803878030129,0.9928232398630773,0.47216435233989357,0.5320698781038414,0.6861971802266762,0.9806325681572821,0.5503492480479759,0.5900489561572648,0.7111456718790414,0.9875688939805893
794,S100A8|PLA2G2A|CCDC110|COL11A1|MARCO|MAGEA6|CCR10|LOC100653057///CES1|IGLJ3///IGLV1-44///CKAP2///IGLV@///IGLC1|SAXO2|FABP4|C4orf22|RGS13|PPBP|EPHB1|SOX2-OT,0.7881100141264775,0.7585754745840239,0.7698826769746848,0.9982867772039942,0.6465858422435653,0.6488646748000336,0.7609316007613884,0.9912795435167677,0.5406836486374714,0.5272682257817669,0.6724013694882911,0.9920677449494427
795,CXCL6|MMP3|PNMAL1|LOC101929141///CCDC144CP///CCDC144B///CCDC144A|LOC102725426///MIR8071-2///MIR8071-1///IGHM///IGHG1|SERPINA9|TXLNGY|LOC101929272|ASPN|ASZ1|FCRL4|ASB5|HK3|ZNF883|LINC00487|KRT6A,0.7147362836957906,0.5929216308317828,0.7463312244101897,0.996991061985356,0.603650601382577,0.6629724572836011,0.6634283584549808,0.9926354432587533,0.5119585183935423,0.5253092172331877,0.6497902628363594,0.982797884979358
796,AP3D1|COL11A1|PPBP|PNMAL1|LOC100130744|FCER2|RSPH1|TXLNGY|MMP1|OVAAL|AQP9|MMP3|KDM5D|ZNF385B|MUC16|MAGEA9B///MAGEA9,0.6717382433204879,0.7470328551030158,0.6642349066733464,0.9988400916777682,0.6340923823095755,0.5139977492475283,0.6964526294484705,0.9887357694810839,0.8387693776333873,0.667694220428662,0.8355359741086882,0.9905536685675804
797,MGST1|HPDL|KCNK12|FDCSP|CPXM1|LOC100996809///HLA-DRB5///HLA-DRB4///HLA-DRB3///HLA-DRB1|LOC101930067|MMP7|FCAMR|LOC101927811|MMP1|AQP9|SFRP4|KDM5D|COL9A3|LTF,0.7561952404315111,0.6562122442493276,0.738283433036182,0.9929830545049719,0.6592068080585224,0.618796391808708,0.7461475658082957,0.9871621517299234,0.7565603820028368,0.6686406299709379,0.7552290469971829,0.9810005664367999
798,OVAAL|USP9Y|LEP|ADIRF|JCHAIN|PABPC5|PTPN20|TRIM59///IFT80|ARL14|KLRC2///KLRC1|EYA2|MATN3|CETP|KCNK12|TXLNGY|LINC01268,0.5128000308120606,0.6485347769048061,0.7552775420692585,0.9935195164372105,0.3657632913797756,0.5064144421351172,0.6498304135595538,0.975981098503646,0.6372972754974059,0.5286494234178418,0.6526061222376902,0.9864091701661403
799,NPY1R|TCL1A|MT1M|KLHL13|MAGEB2|PCSK1|LRRN1|AQP9|ASZ1|CCL21|STAG3|RPS4Y1|MUC16|IGHV1-69|TRPM4|SFTA3,0.7158231632179805,0.635809102992026,0.7743171366839819,0.9957310029955975,0.5735280961996809,0.5910207697771289,0.7904917899836335,0.9941667655994832,0.5303951794882668,0.6085785472136108,0.6868807277177025,0.9830902227924714
800,LYPD6B|IGKV1OR2-108|KCNN3|MFAP4|PLA2G2A|CXCL6|RNF183|ASPN|FCRL4|IL13RA2|KCCAT333|ABCG5|LILRA4|TRPM4|LOC102725526///IGHV4-31///IGHM///IGHG3///IGHG2///IGHG1///IGHA2///IGHA1///IGH|RGS13,0.8242384519047828,0.8272156366916988,0.8130312118332516,0.9986965038298135,0.6419604498028156,0.6538786218010639,0.7764916468007828,0.9908000770489261,0.6611064417831954,0.5884006352310962,0.7913088709892929,0.9928957964598932
801,ABCG5|SUSD5|PROK2|GPAT2|FAM167A-AS1|KRT13|SEC31B|ASPN|KCCAT333|LOC101930067|LINC00487|RASSF6|EPHA4|CETP|HLF|SCARA5,0.5433222034619247,0.6027259082489344,0.6578181869872124,0.9886015068480637,0.2607870032434381,0.45166895365388127,0.6300195921670071,0.9778396464248569,0.44536325888100586,0.5123572323336552,0.6195172557459296,0.9857702590434865
802,DAPL1|LOC101930067|DNER|SNX29P1///SNX29P2|KDM5D|EPYC|LRRN1|ADIRF|MAGEB1|UBASH3A|LOC100134317///LOC284412|S100A8|MIS18BP1|C4orf22|H2AFB1///H2AFB2///H2AFB3|MFAP4,0.6045327206769138,0.6335448088433013,0.7101648169210192,0.9983644363426292,0.3464742262504056,0.43495399049036165,0.5280430790983695,0.9850274335693097,0.4132823006582453,0.48832017765794644,0.5756592414657636,0.9875887043953678
803,HLF|IGLJ3///IGLV1-44///CKAP2///IGLV@///IGLC1|PROK2|TPSB2|BIK|SYT17|CCR10|ZNF883|ASZ1|ASMT|NME8|ZNF257|HSF5|DAPL1|DNAH8|ZNF385B,0.5750501756646439,0.6220820582352827,0.7087536094966773,0.9974558763864296,0.31898695381170344,0.5941394635459063,0.5673097441725158,0.9884976690380427,0.46122627070120137,0.5607126768938877,0.6021488348381987,0.9822840935234312
804,HLA-DQA1|ZIC2|KCNH8|FAR2P3///FAR2P2|ORM2///ORM1|RNF183|LOC102725526///IGHV4-31///IGHM///IGHG3///IGHG2///IGHG1///IGHA2///IGHA1///IGH|C1QA|MAL2|KRT14|PTPN20|XK|PXDNL|ZBTB32|SPRR1B|IGK///IGKC,0.7510512705147014,0.7277700142071294,0.7111040354512624,0.9939935787691591,0.708446267974195,0.6906806527605258,0.7168008418733398,0.9947250797471816,0.8423383688731725,0.8222277248526757,0.8020827060907613,0.9942337305913486
805,FAM167A-AS1|STAG3|HPDL|KLHL13|HIST1H1B|TCL1A|C7orf57|C17orf99|MUC16|ICOS|CTTNBP2|SOX8|IL13RA2|S100A8|KCNN3|MMP7,0.6769584149601346,0.5929149054022536,0.6507441809165105,0.9964657609365519,0.468945364974551,0.5054568951222645,0.639488351626363,0.9874948029533203,0.5435255299195926,0.521491481068172,0.610840845821315,0.9771352716615896
806,UHMK1|PROK2|LINC01268|NLRP11|CCL22|LILRA4|IGKV1OR2-108|CTTNBP2|ICOS|ZNF711|ZIC2|MARCO|SOX2-OT|CXCL6|MMP1|KCNH8,0.4551779335307242,0.5925887814768808,0.6689373455084723,0.9931327762256966,0.35336876929022637,0.5110465635691018,0.6257642445403128,0.9949292960161785,0.6542678989539341,0.7526446369603459,0.7587117360147241,0.9952269264188961
807,LOC440864///MSH6|STEAP2|C7orf57|SERPINA9|PROK2|FAM167A-AS1|CT45A8///CT45A9///CT45A10///CT45A7///CT45A2///CT45A1///CT45A6///CT45A5///CT45A3|ASPN|TNFRSF17|ZNF385B|LOC101927811|SDR16C5|CTAG2|AQP9|MARCO|ARL14,0.7953845615294087,0.7132214466214537,0.8313185568981801,0.9943414175944029,0.6976849578846851,0.5969376456317398,0.6696644013592561,0.9756329168244755,0.6996062416139572,0.6183922808171229,0.7126513366424226,0.9746138142419464
808,CD1C|CLIP2|UHMK1|MMP20|HIST1H3B|EML6|LOC101929141///CCDC144CP///CCDC144B///CCDC144A|PTPN20|LOC613266|MATN3|UBASH3A|IGLJ3///IGLV1-44///CKAP2///IGLV@///IGLC1|IGHD|KCCAT333|KLRC2///KLRC1|ZPBP2,0.5090610276511864,0.6321993788325408,0.7079143115595848,0.9929695343320953,0.46969364113456413,0.6598882489033722,0.6894259678205739,0.9901850925855424,0.66085880769056,0.7143898634872259,0.6742994799544292,0.9855632772484929
809,PNMAL1|RAB25|PROK2|ASMT|LOC102725526///IGHV4-31///IGHM///IGHG3///IGHG2///IGHG1///IGHA2///IGHA1///IGH|IGLJ3///IGLV1-44///CKAP2///IGLV@///IGLC1|ZBTB32|LOC105375172|C15orf48|SUSD5|P2RY12|KRT13|VSIG4|RPS4Y1|FAM129C|STEAP2,0.6964412624489822,0.7193571637668316,0.7095827400621106,0.9920938161026897,0.665315829322915,0.6949980686188802,0.702304015455465,0.9966342306388616,0.7279396806749043,0.7405233945002904,0.7066436698924814,0.9806700398159567
810,KDM5D|EML6|RSPH1|PLA2G2A|SFRP4|SFTA3|HK3|LINC01021|LOC105375172|PABPC5|SERPINA9|IL13RA2|C12orf77|ZNF385B|AICDA|LMO2,0.7828852442921251,0.7043375891046062,0.7204303850228494,0.9989528492639804,0.7089214178820291,0.6723782528688449,0.7133693177350122,0.9867366679017091,0.6854069281973171,0.6394396027652598,0.6821232761149193,0.9829650306006272
811,SMC3|LOC100505878|SOX2-OT|BIK|FCRL4|H2AFB1///H2AFB2///H2AFB3|HLF|FAR2P3///FAR2P2|PTPN20|CCL22|HAGLROS|IGLJ3///IGLV1-44///CKAP2///IGLV@///IGLC1|C7orf57|COL9A3|TFPI2|GPM6A,0.47247309478574007,0.5201514553648585,0.6913089216731784,0.997139614032956,0.151518227882668,0.4834534163001606,0.5629207709239598,0.9953649437827358,0.33019324652772913,0.5215921452011232,0.6438215517914331,0.9918137053402328
812,LINC01021|PITX1|MME|KCNN3|LOC101929141///CCDC144CP///CCDC144B///CCDC144A|KCNK12|RASSF6|MAL2|LINC01268|LYPD6B|MMP7|RGS13|COMP|CETP|ZBTB32|OLFM4,0.8613047958545227,0.6646787514407311,0.7251245102042534,0.996864456655005,0.6986866427452473,0.6281236472547725,0.6804394115092335,0.9629215895916443,0.6305608054008426,0.5881098381757552,0.6961911988824259,0.9736389114571528
813,OLFM4|CLIP2|CD1C|IL22RA2|CD163|NLRP11|SEC31B|ASZ1|MAGEB1|FAM111B|KCNK12|MAGEA6|FABP4|MME|LINC01102|LIN28B,0.760808978925932,0.700856653528177,0.7482606191807162,0.9973367916435624,0.5367176067465276,0.6602536507057915,0.6484043905554174,0.9814931060081435,0.5620323433362505,0.5764414274606924,0.7022006960397001,0.9819287266996728
814,PPBP|EPYC|TNFRSF17|SACS-AS1|LOC102724689|FAM167A-AS1|ORM1|LRRN1|KCNK12|IGHV1-69|C4orf22|NPIPA5///NPIPB6///NPIPB8///NPIPB3|IL22RA2|FDCSP|C1QA|NOL4,0.5995457786449726,0.6424891815581374,0.7069313202763046,0.9984790146630526,0.43761216889090215,0.4901594073792836,0.5908713692432059,0.9874438215432494,0.5451426611226909,0.47373872890726876,0.6386179826279557,0.9847540263632724
815,HIST1H3B|CD1C|CXCL6|ASZ1|GPM6A|MUC16|CCL21|MFAP4|FSTL5|MMP20|IL17RB|IL22RA2|TNFRSF17|C15orf48|RSPH1|TXLNGY,0.6465622697156723,0.7246372295420926,0.6997074861800121,0.9867543617214914,0.6273664849279466,0.7092705788751423,0.6929254444352908,0.9954488940402054,0.68123571181769,0.6825918291425401,0.6804587802286512,0.9814360005811446
816,LINC01102|ZNF711|UMODL1|SEC31B|AQP9|P2RY12|KLRC2///KLRC1|TRPM4|MAGEB1|PABPC5|MMP12|NME8|KDM5D|TXLNGY|NPY1R|BIK,0.7201939860395086,0.7388547212031904,0.7511305524661162,0.9987403373248632,0.6383219807222369,0.6316616053087071,0.7152962203850137,0.9870950784491771,0.6752969239806821,0.6349460841109865,0.741903934663172,0.9874900533492904
817,KCNK12|LILRA4|MYOCD|STEAP2|TPSB2|HEPACAM2|KRT6A|CCL17|EYA2|LINC01268|CTCFL|GPM6A|LGSN|P2RY12|C4orf22|OLFM4,0.7462264341070586,0.5986255522779095,0.6997660003615658,0.9975852797180518,0.40716698123254647,0.44811535568636235,0.5877179434661556,0.9810908210137649,0.37612067110891684,0.41124982741654653,0.5914397842276287,0.973000696326589
818,C12orf77|VPREB3|LOC100130744|SCARA5|HAGLROS|CRNDE|ZPBP2|MT1M|SYT17|LOC100509457///HLA-DQA1|PITX1|C4orf22|MMP1|CTAG2|SUSD5|ZNF883,0.5923220552835549,0.581425726540961,0.7526954790051432,0.9950857065906245,0.5172648123178126,0.5028919386482027,0.646996117638138,0.9797691507299491,0.5531006536768013,0.5379334401508089,0.6281983919427168,0.9758929376250627
819,NLRP7|LMO2|PDGFRL|WISP2|C12orf77|HIST1H1B|UMODL1|FAM167A-AS1|LOC105372840|CXCL14|LOC440864///MSH6|LILRA4|LINC01021|FAM30A|TNFRSF17|CPXM1,0.7141129518871208,0.6282972204145303,0.6636289535904449,0.9965791588043682,0.6187309416543872,0.6345977334322073,0.6772314609302703,0.9771425554582498,0.7699575614852717,0.7229830021501958,0.6782265848105111,0.9693015198906979
820,KCNH8|CD1C|LOC102724689|LINC01268|KDM5D|ASZ1|NPIPA5///NPIPB6///NPIPB8///NPIPB3|GJB2|ZNF385B|LOC100653057///CES1|EPCAM|TNFRSF17|FABP4|DNAH8|MGST1|SERPINA9,0.6501967209908022,0.6263222151749184,0.7520035722513745,0.9986675284957192,0.38173969342165454,0.4824102477827923,0.6417007434183052,0.9921496865993022,0.5448900966061107,0.5479640335994272,0.7021948506423551,0.9881968481562818
821,UHMK1|XK|CCL17|JCHAIN|HAGLROS|PSMA8|PTPN20|LINC00487|C7orf57|NME8|KRT13|C3orf67|LOC105375172|SFRP2|FAM30A|MFAP4,0.5611626499497432,0.5829119425406847,0.6103696035896164,0.9977985523622879,0.40427694357353666,0.3974563229259652,0.6594756564712723,0.9901893310541827,0.5697215440071649,0.5203314504953767,0.6575898065157937,0.9951499022795037
822,DAPL1|SAXO2|CLIP2|KRT14|IGK///IGKC|SNX29P1///SNX29P2|EPHA4|S100A8|LOC102725426///MIR8071-2///MIR8071-1///IGHM///IGHG1|IL13RA2|UGT2B17|LTF|FAM111B|MMP3|MAGEB1|C17orf99,0.5471961043166025,0.5973953343280538,0.6911774698296657,0.9969076591965936,0.47017057550339175,0.5326154158389644,0.6662324461472166,0.9964092466847996,0.4676550511358122,0.617559565041395,0.7078160962864689,0.9952241117607
823,MGST1|CCL21|CTCFL|RGS13|FAR2P3///FAR2P2|CETP|LMO2|C3orf67|VPREB3|LINC00877|ORM1|MAGEA6|NCKAP5|COL11A1|COMP|LOC613266,0.8413001293257759,0.5750312874888093,0.8075626816359237,0.9920332044515964,0.7461249500983947,0.5901738006791089,0.6961529093197837,0.987744426950124,0.7457148333998292,0.7052831051668985,0.6930062125877545,0.9713737660696324
824,CTCFL|CT45A8///CT45A9///CT45A10///CT45A7///CT45A2///CT45A1///CT45A6///CT45A5///CT45A3|EYA2|LYPD6B|HLA-DQB1|KCNN3|ZNF711|MMP3|CILP|NPIPA5///NPIPB6///NPIPB8///NPIPB3|COMP|STAG3|FDCSP|HK3|SAXO2|LOC101929141///CCDC144CP///CCDC144B///CCDC144A,0.6955375026069589,0.6726563701415083,0.6499721358060226,0.9962348682936316,0.511043326147439,0.5769496225381221,0.6646561553829351,0.9914281565391933,0.5705362975782287,0.71293715439495,0.6255998339517774,0.9877884660782547
825,HSF5|LOC283454///HRK|MFAP4|GOLIM4|PROK2|H2AFB1///H2AFB2///H2AFB3|WISP2|RSPH1|FCGR3B///FCGR3A|MYOCD|CD74|SOX8|SCARA5|P2RY12|BEX2|CCL22,0.6258675805842783,0.6195119707996897,0.7021567973100014,0.9963747649201121,0.2699069355007322,0.424398056416534,0.613964606032096,0.9818367959838872,0.4754836134914091,0.5938423296107969,0.6399829476242329,0.9855980030825399
826,LOC613266|LRP1B|MMP20|SFTA3|ZYG11A|NPIPA5///NPIPB6///NPIPB8///NPIPB3|MATN3|OVAAL|STXBP6|IGLJ3///IGLV1-44///CKAP2///IGLV@///IGLC1|ZPBP2|OLFM4|AICDA|LGALS2|NOL4|SFRP4,0.6316343795448308,0.624544243659904,0.6820365589547304,0.9932068873533807,0.49405880867482954,0.555258265818669,0.6255744727405983,0.9958263619756479,0.6664818969253277,0.6639479733192692,0.7216496880736484,0.9938801975851855
827,LOC101930415|SCARA5|IGHD|MAGEB1|LMO2|SPRR1B|CENPV|FAM129C|EPHA4|CLGN|ASZ1|HMCN1|BIK|FAM167A-AS1|FDCSP|MAGEA6,0.6298298496549664,0.5639499167968091,0.6662416033970472,0.9960033281371422,0.5059010569753045,0.5609248616090918,0.7226391427738088,0.9808725727949491,0.6704137790030291,0.6654471822709787,0.7025330926912998,0.984111066122172
828,NPIPA5///NPIPB6///NPIPB8///NPIPB3|PPBP|SNX29P1///SNX29P2|IL22RA2|S100A8|MME|HLA-DQB1|LINC00877|DNER|ZYG11A|CCL21|PROK2|AICDA|PTPN20|FSTL5|COMP,0.7682434374969467,0.49769143778588226,0.760020816097394,0.9980122704628689,0.623397420193944,0.562788065822738,0.7103276786974139,0.9908911934884217,0.7590930529836679,0.655674384864804,0.7371175365601412,0.9871799399018389
829,IL13RA2|FAR2P3///FAR2P2|KCCAT333|ASB5|SUSD5|SACS-AS1|IGHD|ARL14|KRT13|SAXO2|COMP|NOL4|COL11A1|SMC3|SUGCT|CTAG2,0.47937537275054737,0.5195686978328368,0.601502402105174,0.9971280398092738,0.28564149775279707,0.530182223924179,0.6441834771639181,0.9794274277899452,0.5064468040442645,0.6825587471559051,0.6483727000833854,0.9813105291879457
830,MYOCD|PTPN20|RSPH1|MAGEA1|CD74|AP3D1|ZPBP2|HSF5|LOC101930067|KCNK12|TFPI2|PKHD1L1|KRT6A|ZYG11A|IGKV1OR2-108|MAGEB1,0.4943765381716862,0.5320642107550848,0.5964096117747706,0.9912339603570441,0.25565813073706495,0.3263094074625408,0.6332281944351313,0.9647226298552363,0.38427471338139246,0.45805983227023317,0.595166208829894,0.9887891389467947
831,CCL17|ORM1|FCER2|XK|AP3D1|ASZ1|BIK|ADIRF|HPDL|CTCFL|MYOCD|BEX2|LINC01268|S100Z|LRRN1|COMP,0.6237044875441885,0.5878695010456895,0.7144973263246939,0.9980717404942028,0.3813597579982628,0.44518390106108496,0.6579024134690794,0.9787454806157819,0.519950981553093,0.5519650798166669,0.6041025939913756,0.9734978624080592
832,CD1C|SMC3|LOC101930067|EPHA4|NMU|LEP|VSIG4|GJB6|PPBP|NPIPA5///NPIPB6///NPIPB8///NPIPB3|LINC01297|MAGEA6///MAGEA3|LINC01102|LHX8|STXBP6|DAPL1,0.4348931758090406,0.5065387858891536,0.6253164612201325,0.9736052262181072,0.2224575146023423,0.5388453852516535,0.7012333402798495,0.986584862903582,0.47369091311722783,0.6263905981210903,0.6405248933058095,0.9961521125759176
833,CD1C|CCR10|KCNK12|SAXO2|ZNF385B|TRIM59///IFT80|CTTNBP2|HIST1H3B|RASSF6|STEAP2|LIN28B|CCL17|GPAT2|GPM6A|DNER|ZPBP2,0.5821721589679107,0.6148821792118511,0.7491867978339377,0.9985176917985169,0.5587608865636936,0.5712959046714418,0.7204433367040275,0.9813593910425299,0.5426480098441635,0.6532328843907518,0.662484380740082,0.9878113439320723
834,MGST1|SMC3|ZIC2|OVAAL|HLF|ICOS|EML6|SPIC|IGLJ3///CKAP2|GJB6|C12orf77|CENPV|SDR16C5|ADIRF|GTSF1|KRT13,0.622841756126428,0.6666511543754777,0.7753705971886408,0.9992197820065162,0.42317287916899043,0.5618233537938466,0.6004075931073238,0.9889695286176245,0.675107455522208,0.7305316417606871,0.6293688068066025,0.984391714282755
835,STAG3|MAGEB1|UHMK1|FAR2P3///FAR2P2|SPINK2|WISP2|LOC100653057///CES1|RPS4Y1|ZIC2|IGLJ3///IGLV1-44///CKAP2///IGLV@///IGLC1|HEPACAM2|LINC01405|OVAAL|MYOCD|CCDC110|IGHV1-69,0.6449842905820387,0.5631008121009979,0.6597909876874273,0.998649758010826,0.6034132325801013,0.654616640857876,0.7038462584650793,0.9905148116996194,0.6004067768072365,0.580538532611317,0.6683021891214771,0.9911445897602242
836,RGS13|KCNN3|CD1C|LOC613266|C17orf99|ZIC2|KRT13|CCL17|MAL2|MAGEA1|SFRP4|RSPH1|H2AFB1///H2AFB2///H2AFB3|ASPN|XIST|SPINK2,0.6363337600802326,0.6601699300796326,0.7556929540561447,0.9942354074841027,0.6376547298436411,0.694028023353792,0.7478785507513978,0.993346656162461,0.6719863241827655,0.6445389989248023,0.7292429869446042,0.9910927654933548
837,CLGN|FAM30A|EPYC|CD163|TFPI2|ASZ1|SMC3|ZNF385B|FAR2P3///FAR2P2|CCL22|XK|HEPACAM2|LYPD6B|LIN28B|RSPH1|TNFRSF17,0.6288277473949101,0.4625308036271185,0.6963270023354349,0.996743968656728,0.5166052125002644,0.5270522093384541,0.6958529729914517,0.9829215065763943,0.5111687474149486,0.5290655409291686,0.689799910989142,0.9892803654652805
838,CXCL14|LOC100653057///CES1|WFDC21P|C3orf67|CTCFL|KRT13|ASPN|FCAMR|ORM1|LEP|MAGEB1|LOC100505878|XK|IGK///IGKC|HPDL|LMO2,0.7651205047842393,0.6635869600716853,0.6959412053284983,0.9950768835788367,0.6985528621328397,0.7279673887169472,0.7173809293402063,0.9799158862826647,0.7219489009565597,0.6760165288332154,0.7631833979620108,0.9655303665328119
839,FAM129C|IL17RB|LOC613266|DAPL1|S100A8|MT1M|SPRR1B|CRNDE|RPS4Y1|IGLJ3///IGLV1-44///CKAP2///IGLV@///IGLC1|KCCAT333|NLRP4|LGSN|HIST1H3B|MMP12|SDR16C5,0.7134327373971413,0.6825998025272634,0.7252134015628643,0.9981134487989434,0.6339908844267368,0.5682131080668489,0.7286799584000327,0.993319659464014,0.7196319050722806,0.5936261586828362,0.7443534783917582,0.9956368166263468
840,TCL1A|WISP2|CD163|CCL17|COL9A3|CENPV|MFAP4|IL13RA2|CETP|BEX2|ABCG5|KRT13|LRRN1|UGT2B17|FAM129C|SYT17,0.6594319510695262,0.7140859208606047,0.755380442598836,0.9910306397161377,0.566526214461243,0.5058126399602882,0.6803053871071043,0.9957189899717139,0.6120724820784817,0.6022297555923539,0.7037469221966952,0.9834364053137555
841,HLA-DQA1|MMP7|HIST1H1B|CCL21|AP3D1|IL13RA2|SPRR1B|CD1C|LOC100653057///CES1|MME|LOC101930067|ORM2///ORM1|KRT14|STEAP2|BEX2|S100Z,0.6763131213226959,0.6495145840181354,0.7456245496385983,0.996363163465937,0.5641048606246561,0.666970192879339,0.7374131210371788,0.9840462861556265,0.6758211747436531,0.6644618388887926,0.7184712747170057,0.9777062023356301
842,ZBTB32|EPHB1|LOC101929141///CCDC144CP///CCDC144B///CCDC144A|AQP9|CCL22|IGHV3-23///IGHV4-31///IGHM///IGHG3///IGHG1///IGHD///IGHA1///IGH|LOC100653057///CES1|CTCFL|PITX1|CT45A8///CT45A9///CT45A10///CT45A7///CT45A2///CT45A1///CT45A6///CT45A5///CT45A3|LOC105372840|UMODL1|KRT14|KRT6A|LOC613266|TCL1B,0.7860722144814978,0.68912401680012,0.781258107143354,0.994160343240326,0.7148525278062026,0.7113983891433214,0.7380111054105076,0.994275232044879,0.7470578998979284,0.6223827184933227,0.7508047396799198,0.9919033908559861
843,GPM6A|S100Z|HLA-DQA1|GJB2|MMP12|SOX2-OT|RASSF6|SFRP2|GOLIM4|AICDA|MARCO|LHX8|IL22RA2|SFRP4|IGHV3-23///IGHV4-31///IGHM///IGHG3///IGHG1///IGHD///IGHA1///IGH|CILP,0.8384891357592906,0.7711877785809916,0.8240608853141869,0.9959843454271562,0.6939610602218924,0.6510651616317782,0.7700728644254247,0.9774479638992276,0.6918211637738553,0.5728373769231282,0.7460410786599936,0.9858323787683543
844,MYOT|CHIT1|BEX2|LINC01021|ZBTB32|MMP3|PKHD1L1|PSMA8|SUGCT|CCDC110|KDM5D|PPBP|LINC00877|SPIC|KCNH8|KCCAT333,0.6605261886601815,0.4571771491431716,0.67206815332447,0.9946790242407677,0.5551709317051572,0.5417268652428928,0.6220389497258825,0.9753326275392629,0.5076709968756508,0.42479177719083094,0.5852046642099458,0.9880372735370974
845,SEC31B|LILRA4|CD1C|KCNH8|PKHD1L1|TFPI2|CCL20|RSPH1|IGKV1OR2-108|RNF183|H2AFB1///H2AFB2///H2AFB3|CTAG2|COMP|KRT13|SUGCT|STAG3,0.7056705983095297,0.7042811720048445,0.6581894471130328,0.9980914866188094,0.6122511843723268,0.5931788034503538,0.6933955374450987,0.9698642920062893,0.6678639707674496,0.539823796231808,0.6606421897147251,0.9742480277803595
846,MAGEA1|SAXO2|NLRP4|NOL4|C1QA|EPHB1|CETP|SNX29P1///SNX29P2|PKHD1L1|LRRN1|HLA-DQA1|PCSK1|SCARA5|LOC105372840|PABPC5|ASZ1,0.6144964329108465,0.613004738376969,0.6800566757256004,0.9932593511990996,0.4532109121488488,0.6101811109359849,0.6115013794213191,0.9704494062240941,0.47238398782970675,0.5395631804675337,0.6106762509673908,0.9874400168928601
847,UBASH3A|STEAP2|CTCFL|CTAG2|CCR10|PCSK1|ABCG5|IGLJ3///IGLV1-44///CKAP2///IGLV@///IGLC1|SDR16C5|HK3|HSF5|KCCAT333|COL11A1|PPBP|PDGFRL|ZNF257,0.8142699199869978,0.7198455731188982,0.8420947272101567,0.9963402154646738,0.5382826867535421,0.5714249813856519,0.6719904171083485,0.986721762193617,0.5653164122815446,0.48193922643452236,0.6800502046587669,0.9749985984624285
848,MIS18BP1|LINC01021|MYOCD|ZPBP2|OVAAL|MFAP4|IGLJ3///IGLV1-44///CKAP2///IGLV@///IGLC1|PKHD1L1|ZNF385B|C1QA|CCL17|PCSK1|FCRL4|MAL2|HIST1H1B|IL22RA2,0.5518760211888109,0.6032738261961235,0.6909849819263716,0.9673275323357128,0.439795589444601,0.6264201657545381,0.6064473060612422,0.9376857400706088,0.6593768272233185,0.6703639275952389,0.7384632269673008,0.989678163935837
849,LYPD6B|HIST1H1B|LTF|WFDC21P|JCHAIN|CCL21|IL22RA2|LILRA4|HLA-DQB1|SUSD5|LRP1B|TPSB2|IGHD|CTTNBP2|KLHL13|HSF5,0.47800257178622735,0.5208925456155817,0.5929155945870568,0.9968906891866668,0.31970616963351867,0.5266062862780972,0.5980757148199225,0.9833514279325409,0.6971440825302178,0.6136026664765672,0.7196914531423773,0.9830905910929991
850,IGHV1-69|LOC102724689|JCHAIN|SACS-AS1|ASZ1|LIN28B|LOC100505878|KCNH8|SOX8|HLA-DQB1|SMC3|SEC31B|UHMK1|RGS13|CCL17|FCAMR,0.5787980695926578,0.5897653281854129,0.6741464029578201,0.9801531439016559,0.4207388045915435,0.47912858474653836,0.6018484116217031,0.9621324881281577,0.4768128989116667,0.6816848006044873,0.63669183766775,0.9905492323003837
851,COL9A3|TFPI2|BEX2|PDGFRL|LOC100130744|ZNF385B|MME|LOC105372840|MAGEB2|EYA2|PITX1|PNMAL1|DAPL1|PKHD1L1|MT1M|FAM30A,0.5527258257631825,0.6446885136648268,0.6545281057305032,0.9967738681819601,0.5153109925334121,0.5115339544512779,0.6981557976856226,0.9736939739380115,0.5353323666384181,0.46379050459963833,0.6117020670035969,0.9764480350094081
852,GPM6A|GPAT2|CD163|ARL14|LOC101930415|FAM30A|LOC105375172|FSTL5|ASZ1|CD1C|CCL21|ZIC2|HLF|CT45A8///CT45A9///CT45A10///CT45A7///CT45A2///CT45A1///CT45A6///CT45A5///CT45A3|CILP|NPIPA5///NPIPB6///NPIPB8///NPIPB3,0.4111497353070042,0.5620004685099215,0.6738843372295487,0.9912521905148122,0.3292896733335651,0.48417145381206445,0.6213376800728563,0.995773693468877,0.600230370219514,0.6986974869808116,0.6534799226383126,0.9856544014648378
853,GPAT2|SMC3|LYPD6B|NCKAP5|IGK///IGKC|SUGCT|UHMK1|EYA2|RNF183|RAB25|TCL1A|ZYG11A|CD163|NLRP7|COMP|ORM1,0.645544700814107,0.7716322038435786,0.7594454023274534,0.9924017596718169,0.5260758262486889,0.5702364303819889,0.6326553497555644,0.9785392690091343,0.5472381184597158,0.5759533722953574,0.6747634936978527,0.9906376869518907
854,LINC01405|NMU|EPHA4|UGT2B17|ZBTB32|WISP2|MAGEA6|MGST1|PNMAL1|SFRP4|CD1C|MMP3|GPAT2|LOC101930114|CCL17|JCHAIN,0.5700908092880226,0.614585699749451,0.6401769394681593,0.9968912229886145,0.45415575430771177,0.5928196380474073,0.6556287724257573,0.9904439751223467,0.6020066649493026,0.7639206486757197,0.7066822493951246,0.9896795210982671
855,CRNDE|LOC613266|SCARA5|ZNF711|PLA2G2A|RSPH1|C12orf77|LOC101929272|MAGEA6|TCL1B|RGS13|ASMT|SFRP4|SOX8|ZIC2|NCKAP5,0.6986894154587208,0.7680640913287726,0.6821600047040004,0.9951159076877608,0.6375434241381617,0.5697911513384414,0.7914875504217673,0.9872903527287636,0.5483808906808331,0.4817071919064047,0.6702991355376893,0.9916541767941524
856,TCL1B|MT1M|HEPACAM2|ZPBP2|HAGLROS|IGKV1OR2-108|PXDNL|HLA-DQB1|COL9A3|DNAH8|CTTNBP2|ORM1|OLFM4|LOC101929141///CCDC144CP///CCDC144B///CCDC144A|SERPINA9|LOC613266,0.7163414370188025,0.551065363011272,0.7225997544187812,0.9983303265885541,0.7149922009893426,0.5472768180943856,0.7424689022124287,0.9958088892801681,0.7544344096675928,0.6590866491954595,0.7060506065741937,0.9910593083525534
857,LOC102725526///IGHV4-31///IGHM///IGHG3///IGHG2///IGHG1///IGHA2///IGHA1///IGH|LINC00487|BIK|PLA2G2A|GJB2|ABCG5|FAR2P3///FAR2P2|DAPL1|MAGEA1|C1QA|LHX8|NLRP4|MMP7|SOX2-OT|MFAP4|PPBP,0.6866032340843634,0.6189528877172387,0.6562460235724447,0.998732340435661,0.5982104965932871,0.6349896371305521,0.6579720253249901,0.9942444225373399,0.5072611504789196,0.4599770415591409,0.6149032756784927,0.99029130492203
858,FABP4|LINC01297|TRIM59///IFT80|EPCAM|LILRA4|C7orf57|LOC100509457///HLA-DQA1|HLA-DQA1|SUGCT|GJB2|NPIPA5///NPIPB6///NPIPB8///NPIPB3|MAGEA9B///MAGEA9|NOL4|LRRN1|LINC00487|LHX8,0.4505965082216377,0.5473850355212473,0.6518485354621755,0.9950048105274257,0.17431315994095054,0.48820381829114845,0.6128812428409681,0.9876916648731485,0.46055237738120125,0.42580369853321365,0.636864703540388,0.9966990805347841
859,SOX8|C12orf77|TXLNGY|LEP|LMO2|FCRL4|SUSD5|SPINK2|CXCL14|HMCN1|CPXM1|AP3D1|HIST1H3B|LRP1B|CLIP2|ABCG5,0.5305653557658266,0.64929090310454,0.7288873705810204,0.9957825763930033,0.5318376306046827,0.46805829887888256,0.6790590878101597,0.9757708345973646,0.5037165051797711,0.4932028533853695,0.6098585703033825,0.9837509659364271
860,C15orf48|DNAH8|ADIRF|LOC102725526///IGHV4-31///IGHM///IGHG3///IGHG2///IGHG1///IGHA2///IGHA1///IGH|GPAT2|LOC101929272|EPYC|FCGR3B///FCGR3A|LGSN|FAM129C|ORM2///ORM1|GPM6A|FCAMR|RAB25|NPY1R|CLIP2,0.7124644870939856,0.6185756066306715,0.781519853806008,0.9827634006551602,0.6085932777003109,0.6242929493982391,0.6613055836777202,0.9900629401218438,0.5758794983211271,0.5904503044092113,0.7446451404494283,0.9545694295583008
861,NLRP4|TPSB2|IL22RA2|LOC102725526///IGHV4-31///IGHM///IGHG3///IGHG2///IGHG1///IGHA2///IGHA1///IGH|CCR10|LOC101930114|C3orf67|STXBP6|RASSF6|MYOT|LGSN|HLA-DQA1|LOC100134317///LOC284412|KDM5D|RSPH1|NPIPA5///NPIPB6///NPIPB8///NPIPB3,0.4968731356700655,0.4423756456613905,0.6559233432512801,0.9992093405687003,0.4832082261926087,0.4909629435189359,0.6389755621209744,0.9923210443519018,0.653798935927232,0.5281800491686175,0.6826115720056201,0.9941323782869791
862,MMP12|ZBTB32|LOC100505878|KCNN3|ICOS|FDCSP|FCAMR|KCCAT333|LRRN1|RAB25|LINC01405|LOC101930415|DNAH8|KLHL13|HEPACAM2|LILRA4,0.6590981647964086,0.5586899696622223,0.7308884827717758,0.9975224723416773,0.5527070165248728,0.553263345385299,0.663610698701879,0.9937522290562474,0.6545149606220938,0.5374910853098014,0.6896205280009923,0.986648876354823
863,SPRR1B|LOC102725526///IGHV4-31///IGHM///IGHG3///IGHG2///IGHG1///IGHA2///IGHA1///IGH|EPHA4|HK3|FCER2|LOC440864///MSH6|PNMAL1|SERPINA9|ICOS|CPXM1|LGALS2|SNX29P1///SNX29P2|LILRA3|TCL1A|WFDC21P|MAL2,0.8067339221232847,0.6618012534571427,0.7880572431564664,0.9958845031819816,0.5443410505363833,0.5190873554764838,0.6872160851898874,0.9838083600656892,0.7086752563576054,0.74519954969547,0.7249862676492036,0.97720592864361
864,PKHD1L1|GTSF1|STAG3|EPHA4|CCL22|FAM30A|ZNF883|TRIM59///IFT80|LIN28B|GPM6A|MMP12|TPSB2|LOC283454///HRK|HLA-DQB1|TFPI2|PRAME,0.6051423203005292,0.4901543412348082,0.6983608468344809,0.9986391210582007,0.5017075288643668,0.5310645466081462,0.5775391250969888,0.9795789926984443,0.5425942846815388,0.44106553897473966,0.6620621078434761,0.983413974797962
865,KDM5D|PRAME|IGHD|LOC283454///HRK|H2AFB1///H2AFB2///H2AFB3|HSF5|FABP4|C1QA|ABCG5|HEPACAM2|ARL14|IGKV1OR2-108|LOC100653057///CES1|ORM2///ORM1|MAGEB2|FCGR3B///FCGR3A,0.7867587195676969,0.72723583063991,0.7343949872771316,0.9968436949008619,0.572632283907318,0.48348449353159023,0.6669154993080421,0.9885834143997311,0.5740246191220437,0.38628443911055477,0.7350214692537058,0.9786382094485527
866,C12orf77|FAM129C|TXLNGY|COL11A1|NME8|ZPBP2|IL22RA2|LGSN|TRIM59///IFT80|KRT13|MYOT|SPINK2|STEAP2|SFTA3|LINC01021|LGALS2,0.697697895070538,0.7095121504267148,0.7300275235046932,0.9909358503291263,0.6556217555026075,0.6012063860358143,0.6925173096465924,0.9703842770198274,0.7464519379647695,0.6706116955393309,0.6575700747380493,0.9791519173487324
867,COL9A3|EML6|ZYG11A|LOC101930415|GOLIM4|EYA2|LINC00877|NLRP4|SFRP2|C4orf22|CPXM1|LOC105372840|P2RY12|PDGFRL|RNF183|LINC01297,0.810395748016527,0.6890013382943372,0.8362867201667777,0.9920711624355387,0.6228541569357622,0.6639622226914681,0.7396370089705547,0.9612655758132105,0.6824509477719096,0.6940388284088084,0.6740391311730946,0.9809982996293206
868,CXCL14|CTAG1A///CTAG1B|IGHV3-23///IGHV4-31///IGHM///IGHG3///IGHG1///IGHD///IGHA1///IGH|PRAME|FCGR3B///FCGR3A|CCL22|LINC01268|KCNK12|TFPI2|JCHAIN|LINC00877|NME8|VPREB3|NPIPA5///NPIPB6///NPIPB8///NPIPB3|CCL20|MAGEA1,0.7131314961189745,0.7371432493639537,0.7551798859663417,0.9979112610549213,0.561876857631878,0.6944385567194551,0.6563678322616764,0.9767221369035485,0.7255006951758063,0.7418537403785258,0.7494708236677129,0.9712189524296779
869,MGST1|KCCAT333|CCR10|STXBP6|CTCFL|CCL21|EPYC|GOLIM4|JCHAIN|LOC105375172|DAPL1|RNF183|ORM2///ORM1|SDR16C5|MIS18BP1|ZPBP2,0.6814697857182864,0.6652596420159691,0.8073173030441816,0.9961363095555195,0.4675031599357433,0.6063937167614295,0.6749116698726444,0.9832785978523153,0.5458414707214316,0.5705094214130454,0.6780759193643172,0.987039777351019
870,C1QA|NLRP7|UBASH3A|LOC101927811|ASMT|HSF5|KDM5D|LGALS2|NME8|LILRA3|FSTL5|CTTNBP2|PXDNL|ASB5|ZNF883|MYOT,0.6658989231591906,0.6485591477465786,0.7557368228243405,0.9890836676417379,0.5560794730740379,0.6806938920720687,0.695197403004346,0.9800755355117575,0.6455821372737187,0.6352601654153894,0.740118304343563,0.9670763580131013
871,CCL20|HLF|EIF1AY|S100Z|CETP|MMP7|KRT5|CCL22|IL22RA2|STAG3|LINC01102|UMODL1|CILP|C17orf99|CTCFL|LGALS2,0.8214038253588712,0.7019110198522226,0.7379227006682869,0.9971983319594006,0.7295441817473002,0.5477739762213198,0.7509883336324265,0.9875529446912565,0.7183624830855966,0.6176974057894629,0.6192437462515203,0.9778777007377628
872,KRT5|C3orf67|MATN3|LOC101927811|GJB2|LOC101930114|FAM167A-AS1|SFRP4|C12orf77|P2RY12|COMP|PCSK1|IGLJ3///CKAP2|LOC100134317///LOC284412|TFPI2|CCL22,0.7066062928603025,0.5677238141545442,0.7354461575085753,0.9918321681825614,0.6032648971607313,0.6932644646880786,0.6914640851145466,0.9615139884699001,0.602405336919941,0.5403937362768856,0.6921660669854728,0.9705773725606607
873,MME|FAM30A|LOC101929272|ZBTB32|S100A8|LOC105372840|C17orf99|LINC00487|CCL20|CCL21|SOX8|MGST1|IGHV3-23///IGHV4-31///IGHM///IGHG3///IGHG1///IGHD///IGHA1///IGH|LIN28B|KRT6A|LOC283454///HRK,0.8449984433078569,0.7115434906555589,0.7591297345380006,0.9979908898224455,0.7650155091999635,0.725170453976942,0.7439590763976323,0.9882785398825089,0.7043920637295324,0.5952947691808907,0.7340306223579728,0.9847415446946822
874,LEP|MAGEA1|KCNN3|RSPH1|STAG3|MAGEA6///MAGEA3|AP3D1|SPINK2|SEC31B|ASPN|KCCAT333|MME|CTAG2|CXCL14|EPYC|LOC101929272,0.6436666270598558,0.6123165979648149,0.8098004344410362,0.9941555096139767,0.600364816968979,0.5351276699808334,0.7346110657517098,0.9753647069571942,0.6407077666323252,0.6200566571913994,0.749566700584068,0.9840018300256294
875,MGST1|VPREB3|CCL20|MYOCD|CLIP2|STXBP6|TRIM59///IFT80|GJB2|ZYG11A|MMP12|DAPL1|ASZ1|HK3|SYT17|LOC100505878|IGK///IGKC,0.7088627508141971,0.626606473702533,0.7386984917403165,0.9958723187440998,0.4282905421136348,0.5692984982113423,0.6420592644417811,0.9795188696736193,0.558289294178985,0.5662418082315916,0.6806203715058514,0.970120702833106
876,TRPM4|XK|LILRA4|ABCG5|RNF183|IL22RA2|KCNN3|FCGR3B///FCGR3A|NPY1R|FAM111B|SFRP2|FABP4|STXBP6|FAM30A|WISP2|GOLIM4,0.7086865195141846,0.6767588770290942,0.8562708231024565,0.9943835535397547,0.5289273996782999,0.6556712357926329,0.7265345921598602,0.9728032829870182,0.6636848666817994,0.6240102741136351,0.7339786697726115,0.9819835095231177
877,MARCO|KCNN3|DNAH8|ORM1|KRT14|LOC102724689|HTR3A|MAGEB2|TRPM4|FABP4|TFPI2|LOC101930067|KLHL13|CRNDE|CD163|TCL1A,0.6867180237227954,0.6428313466606604,0.6864618437524517,0.9975846720788341,0.6309334907010964,0.6376356837866903,0.7044628587793256,0.9830965334479924,0.5398488965589895,0.5298325339522537,0.663283717948314,0.9785730277850825
878,TRIM59///IFT80|LGSN|FAR2P3///FAR2P2|UGT2B17|JCHAIN|ASB5|LINC01102|SACS-AS1|LRP1B|HMCN1|GPAT2|EML6|CHIT1|FCRL4|PCSK1|FAM30A,0.3406662886866973,0.4656683910387785,0.6337264253301143,0.993760730574276,0.2501656215464464,0.5168069648042407,0.5979104646515156,0.993261726073592,0.492738402672894,0.5463656322165911,0.6453959051534994,0.9900736044462848
879,LOC100505878|MGST1|GJB6|EML6|NPIPA5///NPIPB6///NPIPB8///NPIPB3|LGSN|LILRA3|STAG3|SPIC|GTSF1|LOC102725426///MIR8071-2///MIR8071-1///IGHM///IGHG1|FAM111B|CTAG1A///CTAG1B|ZNF883|FSTL5|XK,0.5769135513660115,0.5834026663728931,0.6543568636159982,0.9984608398587097,0.5317598480461909,0.6568526142501883,0.6416753620351394,0.9968403681631532,0.671730785822151,0.6546099342888309,0.7061504523228743,0.9965953202788942
880,ORM2///ORM1|MMP1|HLA-DQA1|NPY1R|GPAT2|ASPN|NOL4|GOLIM4|ARL14|CPXM1|ZNF257|LYPD6B|MMP20|SNX29P1///SNX29P2|PTPN20|STXBP6,0.6631159819473597,0.7077920972178612,0.7784877095652603,0.9984765094804772,0.4404392175564325,0.4646057652875125,0.5979726106032679,0.9749981635836864,0.5280553750897563,0.5895797918684281,0.6355430403580323,0.9817841627271092
881,OVAAL|SPIC|LHX8|PSMA8|DNAH8|LOC102724689|KRT14|HIST1H1B|SFTA3|FDCSP|STXBP6|LOC613266|CLIP2|SCARA5|ZPBP2|ASPN,0.5106697705763615,0.6106645403927282,0.7867554214596819,0.9967254962801727,0.35727633330926867,0.479157380907247,0.6775393468052304,0.9833260656772393,0.4991955904332682,0.5499095008401915,0.7171241739820602,0.9827830262328181
882,MYOT|ORM2///ORM1|RSPH1|PXDNL|SACS-AS1|ASB5|ADIRF|FCAMR|HTR3A|SMC3|NLRP7|IL17RB|TFPI2|HPDL|PNMAL1|TCL1A,0.5348413193020164,0.5016143425532874,0.6950889177009396,0.9897150948870057,0.3746735937304198,0.5145996241087566,0.6633247511071606,0.9795203930740426,0.6081693890416875,0.4530126032592642,0.75267125956531,0.9748669401753393
883,PDGFRL|MMP20|CTAG2|LINC01405|SACS-AS1|UMODL1|LOC440864///MSH6|STEAP2|KDM5D|HMCN1|MAL2|ZNF711|MME|FCRL4|LILRA3|LTF,0.7584718873446783,0.6378672189152801,0.6673169569112061,0.9936988603546261,0.7328376059314656,0.5990021148268025,0.7506361956401442,0.9824134066628218,0.6524966338979827,0.6164692469201837,0.6633779064495836,0.9874311967194686
884,HPDL|SPRR1B|ORM1|KRT6A|FAR2P3///FAR2P2|CTCFL|GTSF1|LOC613266|XIST|ARL14|SUGCT|MMP3|RPS4Y1|IL13RA2|FAM111B|LRRN1,0.7128984528293049,0.6327438413074307,0.7376071600577159,0.993856264921367,0.6951145507160514,0.6328720582294287,0.6786467321856167,0.9910191753061325,0.7133288416577752,0.5802514875709865,0.7102126789355472,0.9957429749179703
885,CPXM1|STAG3|KCCAT333|HLA-DQA1|SACS-AS1|HSF5|MYOT|LOC101930415|C7orf57|FAR2P3///FAR2P2|NME8|IGLJ3///IGLV1-44///CKAP2///IGLV@///IGLC1|ORM2///ORM1|ASZ1|ZNF883|RNF183,0.5822967615762759,0.4693806319188245,0.6182980607433043,0.9991331361906954,0.4824405475451202,0.4550856508077008,0.6739085554574333,0.9898936046390229,0.520193545760896,0.47959040869617764,0.6102177049385865,0.988349180208017
886,RNF183|MAGEB2|FCGR3B///FCGR3A|IGHV3-23///IGHV4-31///IGHM///IGHG3///IGHG1///IGHD///IGHA1///IGH|LRRN1|KRT6A|FAM111B|ZNF385B|LOC105375172|KCCAT333|RPS4Y1|ASB5|VPREB3|STXBP6|CTAG1A///CTAG1B|UBASH3A,0.6226185473845887,0.6111878671224011,0.6981696583351873,0.9954850864734489,0.5798247910584281,0.5815280135274336,0.6709872112732795,0.9970056934451205,0.5948610829086302,0.6207587013908047,0.6595081996166943,0.9886898423654888
887,SFRP4|LOC102724689|FSTL5|MYOT|PTPN20|SPINK2|LILRA4|LOC105375172|EML6|UGT2B17|CTAG1A///CTAG1B|KCNK12|TCL1B|LOC100134317///LOC284412|MGST1|EPHB1,0.5297181203754809,0.5310874361579698,0.6288634961076836,0.9930223491333456,0.4326649699037855,0.4800817822203026,0.6473363645442638,0.9907975690370148,0.4585113147183432,0.5244307194243538,0.659595465739697,0.9944271087735141
888,ABCG5|LILRA4|HMCN1|STEAP2|SUSD5|MAGEA6|IGK///IGKC|FCGR3B///FCGR3A|CD163|FCRL4|MFAP4|UMODL1|SOX8|PCSK1|HK3|GPM6A,0.832711652147737,0.7089903496273875,0.8116586130948982,0.9910268618093488,0.6935893877187642,0.6741231185843971,0.7328878105801091,0.985121470965672,0.6549891437254423,0.594191862546801,0.6754333486123794,0.9718130039806943
889,OVAAL|C15orf48|ASB5|WFDC21P|LOC101929141///CCDC144CP///CCDC144B///CCDC144A|CXCL6|MATN3|NME8|CLGN|CCL20|STEAP2|NCKAP5|TCL1B|CTCFL|RAB25|CD74,0.5031424493996608,0.5918366097507983,0.6927330965248034,0.9944971757825898,0.3668726547457928,0.5068734485960885,0.6289095371081859,0.9807784484641378,0.5699593288487284,0.6108102850773922,0.7230893342362126,0.9856499880465027
890,CTCFL|SFRP2|CD74|SPINK2|EIF1AY|MAGEA9B///MAGEA9|PCSK1|PLA2G2A|IL17RB|IL13RA2|ZNF385B|TRIM59///IFT80|UHMK1|CCL21|PRAME|TFPI2,0.45688036135290355,0.6668945376203814,0.705405007719182,0.9646859336996959,0.10751102051374965,0.4201269100214065,0.663264749407324,0.9612488309832282,0.5037460404368382,0.4484984535845448,0.6896995514685048,0.9928237890982485
891,MAGEB2|ADIRF|LOC613266|ICOS|SUSD5|FAM167A-AS1|SACS-AS1|ZNF257|CAMP|CRNDE|IGKV1OR2-108|XIST|SFRP4|STEAP2|MAGEA1|IL13RA2,0.598944756789682,0.5696416254584746,0.7740376810624809,0.9959104754587731,0.6024190598946411,0.6244906907882936,0.7219031593771269,0.9828702752249217,0.5696878323131057,0.597156018150821,0.7199699184787212,0.9764888304422524
892,LOC102725426///MIR8071-2///MIR8071-1///IGHM///IGHG1|UGT2B17|CTAG1A///CTAG1B|KRT13|GOLIM4|HLA-DQB1|RASSF6|CXCL14|C1QA|SUSD5|NOL4|FSTL5|TXLNGY|BEX2|DAPL1|SFRP4,0.38036242905340634,0.5555956668112924,0.6238030583433571,0.9905658439669442,0.3653665552819327,0.5400295090606161,0.6612754421188254,0.9782520486631467,0.5465234624288536,0.5581185557851049,0.6857865944708705,0.9934131474675756
893,ORM1|HEPACAM2|LOC101930415|SOX2-OT|SPINK2|HLF|LILRA3|RNF183|NCKAP5|XIST|MMP12|AQP9|CCDC110|COL9A3|LOC102725426///MIR8071-2///MIR8071-1///IGHM///IGHG1|FDCSP,0.7392795743764006,0.7292130516827333,0.7049643165181907,0.9966537041445283,0.6349528888811495,0.6001381347896895,0.6257337083085179,0.9859564648797844,0.7336619375829065,0.6665778293790647,0.6859887238939822,0.9863004437699519
894,EPYC|STEAP2|LOC101927811|SFTA3|MMP20|COMP|LILRA3|AQP9|KCNN3|TXLNGY|C3orf67|RASSF6|PLA2G2A|LINC01102|SUSD5|ASZ1,0.6883949466095982,0.7396110340699746,0.7377460414248929,0.9937827437825092,0.6483101285815057,0.6463517942539347,0.7896407732912183,0.9724458419669814,0.5880717628918349,0.6321789773520622,0.7147438393182497,0.9796383553516761
895,PABPC5|EIF1AY|MUC16|RSPH1|ASPN|VPREB3|ORM1|KRT6A|OVAAL|LILRA4|AICDA|STXBP6|KLHL13|PRAME|RPS4Y1|CCL22,0.7150710457898419,0.6191378497608178,0.7797964688181832,0.9963973019563964,0.6638895939325282,0.6098442653215115,0.6025479221394247,0.9937009644185888,0.6238710371985868,0.5599724008769678,0.6357990710139152,0.9894503678443964
896,ORM2///ORM1|LGALS2|USP9Y|RPS4Y1|CTTNBP2|C1QA|XK|UMODL1|LOC101930415|LOC102724689|LOC613266|LOC100134317///LOC284412|STEAP2|COL11A1|C17orf99|LOC101930067,0.7397560328959595,0.7095735160188879,0.8011523937481959,0.9982634068192392,0.6965077251928614,0.6953981569049514,0.7757404867070996,0.9872300676630514,0.8047989069287411,0.8678721487937282,0.7840921051927454,0.9871476398601777
897,ZIC2|HIST1H3B|MGST1|HLA-DQB1|NCKAP5|NMU|LTF|ADIRF|LOC105375172|SFTA3|COMP|SYT17|LOC613266|CTAG1A///CTAG1B|CTCFL|ORM1,0.4571576195246662,0.5364229012230938,0.6624296346371441,0.9935521802303325,0.30655133191317385,0.5206935380531491,0.669625155129662,0.9909932852408021,0.49897632198578545,0.5839551517015057,0.6923324047975328,0.9926707606656584
898,SPRR1B|ZNF711|LINC00877|MMP1|MFAP4|HSF5|CTTNBP2|NLRP7|MYOT|BEX2|FAM30A|KCNH8|MYOCD|FAM129C|KRT5|ORM2///ORM1,0.6799505505499517,0.6778851274113168,0.7808971624830316,0.9971062182277474,0.6584393697350323,0.7336657886951412,0.730645380452884,0.986709017270672,0.6824119941120741,0.8025912276460636,0.773363963560842,0.9859264291147476
899,KCNK12|FSTL5|COL9A3|CTTNBP2|ORM1|LOC100653057///CES1|EPHB1|LOC102724689|GTSF1|RNF183|LOC102725526///IGHV4-31///IGHM///IGHG3///IGHG2///IGHG1///IGHA2///IGHA1///IGH|MYOT|LOC101929272|KLRC2///KLRC1|SMC3|ICOS,0.6082096389342659,0.6581441211600301,0.7252140660500135,0.9989251374452343,0.5034692023261594,0.5546488662743927,0.678156784086924,0.9826805057549952,0.5630360140961806,0.6030325624371129,0.7379227483275775,0.9842841601193061
900,LOC102725526///IGHV4-31///IGHM///IGHG3///IGHG2///IGHG1///IGHA2///IGHA1///IGH|LOC101930067|GOLIM4|LILRA3|RSPH1|LINC01021|PROK2|FDCSP|EPYC|ORM1|PPBP|FAM30A|ASB5|LHX8|CCL20|LINC00487,0.6066391685651514,0.6669116415520993,0.7371905010544963,0.9963188779176106,0.3329266413783852,0.470477305367919,0.6146049389274115,0.9933364214771302,0.39014451000804834,0.536662800966115,0.6294384516091116,0.9861698119751788
901,EML6|KCNK12|MAGEA9B///MAGEA9|CPXM1|LOC283454///HRK|SAXO2|VSIG4|GOLIM4|EPCAM|IGK///IGKC|LEP|MAGEB1|CCL20|SERPINA9|HIST1H3B|FABP4,0.5312004000482136,0.5253135583501725,0.7352351078078667,0.9979578420372128,0.4036843980429704,0.48430667445413667,0.7554760553131155,0.9878490916091772,0.5085903308869485,0.5668565185126927,0.7564545242129894,0.9904195742920084
902,MAGEA9B///MAGEA9|ICOS|LIN28B|PITX1|TCL1A|DNER|CTAG2|HIST1H3B|HMCN1|HPDL|ZIC2|MYOCD|CCL22|MAGEA1|HLA-DQB1|NLRP4,0.6993018274702304,0.6687659460424479,0.7259331101329516,0.998918610416147,0.6133515065981802,0.6071053835403801,0.6769434283885059,0.9897876503489372,0.5750507661187306,0.6316455369290133,0.7040702579533676,0.9876214940261222
903,MAGEA6|GPAT2|LILRA4|DNAH8|ZBTB32|NLRP11|VPREB3|MMP12|HLA-DQA1|UBASH3A|STEAP2|TNFRSF17|CD163|CTTNBP2|LOC613266|ZNF883,0.7143451290438922,0.5730608656024638,0.7982542690966603,0.9973485645918103,0.4913195305169902,0.3472694920059108,0.6300021120634449,0.9819448942957695,0.6506471448253656,0.647353081921325,0.6526823296690081,0.9742934178852914
904,SUSD5|SUGCT|GPM6A|CCL20|ZNF883|SNX29P1///SNX29P2|SEC31B|LOC100509457///HLA-DQA1|EPCAM|RASSF6|MMP12|STEAP2|KRT6A|IGKV1OR2-108|HLA-DQA1|ASB5,0.6916754322558304,0.6320323888968074,0.7087559153209457,0.9927255021616893,0.44149359377288017,0.5560086505607376,0.6740004478851944,0.9858673004540182,0.5334829643495501,0.5554222483412472,0.698257424463514,0.9805927984337406
905,CCL22|SFTA3|C15orf48|HLA-DQA1|SMC3|CT45A8///CT45A9///CT45A10///CT45A7///CT45A2///CT45A1///CT45A6///CT45A5///CT45A3|CAMP|GPAT2|LOC101930415|MMP1|LOC105372840|SACS-AS1|ZBTB32|LINC01405|EIF1AY|HPDL,0.5683618411227741,0.591625900359851,0.6886957904338451,0.9920911751560815,0.5671706401749185,0.6481013142064238,0.7214419188139384,0.9792753423127534,0.6088613045769168,0.6142982454029913,0.7084602114163112,0.9945007889487919
906,RASSF6|ASPN|LINC01021|HSF5|EPHA4|TRIM59///IFT80|ADIRF|KRT5|XIST|IGLJ3///CKAP2|BIK|H2AFB1///H2AFB2///H2AFB3|FCRL4|ARL14|LOC100130744|FAM167A-AS1,0.4000005034997896,0.588398428325931,0.7180519203965605,0.9875991273057592,0.40047344258390566,0.5373820447827146,0.6519242669122626,0.9563503514821121,0.38790957791158714,0.5190277302029043,0.650129820930882,0.9858951260890143
907,ASZ1|FABP4|PXDNL|KLHL13|USP9Y|PTPN20|LOC440864///MSH6|HTR3A|ZBTB32|ZNF257|STAG3|HK3|KCNH8|MMP1|TRIM59///IFT80|S100A8,0.7583387569620751,0.6392901836571675,0.7450078184360367,0.9979662045372303,0.6187274577473125,0.4645912618447474,0.6459111815119098,0.9849280319062577,0.6738680381968908,0.6193763074043159,0.6460327146518389,0.9880873521582794
908,LOC101929272|C17orf99|CTCFL|BEX2|KCNN3|VPREB3|FCAMR|EPYC|ZBTB32|PPBP|NLRP7|ZNF257|LOC102725526///IGHV4-31///IGHM///IGHG3///IGHG2///IGHG1///IGHA2///IGHA1///IGH|KLHL13|MGST1|SUSD5,0.6850946322187851,0.6550256767704463,0.6927220390289792,0.9949663055732286,0.5728436836149995,0.6333397430762642,0.6663365335798234,0.9918981855067991,0.6255326118199117,0.5927545312267977,0.6973364500130251,0.9866369367751976
909,ARL14|COL9A3|PABPC5|CD74|MAGEA6///MAGEA3|AP3D1|MYOT|IGK///IGKC|MUC16|ABCG5|IGHV1-69|NPY1R|NOL4|COL11A1|TXLNGY|TPSB2,0.29218949550506146,0.47737686727052886,0.6942868057204299,0.9911836901473423,0.0800789844825053,0.40026607765094985,0.617507437490857,0.9709435821122345,0.3729560900668688,0.5908905437203308,0.5707194119950947,0.9847778393022024
910,LOC440864///MSH6|HEPACAM2|GJB6|IGHV1-69|ARL14|RASSF6|FCGR3B///FCGR3A|OVAAL|KDM5D|LINC01297|MAGEA6///MAGEA3|BEX2|GPAT2|EML6|LOC101927811|CXCL6,0.5850137912186923,0.43791147870271907,0.688722288871277,0.9958562411370518,0.6043766059304421,0.5930246601332148,0.7135366855924721,0.9938684134232124,0.6386694561245673,0.5484294577750987,0.6981698111884603,0.9845351280155712
911,LOC101930067|C17orf99|EML6|HIST1H1B|FDCSP|IL17RB|DNAH8|HAGLROS|IGLJ3///CKAP2|TXLNGY|MGST1|MAGEA1|SAXO2|MAGEB2|USP9Y|GOLIM4,0.6447823406088229,0.5630108122319667,0.7382749394230861,0.9964167513225203,0.5185105611498463,0.54120225605505,0.6449122908037739,0.9909347394077663,0.6350608396184076,0.5521045696359229,0.7138763835105034,0.9916744700169509
912,MAL2|ZPBP2|CTAG2|TFPI2|MARCO|LTF|LILRA4|CLIP2|LOC101929272|MMP1|MGST1|MMP7|KCNH8|COL11A1|USP9Y|LGSN,0.6517198880806196,0.5851619194656313,0.7509931738606634,0.9981902559884838,0.5849558817330013,0.5450667727189065,0.6961221205122613,0.9823774002596577,0.5526754600777863,0.6585608408793884,0.719375519838543,0.9752803708354073
913,MGST1|LOC101929141///CCDC144CP///CCDC144B///CCDC144A|KLRC2///KLRC1|SOX8|P2RY12|EPYC|NLRP4|ZNF711|DNAH8|SFRP2|MMP1|GOLIM4|VSIG4|CLIP2|AP3D1|PLA2G2A,0.6406408794118373,0.720429751301431,0.8395208041214268,0.9892160703223107,0.6003538457762498,0.5745467440781757,0.6824055797241783,0.9792062050742564,0.6997647860682592,0.5699579977028899,0.7055067417171952,0.9683202467787121
914,FABP4|DNER|XIST|LOC100653057///CES1|HIST1H3B|LINC01102|USP9Y|MFAP4|SOX8|WISP2|ZNF711|TCL1B|SMC3|TRPM4|IGKV1OR2-108|CHIT1,0.7207642289159447,0.6448039268983876,0.8051413041827018,0.9975103314292166,0.5722302360536637,0.5944965013306107,0.7722017896005277,0.9812664170702865,0.5378998209873341,0.6011659672725014,0.6787923439378651,0.9855566960469562
915,LINC00487|TRPM4|LOC102725526///IGHV4-31///IGHM///IGHG3///IGHG2///IGHG1///IGHA2///IGHA1///IGH|NCKAP5|CTAG1A///CTAG1B|TNFRSF17|LOC102725426///MIR8071-2///MIR8071-1///IGHM///IGHG1|DNER|LILRA4|SPIC|C15orf48|STEAP2|PITX1|COL9A3|CD1C|CLGN,0.7221215666796431,0.7136666851951867,0.7119959760835816,0.9953104461787777,0.6155190405391244,0.6260142030090504,0.6404757641453804,0.9901457197665849,0.6877052061632933,0.7449605336672713,0.7192315083517486,0.9852819840350813
916,LOC101930114|CAMP|TPSB2|LOC101929272|FAR2P3///FAR2P2|SAXO2|MAGEB1|SNX29P1///SNX29P2|STEAP2|PNMAL1|GOLIM4|LOC100134317///LOC284412|CTAG1A///CTAG1B|GPAT2|MMP12|LOC102725526///IGHV4-31///IGHM///IGHG3///IGHG2///IGHG1///IGHA2///IGHA1///IGH,0.4980505274102755,0.5396390059800272,0.6136901412570948,0.9987422620870515,0.3902227154811131,0.47564714107973616,0.6345718105967113,0.9952062765794607,0.47123758294947726,0.5260841294802576,0.6415644065217402,0.9933117018936167
917,C17orf99|PKHD1L1|PCSK1|LOC105372840|PITX1|TFPI2|LYPD6B|TRIM59///IFT80|KRT14|IL17RB|LOC100996809///HLA-DRB5///HLA-DRB4///HLA-DRB3///HLA-DRB1|SACS-AS1|MMP7|LRRN1|CD163|SERPINA9,0.7307975383911741,0.5394243533019384,0.6941400344961997,0.9908592361044039,0.4999972210844163,0.4569080338346325,0.6292664802334618,0.968923558149731,0.5736837187404362,0.5132278644137744,0.6421514541598481,0.9598680757856343
918,CTTNBP2|P2RY12|CCL22|MMP12|KRT6A|COL11A1|TPSB2|LMO2|CLGN|LEP|KRT14|DNAH8|CXCL14|WISP2|CPXM1|PNMAL1,0.6505648186599463,0.671468445028039,0.7441840582652259,0.9924357189011541,0.5858714125359755,0.6556674345180353,0.7019633414865336,0.9865446023254415,0.6774792155073517,0.6387386193942013,0.7494853464634534,0.9812428952554868
919,CAMP|UHMK1|LILRA4|CHIT1|LTF|S100Z|HLF|MAGEA1|ZNF883|BIK|LOC101930415|LOC105372840|VPREB3|HLA-DQA1|RPS4Y1|NPY1R,0.6937551598136966,0.6626852667298414,0.707903550661877,0.9928918038684941,0.492882125913548,0.589957554581563,0.6588449216221387,0.959092945442455,0.6335124465888128,0.631950180620734,0.6827154109193238,0.9794842911394251
920,MATN3|SERPINA9|PSMA8|OVAAL|LOC101927811|LINC01405|FCRL4|SYT17|C4orf22|NLRP7|SFRP4|HMCN1|FDCSP|LOC102725426///MIR8071-2///MIR8071-1///IGHM///IGHG1|MUC16|LOC613266,0.7590197923828288,0.7510999955567901,0.7832003967110606,0.9976002714228065,0.6905255152579995,0.6396934962270686,0.6503660155364173,0.9896240624853985,0.678332907139486,0.6371647096871497,0.6873082808624424,0.9814826892720393
921,SACS-AS1|MATN3|CXCL6|ZNF385B|H2AFB1///H2AFB2///H2AFB3|LHX8|CD1C|SERPINA9|EPHB1|IL17RB|SPRR1B|AQP9|LIN28B|OVAAL|LINC01102|CD74,0.6605688117507752,0.5249327607519689,0.6852360860484928,0.9933397212250179,0.5372300112206202,0.6333187004735554,0.6847802265052864,0.9774327364527421,0.5319203076970406,0.6321272272702163,0.6564712238745988,0.9901011110409929
922,CTAG2|ZNF385B|PABPC5|LOC100130744|CRNDE|XK|KRT13|OVAAL|IL13RA2|ORM2///ORM1|LTF|MMP3|NLRP7|TCL1A|CXCL14|CLGN,0.6239980923928786,0.6527363765999621,0.6791855702303732,0.9920215776199881,0.43923209757350534,0.5577826914557417,0.6765520569021845,0.9763808053500221,0.5304403151004403,0.6070488155397903,0.6358544761083211,0.9847424411321143
923,KCNN3|STAG3|LRRN1|CENPV|CTAG1A///CTAG1B|C3orf67|DAPL1|PSMA8|SOX2-OT|GPM6A|C15orf48|SPIC|LGSN|MMP7|PTPN20|ICOS,0.7091953157151278,0.564402356859253,0.6866162380334688,0.9984472934040459,0.5593240314836925,0.532840273555854,0.6248020736628743,0.9931522995716804,0.6021149431689515,0.5342497137034845,0.6355055986162285,0.9934680357723803
924,AQP9|LOC100134317///LOC284412|ASPN|ASZ1|KLHL13|MMP1|LOC100996809///HLA-DRB5///HLA-DRB4///HLA-DRB3///HLA-DRB1|STXBP6|FAR2P3///FAR2P2|HLA-DQB1|PLA2G2A|LEP|MYOT|LOC101927811|LOC101930114|ZNF883,0.6490045624466154,0.6603146905973247,0.6663616226315411,0.9978879666750959,0.6565586262322187,0.7117102343169048,0.5957611297736773,0.985457320840169,0.5958978858051802,0.5502668244711296,0.6781941513586195,0.9838535951184518
925,MME|MUC16|LOC283454///HRK|GOLIM4|ZYG11A|MAGEB1|DNAH8|NOL4|XIST|HMCN1|AICDA|AP3D1|MARCO|NME8|DAPL1|C7orf57,0.6578351374070158,0.6620096512095317,0.754645610554445,0.9904032629949603,0.4819026486797863,0.5512150174764241,0.6747965526852302,0.9771421046052505,0.5664141087818083,0.5451058300663882,0.6483722977397148,0.9931962042738024
926,S100A8|LOC101927811|FABP4|HPDL|OVAAL|PNMAL1|CPXM1|GTSF1|LOC100653057///CES1|LINC01102|TCL1A|MAGEA9B///MAGEA9|LOC613266|KRT13|CD163|TFPI2,0.7310386862680333,0.6433493650605385,0.7287411724459333,0.9971102383341393,0.5754345073383136,0.5545476737075933,0.7455352019594863,0.9914621536484575,0.6541767047450241,0.629961911967808,0.7390024521553582,0.9865484684619805
927,LGALS2|UMODL1|SOX2-OT|DNAH8|HK3|VPREB3|LINC01405|TXLNGY|CCL22|IL13RA2|FDCSP|CCR10|CD74|ASB5|LOC440864///MSH6|LRP1B,0.629128502456008,0.46362189260538467,0.7025890888270327,0.9962069317290965,0.5638711409762971,0.6557520769503123,0.6005084816130002,0.9872972733229912,0.5004850367360406,0.452727246866506,0.6088028964481584,0.9733834220802805
928,MGST1|TXLNGY|LINC01268|CCL21|TNFRSF17|PTPN20|KDM5D|CLGN|COL9A3|LRRN1|LOC613266|ICOS|TRPM4|CLIP2|LINC00487|EIF1AY,0.8337693183580316,0.6618346079694587,0.7784526334258246,0.9947025988816276,0.8406656214910364,0.6888398494012555,0.8276215526947925,0.993963719903734,0.8427642718425129,0.7610491465202472,0.7313194329376571,0.9907409903743045
929,MAGEB1|LOC102725426///MIR8071-2///MIR8071-1///IGHM///IGHG1|IGHV3-23///IGHV4-31///IGHM///IGHG3///IGHG1///IGHD///IGHA1///IGH|SUSD5|MYOT|KLRC2///KLRC1|KRT14|S100A8|ABCG5|GJB6|ASMT|FCER2|SFRP2|SPINK2|RPS4Y1|MARCO,0.7325814497219466,0.5776929592797982,0.7664320402486048,0.9966737906433962,0.6965692217070704,0.6710297682636501,0.7456960940506265,0.9945338641519497,0.5797496335500136,0.6671610665279404,0.6571835654423849,0.9966787327155594
930,AQP9|ASB5|MAGEA1|ZNF257|CTAG1A///CTAG1B|TRIM59///IFT80|PTPN20|SDR16C5|LINC00877|HLA-DQA1|LOC100134317///LOC284412|HPDL|SPIC|LYPD6B|IGKV1OR2-108|GJB2,0.6745750976081109,0.7256300583362514,0.7819964952925932,0.9969692649557983,0.31673374276870186,0.4659789732841107,0.6683673217253171,0.9884834971094675,0.5343006033179003,0.5257520324019918,0.6560542601478249,0.9823809488226295
931,LOC613266|ASPN|CCDC110|PKHD1L1|HTR3A|LOC100653057///CES1|LINC01268|LOC100996809///HLA-DRB5///HLA-DRB4///HLA-DRB3///HLA-DRB1|STEAP2|CENPV|GTSF1|SOX2-OT|NCKAP5|SUGCT|IL13RA2|CCL17,0.5633603692223156,0.6854451006986306,0.724694155941779,0.994589807256702,0.3347150932378097,0.6593640118369037,0.6248910903195338,0.9831695612847343,0.5028388869347853,0.6243675266935907,0.6875144098770221,0.974464383974673
932,AP3D1|DNAH8|MAGEA6///MAGEA3|C15orf48|FDCSP|LOC100505878|LGALS2|UMODL1|CPXM1|RGS13|SACS-AS1|FCAMR|ARL14|TNFRSF17|PPBP|STEAP2,0.6079162229392222,0.5909803667198907,0.6664639586693548,0.9968992509744011,0.6547046939233693,0.7234006131626816,0.6750709065376725,0.9932390988165571,0.6513819735481161,0.5985986975699578,0.6375243818385172,0.9877285242740422
933,LOC102725526///IGHV4-31///IGHM///IGHG3///IGHG2///IGHG1///IGHA2///IGHA1///IGH|MMP3|ABCG5|OVAAL|CCDC110|S100A8|LIN28B|ZYG11A|TCL1A|TRIM59///IFT80|C7orf57|NLRP4|MT1M|HLF|MYOT|MAGEB1,0.6989326159636632,0.6604159767485293,0.7385328997906995,0.9985152666420252,0.5688203960329423,0.545587772117011,0.718468996897341,0.9939946201697005,0.7026496705711404,0.6498495094269365,0.6886631836961787,0.9945161201739329
934,LOC100134317///LOC284412|KRT14|CD163|TPSB2|LINC01268|SERPINA9|MMP3|IGHD|MAGEA6///MAGEA3|SUGCT|CCL17|EIF1AY|ORM2///ORM1|EML6|LOC613266|WFDC21P,0.6735491409971012,0.5654062712308205,0.7075029301786955,0.9960146062648491,0.5811805069395205,0.5130127111204499,0.6916467220927134,0.9867924115660432,0.5450887522630098,0.623593268441999,0.654529011954412,0.9873709597714195
935,SFRP2|UGT2B17|PXDNL|LOC105372840|IGHD|SOX2-OT|LOC101930067|PSMA8|CLIP2|NLRP11|PNMAL1|OLFM4|MAGEB1|UBASH3A|MAGEA6///MAGEA3|CT45A8///CT45A9///CT45A10///CT45A7///CT45A2///CT45A1///CT45A6///CT45A5///CT45A3,0.5115471509849358,0.49133079133930685,0.6510606572757631,0.9888791968505803,0.2822354260915465,0.39358655472504267,0.615152611676101,0.9983525446816673,0.5472200987475171,0.5177937279973485,0.6406805046537167,0.9871804398096758
936,PRAME|KRT6A|XIST|GJB6|SFTA3|SMC3|KRT14|LINC01405|MARCO|CPXM1|SERPINA9|SFRP2|LOC101929141///CCDC144CP///CCDC144B///CCDC144A|PLA2G2A|MUC16|CETP,0.7032008245874315,0.6344808644696074,0.6743719298658652,0.9967251939469266,0.5785955484026305,0.6450645162628005,0.6952817453029921,0.992951787171622,0.7694144646708964,0.7753635675684033,0.769942580414571,0.995492228543199
937,LILRA4|KLHL13|MYOT|LGALS2|HLA-DQA1|LINC00877|GTSF1|LOC100505878|MMP20|FCRL4|SEC31B|LOC613266|KCNN3|LOC283454///HRK|ZPBP2|PPBP,0.7283646357148588,0.6304340167685247,0.7003367158007088,0.9977886815560538,0.5951940641115365,0.6227619353029781,0.590404895857972,0.9901538448443657,0.6886645344222452,0.6409453848925866,0.6773457556568228,0.987268354304649
938,ZNF883|MGST1|LILRA4|IGHD|MAGEA9B///MAGEA9|MAGEA6///MAGEA3|HPDL|CD1C|CCL17|HIST1H1B|HIST1H3B|RGS13|RSPH1|S100Z|HTR3A|DNER,0.529333538169275,0.5706376993898394,0.6952651372808625,0.9909281379043196,0.5575316612137682,0.6892094775335004,0.7243094747654177,0.9675312396668179,0.6281010631869545,0.6578235829278878,0.7280088544524879,0.9808338939481015
939,CPXM1|DNER|LOC100130744|AICDA|HMCN1|CCL17|HLA-DQB1|VPREB3|MFAP4|MAL2|NOL4|SOX2-OT|LOC102725426///MIR8071-2///MIR8071-1///IGHM///IGHG1|VSIG4|CXCL6|DAPL1,0.5873998928946418,0.4962495650695923,0.7162341470641028,0.9970872693888663,0.49974084519110673,0.5766361390074153,0.6966595228138329,0.9963524190441958,0.598974666263793,0.5172812474277023,0.6616846917758454,0.9917258915881675
940,IGHV3-23///IGHV4-31///IGHM///IGHG3///IGHG1///IGHD///IGHA1///IGH|DAPL1|CTCFL|KCNH8|CT45A8///CT45A9///CT45A10///CT45A7///CT45A2///CT45A1///CT45A6///CT45A5///CT45A3|MMP1|KRT6A|KCCAT333|EPCAM|ZNF257|SYT17|KLRC2///KLRC1|PCSK1|LOC105372840|CD74|HIST1H3B,0.44978595934865906,0.5126067907851337,0.6977896559878357,0.9915871765108163,0.2625494206771311,0.5206634924526097,0.6342537861777144,0.9854868758335715,0.3884858025529277,0.46816400901581895,0.6278726116045324,0.9959026926032306
941,ORM1|VSIG4|CD163|LMO2|PCSK1|S100A8|CAMP|LRRN1|MAL2|MME|CCL20|LRP1B|ZNF385B|PNMAL1|CPXM1|GJB2,0.8864451910029716,0.6682856873830705,0.8298877190205566,0.9976335093820442,0.8029446338541666,0.6048002876739668,0.6986394196198462,0.9886118262060882,0.7813685987462268,0.6177614198009482,0.7100967195177605,0.9867917136183284
942,FAM129C|CTAG2|SAXO2|ZNF385B|ASMT|EIF1AY|P2RY12|LOC101930067|HPDL|PCSK1|C7orf57|LGSN|LOC100134317///LOC284412|UHMK1|MMP7|XK,0.6340144495559505,0.5834002469300352,0.6734742890075722,0.9979923561719135,0.13564570408539153,0.41142539448380405,0.5656394603763574,0.9912184639103185,0.34282615928866034,0.5600672938807387,0.6586311124317707,0.9950342586816201
943,MMP12|NLRP7|CLGN|CT45A8///CT45A9///CT45A10///CT45A7///CT45A2///CT45A1///CT45A6///CT45A5///CT45A3|LOC100130744|FCER2|PNMAL1|PROK2|TPSB2|XK|CENPV|PLA2G2A|LOC100134317///LOC284412|KLHL13|LHX8|FAM111B,0.2628387615469616,0.4323737380906333,0.6431960187710122,0.9967858002283073,0.2583610765506424,0.5504593343905214,0.6305302661687652,0.9880216078514021,0.5660755113549092,0.588689077481101,0.7072776950276659,0.9849631616452571
944,LOC101927811|LINC01268|C17orf99|GTSF1|MMP1|KLRC2///KLRC1|ZNF385B|SUGCT|TRIM59///IFT80|RSPH1|PABPC5|HAGLROS|SERPINA9|MAGEB2|CCL21|LGSN,0.5263667399426974,0.6571132602921407,0.7112438668059184,0.9926983561403413,0.31659864319281616,0.5121834640229188,0.6492685080765614,0.9722800694044209,0.5738935003486265,0.5609789646025883,0.6536411984401983,0.983285162556154
945,FSTL5|IGHV3-23///IGHV4-31///IGHM///IGHG3///IGHG1///IGHD///IGHA1///IGH|ORM2///ORM1|ZNF385B|PABPC5|WFDC21P|SOX8|IL17RB|IL22RA2|NME8|GPAT2|GJB2|LOC613266|CXCL6|MMP7|TPSB2,0.6677274016452968,0.6004735582165006,0.6610529062771161,0.9971795548700383,0.5084757868453754,0.44859381560328526,0.6981365487902669,0.9817542049410646,0.5707118213359934,0.6631294608592355,0.6729091961220758,0.9734527782706589
946,FAM167A-AS1|KCCAT333|EYA2|LINC01102|CTAG2|IGHV1-69|TNFRSF17|FAM30A|LOC101930415|C17orf99|MAGEA9B///MAGEA9|ICOS|BEX2|UMODL1|SOX2-OT|FAR2P3///FAR2P2,0.5745122866045971,0.6441597619896774,0.6431068497086909,0.9981507012854635,0.5594737377849013,0.7032797082926214,0.7462826297133127,0.9949581083187513,0.5911814373646957,0.6427146536671461,0.6425135498170247,0.9974142152104964
947,ARL14|IGLJ3///IGLV1-44///CKAP2///IGLV@///IGLC1|CLGN|LMO2|LOC101929272|USP9Y|FCGR3B///FCGR3A|XK|HTR3A|CD163|CRNDE|EPCAM|FCER2|LOC101927811|NLRP7|VPREB3,0.8353059900995264,0.6810037843599126,0.7505854070953202,0.9976741382408874,0.8055415812894348,0.7754815932246226,0.722902723099949,0.9866856854604598,0.7514688368089749,0.6719378790625752,0.6803092481227753,0.9793716218779366
948,DNER|GPM6A|LRRN1|MAGEA9B///MAGEA9|CT45A8///CT45A9///CT45A10///CT45A7///CT45A2///CT45A1///CT45A6///CT45A5///CT45A3|EPHA4|LOC613266|HIST1H3B|RAB25|HIST1H1B|PRAME|MIS18BP1|EML6|ICOS|CCDC110|KCCAT333,0.6253145329629165,0.8100267001748475,0.7390531206699866,0.9940190074782921,0.5122217020957794,0.6538054667771679,0.7414152310034586,0.9783796421761659,0.6768539480982002,0.6928224805959318,0.6888380045411719,0.9874488309027893
949,CILP|MARCO|MAGEB1|GPM6A|ASPN|SOX8|UHMK1|HLF|LOC100505878|GJB6|LRRN1|JCHAIN|VSIG4|KCCAT333|MAGEA1|HIST1H3B,0.5034698293652896,0.5568463742338268,0.6889680597333,0.9950759549337452,0.4937498912592372,0.5745580495778513,0.6818964234829454,0.9874441761350852,0.48976312212232226,0.7131001945774158,0.7317072261339954,0.9925130957614923
950,STEAP2|LYPD6B|ZIC2|LOC100130744|LGSN|TCL1A|UHMK1|CCDC110|CT45A8///CT45A9///CT45A10///CT45A7///CT45A2///CT45A1///CT45A6///CT45A5///CT45A3|KCNH8|LOC100509457///HLA-DQA1|LOC105372840|LINC01297|RASSF6|CILP|MUC16,0.5331576322844833,0.5594818057774588,0.693355820914402,0.9957532082764313,0.4795802021333793,0.6677887169028649,0.6981440195610312,0.9828332753652179,0.49376539718751516,0.6252363280239606,0.6624779368851725,0.9851864488923023
951,MMP20|CXCL6|SEC31B|WFDC21P|ORM1|HEPACAM2|ZNF883|LOC613266|RPS4Y1|LGSN|ZNF711|CTCFL|TPSB2|MFAP4|S100Z|ABCG5,0.6062874956737719,0.6251603236406094,0.6756279629557909,0.9989465129631275,0.46290399368510776,0.5493631736366553,0.5829805467092065,0.9945383713959346,0.4888976113707927,0.7085492366004185,0.6179983038338517,0.9934616848064168
952,EIF1AY|EPCAM|BIK|CCL21|HIST1H1B|LOC102724689|CCL22|LGSN|C17orf99|TFPI2|PTPN20|LINC01021|PXDNL|CXCL14|ZNF883|LINC00487,0.5821285310815866,0.6093157555266134,0.6869858472538087,0.9959210825602584,0.49734858316469394,0.4960558749351678,0.715393580135201,0.9940025041788387,0.634988699404053,0.6736246830944177,0.6901704165343684,0.9821321009177174
953,H2AFB1///H2AFB2///H2AFB3|ICOS|LINC01297|FCER2|HLA-DQA1|KLHL13|PKHD1L1|CCL21|LILRA3|EML6|ASB5|EYA2|JCHAIN|LOC102725426///MIR8071-2///MIR8071-1///IGHM///IGHG1|MUC16|SYT17,0.7124678480495915,0.6261645612587176,0.7091313127860712,0.9971570623313821,0.6881953960485417,0.6599645425113525,0.7255239603237114,0.9938445156861977,0.6871263815315577,0.6734240413268138,0.6793353645126299,0.9875960601450151
954,CCL20|LOC101929272|HTR3A|SPINK2|MAGEA6///MAGEA3|KLHL13|KCNN3|RSPH1|PSMA8|WFDC21P|SEC31B|LRRN1|VPREB3|SCARA5|KDM5D|BEX2,0.7051874356976874,0.5078697424523599,0.7530282124204306,0.9990607839004726,0.5493298552386228,0.3838831695240414,0.5881859518887085,0.9867137011731005,0.5005240638659257,0.43459762940871355,0.6089454914611765,0.9900753602503676
955,CENPV|LYPD6B|MYOCD|IL17RB|UHMK1|UGT2B17|CPXM1|BIK|ZYG11A|MYOT|SERPINA9|HLA-DQA1|RGS13|EYA2|AP3D1|SOX8,0.7251570441773317,0.7860657791358496,0.7248136516188335,0.9942408863682124,0.5762826100041583,0.7351040433750136,0.7394574853508032,0.9775250005960124,0.6042539811974851,0.7991235520464754,0.7372117424992841,0.9900050696608164
956,MAGEB1|UBASH3A|CD163|GPAT2|CT45A8///CT45A9///CT45A10///CT45A7///CT45A2///CT45A1///CT45A6///CT45A5///CT45A3|SUSD5|LINC01102|LOC100653057///CES1|LINC01405|HMCN1|RASSF6|ZYG11A|PRAME|SEC31B|OLFM4|MMP7,0.5974575295279534,0.6744576130568206,0.7037074841787961,0.998430157268591,0.4558669735944914,0.556310346388913,0.658351731868402,0.9893651878383511,0.5155559298080035,0.6408048570262597,0.6716616597175435,0.983935911359943
957,HEPACAM2|KCNH8|CCDC110|NCKAP5|ORM2///ORM1|CTCFL|RAB25|MUC16|IGK///IGKC|CHIT1|KRT6A|CILP|CCL17|ICOS|LOC440864///MSH6|LINC01102,0.6851521713486729,0.699273071753023,0.7899761295259113,0.9975950669890901,0.4592328615459698,0.4180686062254572,0.664004614459351,0.9918952256615293,0.5393610800054914,0.5413041121013533,0.6866531189854956,0.9857779727049443
958,IL17RB|C1QA|LTF|STEAP2|MAGEA6|CPXM1|KRT14|ORM1|KRT5|FAR2P3///FAR2P2|WFDC21P|PCSK1|KCCAT333|SPRR1B|TRIM59///IFT80|TNFRSF17,0.5871739681966645,0.6996211027362547,0.7101568670314049,0.9973420725820384,0.5673607094492055,0.6636103191302971,0.6714687590605259,0.9851929117425342,0.769961715842767,0.6686217501667968,0.7402819111512856,0.990455174289013
959,LOC100134317///LOC284412|LOC102724689|KRT5|RPS4Y1|FCRL4|CPXM1|MAGEB2|LINC00487|MAL2|GJB2|LINC01268|MARCO|HPDL|LHX8|ZNF711|MAGEB1,0.6387319255267838,0.5393871341036882,0.7521685043397978,0.9990166545584416,0.5855122624646942,0.5833921449523121,0.7390902390876697,0.9983412382078919,0.5707129507745365,0.5564501756911903,0.8045788847432517,0.9968141128986855
960,ZNF711|NLRP11|GPM6A|LOC101930114|RSPH1|PDGFRL|SUGCT|C17orf99|UGT2B17|HLF|MARCO|UMODL1|NLRP4|HLA-DQB1|LOC102724689|MAGEA1,0.7361072184693678,0.49719393420044883,0.6571922102897705,0.9966217107230371,0.6813901132457224,0.5749101697529022,0.6422367297809439,0.9943391842526178,0.6884622134572992,0.546233262216773,0.5850758114437382,0.9874667760983153
961,ZYG11A|LOC100130744|XIST|KRT5|KDM5D|LINC01297|RAB25|PLA2G2A|EPCAM|IGHV3-23///IGHV4-31///IGHM///IGHG3///IGHG1///IGHD///IGHA1///IGH|CTTNBP2|MARCO|LOC100505878|ORM1|TFPI2|LYPD6B,0.6268538026487881,0.6458982199259178,0.7193697151661802,0.9948668770466463,0.5972104220590221,0.5188095775541083,0.6550132993307338,0.9870767731700689,0.6257178794057386,0.4847358858704244,0.6821258222427775,0.9934292403310326
962,STAG3|SPINK2|PXDNL|GOLIM4|RSPH1|GPAT2|AP3D1|ZPBP2|STEAP2|ORM1|MATN3|TRIM59///IFT80|FAR2P3///FAR2P2|LINC01021|SMC3|MARCO,0.6948248344808571,0.6665864818281968,0.8020701115212887,0.9541031968528969,0.5681852485876819,0.6809910344915935,0.7366081232762213,0.9381184926257339,0.7383081831954681,0.6921678827289023,0.806634138389156,0.9813824367570739
963,IGHD|LTF|SPRR1B|CCDC110|CRNDE|ICOS|FAM111B|C17orf99|S100Z|EPHB1|GJB2|BEX2|UBASH3A|DNAH8|CCL21|HMCN1,0.6041868471680367,0.5479281814784287,0.7454894149093215,0.9922641516009385,0.5588207601313223,0.5801985281267195,0.6973354460253893,0.9802703352424738,0.6666375931176125,0.6265014109963033,0.7138853809757377,0.962289556975323
964,FAM111B|CCL22|MAGEA6|HPDL|KRT14|LOC105375172|FCRL4|LOC613266|MMP7|LOC100505878|IGLJ3///IGLV1-44///CKAP2///IGLV@///IGLC1|MAGEB2|LGSN|SFRP4|STEAP2|HAGLROS,0.5526599230005081,0.6308614620858615,0.7054720324730399,0.9974418571593889,0.49138262614312384,0.5722979065652525,0.6921109122438417,0.9924535713154544,0.41900159212352167,0.6013595236180365,0.6314012024961138,0.9921285819029035
965,MME|LOC283454///HRK|VSIG4|KCNK12|XIST|BEX2|STAG3|LOC101930415|HAGLROS|PTPN20|TPSB2|VPREB3|LILRA4|TRPM4|PXDNL|FCGR3B///FCGR3A,0.8627930655943691,0.6210278247751995,0.7428320102116717,0.9975454156887286,0.6519890353612822,0.5175528367207846,0.5978762312324253,0.9729219697416048,0.6702922773417141,0.6529485466888654,0.6476559022678029,0.979200359423722
966,MARCO|MATN3|C12orf77|ORM2///ORM1|CXCL6|GJB2|S100A8|NCKAP5|ORM1|NMU|AQP9|LINC01021|GPM6A|NME8|SPRR1B|NOL4,0.8986477446969406,0.6268308960241358,0.9025364187981422,0.9987386495365614,0.7976263233316628,0.6995325167907875,0.8089825117758158,0.9766623427623009,0.7814556026604441,0.5762106781066425,0.7990566072225898,0.9723599301622896
967,NMU|HIST1H1B|CT45A8///CT45A9///CT45A10///CT45A7///CT45A2///CT45A1///CT45A6///CT45A5///CT45A3|ORM2///ORM1|ASZ1|SPRR1B|HSF5|DNER|KRT14|LOC100134317///LOC284412|LMO2|MUC16|EPYC|ZBTB32|SERPINA9|IGHD,0.7069036911198565,0.5242857532655351,0.7443545584213218,0.9928811072514906,0.5489294783317771,0.4948259750725269,0.6345310424070859,0.9863438357744293,0.6907175020128765,0.5944819117111173,0.6826944574419394,0.9886668322327474
968,AQP9|MAGEA6|NMU|LOC100134317///LOC284412|XK|SEC31B|PLA2G2A|CTCFL|ZNF257|CILP|MMP3|CCL20|SPIC|MMP7|CCL22|VPREB3,0.7097067921195039,0.5840227792462482,0.7529393700062372,0.9961830072046897,0.5913830686636393,0.6490995622597989,0.6696030627735792,0.9869353526883189,0.6903133359860467,0.618498544600983,0.757362390269868,0.9813271272334445
969,SEC31B|CD74|CTAG1A///CTAG1B|BEX2|TRPM4|CENPV|LEP|DAPL1|LOC102725426///MIR8071-2///MIR8071-1///IGHM///IGHG1|HLA-DQB1|LRRN1|XIST|HEPACAM2|LINC01102|LOC100996809///HLA-DRB5///HLA-DRB4///HLA-DRB3///HLA-DRB1|CD1C,0.6553806054196409,0.6542540147512805,0.7096925290936885,0.9983635083251953,0.546405464094284,0.55971595997445,0.6065544282740869,0.9895009449717646,0.568471190852911,0.4883520649627474,0.5899623850932529,0.9926027752293008
970,HMCN1|LOC283454///HRK|PRAME|AP3D1|HLA-DQA1|CD163|NLRP7|CILP|SPIC|FCRL4|SOX2-OT|TRIM59///IFT80|ZNF257|USP9Y|TCL1A|C12orf77,0.6181758050540702,0.734825925580328,0.7237496516304955,0.9971500243873601,0.551333524048499,0.5399886807104445,0.7489197605610038,0.9858243572159134,0.676556948503034,0.576589575278298,0.8322906929018002,0.9906574548819439
971,LINC01102|LOC102724689|CT45A8///CT45A9///CT45A10///CT45A7///CT45A2///CT45A1///CT45A6///CT45A5///CT45A3|EPCAM|PTPN20|SPIC|C17orf99|ASMT|NLRP11|SFRP2|IGHD|H2AFB1///H2AFB2///H2AFB3|MMP1|ARL14|SUSD5|S100A8,0.5991274788542393,0.5768596447758628,0.7059079150806314,0.9966584031740269,0.4946938247346509,0.48802590281038405,0.6946061473194194,0.9886094776754843,0.48471542693765135,0.5858691761484436,0.6804975457376103,0.981749835369877
972,EPYC|SOX8|KCNK12|MMP12|MYOCD|CT45A8///CT45A9///CT45A10///CT45A7///CT45A2///CT45A1///CT45A6///CT45A5///CT45A3|TNFRSF17|IGHD|CD1C|MAGEA6///MAGEA3|CLIP2|VPREB3|LOC102724689|LINC01268|SMC3|LOC101930415,0.5264541442617033,0.6681984002401749,0.6322589803330982,0.9880724109271403,0.5119773675117331,0.5393260412807344,0.6287953931150116,0.9623576562109133,0.48579170148954337,0.5385687743000471,0.647130279632391,0.9846256986007754
973,CTTNBP2|FAM167A-AS1|ZPBP2|C3orf67|HLA-DQA1|MAGEB1|HLA-DQB1|JCHAIN|UGT2B17|GOLIM4|LOC100509457///HLA-DQA1|CD163|EPCAM|PXDNL|ICOS|SFRP2,0.7591865466058326,0.6316278862893506,0.7285994722740509,0.9942986613506776,0.7398706019662182,0.5864618825581333,0.7747860701219971,0.9950819828659118,0.8599573265203647,0.8493719165189318,0.8315628194331959,0.9965215724311222
974,MT1M|PRAME|CLGN|CCDC110|SOX2-OT|LOC102724689|C12orf77|EPCAM|RSPH1|PKHD1L1|CD1C|CT45A8///CT45A9///CT45A10///CT45A7///CT45A2///CT45A1///CT45A6///CT45A5///CT45A3|MAGEA1|RPS4Y1|UBASH3A|WFDC21P,0.6623432426776142,0.7315184677437716,0.7513349213171958,0.9979476652834088,0.477833757353567,0.5380682317979857,0.6590044940472014,0.9919102813240244,0.6191459885356156,0.5347684036695185,0.6979361079185183,0.9871326776435162
975,ICOS|EPHB1|FAM129C|PXDNL|LOC101929272|UMODL1|IGHV1-69|NME8|CD1C|SFTA3|LIN28B|GPM6A|LOC100509457///HLA-DQA1|LRP1B|CD74|SEC31B,0.6411760640689406,0.6388692065241894,0.7215431475402461,0.9926830986884165,0.5576216766575428,0.6016910303351568,0.633351698773662,0.9723708172043755,0.7374287458250914,0.6905779761620121,0.7177978355997365,0.9871416445228676
976,PLA2G2A|ICOS|SOX2-OT|STEAP2|SACS-AS1|KRT5|TRIM59///IFT80|CCL17|LINC00487|CRNDE|LRRN1|CTAG1A///CTAG1B|SFRP4|LGSN|MAGEB2|HK3,0.6952621686432322,0.6677482450965304,0.7260703111718061,0.997268911491856,0.610654512860446,0.6361315981317396,0.7115186342115459,0.9908086778006421,0.6527099974760026,0.6733411940946836,0.70594923862277,0.98853024126587
977,ZBTB32|LINC00877|PKHD1L1|LOC101930114|FAM129C|LINC00487|LGSN|HPDL|IGLJ3///IGLV1-44///CKAP2///IGLV@///IGLC1|SYT17|NLRP7|CPXM1|CENPV|FSTL5|FABP4|MFAP4,0.8243749464061003,0.6762047468413008,0.700806100195794,0.9975995575422313,0.7304410523981089,0.6381624781813541,0.6579948116905561,0.9719281046123155,0.7348672759992474,0.5020147177138733,0.7418321869092085,0.9772950734578201
978,FAM129C|TFPI2|KCNH8|FCRL4|MT1M|GJB6|FABP4|ORM2///ORM1|LINC01297|MMP12|FSTL5|SFRP2|MATN3|MAGEA6///MAGEA3|LOC101930114|GPAT2,0.705723556829241,0.6597372914450814,0.7573624495888277,0.9972588476927687,0.6404687453288059,0.6701797495571409,0.7220184158155174,0.9794605502459396,0.6803641344680041,0.6995132563645002,0.7114239841872173,0.9851233682232565
979,IGK///IGKC|EYA2|LOC101927811|GOLIM4|SDR16C5|SOX2-OT|LRRN1|TPSB2|CCDC110|LOC440864///MSH6|ZNF385B|MMP20|LINC00877|HPDL|TCL1B|MATN3,0.5848805976311533,0.5618501580964124,0.6816903648698835,0.9939577379710817,0.30436172819436,0.4985169899771471,0.5944156371566764,0.9812730805839499,0.4276790048167185,0.4949168010568087,0.5954986814581137,0.9887437936536081
980,ASPN|LINC00487|FDCSP|KRT13|PABPC5|MAL2|OLFM4|MAGEA1|LOC100653057///CES1|LOC102724689|TFPI2|SEC31B|NLRP4|AP3D1|FCRL4|AQP9,0.5161256185602582,0.6804918373054754,0.6502258995331889,0.9906204944998118,0.2954652988879429,0.5792749882809838,0.5999000769869507,0.9737542800029031,0.5205205359576307,0.5914898091713552,0.6741780846318164,0.9870492835118648
981,KCCAT333|LHX8|TCL1A|UBASH3A|TNFRSF17|FCRL4|S100A8|TPSB2|C7orf57|SYT17|MAGEB2|LINC01405|NCKAP5|USP9Y|C4orf22|LOC100505878,0.47428841934209987,0.6030188146954119,0.6723097620449394,0.9981604789540581,0.5721847966795891,0.5728508213543233,0.766410098110847,0.9950686339221232,0.48959087617038866,0.6567667129526187,0.5418790492034831,0.9925440804440406
982,CD163|IL22RA2|SPRR1B|CAMP|FABP4|ZIC2|IGHV3-23///IGHV4-31///IGHM///IGHG3///IGHG1///IGHD///IGHA1///IGH|PXDNL|MMP7|SFRP2|LINC01405|ASZ1|USP9Y|RAB25|CCL22|SOX8,0.6581292171697234,0.6549584976442495,0.7007856969236488,0.9986271230259397,0.5691870493569632,0.586712450376123,0.6571169369009346,0.9928544273636634,0.4873281179233561,0.4949755733107869,0.5626460016114538,0.9886797152323121
983,DAPL1|KRT14|AP3D1|GPAT2|CCDC110|GOLIM4|FSTL5|ASPN|LOC101927811|STAG3|FCAMR|PKHD1L1|C4orf22|EPCAM|ARL14|PSMA8,0.546007924551637,0.6050067370265475,0.7072656407315071,0.9963171554259089,0.5264651843091656,0.6239784858292394,0.6533860808543708,0.9624372872424622,0.5481340388419573,0.46497603795401865,0.6915394818533219,0.9771676628647727
984,HPDL|RAB25|LOC102725526///IGHV4-31///IGHM///IGHG3///IGHG2///IGHG1///IGHA2///IGHA1///IGH|ASPN|LOC100509457///HLA-DQA1|HIST1H1B|LOC101930415|COL9A3|NOL4|ZBTB32|KCNN3|CCL17|SPIC|PXDNL|VPREB3|SOX8,0.5155617217709874,0.44954640379540345,0.6750536811481946,0.9904981815850844,0.43467979220593084,0.4045147625426498,0.6296794227241347,0.9583815128562453,0.541417825005222,0.5810898033610461,0.5851227448433671,0.9860627645386131
985,SPINK2|FAM111B|C12orf77|GOLIM4|PROK2|MT1M|ABCG5|LOC283454///HRK|CXCL6|KCCAT333|IGLJ3///IGLV1-44///CKAP2///IGLV@///IGLC1|UHMK1|ZNF257|BIK|PCSK1|EIF1AY,0.7456345427567357,0.689785611209369,0.7388644531540836,0.9846848601957491,0.32802363391477674,0.4281639654317464,0.6866070575223422,0.9523460518323775,0.5556630477244405,0.5857024185592903,0.6863916516473454,0.9866905628962137
986,MMP1|CTAG2|COL11A1|PLA2G2A|RASSF6|FAM111B|ZNF883|KDM5D|UBASH3A|ZBTB32|MAGEB1|HLF|LINC01102|LOC105375172|ABCG5|VSIG4,0.6558526051545832,0.6575945927859637,0.7560298283613964,0.997700891136535,0.5907341872913615,0.6519947314387249,0.6585753365817775,0.9934818799394348,0.6169696109348023,0.609213767508037,0.6664177490646068,0.9930799373593913
987,ZPBP2|UHMK1|SFTA3|CTTNBP2|H2AFB1///H2AFB2///H2AFB3|GJB2|LOC102724689|FAM30A|SPRR1B|SFRP4|NPY1R|P2RY12|C3orf67|LOC102725526///IGHV4-31///IGHM///IGHG3///IGHG2///IGHG1///IGHA2///IGHA1///IGH|HPDL|CLGN,0.5424113632946145,0.5368515440514278,0.7233892179864627,0.9845620774780774,0.3739406997480617,0.4987618531398381,0.6762145315583219,0.9701433339425818,0.5206384710973126,0.5818925954283296,0.6975411202736197,0.995937210164298
988,SUSD5|C4orf22|MMP12|MARCO|LOC101930067|LRRN1|NME8|HAGLROS|UHMK1|MFAP4|LINC00877|GPM6A|S100A8|PRAME|FAM167A-AS1|LOC101930415,0.7080330041881449,0.7673883815109166,0.6851022956909069,0.9910569728452391,0.36303222727628,0.4945485964629517,0.6906052023663939,0.9808713820004338,0.4741758344661155,0.6161811846727333,0.6782638045195444,0.9911829091100098
989,S100A8|OVAAL|CLIP2|FAM111B|CT45A8///CT45A9///CT45A10///CT45A7///CT45A2///CT45A1///CT45A6///CT45A5///CT45A3|KDM5D|PKHD1L1|LOC613266|GPAT2|LINC01021|AQP9|RNF183|SYT17|ASZ1|MAL2|BIK,0.6256934510049793,0.5621712158424246,0.6694651095417892,0.9976451918618796,0.6392600586156286,0.5422737353866373,0.7306627204024061,0.992356856569332,0.6947217018772258,0.6079235459677714,0.6389083150584882,0.9891153567223453
990,CETP|ZYG11A|WISP2|OVAAL|ASB5|MARCO|IL17RB|COL9A3|IGLJ3///CKAP2|JCHAIN|UGT2B17|RSPH1|S100A8|ORM2///ORM1|STXBP6|LINC01405,0.6937460131136864,0.5451849917767508,0.7305045552620288,0.9939501676994748,0.6395317615859285,0.5264685421403748,0.6292020183361874,0.9830311371061083,0.44262317122599243,0.456865226085041,0.5671239319783148,0.9701374766608627
991,AICDA|EYA2|RPS4Y1|SDR16C5|LOC101929272|COL9A3|GOLIM4|UBASH3A|OVAAL|CXCL6|PKHD1L1|MFAP4|IGHD|FCGR3B///FCGR3A|ZNF257|COL11A1,0.5677828463496652,0.5736586418845195,0.7292464748480225,0.9876577131135704,0.47194497633533206,0.5641051767598495,0.710469075176555,0.9886340409761354,0.5901276174131405,0.6526661984262753,0.7063139878152067,0.9941691811798391
992,IGHV1-69|HK3|HPDL|GPAT2|ASPN|LRP1B|H2AFB1///H2AFB2///H2AFB3|EPCAM|IGLJ3///IGLV1-44///CKAP2///IGLV@///IGLC1|STXBP6|CCR10|IGLJ3///CKAP2|GOLIM4|XIST|IGK///IGKC|RPS4Y1,0.8157485535674164,0.6669315975005256,0.7803202822211117,0.9923283042162734,0.7254707004365417,0.6874074110171482,0.7430803048493805,0.9863917434456403,0.6928896733901473,0.6055482281572115,0.7793117740511586,0.9789353474988097
993,IGHD|GPAT2|RSPH1|ASB5|IGK///IGKC|ASZ1|UBASH3A|FAM129C|MARCO|C7orf57|NLRP7|PTPN20|ABCG5|KRT14|EML6|ZYG11A,0.6266484585423197,0.6158910767943108,0.6771358860822456,0.9958461122842105,0.5433949473204585,0.6615679285951863,0.6433657674149198,0.9945560556546967,0.5783439691813625,0.6223170456493274,0.7009670609604508,0.9864769877581532
994,ZNF257|NCKAP5|RSPH1|MMP3|LINC01102|CHIT1|STAG3|STXBP6|ZPBP2|S100Z|PITX1|DNER|GPAT2|TXLNGY|CCL21|FCRL4,0.8019750131774954,0.5861158083879988,0.7323674089253831,0.9969517208559256,0.663559714886626,0.4800067325680472,0.6252321043830396,0.9915992416937253,0.6769382160623912,0.4594652631928185,0.6512178563382993,0.9848137385206024
995,CD163|RASSF6|SUGCT|HAGLROS|LOC101929272|HK3|GOLIM4|KLRC2///KLRC1|KDM5D|PKHD1L1|KRT5|MARCO|CCL21|COL11A1|LRRN1|S100A8,0.8067891432457184,0.6939081969321996,0.752618437231695,0.9929220459861853,0.6460343590515156,0.6145074507199539,0.6598889689996351,0.972018785997423,0.7759058865263956,0.6606272058998208,0.6927261701957765,0.9640422801025742
996,RPS4Y1|SUSD5|KRT13|CT45A8///CT45A9///CT45A10///CT45A7///CT45A2///CT45A1///CT45A6///CT45A5///CT45A3|VPREB3|RNF183|HK3|KCNH8|PNMAL1|CCL22|LOC100653057///CES1|GPAT2|ARL14|PRAME|DAPL1|BEX2,0.6649651996742421,0.611322765264953,0.7560535934017685,0.9961060194283061,0.48387526825073834,0.500632744830214,0.663596059369703,0.9883582950805982,0.5632520121983959,0.5829984470992797,0.6609356148864525,0.9759282504189799
997,SFRP4|LTF|CCL22|LOC101930415|HMCN1|SCARA5|LOC105372840|FCAMR|SDR16C5|UBASH3A|SPIC|USP9Y|LEP|CD74|LOC613266|LINC00487,0.6407995390571344,0.5994414401557129,0.7562047305742866,0.9981271132388662,0.4384153438115447,0.5355131181376063,0.6802292898726471,0.974160212535792,0.7480151298088039,0.7437973085277212,0.7420606541100574,0.9809458904445029
998,MMP20|XK|FCAMR|PXDNL|FCGR3B///FCGR3A|EML6|HTR3A|LOC613266|LGSN|PNMAL1|RASSF6|ASB5|TNFRSF17|HMCN1|LINC00877|DNAH8,0.7589755084324779,0.5667209252013399,0.71170905242143,0.9911705117020829,0.719169433596715,0.5965109112197755,0.7897544252789284,0.9984419434399158,0.7722987200225865,0.7716637001402498,0.7335850924725479,0.9903254324064894
999,H2AFB1///H2AFB2///H2AFB3|PDGFRL|OVAAL|C7orf57|EPYC|DAPL1|ZNF257|VPREB3|NPY1R|LOC100505878|NLRP11|EPHB1|LOC101929141///CCDC144CP///CCDC144B///CCDC144A|LOC102724689|HLF|FDCSP,0.7090113014360971,0.7272745423332033,0.7340846883739351,0.9968775678741726,0.4480985145552266,0.5400618280593925,0.6147539289156903,0.962188673327639,0.4735770585858846,0.5449214885761904,0.6636139839264414,0.9619800728836688
1000,LYPD6B|UMODL1|CTAG1A///CTAG1B|KCNK12|CXCL14|GPAT2|LIN28B|IGKV1OR2-108|LRP1B|ZNF257|SOX2-OT|XK|PXDNL|FCAMR|ZNF711|KRT13,0.6704323238632096,0.5616644708140647,0.6324355310491158,0.9951756303100862,0.5410902059657724,0.5956848478713592,0.6003311387802636,0.9894511031032966,0.5605425914837397,0.6389736902080039,0.6987854096750299,0.9850619469251983
