resample,n_samples,n_gcb,n_abc,overlap_fraction_with_frozen16,panel,null_panel,coupling_mean,coupling_median,coupling_max,topP_abs_fraction
0,280,146,134,0.25,KRT6A|LOC283454///HRK|ZNF711|DNAH8|FCER2|NMU|BIK|MMP3|DNER|KCCAT333|CENPV|UMODL1|JCHAIN|FAR2P3///FAR2P2|MUC16|LYPD6B,FCRL4|NTS|CTAG2|PSMA8|HMGN2P46|TXLNGY|CCR10|CEP290|CILP|GPM6A|LRP1B|ZNF876P|PKHD1L1|MT1M|PTPN20|AICDA,0.05826922227662716,0.05694344449796061,0.10991232680313337,0.39082050159562787
1,280,146,134,0.1875,UMODL1|CCL17|KRT5|RPS4Y1|MMP20|SOST|NOL4|PRAME|RGS13|LOC101929272|AICDA|EIF1AY|XIST|TXLNGY|HTR3A|MMP3,C2CD4A|LYPD6B|HLF|LINC01527|IGHV3-23///IGHV4-31///IGHM///IGHG3///IGHG1///IGHD///IGHA1///IGH|C7orf57|TRIM59///IFT80|KCNH8|FAR2P3///FAR2P2|STEAP2|GTSF1|CCL22|COL10A1|CLIP2|LOC105375172|MAGEA6///MAGEA3,0.058274229150178936,0.05642728928104271,0.10954711211701289,0.4211852040333385
2,280,146,134,0.375,DNAH8|LOC283454///HRK|TCL1B|UMODL1|MYH1|NCKAP5|MYOCD|C4orf22|MMP20|KRT14|BTBD16|SPRR1B|SPIC|C3orf67|AICDA|HLF,CYS1|IGLJ3///CKAP2|IL12B|SNX29P1///SNX29P2|UMODL1|SULF1|H2AFB1///H2AFB2///H2AFB3|SCARA5|LTF|ZNF385B|NMU|MYH1|MATN3|KRT14|LOC100130744|NLRP11,0.05826403956934141,0.05574026330192365,0.11705869415155705,0.4058608199756108
3,280,146,134,0.25,DNER|MMP12|MAGEA6///MAGEA3|LOC105375172|EPHB1|MYOCD|BTBD16|CSRP3|TCL1A|FCRL4|CENPV|RASSF6|MUC16|UMODL1|PLA2G2D|UBASH3A,NLRP11|P2RY12|COL9A3|ZYG11A|STEAP2|MARCO|IGLJ3///CKAP2|COL11A1|SFRP2|ZNF711|LRRN1|PCSK1|PLA2G2D|RGS13|GOLIM4|MT1M,0.058295820861148935,0.05547590548246222,0.09532734619346893,0.4101583025648077
4,280,146,134,0.375,TCL1A|ARNT2|MYOCD|LOC101930067|SNX29P1///SNX29P2|HAGLROS|LOC283454///HRK|TCL1B|LOC100506405|DNER|NLRP11|SH3GL2|NPIPA5///NPIPB6///NPIPB8///NPIPB3|IGHD|BEX2|HLF,IGK///IGKC|HLA-DQB1|MAMDC4|MFAP4|ICOS|LOC440864///MSH6|MIS18BP1|TNFRSF17|NLRP11|CPLX1|UBASH3A|OVAAL|CTTNBP2|PDGFRL|RPS4Y1|FAM30A,0.05829908522028529,0.057757915339704556,0.10153111271097673,0.39151782036369176
5,280,146,134,0.25,PDZRN4|MMP20|LOC613266|ZNF711|PROK2|BIK|ZNF385B|FSTL5|MYOCD|HTR3A|KCCAT333|HEPACAM2|SYT17|EML6|LOC101928173|HBB,LEP|SOX2-OT|PDZRN4|RGL4|SACS-AS1|COMP|CD74|MT1M|LINC00877|ABCG5|PROK2|MAGEA1|LINC01021|SPINK2|LILRA3|EPCAM,0.05826579869674024,0.05701254157077674,0.10397275514251106,0.3849877614068233
6,280,146,134,0.25,RGS13|UMODL1|HEPACAM2|MUC16|IGHD|TCL1A|DNER|JCHAIN|LINC00996|KCNN3|IL12B|LOC613266|DNAH8|NMU|MT1M|CENPV,LINC00487|CTAG1A///CTAG1B|GOLIM4|ANKRD36BP2|LIN28B|C17orf99|LINC01021|EPYC|FAM30A|MMP20|LOC440864///MSH6|HIST1H1B|COMP|CAMP|LOC100130744|CRNDE,0.05829908660967713,0.05689127051575554,0.10440473581099065,0.39838413815607554
7,280,146,134,0.25,UMODL1|MMP20|UGT2B17|MMP12|LIN28B|LOC105375172|LYPD6B|MLC1|KCCAT333|NLRP7|RGS13|MMP13|ZNF711|CSAG2///CSAG3|SACS-AS1|PROK2,DNER|TCL1A|NPY1R|RNF183|C1QA|CD1C|LOC102725426///MIR8071-2///MIR8071-1///IGHM///IGHG1|PITX1|ZYG11A|TFPI2|XIST|MLC1|SFRP2|CTAG2|HAGLROS|GPAT2,0.05825492403722192,0.05776976984068401,0.12146598640824027,0.3912694088194789
8,280,146,134,0.3125,LOC613266|KCCAT333|MYBPC1|UGT2B17|PROK2|DNAH8|CCL21|MYOCD|UMODL1|EYA2|IGKV1OR2-108|TCL1A|ASZ1|DHRS9|GPM6A|MMP20,CCL22|LOC101929141///CCDC144CP///CCDC144B///CCDC144A|MT1M|TXLNGY|IGHD|BEX2|LOC283454///HRK|MFAP4|CRYBA4|DAPL1|EYA2|UGT2B17|HTN3|MME|AICDA|SDR16C5,0.0582901524435069,0.05744298897561578,0.10195105087758817,0.4153235051050133
9,280,146,134,0.3125,NMU|CCL17|PITX1|FAR2P3///FAR2P2|MYOCD|RGS13|MMP20|UMODL1|LGSN|GPAT3|LOC613266|ZNF711|BEX2|HTR3A|SPIC|SYT17,COL11A1|IL13RA2|UHMK1|MARCO|SMC3|CCDC110|NLRP7|LINC01405|CRYBA4|PNMAL1|ICOS|RPS4Y1|AP3D1|C4orf22|C7orf57|LIN28B,0.0582888236955372,0.056655438933371494,0.10434340239637667,0.3838916113432718
10,280,146,134,0.25,ASMT|SPIC|SFTA2|GPM6A|UMODL1|HLF|HTR3A|LOC101930114|LOC283454///HRK|PITX1|CCL17|DNAH8|MYOCD|CCDC110|SACS-AS1|LOC105375172,KLHL13|TMEM158|MATN3|PPP1R14C|XIST|USP9Y|LOC101930067|S100Z|ABCG5|SFTA3|S100A2|LINC01102|NLRP4|ORM1|EIF1AY|GTSF1,0.05826558102448795,0.05718021215111358,0.10968880397329106,0.40714201291734614
11,280,146,134,0.5,KCCAT333|FAM167A-AS1|NOL4|MMP20|IGHV3-23///IGHV4-31///IGHM///IGHG3///IGHG1///IGHD///IGHA1///IGH|LOC105375172|EML6|CRYBA4|IGLJ3///IGLV1-44///CKAP2///IGLV@///IGLC1|EPHB1|IGK///IGKC|TCL1B|LOC283454///HRK|NPIPA5///NPIPB6///NPIPB8///NPIPB3|HTR3A|GPM6A,USP9Y|PCSK1|AP3D1|UHMK1|IGLJ3///CKAP2|PTPN12|MAL2|PSMA8|CXCL14|LOC101927811|CCDC110|GJB2|KCNH8|C12orf77|AQP9|CCL20,0.0583220643402144,0.05647768885985927,0.10677830992400272,0.3913698548498201
12,280,146,134,0.1875,FAR2P3///FAR2P2|LOC101929272|EML6|IGKV1OR2-108|LOC283454///HRK|EYA2|LRRN1|LOC105372840|MMP13|CTCFL|LOC101928173|BEX2|GPM6A|LOC102725526///IGHV4-31///IGHM///IGHG3///IGHG2///IGHG1///IGHA2///IGHA1///IGH|HLF|IGK///IGKC,HIST1H3B|JCHAIN|EPCAM|MAGEB2|VSIG4|SFRP4|WISP2|LOC100506405|CXCL6|UHMK1|XIST|HLF|MMP3|NPIPA5///NPIPB6///NPIPB8///NPIPB3|LINC00996|ASZ1,0.05828707070344776,0.057637891413570105,0.10071797149985756,0.39616914556848426
13,280,146,134,0.25,ASZ1|LOC283454///HRK|SDR16C5|MYOCD|LRRN1|MMP20|LGALS2|CAMP|KCCAT333|MMP13|JCHAIN|PRCAT47|SYT17|NMU|VPREB3|HTR3A,HEPACAM2|KLHL13|MT1M|TNFRSF17|LRRN1|C1QB|UGT2B17|SOX2-OT|RPS4Y1|PRCAT47|RGS13|KRT6A|ASMT|PPBP|CD74|AP3D1,0.058312740094333945,0.05670080348149322,0.1138091245629137,0.41026519648445375
14,280,146,134,0.1875,TCL1B|MUC16|IGHV1-69|MYOT|FAM167A-AS1|SMPX|JCHAIN|IGHV3-23///IGHV4-31///IGHM///IGHG3///IGHG1///IGHD///IGHA1///IGH|MYOCD|HPDL|CKAP2///IGLC1|ITIH3|PSMA8|IGLJ3///IGLV1-44///CKAP2///IGLV@///IGLC1|LOC102725526///IGHV4-31///IGHM///IGHG3///IGHG2///IGHG1///IGHA2///IGHA1///IGH|HAGLROS,SFTA3|LCTL|HEPACAM2|FCAMR|LOC100996809///HLA-DRB5///HLA-DRB4///HLA-DRB3///HLA-DRB1|KRT13|HTR3A|FAM129C|CTSW|IL22RA2|LOC102724689|C4orf22|LOC100130744|MARCO|UGT2B17|GPM6A,0.05832759460876041,0.05775721585725589,0.09496698497323507,0.3929446771197908
15,280,146,134,0.1875,IGLJ3///IGLV@///IGLC1|DNAH8|NMU|EYA2|TCL1A|FAM167A-AS1|MYOCD|SMPX|IGHV3-23///IGHV4-31///IGHM///IGHG3///IGHG1///IGHD///IGHA1///IGH|IL13RA2|MAGEB2|CPXM1|ORM2///ORM1|TNNC1|IGLJ3///IGLV1-44///CKAP2///IGLV@///IGLC1|MYOT,HAGLROS|PRAME|IGHV1-69|LOC440864///MSH6|CHIT1|SAXO2|MYL2|LMO2|KCCAT333|MAGEB2|EPYC|SOST|APELA|SOX2-OT|RSPH1|MAGEA6,0.05831786658783455,0.05800864582657131,0.10288803209939673,0.40818585615146663
16,280,146,134,0.25,DAPL1|EML6|LINC01405|CD5L|NLRP7|ASMT|DHRS9|MMP13|CENPV|DNER|IGHV3-23///IGHV4-31///IGHM///IGHG3///IGHG1///IGHD///IGHA1///IGH|IGHD|TCL1B|KCCAT333|DNAH8|HLF,MMP12|LOC101930415|BEX2|TCL1B|CRNDE|NLRP11|RPS4Y1|CTCFL|VSIG4|DAPL1|KCNH8|LOC101929141///CCDC144CP///CCDC144B///CCDC144A|HMCN1|WISP2|S100A8|TCL1A,0.058277894414402114,0.056890209812108614,0.11106159964371579,0.39086201111881097
17,280,146,134,0.1875,CENPV|UMODL1|FAR2P3///FAR2P2|LOC283454///HRK|MUC16|SNORD3D///SNORD3C///SNORD3B-2///SNORD3A///SNORD3B-1|CKAP2///IGLC1|SYT17|KCCAT333|HK3|LINC01021|DNAH8|HLF|ASMT|NOL4|HBB,LOC101929141///CCDC144CP///CCDC144B///CCDC144A|RNF183|CCR10|LOC101929272|C4orf22|LOC102724689|GPAT2|ASPN|NOL4|CCL20|CA3|LMO2|HSF5|RAB25|KLHL13|LOC101927811,0.058240026970498585,0.057885768819714314,0.11797755984466206,0.3924413898907877
18,280,146,134,0.125,SPIC|LINC01095|TNNC1|CSRP3|SLN|KRT6A|KRT14|MLC1|MMP3|RAB25|KRT5|SMPX|PITX1|RGS13|XIRP2|MUC16,ORM1|TCL1B|CHIT1|MFAP4|MAGEA4|SOX8|LOC101930114|AP3D1|FAM167A-AS1|DNER|IL22RA2|CCR10|MATN3|IGSF11|LOC102724689|MAGEB2,0.05827796476353558,0.0576064885885219,0.10854365365164204,0.39370227548967845
19,280,146,134,0.25,CD1C|MMP20|MIR548F5///MAB21L1|CLIP2|TCL1A|ARL14|BIK|LOC101929141///CCDC144CP///CCDC144B///CCDC144A|RGS13|UGT2B17|LOC283454///HRK|LYPD6B|NTS|DNAH8|MMP7|EYA2,XIST|LILRA3|SOX8|LEP|ZNF883|CCL22|LRP1B|ZNF385C|MMP20|LOC101929141///CCDC144CP///CCDC144B///CCDC144A|PRAME|NLRP7|PXDNL|LOC102725426///MIR8071-2///MIR8071-1///IGHM///IGHG1|LYPD6B|PITX1,0.058281814278125954,0.05692677171066361,0.12051904168094134,0.4065320974951726
20,280,146,134,0.125,MYBPC1|IGSF11|DNAH8|UMODL1|OLFM4|KRT6A|RGS13|EEF1A2|HEPACAM2|NME8|KRT5|GTSF1|NLRP7|UBASH3A|CCDC110|IGLJ3///IGLV@///IGLC1,CPXM1|STXBP6|MIS18BP1|KRT14|FCER2|LHX8|SOX8|XK|TRPM4|LOC100653057///CES1|PKHD1L1|SDR16C5|HLF|LOC101930415|FAM30A|ZPBP2,0.058333436599595806,0.05781383166715836,0.11623686387706482,0.4069502099467036
21,280,146,134,0.375,SPIC|CTCFL|FSTL5|SYT14|RASSF6|EML6|LINC01268|UMODL1|CT45A8///CT45A9///CT45A10///CT45A7///CT45A2///CT45A1///CT45A6///CT45A5///CT45A3|HLF|TMEM52B|IGK///IGKC|DNER|RGS13|MARCO|ZNF257,LGSN|MARCO|IGK///IGKC|SERPINA9|SFTA3|SPIC|ASMT|COMP|SCARA5|P2RY12|UGT2B17|VPREB3|PITX1|ICOS|FAR2P3///FAR2P2|AQP9,0.05827038830503069,0.05701494137870744,0.10143369473489733,0.38877260541561287
22,280,146,134,0.125,BIK|NMU|FAM167A-AS1|RGS13|PITX2|MMP20|LOC102724689|TSIX|IGLJ3///IGLV@///IGLC1|ITIH3|NOL4|MAGEA4|RASSF6|LILRA4|IGHV1-69|LOC105372840,COL9A3|LRRN1|SDR16C5|FSTL5|LILRA4|GJB6|HPDL|CXCL8|NLRP7|SOX8|MYOT|LOC100287497|IGKV1OR2-108|WISP2|ASMT|KLRC2///KLRC1,0.05828978609536429,0.05832413852884932,0.0949975302352172,0.39246656903818183
23,280,146,134,0.0625,C2CD4A|SNORD3D///SNORD3C///SNORD3B-2///SNORD3A///SNORD3B-1|PDZRN4|MMP13|LOC102725426///MIR8071-2///MIR8071-1///IGHM///IGHG1|LILRA4|BTBD16|LOC105375172|MMP3|PCSK1|DNAH8|UMODL1|CLGN|FDCSP|UGT2B17|KRT14,STEAP2|LRP1B|MAGEB2|LOC101929141///CCDC144CP///CCDC144B///CCDC144A|MATN3|COL11A1|S100A7|FCGR3B///FCGR3A|COMP|HK3|FAM111B|LOC102725526///IGHV4-31///IGHM///IGHG3///IGHG2///IGHG1///IGHA2///IGHA1///IGH|XIST|NCKAP5|EML6|IGSF11,0.05831436599801405,0.05796072289910412,0.09809995707506865,0.4038344222811735
24,280,146,134,0.3125,MMP3|EML6|KRT14|HLF|RASSF6|MYOCD|TCL1A|UGT2B17|AICDA|S100A2|MUC16|NOL4|CLGN|MMP12|DNER|MMP20,MGST1|PRAME|SFTA3|KCCAT333|MLC1|CCL21|C12orf77|FCGR3B///FCGR3A|C3orf67|DNER|MAL2|GPAT2|MYH1|USP9Y|EIF1AY|EPCAM,0.058293654984650826,0.05707601801601829,0.11044776482178463,0.40620853531824064
25,280,146,134,0.375,DNER|MYOCD|EYA2|DNAH8|IGLJ3///IGLV1-44///CKAP2///IGLV@///IGLC1|TCL1A|FCER2|ASB5|HLF|RGS13|UMODL1|ITIH3|MYOT|RSPH1|XIRP2|MYL2,COL11A1|ZIC2|KRT6A|CKAP2///IGLC1|IL17RB|TCL1A|MAGEA9B///MAGEA9|LGSN|PSMA8|CETP|SYT17|ZYG11A|SACS-AS1|ASMT|SMPX|CCL21,0.05823515023894746,0.057229514166355994,0.10876399343652887,0.38246781197286767
26,280,146,134,0.125,DNER|SYT17|LILRA3|FDCSP|LIN28B|MMP13|GPR158|MYH1|LRRN1|C2CD4A|LOC283454///HRK|COL9A3|JCHAIN|NMU|NOL4|HK3,CLGN|MUC16|NPY1R|MMP3|FCER2|JCHAIN|LMO2|HTR2B|ICOS|SMC3|TXLNGY|OVAAL|AP3D1|GPAT2|SOST|ORM2///ORM1,0.05829664996393835,0.05648459855953567,0.10596883007039674,0.4141087690694053
27,280,146,134,0.25,SPIC|CENPV|MAL2|TCL1A|DNAH8|UMODL1|SOX9|CCL17|LOC101930114|LOC105375172|MUC16|NOL4|SI|FAM30A|KCCAT333|LINC01405,LOC102725426///MIR8071-2///MIR8071-1///IGHM///IGHG1|SFRP2|TXLNGY|MFAP4|FAM167A-AS1|ASMT|SUSD5|STXBP6|NTS|P2RY12|MYOT|LYPD6B|FAM111B|SMC3|MAGEA9B///MAGEA9|FDCSP,0.05826926614461561,0.05652394117053221,0.11082176439338078,0.4019258127566137
28,280,146,134,0.25,EYA2|MAGEA6///MAGEA3|TCL1A|NPIPA5///NPIPB6///NPIPB8///NPIPB3|SFTA3|WFDC21P|HSF5|USP9Y|XIST|FCRL4|UMODL1|MMP20|KDM5D|LRRN1|MARCO|C17orf99,CTCFL|MMP7|PITX1|RGS13|CLGN|MGST1|GJB2|JCHAIN|STAG3|FAM111B|MAGEA9B///MAGEA9|LIN28B|COL11A1|GPAT2|GPM6A|NME8,0.05829254705380599,0.05787091114156001,0.10423516515129849,0.3898421739667909
29,280,146,134,0.1875,HLA-DQB1|JCHAIN|LOC100509457///HLA-DQA1|CLGN|MMP1|LOC105375172|UMODL1|RSPH1|MYOT|NOL4|KCCAT333|PDZRN4|LOC100653057///CES1|ASB5|MMP20|EYA2,IGLJ3///CKAP2|CRNDE|NPY1R|KRT5|MYOCD|EPHA4|IL22RA2|LOC102725426///MIR8071-2///MIR8071-1///IGHM///IGHG1|RGS13|TXLNGY|ORM1|HAGLROS|SPIC|IGHV3-23///IGHV4-31///IGHM///IGHG3///IGHG1///IGHD///IGHA1///IGH|KRT6A|NLRP11,0.05829984698596562,0.05805259392317771,0.1008774784305194,0.4005909325113571
30,280,146,134,0.25,BTBD16|KCCAT333|KRT6A|LOC105375172|KRT14|UMODL1|RASSF6|ZNF257|EML6|TCL1A|BIK|LHX8|CCL17|IGHV4-31///IGHM///IGHG4///IGHG3///IGHG1///IGHD///IGHA2///IGHA1|FAR2P3///FAR2P2|MAGEA12,RGS13|SNX29P1///SNX29P2|JCHAIN|LOC100134317///LOC284412|DNAH8|MAGEB2|MMP20|LOC102723648|KCNK12|CTCFL|ADIRF|FAM111B|ZNF385B|ASMT|IGLJ3///IGLV@///IGLC1|HK3,0.05819470332328092,0.056912985374452725,0.13594926229737997,0.3874489519249203
31,280,146,134,0.25,LECT2|HBB|RGS13|SYBU|KCCAT333|FDCSP|UMODL1|IL13RA2|LOC613266|PROK2|EML6|RASSF6|LINC01405|OLFM4|CLU|FCER2,EPHA4|IL13RA2|FDCSP|LHX8|MAGEA1|SUSD5|EIF1AY|SYBU|LOC101930067|ADIRF|LOC613266|FCRL4|LOC101928605///OR2A1-AS1///OR2A9P///OR2A20P|XK|GJB2|GPM6A,0.05829635547653717,0.05845193724524132,0.12381116547056122,0.4131633529975153
32,280,146,134,0.3125,KCCAT333|BTBD16|TCL1A|OLFM4|RGS13|PPBP|LOC105375172|NMU|P2RY12|UMODL1|RSPH1|RASSF6|CETP|MMP20|FSTL5|JCHAIN,GPAT2|PROK2|C4orf22|ZBTB32|IGLJ3///CKAP2|FAM111B|STAG3|TXLNGY|FOSB|ORM1|SMC3|LGALS2|ORM2///ORM1|KCCAT333|LOC105372840|MT1M,0.05829288400767306,0.05707439121030726,0.11279878702920759,0.38972680048404934
33,280,146,134,0.3125,TCL1B|KRT5|MYOCD|IL12B|LINC01619|BEX2|C17orf99|UMODL1|MMP20|CTCFL|TSIX|EYA2|TCL1A|HK3|KRT14|CHIT1,RPS4Y1|MARCO|LOC101927811|MT1M|MAGEB2|LRRN1|HLA-DQB1|CLGN|LOC100509457///HLA-DQA1|ZYG11A|SAXO2|MMP12|FAR2P3///FAR2P2|LOC101929141///CCDC144CP///CCDC144B///CCDC144A|CTAG2|KLHL13,0.058283561230871604,0.057013134879039175,0.1257477836385495,0.412414247496912
34,280,146,134,0.25,LGSN|RASSF6|OGDHL|UMODL1|CPXM1|KRT13|EPHB1|DNER|JCHAIN|ZNF711|ARL14|RNF183|BIK|RGS13|NME8|ASZ1,HIST1H1B|ADIRF|SFRP2|CYS1|LOC100996809///HLA-DRB5///HLA-DRB4///HLA-DRB3///HLA-DRB1|LOC101927811|NLRP7|LOC101930067|PITX1|MMP13|UBASH3A|LOC613266|HPDL|VPREB3|LMO2|SEC31B,0.05833488068888737,0.05778721403511827,0.10338232418157076,0.40879843485874057
35,280,146,134,0.125,IL17RB|TUBB2B|H2AFB1///H2AFB2///H2AFB3|HLF|HTR3A|LOC102725426///MIR8071-2///MIR8071-1///IGHM///IGHG1|NPIPA5///NPIPB6///NPIPB8///NPIPB3|BEX2|NMU|IGHV1-69|KLHL13|CCL21|RNF183|PNMAL1|SUGCT|FDCSP,LRRN1|OVAAL|BIK|NOL4|XIST|TFPI2|UGT2B17|UBASH3A|SACS-AS1|ORM2///ORM1|LOC101929272|ZNF883|PITX1|LHX8|KCNH8|LOC102725426///MIR8071-2///MIR8071-1///IGHM///IGHG1,0.058363248064444914,0.05823915815849026,0.0889591339538018,0.395048048570885
36,280,146,134,0.0625,PDZRN4|ZNF883|ZNF385B|FCRL4|ZNF711|DNER|TUBB2B|SACS-AS1|CCDC110|CSRP3|MAGEA4|MYL1|DNAJC12|KCNN3|FSTL5|RASSF6,HMCN1|ABCG5|TFPI2|HEPACAM2|UMODL1|SNX29P1///SNX29P2|NLRP4|KRT6A|LILRA4|DNAJC12|CHRM3-AS2|LRRN1|SOX2-OT|KCNK12|ZPBP2|KCCAT333,0.0582954056753949,0.05727656676357634,0.10767995636615611,0.4150912586970711
37,280,146,134,0.25,BIK|LGSN|DNER|IGK///IGKC|MAGEA4|DNAH8|LIN28B|LINC01095|LOC101930114|IGLJ3///IGLV1-44///CKAP2///IGLV@///IGLC1|C3orf67|KRT14|TCL1A|HTR3A|NLRP7|ORM2///ORM1,ORM1|RGS13|NPY1R|EPYC|CTCFL|JCHAIN|MT1M|P2RY12|EIF1AY|ORM2///ORM1|LYPD6B|VSIG4|CT45A8///CT45A9///CT45A10///CT45A7///CT45A2///CT45A1///CT45A6///CT45A5///CT45A3|CLGN|RAB25|DAPL1,0.05828739054156822,0.05729197882657994,0.1061333230327734,0.3948467780118647
38,280,146,134,0.1875,EPCAM|DNER|LILRA3|NOL4|TCL1A|SPIC|NMU|MLC1|HTN3|CAMP|RAB25|ASMT|HLF|HEPACAM2|ADIRF|EPHB1,HIST1H3B|LYPD6B|MYOT|NLRP7|EPCAM|GJB2|OVAAL|ZPBP2|LOC101930415|GTSF1|IL13RA2|SPINK2|TNFRSF17|SUGCT|SULF1|LIN28B,0.05831116070262546,0.05802957897863339,0.11085802751908924,0.40065487222192325
39,280,146,134,0.1875,BTBD16|OVAAL|LIPI|LINC00525|KCCAT333|IL17RB|GPAT3|FAR2P3///FAR2P2|RASSF6|GTSF1|MAGEA6///MAGEA3|XK|ASB5|SPIC|TCL1B|SFTA3,GTF2IP20|CENPV|CCL17|ORM1|NMU|LOC102725526///IGHV4-31///IGHM///IGHG3///IGHG2///IGHG1///IGHA2///IGHA1///IGH|HEPACAM2|LOC440346|AQP9|CXCL14|MARCO|CILP|EIF1AY|ASB5|SUGCT|CT45A8///CT45A9///CT45A10///CT45A7///CT45A2///CT45A1///CT45A6///CT45A5///CT45A3,0.058313133626054434,0.05773634758751406,0.11214869231657024,0.40446958707813385
40,280,146,134,0.375,MMP3|PDZRN4|IGHV4-31///IGHM///IGHG4///IGHG3///IGHG1///IGHD///IGHA2///IGHA1|KCCAT333|PNMAL1|FAM167A-AS1|EML6|RGS13|LOC283454///HRK|CPXM1|MYOCD|BEX2|KRT14|NPIPA5///NPIPB6///NPIPB8///NPIPB3|LOC105372840|GPM6A,ORM1|LINC01102|DNAH8|FABP4|CXCL6|EPYC|LOC101930415|LOC100505878|PLA2G2A|AP3D1|P2RY12|KCNN3|DNER|ZNF257|ZNF883|GPAT2,0.05827996529696774,0.05746673628663182,0.10497199502467916,0.40392410245728805
41,280,146,134,0.4375,DNER|MMP20|EML6|DNAH8|TCL1A|KCCAT333|EEF1A2|KCNN3|MMP3|LOC105372840|RGS13|LOC101929272|S100A2|LOC100505878|LOC101928173|UMODL1,LOC102723648|FHOD3|MATN3|LOC613266|TXLNGY|IGK///IGKC|CD163|HK3|HLF|NLRP7|KCNH8|LHX8|LOC100130744|NOL4|MAGEA9B///MAGEA9|C4orf22,0.05829434414563168,0.05784480477361184,0.11005299533973548,0.4071311962837379
42,280,146,134,0.3125,PCK1|TCL1A|LOC283454///HRK|LILRA4|CCDC110|DHRS9|IGKV1OR2-108|LOC100505878|MMP20|ORM1|ASZ1|IGLJ3///IGLV1-44///CKAP2///IGLV@///IGLC1|RGS13|FAM30A|DNAH8|EYA2,USP9Y|SERPINA9|HK3|IYD|COL9A3|COMP|SNX29P1///SNX29P2|STAG3|FCGR3B///FCGR3A|WFDC21P|GJB6|MMP12|ADIRF|TRIM59///IFT80|SULF1|KCCAT333,0.05829475795199392,0.05694142053880434,0.11386084624233327,0.39897556744318385
43,280,146,134,0.125,HTR3A|LINC01102|MUC16|DNER|IGLJ3///IGLV1-44///CKAP2///IGLV@///IGLC1|FCRL4|ICOS|MYOT|RGL4|MYL2|SYT17|ZNF711|COL11A1|LILRA3|CCR10|MAGEA4,CAMP|ASMT|CD1C|CCDC110|FDCSP|LOC100130744|LTF|MAGEB18|UGT2B17|GPM6A|MIS18BP1|C7orf57|DNER|TCL1B|C15orf48|CCR10,0.058293635902786356,0.0577480624608778,0.10631501657182735,0.39372500976138103
44,280,146,134,0.1875,EYA2|XIRP2|SMPX|FHOD3|TCL1A|ACTA1|ICOS|MYH1|ASB5|DNER|PXDNL|LILRA3|ZIC2|TCL1B|HLF|MAGEA1,EPHA4|LINC01102|TFPI2|FAM30A|TCL1A|CD163|MMP3|ZBTB32|GPM6A|PCSK1|LOC101927811|FAM129C|CLIP2|CHIT1|COL11A1|KCCAT333,0.058267189674549635,0.057347873869779784,0.10784735579110988,0.41804106893834997
45,280,146,134,0.25,LOC101930114|SPRR1B|PROK2|LOC105375172|S100A2|ZNF711|KRT14|TCL1A|DNAH8|SPIC|HLF|RNF183|KRT6A|HEPACAM2|EML6|SI,MARCO|C1QB|STXBP6|S100Z|HLF|UBASH3A|MUC16|LOC102725426///MIR8071-2///MIR8071-1///IGHM///IGHG1|DNER|FOSB|IGKV1OR2-108|C1QA|ORM2///ORM1|NOL4|MMP13|CILP,0.058244137117694134,0.05600240742200158,0.10641777840079981,0.4075551513230491
46,280,146,134,0.25,LINC01268|BTBD16|DNAH8|SPIC|MAGEA1|MYL2|TNNC1|ASZ1|HLA-DQA1|PLA2G2D|CCDC110|TCL1A|CSRP3|ACTA1|DNER|MMP20,GPAT3|IL17RB|KLHL13|MYL1|PDGFRL|CENPV|CTTNBP2|ZNF883|KCNN3|ADIPOQ|CPXM1|MYH1|TXLNGY|KRT14|IGLJ3///IGLV1-44///CKAP2///IGLV@///IGLC1|NPY1R,0.05824066445481559,0.05762046154714344,0.1084979010883603,0.3943758372467215
47,280,146,134,0.25,LOC613266|CPXM1|KRT5|IGLJ3///IGLV1-44///CKAP2///IGLV@///IGLC1|DNER|HLF|HTR3A|ABCG5|EML6|DNAH8|CCL21|TCL1A|MAGEA1|CKAP2///IGLC1|CCR10|NLRP7,SFRP2|FAM167A-AS1|AICDA|SDR16C5|SPRR1B|ZNF711|TXLNGY|LINC01268|MMP1|KCCAT333|RGL4|VSIG4|ITIH3|KDM5D|DNER|PDGFRL,0.05827078206372362,0.05748473998642267,0.11160965465468484,0.42628076263463993
48,280,146,134,0.25,DNER|CAMP|GPM6A|TCL1A|UMODL1|MYOT|LOC102725426///MIR8071-2///MIR8071-1///IGHM///IGHG1|SMPX|MARCO|HTR3A|BEX2|ZNF711|LOC101927709|KCCAT333|NOL4|MME,ZPBP2|FAR2P3///FAR2P2|IGLJ3///IGLV1-44///CKAP2///IGLV@///IGLC1|EYA2|MAGEA12|GJB2|PTPN20|LOC100509457///HLA-DQA1|PSMA8|HK3|ORM2///ORM1|ICOS|MARCO|PITX1|WFDC21P|LILRA3,0.05829209485573677,0.05718690127634228,0.10340845913168932,0.3973114526027111
49,280,146,134,0.3125,CXCL8|MMP3|MLK7-AS1|PDZRN4|IGLJ3///IGLV1-44///CKAP2///IGLV@///IGLC1|MMP13|KRT13|UMODL1|LILRA4|NPIPA5///NPIPB6///NPIPB8///NPIPB3|TCL1B|MMP20|IGLJ3///IGLV@///IGLC1|KRT14|CETP|PNMAL1,ANKRD36BP2|SNX29P1///SNX29P2|CTCFL|MGST1|RPS4Y1|XIST|TXLNGY|C2orf40|HLA-DQA1|PPBP|MARCO|MT1M|VPREB3|LINC01102|CLGN|MMP13,0.05828464136215755,0.057024233165518856,0.1036166367714912,0.3923797236865426
50,280,146,134,0.25,FOXG1|DNER|CPXM1|NMU|NME8|CAMP|TCL1B|NOL4|LOC101929272|SPIC|MGST1|RASSF6|MLK7-AS1|SOST|TCL1A|ASZ1,LINC00996|CENPV|SFRP4|PROK2|HTR3A|MAGEB2|PCSK1|CTTNBP2|LILRA3|CCL22|BIK|CXCL6|EPHB1|IGLJ3///CKAP2|HK3|C1QA,0.05831272400071241,0.05676867032037337,0.10499100513789703,0.3917559561078707
51,280,146,134,0.25,UMODL1|LINC01619|RGS13|UGT2A3|DNER|LOC283454///HRK|HLF|MMP13|LGSN|LOC613266|IGHD|ZNF883|RASSF6|CCR10|HBA2///HBA1|LILRA3,MLK7-AS1|LOC102724689|IGK///IGKC|TCL1B|LOC101930114|FSTL5|ZYG11A|LRRN1|CTCFL|INHBA|SPINK2|PABPC5|LOC102725426///MIR8071-2///MIR8071-1///IGHM///IGHG1|JCHAIN|UGT2B17|H2AFB1///H2AFB2///H2AFB3,0.05824239166609052,0.05649116921301806,0.10917209681293095,0.4003687569947871
52,280,146,134,0.3125,SI|HTR3A|NME8|UMODL1|LOC101930067|FHOD3|LILRA4|RGS13|TCL1A|EML6|LRRN1|MMP13|LOC283454///HRK|LOC613266|MAGEB2|ZNF711,VSIG4|MAGEA1|KCCAT333|LRP1B|HLA-DQB1|LOC101928524|AP3D1|LINC01021|FABP4|LOC440864///MSH6|MMP12|STAG3|GJB2|CT45A8///CT45A9///CT45A10///CT45A7///CT45A2///CT45A1///CT45A6///CT45A5///CT45A3|LOC102725426///MIR8071-2///MIR8071-1///IGHM///IGHG1|NMU,0.05828701389047409,0.05563393544352671,0.11256782089859348,0.3927220278041522
53,280,146,134,0.0,PDZRN4|KRT5|NOL4|KRT6A|FABP4|LOC101929272|ICOS|KRT14|MUM1L1|ABCG5|LOC101930114|CCL17|SUSD5|TMEM52B|LOC101928173|KCNK12,EPYC|LINC01021|LRRN1|LOC101928173|SFRP4|FAM30A|CLIP2|OVAAL|P2RY12|GOLIM4|IGLJ3///IGLV1-44///CKAP2///IGLV@///IGLC1|SEC31B|LOC100130744|IL22RA2|APELA|HMCN1,0.0582682697595781,0.05763420286894348,0.10649409775818104,0.40015795970467766
54,280,146,134,0.25,IGHD|KRT14|CCL17|UMODL1|DNER|LILRA4|KRT6A|SYT17|HTR3A|EPHB1|KRT13|IGK///IGKC|CRYBA4|TCL1A|PXDNL|CLU,TAC1|SPRR1B|COMP|MARCO|CD74|S100A8|HBB|PRAME|LOC102724689|KRT13|EPYC|AICDA|EPCAM|ZNF876P|UHMK1|SHISA3,0.05824649412597734,0.05656932449114031,0.10978229998993216,0.4113273092464804
55,280,146,134,0.1875,RAB25|CCDC110|MYL2|RGS13|CLIP2|SPIC|NOL4|CCL17|SCARA5|MAGEA6|NLRP7|HLF|DNAH8|UGT2B17|MAGEB2|RNF183,S100Z|LOC100505878|LOC102725526///IGHV4-31///IGHM///IGHG3///IGHG2///IGHG1///IGHA2///IGHA1///IGH|HIST1H3B|EIF1AY|HLA-DQA1|MFAP4|LINC01268|LHX8|CILP|HEPACAM2|CNTN3|MYOCD|SACS-AS1|PROK2|S100A8,0.058282324709682906,0.05604887194876955,0.11160837753001333,0.39126574996607083
56,280,146,134,0.3125,LOC283454///HRK|MGST1|OLFM4|UMODL1|CT45A8///CT45A9///CT45A10///CT45A7///CT45A2///CT45A1///CT45A6///CT45A5///CT45A3|SSX4B///SSX4|TCL1A|RGS13|PCSK1|JCHAIN|CTTNBP2|MMP20|IGKV1OR2-108|LINC01095|UGT2B17|CYS1,HPDL|CTTNBP2|RGS13|JCHAIN|CTAG2|MATN3|VPREB3|OVAAL|MYOT|MME|MYOCD|PDZRN4|TRPM4|RASSF6|CAMP|NPY1R,0.05830772370613263,0.05764243983435946,0.09556116979483908,0.3885789672053928
57,280,146,134,0.125,FHOD3|SI|MMP3|DNER|MYOT|HEPACAM2|FCRL4|NPIPA5///NPIPB6///NPIPB8///NPIPB3|PXDNL|IGLJ3///CKAP2|KRT13|ICOS|COL11A1|LEP|LOC100509457///HLA-DQA1|IGHV4-31///IGHM///IGHG3///IGHG1///IGHA1,DMRT1|UGT2A3|STXBP6|ICOS|IGHV1-69|MGST1|FSTL5|PXDNL|H2AFB1///H2AFB2///H2AFB3|HEPACAM2|PSMA8|IL17RB|CCR10|LGSN|MUC16|NPIPA5///NPIPB5///NPIPB11///NPIPB8///LOC613037///NPIPB4///NPIPB3,0.058294004463113405,0.05754469864286302,0.10505872323517922,0.3885992035769332
58,280,146,134,0.125,ZIC2|SYT17|MAGEA6///MAGEA3|JCHAIN|ZNF711|SAXO2|MMP20|DNAH8|TNFRSF17|LOC283454///HRK|FCER2|BIK|RASSF6|SFRP4|ASZ1|MMP3,S100A9|PITX1|S100Z|CNTN3|VSIG4|FCAMR|MMP20|PRCAT47|MAGEB2|PTPRD-AS1|SACS-AS1|LOC101930415|NOL4|TRPM4|MGST1|MIS18BP1,0.05830513272477443,0.0572144703886726,0.10259592459312486,0.40425760806323696
59,280,146,134,0.375,CCL17|EML6|MMP20|LRRN1|RNF183|TCL1A|SYT17|C12orf77|CAMP|RASSF6|ADIRF|DNER|CTAG2|BEX2|FAR2P3///FAR2P2|ICOS,LILRA3|FAM111B|TXLNGY|LOC101929272|LINC01102|LGALS2|MMP12|FHOD3|HTR2B|TRPM4|H2AFB1///H2AFB2///H2AFB3|SDR16C5|ZYG11A|NCKAP5|IGLJ3///IGLV1-44///CKAP2///IGLV@///IGLC1|IGHV1-69,0.058312267001012205,0.0570913221782362,0.10074466054899461,0.3957736582119723
60,280,146,134,0.125,LILRA3|ICOS|HEPACAM2|DNAH8|IGLJ3///IGLV@///IGLC1|DHRS9|TCL1A|LOC102724689|HTR3A|CT45A8///CT45A9///CT45A10///CT45A7///CT45A2///CT45A1///CT45A6///CT45A5///CT45A3|HPR///HP|MMP20|PNMAL1|PITX1|LOC101930114|MMP3,GPAT2|PITX1|DNAH8|BEX2|LINC01021|SPINK2|LOC101930415|HIST1H1B|TFPI2|LOC105375172|CPXM1|FCRL4|KCNK12|LINC01619|NOL4|MMP12,0.058245351514386604,0.0575233841117843,0.10128222589936456,0.37821236772662314
61,280,146,134,0.375,LOC283454///HRK|LRP1B|TCL1A|TCL1B|NOL4|EPYC|UMODL1|CLGN|MMP20|LOC100505878|CNTN3|DNER|SFTA2|STAG3|JCHAIN|CXCL6,ASPN|AP3D1|ZIC2|HK3|LINC01021|LOC102725526///IGHV4-31///IGHM///IGHG3///IGHG2///IGHG1///IGHA2///IGHA1///IGH|SERPINA9|MYOCD|GOLIM4|FAM30A|IGK///IGKC|NME8|MAGEA4|AQP9|TXLNGY|PNMAL1,0.05831991330199041,0.05768556696879576,0.09866423209159354,0.4235933838579309
62,280,146,134,0.25,IGLJ3///IGLV@///IGLC1|ASMT|TCL1A|C17orf99|CCDC110|IGLJ3///IGLV1-44///CKAP2///IGLV@///IGLC1|PLAC8|MAL2|TNFRSF17|MYOT|FDCSP|MMP3|DNER|CT45A8///CT45A9///CT45A10///CT45A7///CT45A2///CT45A1///CT45A6///CT45A5///CT45A3|UMODL1|LINC00996,FAR2P3///FAR2P2|LHX8|CTGF|PDGFRL|ASB5|S100A8|TCL1A|ANKRD36BP2|GJB2|LOC440864///MSH6|TSIX|MMP1|LTF|C1QA|EPHB1|PCSK1,0.05829817003561877,0.05708070931347659,0.09999562736584991,0.39853918280246337
63,280,146,134,0.3125,PTPRR|BTBD16|DNER|TCL1B|TCL1A|IGLJ3///IGLV1-44///CKAP2///IGLV@///IGLC1|LOC100505878|FAM167A-AS1|GPAT3|UMODL1|CAMP|LOC102725526///IGHV4-31///IGHM///IGHG3///IGHG2///IGHG1///IGHA2///IGHA1///IGH|LINC01405|FAM9C|RASSF6|CKAP2///IGLC1,PTPRR|FCER2|FAM129C|GPAT3|HIST1H1B|PLAC8|MYOCD|PKHD1L1|CT45A8///CT45A9///CT45A10///CT45A7///CT45A2///CT45A1///CT45A6///CT45A5///CT45A3|CILP|DPEP2|EML6|VSIG4|LOC283454///HRK|LIN28B|LOC100996809///HLA-DRB5///HLA-DRB4///HLA-DRB3///HLA-DRB1,0.05830103709087299,0.057302102105596095,0.11607916496452136,0.41348399072600134
64,280,146,134,0.1875,MUC16|RASSF6|KRT5|LILRA4|FCER2|NMU|UMODL1|LOC101929219///C1orf186|ITIH3|LOC105375172|C3orf67|MMP20|DNER|FAM167A-AS1|S100A2|EPHB1,MARCO|FAM111B|C1QA|SDR16C5|CCL22|CXCL14|RASSF6|S100A9|LINC01268|NLRP11|CAMP|C1QB|FCER2|ZYG11A|MYOCD|CENPV,0.05829103943892645,0.05756342875954437,0.1184915260894314,0.40336032378878317
65,280,146,134,0.5,LOC283454///HRK|CENPV|UMODL1|TCL1A|HLF|BEX2|PNMAL1|BIK|ZNF711|USP9Y|MMP20|SPIC|IGHD|EML6|MYOCD|TCL1B,ZNF711|PRCAT47|ORM2///ORM1|SMC3|LINC01021|FDCSP|LOC100509457///HLA-DQA1|VSIG4|MAGEB1|SPINK2|S100A8|XIST|MYOCD|FAM167A-AS1|KRT6A|HIST1H1B,0.058262847623673786,0.057151871053600506,0.10124065388966381,0.3886657452670571
66,280,146,134,0.3125,TCL1B|UMODL1|KCCAT333|DNAH8|HTR3A|KRT13|IGLJ3///IGLV1-44///CKAP2///IGLV@///IGLC1|JCHAIN|KRT5|ASZ1|DAPL1|CCL22|LILRA3|LOC101928173|MMP20|ACTA1,ANKRD36BP2|PROK2|LINC01405|LAMP5|WFDC21P|CTCFL|XIST|COL9A3|ASB5|NTN4|KLRC2///KLRC1|LINC00877|LINC01268|CCL22|SYT17|GPM6A,0.05830334274089739,0.059111146630715,0.1061759663668868,0.4100993956880872
67,280,146,134,0.1875,TCL1B|IGHV1-69|DNER|SMPX|KRT5|KRT6A|MMP3|LEP|UMODL1|MAGEA6///MAGEA3|CNTN3|RAB25|FCER2|CENPV|ORM2///ORM1|ZNF711,ELOVL7|LOC102724689|MMP3|FDCSP|LOC283454///HRK|FAM9C|P2RY12|EPHA4|LOC101928173|GPAT3|XIST|S100A2|MMP1|MAGEB18|ORM1|MAGEA6///MAGEA3,0.058321977830609176,0.05699274057109331,0.10585036344457333,0.3954043281745297
68,280,146,134,0.3125,LOC105375172|BTBD16|SACS-AS1|DNER|EPHB1|FCER2|BIK|KCCAT333|MYOCD|IGHD|RNF183|UGT2B17|KRT14|CTTNBP2|PITX1|UMODL1,HPDL|LOC101930415|MUC16|KRT13|RASSF6|LINC00877|SFRP2|IGKV1OR2-108|KCNH8|SOX8|EPHA4|XK|SNX29P1///SNX29P2|TCL1B|TFPI2|CT45A8///CT45A9///CT45A10///CT45A7///CT45A2///CT45A1///CT45A6///CT45A5///CT45A3,0.05827001936836189,0.05739311296557835,0.11013976607262325,0.40809357859925316
69,280,146,134,0.1875,MYOCD|UMODL1|MMP13|UGT2B17|TCL1A|C17orf99|DNAH8|IL12B|LOC105375172|P2RY12|CSRP3|FHOD3|MT1M|MAL2|ZNF883|SYT17,MT1M|GTSF1|SNX29P1///SNX29P2|CHI3L1|CD74|PKHD1L1|USP9Y|ZBTB32|MAGEB1|TRPM4|XIST|LHX8|MAL2|KRT6A|FAM30A|RASSF6,0.05827812113680881,0.05794132143113341,0.10536424677929915,0.3961351665966907
70,280,146,134,0.0,TNNC1|SPRR1B|MYOT|SLN|MYL1|KRT6A|KRT14|SDR16C5|ZNF385B|MYL2|ASB5|PPBP|SMPX|FDCSP|EYA2|C7orf57,LILRA4|LYPD6B|KRT5|MGST1|HLA-DRB4|HEPACAM2|FCAMR|XIRP2|LOC440864///MSH6|IGHV1-69|CTTNBP2|LOC613266|GPR158|VPREB3|KDM5D|EYA2,0.05829060218764458,0.0568623523597161,0.1122795139758604,0.40842643068000617
71,280,146,134,0.125,LECT2|LOC105375172|BEX2|LOC101929141///CCDC144CP///CCDC144B///CCDC144A|RASSF6|DNER|MMP13|SACS-AS1|KRT13|HLA-DQB1|HLF|KRT14|RGS13|KRT6A|FCRL4|ZNF750,ZNF257|CCR10|MMP7|IGSF11|EPHA4|LOC102724689|AP3D1|CCL17|S100Z|CXCL6|IL22RA2|PRAME|BIK|LEP|FCGR3B///FCGR3A|CTAG1A///CTAG1B,0.05827887668062648,0.05684467261232952,0.12181109597361915,0.3891928289324814
72,280,146,134,0.3125,CPXM1|TCL1A|IGLJ3///IGLV1-44///CKAP2///IGLV@///IGLC1|FAM30A|LOC283454///HRK|IL17RB|DNER|SYT17|IGK///IGKC|MUC16|LHX8|TPRG1|XCL2///XCL1|UBASH3A|EPHB1|TXLNGY,CPXM1|KIAA0226L|STAG3|SOX8|TXLNGY|MATN3|STXBP6|MYOT|IGHV3-23///IGHV4-31///IGHM///IGHG3///IGHG1///IGHD///IGHA1///IGH|HIST1H3B|MARCO|LOC101929272|MMP1|GTSF1|IGLJ3///IGLV1-44///CKAP2///IGLV@///IGLC1|CD24,0.05830406947271738,0.05739304053924338,0.11792210269178366,0.3855454466770641
73,280,146,134,0.125,RASSF6|IGK///IGKC|HLF|FAM30A|IGHV3-23///IGHV4-31///IGHM///IGHG3///IGHG1///IGHD///IGHA1///IGH|IGKV1OR2-108|HTR3A|LOC102725526///IGHV4-31///IGHM///IGHG3///IGHG2///IGHG1///IGHA2///IGHA1///IGH|C4orf22|CCL21|ZNF711|NTS|VPREB3|LILRA4|SPIC|LECT2,SCARA5|LOC440864///MSH6|STEAP2|CTCFL|MMP7|IGLJ3///IGLV1-44///CKAP2///IGLV@///IGLC1|TNFRSF17|LOC101930415|P2RY12|CCL22|PNMAL1|KDM5D|ZNF385B|TSIX|HLA-DQB1|MAL2,0.05827498141640757,0.05745337354929153,0.10942686205062876,0.3988094806045202
74,280,146,134,0.4375,UMODL1|APELA|DNER|MUC16|FHOD3|KCCAT333|TXLNGY|PLA2G2D|HEPACAM2|KCNN3|MYOT|IGLJ3///IGLV1-44///CKAP2///IGLV@///IGLC1|MMP20|KRT13|MYOCD|SPIC,SFRP4|MAGEA6|SPRR1B|COL9A3|SPIC|MMP7|DAPL1|CXCL6|HPDL|CTAG2|VSIG4|CCL17|CHI3L1|CETP|LOC100509457///HLA-DQA1|DNAH8,0.0583123512452713,0.057943231042809434,0.10334825828541369,0.4001637998599656
75,280,146,134,0.1875,KRT5|KRT6A|TCL1A|JCHAIN|CSRP3|PITX1|NOL4|CTAG2|CXCL8|DNER|MMP3|LINC01021|MYL1|ZNF711|IGHV3-23///IGHV4-31///IGHM///IGHG3///IGHG1///IGHD///IGHA1///IGH|MMP13,LOC101930067|MMP1|STEAP2|PROK2|SCARA5|CCR10|MAGEA4|FABP4|EYA2|XIST|FCRL4|IL17RB|ABCG5|LOC102724689|PLA2G2A|MAGEB2,0.05830284397400476,0.057573469802284935,0.09706273898691879,0.4048233357242786
76,280,146,134,0.375,MAGEA6///MAGEA3|BIK|MMP3|BTBD16|KCCAT333|IGLJ3///IGLV1-44///CKAP2///IGLV@///IGLC1|JCHAIN|PROK2|TNFRSF17|LOC283454///HRK|IGKV1OR2-108|PNMAL1|FCRL4|SPIC|UMODL1|MYOCD,MYL1|SOST|PPP1R14C|MYOCD|SOX2-OT|RGS13|KCNK12|XIST|GJB6|LOC101929141///CCDC144CP///CCDC144B///CCDC144A|VSIG4|C3orf67|C16orf74|SMC3|MME|MAL2,0.05826559258985288,0.057806677627372516,0.10208962164086242,0.4126875134652642
77,280,146,134,0.3125,MYOCD|HTR3A|TCL1B|SYT17|FHOD3|EML6|PDZRN4|RAB25|IL12B|PNMAL1|SPIC|DNER|RPS4Y1|BIK|GPM6A|SOST,MT1M|IGLJ3///IGLV1-44///CKAP2///IGLV@///IGLC1|CHI3L1|LHX8|UBASH3A|HLA-DQA1|KDM5D|CCL22|LOC101930415|FAM167A-AS1|FAM111B|LOC100509457///HLA-DQA1|IGLJ3///CKAP2|LOC100653057///CES1|GOLIM4|EIF1AY,0.05832024844230364,0.05710111070651408,0.10878673186744969,0.41089020942460486
78,280,146,134,0.25,TCL1A|TNNC1|BIK|RNF183|HTR3A|ITIH3|UMODL1|USP9Y|CSRP3|KLHL32|RASSF6|JCHAIN|SMPX|SDR16C5|WISP2|IGLJ3///IGLV1-44///CKAP2///IGLV@///IGLC1,OVAAL|ZNF257|SOX2-OT|TXLNGY|AQP9|OLFM4|MME|FCGR3B///FCGR3A|MYL1|KIAA0226L|C1QB|P2RY12|IGHV1-69|STXBP6|ABCG5|PPBP,0.05832244687131216,0.056977518213034734,0.10286214142500598,0.42170101961626233
79,280,146,134,0.125,FCRL4|LOC283454///HRK|HTR3A|HLF|ASZ1|EPHB1|FAM30A|STXBP6|ICOS|IGLJ3///IGLV1-44///CKAP2///IGLV@///IGLC1|CCL17|OVAAL|CD5L|PPBP|KCNN3|MLK7-AS1,MYOT|MMP7|C12orf77|STEAP2|CCR6|HEPACAM2|VPREB3|SUGCT|DNER|LYPD6B|FABP4|EIF1AY|ORM1|HK3|LOC100134317///LOC284412|WISP2,0.058333745252642545,0.05899810560475116,0.09971043697441069,0.4038892720790667
80,280,146,134,0.25,ZNF257|SYT17|BIK|HAGLROS|FCER2|KCCAT333|MYOT|DNER|TCL1A|LOC105375172|KRT5|SDR16C5|KRT14|RGS13|ORM2///ORM1|MMP3,JCHAIN|SAA2-SAA4///SAA2///SAA1|IGLJ3///IGLV1-44///CKAP2///IGLV@///IGLC1|CRNDE|SOX8|ICOS|XIRP2|LGSN|LOC101929272|LOC100505878|MMP12|PSMA8|DDX43|TCL1A|CXCL14|MMP7,0.058304461301177724,0.05657446150502629,0.10436899303793963,0.38862863453759533
81,280,146,134,0.0625,LOC105375172|ASZ1|MUC16|DTX1|DAPL1|CCL17|EEF1A2|LOC101928173|NME8|EYA2|LOC613266|H2AFB1///H2AFB2///H2AFB3|ARL14|EML6|IGHD|TNFRSF17,S100Z|LIN28B|LHX8|HMCN1|MARCO|HTR3A|AP3D1|LOC101927811|CRNDE|FSTL5|CCL21|RASSF6|ZNF257|C17orf99|KLRC2///KLRC1|TCL1B,0.058318452153193395,0.05792402245584796,0.10127045150390013,0.39801855601683045
82,280,146,134,0.125,BTBD16|CXCL6|BEX2|NLRP7|CENPV|SPIC|NOL4|DNAH8|LOC283454///HRK|SNORD3D///SNORD3C///SNORD3B-2///SNORD3A///SNORD3B-1|HLF|ZNF257|NME8|FAM167A-AS1|TNFRSF17|LILRA4,CTCFL|RSPH1|LOC102724689|NME8|RNF183|PDGFRL|NPIPA5///NPIPB5///NPIPB11///NPIPB8///LOC613037///NPIPB4///NPIPB3|IGLJ3///CKAP2|FAM30A|S100Z|HEPACAM2|CETP|KCNH8|FCAMR|FAM129C|CHIT1,0.05825782944650731,0.05835720656869782,0.11280275906847692,0.40543609116511
83,280,146,134,0.25,KCCAT333|UGT2B17|MYOCD|MMP3|KRT14|LOC283454///HRK|DNER|FDCSP|ZNF385B|SFTA3|SFRP4|EPCAM|COL11A1|SFTA2|RAB25|SNX29P1///SNX29P2,SNX29P1///SNX29P2|MIS18BP1|EPHA4|IGKV1OR2-108|OVAAL|WISP2|ASB5|VSIG4|MYH1|CLIP2|PDGFRL|TPSB2|MAGEA6|SUGCT|FABP4|P2RY12,0.058274597772105474,0.058504324898642636,0.10000231230039466,0.3983323384837862
84,280,146,134,0.25,ARL14|FCRL4|RASSF6|PRCAT47|DNER|MAGEA1|BTBD16|CSRP3|LILRA4|LOC105375172|TCL1A|TCL1B|SYT17|KCCAT333|LINC01405|NTS,NRG4|UGT2A3|LINC01102|TCL1A|IL22RA2|PLA2G2D|EYA2|CA3|WISP2|SYT17|FCER2|PPP1R14A|AP3D1|DHRS9|LOC102724689|DAPL1,0.058238558180370395,0.05595274439263716,0.10495025978943585,0.43377245945192683
85,280,146,134,0.25,MYOCD|PDZRN4|LINC00403|LOC283454///HRK|PLA2G2D|FCRL4|HLF|CTAG2|LINC01619|LYPD6B|MAGEA1|IGHV3-23///IGHV4-31///IGHM///IGHG3///IGHG1///IGHD///IGHA1///IGH|FAM30A|DPEP2|CTAG1A///CTAG1B|IGK///IGKC,LINC00403|LINC00487|NPIPA5///NPIPB6///NPIPB8///NPIPB3|KRT5|TXLNGY|C1QA|LMO2|SPAG16|COL10A1|CAMP|LINC01297|FCAMR|RNF128|XIST|PLAC8|CD74,0.05825095818173888,0.057061241766434664,0.10744164488455206,0.42445714103553095
86,280,146,134,0.125,NFE4|FHOD3|C2CD4A|MAGEA12|HTR3A|RGS13|TUBB2B|AICDA|CPXM1|PNMAL1|HLA-DQB1|UBASH3A|FCER2|UMODL1|RASSF6|LOC100509457///HLA-DQA1,EEF1A2|GTSF1|KCNH8|LEP|FHOD3|SUSD5|TMEM158|FCGR3B///FCGR3A|IGKV1OR2-108|C2CD4A|CCR10|SERPINA9|C4orf22|CT45A8///CT45A9///CT45A10///CT45A7///CT45A2///CT45A1///CT45A6///CT45A5///CT45A3|EPYC|STEAP2,0.05825815150810114,0.05645769635594813,0.11622737028343236,0.41343071804043247
87,280,146,134,0.375,TCL1B|TNNC1|MYOT|MMP13|SYT17|MMP20|LINC01021|CSRP3|TCL1A|MYL2|IGHV3-23///IGHV4-31///IGHM///IGHG3///IGHG1///IGHD///IGHA1///IGH|ASB5|UMODL1|FAM30A|NPIPA5///NPIPB6///NPIPB8///NPIPB3|IGLJ3///IGLV1-44///CKAP2///IGLV@///IGLC1,KRT13|LOC100996809///HLA-DRB5///HLA-DRB4///HLA-DRB3///HLA-DRB1|LOC101929141///CCDC144CP///CCDC144B///CCDC144A|TCL1A|HLA-DQB1|MAGEA1|CETP|IGKV1OR2-108|HIST1H3B|LIN28B|COL9A3|XIRP2|XCL2///XCL1|SPINK2|KCNN3|HMCN1,0.058289771595212064,0.05699093254466867,0.10644888652805418,0.4081953828012947
88,280,146,134,0.125,LINC01405|OVAAL|C12orf77|CHI3L1|ARL14|IGHV1-69|HLF|TCL1A|MMP12|PITX1|LOC105375172|MYOCD|ZNF711|FAR2P3///FAR2P2|SUSD5|CAMP,NPIPA5///NPIPB5///NPIPB11///NPIPB8///LOC613037///NPIPB4///NPIPB3|CTCFL|SERPINA9|LOC100134317///LOC284412|HLA-DQA1|FABP4|CTAG1A///CTAG1B|TRPM4|SUGCT|FAM151A|RPS4Y1|CT45A8///CT45A9///CT45A10///CT45A7///CT45A2///CT45A1///CT45A6///CT45A5///CT45A3|CTTNBP2|PITX1|TCL1B|IL22RA2,0.05833837279426822,0.05751653540962243,0.09835033051222611,0.38850598434613476
89,280,146,134,0.375,UMODL1|LOC105372840|MUC16|RGS13|MMP20|ZNF711|NTS|TNFRSF17|LOC283454///HRK|ASB5|LINC01405|KCCAT333|CPXM1|ZNF385B|TCL1A|DNAH8,COL9A3|KRT14|S100Z|KRT13|S100A9|IGKV1OR2-108|CCL21|CTAG2|CAMP|LINC00877|GPAT2|LEP|C15orf48|LOC101927811|WFDC21P|NPY1R,0.0583204747330336,0.05712541608031396,0.10264669767067565,0.39985496854569924
90,280,146,134,0.1875,EPHB1|SNORD3D///SNORD3C///SNORD3B-2///SNORD3A///SNORD3B-1|ASZ1|LRRN1|LECT2|KRT14|CILP|CCL17|KRT5|KRT6A|DNER|IGLJ3///IGLV1-44///CKAP2///IGLV@///IGLC1|SPIC|CKAP2///IGLC1|IL17RB|FDCSP,ZBTB32|PROK2|MMP3|RAB25|LRP1B|IGLJ3///IGLV1-44///CKAP2///IGLV@///IGLC1|IL22RA2|SMC3|GOLIM4|OLFM4|LOC100130744|HAGLROS|NME8|MAGEA6|PITX1|SFRP4,0.05828420068002578,0.05740473580196311,0.11075219088578968,0.40028276213109
91,280,146,134,0.3125,ASB5|LILRA3|JCHAIN|NME8|UMODL1|LOC102724689|IGLJ3///IGLV1-44///CKAP2///IGLV@///IGLC1|RGS13|MMP20|LCTL|IGHV3-23///IGHV4-31///IGHM///IGHG3///IGHG1///IGHD///IGHA1///IGH|LOC102725526///IGHV4-31///IGHM///IGHG3///IGHG2///IGHG1///IGHA2///IGHA1///IGH|GJB2|ORM2///ORM1|LOC105375172|LOC283454///HRK,SERPINA9|CILP|MAMDC4|TFPI2|SMPX|GOLIM4|LINC00487|C3orf67|FAM129C|VSIG4|ICOS|LOC100130744|WFDC21P|LILRA4|CTCFL|CRNDE,0.05827007690455789,0.05679910624290831,0.11425760296062466,0.3977984468549007
92,280,146,134,0.375,RGS13|LOC283454///HRK|BIK|EML6|RNF183|TCL1B|PLAC8|MMP12|TCL1A|HTR3A|ITIH3|LINC00525|FCER2|CCL17|RASSF6|CCL21,TCL1A|LTF|LINC01102|PITX1|MMP12|NLRP11|LOC101930415|TFPI2|LINC00877|MYOCD|KCCAT333|ABCG5|IL12B|EML6|TRIM59///IFT80|HEPACAM2,0.05828521373538201,0.056599304975411054,0.11204654814183827,0.3973414536449042
93,280,146,134,0.125,HSF5|RNF183|BIK|HLF|CLIP2|SI|ZNF883|MMP3|LILRA4|CSRP3|JCHAIN|NOL4|FCER2|WFDC21P|HTR3A|MMP20,LINC01619|CCL22|ASMT|FAM30A|MMP7|SERPINA9|SOX9|LOC101930114|MME|NPIPA5///NPIPB6///NPIPB8///NPIPB3|HMCN1|FAP|CRYBA4|GTSF1|GPAT2|IGHD,0.0582819082821906,0.05671528717421268,0.11411538880849857,0.4162036683861534
94,280,146,134,0.25,SLN|DNAH8|CA3|GJB2|LOC283454///HRK|SMPX|LILRA3|ASB5|C15orf48|MAGEA1|TCL1A|KCCAT333|MYOCD|LRRN1|CCL21|PTPN20,RGS13|NTN4|NTS|MME|H2AFB1///H2AFB2///H2AFB3|SCARA5|HTR3A|CTAG2|LOC105372840|EIF1AY|MMP3|HAGLROS|SOX2-OT|SMPX|LRP1B|UMODL1,0.05822477737628762,0.057683527314227885,0.11274299871503263,0.38341687211944847
95,280,146,134,0.25,ASZ1|TCL1A|LOC102724689|DNER|LOC613266|PROK2|MMP20|MMP13|EYA2|NMU|ZNF711|DNAJC12|LINC01021|FAM30A|EML6|JCHAIN,S100Z|MGST1|DNAJC12|C15orf48|PRAME|ZBTB32|IL17RB|MMP20|CLGN|MUC16|LOC101928173|RSPH1|KRT13|C1QB|STXBP6|CCL21,0.05824833500049792,0.056253504347083844,0.10989753895248318,0.3892613196019977
96,280,146,134,0.1875,DNER|HBB|VSIG4|ASZ1|ACTA1|IYD|TCL1B|RASSF6|SPRR1B|DAPL1|LILRA3|CSRP3|UGT2B17|IGLJ3///IGLV1-44///CKAP2///IGLV@///IGLC1|S100A9|LOC100509457///HLA-DQA1,ACTA1|NOL4|NLRP11|ORM2///ORM1|HIST1H1B|FCRL4|LEP|LILRA3|SDR16C5|SOST|MUC16|HLA-DQA1|MAGEA9B///MAGEA9|NMU|CTTNBP2|MMP1,0.05831563191664085,0.05781242921150166,0.09758884122093271,0.3946995083572409
97,280,146,134,0.125,SLN|TNNC1|CSRP3|WISP2|UMODL1|RNF183|MYL1|UGT2B17|SFTA2|LRRN1|MYOT|DNAH8|SMPX|RNF128|MAL2|LOC613266,TCL1A|GPAT2|ZIC2|LILRA3|SFRP2|LINC00877|SCARA5|HTR3A|UMODL1|VPREB3|BIK|SPRR1B|ZNF257|RASSF6|NMU|SLN,0.0582537658031935,0.05759992550540628,0.1040349171326778,0.43211552170604156
98,280,146,134,0.3125,UMODL1|DNAH8|PNMAL1|LILRA3|IGHV3-23///IGHV4-31///IGHM///IGHG3///IGHG1///IGHD///IGHA1///IGH|KRT5|UBASH3A|LOC105372840|MUC16|EPCAM|DNER|TCL1A|RGS13|IGLJ3///IGLV@///IGLC1|MMP20|LIN28B,LILRA3|SYT17|LIN28B|LYPD6B|KCNN3|LOC102724689|GJB2|BIK|ASPN|TCL1A|RPS4Y1|HAGLROS|LGSN|MAL2|MSTN|NLRP7,0.0582929318366989,0.05853706578579658,0.10358908312176208,0.40470156736954893
99,280,146,134,0.3125,CCL17|KCCAT333|ASZ1|PDZRN4|LIPI|ORM1|RNF183|RSPH1|CENPV|TCL1A|LOC283454///HRK|LOC100653057///CES1|IGK///IGKC|COL11A1|C17orf99|DNAH8,MATN3|LRP1B|HTR3A|AQP9|HK3|LYPD6B|LOC100509457///HLA-DQA1|PCSK1|MAGEB1|CLIP2|CNTN3|RAB25|LINC00877|COL11A1|COL9A3|EPYC,0.058344996745942186,0.05773662070872656,0.10547562586236242,0.39464011263928656
100,280,146,134,0.0,SYT17|CYP26A1|EYA2|CT45A8///CT45A9///CT45A10///CT45A7///CT45A2///CT45A1///CT45A6///CT45A5///CT45A3|ARL14|LILRA4|HTR3A|LVRN|PNMAL1|RSPH1|LILRA3|ZNF385B|SDR16C5|WFDC21P|C16orf74|RASSF6,PPBP|PCSK1|LVRN|FAR2P3///FAR2P2|NLRP7|ASMT|EYA2|CYP26A1|KRTDAP|MT1M|TSIX|HLA-DQB1|SPINK2|C15orf48|MYOT|MYOCD,0.05827678989582395,0.056934505152603676,0.11773781103994077,0.40806257333339474
101,280,146,134,0.5625,MMP20|RNF183|BIK|LOC283454///HRK|RGS13|TCL1A|DNER|SPIC|EPCAM|ITIH3|IGK///IGKC|IGHV1-69|MMP12|FHOD3|IGLJ3///IGLV1-44///CKAP2///IGLV@///IGLC1|C4orf22,MAGEA6|EPHA4|STAG3|PNMAL1|CTCFL|MAMDC4|CRNDE|LILRA4|DNER|CILP|XK|LINC00487|NME8|IL22RA2|DNAH8|HTR2B,0.05829318284433096,0.056298560989335195,0.11124833105857201,0.3957330487632233
102,280,146,134,0.375,HTR3A|CSRP3|MYOCD|FCRL4|TCL1B|BIK|LOC283454///HRK|EYA2|ASB5|HEPACAM2|MMP20|KCCAT333|UMODL1|TFPI2|PROK2|LOC105375172,LOC101930415|FAM9C|XK|LINC00877|PABPC5|FAM30A|KCNN3|IGK///IGKC|ELOVL7|LRRN1|FDCSP|SYT17|FCRL4|FSTL5|CLIP2|CTCFL,0.05829764646628087,0.05736371801026614,0.10162962502868617,0.3953448738551427
103,280,146,134,0.375,USP9Y|BTBD16|SLN|TNFRSF17|TCL1B|CAMP|UMODL1|VPREB3|DNER|SPIC|KCCAT333|EML6|TNNC1|HTR3A|IGHV3-23///IGHV4-31///IGHM///IGHG3///IGHG1///IGHD///IGHA1///IGH|RPS4Y1,S100A8|PKHD1L1|LOC102725426///MIR8071-2///MIR8071-1///IGHM///IGHG1|LOC105372840|ZYG11A|IGKV1OR2-108|LOC101929141///CCDC144CP///CCDC144B///CCDC144A|MATN3|STEAP2|GPM6A|LINC00877|AP3D1|BIK|MMP3|FCGR3B///FCGR3A|PLA2G2A,0.05824280693281163,0.05703979057329947,0.09744144428128107,0.40759575622819216
104,280,146,134,0.375,LOC283454///HRK|SPRR1B|KRT5|EML6|CCL17|MUC16|UMODL1|CXCL6|UGT2A3|ASZ1|RASSF6|ZNF711|MMP20|CD1C|KCCAT333|DNER,NCKAP5|IGLJ3///CKAP2|PITX1|MAGEA9B///MAGEA9|EML6|LINC01527|TRPM4|ZIC2|LYPD6B|EEF1A2|OMD|NMU|OLFM4|MMP7|UGT2B17|IYD,0.05824745963563603,0.057023811595742685,0.10998785848202106,0.4122022064306936
105,280,146,134,0.25,DHRS9|UMODL1|LOC283454///HRK|SI|ITIH3|PROK2|PLA2G2D|RGS13|TCL1B|EYA2|RASSF6|FSTL5|ZNF711|HTR3A|MUC16|LOC613266,CT45A8///CT45A9///CT45A10///CT45A7///CT45A2///CT45A1///CT45A6///CT45A5///CT45A3|KRT14|JCHAIN|MUC16|IL22RA2|STAG3|IL13RA2|LILRA4|LCTL|LEP|EPYC|ZPBP2|NPY1R|MAGEB2|TCL1A|C3orf67,0.0582647997189584,0.05714081824757102,0.11162779575208809,0.4106033261383689
106,280,146,134,0.3125,UGT2B17|RASSF6|ZNF385B|UMODL1|FAR2P3///FAR2P2|PXDNL|IGLJ3///IGLV1-44///CKAP2///IGLV@///IGLC1|EML6|DNER|HTR3A|DNAH8|EPCAM|S100A2|PPBP|TCL1A|PSMA8,PPBP|PITX1|MIS18BP1|NME8|LOC100130744|LOC440864///MSH6|AICDA|P2RY12|NLRP4|SERPINA9|TRPM4|SPIC|MME|SOX2-OT|LRRN1|IGSF11,0.05831121927219088,0.05646413025016217,0.096834268245332,0.3890399831269549
107,280,146,134,0.1875,RGS13|FCER2|SMPX|NMU|NLRP4|HLF|IGHD|IGK///IGKC|IGLJ3///IGLV1-44///CKAP2///IGLV@///IGLC1|CLGN|LHX8|IGHV3-23///IGHV4-31///IGHM///IGHG3///IGHG1///IGHD///IGHA1///IGH|ZNF711|JCHAIN|OGDHL|HBA2///HBA1,MMP13|S100A8|PPBP|EIF1AY|NOL4|EPCAM|CILP|C7orf57|STAG3|ZNF385B|KCCAT333|CPXM1|OVAAL|IGK///IGKC|LOC101927811|MARCO,0.05827601782425277,0.0572439581481068,0.11617418136697562,0.3939717594358038
108,280,146,134,0.1875,KRT14|KRT6A|EML6|PRAME|NME8|PXDNL|LOC283454///HRK|EPCAM|C2CD4A|CKAP2///IGLC1|CSRP3|FHOD3|PITX1|HTN3|MMP20|SMPX,S100Z|KCNK12|SFTA3|ORM1|LOC101929272|XK|CA3|LOC283454///HRK|C17orf99|ZNF711|LILRA4|CT45A8///CT45A9///CT45A10///CT45A7///CT45A2///CT45A1///CT45A6///CT45A5///CT45A3|P2RY12|CILP|CD74|CD1C,0.058223790301729625,0.05884458767427977,0.10492246647148024,0.40801609453591553
109,280,146,134,0.1875,CAMP|BTBD16|DNER|MAGEA4|SYT17|CTCFL|ZNF711|SFTA2|UGT2A3|TCL1B|NPIPA5///NPIPB6///NPIPB8///NPIPB3|ABCG5|LINC00996|GPR158|LOC105372840|MUC16,RASSF6|KCNK12|JCHAIN|AICDA|IL22RA2|PKHD1L1|SDR16C5|IGKV1OR2-108|SFRP2|STAG3|KDM5D|MAGEB2|NLRP7|FSTL5|CCR10|LOC101930415,0.058267547098562605,0.05664089028101818,0.10448518185222382,0.38814013556976057
110,280,146,134,0.1875,UGT2B17|IGHD|ASB5|CTAG2|CD1C|DNAH8|CXCL8|CSRP3|EML6|MMP20|ZIC2|TNFRSF17|PSMA8|MYOT|CCL17|LOC102724689,LOC101930415|HLF|MAGEA6|ZNF385B|MAGEB1|ANKRD36BP2|IGHV3-23///IGHV4-31///IGHM///IGHG3///IGHG1///IGHD///IGHA1///IGH|MAGEB2|TFPI2|AICDA|SMC3|UBASH3A|LOC101929141///CCDC144CP///CCDC144B///CCDC144A|CLGN|WFDC21P|S100A7,0.058300395871001824,0.05733652237131259,0.12827767627245729,0.4169230622824471
111,280,146,134,0.1875,DNAH8|CT45A8///CT45A9///CT45A10///CT45A7///CT45A2///CT45A1///CT45A6///CT45A5///CT45A3|TMEM52B|HTR3A|CCDC110|EML6|LINC01619|CCL17|WFDC21P|ZNF711|DNER|LOC105372840|H2AFB1///H2AFB2///H2AFB3|MUC16|FDCSP|RGS13,MMP1|C3orf67|HIST1H1B|UBASH3A|CILP|IFIT1|TRPM4|ORM1|HEPACAM2|ASMT|CLGN|LGSN|FCRL4|COL11A1|LIN28B|RPS4Y1,0.05828412619266288,0.05687106258264621,0.10242593058935102,0.38979397463764176
112,280,146,134,0.3125,TCL1A|TCL1B|UMODL1|EML6|NME8|FCER2|LILRA3|UGT2B17|ZNF711|P2RY12|BEX2|MMP20|MAGEA6///MAGEA3|FHOD3|CPXM1|SPRR3,LEP|WFDC21P|HAGLROS|UGT2B17|ORM2///ORM1|S100A8|NMU|IGLJ3///CKAP2|CTTNBP2|ADIRF|FHOD3|IL13RA2|S100A2|HSF5|PKHD1L1|ABCG5,0.05829563006570798,0.056352542609690456,0.09494052344948961,0.39747948978138187
113,280,146,134,0.125,MYOCD|LOC613266|HTR3A|CCR10|MGST1|GTSF1|LOC105372840|CCL17|HEPACAM2|C16orf74|MUC16|UMODL1|MAL2|UGT2B17|HLA-DQB1|LYPD6B,SOX8|CCL21|MFAP4|LOC101929141///CCDC144CP///CCDC144B///CCDC144A|DNAH8|IL12B|NPIPA5///NPIPB5///NPIPB11///NPIPB8///LOC613037///NPIPB4///NPIPB3|SPIC|ICOS|MYOCD|SACS-AS1|MAGEA9B///MAGEA9|DNAJC12|ANKRD36BP2|IGKV1OR2-108|MIS18BP1,0.05830479851883988,0.05701199566383272,0.10266884142050539,0.39963688918955986
114,280,146,134,0.25,LOC101927811|DNAH8|RGS13|SPIC|NOL4|MYOCD|ZNF883|MYOT|CTTNBP2|HMCN1|LOC613266|GPM6A|IGK///IGKC|STXBP6|NRG4|P2RY12,TRPM4|CCL17|CXCL6|IL12B|CTTNBP2|LOC105375172|FAM111B|CILP|IL17RB|H2AFB1///H2AFB2///H2AFB3|MAGEB1|NLRP7|LYPD6B|HLA-DQB1|PIR-FIGF///FIGF|CCDC110,0.058324136071546455,0.05783013538562294,0.10583649127292558,0.38033266844229796
115,280,146,134,0.375,MMP3|UMODL1|MAL2|KLRC4|RGS13|SH3GL2|FHOD3|SFRP4|EML6|JCHAIN|OLFM4|ICOS|TCL1A|FDCSP|DNER|IGLJ3///IGLV1-44///CKAP2///IGLV@///IGLC1,C1QB|LINC01021|RSPH1|CD74|P2RY12|TREM1|CILP|SCARA5|MGST1|GJB2|KDM5D|HEPACAM2|TCL1A|SYT17|SH3GL2|GTSF1,0.05829706776165714,0.05912415786808073,0.1001520034154946,0.41483825106081823
116,280,146,134,0.25,JCHAIN|LOC101928173|KCCAT333|UMODL1|FAM167A-AS1|LIN28B|HTR3A|LOC101929272|LINC01268|MAGEB2|DNER|S100A2|KRT6A|KCNN3|LOC283454///HRK|MME,ZNF711|TRIM59///IFT80|SHISA8|CT45A8///CT45A9///CT45A10///CT45A7///CT45A2///CT45A1///CT45A6///CT45A5///CT45A3|MMP20|RSPH1|KRT14|SOX8|LCTL|UGT2B17|LINC01021|PDGFRL|AICDA|KRT6A|EPYC|IGK///IGKC,0.05830157594560295,0.057176213298572934,0.09971812949311518,0.3986153277306795
117,280,146,134,0.4375,DNER|MYOCD|MAGEA4|TCL1A|RGS13|LOC613266|SACS-AS1|P2RY12|DNAH8|KCCAT333|MMP20|CD5L|NMU|BEX2|PDZD2|TCL1B,CETP|SERPINA9|KCNN3|CTCFL|LYPD6B|CILP|NOL4|CLGN|CCR10|LOC100505878|IGK///IGKC|CAMP|GPM6A|VSIG4|IGHV1-69|ORM2///ORM1,0.05825184730352992,0.05721003043050099,0.11890170675669942,0.40652930874574267
118,280,146,134,0.0625,BIK|MAGEA6///MAGEA3|LRRN1|PITX1|MYOCD|DNAH8|PLAC8|ORM1|LOC105372840|BTBD16|CCL22|SYT14|NME8|APOD|WFDC21P|MYOT,FCER2|HPDL|LOC101930415|S100A8|LOC101929141///CCDC144CP///CCDC144B///CCDC144A|C15orf48|LMO2|RGL4|IGLJ3///IGLV1-44///CKAP2///IGLV@///IGLC1|TCL1A|TRPM4|P2RY12|OGDHL|HSF5|LYPD6B|FABP4,0.05827558583626013,0.05841991772107971,0.1102788773410426,0.396249857813155
119,280,146,134,0.1875,LINC01405|DNER|CSRP3|LRRN1|EML6|MYL2|SDR16C5|LHX8|EYA2|IGKV1OR2-108|JCHAIN|FAR2P3///FAR2P2|IGHD|MYOCD|SYT17|NME8,SYT17|VSIG4|LOC105372840|SACS-AS1|NPIPA5///NPIPB6///NPIPB8///NPIPB3|CCL17|UBASH3A|CXCL6|HLF|LIN28B|LOC101929272|TMEM17|TREM1|MGST1|CSRP3|EPHB1,0.0582718662406067,0.05784634924828273,0.10335578680406751,0.4058807488570912
120,280,146,134,0.25,DNER|MMP12|FCER2|KRT5|SYT17|ICOS|FSTL5|HTR3A|S100A7|CCDC110|TCL1A|MYOT|LOC283454///HRK|KLRC4|MYOCD|MMP3,TFPI2|SFRP4|CA3|ZNF883|CTAG1A///CTAG1B|CTTNBP2|C7orf57|ICOS|GPR158|LOC102723648|LOC100996809///HLA-DRB5///HLA-DRB4///HLA-DRB3///HLA-DRB1|FCRL4|RSPH1|CCDC110|RASSF6|LINC00877,0.05832907691715261,0.05853359987906229,0.09735097357695947,0.3962585237497216
121,280,146,134,0.375,HTR3A|RGS13|APELA|DNER|JCHAIN|KRT13|KCCAT333|TCL1A|MYOCD|CCDC110|LOC101929272|PNMAL1|CT45A8///CT45A9///CT45A10///CT45A7///CT45A2///CT45A1///CT45A6///CT45A5///CT45A3|MMP20|MMP3|LINC01619,SOX8|USP9Y|CCDC110|MMP1|LOC102724689|KRT5|ICOS|LINC01619|FAM111B|ZPBP2|XIST|LOC102725526///IGHV4-31///IGHM///IGHG3///IGHG2///IGHG1///IGHA2///IGHA1///IGH|PCSK1|FAM9C|EIF1AY|PNMAL1,0.058255211913635016,0.056910637024716784,0.11232485942898364,0.4245697059113288
122,280,146,134,0.3125,UMODL1|TCL1A|RGS13|UGT2B17|HEPACAM2|LOC101928173|FCER2|HLF|FOXG1|HTR3A|TRPM4|KRT5|MYOCD|ZIC2|C15orf48|SPIC,LOC101930114|ORM1|FOSB|RGS13|FAR2P3///FAR2P2|TRIM59///IFT80|PCSK1|PLA2G2A|IGLJ3///IGLV@///IGLC1|INHBA|MFAP4|COL10A1|OLFM4|HLF|MMP12|UBASH3A,0.058292283229209534,0.05862564253830757,0.1114292187327445,0.4227790468073928
123,280,146,134,0.1875,BTBD16|EML6|ASB5|KCCAT333|TCL1B|FCRL4|MAGEA12|C2CD4A|LOC101929272|HLA-DQA1|CENPV|MYH1|DHRS9|PLA2G2D|GJB2|P2RY12,MMP12|SPINK2|PRAME|ZNF385B|C15orf48|PPBP|RGS13|XIST|CTTNBP2|STXBP6|ASB5|XK|MAMDC4|UGT2B17|SAXO2|LRP1B,0.05829146443776734,0.058063922863346426,0.09828837187398524,0.41937709587323074
124,280,146,134,0.0625,FAM167A-AS1|LINC01405|EYA2|FCER2|ASB5|LOC101929272|PNMAL1|WFDC21P|ZNF711|CENPV|NTS|MMP20|MAGEA9B///MAGEA9|DHRS9|LILRA3|MARCO,HLF|JCHAIN|FCER2|MLC1|LRRN1|LOC339260|CLGN|CTAG1A///CTAG1B|CCL17|LOC101929272|SOST|SERPINA9|MT1M|UMODL1|CCR10|HSF5,0.05828584858357707,0.056548159116473144,0.11271206577221325,0.42858169722083866
125,280,146,134,0.25,KRT14|KRT6A|LECT2|NFE4|KRT13|LINC00403|MYOCD|MAL2|CAMP|DNER|MAGEA6|EYA2|CCR6|ITIH3|SPIC|RNF183,ZNF257|XIST|PABPC5|WFDC21P|IGK///IGKC|S100Z|KRT6A|LINC00487|PITX1|EML6|KRT5|CD163|UMODL1|MAGEA9B///MAGEA9|MMP7|ITIH3,0.05821757643655502,0.058473166406095956,0.1263256049940919,0.41045526731331355
126,280,146,134,0.1875,KRT5|FCER2|SYT17|NOL4|TCL1A|IGHD|MMP1|LILRA3|ZNF385B|IGLJ3///IGLV1-44///CKAP2///IGLV@///IGLC1|LOC105375172|LHX8|KRT14|EYA2|MMP20|FOXG1,MMP1|MIS18BP1|ZYG11A|C4orf22|SOST|C17orf99|GTSF1|TCL1B|SFRP4|CLIP2|HMCN1|ZPBP2|P2RY12|SNORD3D///SNORD3C///SNORD3B-2///SNORD3A///SNORD3B-1|LYG1|FCRL4,0.05829793850644924,0.05641098252993626,0.09733731592200967,0.39837808051686324
127,280,146,134,0.125,BTBD16|HEPACAM2|WFDC21P|KRT6A|LOC283454///HRK|MLC1|SYT17|CXCL6|MMP20|CPXM1|KRT14|FAM167A-AS1|ASMT|NLRP7|NME8|RIBC2,UHMK1|MYOCD|NCKAP5|XIST|TCL1B|ZPBP2|EPHA4|C1QA|FAR2P3///FAR2P2|STAG3|CPXM1|DNAH8|FAM129C|UMODL1|SFRP2|XK,0.058322249651337144,0.057167612603432914,0.10706369013126521,0.41460692960341367
128,280,146,134,0.1875,HTN3|MYL2|GTSF1|MYOCD|LOC101930114|SMPX|CSRP3|MYL1|LOC100505878|EML6|PNMAL1|SLN|MMP13|DNER|BTBD16|HBB,MATN3|KLRC2///KLRC1|HIST1H3B|FCGR3B///FCGR3A|HLA-DQA1|IL22RA2|CD1C|LTF|LOC105375172|HTR3A|USP9Y|C17orf99|CRNDE|LOC100996809///HLA-DRB5///HLA-DRB4///HLA-DRB3///HLA-DRB1|HK3|C7orf57,0.05825793604784697,0.058167381237977676,0.11021168576793099,0.41265489217134566
129,280,146,134,0.1875,MUC16|PNMAL1|CCL22|PXDNL|BIK|TRPM4|JCHAIN|KRT6A|NOL4|CTCFL|IGHV3-23///IGHV4-31///IGHM///IGHG3///IGHG1///IGHD///IGHA1///IGH|TCL1A|LOC101930114|TCL1B|UMODL1|S100A8,IGLJ3///IGLV1-44///CKAP2///IGLV@///IGLC1|UMODL1|LOC613266|LHX8|CCL22|CCL17|KRT14|LOC100509457///HLA-DQA1|EEF1A2|IGHV3-23///IGHV4-31///IGHM///IGHG3///IGHG1///IGHD///IGHA1///IGH|CHI3L1|IGLJ3///IGLV@///IGLC1|LOC100996809///HLA-DRB5///HLA-DRB4///HLA-DRB3///HLA-DRB1|FCAMR|MLC1|MMP12,0.05828277043318515,0.05712027306015313,0.11558752327686522,0.4043852571689301
130,280,146,134,0.125,MYL2|CSRP3|SMPX|NMU|MYL1|EYA2|SYT17|CT45A8///CT45A9///CT45A10///CT45A7///CT45A2///CT45A1///CT45A6///CT45A5///CT45A3|BIK|CA3|RNF183|KLHL13|MMP1|NLRP7|FAM150B|TCL1B,LMO2|CCR10|MMP7|CCL17|PXDNL|IL17RB|SPINK2|BIK|LOC440864///MSH6|HIST1H1B|S100A8|C3orf67|TCL1A|IGLJ3///IGLV1-44///CKAP2///IGLV@///IGLC1|SERPINA9|LOC102724689,0.05820978213422142,0.05669850820414456,0.1139205642007321,0.3982395078602806
131,280,146,134,0.3125,DNAH8|PDZRN4|LINC01021|CXCL6|LINC01405|EML6|MYOCD|ASZ1|ZNF711|MMP20|DNER|SLN|UMODL1|CENPV|VPREB3|IGKV1OR2-108,FCGR3B///FCGR3A|MT1M|LOC102725426///MIR8071-2///MIR8071-1///IGHM///IGHG1|TCL1B|COMP|S100A8|IGKV1OR2-108|ANKRD36BP2|ASZ1|IGLJ3///IGLV1-44///CKAP2///IGLV@///IGLC1|GOLIM4|LAMP5|LOC105372840|H2AFB1///H2AFB2///H2AFB3|ASPN|KCCAT333,0.05826703458524335,0.05721852933703358,0.11759537472667318,0.40960990891543064
132,280,146,134,0.1875,PXDNL|CCL17|LEP|PDGFRL|MYOCD|STXBP6|LOC105372840|CRYBA4|S100A2|CTAG1A///CTAG1B|TCL1B|CENPV|LOC101930114|RGS13|KRT6A|KRT13,TRPM4|ELOVL7|LMO2|ORM1|SACS-AS1|PABPC5|S100A8|KDM5D|IL22RA2|LOC100130744|UMODL1|LINC00877|MMP20|BEX2|C15orf48|DNAH8,0.05826834247984046,0.05657113135814717,0.10752881578270024,0.4001151165862009
133,280,146,134,0.25,MMP3|LECT2|LOC613266|NOL4|PDZRN4|SCARA5|SI|EYA2|UMODL1|OLFM4|NLRP7|EML6|NPIPA5///NPIPB6///NPIPB8///NPIPB3|LOC283454///HRK|CPXM1|BEX2,SUGCT|MYOT|LOC100505878|H2AFB1///H2AFB2///H2AFB3|C15orf48|NFE4|LOC101927811|SAA2-SAA4///SAA2///SAA1|LECT2|CD163|GJB2|USP9Y|ANKRD20A4///ANKRD20A2///ANKRD20A3///ANKRD20A1|LHX8|ZYG11A|RGS13,0.058316124817942364,0.0579809330572306,0.1054754996143582,0.3956003872445495
134,280,146,134,0.3125,HLF|RASSF6|LOC613266|CT45A8///CT45A9///CT45A10///CT45A7///CT45A2///CT45A1///CT45A6///CT45A5///CT45A3|RGS13|KCCAT333|EML6|SUGCT|SYT17|P2RY12|DNER|UMODL1|HLA-DQB1|MME|DNAH8|FAM167A-AS1,SOX8|WFDC21P|SFRP2|SUGCT|CRNDE|LINC01021|SEC31B|MMP7|LOC100996809///HLA-DRB5///HLA-DRB4///HLA-DRB3///HLA-DRB1|PDZRN4|IL13RA2|IGLJ3///CKAP2|NLRP11|S100A8|ZNF385B|FSTL5,0.058304636305311526,0.057437007818623834,0.10280058866667677,0.40067630374530416
135,280,146,134,0.125,SFTA2|SPIC|KRTDAP|S100A7|CXCL8|SPRR1B|STXBP6|SYT17|HTR3A|KRT14|KRT6A|LOC101930114|DNER|PDCL2|LOC102724689|KCNN3,LRRN1|C7orf57|SACS-AS1|CTGF|HLA-DQA1|DDX43|MAGEA9B///MAGEA9|LEP|CYS1|WFDC21P|IL17RB|C4orf22|LINC01405|ADIRF|PDCL2|TXLNGY,0.05827535586425425,0.057717823537190786,0.1092601774140468,0.3988959709160836
136,280,146,134,0.375,UGT2A3|TCL1B|VPREB3|HLF|MMP12|UMODL1|FCRL4|KRT5|NME8|TCL1A|KCCAT333|DNER|MMP7|EML6|ZNF711|MMP1,ORM1|ZPBP2|CD74|NLRP11|ZIC2|MAGEA6|COL11A1|CILP|SI|C4orf22|ICOS|LOC101930114|C3orf67|LOC101927811|MYOT|C15orf48,0.058325154195087756,0.05796814176040967,0.10241057987597202,0.395375973518072
137,280,146,134,0.125,HBB|KRT14|HBA2///HBA1|DNER|HTR3A|OLFM4|KRT6A|MMP13|MAL2|SPRR1B|PROK2|LOC613266|SAXO2|TCL1B|MYOT|CHIT1,FCGR3B///FCGR3A|LOC105375172|MMP12|ZNF711|LYPD6B|FCER2|HSF5|EPCAM|KLHL13|IL17RB|ZBTB32|IGK///IGKC|PTPN20|KIAA0226L|LRP1B|NOL4,0.05818648326636488,0.05675772787398429,0.12077864928435814,0.39115260764162485
138,280,146,134,0.4375,MMP13|BEX2|TCL1A|MMP3|GPM6A|RGS13|LOC283454///HRK|RASSF6|DNER|PDZRN4|UMODL1|ZNF711|KCCAT333|MYOCD|OLFM4|FDCSP,ANKRD36BP2|MAGEA6///MAGEA3|ITIH3|CXCL14|EPYC|MATN3|PRAME|DNAH8|TFPI2|ORM2///ORM1|SAA2-SAA4///SAA2///SAA1|DDX43|MMP13|NLRP11|CD74|RSPH1,0.05830708034412063,0.0576456737882655,0.10869170428998591,0.3933884029266287
139,280,146,134,0.0625,NLRP7|XCL2///XCL1|FCRLA|KLHL13|TCL1B|HLF|MAGEA6|ICOS|KRT5|ASMT|MAGEA6///MAGEA3|CENPV|LOC101929272|KRT13|BTBD16|PPP1R14A,MAGEA9B///MAGEA9|HEPACAM2|LOC105375172|GPM6A|CAMP|PNMA6A|SACS-AS1|LOC102725426///MIR8071-2///MIR8071-1///IGHM///IGHG1|KCNH8|RSPH1|LINC00877|LOC101927811|IGHV3-23///IGHV4-31///IGHM///IGHG3///IGHG1///IGHD///IGHA1///IGH|ZIC2|PPP1R14A|EPCAM,0.05829454443287652,0.05765175066684983,0.10878428957932208,0.4001984126683645
140,280,146,134,0.25,RGS13|MUC16|C4orf22|DNAH8|LOC283454///HRK|DNAJC12|COL11A1|TCL1B|C17orf99|EYA2|TCL1A|ORM2///ORM1|HEPACAM2|UGT2B4|CILP|SFRP4,COMP|NPY1R|UGT2B4|HEPACAM2|STEAP2|KRT5|KCNN3|HK3|SUGCT|LOC440864///MSH6|LOC105375172|PLAC8|FABP4|LOC100130744|LOC100505878|LIN28B,0.05835592231107504,0.05697698014788674,0.10097252944415354,0.4076504805296924
141,280,146,134,0.25,SPIC|DTX1|HLF|HTR3A|DNER|IGK///IGKC|CCL22|TCL1A|FCER2|CCL17|ORM2///ORM1|LGSN|CCL20|UGT2B17|SACS-AS1|DNAH8,LOC102724689|NPIPA5///NPIPB6///NPIPB8///NPIPB3|MAGEB18|SFTA3|USP9Y|CTTNBP2|TCL1A|PRAME|SFRP2|RASSF6|SYT17|C17orf99|BIK|LOC101930067|LRRN1|CT45A8///CT45A9///CT45A10///CT45A7///CT45A2///CT45A1///CT45A6///CT45A5///CT45A3,0.05828611160457749,0.05726696495911962,0.12241853562563945,0.38436002319283585
142,280,146,134,0.3125,SPIC|SMPX|CTCFL|CA3|DNAH8|IGHV3-23///IGHV4-31///IGHM///IGHG3///IGHG1///IGHD///IGHA1///IGH|TCL1B|CCDC110|HSF5|DNER|PDZRN4|TCL1A|HEPACAM2|ASB5|MYOT|MYOCD,IGKV1OR2-108|LINC00551|IGLJ3///CKAP2|FCGR3B///FCGR3A|RSPH1|LRRN1|LILRA3|PITX1|LOC102724689|AP3D1|KRT14|LOC100134317///LOC284412|FDCSP|ORM2///ORM1|NLRP7|LOC440864///MSH6,0.058312590189518246,0.05663274490289249,0.09599922600589585,0.40215696060688416
143,280,146,134,0.3125,EML6|KCCAT333|CTAG2|EPHB1|HTR3A|CENPV|IGHD|MUC16|HAGLROS|ZNF883|HEPACAM2|UMODL1|HLF|MYOCD|UGT2B17|GPM6A,LOC101929141///CCDC144CP///CCDC144B///CCDC144A|LOC101930067|MMP1|CCL17|MMP20|IGLJ3///IGLV1-44///CKAP2///IGLV@///IGLC1|SMC3|LEP|SACS-AS1|SFTA3|NPIPA5///NPIPB6///NPIPB8///NPIPB3|CXCL6|TUBB2B|C7orf57|CAMP|CRNDE,0.058270331757377294,0.05892475575921732,0.0991513473955945,0.4011530391022348
144,280,146,134,0.3125,MMP20|MMP13|UMODL1|RASSF6|HTR3A|MYOCD|LOC283454///HRK|EPHB1|XIST|MUC16|MYBPC1|USP9Y|CLIP2|DNER|RPS4Y1|EEF1A2,TFPI2|AP3D1|FCGR3B///FCGR3A|CNTN3|CTGF|GOLIM4|AQP9|LGSN|ASZ1|OVAAL|LOC101930114|RGS13|LINC00487|UHMK1|RNF183|COMP,0.058264594629408514,0.057409401661186174,0.10640232734763141,0.3969056815237965
145,280,146,134,0.1875,KCCAT333|FCAMR|LTF|PDZRN4|MYOCD|UGT2B17|CTCFL|MMP20|FCRL4|C3orf67|KRT5|NOL4|FSTL5|NLRP7|GPM6A|OVAAL,COMP|NLRP4|MAGEB2|ZNF750|HMCN1|KRT5|LYPD6B|RNF183|SPRR3|BEX2|HEPACAM2|UMODL1|COL11A1|IGHV1-69|ASMT|EPHA4,0.05830292059883484,0.058518435709739164,0.09503457393200704,0.3999766685367432
146,280,146,134,0.1875,HTR3A|TCL1A|OGDHL|MMP20|NPTX2|RGS13|SYT17|CCDC110|EYA2|DNAH8|BIK|MARCO|FCER2|C17orf99|LINC01021|LINC01619,STAG3|GPAT2|MLK7-AS1|CCL17|HEPACAM2|IL22RA2|NLRP7|CXCL14|P2RY12|LOC440864///MSH6|ASMT|ABCG5|TRIM59///IFT80|CTAG1A///CTAG1B|HAGLROS|LOC613266,0.05830444985730603,0.057018550302355496,0.11195105328122704,0.40307955268055573
147,280,146,134,0.1875,LOC200772|HLF|CILP|STXBP6|ZNF883|COL11A1|SACS-AS1|PPBP|BTBD16|DNER|KCCAT333|JCHAIN|CENPV|MYOCD|ITIH3|SLN,HK3|LOC200772|ANKRD36BP2|VSIG4|MYL1|TCL1A|CENPV|OLFM4|LOC101929141///CCDC144CP///CCDC144B///CCDC144A|CNTN3|SPINK2|PXDNL|CCR10|SMC3|GJB2|AP3D1,0.058308192969452804,0.057397203017924635,0.10016059155851986,0.395403661284927
148,280,146,134,0.25,NME8|MUC16|ASZ1|LINC00877|MMP20|SFTA3|PITX1|MYOT|DNAH8|KCCAT333|RNF183|STEAP2|NTS|MYOCD|PCSK1|CILP,TREM1|EPHB1|RPS4Y1|IL22RA2|CTCFL|ZNF257|C16orf74|ZNF876P|SLC16A9|KCNH8|S100A9|TRIM59///IFT80|STXBP6|SFTA3|ZNF711|RAB25,0.05828947861807568,0.05738810422654474,0.10705019285810502,0.3957993659233175
149,280,146,134,0.1875,XCL2///XCL1|FAM30A|EPHA4|RASSF6|IGHD|DNER|SI|MYOCD|ZNF257|SPIC|HMCN1|AICDA|HEPACAM2|IGKV1OR2-108|CTAG1A///CTAG1B|RAB25,HMCN1|LOC613266|MAGEA9B///MAGEA9|LOC105372840|LOC100996809///HLA-DRB5///HLA-DRB4///HLA-DRB3///HLA-DRB1|XK|FAM129C|AQP9|CAMP|COL11A1|PITX1|MYH1|RNF183|KLHL13|EYA2|TRPM4,0.05833433945991104,0.05830465783995292,0.09897475940233434,0.3834718408155653
150,280,146,134,0.1875,MAGEA6///MAGEA3|HTR3A|UMODL1|EPHB1|MYL1|NME8|HMCN1|LILRA3|CAMP|TCL1B|PPBP|LINC01268|MYL2|RASSF6|EML6|FCRL4,PTPN20|MAGEA6///MAGEA3|COL11A1|LINC01268|MFAP4|LOC100505878|PLA2G2A|EEF1A2|CRNDE|SFRP2|FCGR3B///FCGR3A|LYPD6B|SPINK2|COMP|MMP7|MYL1,0.058254933156505324,0.05712644517336235,0.1070147844585165,0.38590253977877426
151,280,146,134,0.375,MMP20|AICDA|RNF183|KCCAT333|PRAME|MAGEA1|DNAH8|TCL1A|SPIC|MAGEB2|TREM1|CT45A8///CT45A9///CT45A10///CT45A7///CT45A2///CT45A1///CT45A6///CT45A5///CT45A3|EML6|LOC105375172|FAM30A|HAGLROS,LOC100996809///HLA-DRB5///HLA-DRB4///HLA-DRB3///HLA-DRB1|LINC01619|LINC01405|PDGFRL|FDCSP|TCF24|LHX8|ARL14|LOC101929272|WISP2|PKHD1L1|HIST1H3B|MYOCD|LOC283454///HRK|LOC105375172|PTPN20,0.05824074170086285,0.058110265382862916,0.11044905159188981,0.40065137040202337
152,280,146,134,0.125,HLF|KRT6A|SPRR1B|KRT14|BTBD16|DNER|LGSN|WFDC21P|LOC101930114|ORM1|MMP20|LILRA3|S100A2|ORM2///ORM1|GJB2|DNAH8,NPIPA5///NPIPB5///NPIPB11///NPIPB8///LOC613037///NPIPB4///NPIPB3|HLA-DQB1|CPXM1|RASSF6|IL13RA2|IGK///IGKC|BTBD16|HIST1H1B|BEX5|TCL1A|ORM1|GTSF1|LOC100996809///HLA-DRB5///HLA-DRB4///HLA-DRB3///HLA-DRB1|CAMP|KLRC2///KLRC1|GJB2,0.05830065580646665,0.0583644853369131,0.10268617638407512,0.4053234586070222
153,280,146,134,0.125,MMP20|NME8|MMP3|UGT2B17|C2CD4A|CLIP2|UMODL1|IGHV3-23///IGHV4-31///IGHM///IGHG3///IGHG1///IGHD///IGHA1///IGH|MAGEA12|DNAH8|MYOT|EYA2|KRT14|UBASH3A|BIK|HTR3A,PKHD1L1|KCCAT333|MMP3|CCDC110|ORM1|VPREB3|FAR2P3///FAR2P2|MAGEB1|AICDA|KCNK12|NMU|CRNDE|CHIT1|MMP12|RAB25|COL10A1,0.058246486295105634,0.05766164645156634,0.11400671024147115,0.4069329840111496
154,280,146,134,0.25,PNMAL1|UMODL1|LILRA4|C16orf74|LOC283454///HRK|FHOD3|CPXM1|DNER|KCCAT333|FAM167A-AS1|MMP12|LOC101930114|MAGEA4|MUC16|SYT17|CCR6,FAR2P3///FAR2P2|DNAJC12|SOX8|SACS-AS1|NMU|CCDC110|KCNH8|SNX29P1///SNX29P2|LINC01021|STAG3|MMP3|LMO2|SOST|LHX8|LILRA4|IL17RB,0.05831725529029316,0.05774681992957818,0.11175363609104111,0.4052747827864854
155,280,146,134,0.125,LILRA4|FCER2|BEX2|LINC01102|CRYBA4|ZNF385B|C3orf67|SPRR1B|UMODL1|NLRP4|MAGEB2|C4orf22|LOC101929272|GPAT2|MYOCD|TRPM4,MAGEA1|PITX1|GTF2IP20|LOC105375172|MUC16|EYA2|MMP1|LAMP5|ZNF711|FAM30A|MAGEB1|GJB6|PRAME|DNAH8|LOC440864///MSH6|SUSD5,0.05825941887405736,0.056304209769835765,0.11794759806124393,0.4021482844032901
156,280,146,134,0.25,DHRS9|CCDC110|LOC105375172|SMPX|KRT14|DNAH8|KRT6A|PRSS21|DNER|TCL1A|ASB5|IGLJ3///IGLV1-44///CKAP2///IGLV@///IGLC1|UGT2B4|CCL17|EML6|SPRR1B,FCRL4|KLHL13|LINC01102|CT45A8///CT45A9///CT45A10///CT45A7///CT45A2///CT45A1///CT45A6///CT45A5///CT45A3|CRNDE|COMP|PTPN20|LOC101929141///CCDC144CP///CCDC144B///CCDC144A|LILRA3|FSTL5|USP9Y|LOC440864///MSH6|MYOCD|MMP10|ITGBL1|ZNF257,0.05825224971397232,0.05690571085856101,0.11371253321088803,0.41772766711900144
157,280,146,134,0.0625,ASZ1|FDCSP|LILRA3|HBA2///HBA1|MAGEA6|CCL21|HEPACAM2|CSRP3|EML6|FCER2|LOC101930114|ZNF883|CT45A8///CT45A9///CT45A10///CT45A7///CT45A2///CT45A1///CT45A6///CT45A5///CT45A3|JCHAIN|HBB|SMPX,LRRN1|MMP7|C3orf67|MME|S100Z|VPREB3|VSIG4|ICOS|KCCAT333|HBA2///HBA1|ZIC2|LOC100653057///CES1|CKAP2///IGLC1|IGHV3-23///IGHV4-31///IGHM///IGHG4///IGHG3///IGHG1///IGHD///IGHA2///IGHA1///IGH|FAR2P3///FAR2P2|EIF1AY,0.058277065382068935,0.057739274585765256,0.1033429599476457,0.3924818566171346
158,280,146,134,0.375,MYOCD|MAGEA6///MAGEA3|ZIC2|IGLJ3///IGLV1-44///CKAP2///IGLV@///IGLC1|JCHAIN|ACTA1|GPM6A|NPIPA5///NPIPB6///NPIPB8///NPIPB3|CD1C|ASZ1|RNF183|GPAT2|UMODL1|CCDC110|RGS13|PRCAT47,USP9Y|LOC100130744|KLRC2///KLRC1|LILRA3|NPY1R|LHX8|ASZ1|PDGFRL|KDM5D|MATN3|SPRR1B|PCSK1|ZIC2|GJB6|LOC102725426///MIR8071-2///MIR8071-1///IGHM///IGHG1|HK3,0.05832491469677606,0.057347287377701395,0.11269797879377631,0.40053360541239885
159,280,146,134,0.375,DNAH8|EML6|RGS13|TCL1B|MYOCD|FOSB|LOC105372840|C7orf57|KCNN3|LOC283454///HRK|FCER2|BIK|MYOT|PROK2|TCL1A|FHOD3,C17orf99|MYOT|ZIC2|UGT2B17|RPS4Y1|FAM151A|PTPN20|EIF1AY|FOSB|LOC440864///MSH6|HAGLROS|OVAAL|SOX8|LOC100130744|PABPC5|MUC16,0.058319098644256974,0.05793530544135411,0.10616146692831938,0.3921596398232442
160,280,146,134,0.125,KRT14|KRT6A|HTR3A|MYOT|TAC1|ZIC2|TCL1A|IGHV4-31///IGHM///IGHG4///IGHG3///IGHG1///IGHD///IGHA2///IGHA1|FCRL4|CCDC110|MYH1|SPIC|LOC105372840|NKX2-3|PCSK1|GJB2,DNAH8|UHMK1|TMEM71|HK3|IGK|GTSF1|PTPN20|TFPI2|LEP|PCSK1|HIST1H3B|HTR3A|ZIC2|PNMAL1|MAGEA1|TRIM59///IFT80,0.05828363340037784,0.0572022330940507,0.107957362490423,0.4125774708680225
161,280,146,134,0.25,MARCO|TCL1B|BTBD16|JCHAIN|DNER|RGS13|DNAH8|LOC100505878|EPCAM|DAPL1|LOC101929272|LEP|UGT2B17|LILRA3|MYOCD|LOC613266,CCL22|LINC00487|TCL1A|PITX1|MME|TRIM59///IFT80|SFRP4|ZNF750|RAB25|S100A8|ZBTB32|COL9A3|CENPV|SACS-AS1|LINC00551|LRP1B,0.05835519157009939,0.05832289716541139,0.09859762553611424,0.3978071399758441
162,280,146,134,0.4375,MMP20|IGLJ3///IGLV1-44///CKAP2///IGLV@///IGLC1|EML6|DNER|LINC01619|IGK///IGKC|MMP13|SDR16C5|MUC16|LOC101929141///CCDC144CP///CCDC144B///CCDC144A|KCCAT333|TCL1B|LOC613266|PLA2G2D|LOC101928173|IGKV1OR2-108,NTN4|CD1C|JCHAIN|MME|FAM30A|IGHV1-69|LOC101930067|ABCG5|ASMT|KDM5D|HPDL|ZYG11A|TCL1A|ITIH3|H2AFB1///H2AFB2///H2AFB3|PKHD1L1,0.05830696406409318,0.058052660962157235,0.11365906931577108,0.3987567821099673
163,280,146,134,0.1875,CCL17|CPXM1|IL17RB|EPCAM|FAR2P3///FAR2P2|LINC01405|FAM30A|NPIPA5///NPIPB6///NPIPB8///NPIPB3|ASB5|EML6|PROK2|DNAH8|FSTL5|CCDC110|DNER|HSF5,SOX9|XK|MMP3|CD1C|FAM30A|ASPN|CCL21|KCCAT333|HAGLROS|FCER2|FDCSP|CAMP|EPCAM|SOX2-OT|CHRM3-AS2|CTTNBP2,0.05827285399130993,0.05729496311262877,0.10459877619228099,0.39285894001781463
164,280,146,134,0.375,LOC283454///HRK|SPIC|TCL1B|C4orf22|TCL1A|LOC102725526///IGHV4-31///IGHM///IGHG3///IGHG2///IGHG1///IGHA2///IGHA1///IGH|IGLJ3///IGLV1-44///CKAP2///IGLV@///IGLC1|BTBD16|LINC01102|MMP3|ASZ1|ASMT|SYT17|MUC16|DNER|LILRA4,IGHD|SNX29P1///SNX29P2|NLRP7|KLRC2///KLRC1|KCNN3|LINC01619|LINC01268|PTPN20|LINC01021|LOC102724689|RPS4Y1|MYOCD|LOC105375172|DAPL1|FCER2|LRP1B,0.058311879418041876,0.056838725660111694,0.0976210084149216,0.3968949145792652
165,280,146,134,0.1875,ASB5|EPCAM|FHOD3|NMU|UGT2B17|LOC101929272|TCL1A|IL12B|LYPD6B|UMODL1|CYS1|DNER|LOC105375172|MYOT|HEPACAM2|NOL4,DAPL1|PITX1|USP9Y|MAGEB2|KCNH8|MAGEB1|ASPN|LILRA4|HSF5|KDM5D|HMCN1|LILRA3|KCNK12|LGSN|TRPM4|CLGN,0.058304612398947554,0.05858096675220313,0.10262354814204552,0.4013333368063005
166,280,146,134,0.375,IL12B|DNER|PNMAL1|HTR3A|EYA2|HAGLROS|HLF|KCCAT333|TCL1B|MMP20|H2AFB1///H2AFB2///H2AFB3|PITX1|SPIC|P2RY12|CENPV|IGLJ3///IGLV1-44///CKAP2///IGLV@///IGLC1,MME|ASB5|FABP4|DNAH8|BIK|MAL2|SFRP2|C17orf99|NMU|SYT14|PRAME|FAM129C|CCL22|OVAAL|MAGEB1|NCKAP5,0.058297283627522595,0.05752112042644229,0.10560976538501142,0.3967454120753917
167,280,146,134,0.1875,CTAG2|LOC105375172|MAGEB18|HTR3A|C12orf77|DNAH8|DNER|SDR16C5|TCF24|GPM6A|LOC613266|KCCAT333|RAB25|DAPL1|PDCL2|LOC101930067,GTF2IP20|TRIM59///IFT80|FAM30A|FOSB|KDM5D|UGT2B17|LILRA3|GOLIM4|LMO2|S100A8|WFDC21P|ASPN|SFTA3|PXDNL|CCDC110|HEPACAM2,0.058265334649084,0.057571093240308555,0.10488143901333644,0.3881595824182828
168,280,146,134,0.375,MMP20|KCCAT333|IGK///IGKC|EPHB1|SPIC|DNER|LOC283454///HRK|HBA2///HBA1|MGST1|IGKV1OR2-108|LOC105372840|FCRL4|S100A2|PCSK1|C16orf74|SYT17,C17orf99|C16orf74|HPDL|PKHD1L1|LOC102724689|SOX8|LGSN|BEX2|LOC105375172|CCR10|S100A7|PITX1|STXBP6|UGT2B17|ZNF750|IGHV1-69,0.058285568281016595,0.057086300822779504,0.10340299773076696,0.3954656525915624
169,280,146,134,0.3125,HTR3A|LOC283454///HRK|PDZRN4|MMP13|CCDC110|KRT5|UGT2A3|GPM6A|SPIC|AICDA|MYOCD|EML6|RNF183|DNAH8|LOC105372840|LOC105375172,EPCAM|HK3|LINC01021|CCDC110|MIR548F5///MAB21L1|ABCG5|CCL22|CPXM1|COL11A1|JCHAIN|MMP1|CTTNBP2|HSF5|HPDL|TNFRSF17|AQP9,0.05830187435291831,0.05706722595440476,0.0962106964990527,0.4036438564017755
170,280,146,134,0.3125,DNAH8|IL12B|SPIC|LOC105375172|RYR1|TCL1A|MUC16|EYA2|RGS13|FCER2|S100A2|UMODL1|MT1M|ICOS|LOC283454///HRK|KCNN3,MMP3|ZIC2|ZNF711|KRT13|MAGEB1|CD163|AICDA|SPINK2|HTR3A|FCAMR|GOLIM4|TCL1B|MGST1|LOC283454///HRK|ZBTB32|LOC102725526///IGHV4-31///IGHM///IGHG3///IGHG2///IGHG1///IGHA2///IGHA1///IGH,0.05821957095826588,0.05642391648853165,0.11787892967984688,0.4029431375169419
171,280,146,134,0.0625,GPM6A|JCHAIN|RASSF6|IGHD|CSRP3|LOC105375172|FCER2|TNNC1|CILP|MMP12|ORM2///ORM1|CD24|LILRA3|ACTA1|LOC283454///HRK|XIRP2,IL17RB|SAA2-SAA4///SAA2///SAA1|RPS4Y1|IGHD|WISP2|VPREB3|OVAAL|TNNC1|XIST|LILRA4|PPBP|LOC440864///MSH6|CTAG2|LILRA3|CSRP3|CCL21,0.05827836985694822,0.05628778066310234,0.10166271389674582,0.4066578839014804
172,280,146,134,0.25,RGS13|DNAH8|TCL1A|TCL1B|CAMP|HEPACAM2|CD1C|FSTL5|PITX1|LINC00996|PNMA6A|FCER2|IGLJ3///IGLV1-44///CKAP2///IGLV@///IGLC1|IGLJ3///IGLV@///IGLC1|MAL2|ZNF711,KCNN3|AICDA|ASPN|PTPN20|AP3D1|LOC100130744|ASMT|SNX29P1///SNX29P2|SCARA5|VSIG4|IGSF11|GJB2|TNFRSF17|MGST1|ZNF876P|OVAAL,0.05828441345663407,0.058559485765245355,0.1024547362011999,0.4121520580543934
173,280,146,134,0.3125,MYOCD|DNER|LOC283454///HRK|IGLJ3///IGLV@///IGLC1|IL12B|ZNF883|ORM1|DNAH8|GJB2|BIK|MMP13|LOC100509457///HLA-DQA1|USP9Y|IGLJ3///IGLV1-44///CKAP2///IGLV@///IGLC1|LGALS2|UMODL1,DTHD1|SNX29P1///SNX29P2|HBB|IL13RA2|LINC01102|SCARA5|HK3|DMBX1|SPINK2|CCL21|TNFRSF17|FAM129C|FNDC1|IGHV3-23///IGHV4-31///IGHM///IGHG3///IGHG1///IGHD///IGHA1///IGH|CD24|CCL17,0.05825181749460745,0.056678703285022024,0.10924919979643714,0.4082423192555416
174,280,146,134,0.3125,DHRS9|PTPN20|HSF5|ZNF385B|ASB5|DNER|TCL1A|KCCAT333|LOC613266|RNF183|RGS13|PROK2|FSTL5|KRT6A|KRT5|LIN28B,ZYG11A|TSPAN8|LOC101927811|LINC01021|CCL17|MAGEA6///MAGEA3|HLA-DQB1|SCARA5|LEP|KCNK12|ELOVL7|LINC01268|TCL1B|PNMAL1|PKHD1L1|ZPBP2,0.05826897877237836,0.05671654248205575,0.11469437067814219,0.40652778262812556
175,280,146,134,0.1875,ARNT2|KRT14|TCL1A|CYP26A1|MAGEA6|KRT13|CRYBA4|EML6|C17orf99|CXCL8|CTAG2|MMP1|PROK2|LOC101930114|KRT6A|KCNN3,KRT13|PKHD1L1|CLGN|CTCFL|MT1M|CHI3L1|OVAAL|KDM5D|SCARA5|LOC101930114|UMODL1|IL17RB|KCNN3|LOC102725526///IGHV4-31///IGHM///IGHG3///IGHG2///IGHG1///IGHA2///IGHA1///IGH|CETP|SFTA3,0.058284920447496044,0.05669168482856693,0.10437379760855608,0.4110548122469479
176,280,146,134,0.1875,RASSF6|BEX2|ZNF711|LOC283454///HRK|MYL1|SMPX|PDZRN4|SLN|CA3|KRT13|IGLJ3///IGLV1-44///CKAP2///IGLV@///IGLC1|MYOCD|ZNF257|EPHA4|HTR3A|PROM1,CENPV|LRRN1|STXBP6|HLA-DQA1|H2AFB1///H2AFB2///H2AFB3|IL17RB|CCL20|TCL1A|XIST|SAA2-SAA4///SAA2///SAA1|SNX29P1///SNX29P2|PTPN12|PRAME|LINC01297|HAGLROS|LOC101929141///CCDC144CP///CCDC144B///CCDC144A,0.05820747115140269,0.05669823969444662,0.10539028854288547,0.4107360950744167
177,280,146,134,0.0625,FCER2|IGHV3-23///IGHV4-31///IGHM///IGHG3///IGHG1///IGHD///IGHA1///IGH|FSTL5|LRRN1|LOC105375172|RGS13|VSNL1|LOC102724689|SAA2-SAA4///SAA2///SAA1|RPS4Y1|MUC16|LOC102725526///IGHV4-31///IGHM///IGHG3///IGHG2///IGHG1///IGHA2///IGHA1///IGH|EPHB1|DNAH8|LILRA4|LINC01021,ASB5|PROK2|LINC00877|SDR16C5|IGLJ3///IGLV1-44///CKAP2///IGLV@///IGLC1|ZNF883|MMP7|IGLJ3///CKAP2|ICOS|SPRR1B|MYOCD|ADIRF|MAGEB2|WISP2|TREM1|SNORD3D///SNORD3C///SNORD3B-2///SNORD3A///SNORD3B-1,0.05832128821867663,0.05806571819408535,0.10696382790877039,0.4059807633804791
178,280,146,134,0.25,MYOT|LINC01619|LILRA4|HTR3A|LOC613266|LOC105372840|DNER|LOC283454///HRK|SUSD5|CLIP2|LOC101927820|NFE4|UMODL1|CTAG2|SOX2-OT|ZNF711,HMCN1|ORM1|LEP|CILP|KRT6A|PKHD1L1|DAPL1|TCL1B|EIF1AY|LOC283454///HRK|TXLNGY|RGS13|LHX8|OLFM4|CXCL6|RSPH1,0.05830042464315065,0.05782648051951644,0.11105553435911608,0.4019935513631466
179,280,146,134,0.0625,LINC01021|NMU|CXCL6|EYA2|MMP3|FSTL5|TNFRSF17|TCL1B|CD1C|GPM6A|FAM167A-AS1|CCR10|LOC105372840|BTBD16|PXDNL|SUGCT,NLRP11|HLA-DQA1|NPIPA5///NPIPB5///NPIPB11///NPIPB8///LOC613037///NPIPB4///NPIPB3|TFPI2|INHBA|LOC102724689|MMP12|STEAP2|NMU|EYA2|C17orf99|TCF24|LOC101930415|C3orf67|C7orf57|SOX9,0.058258776523861154,0.057526829353921935,0.10378867577707683,0.41154763603623756
180,280,146,134,0.3125,LOC105375172|KCCAT333|RNF183|TMEM52B|PITX1|DNAH8|SPIC|LOC283454///HRK|GPM6A|EPHB1|IGLJ3///IGLV1-44///CKAP2///IGLV@///IGLC1|ITIH3|CPXM1|CRYBA4|MUC16|CCL17,KRT6A|PITX1|CT45A8///CT45A9///CT45A10///CT45A7///CT45A2///CT45A1///CT45A6///CT45A5///CT45A3|CCR10|XK|PNMAL1|KDM5D|PKHD1L1|ZNF883|ELOVL7|MAGEA1|MAGEB2|HIST1H3B|AQP9|CXCL14|VPREB3,0.058287978399143694,0.05750682388404907,0.11052738794252322,0.4073566629313635
181,280,146,134,0.1875,MAGEA1|FAM3B|CCL17|UMODL1|IGK///IGKC|MYBPC1|IL12B|NOL4|DNAH8|CKAP2///IGLC1|LIN28B|MAGEA6|C17orf99|MMP13|TCL1A|SYT17,AP3D1|KCCAT333|TNFRSF17|DNAH8|NPIPA5///NPIPB5///NPIPB11///NPIPB8///LOC613037///NPIPB4///NPIPB3|CTGF|UMODL1|PRAME|ASMT|LOC100509457///HLA-DQA1|TFPI2|ZNF257|LINC01021|HEPACAM2|BIK|PNMAL1,0.05825882695328664,0.056886652317765504,0.1083956926416573,0.4031670033357328
182,280,146,134,0.0625,LECT2|LILRA3|LILRA4|FCER2|ASZ1|DHRS9|IGHD|HAGLROS|TCL1B|LOC105375172|ZNF385B|FOXG1|ITIH3|CRYBA4|ADIRF|EPCAM,LOC102725526///IGHV4-31///IGHM///IGHG3///IGHG2///IGHG1///IGHA2///IGHA1///IGH|LOC101929272|CILP|C15orf48|LOC101930415|EPCAM|LOC283454///HRK|LOC100996809///HLA-DRB5///HLA-DRB4///HLA-DRB3///HLA-DRB1|XK|ADIRF|CPXM1|FCGR3B///FCGR3A|UBASH3A|BEX2|SDR16C5|UGT2B17,0.05829075084040172,0.056825650090519715,0.11948531492558044,0.3963675962714461
183,280,146,134,0.1875,XIRP2|CSRP3|MMP12|DNER|MMP20|C12orf77|CCL17|ICOS|PCSK1|NLRP7|FCER2|LOC283454///HRK|SLN|CXCL6|HLF|SFRP4,PKHD1L1|MYH1|TNFRSF17|LINC01102|USP9Y|ASB5|C12orf77|FAR2P3///FAR2P2|SCARA5|LOC102724689|CXCL14|MT1M|DNER|FCER2|TXLNGY|GOLIM4,0.05829547506469236,0.056904409036871065,0.0949509894098745,0.4073146945506796
184,280,146,134,0.3125,DNAH8|UMODL1|RGS13|HTR3A|LECT2|ZNF711|MAGEA1|LINC01021|EML6|SDR16C5|LOC283454///HRK|RASSF6|SFTA2|EPHB1|SPIC|MUC16,GTSF1|C17orf99|LOC101930067|LINC01102|LOC283454///HRK|LMO2|HAGLROS|S100A8|CLGN|HTR2B|LINC01021|EYA2|FCRL4|DNAH8|OLFM4|ASPN,0.05824787410700699,0.056419303001828444,0.11573348816469259,0.410326379403272
185,280,146,134,0.125,ASMT|KCCAT333|HLA-DQA1|CETP|DNAH8|ITIH3|UGT2B17|MMP1|MMP3|ASZ1|HLF|FDCSP|ADIRF|DAPL1|ICOS|MMP20,HIST1H1B|HEPACAM2|IGLJ3///IGLV1-44///CKAP2///IGLV@///IGLC1|LOC101930067|LOC100130744|AICDA|GTSF1|SAXO2|CPXM1|TMEM71|CXCL8|KCCAT333|LOC102725426///MIR8071-2///MIR8071-1///IGHM///IGHG1|TFPI2|CCL22|HIST1H3B,0.058253904303172496,0.05754560742823321,0.10807604655975955,0.40241292762816105
186,280,146,134,0.0625,SPIC|DAPL1|ZNF876P|FCER2|PITX1|EPHB1|LOC613266|HLA-DQA1|SDR16C5|LOC105372840|GJB2|TNFRSF17|ORM2///ORM1|FAM30A|LYPD6B|ORM1,RSPH1|VPREB3|CT45A8///CT45A9///CT45A10///CT45A7///CT45A2///CT45A1///CT45A6///CT45A5///CT45A3|EPCAM|PRAME|CTCFL|WISP2|CCDC110|SFTA3|CCL21|LINC00487|CD1C|H2AFB1///H2AFB2///H2AFB3|SCARA5|LINC01268|LOC105375172,0.05825499085757197,0.05799074293737315,0.12256016185818362,0.39158515219518947
187,280,146,134,0.1875,KCCAT333|HBA2///HBA1|LILRA3|CCL22|HTR3A|EPCAM|GPM6A|SPRR1B|UBASH3A|MMP1|UGT2B4|FSTL5|C15orf48|PLA2G2D|NPIPA5///NPIPB6///NPIPB8///NPIPB3|DNER,FAM167A-AS1|LOC101930114|TPSB2|ITIH3|TCL1B|CRNDE|KCNK12|KDM5D|LILRA3|P2RY12|HIST1H3B|LOC101927811|KLRC2///KLRC1|SPIC|CCL17|ZPBP2,0.05831900846982463,0.058536638252300564,0.10387960859397244,0.3972982609874403
188,280,146,134,0.375,DNER|PCSK1|DNAH8|FOXG1|MMP20|TCL1B|CYS1|LOC105372840|TCL1A|EML6|HTR3A|LINC01021|MYOCD|CPXM1|JCHAIN|LOC101929272,FCAMR|EPHA4|HMCN1|ZNF385B|VSIG4|EPYC|CNTN3|TRPM4|LOC101929141///CCDC144CP///CCDC144B///CCDC144A|SUGCT|NMU|NLRP4|IGHV3-23///IGHV4-31///IGHM///IGHG3///IGHG1///IGHD///IGHA1///IGH|LOC100996809///HLA-DRB5///HLA-DRB4///HLA-DRB3///HLA-DRB1|MAGEB2|C4orf22,0.05829596468722621,0.05805133507028486,0.12048041509975863,0.3953618222734296
189,280,146,134,0.125,RNF183|KRT14|HLF|KRT5|LILRA4|CD1C|KRT6A|LECT2|ASMT|MUC16|NMU|MMP1|UMODL1|FAR2P3///FAR2P2|MYOT|GJB2,EPYC|CCR6|MGST1|AICDA|TSIX|IGK///IGKC|ZNF711|KRT5|HAGLROS|AQP9|NLRP11|LOC101929141///CCDC144CP///CCDC144B///CCDC144A|FDCSP|CTAG1A///CTAG1B|PCSK1|TRIM59///IFT80,0.05832137759484077,0.05725916413021685,0.09856653272161915,0.41225302427486965
190,280,146,134,0.25,MYOT|PITX1|ASZ1|TCL1B|TCL1A|KCNN3|RYR1|MAGEA6///MAGEA3|CCL21|LOC105375172|CTAG2|SYT17|LYPD6B|MMP20|CTAG1A///CTAG1B|HSF5,SUGCT|CXCL6|KDM5D|CCL17|GJB2|TSIX|CILP|LOC101930415|CTTNBP2|SH3GL2|MT1M|MAL2|LILRA4|AICDA|AP3D1|CPXM1,0.05827691554161558,0.057131369760049386,0.11421100168760887,0.38805989804454266
191,280,146,134,0.3125,TCL1A|UMODL1|MUC16|BTBD16|EYA2|ICOS|PRCAT47|RGS13|SPIC|COL11A1|DNER|IL12B|ASZ1|PROK2|IGHV3-23///IGHV4-31///IGHM///IGHG3///IGHG1///IGHD///IGHA1///IGH|MMP1,PABPC5|HLF|UMODL1|KDM5D|ORM2///ORM1|HSF5|BEX2|SEC31B|LINC01021|CCL17|PITX1|IGKV1OR2-108|HTR3A|NMU|PKHD1L1|DPEP2,0.058277615751361506,0.056332329303212816,0.10451474715375189,0.39761738730994645
192,280,146,134,0.3125,DNER|LOC283454///HRK|LILRA3|SPIC|ITIH3|FCRLB|RAB25|GKN1|SYT17|UMODL1|KCCAT333|GPM6A|GPAT3|KRT14|ORM2///ORM1|C4orf22,FSTL5|STXBP6|KDM5D|PITX1|KCCAT333|MMP3|SPIC|CTAG1A///CTAG1B|PXDNL|UGT2B17|RASSF6|ADIRF|AICDA|MIS18BP1|LOC101929272|CRNDE,0.0582796238698547,0.05738238854398537,0.11166873207749713,0.40093943105422447
193,280,146,134,0.25,TCL1A|UMODL1|EYA2|LOC283454///HRK|FOXG1|BIK|NLRP11|LOC102724689|RGS13|IGHV3-23///IGHV4-31///IGHM///IGHG3///IGHG1///IGHD///IGHA1///IGH|LINC01405|TRPM4|IL12B|ZNF711|P2RY12|CD24,IL17RB|SFTA3|LOC283454///HRK|LOC101929272|SOX8|IL12B|LOC102723648|PXDNL|KRT13|ANKRD36BP2|LINC01268|CTCFL|FAM111B|VSIG4|LOC440864///MSH6|SERPINA9,0.0582787344921784,0.05773826529008069,0.10873828983760438,0.40152262817563833
194,280,146,134,0.1875,RGS13|LINC00996|MUC16|UMODL1|KCCAT333|HTN3|SFTA3|PABPC5|LOC101929141///CCDC144CP///CCDC144B///CCDC144A|HTR3A|FHOD3|MMP3|LHX8|PXDNL|LGALS2|ZNF711,TCL1A|FSTL5|TSPAN8|CXCL6|LOC102724689|LRP1B|SUSD5|KCCAT333|EPCAM|NME8|LOC283454///HRK|NPY1R|MMP3|ORM2///ORM1|SPINK2|HLA-DQB1,0.0582869494415678,0.05668149612612983,0.11029709012113295,0.4093864623062123
195,280,146,134,0.1875,EPHB1|FHOD3|CCL17|CCR10|PXDNL|PNMAL1|MYOCD|MMP3|FAM167A-AS1|LINC01405|DNAH8|TCL1A|NMU|P2RY12|PDZRN4|CTAG2,CCDC110|SOX2-OT|XIRP2|PLA2G2A|AQP9|PITX1|FSTL5|GJB2|CPXM1|NPIPA5///NPIPB5///NPIPB11///NPIPB8///LOC613037///NPIPB4///NPIPB3|LOC101929272|LOC440864///MSH6|EPCAM|SOX8|HLA-DQA1|HSF5,0.05833234657950086,0.05645782749570581,0.1051701957724613,0.4145776428874304
196,280,146,134,0.25,MMP13|MMP20|KRTDAP|MMP3|LOC283454///HRK|LYPD6B|BTBD16|RGS13|KCNN3|UMODL1|KRT14|DHRS9|CCDC110|LILRA3|MMP1|H2AFB1///H2AFB2///H2AFB3,HMCN1|USP9Y|NCKAP5|NLRP11|UHMK1|EIF1AY|ZPBP2|COL11A1|LOC101929141///CCDC144CP///CCDC144B///CCDC144A|OVAAL|CTAG1A///CTAG1B|LOC100996809///HLA-DRB5///HLA-DRB4///HLA-DRB3///HLA-DRB1|CCL22|TCL1A|EYA2|LOC100509457///HLA-DQA1,0.05829074472822231,0.05781022546197893,0.12404037195890208,0.4106788187947292
197,280,146,134,0.25,DAPL1|LOC105375172|SYT17|EML6|MUC16|USP9Y|UMODL1|IGK///IGKC|HTR3A|ASZ1|LGSN|JCHAIN|SPIC|HEPACAM2|CHIT1|FCAMR,BEX2|CTAG1A///CTAG1B|KLRC2///KLRC1|NPY1R|TXLNGY|IBSP|ORM2///ORM1|TMEM71|ZNF876P|MYBPC1|HMCN1|ZYG11A|CXCL14|CPXM1|C17orf99|SOST,0.05829345850607816,0.057062350622447654,0.10526596297165909,0.3886893361841356
198,280,146,134,0.0625,CCL17|SAXO2|DNAH8|FAM30A|LOC101928173|HTR3A|LOC101929272|OVAAL|MMP12|IGHV3-23///IGHV4-31///IGHM///IGHG3///IGHG1///IGHD///IGHA1///IGH|FHOD3|FAR2P3///FAR2P2|IGLJ3///IGLV1-44///CKAP2///IGLV@///IGLC1|UGT2B17|LILRA3|LTF,MT1M|TFPI2|TRIM59///IFT80|SUSD5|ADIRF|ZNF257|TCL1B|XK|CHIT1|JCHAIN|CD163|IGLJ3///CKAP2|FCGR3B///FCGR3A|IGHV1-69|COL10A1|KDM5D,0.058252040357659365,0.05789176959278158,0.11533905069943139,0.40128164937234534
199,280,146,134,0.375,HTR3A|SPIC|SYT17|DNER|TCL1A|CTAG2|ZNF711|HLF|CPXM1|FCER2|BEX2|KCCAT333|LOC283454///HRK|DNAH8|C3orf67|MAGEB2,SPIC|MUC16|CILP|CCL17|SOX2-OT|LOC101930415|ZIC2|TRPM4|RGS13|RAB25|LOC100509457///HLA-DQA1|HK3|EML6|UMODL1|COMP|LYPD6B,0.058323729878136304,0.05715665847521308,0.09937902768530416,0.3926449032277293
200,280,146,134,0.125,BTBD16|TNNC1|LOC102724689|AICDA|MYL1|NLRP4|KRT13|XIRP2|FAR2P3///FAR2P2|DNAH8|HLF|LOC283454///HRK|MYOT|C17orf99|RNF183|MYL2,KRT5|FSTL5|MYL1|KDM5D|LYPD6B|HIST1H1B|LMO2|GPM6A|CXCL6|PABPC5|IL13RA2|DNAH8|RASSF6|TCL1B|LOC101927811|KRT6A,0.058254025859464646,0.05700271986497174,0.11104258963155646,0.4149898156987126
201,280,146,134,0.3125,LOC283454///HRK|UMODL1|LOC613266|SPIC|RGS13|FAR2P3///FAR2P2|MMP20|CCL17|LEP|XIST|EYA2|PXDNL|GTSF1|TSIX|JCHAIN|RPS4Y1,CT45A8///CT45A9///CT45A10///CT45A7///CT45A2///CT45A1///CT45A6///CT45A5///CT45A3|NLRP4|IGLJ3///IGLV1-44///CKAP2///IGLV@///IGLC1|UHMK1|NPY1R|MAGEB1|SPINK2|FAM111B|NME8|LOC101929141///CCDC144CP///CCDC144B///CCDC144A|ZBTB32|BEX2|SOX2-OT|CXCL6|HSF5|GTSF1,0.05828579732996751,0.05778378274640859,0.10123515676152373,0.4037413399676584
202,280,146,134,0.0625,SFTA2|SDR16C5|SYT17|RGS13|FAM167A-AS1|DHRS9|KCNN3|LOC102725526///IGHV4-31///IGHM///IGHG3///IGHG2///IGHG1///IGHA2///IGHA1///IGH|AICDA|IL17RB|LINC01405|MAGEA6///MAGEA3|LOC101928173|LINC00525|NLRP7|TNFRSF17,HLA-DQB1|MMP1|FDCSP|VPREB3|PTPN20|ASMT|DTHD1|LGALS2|MAGEA1|EIF1AY|CTCFL|LINC01405|LOC101930067|MAGEA6|MGST1|VSIG4,0.05834193488111758,0.05788540848738215,0.1025843225468897,0.39467715128153164
203,280,146,134,0.125,SMPX|MYBPC1|ASB5|LILRA4|FHOD3|RSPH1|MYOCD|NMU|MYL2|MYOT|FAM30A|SYT17|CXCL6|MMP12|MAGEA6|EML6,RPS4Y1|HPDL|ZBTB32|EPYC|LOC101929141///CCDC144CP///CCDC144B///CCDC144A|OVAAL|MMP3|HLA-DQB1|PXDNL|PLAC8|EPHA4|ZNF257|HLF|MT1M|NMU|CTTNBP2,0.058269131472823935,0.05700145479687031,0.12702739785294342,0.3950443738287102
204,280,146,134,0.125,LOC283454///HRK|FCER2|FCRLA|FCRL4|HLF|MMP20|BEX2|CKAP2///IGLC1|MAGEA1|LOC105372840|SNX29P1///SNX29P2|WHRN|FSTL5|MMP12|DNAH8|C7orf57,C17orf99|CXCL14|MMP3|COL11A1|IGK///IGKC|ANKRD36BP2|MATN3|MGST1|HTR3A|LTF|LOC102724689|PKHD1L1|CCDC110|AP3D1|LOC100509457///HLA-DQA1|COL9A3,0.05830096461436195,0.058273810866533646,0.11128885873731145,0.40199260921458874
205,280,146,134,0.1875,CRYBA4|LECT2|FAM9C|RSPH1|PROK2|EML6|UMODL1|C17orf99|EYA2|ITIH3|MAGEA6|ANKRD20A4///ANKRD20A2///ANKRD20A3///ANKRD20A1|MUC16|LINC01405|DNER|HAGLROS,DNER|PITX1|GOLIM4|LRP1B|S100Z|PCSK1|ABCG5|WISP2|CCL20|KDM5D|SDR16C5|LOC105374042|HLA-DQB1|PKHD1L1|HTR3A|ZIC2,0.05826748845257968,0.05615273078716086,0.11229944544189621,0.39112436578711224
206,280,146,134,0.1875,ASZ1|FCER2|CSRP3|CAMP|EML6|HBB|LILRA4|MYL1|SPRR1B|JCHAIN|FDCSP|RASSF6|CCR10|KRT5|KCCAT333|MYOCD,SPIC|EPYC|CA3|CILP|EPHB1|LOC101929141///CCDC144CP///CCDC144B///CCDC144A|PDGFRL|KRT13|MAGEA9B///MAGEA9|PLAC8|GOLIM4|MAL2|FSTL5|SOX9|SPRR1B|ICOS,0.05831755535863911,0.05659509486604112,0.10329793319647347,0.42164597898416356
207,280,146,134,0.1875,ZNF385B|UMODL1|IL12B|CD1C|KRT13|SPRR1B|SNORD3D///SNORD3C///SNORD3B-2///SNORD3A///SNORD3B-1|DHRS9|LOC102724689|KRT5|LOC105375172|LILRA3|DNER|RGS13|NLRP7|IGHV3-23///IGHV4-31///IGHM///IGHG3///IGHG1///IGHD///IGHA1///IGH,KRT6A|EPCAM|ZIC2|NLRP11|S100Z|NLRP4|MYOCD|TSIX|HTR3A|MAGEA1|SFTA2|IGHD|COL9A3|LRP1B|LOC101929272|DNER,0.05825373784628389,0.056912761445298776,0.10795196041041287,0.38652848581642785
208,280,146,134,0.3125,SLN|CSRP3|MYL2|MYL1|UMODL1|IL12B|LOC283454///HRK|SMPX|SPIC|FAR2P3///FAR2P2|KIAA0226L|CCDC110|RGS13|GPM6A|KCCAT333|XIRP2,EPHB1|LOC100653057///CES1|GPAT2|LOC102725526///IGHV4-31///IGHM///IGHG3///IGHG2///IGHG1///IGHA2///IGHA1///IGH|AICDA|HMCN1|HLA-DQB1|LOC100996809///HLA-DRB5///HLA-DRB4///HLA-DRB3///HLA-DRB1|CXCL14|S100A8|PXDNL|ARL14|C15orf48|DPEP2|EYA2|SDR16C5,0.058251339145641574,0.05662653549533677,0.11047500723978236,0.4093869495654602
209,280,146,134,0.1875,EYA2|LAMP5|MUC16|LIPI|LRRN1|LOC105375172|EPHB1|TCL1A|DNER|KCNN3|LOC100653057///CES1|UMODL1|IGHV4-31///IGHM///IGHG4///IGHG3///IGHG1///IGHD///IGHA2///IGHA1|CCL17|MMP3|SMPX,RNF128|DNAH8|ZNF257|HAGLROS|GOLIM4|FCRL4|CILP|FCGR3B///FCGR3A|SPINK2|SOX2-OT|ASZ1|AP3D1|LINC00525|CTGF|MAL2|COL9A3,0.05828757731166727,0.05750287271190991,0.11447081076699005,0.38950353284249534
210,280,146,134,0.25,CAMP|CTAG2|BEX2|GJB2|ASB5|SPIC|IGK///IGKC|JCHAIN|IL12B|MUC16|CTAG1A///CTAG1B|LOC100134317///LOC284412|IGLJ3///IGLV1-44///CKAP2///IGLV@///IGLC1|CCR6|CPXM1|DNAH8,IGHV3-23///IGHV4-31///IGHM///IGHG3///IGHG1///IGHD///IGHA1///IGH|IGLJ3///IGLV1-44///CKAP2///IGLV@///IGLC1|PRCAT47|ASB5|GTSF1|CLGN|XK|IGLJ3///IGLV@///IGLC1|NTS|LOC440864///MSH6|PPBP|COMP|COL11A1|HIST1H3B|FCGR3B///FCGR3A|PNMAL1,0.05831159145736034,0.056783086440126515,0.10893292668215623,0.399996740190331
211,280,146,134,0.1875,GPR158|LOC283454///HRK|HLF|CRYBA4|UMODL1|BTBD16|ITIH3|PITX1|IGKV1OR2-108|OLFM4|DNER|CCL17|CCDC110|EYA2|LOC101929141///CCDC144CP///CCDC144B///CCDC144A|BIK,PABPC5|CHIT1|SERPINA9|UGT2B17|LOC102725426///MIR8071-2///MIR8071-1///IGHM///IGHG1|MAGEA4|RPS4Y1|NLRP11|KRT6A|SFRP4|ANKRD36BP2|LOC102724689|TRIM59///IFT80|SYT17|IL22RA2|NPY1R,0.05824988191109854,0.05754123118671113,0.10455206711052661,0.394105833219588
212,280,146,134,0.25,IGHV1-69|LOC105372840|HEPACAM2|UMODL1|CCL17|KCNK12|CCL22|ZNF711|RAB25|MMP3|EYA2|IGLJ3///IGLV1-44///CKAP2///IGLV@///IGLC1|TCL1A|CXCL8|LOC283454///HRK|DAPL1,COL11A1|S100Z|TRPM4|MAGEB1|AICDA|ADIPOQ|SUGCT|LOC101927811|DAPL1|SOX2-OT|KCNH8|C3orf67|LINC00525|LOC102725526///IGHV4-31///IGHM///IGHG3///IGHG2///IGHG1///IGHA2///IGHA1///IGH|PSMA8|SFRP2,0.05832253127725438,0.05846521912192354,0.10627173110525026,0.39159111862171714
213,280,146,134,0.4375,MYOT|CCL17|EML6|LOC283454///HRK|SFTA2|PPBP|LOC613266|RGS13|DNER|KCCAT333|COL11A1|TCL1A|LOC102725526///IGHV4-31///IGHM///IGHG3///IGHG2///IGHG1///IGHA2///IGHA1///IGH|HBA2///HBA1|VPREB3|CTAG2,SUGCT|FDCSP|LHX8|IL13RA2|PLA2G2D|ZNF883|MIS18BP1|RASSF6|CAMP|LRRN1|ZNF257|LOC102725426///MIR8071-2///MIR8071-1///IGHM///IGHG1|FSTL5|TCL1A|LOC102725526///IGHV4-31///IGHM///IGHG3///IGHG2///IGHG1///IGHA2///IGHA1///IGH|ZPBP2,0.05832475220448004,0.059610291292929524,0.10908407560699519,0.41856367031807434
214,280,146,134,0.4375,LOC105375172|LOC283454///HRK|MUC16|TCL1A|EPHB1|KCCAT333|RGS13|FDCSP|LOC101930114|LOC101928173|MMP20|C17orf99|RASSF6|MMP3|UMODL1|DNER,SPAG16|C2CD4A|ORM1|ANKRD36BP2|C3orf67|SCARA5|MAGEA1|LOC105372840|LEP|LOC100509457///HLA-DQA1|KCNK12|VPREB3|LIN28B|PPBP|COL10A1|MAL2,0.05832075291239197,0.05772512790829611,0.10428937521190247,0.40196126052468484
215,280,146,134,0.125,CSRP3|MYL2|TNNC1|UMODL1|MAL2|MYOCD|PXDNL|BIK|SDR16C5|LGALS2|CCL17|CLIP2|SCARA5|SMPX|HEPACAM2|LRRN1,TNNC1|ZNF385B|MAGEA6///MAGEA3|PLA2G2A|MMP12|HLA-DQA1|EPCAM|SMPX|IL17RB|PKHD1L1|KRT5|IGSF11|BIK|KCNN3|PTPN20|KRT13,0.058276419297447854,0.05771412065891669,0.11438222115765247,0.4097628145985568
216,280,146,134,0.3125,CA3|DSCR8|LGSN|NMU|BTBD16|SPIC|TCL1B|EPHB1|TCL1A|LOC283454///HRK|H2AFB1///H2AFB2///H2AFB3|MMP20|MUC16|INA|CSAG2///CSAG3|MMP7,TRPM4|TCL1A|KLRC2///KLRC1|MAGEB1|ABCG5|ZNF883|PCSK1|MGST1|LINC01021|SNX29P1///SNX29P2|MAGEA6|MYOCD|SFTA3|ADIRF|LOC101930415|KRT13,0.05825799297446914,0.05582688419751107,0.1299011954738784,0.40927435981684773
217,280,146,134,0.3125,TCL1B|EYA2|SUSD5|TCL1A|UMODL1|HLA-DQA1|BTBD16|FCRL4|LILRA3|LOC105375172|COL11A1|SYT17|LOC100653057///CES1|HLF|RNF183|DNER,IYD|SPIC|NME8|TMEM158|NMU|CXCL14|EPCAM|LINC01021|KLHL13|MMP1|FAM111B|S100Z|MMP3|GPAT2|MFAP4|SMC3,0.05826790614096777,0.056894098206596314,0.11113230941802249,0.4106404495085377
218,280,146,134,0.125,JCHAIN|UGT2B17|DNAH8|SPRR3|CCR10|FHOD3|CAMP|TRPM4|HEPACAM2|CD1C|TCL1A|STXBP6|HTR3A|MAGEA1|VPREB3|IGLJ3///IGLV1-44///CKAP2///IGLV@///IGLC1,KRT5|SFTA3|GJB2|LOC102724689|PTPN20|LOC100134317///LOC284412|MMP20|FOSB|SCARA5|NPY1R|CD163|PRAME|CLIP2|LOC613266|TRIM59///IFT80|LYPD6B,0.05830852036705381,0.05774384304069678,0.09575705196518085,0.39451950112947315
219,280,146,134,0.0625,PITX1|LINC01405|S100A2|MYOT|PPBP|SDR16C5|MMP13|LOC101930114|MAGEA6///MAGEA3|HLF|HEPACAM2|PSMA8|KRT13|LOC102725426///MIR8071-2///MIR8071-1///IGHM///IGHG1|EPHA4|KCCAT333,IYD|SPINK2|LOC283454///HRK|SFRP4|CD163|PDGFRL|HSF5|LOC100509457///HLA-DQA1|KRT5|LOC100996809///HLA-DRB5///HLA-DRB4///HLA-DRB3///HLA-DRB1|SHISA8|MAGEA9B///MAGEA9|SPAG16|CTAG1A///CTAG1B|RNF183|CXCL14,0.05828890052330353,0.0582478966251251,0.1052326589056128,0.4116188351384014
220,280,146,134,0.1875,ZNF711|LOC283454///HRK|HTR3A|DTX1|UGT2B17|FAR2P3///FAR2P2|FCER2|CENPV|SYT17|BIK|FAM167A-AS1|DNER|PITX1|UMODL1|LOC101928524|ASZ1,HTR3A|SNX29P1///SNX29P2|ZNF711|ZYG11A|ZNF385B|GJB6|CCDC110|ZPBP2|LOC100130744|MSTN|XK|KCCAT333|RNF128|NRG4|GJB2|MMP1,0.0583230854625719,0.05660494595942955,0.1020965568106,0.3926527937436236
221,280,146,134,0.375,IGLJ3///IGLV1-44///CKAP2///IGLV@///IGLC1|NMU|JCHAIN|FCER2|SYT17|IGK///IGKC|UMODL1|HLF|SPIC|DNAH8|MMP20|UGT2B17|MMP13|HTR3A|TCL1A|NME8,FCRL4|FCGR3B///FCGR3A|MMP7|SOST|OLFM4|LOC100996809///HLA-DRB5///HLA-DRB4///HLA-DRB3///HLA-DRB1|FCER2|MAL2|DAPL1|LHX8|VSIG4|ZIC2|KRT14|TSPAN8|ZYG11A|NME8,0.058286325136119206,0.057772813094080736,0.10155622791584093,0.3992039773111967
222,280,146,134,0.1875,CENPV|ASZ1|MMP20|RGS13|MYH1|KLRC2///KLRC1|ARL14|TCL1A|JCHAIN|LOC105375172|LYPD6B|LAMP5|HK3|HPDL|MAL2|EEF1A2,SMPX|PXDNL|ARL14|FCAMR|LOC283454///HRK|KRT14|RASSF6|KLHL13|FCRL4|SFRP4|BEX2|WFDC21P|LOC100505878|C1QA|SFRP2|LYPD6B,0.05826865478442962,0.05761802824465029,0.10973960507120901,0.3833400865693415
223,280,146,134,0.25,KRT14|CPXM1|IL12B|DNER|TCL1A|PNMAL1|RGS13|ITIH3|SYT17|SPRR1B|WISP2|CCDC110|LINC01619|JCHAIN|LOC283454///HRK|KRT6A,HAGLROS|PITX1|LOC102723648|IGSF11|LINC01619|C15orf48|FAM111B|ZNF257|KCCAT333|MFAP4|GJB2|KCNN3|S100Z|STAG3|HPDL|NPIPA5///NPIPB6///NPIPB8///NPIPB3,0.0582360473353798,0.05722506332459054,0.11140723454233636,0.3977067451374185
224,280,146,134,0.3125,UMODL1|RNF183|TRPM4|XK|RGS13|LOC283454///HRK|JCHAIN|SYT17|HTR3A|FAM167A-AS1|GJB2|DNAH8|BIK|MYOCD|LINC00403|S100A7,LOC100996809///HLA-DRB5///HLA-DRB4///HLA-DRB3///HLA-DRB1|PABPC5|LOC105375172|PXDNL|HEPACAM2|COMP|LINC01102|MMP7|HPDL|CNTN3|SFRP2|EPHA4|SPRR1B|S100A9|MMP20|LIN28B,0.05832352193338268,0.056980505149936134,0.10330875494776667,0.3802128408789479
225,280,146,134,0.3125,MMP13|MAB21L3|UMODL1|EML6|SYT17|KCCAT333|MUC16|TRPM4|DNER|DTX1|TCL1B|ZNF711|NOL4|ZIC2|LOC101930114|FAM30A,ICOS|COL9A3|MAGEB2|BEX2|IL13RA2|LRP1B|ARL14|DTX1|MAGEA9B///MAGEA9|PDGFRL|CCDC110|EPCAM|FSTL5|IGK///IGKC|CETP|C1QA,0.05828309877139569,0.05703365527673139,0.10965206297932885,0.40728329909833877
226,280,146,134,0.25,KRT6A|DNER|RNF183|LOC105372840|RSPH1|BTBD16|IGHV3-23///IGHV4-31///IGHM///IGHG3///IGHG1///IGHD///IGHA1///IGH|KRT13|BBOX1|SPRR1B|RGS13|KRT5|LOC101930114|IGLJ3///IGLV1-44///CKAP2///IGLV@///IGLC1|JCHAIN|PXDNL,CRNDE|S100A8|KCNK12|HLA-DQA1|CHRM3-AS2|STEAP2|HBA2///HBA1|RNF183|FCRL4|NME8|ORM1|PRAME|FAM129C|LILRA3|LOC101930114|ZNF711,0.05823421257563624,0.05644757467344958,0.09955411226575023,0.4021320717021979
227,280,146,134,0.4375,MMP3|MYOCD|MMP20|TCL1A|SPIC|LIPI|DNER|UMODL1|SAA2-SAA4///SAA2///SAA1|SDR16C5|XIST|PXDNL|KCCAT333|SAA2///SAA1|DNAH8|MMP13,ZNF711|SAA2-SAA4///SAA2///SAA1|TNFRSF17|TRPM4|CD24|LINC00877|PITX1|FCGR3B///FCGR3A|P2RY12|SUGCT|C16orf74|KCNN3|ABCG5|ASMT|ZNF883|LOC102725526///IGHV4-31///IGHM///IGHG3///IGHG2///IGHG1///IGHA2///IGHA1///IGH,0.058263823534400544,0.058534815649146275,0.12189724397895317,0.397428923660046
228,280,146,134,0.125,DAPL1|LOC105375172|NOL4|SACS-AS1|KRT6A|MYBPC1|KRT14|C17orf99|LILRA3|HK3|DNER|NMU|DNAH8|MYOCD|NLRP4|CTCFL,TPSB2|LIPI|STEAP2|LOC101930415|SFTA3|DNER|MARCO|FAR2P3///FAR2P2|LINC01021|C15orf48|SMC3|LINC00877|ZNF711|MUC16|HAGLROS|ZNF385B,0.058273224463112,0.058064036240997555,0.1235850050743421,0.40256783936173274
229,280,146,134,0.0625,HBA2///HBA1|HBB|LOC100509457///HLA-DQA1|LOC102725526///IGHV4-31///IGHM///IGHG3///IGHG2///IGHG1///IGHA2///IGHA1///IGH|SDR16C5|CCDC110|CENPV|LOC101930114|IL12B|JCHAIN|CLIP2|TCL1B|HLA-DQB1|ASB5|ZIC2|EPHB1,GPR158|CENPV|LOC105372840|NCKAP5|LINC00877|ASZ1|LOC440864///MSH6|LOC101927811|FSTL5|AP3D1|HLF|LOC102725426///MIR8071-2///MIR8071-1///IGHM///IGHG1|AICDA|SNX29P1///SNX29P2|MYOCD|LOC101929141///CCDC144CP///CCDC144B///CCDC144A,0.05824922930174341,0.05705806293028447,0.11841694301932802,0.39994895194949087
230,280,146,134,0.375,SACS-AS1|UMODL1|TCL1A|LILRA4|RGS13|SPIC|MYH1|FSTL5|MYOCD|RNF183|MMP3|XK|NAP1L3|S100A8|FDCSP|KCNN3,C4orf22|EPCAM|S100A8|TSIX|XK|CAMP|SDR16C5|LOC101930415|LOC105372840|ASMT|DNAH8|PROK2|CCL17|DMRT1|C2orf40|MYH1,0.05827857595215126,0.056473161371637694,0.1103377123714561,0.3943144231505021
231,280,146,134,0.3125,UMODL1|LOC283454///HRK|MUC16|MARCO|CCR10|NOL4|SYT17|DNER|IGLJ3///IGLV1-44///CKAP2///IGLV@///IGLC1|LRRN1|HAGLROS|EPHB1|FSTL5|HMCN1|NMU|CTAG2,CTCFL|LOC105375172|MME|EML6|MGST1|LOC101930415|HMCN1|LOC440864///MSH6|NCKAP5|LGSN|FAM30A|SACS-AS1|OVAAL|ZYG11A|SOX2-OT|NME8,0.05830707227545523,0.0570014916538716,0.11299420000091216,0.4122044695527632
232,280,146,134,0.1875,HBB|HBA2///HBA1|MYOT|HTR3A|EPHB1|UMODL1|NMU|MYL1|IGLJ3///IGLV1-44///CKAP2///IGLV@///IGLC1|CCL21|LINC01102|MMP20|CCL17|DNAH8|ZNF711|MAGEA1,ASPN|WFDC21P|C1QA|ARL14|OGDHL|LOC101930114|FSTL5|CA3|LRP1B|HSF5|MYOT|LOC100130744|TNFRSF17|GOLIM4|LILRA4|CCR10,0.058289623625141763,0.05571822866977242,0.10218323138399134,0.39928283215900995
233,280,146,134,0.25,DNER|MYOCD|LOC613266|LECT2|MMP13|RNF183|NMU|CT45A8///CT45A9///CT45A10///CT45A7///CT45A2///CT45A1///CT45A6///CT45A5///CT45A3|LOC101929141///CCDC144CP///CCDC144B///CCDC144A|TCL1A|HEPACAM2|C7orf57|GPR158|RASSF6|HSF5|NOL4,LEP|NPY1R|NCKAP5|PABPC5|KRT5|OVAAL|CCL22|ADIRF|KCNK12|MT1M|SNX29P1///SNX29P2|RASSF6|EPCAM|FCRL4|ASMT|LOC101929141///CCDC144CP///CCDC144B///CCDC144A,0.05831513112372935,0.058335605656575557,0.1068913564536462,0.38874989622701206
234,280,146,134,0.125,EPCAM|HTR3A|GPR158|LOC100505878|PDZRN4|BEX2|CAMP|SH3GL2|OVAAL|KCNK12|BTBD16|CCL17|RSPH1|UMODL1|DNER|ZNF711,MAGEA6|FAM111B|SCARA5|TFPI2|MAGEA1|FAM149A|CPXM1|LOC613266|HMCN1|LYPD6B|TCL1B|LINC00487|HIST1H1B|HIST1H3B|SEC31B|GJB2,0.058298726951843904,0.05897579278792539,0.10118572624925626,0.3987104844028133
235,280,146,134,0.1875,LOC102724689|KRT5|RGS13|ASMT|ABCG5|MMP20|HLF|LOC101929141///CCDC144CP///CCDC144B///CCDC144A|KRT14|GJB2|LOC100653057///CES1|LOC105372840|MUC16|MYOCD|IGHV3-23///IGHV4-31///IGHM///IGHG3///IGHG1///IGHD///IGHA1///IGH|C3orf67,MYH1|LOC101930415|SAXO2|OVAAL|LOC105372840|LINC01102|SACS-AS1|STAG3|HSF5|GPAT2|MME|PXDNL|CLIP2|TRPM4|LY6G5B///CSNK2B|PCSK1,0.05829668258312979,0.05719273559480302,0.10169122953931807,0.39305475545645463
236,280,146,134,0.3125,LOC283454///HRK|FHOD3|LINC00525|EPCAM|LINC00403|UMODL1|SYT17|MMP13|DNER|UGT2A3|TCL1B|C17orf99|LOC613266|ASZ1|EML6|PITX1,SYT14|CD163|IGHD|MLC1|KCCAT333|S100A9|C4orf22|LYPD6B|COL11A1|NOL4|LOC101930067|STEAP2|LOC101930415|PDGFRL|LOC283454///HRK|TRIM59///IFT80,0.05829274983496815,0.05860355856402986,0.1105158881592405,0.41607542188377716
237,280,146,134,0.4375,KCCAT333|LOC105375172|RGS13|TCL1A|LOC283454///HRK|IGHV3-23///IGHV4-31///IGHM///IGHG3///IGHG1///IGHD///IGHA1///IGH|UMODL1|MUC16|HLF|DNAH8|MAGEB18|MMP20|NMU|LOC101929272|EML6|UBASH3A,LIN28B|USP9Y|CCL22|CTTNBP2|HLA-DQA1|STATH|ZPBP2|KRT6A|FHOD3|KLRC2///KLRC1|SMPX|LRP1B|PNMAL1|LOC105372840|ARL14|TCL1A,0.05822798068019937,0.058184275139004336,0.11090369499503347,0.39185532608690005
238,280,146,134,0.3125,KRT13|LOC283454///HRK|IL13RA2|SPIC|EML6|MMP13|TCL1A|STXBP6|UMODL1|CLC|FHOD3|NOL4|NMU|LOC101930114|C17orf99|HEPACAM2,SMPX|CCL17|ADIRF|PKHD1L1|CLC|MME|NMU|SOX8|HLA-DQA1|HLA-DQB1|PCSK1|LOC101929141///CCDC144CP///CCDC144B///CCDC144A|KCNH8|SUSD5|MARCO|FAM111B,0.05828471323569477,0.057887029873358406,0.11781543937281477,0.3912297370816159
239,280,146,134,0.25,DNER|NPIPA5///NPIPB6///NPIPB8///NPIPB3|LVRN|NLRP4|HEPACAM2|SPRR3|IGK///IGKC|PITX1|CCL21|LINC01541|C16orf74|IGLJ3///CKAP2|CTAG2|LOC101929272|MYOT|MUC16,SFRP2|LRRN1|SCARA5|MYBPC1|ZNF711|NOL4|ZNF883|ZYG11A|ZNF385B|LOC105375172|RPS4Y1|HEPACAM2|PDGFRL|ZBTB32|MMP3|IGLJ3///CKAP2,0.05831800930208525,0.05810551179001071,0.1081821474826502,0.4084708128934094
240,280,146,134,0.375,RASSF6|LOC283454///HRK|CCDC110|BBOX1|PNMAL1|SPIC|EML6|BEX2|SYT17|DNER|BTBD16|VPREB3|TCL1A|FSTL5|RGS13|FAM30A,VPREB3|MAGEB1|UMODL1|FAM129C|NLRP7|PABPC5|LGALS2|LINC01297|CLGN|PKHD1L1|LOC101929141///CCDC144CP///CCDC144B///CCDC144A|CPXM1|MAGEA9B///MAGEA9|NPY1R|NMU|TXLNGY,0.05825494315249642,0.05844214963028782,0.10232054081997163,0.40165575138765164
241,280,146,134,0.1875,LECT2|KRT14|MMP20|FDCSP|SOST|KRT13|KRT6A|DNER|ZNF385B|UGT2B17|IL13RA2|TNFRSF17|ADIRF|PLPP2|TCL1A|FCRL4,COMP|LINC01268|MYOCD|NLRP7|IL13RA2|UHMK1|RASSF6|SYT14|LINC00877|MAGEA9B///MAGEA9|ANKRD36BP2|KCNK12|ZNF257|COL11A1|GTSF1|LOC440864///MSH6,0.058286684857110534,0.05752880698715976,0.106161543230792,0.3949247952674956
242,280,146,134,0.25,UMODL1|LILRA4|CCL17|KCCAT333|FAR2P3///FAR2P2|PPP4R4|C2CD4A|SPIC|TCL1B|CCDC110|OVAAL|LRP1B|SNORD3D///SNORD3C///SNORD3B-2///SNORD3A///SNORD3B-1|LOC101930114|PLAC8|UBASH3A,IL17RB|MGST1|ORM2///ORM1|CCL17|MMP3|LINC01021|NME8|IGLJ3///IGLV1-44///CKAP2///IGLV@///IGLC1|GOLIM4|SPAG16|DPEP2|RNF183|CRNDE|KLRC2///KLRC1|MARCO|NCKAP5,0.05826962991323052,0.05651879039676441,0.10112051640915173,0.3963677459624941
243,280,146,134,0.1875,CCL17|DNER|BTBD16|DNAH8|NOL4|CCL21|MYL2|TCL1B|UMODL1|ARL14|ASZ1|ZNF711|LOC613266|MUM1L1|SPRR1B|SMPX,LOC101930114|RASSF6|SPIC|NLRP11|NLRP4|USP9Y|ZNF257|CCR10|HPDL|NOL4|VSIG4|TRIM59///IFT80|LOC101930415|PRAME|IGHV3-23///IGHV4-31///IGHM///IGHG3///IGHG1///IGHD///IGHA1///IGH|FAM30A,0.05830385239597606,0.05711101666630993,0.11666694510549874,0.3894296303409055
244,280,146,134,0.125,FAM167A-AS1|HTR3A|MAGEA6///MAGEA3|LOC101929141///CCDC144CP///CCDC144B///CCDC144A|CD5L|LILRA3|ORM1|HEPACAM2|KCCAT333|PITX1|DNAH8|LIPI|ORM2///ORM1|LOC101930114|RGS13|LRRN1,NME8|H2AFB1///H2AFB2///H2AFB3|IGLJ3///IGLV@///IGLC1|LOC102724689|EPCAM|LINC01021|STEAP2|TNFRSF17|COMP|ASB5|RPS4Y1|RAB25|CTAG1A///CTAG1B|GPAT2|LINC00877|SUGCT,0.05830600361667765,0.05546126896079077,0.09883669127040971,0.39711699504830145
245,280,146,134,0.1875,LINC00403|BTBD16|KRT14|SPRR1B|S100A2|KRT6A|TCL1A|PTPN20|HLF|HLA-DQA1|ZNF257|MYOT|LOC283454///HRK|LGSN|LOC105372840|RGS13,HMCN1|PNMAL1|ASMT|MAGEA1|HLF|IGLJ3///IGLV1-44///CKAP2///IGLV@///IGLC1|C4orf22|NLRP4|HTR3A|KCCAT333|TFPI2|LINC00487|TCL1B|MYOT|CYB5R2|OLFM4,0.05824237669067697,0.056652369379962056,0.12753752721145628,0.39528318683347735
246,280,146,134,0.4375,BIK|FAM167A-AS1|BTBD16|SPIC|GPAT3|UMODL1|CT45A8///CT45A9///CT45A10///CT45A7///CT45A2///CT45A1///CT45A6///CT45A5///CT45A3|DNAH8|CAMP|MMP20|LOC283454///HRK|ORM2///ORM1|TNFRSF17|RGS13|KCCAT333|TCL1A,ORM1|IL17RB|PDGFRL|IGKV1OR2-108|C7orf57|SNX29P1///SNX29P2|SPRR1B|BIK|FAM167A-AS1|MAGEA6///MAGEA3|MMP12|CRNDE|C17orf99|IGLJ3///IGLV@///IGLC1|TCL1B|IGHD,0.058302977904362716,0.05722135156158381,0.10349918507188496,0.4155237017221534
247,280,146,134,0.1875,PITX1|LGSN|ABCG5|UMODL1|NPIPA5///NPIPB6///NPIPB8///NPIPB3|SYT17|STXBP6|DAPL1|FCRL4|MAB21L3|PXDNL|TRPM4|ASZ1|JCHAIN|BIK|TCL1A,GPAT2|UBASH3A|S100Z|LOC440864///MSH6|GTSF1|DNER|AP3D1|UMODL1|COL11A1|LINC01405|LOC100509457///HLA-DQA1|FAM111B|ARL14|CCL20|HLA-DQB1|MATN3,0.058277971676560875,0.057792546851199875,0.1126313111145883,0.39783851927592073
248,280,146,134,0.0625,LOC105375172|TUBB2B|PNMAL1|ARNT2|SYT17|CXCL6|DNER|LILRA3|EPHB1|JCHAIN|NLRP11|TAC1|MYOT|C12orf77|MT1M|LOC105372840,DNAH8|CTAG1A///CTAG1B|TAC1|XIST|NLRP4|AP3D1|MMP20|NPIPA5///NPIPB6///NPIPB8///NPIPB3|LOC101928524|MGST1|DNER|IGLJ3///IGLV1-44///CKAP2///IGLV@///IGLC1|EEF1A2|MAGEA6|TCL1B|CHRM3-AS2,0.05827676635980381,0.056213956598889524,0.11249126043202964,0.3937395127597918
249,280,146,134,0.4375,IGLJ3///IGLV1-44///CKAP2///IGLV@///IGLC1|KCCAT333|CCR6|HBA2///HBA1|IGK///IGKC|MMP13|HTR3A|DNER|STXBP6|SPIC|LOC283454///HRK|UMODL1|MARCO|PXDNL|HBB|SH3GL2,KRT13|LEP|NPY1R|LGALS2|ZBTB32|LINC01021|CXCL14|LINC01297|DNER|CHIT1|COL9A3|TPSB2|ABCG5|SERPINA9|S100Z|GPAT2,0.058265067166797815,0.05603849844132093,0.10145690885732904,0.40988169354263454
250,280,146,134,0.375,SMPX|CSRP3|LOC283454///HRK|UMODL1|CA3|HLF|SPRR3|CT45A8///CT45A9///CT45A10///CT45A7///CT45A2///CT45A1///CT45A6///CT45A5///CT45A3|IGHD|XIRP2|SPIC|LOC105375172|RNF183|MMP20|XK|TCL1B,FSTL5|PDGFRL|UGT2A3|CTAG2|ADIRF|IGHV1-69|C17orf99|LINC01021|AP3D1|HIST1H3B|MAGEB1|MMP1|GJB2|SFTA3|IGLJ3///IGLV1-44///CKAP2///IGLV@///IGLC1|SPAG16,0.058230303230703266,0.05673653786981323,0.1253830634657815,0.38912557762682304
251,280,146,134,0.3125,DNER|SPIC|S100A2|BIK|ASZ1|MYOCD|RGS13|ASMT|KRT6A|ADIRF|KRT14|XCL2///XCL1|SPRR1B|SYT17|DPEP2|TCL1A,CXCL14|VSIG4|SDR16C5|WISP2|IL12B|LEP|MAL2|EIF1AY|ASMT|OLFM4|HIST1H3B|SMC3|CCL17|ZYG11A|IL17RB|EYA2,0.0582702139327761,0.05819794846733941,0.11100828309301061,0.39750517064910257
252,280,146,134,0.0625,ZNF711|UMODL1|MAL2|USP9Y|SH3GL2|DNAH8|EIF1AY|TXLNGY|KRT6A|GPM6A|LOC102725526///IGHV4-31///IGHM///IGHG3///IGHG2///IGHG1///IGHA2///IGHA1///IGH|MYBPC1|FOXG1|HTR3A|C17orf99|RPS4Y1,COL9A3|IGHD|SOX2-OT|IL22RA2|LHX8|C1QB|P2RY12|S100Z|PKHD1L1|HLF|PTPN20|SMPX|CCL17|C15orf48|LOC105375172|ZYG11A,0.058307861839708125,0.05712934609170911,0.09725727794713204,0.40719722453323437
253,280,146,134,0.125,LOC105375172|ASB5|EML6|MYOT|KCCAT333|DNAH8|CCDC110|EYA2|CYS1|NME8|TUBB2B|DHRS9|AICDA|SFTA3|JCHAIN|LOC101930114,KRT13|LINC01102|LMO2|LRRN1|ORM2///ORM1|CKAP2///IGLC1|MMP20|HK3|TREM1|TRPM4|PLA2G2A|GJB6|LOC101930067|GTSF1|DAPL1|S100Z,0.05828816789222873,0.05645105534052759,0.10414064117113825,0.40394973881006685
254,280,146,134,0.125,RGS13|MLC1|LOC613266|KRT6A|CD5L|MMP3|DHRS9|TCL1A|JCHAIN|NMU|HTR3A|FAM167A-AS1|LILRA3|C17orf99|ZNF883|MMP1,ORM1|CCL20|SUGCT|CETP|LMO2|SYT17|NCKAP5|ICOS|GJB2|ASMT|CCDC110|RGS13|IGHD|XK|TXLNGY|IGK///IGKC,0.05826572694954804,0.056643425797761465,0.11473778582357211,0.3911098393084838
255,280,146,134,0.125,LINC01619|CRYBA4|LOC283454///HRK|AICDA|NOL4|ASZ1|MMP12|FAR2P3///FAR2P2|IGLJ3///IGLV1-44///CKAP2///IGLV@///IGLC1|VPREB3|RASSF6|ITIH3|IGKV1OR2-108|LOC613266|LINC00996|GPM6A,PTPN20|SEC31B|RAB25|HMCN1|UBASH3A|ORM2///ORM1|RNF183|AICDA|IYD|AQP9|LINC00487|LOC102724689|PITX1|LHX8|EPHB1|HEPACAM2,0.05829220806109635,0.05740945771745973,0.10391761220138591,0.40197508029058565
256,280,146,134,0.5,TRPM4|XK|LOC105375172|KCCAT333|MYOCD|DAPL1|IGLJ3///IGLV1-44///CKAP2///IGLV@///IGLC1|DNAH8|HLF|RGS13|EML6|ZNF711|SPIC|DNER|RNF183|UGT2B17,C1QB|CCL17|LOC101929141///CCDC144CP///CCDC144B///CCDC144A|KCNH8|HIST1H1B|MMP20|MME|PRAME|C7orf57|LRRN1|CCL21|WFDC21P|SDR16C5|SFRP2|FCRL4|ZYG11A,0.05821515633311858,0.05623758700620715,0.10955359822543058,0.39490450040226893
257,280,146,134,0.3125,LOC613266|P2RY12|MAGEA6///MAGEA3|DNER|RGS13|KCCAT333|CCDC110|CENPV|JCHAIN|COL11A1|FAM30A|SNX29P1///SNX29P2|FAR2P3///FAR2P2|UMODL1|SYT17|TCL1A,LGSN|C15orf48|FCAMR|MUC16|KLHL13|SOX2-OT|ANKRD36BP2|MT1M|PRAME|ZBTB32|UHMK1|AQP9|KRT5|OVAAL|C2CD4A|MFAP4,0.05834091911315493,0.05767502744577489,0.09693475374206881,0.4000937874728731
258,280,146,134,0.1875,LECT2|NLRP7|LOC105372840|C17orf99|LINC01405|TCL1B|C16orf74|JCHAIN|FAM167A-AS1|EML6|TMEM52B|KCCAT333|GJB2|CKAP2///IGLC1|CHIT1|LOC100653057///CES1,FHOD3|LOC101927811|C17orf99|LOC100509457///HLA-DQA1|LOC100653057///CES1|CD5L|S100Z|MAGEA1|MAGEB2|SFRP4|HK3|NLRP7|PCSK1|LOC101930067|VPREB3|MAL2,0.0582986406689282,0.05638629659778427,0.1277677211852469,0.41873278723720997
259,280,146,134,0.25,UMODL1|LOC101929219///C1orf186|CCL22|LOC283454///HRK|IGSF11|LINC01619|CENPV|TPRG1|TNFRSF17|SPIC|CTAG2|DNAH8|EYA2|SH3GL2|OVAAL|PTPN20,CTAG2|KCCAT333|C7orf57|STAG3|MT1M|LOC613266|LOC100130744|ADIRF|IGLJ3///IGLV@///IGLC1|SFTA3|ZNF876P|COL9A3|ICOS|RAB25|LINC01527|CILP,0.05829925940739485,0.05744184277953066,0.10838999669316755,0.398699100848742
260,280,146,134,0.1875,LINC01021|UGT2B17|BTBD16|OGDHL|JCHAIN|KRT14|CSRP3|SI|SOST|KCCAT333|EPYC|EPCAM|TCL1B|LHX8|SPRR1B|MMP20,TCL1B|CILP|IL17RB|MAGEB2|LILRA4|LINC00877|KCCAT333|TNNC1|NLRP4|DAPL1|ZBTB32|CKAP2///IGLC1|KCNK12|LOC100509457///HLA-DQA1|LRP1B|SDR16C5,0.05829497596907836,0.0567994468903949,0.1186359109606769,0.4164555615522425
261,280,146,134,0.1875,WFDC21P|LOC101928173|MMP12|MMP13|HLF|CT45A8///CT45A9///CT45A10///CT45A7///CT45A2///CT45A1///CT45A6///CT45A5///CT45A3|SYT17|MMP20|UMODL1|FCRL4|TCL1A|KRT13|MLC1|C15orf48|PITX1|FAM167A-AS1,FHOD3|HIST1H1B|SAXO2|KRT6A|NLRP4|MAGEA1|S100Z|MMP20|MATN3|SPRR1B|SEC31B|LOC100509457///HLA-DQA1|C3orf67|FAM167A-AS1|CTTNBP2|OVAAL,0.05824841803750186,0.056284137403322824,0.106953326196093,0.40529590251341135
262,280,146,134,0.0625,CCDC110|JCHAIN|PNMAL1|DNAH8|KRT14|BIK|CENPV|HTR3A|VPREB3|C4orf22|IGHD|EML6|CAMP|LOC101929450|SFTA3|LYPD6B,TSIX|LRP1B|C1QA|MME|DNAH8|UBASH3A|TG|COMP|SFRP2|CT45A8///CT45A9///CT45A10///CT45A7///CT45A2///CT45A1///CT45A6///CT45A5///CT45A3|KCNH8|SULF1|COL9A3|SMC3|UGT2B17|CTCFL,0.05829545954987331,0.057228075232852636,0.11223078185361175,0.40635507296974643
263,280,146,134,0.1875,BIK|LOC613266|FHOD3|EML6|ITIH3|CRYBA4|ASZ1|SFTA3|DNAH8|LOC283454///HRK|ZNF257|LOC101929272|MMP20|H2AFB1///H2AFB2///H2AFB3|ZIC2|HLF,PITX1|LOC283454///HRK|FCAMR|S100A8|MME|CTTNBP2|CA3|SFRP4|CD74|FHOD3|SYT17|CCL20|LOC102724689|WISP2|KCNK12|HLA-DQA1,0.058252583955705727,0.05742856458776271,0.1253525923965081,0.38855590251112243
264,280,146,134,0.125,LOC283454///HRK|NME8|CD24|CPXM1|CCL17|LOC101930114|SYT17|LOC102723648|EYA2|NMU|EPHB1|UMODL1|WISP2|RPS4Y1|NLRP11|AICDA,TRPM4|KRT13|NPIPA5///NPIPB5///NPIPB11///NPIPB8///LOC613037///NPIPB4///NPIPB3|WFDC21P|CAMP|SHISA8|LGSN|WISP2|USP9Y|IGHV3-23///IGHV4-31///IGHM///IGHG3///IGHG1///IGHD///IGHA1///IGH|FSTL5|ASB5|CPXM1|PDZRN4|RSPH1|CTTNBP2,0.058333078304520884,0.057597622074562455,0.11222252779250413,0.40785276417191524
265,280,146,134,0.1875,KCNK12|SPRR1B|MAGEA6///MAGEA3|RGS13|KRT5|HLF|TNFRSF17|TPSB2|TCL1B|ASMT|LOC105375172|KRT14|MMP3|CT45A8///CT45A9///CT45A10///CT45A7///CT45A2///CT45A1///CT45A6///CT45A5///CT45A3|CCL17|IGK///IGKC,NME8|LOC105375172|NLRP7|HLF|EYA2|LOC100996809///HLA-DRB5///HLA-DRB4///HLA-DRB3///HLA-DRB1|FOSB|C3orf67|LOC101930415|SERPINA9|GPM6A|KLRC2///KLRC1|STXBP6|LINC00487|ZNF257|GPAT2,0.05832783125037379,0.05727804758490822,0.0971653395555623,0.397195252089452
266,280,146,134,0.4375,MYOCD|S100A7|DHRS9|LOC105375172|SPRR1B|NOL4|SPIC|RGS13|KRTDAP|MUC16|COL11A1|BIK|RNF183|DNER|MMP20|EML6,ITIH3|SOX2-OT|H2AFB1///H2AFB2///H2AFB3|ORM2///ORM1|TFPI2|LIN28B|S100A2|LOC102723648|MAGEA6///MAGEA3|LOC102725426///MIR8071-2///MIR8071-1///IGHM///IGHG1|SI|C7orf57|SCARA5|SFRP4|PCSK1|FCER2,0.0582391008970725,0.05687743955688908,0.11096775922369316,0.39580425379451684
267,280,146,134,0.125,MAGEA4|LILRA3|BEX2|JCHAIN|SPIC|UBASH3A|WISP2|LAMP5|CHI3L1|PROK2|PDZRN4|SACS-AS1|MYOCD|LRRN1|LINC01619|EPCAM,PSMA8|LINC00487|SFRP2|EYA2|LINC01527|MMP13|TNFRSF17|CLGN|IGLJ3///CKAP2|MAL2|XK|PNMA6A|CCR10|RSPH1|SERPINA9|NPIPA5///NPIPB5///NPIPB11///NPIPB8///LOC613037///NPIPB4///NPIPB3,0.05827759904646658,0.057150439195112354,0.09688541127260912,0.38944444170302606
268,280,146,134,0.375,MYOCD|HTR3A|MAL2|CSRP3|IGKV1OR2-108|C4orf22|IGK///IGKC|FAM30A|SPRR1B|DNER|TCL1A|MLK7-AS1|IGLJ3///IGLV1-44///CKAP2///IGLV@///IGLC1|LOC102725526///IGHV4-31///IGHM///IGHG3///IGHG2///IGHG1///IGHA2///IGHA1///IGH|MMP20|LINC01541,SI|MAGEA6|HEPACAM2|ICOS|LOC101928173|TCL1B|CT45A8///CT45A9///CT45A10///CT45A7///CT45A2///CT45A1///CT45A6///CT45A5///CT45A3|XIST|TFPI2|NPIPA5///NPIPB6///NPIPB8///NPIPB3|PROK2|IGLJ3///CKAP2|MMP7|PABPC5|HSF5|PLA2G2D,0.05830591910135213,0.05879875683322376,0.1024547371301575,0.40016457212461365
269,280,146,134,0.0,FAM167A-AS1|ZNF711|HEPACAM2|LRRN1|ZIC2|DAPL1|SMPX|MYBPC1|RIBC2|MYH1|MYOT|MYL2|LEP|SFRP4|FCER2|DNAH8,SYT17|JCHAIN|SACS-AS1|CPLX1|FABP4|ZIC2|ELOVL7|SOX2-OT|CETP|MMP1|LINC01405|PDGFRL|ABCG5|EYA2|PSMA8|MT1M,0.058267925183890804,0.05642622570815044,0.10565303806967115,0.393915201634641
270,280,146,134,0.1875,LOC105375172|IGKV1OR2-108|DNAH8|CTCFL|SUSD5|KCNK12|CENPV|PXDNL|HTR3A|RGS13|LILRA3|MMP13|RNF183|CPLX1|JCHAIN|UMODL1,CTCFL|CPLX1|LIN28B|PPP1R14A|LOC100505878|IGLJ3///CKAP2|TUBB2B|LILRA3|LOC440864///MSH6|COL11A1|DNER|SFRP4|SACS-AS1|CCDC110|MMP20|FAM167A-AS1,0.05833298653044098,0.05731902393892843,0.10118058923153973,0.40062473242478214
271,280,146,134,0.5,PITX1|LOC283454///HRK|TCL1B|XIST|RGS13|DHRS9|C17orf99|RNF183|DNER|SYT17|TCL1A|UMODL1|LILRA4|BEX2|MMP20|TRPM4,FCGR3B///FCGR3A|IGKV1OR2-108|ELOVL7|ZNF876P|CLGN|MAL2|ORM1|GPR158|UMODL1|SDR16C5|IL22RA2|P2RY12|HEPACAM2|ZYG11A|LOC440864///MSH6|MARCO,0.05830982589720747,0.057185872505896206,0.10855462124622395,0.4037202627787763
272,280,146,134,0.25,HTR3A|SYT17|LINC01405|CTCFL|RGS13|HLA-DQA1|PITX1|BIK|KCCAT333|FSTL5|C2CD4A|C17orf99|ZIC2|CRYBA4|IGK///IGKC|TCL1A,NLRP7|ASB5|LOC102725426///MIR8071-2///MIR8071-1///IGHM///IGHG1|LINC00877|EPCAM|TRIM59///IFT80|EEF1A2|KCNN3|OLFM4|MAGEA1|TRPM4|MMP20|FOSB|C1QA|JCHAIN|LOC102725526///IGHV4-31///IGHM///IGHG3///IGHG2///IGHG1///IGHA2///IGHA1///IGH,0.0582714717688575,0.05794848568669285,0.10020989399585846,0.4008863155784899
273,280,146,134,0.1875,PNMAL1|TAC1|DNER|LINC01021|MUC16|IL17RB|TCL1A|MARCO|CPXM1|TUBB2B|TCL1B|RSPH1|OGDHL|HLF|CD5L|KRT5,NLRP7|MAGEA6///MAGEA3|DAPL1|MMP12|CTAG1A///CTAG1B|PRAME|S100A8|RASSF6|EIF1AY|PABPC5|BIK|RPS4Y1|LOC101929141///CCDC144CP///CCDC144B///CCDC144A|NLRP4|LINC01405|IGLJ3///IGLV1-44///CKAP2///IGLV@///IGLC1,0.05829459761943058,0.05808551745935665,0.10948606977915185,0.40156451287042877
274,280,146,134,0.3125,MYOCD|LOC613266|FABP4|DNER|GPM6A|PROK2|IL17RB|XIST|CD5L|RNF183|MUC16|HTR3A|LOC283454///HRK|TCL1A|IGHV4-31///IGHM///IGHG4///IGHG3///IGHG1///IGHD///IGHA2///IGHA1|ORM2///ORM1,LOC100130744|CD1C|LOC100996809///HLA-DRB5///HLA-DRB4///HLA-DRB3///HLA-DRB1|BEX2|SERPINA9|HOTAIR|LOC105372840|RAB25|GOLIM4|RSPH1|S100Z|EPHB1|CILP|IGLJ3///CKAP2|UMODL1|CKAP2///IGLC1,0.05831197907582783,0.05766820219501116,0.10184202098739652,0.4143588600771804
275,280,146,134,0.25,CT45A8///CT45A9///CT45A10///CT45A7///CT45A2///CT45A1///CT45A6///CT45A5///CT45A3|RASSF6|MLC1|TCL1A|ASZ1|RGS13|UMODL1|GJB2|HTR3A|CENPV|LOC105372840|LOC283454///HRK|CCDC110|DNAH8|C4orf22|LOC102725526///IGHV4-31///IGHM///IGHG3///IGHG2///IGHG1///IGHA2///IGHA1///IGH,AICDA|COL9A3|LOC440864///MSH6|LINC00487|OLFM4|ZNF385B|LILRA4|TSPAN8|DNAH8|HIST1H3B|NLRP7|LOC101927811|SFRP4|CCL17|FAM111B|CD74,0.05825556628751117,0.056518698797270964,0.11464653189572484,0.37895046216648176
276,280,146,134,0.3125,HTR3A|BTBD16|LOC283454///HRK|MAJIN|TCL1A|RGS13|DNER|MYOT|LRRN1|LOC613266|CD1C|LOC105372840|KCCAT333|DNAH8|LINC01021|LOC100996809///HLA-DRB5///HLA-DRB4///HLA-DRB3///HLA-DRB1,OVAAL|KLHL13|EPCAM|SPIC|CAMP|PCSK1|CA3|HPDL|LINC00877|COL11A1|SPRR1B|TNFRSF17|LIPI|LOC100130744|IGLJ3///IGLV@///IGLC1|PXDNL,0.05827927339059936,0.05748234405231377,0.10245382821352475,0.4315937436572382
277,280,146,134,0.3125,DHRS9|DNER|LGALS2|UGT2B17|SYT14|EYA2|LOC613266|EML6|HLF|CCL17|LOC283454///HRK|STXBP6|RGS13|HTR3A|UMODL1|LINC00525,ZNF385B|H2AFB1///H2AFB2///H2AFB3|MARCO|NLRP7|GPAT2|CHIT1|NCKAP5|HTR2B|NLRP11|TRIM59///IFT80|DHRS9|KCNH8|FCAMR|NOL4|OVAAL|DAPL1,0.0582689283353843,0.05764119280074924,0.10174191495975303,0.39535381048485796
278,280,146,134,0.25,CSRP3|SPIC|MYOCD|UBASH3A|LOC283454///HRK|SMPX|TCL1A|ZNF883|MYBPC1|HEPACAM2|MYL2|EPHB1|XIRP2|ASB5|RAB25|GJB2,PPP1R14A|CCL22|TXLNGY|C1QA|LOC100653057///CES1|MAGEA6|XK|HTR3A|SFTA3|COL9A3|EPCAM|CCL17|GJB2|TCL1B|FOSB|GPM6A,0.05823874814837728,0.05639604611386766,0.11372446733149058,0.39243867946280137
279,280,146,134,0.125,TUBB2B|DNAH8|BTBD16|IGHD|S100A7|HEPACAM2|BIK|RGS13|EIF1AY|LOC613266|TCL1A|EYA2|KRT13|JCHAIN|MMP3|ZNF385B,LINC00996|SUGCT|SPINK2|LOC102725526///IGHV4-31///IGHM///IGHG3///IGHG2///IGHG1///IGHA2///IGHA1///IGH|HPDL|MATN3|ORM2///ORM1|SMC3|LOC101930415|HTR3A|NLRP11|KRT5|LILRA3|IL22RA2|CHIT1|FHOD3,0.05827020007187028,0.05713346935351519,0.10810782146266723,0.4176725396507613
280,280,146,134,0.25,RGS13|MMP3|TCL1A|LECT2|UMODL1|SPRR1B|RNF183|S100A2|KRT5|ZNF711|LINC00403|KRT14|PCSK1|KRT13|MMP12|CHI3L1,LOC100130744|HEPACAM2|MYOCD|EIF1AY|IGKV1OR2-108|NCKAP5|NPIPA5///NPIPB5///NPIPB11///NPIPB8///LOC613037///NPIPB4///NPIPB3|CTAG1A///CTAG1B|DNER|LINC00525|SMC3|C3orf67|EPHA4|LILRA3|ORM2///ORM1|LGALS2,0.05822556708198898,0.05620265103713327,0.1051859513837306,0.40418765932253675
281,280,146,134,0.125,BTBD16|MAGEA4|TCL1A|MYOT|CXCL6|ANKRD36BP2|LOC101929272|HLF|JCHAIN|CHIT1|LINC00525|MMP1|ITIH3|PNMAL1|MYOCD|ADIRF,KDM5D|IGHV1-69|ZNF257|KCCAT333|SOX2-OT|SCARA5|VSIG4|CXCL6|RAB25|MAGEB1|IGLJ3///IGLV1-44///CKAP2///IGLV@///IGLC1|LOC613266|EIF1AY|CTTNBP2|STXBP6|KLRC2///KLRC1,0.058329945008032076,0.05755260770992876,0.10081361976940506,0.4024117983168696
282,280,146,134,0.1875,TMEM52B|FCRLA|CPXM1|LECT2|JCHAIN|EML6|TMEM38A|CCDC110|SLN|FDCSP|VPREB3|GTSF1|TCL1B|SMPX|DNER|RASSF6,LTF|MYOCD|COMP|OVAAL|NME8|LOC101927811|NOL4|MUC16|LINC01102|IGLJ3///IGLV1-44///CKAP2///IGLV@///IGLC1|GOLIM4|LOC105374042|LINC01021|FAR2P3///FAR2P2|HAGLROS|LOC102723648,0.05829924081355173,0.05730378204285834,0.1185586059589643,0.4022360499182502
283,280,146,134,0.125,ZNF711|AICDA|LILRA3|FDCSP|LECT2|KRT13|PRAME|LOC101928173|DNER|NLRP7|MYOCD|CCR10|ARL14|IGHD|MARCO|FCGR3B///FCGR3A,CTCFL|NME8|LINC01102|HPDL|NCKAP5|UBASH3A|IGLJ3///CKAP2|CAMP|ZNF711|NOL4|SOX2-OT|PCSK1|FCAMR|C4orf22|LIN28B|TFPI2,0.05830929066823126,0.05866001622146899,0.10537693182964657,0.404674053147226
284,280,146,134,0.3125,FAM9C|TCL1A|UMODL1|MMP3|PROK2|SPRR1B|IGHD|UBASH3A|MMP13|KRT6A|DNER|MMP20|FSTL5|CETP|LOC283454///HRK|RGL4,MMP20|RPS4Y1|KLHL13|UMODL1|STAG3|IL17RB|CHRM3-AS2|HLA-DRB4|NME8|SOX8|MAGEA6///MAGEA3|STXBP6|LRP1B|GTSF1|IGHD|LGALS2,0.05824551215450317,0.056246940866707756,0.09916179901212455,0.4003980510473355
285,280,146,134,0.3125,RNF183|TCL1A|JCHAIN|DNER|IGHV4-31///IGHM///IGHG4///IGHG3///IGHG1///IGHD///IGHA2///IGHA1|ASB5|EPHB1|UGT2B17|MAGEA12|LOC105375172|LOC101929272|CHIT1|LOC283454///HRK|CCL21|IGLJ3///IGLV1-44///CKAP2///IGLV@///IGLC1|LEP,CCR10|MLK7-AS1|ZIC2|TXLNGY|LOC102724689|ZNF385B|ADIRF|TPSB2|FABP4|USP9Y|CCL20|SFRP4|MAGEA6///MAGEA3|UHMK1|KCNH8|SMC3,0.05833745992634466,0.05870165463912951,0.09714012995220155,0.4138154419654518
286,280,146,134,0.375,IGSF11|EML6|SMPX|IGLJ3///IGLV1-44///CKAP2///IGLV@///IGLC1|IGHV3-23///IGHV4-31///IGHM///IGHG3///IGHG1///IGHD///IGHA1///IGH|NOL4|HTR3A|KCNN3|SDR16C5|KCCAT333|TCL1A|ASB5|LOC283454///HRK|SPIC|TNFRSF17|DNAH8,HMCN1|HSF5|ORM2///ORM1|SNX29P1///SNX29P2|GTSF1|CENPV|MAGEA9B///MAGEA9|COL9A3|SOX8|LIN28B|LILRA4|TUBB2B|SPINK2|EPHA4|PSMA8|MMP20,0.05831024709400002,0.05824447539884464,0.09717861016195703,0.3909896112965635
287,280,146,134,0.25,HLF|MYL1|RGS13|KCCAT333|SOX2-OT|SACS-AS1|MEF2B///BORCS8///BORCS8-MEF2B|CCL17|BIK|SMPX|SPIC|NLRP7|IGKV1OR2-108|MYOCD|RASSF6|DNAH8,KRT14|HMCN1|ZBTB32|CLGN|CETP|SFRP4|DNER|CCL22|SOX2-OT|TRPM4|VSIG4|IL12B|SFRP2|MMP1|COL11A1|NLRP7,0.058250409304333325,0.05739773547681938,0.1121231977571841,0.39362532998978783
288,280,146,134,0.0625,CCL17|UGT2B17|UBASH3A|SMPX|LIN28B|P2RY12|MAGEA6|EPHB1|ZYG11A|HLF|HLA-DQB1|NMU|HMCN1|USP9Y|RNF183|TNFRSF17,LILRA4|ASB5|FCRL4|NPIPA5///NPIPB6///NPIPB8///NPIPB3|LINC00877|LOC102725426///MIR8071-2///MIR8071-1///IGHM///IGHG1|LRRN1|CCDC110|NLRP7|CD163|LOC102724689|CTTNBP2|S100A2|IGHD|C15orf48|LINC00487,0.05827862806064975,0.05687510584210767,0.09802457700164546,0.40185230516072257
289,280,146,134,0.125,BTBD16|TCL1A|CA3|LINC01405|SLN|ASZ1|LINC01268|DNAH8|COL11A1|PNMAL1|CTCFL|MYL2|RAB25|MAL2|SYT17|TCL1B,COL11A1|CCR10|LGALS2|TCL1A|LOC283454///HRK|XIST|HK3|LOC101928173|CILP|SYT14|MAGEA1|LOC100130744|RPS4Y1|ZNF385B|FDCSP|SFTA3,0.05824747448214268,0.056907186279648546,0.10847533313882159,0.40161495282418014
290,280,146,134,0.375,RGS13|GPM6A|TCL1A|DSCR8|UBASH3A|LECT2|RNF183|KRT5|NLRP7|UMODL1|IL12B|MMP13|MMP20|BEX2|MYOCD|PRAME,MT1M|LOC105375172|LOC102725526///IGHV4-31///IGHM///IGHG3///IGHG2///IGHG1///IGHA2///IGHA1///IGH|ASPN|LINC00877|ZIC2|LTF|NTS|SDR16C5|S100A8|LOC100509457///HLA-DQA1|LOC105372840|LOC101930114|TRIM59///IFT80|XIST|GPM6A,0.05828966741313518,0.05624575483889142,0.1301253713861292,0.40710233384648487
291,280,146,134,0.375,RAB25|KCCAT333|P2RY12|TCL1A|XIRP2|UMODL1|RNF183|IGK///IGKC|ZIC2|IGLJ3///IGLV1-44///CKAP2///IGLV@///IGLC1|MYBPC1|DNAH8|EPCAM|TNNC1|JCHAIN|ZNF711,IGLJ3///CKAP2|ZNF385B|P2RY12|DNER|EPCAM|LOC100505878|IGKV1OR2-108|RSPH1|ZNF711|GPAT2|IGHV1-69|RASSF6|DAPL1|LOC101930114|IGLJ3///IGLV1-44///CKAP2///IGLV@///IGLC1|MGST1,0.0582748005571173,0.05806080859824016,0.11165741523117757,0.3889192639661443
292,280,146,134,0.25,NLRP11|FCER2|PXDNL|IGK///IGKC|LOC100509457///HLA-DQA1|LOC613266|FDCSP|XIST|GTSF1|DHRS9|SPIC|HLA-DQB1|KCCAT333|EML6|HLF|WFDC21P,EIF1AY|PNMAL1|LOC100996809///HLA-DRB5///HLA-DRB4///HLA-DRB3///HLA-DRB1|FCGR3B///FCGR3A|PABPC5|ZNF711|ASB5|CCL22|KRT5|TXLNGY|PPP1R14A|SMC3|GOLIM4|LEP|STATH|MYOT,0.05834617020572777,0.058049547891109554,0.09934301839887019,0.4188642448591843
293,280,146,134,0.0625,FAM167A-AS1|LINC01405|DNER|SYT17|CHIT1|EPHA4|LOC200772|CENPV|CXCL8|CKAP2///IGLC1|FCRL4|EYA2|MMP3|VPREB3|CXCL6|PROK2,CXCL8|TNFRSF17|LVRN|VSIG4|S100A9|HMCN1|LOC102725426///MIR8071-2///MIR8071-1///IGHM///IGHG1|CTTNBP2|MAGEB2|LOC100509457///HLA-DQA1|RGS13|KLRC2///KLRC1|CENPV|ZYG11A|RSPH1|LOC101929272,0.05824547553663111,0.05624075447712645,0.10962758096681512,0.39128455182549227
294,280,146,134,0.0625,TCL1B|SMPX|BTBD16|ASB5|CCL17|IL13RA2|RAB25|SUGCT|MARCO|IGHV3-23///IGHV4-31///IGHM///IGHG3///IGHG1///IGHD///IGHA1///IGH|LINC01405|LILRA4|WFDC21P|LILRA3|MAGEA6///MAGEA3|EYA2,LOC102725526///IGHV4-31///IGHM///IGHG3///IGHG2///IGHG1///IGHA2///IGHA1///IGH|FSTL5|LGSN|PKHD1L1|CETP|KCNH8|CAMP|LINC01405|TSIX|HLA-DQA1|MMP13|SFTA3|TPSB2|SOX2-OT|HMCN1|HLA-DQB1,0.05829423586871126,0.058078445548432125,0.10288309761529993,0.41254814121774774
295,280,146,134,0.125,RGS13|FAM30A|ASZ1|XIRP2|SPRR1B|BIK|UGT2B17|AICDA|MYL2|KCCAT333|MMP1|TRPM4|CAMP|FABP4|KRT13|CTCFL,LINC00877|AP3D1|ASZ1|KRT14|ZNF257|S100Z|MAGEB2|XIST|OVAAL|MAGEA6///MAGEA3|NLRP11|LCTL|H2AFB1///H2AFB2///H2AFB3|ORM2///ORM1|LINC00403|CILP,0.05827856314594427,0.057238934560102345,0.09968078277703511,0.39808943906232963
296,280,146,134,0.1875,LOC105375172|HEPACAM2|KCCAT333|DNAH8|LOC101929272|MYOT|MUC16|ACTA1|CSRP3|RNF183|LYPD6B|MYL2|KRT5|EML6|DPEP2|MYL1,TSIX|DAPL1|STXBP6|HPDL|MIS18BP1|HLA-DQA1|ZIC2|NTS|GPM6A|USP9Y|SERPINA9|NPIPA5///NPIPB5///NPIPB11///NPIPB8///LOC613037///NPIPB4///NPIPB3|STAG3|PITX1|HMCN1|EPCAM,0.058287999288804224,0.05693604858482863,0.09871638297668911,0.4020893711996616
297,280,146,134,0.125,MYBPC1|SMPX|XIRP2|EPHB1|ASB5|FAM9C|MYOT|CA3|HTR3A|NLRP7|EML6|LRRN1|C17orf99|TCL1A|CTAG1A///CTAG1B|LOC101929272,CRNDE|SUSD5|LTF|GTSF1|SUGCT|IL17RB|BEX2|COL9A3|CHI3L1|PXDNL|EIF1AY|SAA2-SAA4///SAA2///SAA1|CA3|MT1M|MMP1|LOC101930415,0.05821798945132316,0.05572714637993009,0.14816151149384757,0.42656628242734435
298,280,146,134,0.1875,LECT2|EPCAM|STEAP2|CNTN3|KCCAT333|TSIX|LOC101930114|LOC283454///HRK|TCL1A|RASSF6|CCR10|CENPV|LOC102725426///MIR8071-2///MIR8071-1///IGHM///IGHG1|LOC101928173|TPRG1|KRT5,KRT5|CCL22|MMP20|CD163|MMP7|LMO2|CCL21|SNX29P1///SNX29P2|ARL14|CENPV|PRAME|CXCL6|TNFRSF17|ICOS|PTPN20|HTR2B,0.058287554130776714,0.05774982007374005,0.1041754914622855,0.4159134815527352
299,280,146,134,0.4375,CTCFL|HBA2///HBA1|MMP20|LOC613266|WFDC21P|KCCAT333|DNER|RGS13|HBB|CTAG2|SPIC|TNFRSF17|FSTL5|UMODL1|FCRL4|VPREB3,CTCFL|TPSB2|NME8|S100Z|TNFRSF17|FOSB|VSIG4|COMP|SNX29P1///SNX29P2|PDZRN4|CD163|MAGEB2|EML6|LILRA4|KRT5|SUGCT,0.05830066190566529,0.05796821821147685,0.09942491390575374,0.3983423215168917
300,280,146,134,0.1875,NOL4|DNER|IGLJ3///IGLV1-44///CKAP2///IGLV@///IGLC1|HBA2///HBA1|FHOD3|PDZRN4|NPIPA5///NPIPB6///NPIPB8///NPIPB3|TUBB2B|HBB|CRYBA4|SNORD3D///SNORD3C///SNORD3B-2///SNORD3A///SNORD3B-1|MAGEA12|MAGEA6///MAGEA3|CILP|NMU|DNAH8,NPIPA5///NPIPB6///NPIPB8///NPIPB3|NMU|STAG3|CLGN|STXBP6|GPAT2|H2AFB1///H2AFB2///H2AFB3|WFDC21P|GOLIM4|BEX2|LTF|PNMAL1|DTHD1|CXCL6|AICDA|EPYC,0.05833860774065215,0.05691324145322991,0.10760283272139509,0.4052174800383999
301,280,146,134,0.125,SACS-AS1|MYOT|DNER|ZNF883|LINC01619|MUC16|LOC283454///HRK|MYH1|KRT5|S100A2|AICDA|EEF1A2|NMU|BEX2|LOC102725526///IGHV4-31///IGHM///IGHG3///IGHG2///IGHG1///IGHA2///IGHA1///IGH|NLRP11,LILRA4|MLK7-AS1|RNF183|LMO2|LYPD6B|LOC100996809///HLA-DRB5///HLA-DRB4///HLA-DRB3///HLA-DRB1|MAGEA6///MAGEA3|SNX29P1///SNX29P2|IGHV1-69|IL12B|UBASH3A|IL22RA2|CCR10|CCL21|MFAP4|CHRM3-AS2,0.0582859449208933,0.05615541381201794,0.11389252138134269,0.40325581958429246
302,280,146,134,0.4375,KCCAT333|CD5L|LILRA3|MAGEB2|EML6|CPXM1|TCL1B|P2RY12|MYOCD|UMODL1|TCL1A|NMU|MUC16|IL13RA2|MMP20|KRT14,KDM5D|LOC100505878|STXBP6|LOC101929141///CCDC144CP///CCDC144B///CCDC144A|FDCSP|OLFM4|SFRP4|FAM167A-AS1|CTCFL|DNAH8|HSF5|MAL2|SOX8|MATN3|PDGFRL|DAPL1,0.05824590312301142,0.05583235233495047,0.11980121164088281,0.3964877185863808
303,280,146,134,0.1875,FSTL5|DNER|ARNT2|CT45A8///CT45A9///CT45A10///CT45A7///CT45A2///CT45A1///CT45A6///CT45A5///CT45A3|LOC105375172|LOC101928173|TCL1A|SPIC|PXDNL|MUC16|ASZ1|RASSF6|RGL4|CCL17|NTS|EYA2,FAR2P3///FAR2P2|HIST1H3A|SERPINA9|MAGEA1|PRAME|CCL22|ZBTB32|MMP3|STON1-GTF2A1L///GTF2A1L|LRRN1|KCCAT333|EPYC|MT1M|PPBP|LMO2|IL17RB,0.05829298894678577,0.059234188893607556,0.09877079208998579,0.3956210793239361
304,280,146,134,0.125,SLN|HLF|PITX1|TCL1A|EPHB1|NMU|IGHD|DNAH8|JCHAIN|ASB5|MYL2|RGS13|SYT17|KRT6A|S100A2|C4orf22,WFDC21P|MLK7-AS1|CT45A8///CT45A9///CT45A10///CT45A7///CT45A2///CT45A1///CT45A6///CT45A5///CT45A3|SUSD5|CXCL6|MYH1|H2AFB1///H2AFB2///H2AFB3|CCL21|CHRM3-AS2|GPM6A|IGLJ3///CKAP2|HIST1H3B|SOX8|ORM1|INHBA|C17orf99,0.05826812865987563,0.05590898277450663,0.1135169945571179,0.39327717455859146
305,280,146,134,0.375,EYA2|MAGEA4|DHRS9|TCL1B|DNER|FHOD3|SPIC|UMODL1|KRT6A|ELOVL7|RGS13|MAL2|KRT14|MYOT|LOC283454///HRK|PNMAL1,SFRP2|CTTNBP2|NOL4|IGKV1OR2-108|ZPBP2|NME8|MFAP4|FAM9C|LMO2|AICDA|PLA2G2D|GTSF1|LOC105375172|COL11A1|SUSD5|TRIM59///IFT80,0.05832401820443921,0.05790866766585421,0.10497691845837444,0.395931273778865
306,280,146,134,0.3125,EML6|LOC283454///HRK|FAM30A|MMP20|UMODL1|SYT17|MARCO|RASSF6|IGLJ3///IGLV@///IGLC1|PNMAL1|BEX2|C17orf99|MLK7-AS1|BIK|CT45A8///CT45A9///CT45A10///CT45A7///CT45A2///CT45A1///CT45A6///CT45A5///CT45A3|NPIPA5///NPIPB6///NPIPB8///NPIPB3,ZNF883|GJB6|LOC101929141///CCDC144CP///CCDC144B///CCDC144A|CTAG1A///CTAG1B|AQP9|MGST1|LILRA3|KCNK12|VSIG4|HLF|DAPL1|USP9Y|COL11A1|MAGEB2|FAR2P3///FAR2P2|FAM30A,0.05831893225493218,0.05703270992970519,0.11251248951930093,0.3923528258709791
307,280,146,134,0.0625,NLRP7|FCER2|MMP3|MGST1|ZNF711|KRT14|C15orf48|LOC105375172|TCL1A|ICOS|KRT5|CLIP2|EPCAM|GJB2|MAGEA12|LOC101929219///C1orf186,CD5L|MFAP4|GPAT2|CCR10|STEAP2|SFTA3|MME|ZNF883|ADIRF|DNAH8|IL22RA2|HAGLROS|DNER|NTS|MMP12|COL11A1,0.058325696982273606,0.0583770998184165,0.0981338666509483,0.3994083812316731
308,280,146,134,0.375,UMODL1|MLK7-AS1|MYOCD|DNER|IL17RB|ANKRD20A4///ANKRD20A2///ANKRD20A3///ANKRD20A1|RSPH1|FAM30A|MAGEA6///MAGEA3|LHX8|CTAG1A///CTAG1B|ASZ1|WFDC21P|TCL1A|SPIC|TCL1B,LOC101927811|SMPX|VSIG4|NCKAP5|LRRN1|TSIX|PKHD1L1|SUSD5|PRAME|EML6|KRT14|ZNF385B|HTR3A|JCHAIN|MT1M|KRT13,0.05829654322702294,0.0567485666422078,0.11860548568938559,0.39593220267735874
309,280,146,134,0.1875,RGS13|TCL1B|LOC105377925|UMODL1|CAMP|CCL21|HEPACAM2|IGKV1OR2-108|FSTL5|ITIH3|PRAME|TNFRSF17|HLA-DQB1|LOC101929272|LOC613266|ZNF257,SMC3|SYT17|STXBP6|LINC00487|DDX43|LOC101927811|KRT5|SYT14|PNMAL1|COL11A1|AQP9|PKHD1L1|HIST1H3B|FCRL4|FSTL5|KCNN3,0.05829784549882676,0.0586335550873132,0.09678923945933973,0.37763925666968096
310,280,146,134,0.3125,PDZRN4|FAM167A-AS1|MYBPC1|PSMA8|LOC105375172|RGS13|HTR3A|DNER|TCL1A|MMP20|NOL4|IGK///IGKC|MUC16|WISP2|UBASH3A|SDR16C5,C2orf40|OLFM4|PROK2|COL11A1|WFDC21P|MMP1|SFRP4|LIN28B|LOC105372840|ADGRD1|UMODL1|PTPN20|AP3D1|ASMT|ZBTB32|MMP3,0.058267843865826355,0.05667359033656289,0.12802170586518893,0.414575440499991
311,280,146,134,0.125,BTBD16|LRP1B|SLN|SYT17|CSRP3|MYL1|CTAG2|P2RY12|SMPX|EPCAM|MYL2|C2CD4A|EML6|MYOT|CA3|MAGEB2,TCL1B|TRIM59///IFT80|CTCFL|LRP1B|OLFM4|MME|C15orf48|UGT2B17|ZBTB32|MAGEB2|TNFRSF17|COL9A3|KCCAT333|COL11A1|FDCSP|SLN,0.05820737148567457,0.057702385739180295,0.1297989064052225,0.41039619149453255
312,280,146,134,0.1875,PDZRN4|UMODL1|SFTA2|EYA2|JCHAIN|KCCAT333|TCL1A|FAM167A-AS1|CKAP2///IGLC1|FHOD3|ZNF711|SFTA3|CT45A8///CT45A9///CT45A10///CT45A7///CT45A2///CT45A1///CT45A6///CT45A5///CT45A3|SDR16C5|LINC01405|MUC16,LOC101929272|HLA-DQB1|PXDNL|CXCL8|CCDC110|STXBP6|LOC100509457///HLA-DQA1|UBASH3A|MMP7|P2RY12|MLK7-AS1|FDCSP|C7orf57|NTS|UGT2B4|RGS13,0.05823168644559027,0.05783404617985147,0.1214752086808289,0.4005075279787893
313,280,146,134,0.1875,MAGEA4|LOC105372840|MMP20|DNAH8|HTR3A|ZNF711|PLPP2|LOC283454///HRK|EML6|KDM5D|BIK|MYOT|MMP13|CCDC110|LOC102724689|USP9Y,LGSN|IGHV3-23///IGHV4-31///IGHM///IGHG3///IGHG1///IGHD///IGHA1///IGH|PXDNL|ASMT|C3orf67|HMCN1|DNAH8|TCL1A|KRT14|GTSF1|CXCL14|RNF128|PPBP|MMP7|MMP20|IGLJ3///IGLV1-44///CKAP2///IGLV@///IGLC1,0.058268484045572486,0.0556922374199578,0.10594379866523815,0.3899153865027849
314,280,146,134,0.1875,C16orf74|CRYBA4|CA3|EML6|KCCAT333|PITX1|FCER2|UMODL1|ZNF257|USP9Y|TNFRSF17|GPM6A|EPHB1|C15orf48|FDCSP|CENPV,VSIG4|LOC102725526///IGHV4-31///IGHM///IGHG3///IGHG2///IGHG1///IGHA2///IGHA1///IGH|DNER|SPIC|GJB2|SOX8|LOC283454///HRK|CAMP|NMU|OVAAL|NPY1R|STAG3|ANKRD36BP2|C17orf99|KDM5D|ASB5,0.05832085898456975,0.057850172702963124,0.10036335120084201,0.3865122902221607
315,280,146,134,0.25,POMC|UMODL1|DAPL1|LECT2|VPREB3|TCL1B|SPIC|DNER|CCDC110|C15orf48|CILP|HTR3A|SFRP4|NME8|BIK|PITX1,FAM30A|C1QA|NPY1R|HIST1H1B|TPSB2|GJB2|MAGEB18|LECT2|MMP1|IL22RA2|FCER2|PDGFRL|LOC101929141///CCDC144CP///CCDC144B///CCDC144A|GPM6A|CD5L|LOC102724689,0.058314235275986524,0.05739592692958724,0.12213991302893411,0.394339337213616
316,280,146,134,0.125,UMODL1|MMP13|BTBD16|UGT2B17|MYOT|TCL1B|MMP12|SFTA3|LOC101928173|SACS-AS1|RSPH1|NMU|PCSK1|MUC16|IGHV3-23///IGHV4-31///IGHM///IGHG3///IGHG1///IGHD///IGHA1///IGH|MYL1,CILP|C12orf77|LOC283454///HRK|NME8|LOC101930415|ANKRD36BP2|GPM6A|CD74|KCCAT333|KCNK12|MMP12|NTN4|SOX2-OT|BEX2|GJB2|MMP20,0.058249119683573825,0.05732819950818879,0.10774381112782432,0.38249778158152037
317,280,146,134,0.125,KCCAT333|SYT17|ZNF711|CXCL3|C17orf99|MAGEB2|EYA2|IGHV3-23///IGHV4-31///IGHM///IGHG3///IGHG1///IGHD///IGHA1///IGH|CAMP|LOC102725526///IGHV4-31///IGHM///IGHG3///IGHG2///IGHG1///IGHA2///IGHA1///IGH|TCL1A|LILRA4|EEF1A2|USP9Y|RASSF6|KCNN3,NLRP11|SACS-AS1|PXDNL|OLFM4|UMODL1|LOC102724689|ASMT|MARCO|NMU|LOC101929272|IGHV1-69|LHX8|PABPC5|MFAP4|LOC101929219///C1orf186|CSAG2///CSAG3,0.05827623755202311,0.058364700541430725,0.10894754181351314,0.3966761948354951
318,280,146,134,0.375,LECT2|EYA2|EML6|TCL1B|RAB25|UMODL1|BTBD16|FDCSP|MMP13|NMU|MYOCD|CLIP2|TCL1A|CPXM1|CCL22|RGS13,NPY1R|TCL1B|GTF2IP20|USP9Y|LOC102725526///IGHV4-31///IGHM///IGHG3///IGHG2///IGHG1///IGHA2///IGHA1///IGH|LMO2|SPRR1B|COL11A1|SFTA2|KLRC2///KLRC1|CLGN|MYOT|ZBTB32|HK3|IL13RA2|GJB2,0.058272846276432706,0.05645710714865987,0.11792403034878673,0.4197362801183983
319,280,146,134,0.3125,MMP20|UGT2B17|IL13RA2|LOC613266|CENPV|P2RY12|UMODL1|IGLJ3///CKAP2|LOC283454///HRK|ASZ1|KCCAT333|DNER|KRT14|ITIH3|FAM30A|GJB2,CLIP2|KDM5D|IL13RA2|CLGN|IGHV1-69|ITIH3|ZYG11A|CNTN3|PNMAL1|ARL14|PSMA8|NPY1R|NLRP7|CCL21|LOC440864///MSH6|STEAP2,0.05836778553353329,0.05727624596655429,0.09830762005360097,0.4069743370063946
320,280,146,134,0.125,MMP3|RGS13|NLRP7|LOC101927811|HEPACAM2|LINC01405|JCHAIN|BIK|LOC102725526///IGHV4-31///IGHM///IGHG3///IGHG2///IGHG1///IGHA2///IGHA1///IGH|ASZ1|EYA2|XCL2///XCL1|COL9A3|TCL1A|CT45A8///CT45A9///CT45A10///CT45A7///CT45A2///CT45A1///CT45A6///CT45A5///CT45A3|FAM30A,EPHB1|LOC102724689|UGT2B17|HAGLROS|LOC100653057///CES1|CTCFL|SMC3|PTPN20|GPM6A|LOC101927811|C7orf57|LOC100130744|IGLJ3///IGLV1-44///CKAP2///IGLV@///IGLC1|STXBP6|IGHV4-31///IGHM///IGHG3///IGHG1///IGHA1|LOC102725526///IGHV4-31///IGHM///IGHG3///IGHG2///IGHG1///IGHA2///IGHA1///IGH,0.058288607506591095,0.057559821167534345,0.10058264157649259,0.4072557539810783
321,280,146,134,0.1875,DNAH8|IGHD|ASB5|FHOD3|TCL1A|LOC283454///HRK|MMP3|FAM30A|ORM2///ORM1|SPIC|ITIH3|CCL17|ORM1|HPGDS|HLF|PTPN20,SCARA5|ARL14|COL11A1|IGK///IGKC|IGHV3-23///IGHV4-31///IGHM///IGHG3///IGHG1///IGHD///IGHA1///IGH|LOC101929272|NLRP7|EPCAM|S100Z|CTAG1A///CTAG1B|LOC440864///MSH6|KRT6A|KCNK12|TMEM158|HIST1H3B|EIF1AY,0.05831231563689966,0.05683906273440636,0.10512536997536222,0.39392952781233725
322,280,146,134,0.25,RGS13|LOC105372840|DNER|CT45A8///CT45A9///CT45A10///CT45A7///CT45A2///CT45A1///CT45A6///CT45A5///CT45A3|SPINK2|WASIR2|ORM2///ORM1|ORM1|MMP20|KCCAT333|TUBB2B|ZNF711|HTR3A|LILRA3|LINC01021|CCL17,MT1M|GJB2|TSIX|CT45A8///CT45A9///CT45A10///CT45A7///CT45A2///CT45A1///CT45A6///CT45A5///CT45A3|AICDA|JCHAIN|LOC101929141///CCDC144CP///CCDC144B///CCDC144A|IL12B|LRP1B|ZYG11A|XIST|CTCFL|MARCO|RSPH1|HK3|EPCAM,0.05828280749034941,0.05662006691288417,0.097357021578612,0.40024207462964856
323,280,146,134,0.25,LINC01405|RAB25|FDCSP|KRT13|RNF183|CD1C|ASMT|C4orf22|RSPH1|MAL2|FAM167A-AS1|KCCAT333|IGLJ3///IGLV1-44///CKAP2///IGLV@///IGLC1|SPRR1B|DNER|KRT6A,C15orf48|NCKAP5|HIST1H3B|KLHL13|C7orf57|SFRP2|SERPINA9|LINC01268|IGHD|GPM6A|COL9A3|SUSD5|CNTN3|PABPC5|RGS13|KCNN3,0.05831640909694695,0.057593239280112056,0.10891133247002349,0.4098061459967138
324,280,146,134,0.25,LECT2|UMODL1|KRT5|EML6|TCL1A|ST14|LRRN1|XIRP2|MMP12|LOC283454///HRK|FCER2|CAMP|MUC16|CCR6|DNAH8|HTR3A,HSF5|MMP3|SPIC|XK|ITIH3|NMU|PSMA8|EPHA4|KCNH8|LHX8|KDM5D|CTAG1A///CTAG1B|ASZ1|SOX8|LOC102725526///IGHV4-31///IGHM///IGHG3///IGHG2///IGHG1///IGHA2///IGHA1///IGH|FAR2P3///FAR2P2,0.05826777824699985,0.057010597754746234,0.11086474515402384,0.3925333711776749
325,280,146,134,0.3125,LAMP5|IGLJ3///IGLV1-44///CKAP2///IGLV@///IGLC1|ABCG5|CRYBA4|RASSF6|MUC16|VPREB3|APOD|KCCAT333|IGK///IGKC|MYOT|ORM1|UMODL1|SACS-AS1|DAPL1|MYOCD,KLHL13|GPM6A|GTSF1|ZNF883|PKHD1L1|SCARA5|LOC101929141///CCDC144CP///CCDC144B///CCDC144A|LOC102725426///MIR8071-2///MIR8071-1///IGHM///IGHG1|SPIC|MAGEB1|CRNDE|MMP3|LIN28B|LINC00487|LOC101929272|NME8,0.05824166879299608,0.056837500658837595,0.11023030726022472,0.3956058121685364
326,280,146,134,0.125,JCHAIN|FDCSP|HLF|UGT2B17|RYR1|HLA-DQA1|MMP20|TCL1A|S100A2|ZNF385B|LINC01021|UBASH3A|NOL4|CCL21|CNTN3|SOX8,SACS-AS1|ZPBP2|ANKRD36BP2|USP9Y|CTAG1A///CTAG1B|HLF|P2RY12|CENPV|NCKAP5|GPR158|LILRA4|FAM129C|ELOVL7|C3orf67|NLRP4|TSIX,0.05831316962582626,0.0579500798120179,0.098240050684356,0.4213988243769183
327,280,146,134,0.1875,LINC01021|BTBD16|EPCAM|UMODL1|MYOT|FCER2|TCL1A|PNMAL1|HLF|IGLJ3///IGLV1-44///CKAP2///IGLV@///IGLC1|OVAAL|CCDC110|IGHD|LOC105372840|ZNF711|CAMP,AP3D1|MMP3|IL13RA2|RGS13|ZNF711|KLRC2///KLRC1|CCL21|INHBA|VPREB3|CTAG2|SFRP4|LINC01102|AQP9|STEAP2|ZBTB32|MGST1,0.058293890185540514,0.05683186875197739,0.10891662254598893,0.3983759418495783
328,280,146,134,0.3125,MYOCD|ORM1|CSRP3|ACTA1|ORM2///ORM1|MYL2|MYL1|LOC100509457///HLA-DQA1|IGK///IGKC|HLA-DQB1|EML6|ASZ1|TCL1A|LOC283454///HRK|MYH1|UGT2B17,LOC101930067|TNFRSF17|MMP7|SFRP4|RNF183|XIST|FAR2P3///FAR2P2|FAM167A-AS1|RASSF6|CLGN|PRAME|NLRP7|TRPM4|FCGR3B///FCGR3A|GOLIM4|ADIRF,0.05828192330526004,0.0576003015949413,0.1063334815002606,0.40014732145034587
329,280,146,134,0.125,LOC105375172|PNMAL1|MAGEA12|HTR3A|MMP20|LOC105372840|LINC01619|TNFRSF17|IL17RB|GPAT2|XIST|MUC16|GPM6A|PDZRN4|RNF183|USP9Y,AICDA|PCSK1|KLRC2///KLRC1|ZIC2|TRPM4|EPHA4|HLA-DQB1|NLRP11|GJB6|SOX8|LOC100134317///LOC284412|SUGCT|LOC101930415|MFAP4|TCL1B|HTR3A,0.05828532869421783,0.05506120673547597,0.11209865862941416,0.40048926462736634
330,280,146,134,0.0625,LECT2|IGLJ3///IGLV1-44///CKAP2///IGLV@///IGLC1|EYA2|MMP13|P2RY12|ORM2///ORM1|HEPACAM2|IGKV1OR2-108|LOC102725526///IGHV4-31///IGHM///IGHG3///IGHG2///IGHG1///IGHA2///IGHA1///IGH|EPCAM|CPXM1|RASSF6|ORM1|JCHAIN|HLF|KCNN3,LOC101929219///C1orf186|S100A8|PROK2|NCKAP5|PKHD1L1|LOC102723648|C15orf48|SNX29P1///SNX29P2|LINC01021|ORM2///ORM1|MAGEB1|PSMA8|SYT17|UMODL1|COL9A3|VPREB3,0.05825866701615123,0.05716113364401571,0.11715623233522238,0.4028116824492349
331,280,146,134,0.125,MMP3|ASMT|NME8|LOC613266|KCCAT333|FSTL5|MMP20|JCHAIN|CCR6|MAGEB2|ZNF711|LGSN|PNMAL1|FCER2|UGT2B17|RASSF6,ZNF385B|NCKAP5|EIF1AY|HTR3A|RAB25|LINC01268|TMEM100|LAMP5|LIN28B|NMU|MAGEA6|LINC00996|C12orf77|MMP7|TXLNGY|SACS-AS1,0.058284918268440955,0.05725315150349965,0.10545962141077497,0.41214718346955515
332,280,146,134,0.25,MYOT|TCL1A|IGHV1-69|MMP3|HTR3A|GPR158|LOC102724689|C17orf99|FAM30A|IGLJ3///IGLV1-44///CKAP2///IGLV@///IGLC1|KCCAT333|TCL1B|HLF|LGSN|HMCN1|UGT2B17,LIN28B|H2AFB1///H2AFB2///H2AFB3|CRNDE|MAGEA6///MAGEA3|ZBTB32|CTAG1A///CTAG1B|MFAP4|KRT5|C4orf22|LOC101929272|FCGR3B///FCGR3A|LOC102723648|EYA2|MAL2|MUC16|SMC3,0.058269641377694525,0.05691977938777308,0.10287876379762458,0.38927679726218045
333,280,146,134,0.1875,IGLJ3///CKAP2|KCNN3|UGT2B17|JCHAIN|LOC283454///HRK|KRT13|S100A7|MMP3|KRT5|LOC101929219///C1orf186|IGLJ3///IGLV1-44///CKAP2///IGLV@///IGLC1|SDR16C5|FCER2|HEPACAM2|CILP|KCCAT333,DNAH8|EPHA4|CD1C|HLA-DQB1|IL22RA2|MMP3|LEP|LOC100653057///CES1|LILRA3|CTAG1A///CTAG1B|ZNF257|MMP7|KRT13|IGLJ3///IGLV1-44///CKAP2///IGLV@///IGLC1|LOC613266|ZNF750,0.058303772181552985,0.05765524324077628,0.10514096163334227,0.39727170052306165
334,280,146,134,0.3125,HLF|IL12B|HBB|LOC283454///HRK|RNF183|TCL1A|ZNF711|TCL1B|CHRM3-AS2|CLGN|HTR3A|UMODL1|MMP7|KCNN3|FAM30A|MME,AQP9|LINC00487|COL9A3|CTAG2|ZBTB32|MT1M|LMO2|STXBP6|LOC440864///MSH6|MAGEA6|C3orf67|HLA-DQA1|H2AFB1///H2AFB2///H2AFB3|IGLJ3///IGLV1-44///CKAP2///IGLV@///IGLC1|MMP20|GOLIM4,0.058279616032286145,0.0570456566102099,0.10551885172613898,0.392039361531096
335,280,146,134,0.125,TAC1|HBB|HBA2///HBA1|XIRP2|BEX2|MAGEA6///MAGEA3|IL13RA2|RGS13|LGSN|C4orf22|HLF|FAM167A-AS1|CTAG2|ORM1|CSRP3|RASSF6,IL22RA2|TPSB2|XIRP2|LINC00551|PLA2G2A|CXCL14|FSTL5|KCCAT333|FCRL4|LYPD6B|COL9A3|MATN3|CLGN|PCSK1|PXDNL|SOX8,0.05828478372209816,0.05799203848037273,0.10591538534385361,0.4128225549772109
336,280,146,134,0.1875,MUC16|MYOCD|IL12B|MYOT|LILRA4|NLRP7|TCL1A|HTR3A|ZNF883|HLF|PLA2G2D|NMU|NPIPA5///NPIPB6///NPIPB8///NPIPB3|MMP1|KRT5|VSIG4,LTF|MMP7|FCAMR|LOC102725426///MIR8071-2///MIR8071-1///IGHM///IGHG1|CTAG2|PXDNL|PNMAL1|ASPN|LOC101930415|GPAT2|LINC00487|NLRP4|MLK7-AS1|STAG3|MFAP4|LOC100996809///HLA-DRB5///HLA-DRB4///HLA-DRB3///HLA-DRB1,0.058331229721016425,0.056402649433946364,0.10008384900077177,0.41326425332265154
337,280,146,134,0.25,TCL1B|PDZRN4|CXCL8|TCL1A|CLIP2|PITX1|MYOCD|UMODL1|KRTDAP|FLG2|FAM167A-AS1|FCER2|KRT1|CHRM3-AS2|KCNN3|FABP4,RNF183|ZNF257|KCCAT333|MMP7|KRT1|MAGEB1|EYA2|GPR158|FCAMR|CILP|C3orf67|BIK|KRT6A|MGST1|C2orf40|ORM1,0.05825284689136519,0.05743383812145137,0.1097661160035023,0.3942739790109782
338,280,146,134,0.1875,RGS13|MMP3|SPRR1B|NRG4|KRT5|HTR3A|EPHA4|KRT13|MYOT|CCDC110|KRT6A|MAGEA1|ORM2///ORM1|RNF183|TCL1A|ORM1,C3orf67|IL17RB|LINC01102|LYPD6B|ASZ1|MAGEA6///MAGEA3|PDGFRL|LOC101928173|NLRP11|MAGEA1|ABCG5|CXCL8|HTR3A|GJB2|COMP|CENPV,0.058226568677387534,0.056632639485265354,0.11923860370380951,0.40466628275119687
339,280,146,134,0.1875,DNER|LGSN|ASZ1|MMP20|LOC105375172|CCL17|LOC101930067|MUC16|FCER2|UMODL1|C16orf74|PNMAL1|GPM6A|NOL4|ADIRF|NFE4,CNTN3|LOC101930067|ZNF257|P2RY12|AP3D1|UHMK1|FAM30A|RNF183|VPREB3|IL17RB|EML6|EPCAM|ABCG5|CPXM1|TCL1A|MUC16,0.0583116646461731,0.05784103861601559,0.10108547023793844,0.40555360875716334
340,280,146,134,0.4375,MMP12|PDZRN4|LOC101928173|DNAH8|LOC283454///HRK|MMP20|IGLJ3///IGLV1-44///CKAP2///IGLV@///IGLC1|KRT13|NLRP7|JCHAIN|LILRA4|DNER|IGK///IGKC|TCL1B|SPIC|IGLJ3///IGLV@///IGLC1,HMCN1|EIF1AY|LINC01268|PTPN20|DHRS9|IGLJ3///IGLV1-44///CKAP2///IGLV@///IGLC1|NCKAP5|LILRA3|LHX8|CRYBA4|HTR3A|FABP4|KRT6A|CCL17|PDGFRL|LINC01527,0.05825895396755333,0.05738272558831928,0.11178381155032745,0.3994274341725306
341,280,146,134,0.25,EYA2|MYL1|LOC105375172|HTR3A|MYL2|CA3|SDR16C5|MAGEA6|SMPX|OVAAL|EML6|DNER|COL11A1|LOC283454///HRK|RGS13|CCL17,CCL22|LINC01405|CA3|LOC100653057///CES1|LTF|RASSF6|C1QA|PTPN20|IL22RA2|C16orf74|LOC101929272|LOC101930415|FAR2P3///FAR2P2|KRT5|LINC01268|LOC101930067,0.058261126697854104,0.05635479084153687,0.10845492459019342,0.3909202634117649
342,280,146,134,0.1875,LOC283454///HRK|MAGEA12|ITIH3|JCHAIN|MAGEA4|OLFM4|KRT5|COL11A1|UGT2B17|PITX1|UMODL1|CCL17|KCNN3|DNER|P2RY12|FSTL5,SPRR1B|LOC101930114|HMCN1|LOC102723648|FSTL5|FDCSP|ZPBP2|TNFRSF17|GTSF1|HEPACAM2|FCGR3B///FCGR3A|LINC00551|GPAT2|USP9Y|CCDC110|DAPL1,0.05834505303229999,0.05755062176901572,0.09965506350073375,0.396646060581543
343,280,146,134,0.3125,EML6|SPIC|BTBD16|LOC101930114|S100A2|TCL1B|MMP13|BIK|MME|DNAH8|DHRS9|IGHV3-23///IGHV4-31///IGHM///IGHG3///IGHG1///IGHD///IGHA1///IGH|PROK2|RGS13|KRT14|TCL1A,ORM1|IGHV3-23///IGHV4-31///IGHM///IGHG3///IGHG1///IGHD///IGHA1///IGH|ZNF883|ZIC2|HEPACAM2|ZNF385B|ZPBP2|GTSF1|KRT13|ZBTB32|LINC01021|CRNDE|GPM6A|LOC105375172|MAGEB18|LRRN1,0.058272036999552995,0.05720065413464258,0.10818184527837219,0.40628692383172993
344,280,146,134,0.125,LECT2|PSMA8|PROK2|MMP12|LOC101929272|LOC283454///HRK|MAL2|MAGEA6///MAGEA3|RASSF6|HTR3A|FAM30A|SYT17|MMP20|XIRP2|ZNF711|JCHAIN,LOC101930415|C1QA|MAGEA6|CD74|PITX1|DNAH8|CCL20|ASB5|HIST1H3B|HEPACAM2|EYA2|KCNK12|PNMAL1|S100A8|KCCAT333|RPS4Y1,0.05828220047239836,0.05781734329295041,0.13974790345075636,0.4017212739381525
345,280,146,134,0.1875,HTR3A|LOC283454///HRK|SACS-AS1|MYOCD|TMEM52B|FCER2|IGHV3-23///IGHV4-31///IGHM///IGHG3///IGHG1///IGHD///IGHA1///IGH|UGT2A3|CHIT1|HMCN1|CLIP2|ZNF883|C17orf99|TCL1A|WFDC21P|LOC101929272,SOX8|HPDL|PKHD1L1|TMEM52B|VPREB3|HK3|LOC100506405|ARL14|DAPL1|LRP1B|LOC105371307|LOC100287497|MIS18BP1|MAGEA1|NMU|EPYC,0.05830573239524205,0.057496491059853175,0.09551003327265241,0.3962290127175634
346,280,146,134,0.1875,IL13RA2|CCDC110|LOC283454///HRK|RASSF6|LOC105375172|LOC613266|UMODL1|PROK2|SFTA2|ZNF711|COL11A1|CPXM1|RNF183|CAMP|SFTA3|STXBP6,TSIX|IGSF11|ZIC2|ICOS|SFRP4|HMCN1|TNFRSF17|LILRA3|NMU|MAGEB1|HK3|BEX2|IGLJ3///CKAP2|CD163|MARCO|ZNF385B,0.05834521771769037,0.057667991867053445,0.10342887410964755,0.38782282224163306
347,280,146,134,0.3125,MMP20|SLN|MYL1|CCDC110|UMODL1|ZNF711|MYL2|LOC105372840|LOC613266|BIK|SMPX|TCL1A|SPIC|LINC01405|CSRP3|LOC283454///HRK,FAM30A|LOC101930114|NOL4|TRPM4|SPINK2|PRCAT47|C2CD4A|P2RY12|KRT13|GTSF1|CD74|HTR3A|CCL17|CTAG1A///CTAG1B|ASMT|MGST1,0.058298629200060535,0.057459337086597354,0.1130698490161251,0.40724990857514304
348,280,146,134,0.125,MYOCD|LINC00525|SMPX|TUBB2B|IGKV1OR2-108|CA3|ASB5|LOC101929272|LILRA4|SYT14|CHI3L1|ACTA1|RGS13|C17orf99|EPYC|PNMAL1,LINC01405|LOC101929272|WFDC21P|ZPBP2|CRNDE|SUSD5|NPY1R|KRT14|HTR3A|AQP9|MYOT|NAP1L3|LOC283454///HRK|TMEM17|NMU|FDCSP,0.05831831774576468,0.05863532892431268,0.09893128474711725,0.3932652006276097
349,280,146,134,0.25,CCR10|MMP3|KRT14|UMODL1|MAB21L3|JCHAIN|IGK///IGKC|TFPI2|FDCSP|LOC101929272|NLRP7|VPREB3|HTR3A|LRRN1|TCL1B|MYOCD,IGLJ3///CKAP2|ZPBP2|VSIG4|TRPM4|VPREB3|CD5L|SPINK2|SOX8|LOC100509457///HLA-DQA1|LOC102723648|NLRP11|NMU|CPXM1|CLGN|CRYBA4|ORM1,0.05834188047020061,0.05802245466282785,0.09937465666950059,0.41658653428513853
350,280,146,134,0.1875,DDX43|LGALS2|RASSF6|UMODL1|S100A2|MMP20|MMP3|IGK|C2CD4A|SFRP4|MYH1|KRT5|SYT17|UGT2B17|TCL1A|SMPX,SUSD5|CCL20|EPYC|MIS18BP1|S100Z|CT45A8///CT45A9///CT45A10///CT45A7///CT45A2///CT45A1///CT45A6///CT45A5///CT45A3|ASMT|LINC00877|EYA2|ZPBP2|IGK///IGKC|MT1M|MAL2|KRT6A|NPIPA5///NPIPB5///NPIPB11///NPIPB8///LOC613037///NPIPB4///NPIPB3|IGLJ3///CKAP2,0.05827672159527183,0.05801391144925356,0.10778521387521682,0.41034803791825264
351,280,146,134,0.3125,MYBPC1|UMODL1|LOC102725426///MIR8071-2///MIR8071-1///IGHM///IGHG1|LINC01405|RGS13|NTS|CSRP3|EPCAM|MMP20|EML6|STEAP2|DNER|EEF1A2|ITIH3|MUC16|LILRA3,GPM6A|LOC613266|VPREB3|LINC00525|COL9A3|MAGEA6|PRAME|SUSD5|GTSF1|XK|LIN28B|CCL17|FAM167A-AS1|KCCAT333|RGS13|NMU,0.05831187629186598,0.05780007582167444,0.10099464744924509,0.3934722132367865
352,280,146,134,0.1875,KRT14|GPM6A|UMODL1|ITIH3|CAMP|SPIC|MYOT|KRT13|CT45A8///CT45A9///CT45A10///CT45A7///CT45A2///CT45A1///CT45A6///CT45A5///CT45A3|DNER|LILRA4|JCHAIN|FDCSP|IL17RB|KRT6A|VSIG4,NPIPA5///NPIPB6///NPIPB8///NPIPB3|LOC613266|TMEM17|FCGR3B///FCGR3A|CXCL14|CTCFL|MAGEA9B///MAGEA9|RPS4Y1|DNER|PITX1|MAGEA6///MAGEA3|C7orf57|NPY1R|HTN3|KRT13|S100A8,0.05825812229832186,0.057673129332512785,0.11495187648247052,0.39027802838670633
353,280,146,134,0.3125,DNER|MYOCD|LECT2|LOC283454///HRK|EML6|HBA2///HBA1|DNAH8|LOC613266|C15orf48|ASZ1|HTR3A|TCL1B|KRT6A|KRT5|MAGEA6///MAGEA3|EPHA4,LINC01297|UGT2B17|HLF|MAMDC4|FCRL4|MIR17HG|TNFRSF17|HTR3A|EIF1AY|HHCM|SMC3|MYH1|LOC101930415|ORM1|GJB2|HLA-DQB1,0.05826551984457137,0.05737326620865177,0.11007264976921012,0.4006264004064164
354,280,146,134,0.1875,MMP3|KRTDAP|CHIT1|C2CD4A|TCL1A|S100A7|LOC101927811|VPREB3|KCCAT333|HTR3A|CYS1|NLRP7|TSPAN8|PITX1|UMODL1|MUC16,IYD|FOSB|PKHD1L1|MFAP4|PNMAL1|CHIT1|TCL1B|XIST|C15orf48|TAC1|CXCL8|COL9A3|CTAG2|STXBP6|P2RY12|ANKRD20A4///ANKRD20A2///ANKRD20A3///ANKRD20A1,0.058285084497059894,0.05869308920309764,0.10348909277173693,0.42625081220772615
355,280,146,134,0.375,TNNC1|LOC283454///HRK|DNER|CSRP3|MYL2|BTBD16|SPIC|PXDNL|MYL1|EPHB1|RNF183|UMODL1|SMPX|SLN|IGK///IGKC|LRRN1,COL11A1|PRCAT47|CYS1|LOC100130744|C12orf77|C2orf40|TNFRSF17|C3orf67|P2RY12|LINC00877|CCL22|HIST1H1B|SOST|LOC613266|HAGLROS|IGLJ3///IGLV1-44///CKAP2///IGLV@///IGLC1,0.05825699469093289,0.057481360790851546,0.1028639873729216,0.42322203663420493
356,280,146,134,0.0625,IL17RB|DNER|CXCL8|CCL17|HTR3A|CSRP3|LRRN1|SMPX|MMP12|ASB5|CCDC110|WFDC21P|EPHB1|MYL2|DNAH8|ACTA1,C3orf67|CHIT1|LOC283454///HRK|RPS4Y1|CETP|FCAMR|MAGEA6|UMODL1|WISP2|KCNN3|IGKV1OR2-108|OVAAL|OLFM4|EPYC|KRT6A|MUC16,0.058255482510326514,0.05775706233767118,0.10498283864200728,0.39433688443690434
357,280,146,134,0.3125,CD24|CTCFL|HTR3A|FCER2|LOC283454///HRK|MMP20|SI|MYOCD|MUC16|UGT2A3|LOC101930114|GPM6A|TSPAN8|DNER|LILRA3|CTAG2,FCGR3B///FCGR3A|INHBA|CTAG1A///CTAG1B|TPSB2|RASSF6|PPBP|NMU|SPINK2|OLFM4|ASB5|NLRP4|C17orf99|WISP2|S100Z|KLRC2///KLRC1|UBASH3A,0.0582641372578009,0.0561469366769345,0.10378759947676904,0.4204065170485946
358,280,146,134,0.25,ZNF711|LECT2|KRT13|TCL1A|CXCL6|EPHB1|ASMT|DNER|ARNT2|EPCAM|IGLJ3///IGLV1-44///CKAP2///IGLV@///IGLC1|KRT6A|MYOCD|ZNF257|IGKV1OR2-108|WFDC21P,NPTX2|KRT14|HEPACAM2|PPBP|KCNN3|CCL21|HLA-DQB1|LINC00487|OLFM4|MARCO|ABCG5|RNF128|HAGLROS|PTPN20|MAGEA9B///MAGEA9|S100A8,0.05830831201759924,0.05712597358431854,0.09391738547709366,0.41573438259076184
359,280,146,134,0.1875,MLK7-AS1|SLN|MYL2|MYOT|LOC200772|NLRP7|LOC102725526///IGHV4-31///IGHM///IGHG3///IGHG2///IGHG1///IGHA2///IGHA1///IGH|LOC101930114|LOC105372840|IL17RB|ASB5|UMODL1|XIRP2|TCL1A|FABP4|TCL1B,LOC101929272|LOC100996809///HLA-DRB5///HLA-DRB4///HLA-DRB3///HLA-DRB1|HAGLROS|LOC200772|ZNF257|SEC31B|LOC102725426///MIR8071-2///MIR8071-1///IGHM///IGHG1|LOC102725526///IGHV4-31///IGHM///IGHG3///IGHG2///IGHG1///IGHA2///IGHA1///IGH|ZNF750|LILRA4|HEPACAM2|NLRP11|ORM2///ORM1|PDGFRL|PTPN20|UHMK1,0.05828487564470748,0.05658390870769471,0.10706508494971408,0.4020173417240496
360,280,146,134,0.375,MUC16|NPIPA5///NPIPB6///NPIPB8///NPIPB3|LOC283454///HRK|EPCAM|PNMAL1|UMODL1|SYT17|NOL4|IGLJ3///IGLV1-44///CKAP2///IGLV@///IGLC1|DNER|ASZ1|TCL1A|HTR3A|CILP|SNORD3D///SNORD3C///SNORD3B-2///SNORD3A///SNORD3B-1|CCL21,LOC100130744|ZPBP2|ZIC2|CCL20|CHIT1|LOC101930415|MUC16|TPRG1|PLA2G2A|IL17RB|RNF183|RAB25|ASZ1|OVAAL|LINC01102|MYOCD,0.05829009669836617,0.05678399811943109,0.1062468210770583,0.38460076961692047
361,280,146,134,0.125,HBB|HBA2///HBA1|HLF|FAM30A|SPIC|PXDNL|ABCG5|HTR3A|GJB6|DNAH8|PNMAL1|IL13RA2|LINC01021|EPHB1|DNER|CCR10,XIST|STAG3|ASPN|FHOD3|RPS4Y1|LINC01021|UMODL1|LOC100130744|LOC102725426///MIR8071-2///MIR8071-1///IGHM///IGHG1|OVAAL|LOC101929141///CCDC144CP///CCDC144B///CCDC144A|MATN3|CILP|SACS-AS1|HBB|ICOS,0.058272121618648226,0.057535552839520734,0.1061820299981459,0.41108644527236543
362,280,146,134,0.25,NTS|CD1C|C17orf99|HAGLROS|PNMAL1|NME8|MARCO|ORM2///ORM1|IGLJ3///IGLV1-44///CKAP2///IGLV@///IGLC1|EML6|STEAP2|ZNF385B|MYOCD|ASZ1|DNER|NRG4,NCKAP5|KCNN3|MIS18BP1|C4orf22|S100A9|ZNF883|LRRN1|NME8|AICDA|KCNK12|PNMAL1|LOC102725426///MIR8071-2///MIR8071-1///IGHM///IGHG1|LINC00877|PTPN20|LOC101930114|LOC102725526///IGHV4-31///IGHM///IGHG3///IGHG2///IGHG1///IGHA2///IGHA1///IGH,0.05830679597858053,0.05727260593346146,0.10798840553274561,0.41172057282980695
363,280,146,134,0.25,LOC105372840|TCL1B|LOC101930114|IL12B|LOC613266|DNER|UMODL1|NME8|LOC100653057///CES1|DNAH8|NPIPA5///NPIPB6///NPIPB8///NPIPB3|MAGEA6///MAGEA3|ZNF711|TSIX|LINC01619|IL17RB,MARCO|MMP12|LOC102725526///IGHV4-31///IGHM///IGHG3///IGHG2///IGHG1///IGHA2///IGHA1///IGH|SFRP4|FAM111B|CTAG1A///CTAG1B|S100A9|TRIM59///IFT80|TCL1B|ORM2///ORM1|IGLJ3///CKAP2|SYT17|ASPN|S100Z|SPIC|PCSK1,0.05832646949520396,0.0587048957983724,0.09582815891206824,0.40491309814041937
364,280,146,134,0.3125,HLA-DQA1|RGS13|LINC01405|MMP20|C2orf40|EYA2|LINC01021|IGSF11|UMODL1|NOL4|EML6|ASZ1|IGHD|PITX1|LOC101930114|TCL1A,STEAP2|IGKV1OR2-108|LOC105377925|NPY1R|KLHL13|MMP20|LRRN1|FAM9C|PTPN20|LOC100130744|MYOCD|HSF5|HMCN1|MAGEA6///MAGEA3|LINC00877|SUSD5,0.05828783749947167,0.05675407376812372,0.11090832767113247,0.38745075464475504
365,280,146,134,0.4375,MMP13|HTR3A|UGT2B17|UMODL1|AICDA|MYOCD|IGLJ3///IGLV1-44///CKAP2///IGLV@///IGLC1|MMP20|LOC283454///HRK|CTAG1A///CTAG1B|MARCO|CTAG2|LOC613266|IGK///IGKC|CLIP2|BIK,MFAP4|MYOCD|WISP2|IGLJ3///CKAP2|KLRC2///KLRC1|MT1M|KCCAT333|MMP1|TPSB2|KCNK12|HMCN1|CAMP|JCHAIN|TFPI2|IGKV1OR2-108|MAGEA6,0.05826068461722708,0.05738877746373213,0.10529115991138827,0.39597929606927823
366,280,146,134,0.375,RGS13|MMP20|MMP13|SPIC|CTAG1A///CTAG1B|EYA2|CTAG2|ASZ1|FDCSP|UMODL1|ABCG5|UGT2B17|KCCAT333|ASMT|LOC105372840|DNAH8,KRT5|LILRA4|TCL1B|APELA|NME8|COL11A1|LRRN1|CRNDE|C7orf57|FCGR3B///FCGR3A|ICOS|HK3|LINC00487|ZNF711|IGLJ3///CKAP2|CCL17,0.058238855526689184,0.05645434934048648,0.10582789784098434,0.4038285753179763
367,280,146,134,0.125,MAGEA4|LECT2|DNER|LVRN|CCL17|NME8|PCSK1|RASSF6|DNAH8|OGDHL|SDR16C5|ASZ1|LILRA3|IGLJ3///IGLV1-44///CKAP2///IGLV@///IGLC1|MUC16|RSPH1,MMP3|CPXM1|GPAT2|SFRP2|RSPH1|LHX8|HK3|EPHA4|HTR3A|SLC26A4-AS1|CTAG1A///CTAG1B|LIN28B|SUGCT|TRIM59///IFT80|TFPI2|GJB6,0.05827674042747654,0.05750624729892534,0.11598986928644889,0.4119164040855096
368,280,146,134,0.125,LILRA3|WFDC21P|ASZ1|FCRL4|HTR3A|CTAG2|LOC101929272|LOC283454///HRK|FAM167A-AS1|CAMP|LOC102725526///IGHV4-31///IGHM///IGHG3///IGHG2///IGHG1///IGHA2///IGHA1///IGH|PITX1|VPREB3|ORM1|HLF|CLU,LOC101928173|HLA-DQA1|TMEM52B|CCL20|S100Z|KDM5D|KCCAT333|HEPACAM2|FABP4|NCKAP5|TCL1B|RPS4Y1|GPM6A|KCNH8|ZYG11A|KCNK12,0.058287478281417046,0.05737127495849049,0.10798495735874945,0.3981567396897714
369,280,146,134,0.1875,MYH1|LOC283454///HRK|ASB5|SPIC|SYT17|UMODL1|MYOT|ASZ1|FCER2|MAGEA1|LILRA3|BIK|IGLJ3///IGLV@///IGLC1|SMPX|MAGEA6///MAGEA3|CYS1,LOC101930415|PNMA6A|CAMP|XK|RAB25|BIK|OVAAL|C15orf48|WISP2|LOC100996809///HLA-DRB5///HLA-DRB4///HLA-DRB3///HLA-DRB1|IGLJ3///CKAP2|LGALS2|LILRA3|SMC3|PKHD1L1|MME,0.058294053669829926,0.05736635943428392,0.09562162399916455,0.40658486052663234
370,280,146,134,0.25,SLN|SPIC|CSRP3|FAM167A-AS1|SMPX|ITIH3|ASB5|MARCO|XIRP2|MYOCD|LILRA3|TCL1A|S100A2|HEPACAM2|LOC613266|EML6,MAGEB1|IL12B|SFTA3|ZNF711|SLN|VSIG4|NMU|MAGEA6|KDM5D|LOC440864///MSH6|SPIC|MYH1|FABP4|MMP13|INHBA|TXLNGY,0.058297537614807375,0.05772538051951624,0.10901113263107312,0.4027608930792822
371,280,146,134,0.0,LECT2|TNFRSF17|ZNF711|ORM2///ORM1|SERPINA9|FAM167A-AS1|TFPI2|NMU|CAMP|MARCO|CENPV|PNMAL1|XIST|EPYC|ORM1|H2AFB1///H2AFB2///H2AFB3,LOC101929141///CCDC144CP///CCDC144B///CCDC144A|JCHAIN|LRP1B|PRAME|CCL17|MAGEB1|C4orf22|IGKV1OR2-108|HPDL|MMP20|IGLJ3///IGLV1-44///CKAP2///IGLV@///IGLC1|EPCAM|ASPN|MME|CEP290|RYR1,0.05831643588213535,0.056440048898085404,0.09862891327143158,0.41894348277112703
372,280,146,134,0.375,UMODL1|LOC283454///HRK|ARL14|RGS13|IGLJ3///IGLV1-44///CKAP2///IGLV@///IGLC1|MMP13|LYPD6B|RASSF6|LOC101928173|MYOCD|MAGEA6|TRPM4|XK|S100A2|NLRP7|NPIPA5///NPIPB6///NPIPB8///NPIPB3,HLA-DQA1|MAGEA6///MAGEA3|NLRP7|CPXM1|FAM111B|DAPL1|CHRM3-AS2|ZPBP2|AP3D1|S100Z|MME|PTPN20|SFRP4|RPS4Y1|INHBA|SUSD5,0.058261132191461326,0.057425646755948995,0.11787081449189597,0.4038403863589358
373,280,146,134,0.4375,SPIC|EML6|MMP3|MMP20|MMP12|RGS13|LOC283454///HRK|TCL1A|OLFM4|FHOD3|UGT2B17|BIK|ITIH3|WISP2|JCHAIN|TCL1B,NME8|PCSK1|HMCN1|LINC00877|RGS13|CCL21|CTGF|CT45A8///CT45A9///CT45A10///CT45A7///CT45A2///CT45A1///CT45A6///CT45A5///CT45A3|KCNK12|C7orf57|C2orf40|KRT14|TREM1|FCGR3B///FCGR3A|ARL14|JCHAIN,0.05829343274974884,0.05807355137126112,0.11807089645023079,0.399226137002046
374,280,146,134,0.25,NME8|RGS13|RNF183|KCCAT333|LOC105375172|ITIH3|TCL1A|MMP13|FDCSP|SACS-AS1|MAGEA6///MAGEA3|IGHD|LOC105372840|BIK|AICDA|BTBD16,PTPN20|HLA-DQB1|RGS13|ORM1|FABP4|TFPI2|ICOS|NPY1R|MMP12|ZNF385B|ZYG11A|MATN3|C15orf48|NPIPA5///NPIPB6///NPIPB8///NPIPB3|SOX2-OT|GJB2,0.05833023326162406,0.05642779901292844,0.11649913194540072,0.41157313297144893
375,280,146,134,0.125,CRYBA4|XIRP2|LECT2|FAM167A-AS1|CSRP3|CCL17|MAGEB1|CCDC110|UMODL1|FCER2|JCHAIN|TNFRSF17|DNAH8|LOC102724689|RGS13|MT1M,DNAH8|EIF1AY|CSRP3|LOC100130744|CCL20|MAGEA9B///MAGEA9|PLA2G2D|HTR3A|LEP|FAM30A|SAXO2|P2RY12|ASMT|MUC16|KCNH8|ZNF711,0.058289651122072385,0.05734471749244796,0.11894330617564365,0.41147603780087544
376,280,146,134,0.125,HBA2///HBA1|HBB|MMP13|MAGEB2|LOC283454///HRK|CILP|EYA2|PPBP|MYH1|ITIH3|WISP2|C4orf22|MYOT|SFTA2|EPHB1|TCL1A,TREM1|MAGEA6|EPHB1|IGK///IGKC|ORM2///ORM1|EIF1AY|MAGEA4|LOC101929141///CCDC144CP///CCDC144B///CCDC144A|PNMAL1|LOC283454///HRK|SFRP2|SAA2-SAA4///SAA2///SAA1|KCNK12|EPYC|SYT14|LINC01619,0.05828823506486763,0.057602758526347386,0.11190244723197033,0.3845967152081569
377,280,146,134,0.25,NLRP7|C16orf74|RNF183|MMP20|TCL1A|UMODL1|DNAH8|LVRN|PNMAL1|MUC16|PCSK1|LOC100509457///HLA-DQA1|ITIH3|PLPP2|FCER2|CPXM1,ICOS|TRPM4|SUGCT|HLF|MAGEB2|CHIT1|NCKAP5|OLFM4|CXCL14|ELOVL7|HTR2B|TRIM59///IFT80|HLA-DQB1|RSPH1|RPS4Y1|C1QA,0.058244209224747406,0.05649657309688448,0.10736990359760532,0.38623990274133674
378,280,146,134,0.25,MYOT|DNER|TNFRSF17|C4orf22|LIN28B|JCHAIN|LOC283454///HRK|ASB5|LRRN1|ZIC2|UMODL1|LOC101928173|LINC00525|LINC01021|MUC16|RNF183,LOC100505878|LILRA3|GOLIM4|LOC100506405|NMU|TRIM59///IFT80|IGSF11|ADIPOQ|TXLNGY|SOX8|FCRL4|GTSF1|ABCG5|PRAME|BIK|IGLJ3///CKAP2,0.058338154264523254,0.05602863141653341,0.0967345124340563,0.39995404681962743
379,280,146,134,0.3125,UMODL1|RGS13|PROK2|LOC613266|CCL17|RNF183|DNER|SYT17|TCL1A|PRAME|MMP1|CETP|MMP13|LOC101929272|MMP12|NOL4,TNFRSF17|LOC100130744|LOC101929272|LILRA4|LOC440864///MSH6|ASPN|MFAP4|ASMT|S100A8|SACS-AS1|FAM129C|ZNF883|LINC01021|VPREB3|AICDA|COL1A2,0.05826814457896659,0.05668993079321551,0.11404981843813536,0.3982344223997888
380,280,146,134,0.1875,CAMP|CCL17|ZIC2|KLRC2///KLRC1|CILP|BIK|LOC105372840|LINC01619|IL12B|LOC283454///HRK|LOC100505878|PNMAL1|ASB5|MYOCD|TNFRSF17|UMODL1,OLFM4|ZIC2|LIN28B|ADIRF|HLF|PTPN20|ASZ1|KLRC2///KLRC1|NMU|ZYG11A|SYT17|HEPACAM2|KCCAT333|CXCL14|CLIP2|ORM1,0.058308599150091636,0.05703959803504438,0.10681355278973821,0.3850162741134835
381,280,146,134,0.1875,DNER|EYA2|AICDA|BTBD16|CCL21|EML6|GPM6A|SYT17|RASSF6|MYOT|LOC613266|RSPH1|KCNN3|CTAG2|ASZ1|MAGEA6///MAGEA3,ZNF385B|MAGEA4|FCRL4|KCNH8|P2RY12|TSPAN8|CD163|LOC642426|HTR3A|HLF|HIST1H3B|HLA-DQB1|SOX8|CYS1|PRAME|LINC01297,0.05828771584915098,0.056851889079247785,0.10213949268017483,0.3934133926427414
382,280,146,134,0.25,MLC1|KRT5|TCL1A|MYOT|PRAME|FAR2P3///FAR2P2|ABCG5|ZNF711|LOC283454///HRK|MMP20|IGK///IGKC|DNAH8|CPXM1|FAM30A|ZNF883|KCNN3,GOLIM4|PXDNL|AP3D1|SULF1|EPHA4|CTAG1A///CTAG1B|TFPI2|SFTA2|CLGN|C3orf67|CCL20|SMC3|INHBA|C15orf48|EPYC|NAP1L3,0.058252768932078425,0.05666936958909481,0.11536749566673764,0.4043221840944093
383,280,146,134,0.3125,HTR3A|LILRA3|DNAH8|SYT17|UBASH3A|TUBB2B|HEPACAM2|DAPL1|FCGR3B///FCGR3A|IGK///IGKC|MAGEA6|NLRP4|UMODL1|TCL1B|IGLJ3///IGLV1-44///CKAP2///IGLV@///IGLC1|NPIPA5///NPIPB6///NPIPB8///NPIPB3,NOL4|RSPH1|ZYG11A|C4orf22|HLA-DQA1|LYPD6B|HK3|USP9Y|VPREB3|PMEPA1|LINC01297|SCARA5|LOC283454///HRK|HTR2B|PXDNL|CCL21,0.05821292054139919,0.056848649320708294,0.10685989569254226,0.4171220978455322
384,280,146,134,0.25,HTR3A|MYOT|MYOCD|TSPAN8|LOC101930114|KCCAT333|DAPL1|LOC105375172|MMP3|ZFY|LRRN1|MAGEA6///MAGEA3|IGK///IGKC|LOC613266|IGHV3-23///IGHV4-31///IGHM///IGHG3///IGHG1///IGHD///IGHA1///IGH|UMODL1,LOC101929141///CCDC144CP///CCDC144B///CCDC144A|SUGCT|LINC00877|SAA2-SAA4///SAA2///SAA1|KLRC2///KLRC1|TSPAN8|HEPACAM2|IGLJ3///IGLV1-44///CKAP2///IGLV@///IGLC1|MGST1|HBB|TNFRSF17|KRT5|NLRP7|IGSF11|ANKRD36BP2|CCL17,0.05831900091111614,0.056625278618791366,0.09755062238061714,0.3975793952000032
385,280,146,134,0.3125,ASZ1|MYOCD|MUC16|FAM30A|DNER|TCL1A|ZNF711|MMP13|LOC283454///HRK|DTX1|USP9Y|SYT17|KCCAT333|FCER2|H2AFB1///H2AFB2///H2AFB3|RPS4Y1,KRT6A|GPAT3|AICDA|MAGEB1|BIK|NME8|CILP|STXBP6|MYOCD|WFDC21P|LHX8|S100A8|FOSB|FCER2|LTF|INHBA,0.05835113866972798,0.05752565413367727,0.09903077549431498,0.41275382824641965
386,280,146,134,0.1875,RGS13|DNER|IGHV1-69|RPS4Y1|CILP|LOC100653057///CES1|NME8|TCL1B|USP9Y|HLF|COL11A1|NMU|LOC102724689|LINC00525|HMCN1|FCRL4,LCTL|IGLJ3///IGLV1-44///CKAP2///IGLV@///IGLC1|C15orf48|NPIPA5///NPIPB5///NPIPB11///NPIPB8///LOC613037///NPIPB4///NPIPB3|LYPD6B|MME|FCER2|SFRP4|MT1M|LOC105372840|XK|PDGFRL|IL22RA2|LGALS2|FAR2P3///FAR2P2|FSTL5,0.058252830075294484,0.0570802709820815,0.11313786924713301,0.3978770734667601
387,280,146,134,0.1875,UMODL1|PLPP2|BIK|NMU|MUC16|LOC105375172|FCER2|NME8|RASSF6|CHIT1|TCL1A|MAGEA12|PITX1|C3orf67|DNER|EYA2,LOC283454///HRK|BIK|LRP1B|C16orf74|IGLJ3///IGLV1-44///CKAP2///IGLV@///IGLC1|TRPM4|LOC102725526///IGHV4-31///IGHM///IGHG3///IGHG2///IGHG1///IGHA2///IGHA1///IGH|INHBA|CTTNBP2|LINC01102|MAGEB1|LOC105375172|TPSB2|KLRC4|LOC101930114|FCGR3B///FCGR3A,0.058233257009828086,0.05600301227635211,0.11508218595260206,0.39374560303915057
388,280,146,134,0.125,UMODL1|HEPACAM2|BIK|EML6|CPXM1|NOL4|AICDA|PRAME|LILRA3|FCER2|ZNF711|CT45A8///CT45A9///CT45A10///CT45A7///CT45A2///CT45A1///CT45A6///CT45A5///CT45A3|BTBD16|FCAMR|SLN|LOC101929272,CRNDE|S100A8|SCARA5|H2AFB1///H2AFB2///H2AFB3|LILRA4|HAGLROS|SYT17|CTAG2|SFRP4|MAMDC4|LYPD6B|HIST1H3B|IGLJ3///IGLV1-44///CKAP2///IGLV@///IGLC1|MMP3|TSPAN8|ZIC2,0.05830849673103944,0.05716664699116343,0.10037709093185,0.40627252276191317
389,280,146,134,0.1875,HLF|PDZRN4|CENPV|LOC105372840|UGT2B17|COL11A1|RGS13|CCDC110|KCNK12|FAM167A-AS1|MMP20|RNF183|PLAC8|CCR10|FCER2|WISP2,LOC100509457///HLA-DQA1|LOC100130744|PXDNL|NMU|FCGR3B///FCGR3A|RPS4Y1|IGHV1-69|LILRA3|KCNN3|GPM6A|ASB5|LINC01102|KRT14|CXCL6|CCDC110|GTSF1,0.058306744718201645,0.058538424375900566,0.10690292068924619,0.393563435271264
390,280,146,134,0.1875,DAPL1|CAMP|RGS13|NOL4|EYA2|PXDNL|LOC105375172|UMODL1|TCL1A|LOC100134317///LOC284412|MUC16|MAGEB2|C4orf22|LIN28B|JCHAIN|NTS,SNX29P1///SNX29P2|FAM111B|LOC105372840|SYT17|PKHD1L1|EPYC|NMU|KRT6A|KCNN3|TCL1A|LOC101930067|LINC00877|DNAH8|FAR2P3///FAR2P2|GPAT2|EIF1AY,0.058275053867247656,0.05788336602556675,0.10636995863937097,0.40584218740669287
391,280,146,134,0.125,LOC101929141///CCDC144CP///CCDC144B///CCDC144A|COL11A1|HLF|SAXO2|NMU|GPM6A|C17orf99|MMP7|MAGEA12|DNER|PROK2|CD5L|NPY1R|LOC105369860|IGK///IGKC|IGLJ3///CKAP2,MMP12|ASZ1|CT45A8///CT45A9///CT45A10///CT45A7///CT45A2///CT45A1///CT45A6///CT45A5///CT45A3|STXBP6|P2RY12|SPINK2|IGK///IGKC|CPXM1|UHMK1|GPR158|UMODL1|LINC01279|SAXO2|LTF|LEP|LIN28B,0.05831593742797586,0.05842434072199043,0.11447611271108155,0.41042808775669626
392,280,146,134,0.4375,KCCAT333|MMP13|EPCAM|TCL1B|DNAH8|IGLJ3///IGLV1-44///CKAP2///IGLV@///IGLC1|TCL1A|C17orf99|LOC283454///HRK|MMP20|BIK|UMODL1|EIF1AY|LOC105375172|AICDA|TRPM4,LOC100509457///HLA-DQA1|LEP|PPBP|EML6|MAMDC4|HK3|IGHV3-23///IGHV4-31///IGHM///IGHG3///IGHG1///IGHD///IGHA1///IGH|LGSN|FCRL4|RPS4Y1|MMP12|LINC01405|NLRP4|MAGEA9B///MAGEA9|FAR2P3///FAR2P2|KDM5D,0.05821610082917337,0.0559151982072839,0.11663923095911266,0.40744784215758556
393,280,146,134,0.125,KRT13|SPRR1B|LOC105375172|FAM30A|HLF|IGHD|LOC283454///HRK|UMODL1|MUC16|KRT14|LHX8|CD24|IL12B|SYT17|COL11A1|SLN,NPIPA5///NPIPB6///NPIPB8///NPIPB3|LOC613266|KRT6A|S100A8|AICDA|SPRR1B|IGK///IGKC|EYA2|TRPM4|AP3D1|PKHD1L1|MT1M|LINC01405|MGST1|PRAME|ACTA1,0.0582311038851164,0.0566378990072014,0.11545414502840351,0.4046956826037442
394,280,146,134,0.1875,DHRS9|KRT14|LOC283454///HRK|UMODL1|KRT6A|HTR3A|KCCAT333|FCAMR|KIAA0226L|C4orf22|ZIC2|LOC101929141///CCDC144CP///CCDC144B///CCDC144A|TSIX|STEAP2|LOC102724689|SDR16C5,CTTNBP2|SERPINA9|ORM1|JCHAIN|CLGN|TFF1|PLPP2|GOLIM4|KCNH8|LHX8|PABPC5|LOC100505878|SFRP4|SPAG16|KDM5D|CENPV,0.05830164992464425,0.05822729287705003,0.10336958844853317,0.3983486172557118
395,280,146,134,0.1875,CSRP3|MYL1|IGLJ3///IGLV1-44///CKAP2///IGLV@///IGLC1|JCHAIN|SMPX|ASB5|ACTA1|FSTL5|BIK|ITIH3|IGK///IGKC|DNER|LILRA4|IGHV3-23///IGHV4-31///IGHM///IGHG3///IGHG1///IGHD///IGHA1///IGH|DNAH8|MYL2,CCL22|MLK7-AS1|ARL14|LINC01102|CTGF|MAGEB2|CHIT1|MYL2|SACS-AS1|GPM6A|HEPACAM2|UGT2B17|LOC101927811|RNF183|SFRP4|SOX2-OT,0.05826237220507066,0.05650028681931913,0.11492410582867447,0.408034979205665
396,280,146,134,0.125,LOC105375172|CPXM1|NMU|KRT6A|TUBB2B|RGS13|BIK|PDZRN4|DNAH8|LOC102725526///IGHV4-31///IGHM///IGHG3///IGHG2///IGHG1///IGHA2///IGHA1///IGH|NOL4|HMCN1|LOC283454///HRK|CYS1|CAMP|RASSF6,LOC102725426///MIR8071-2///MIR8071-1///IGHM///IGHG1|IGHD|H2AFB1///H2AFB2///H2AFB3|EIF1AY|IGLJ3///CKAP2|ASZ1|HTR3A|PITX1|EPHA4|MAGEA1|OVAAL|MAL2|LCTL|FAM30A|DDX43|PNMA6A,0.05830918594263909,0.05838687984096462,0.10813984158605366,0.40808614151594275
397,280,146,134,0.375,LOC105375172|SPIC|IGLJ3///IGLV1-44///CKAP2///IGLV@///IGLC1|C17orf99|MAGEA12|MUC16|LOC283454///HRK|TCL1B|TCL1A|HLF|CILP|KCNN3|C16orf74|C2CD4A|UMODL1|BTBD16,HLF|SHISA8|TPSB2|GPAT2|LYPD6B|NME8|MAGEB2|ZFY|TRPM4|COL11A1|RPS4Y1|IGKV1OR2-108|LOC100509457///HLA-DQA1|CXCL14|GPM6A|SYT17,0.05827271187896655,0.05812976606643784,0.10566937424464189,0.39906994074140034
398,280,146,134,0.25,LECT2|SFTA3|LINC01405|EML6|MAGEB2|CLGN|MYOCD|CTAG2|MMP1|LOC642426|DNAH8|BIK|IGHD|RNF183|CD1C|TRPM4,HK3|FDCSP|HLA-DQA1|IGLJ3///IGLV1-44///CKAP2///IGLV@///IGLC1|MAGEA6///MAGEA3|USP9Y|LINC01297|LILRA4|LMO2|STXBP6|CXCL6|MARCO|TNFRSF17|KRT5|ZNF711|LOC100996809///HLA-DRB5///HLA-DRB4///HLA-DRB3///HLA-DRB1,0.05830790930726265,0.0580748898755873,0.11621265973529574,0.3946210699194927
399,280,146,134,0.375,RIBC2|LOC283454///HRK|PNMAL1|ASZ1|BIK|LRRN1|MYL2|MYOCD|WFDC21P|UMODL1|RGS13|EYA2|FSTL5|CHIT1|MMP20|TCL1B,NLRP7|UHMK1|RNF128|TUBB2B|DAPL1|H2AFB1///H2AFB2///H2AFB3|CHIT1|KRT5|TCL1B|CRNDE|CPXM1|SPRR1B|LOC101930415|PCSK1|AQP9|IL22RA2,0.05827013964248473,0.05695973619233648,0.11719988904761668,0.4073654263357187
400,280,146,134,0.0625,SACS-AS1|SYT17|KRT14|MYOT|SPRR1B|CRYBA4|CETP|KRT6A|TCL1A|MAGEA1|KRT13|CAMP|EYA2|PTPN20|BEX2|HAGLROS,NCKAP5|BAIAP2L1|LYPD6B|KRT14|MAGEB1|KRT6A|AQP9|LILRA3|CYS1|MMP1|HIST1H3B|CPXM1|EIF1AY|KCNK12|HMCN1|MAGEA4,0.05830271756485173,0.058714578994766245,0.11477412632105197,0.405463526357311
401,280,146,134,0.3125,MYOCD|EML6|CENPV|CTAG2|UBASH3A|UMODL1|HLF|WFDC21P|EYA2|NFE4|IGHV3-23///IGHV4-31///IGHM///IGHG3///IGHG1///IGHD///IGHA1///IGH|FSTL5|SI|CHIT1|KCCAT333|UGT2B17,PLS1|USP9Y|KCNK12|PDGFRL|CTAG2|GTF2IP20|MUC16|TFPI2|JCHAIN|NLRP7|MARCO|GPR158|TCL1A|STXBP6|IGHV3-23///IGHV4-31///IGHM///IGHG3///IGHG1///IGHD///IGHA1///IGH|LINC00877,0.058298904327691636,0.058026292560573844,0.095855323769039,0.40430929956834527
402,280,146,134,0.0625,LECT2|ZNF883|HAGLROS|LOC283454///HRK|LOC105375172|SSX4B///SSX4|LOC102724689|LINC01405|CCL17|JCHAIN|SDR16C5|UGT2B17|LOC101929272|MMP1|PXDNL|DNAH8,AP3D1|HMCN1|SSX4B///SSX4|C1QA|OLFM4|MYOCD|LINC01021|CCR10|MYOT|PITX1|FAM30A|LIPI|NME8|FAM129C|CCL17|LMO2,0.05834294691569801,0.05778040587990653,0.12856541849688702,0.3986904134074491
403,280,146,134,0.25,HEPACAM2|TCL1A|FCAMR|TCL1B|TRPM4|PROK2|DNAH8|UGT2B17|LOC283454///HRK|GPR158|BIK|SYT17|FCER2|KCCAT333|LECT2|ZNF711,CCR10|LINC01405|LOC101929272|CD74|LOC100509457///HLA-DQA1|SOST|MGST1|SNX29P1///SNX29P2|NOL4|RAB25|AQP9|FAM30A|ADIRF|LOC100130744|IL22RA2|MAGEA9B///MAGEA9,0.05825449536994321,0.056525137529289664,0.11633505342569195,0.4110399915081688
404,280,146,134,0.0625,PXDNL|SACS-AS1|ORM1|ORM2///ORM1|LOC283454///HRK|HMCN1|EPHB1|LOC101930114|RASSF6|KRT5|PROK2|SMPX|LOC105375172|BIK|GTSF1|CAMP,TRIM59///IFT80|MAGEB18|MME|MAGEA9B///MAGEA9|MARCO|ZPBP2|LY6G5B///CSNK2B|CD5L|PRAME|IL17RB|SYT14|C7orf57|CHIT1|CPXM1|HLA-DQA1|CT45A8///CT45A9///CT45A10///CT45A7///CT45A2///CT45A1///CT45A6///CT45A5///CT45A3,0.058297261674709236,0.0568889068913479,0.09366590184562391,0.3991929682307648
405,280,146,134,0.0625,MYL1|SMPX|MYL2|GPM6A|TCL1A|LOC101928173|SLN|PITX1|ZNF711|MYOT|HTR3A|ZNF257|LOC100509457///HLA-DQA1|LOC105372840|CA3|HLA-DQB1,FCRL4|FOSB|ANKRD36BP2|TSIX|TNFRSF17|LOC440864///MSH6|MMP7|EYA2|RGS13|SACS-AS1|PROK2|DAPL1|HAGLROS|ASMT|LOC101928173|LINC00487,0.058228537031763596,0.05677536770079243,0.11282814531354292,0.3810216383138823
406,280,146,134,0.3125,DNER|SPIC|CCL17|DNAH8|MYOCD|FAR2P3///FAR2P2|ZNF711|PROK2|CLGN|USP9Y|MMP20|KCCAT333|MMP3|LOC101929272|CPXM1|XIST,EPHB1|LYPD6B|PPP1R14A|LHX8|CCL20|ICOS|SMC3|LIN28B|C4orf22|MATN3|HMCN1|SUSD5|MGST1|FCGR3B///FCGR3A|MLK7-AS1|BEX2,0.05830605284938578,0.057163435605508885,0.09987263816997816,0.4005035180831516
407,280,146,134,0.0,MAJIN|LOC613266|JCHAIN|FDCSP|LOC101929141///CCDC144CP///CCDC144B///CCDC144A|LOC101927811|MYL2|UGT2B17|CSRP3|GPM6A|EPCAM|KRT14|XIRP2|KRT6A|IGHV3-23///IGHV4-31///IGHM///IGHG3///IGHG1///IGHD///IGHA1///IGH|ICOS,PRAME|UMODL1|TSPAN8|LYPD6B|PROK2|VPREB3|C4orf22|FCRL4|PABPC5|XIST|LOC100996809///HLA-DRB5///HLA-DRB4///HLA-DRB3///HLA-DRB1|NCKAP5|HIST1H3B|TRIM59///IFT80|S100A2|H2AFB1///H2AFB2///H2AFB3,0.05826454888679264,0.057131275140405086,0.11012304127470132,0.4062267183014502
408,280,146,134,0.125,EYA2|SPIC|KLRC4|FHOD3|C4orf22|MMP3|UMODL1|HEPACAM2|S100A2|LOC100996809///HLA-DRB5///HLA-DRB4///HLA-DRB3///HLA-DRB1|LOC102724689|BEX2|MAGEB1|CAMP|RAB25|CD1C,MAMDC4|LOC102724689|CAMP|LGSN|LOC105369860|CLU|CILP|STXBP6|PITX1|MAGEA6///MAGEA3|CTAG1A///CTAG1B|NPY1R|RPS4Y1|PLAC8|MGST1|EPHA4,0.05828527500495283,0.057471586486136046,0.10502492953085117,0.4018476536466703
409,280,146,134,0.1875,P2RY12|IL17RB|MYOCD|KCNN3|UMODL1|IL12B|BIK|LOC101929272|EPCAM|UGT2B17|EML6|SH3GL2|HLF|LINC01619|TNFRSF17|C2CD4A,LOC101926960|HMCN1|FSTL5|RGS13|BEX2|KLRC4|CPXM1|H2AFB1///H2AFB2///H2AFB3|SPRR1B|CHRM3-AS2|RNF128|OVAAL|IGLJ3///IGLV1-44///CKAP2///IGLV@///IGLC1|LCTL|UBASH3A|CTAG1A///CTAG1B,0.05829073705590246,0.05889223137678025,0.09585723999812949,0.3786754363953012
410,280,146,134,0.1875,LILRA4|RASSF6|LOC283454///HRK|HTR3A|DNER|IGSF11|LINC01021|CPXM1|CAMP|MARCO|EPHA4|TMEM52B|RGS13|EYA2|HEPACAM2|LOC102725426///MIR8071-2///MIR8071-1///IGHM///IGHG1,TRPM4|HIST1H3B|MAGEA6///MAGEA3|CT45A8///CT45A9///CT45A10///CT45A7///CT45A2///CT45A1///CT45A6///CT45A5///CT45A3|IL17RB|MGST1|PROK2|C15orf48|MAGEA6|EIF1AY|NLRP11|XIST|CAMP|TFPI2|CNTN3|NLRP7,0.05832745804895165,0.057423302299787676,0.09733344907220691,0.3952301991212032
411,280,146,134,0.25,RGS13|LOC283454///HRK|ZNF257|EPHB1|HTR3A|TCL1B|EML6|PNMAL1|CPXM1|SACS-AS1|GTSF1|RASSF6|XIST|IGKV1OR2-108|HEPACAM2|USP9Y,LOC102725526///IGHV4-31///IGHM///IGHG3///IGHG2///IGHG1///IGHA2///IGHA1///IGH|KRT6A|HMCN1|WISP2|MAGEA1|C16orf74|SFTA3|NOL4|BEX2|MAGEA6|CLIP2|FOSB|KCNK12|C15orf48|ABCG5|HLF,0.05828276384884615,0.05878065299715156,0.09812447508885033,0.3996064727237959
412,280,146,134,0.125,LOC102724689|EYA2|HTR3A|EML6|JCHAIN|HBB|SYT17|PPBP|RGS13|NPY1R|CENPV|SUSD5|HBA2///HBA1|H2AFB1///H2AFB2///H2AFB3|SH3GL2|HEPACAM2,FSTL5|RASSF6|PLA2G2D|STAG3|MAGEB2|HLA-DQA1|C17orf99|ZNF385B|SYT17|CT45A8///CT45A9///CT45A10///CT45A7///CT45A2///CT45A1///CT45A6///CT45A5///CT45A3|KLHL13|LMO2|CCL21|SFRP4|KLRC2///KLRC1|PKHD1L1,0.05828261469810505,0.05753983274808992,0.10805417833521457,0.3991216149118178
413,280,146,134,0.375,SPIC|MARCO|CENPV|TCL1B|UMODL1|KCCAT333|ASZ1|RGS13|CT45A8///CT45A9///CT45A10///CT45A7///CT45A2///CT45A1///CT45A6///CT45A5///CT45A3|LOC105375172|COL11A1|DNER|CCL21|AICDA|FSTL5|MMP1,NLRP11|LOC283454///HRK|KRT6A|SOX2-OT|PLAC8|LOC100653057///CES1|HLA-DQA1|LOC102724689|CLIP2|EPCAM|LOC100509457///HLA-DQA1|NLRP4|FCAMR|EML6|IGLJ3///CKAP2|C17orf99,0.0583100438540147,0.058448179667318564,0.10207334795517897,0.3895801860765946
414,280,146,134,0.25,JCHAIN|ASB5|MYOCD|NPIPA5///NPIPB6///NPIPB8///NPIPB3|LOC283454///HRK|CTCFL|PPBP|STXBP6|EPHA4|LOC105375172|ASMT|RGS13|MYOT|FSTL5|PITX1|RSPH1,S100A8|HIST1H3B|CHIT1|LYPD6B|RGL4|GOLIM4|TMEM158|EPHA4|MAGEB1|AICDA|MLC1|MYL1|DAPL1|IGHD|PABPC5|LOC101929272,0.058297304087296165,0.05661484298342501,0.11109032078821748,0.39968645093065064
415,280,146,134,0.0,LVRN|MYBPC1|CPXM1|ASMT|SLN|FHOD3|MYL1|CCL17|LILRA4|STXBP6|PXDNL|ZNF385B|MYOT|GPM6A|SDR16C5|LINC01405,C15orf48|GPAT2|OVAAL|HLA-DQB1|MT1M|ZBTB32|COMP|CTAG2|CTAG1A///CTAG1B|LOC105372840|PSMA8|LOC440864///MSH6|CA3|IGKV1OR2-108|IGLJ3///IGLV@///IGLC1|GJB2,0.058246571438024294,0.056018295400976525,0.11247320190904754,0.3971383478758324
416,280,146,134,0.3125,FCER2|ASZ1|HBB|TCL1B|TFPI2|IGHV3-23///IGHV4-31///IGHM///IGHG3///IGHG1///IGHD///IGHA1///IGH|MMP20|CETP|SPIC|LOC283454///HRK|LOC101929272|HBA2///HBA1|MUC16|JCHAIN|MMP1|MYOCD,PPBP|TREM1|CTCFL|SPRR1B|STXBP6|STAG3|ASB5|SOX8|FCER2|LOC283454///HRK|LOC440864///MSH6|MAMDC4|IGLJ3///IGLV1-44///CKAP2///IGLV@///IGLC1|HBB|SFRP4|MAGEA9B///MAGEA9,0.058334922269519564,0.05897343329516934,0.0989227385724554,0.4075678826827671
417,280,146,134,0.3125,LOC102725426///MIR8071-2///MIR8071-1///IGHM///IGHG1|EML6|DNER|TCL1A|ASZ1|ORM2///ORM1|C12orf77|LOC105375172|NLRP7|UMODL1|CCDC110|IGHV1-69|HSF5|BIK|FCER2|MMP20,MGST1|LOC102725526///IGHV4-31///IGHM///IGHG3///IGHG2///IGHG1///IGHA2///IGHA1///IGH|PLAC8|RPS4Y1|FCRL4|AP3D1|PXDNL|KCCAT333|UGT2B4|ELOVL7|BTBD16|MT1M|HIST1H1B|STXBP6|S100A8|OGDHL,0.058280428105041304,0.05708495691100117,0.10108896433225538,0.3924089101357319
418,280,146,134,0.25,DNER|MLC1|HLF|KCCAT333|CKAP2///IGLC1|MAGEA1|EYA2|C2CD4A|UGT2B4|BTBD16|SI|CTAG1A///CTAG1B|CTAG2|FSTL5|MYOCD|MYL2,KCCAT333|LOC101929272|CRNDE|COMP|ASMT|NPIPA5///NPIPB6///NPIPB8///NPIPB3|PRAME|XK|MAGEB1|WFDC21P|NME8|OLFM4|LOC100505878|CA3|CCL20|MAGEA6,0.05825678767341023,0.057641951324313385,0.10501457744397232,0.41364007826654053
419,280,146,134,0.125,HTR3A|APELA|ASB5|ZNF711|EML6|MUC16|C16orf74|XIRP2|LOC283454///HRK|TNFRSF17|ITIH3|IGHV1-69|ORM2///ORM1|FDCSP|LINC01405|DAPL1,IGKV1OR2-108|LINC01268|HTR3A|COL9A3|HLA-DQA1|H2AFB1///H2AFB2///H2AFB3|LOC101927811|FAM30A|CEP290|LRRN1|LOC100130744|IL22RA2|SMC3|LOC101928173|HIST1H1B|MAL2,0.05826438058353891,0.05753484328522186,0.10726432410170234,0.41405616015417535
420,280,146,134,0.1875,MUC16|DNAH8|CT45A8///CT45A9///CT45A10///CT45A7///CT45A2///CT45A1///CT45A6///CT45A5///CT45A3|LOC105375172|S100A7|UMODL1|MMP20|ASZ1|CXCL6|EPHA4|ITIH3|FDCSP|TCL1A|KCNN3|LOC105372840|FOXG1,IGK///IGKC|NPY1R|RASSF6|ZBTB32|H2AFB1///H2AFB2///H2AFB3|INHBA|NCKAP5|TRIM59///IFT80|WISP2|FAM30A|HTR3A|LOC102725426///MIR8071-2///MIR8071-1///IGHM///IGHG1|SCARA5|LGSN|TREM1|LRP1B,0.05830561456810647,0.057735441026221426,0.10023241596270538,0.42241455102932113
421,280,146,134,0.1875,HEPACAM2|KRT5|PRCAT47|KCCAT333|EYA2|ASMT|KRT13|SPIC|BIK|ASZ1|SYT17|IL13RA2|PNMAL1|MMP20|FDCSP|PRAME,SFRP2|HPDL|LINC01619|LMO2|CAMP|FCAMR|LINC01268|CLIP2|ADIRF|IGLJ3///IGLV1-44///CKAP2///IGLV@///IGLC1|CENPV|CNTN3|NMU|MMP20|HLA-DQA1|COL9A3,0.05830137891107149,0.05750856712423167,0.10524448999713189,0.3949688139774761
422,280,146,134,0.25,KRT14|SPRR1B|LOC105375172|HLF|KRT6A|DNER|PDGFRL|UMODL1|LRRN1|PROK2|RNF183|S100A2|MMP20|HTR3A|SI|KRT13,PROK2|TRIM59///IFT80|KDM5D|EPHB1|C4orf22|PITX1|KCCAT333|CCL17|DNER|RASSF6|LGALS2|COMP|ARL14|HIST1H1B|KCNK12|P2RY12,0.05825077814825046,0.056466087876199056,0.1113892324907891,0.40911686044357254
423,280,146,134,0.125,EYA2|UMODL1|CETP|CTCFL|HBB|DNAH8|MMP13|LOC101927811|FCRL4|ASZ1|DAPL1|HLF|ZNF883|ZNF711|TCL1B|MLC1,ZIC2|ZNF257|NMU|IGK///IGKC|NPY1R|CCR10|HMCN1|C4orf22|LGALS2|LINC00487|CCL21|MAGEA6|P2RY12|LHX8|KRT5|RSPH1,0.05825330695131527,0.057332456924669574,0.10498800906650603,0.3981553509672711
424,280,146,134,0.3125,EYA2|FOXG1|TCL1A|UMODL1|HTR3A|RGS13|DNER|FCER2|LINC01021|ICOS|LOC101928173|MMP20|DNAH8|LOC100996809///HLA-DRB5///HLA-DRB4///HLA-DRB3///HLA-DRB1|JCHAIN|LOC613266,ORM2///ORM1|LGSN|S100Z|FAM111B|LIN28B|KCNN3|C17orf99|STXBP6|FAM30A|CCL22|SFRP2|LYPD6B|NLRP4|MGST1|PNMAL1|BEX2,0.058323394121014595,0.05947144772202092,0.10969140095430763,0.3866216402971394
425,280,146,134,0.0625,RGS13|CR1L|CD1C|HTR3A|HLF|IGHV1-69|NME8|VPREB3|ZPBP2|CCDC110|COL11A1|DNAH8|ZNF385B|FCER2|HEPACAM2|PNMAL1,AQP9|RPS4Y1|UHMK1|FAM167A-AS1|KCNN3|LOC101930067|COL9A3|GPM6A|WISP2|LINC00877|MAGEB18|ASB5|NLRP11|COMP|RSPH1|IL17RB,0.058294361740278106,0.05786152372389933,0.09965019122104256,0.38512607295672674
426,280,146,134,0.1875,IL12B|TCL1B|UMODL1|DNAH8|HBA2///HBA1|PDZRN4|EYA2|CRYBA4|NLRP7|TCL1A|NMU|HBB|C17orf99|TUBB2B|ITIH3|BIK,C7orf57|ZYG11A|MMP1|WFDC21P|PPBP|LOC100134317///LOC284412|PCSK1|SDR16C5|CTGF|TFPI2|FDCSP|ARL14|LOC101927811|FAM111B|ASPN|MAL2,0.05824406204291394,0.05645188523598255,0.12432975693657446,0.413188481929917
427,280,146,134,0.25,LOC105375172|RGS13|BIK|EML6|KRT5|EPHA4|S100A2|ASZ1|NMU|DNAH8|CT45A8///CT45A9///CT45A10///CT45A7///CT45A2///CT45A1///CT45A6///CT45A5///CT45A3|TCL1A|EYA2|IGLJ3///IGLV1-44///CKAP2///IGLV@///IGLC1|NLRP7|IGHV3-23///IGHV4-31///IGHM///IGHG3///IGHG1///IGHD///IGHA1///IGH,MT1M|LOC100287497|LCTL|C7orf57|KRT5|VPREB3|WISP2|MME|PCSK1|PDZD2|ANKRD36BP2|CCL21|FAR2P3///FAR2P2|FCER2|IGLJ3///CKAP2|PNMA6A,0.058312821244003644,0.057158242013300095,0.10257681893149206,0.3978270143940858
428,280,146,134,0.375,HTR3A|HBB|EML6|BIK|MARCO|SPIC|SI|CCR6|FAR2P3///FAR2P2|LOC283454///HRK|MMP20|TRPM4|RGS13|KCCAT333|DAPL1|CLGN,MME|IL12B|RGS13|CAMP|LOC101927811|TNFRSF17|TPSB2|LOC105375172|MUC16|RAB25|HTR3A|SUGCT|LOC100287497|KDM5D|MYOT|C3orf67,0.058321185808143064,0.05659648179432564,0.09885337480777052,0.3795195308984795
429,280,146,134,0.125,CSRP3|CRYM|UMODL1|MYL1|SMPX|ZNF711|CAMP|STEAP2|JCHAIN|EPCAM|CCL17|DNER|IL12B|LAMP5|LINC00996|H2AFB1///H2AFB2///H2AFB3,CPXM1|CD24|SYT14|LHX8|C3orf67|LOC100134317///LOC284412|PNMA6A|ZNF750|PTPN20|HIST1H1B|FAM129C|LOC101930067|PCSK1|S100Z|MGST1|MYOCD,0.05821765905429532,0.056599758339097445,0.11508475660817932,0.3947242967815239
430,280,146,134,0.375,LOC200772|MYOCD|RGS13|HLA-DQA1|DNAH8|UMODL1|TCL1A|HBB|FAM30A|LOC283454///HRK|EPHB1|PNMAL1|BIK|UGT2B17|BEX2|EML6,C15orf48|GPM6A|MT1M|LOC101929141///CCDC144CP///CCDC144B///CCDC144A|LINC01102|FAR2P3///FAR2P2|LOC100130744|CLGN|VPREB3|CILP|PXDNL|LINC00877|ZBTB32|LOC100996809///HLA-DRB5///HLA-DRB4///HLA-DRB3///HLA-DRB1|TAC1|WISP2,0.058269142262873774,0.057106910913613966,0.10887419591225672,0.40176677864490895
431,280,146,134,0.25,LOC283454///HRK|LINC01405|CPXM1|EYA2|TCL1B|TCL1A|RGS13|FAM167A-AS1|WFDC21P|CLIP2|KRT14|KCNN3|BEX2|DAPL1|MUC16|LEP,IGK///IGKC|CXCL14|UHMK1|SOX8|ITIH3|GPAT2|ZIC2|COL11A1|CHIT1|STXBP6|SYT17|LINC01405|KRT5|MATN3|IGKV1OR2-108|MAGEB2,0.05824576283864905,0.057194290559267544,0.11261205852016881,0.405460797189767
432,280,146,134,0.25,LECT2|ITIH3|EML6|UMODL1|DHRS9|MMP1|MLC1|CPXM1|TCL1A|CD1C|ARNT2|RASSF6|HEPACAM2|UGT2B17|IGLJ3///CKAP2|RGS13,MAGEA6|STEAP2|ZBTB32|FAM111B|MAGEA4|TSPAN8|SDR16C5|AP3D1|LECT2|LINC01102|NLRP4|OVAAL|SAXO2|TCL1A|UMODL1|LOC613266,0.05825606959756253,0.05801320001243783,0.12060513375540396,0.4112076856749659
433,280,146,134,0.1875,PNMAL1|LRRN1|SYT17|GPR158|KCCAT333|BTBD16|LOC105372840|C17orf99|LOC283454///HRK|DNER|HTR3A|PITX1|FDCSP|ZNF711|NTS|MMP12,KRT14|CILP|UMODL1|C15orf48|STAG3|SOX2-OT|LOC101928173|KRT5|PPBP|AICDA|CRYBA4|ANKRD36BP2|CSRP3|CA3|CTCFL|HTR3A,0.0582846206236174,0.05733185596307555,0.0996443502918035,0.38829186956106765
434,280,146,134,0.3125,LOC283454///HRK|TCL1A|LILRA4|DNER|SYT17|LILRA3|MYOCD|MMP20|DNAH8|LHX8|LOC105372840|SH3GL2|KLRC2///KLRC1|ICOS|LMO2|NLRP4,MAGEA6|VPREB3|SFRP4|OVAAL|HMCN1|MIS18BP1|ORM1|EIF1AY|ACTA1|FAM167A-AS1|CHI3L1|ZNF385B|SLN|MYL1|PROK2|PNMAL1,0.05829205008425309,0.057388662033215826,0.11521907387292339,0.3923679220554678
435,280,146,134,0.3125,LECT2|UMODL1|JCHAIN|IGSF11|RGS13|DNER|BIK|SPIC|LINC01619|CT45A8///CT45A9///CT45A10///CT45A7///CT45A2///CT45A1///CT45A6///CT45A5///CT45A3|KCCAT333|ASMT|SACS-AS1|LOC101929272|BEX2|BTBD16,SOX8|TRPM4|MMP12|MAL2|KLRC2///KLRC1|RSPH1|AP3D1|EML6|EYA2|KRT14|STEAP2|GJB2|CTAG2|C17orf99|CD74|LINC01405,0.05829843937243054,0.05695494090528689,0.12348410979934527,0.4033864543028002
436,280,146,134,0.3125,MYOCD|ASZ1|IGKV1OR2-108|DNAH8|IGLJ3///IGLV1-44///CKAP2///IGLV@///IGLC1|LOC613266|IL12B|LOC100509457///HLA-DQA1|NOL4|TCL1B|HLF|HLA-DQB1|SPIC|FAM30A|IGK///IGKC|HTR3A,PNMAL1|HLA-DQA1|MAGEA6|KCNN3|HK3|KRT5|PABPC5|RAB25|SACS-AS1|C15orf48|LEP|CCDC110|KCNK12|FAM30A|CNTN3|CTAG2,0.058253767203135465,0.05716351392041972,0.11152277138397877,0.3976708879334466
437,280,146,134,0.25,LINC00877|HTR3A|IGLJ3///IGLV1-44///CKAP2///IGLV@///IGLC1|TCL1A|CCDC110|MAGEA4|MMP3|MYOCD|CCL17|NMU|LOC101929272|IGHV3-23///IGHV4-31///IGHM///IGHG3///IGHG1///IGHD///IGHA1///IGH|MMP20|MYOT|KLRC2///KLRC1|GJB2,COL9A3|LRRN1|ASB5|LGSN|CXCL14|EML6|LOC101929141///CCDC144CP///CCDC144B///CCDC144A|LOC283454///HRK|LOC100996809///HLA-DRB5///HLA-DRB4///HLA-DRB3///HLA-DRB1|IL17RB|USP9Y|PABPC5|CCDC110|CAMP|MGST1|NME8,0.058337591529481876,0.0590035126496683,0.09488822653910232,0.40216312883716604
438,280,146,134,0.25,SFTPD|MYOT|DNAH8|PSMA8|EYA2|PRAME|MMP20|NCKAP5|DNER|RGS13|FAM167A-AS1|XIRP2|SFTA3|SFTA2|EML6|FCER2,ZPBP2|GJB2|CD74|TRPM4|XIRP2|TSPAN8|KDM5D|ZYG11A|SUSD5|ZNF257|SOX2-OT|COL11A1|MT1M|MMP1|ZNF711|ASMT,0.0582418847405308,0.056808347631033075,0.12470910235582318,0.3942516430782831
439,280,146,134,0.25,MYOCD|RAB25|HTR3A|HBB|CTAG2|LRRN1|MMP20|HBA2///HBA1|FDCSP|UMODL1|LOC100505878|BIK|CCL17|CT45A8///CT45A9///CT45A10///CT45A7///CT45A2///CT45A1///CT45A6///CT45A5///CT45A3|KRT5|FCER2,FCER2|HTR3A|LRP1B|MYOCD|IGKV1OR2-108|RSPH1|LINC00877|STON1-GTF2A1L///GTF2A1L|HBA2///HBA1|HLA-DQA1|SERPINA9|LOC101930114|KCCAT333|WFDC21P|LINC00487|CTCFL,0.05831166613245865,0.05778363377806538,0.10467886069670602,0.41874947397738044
440,280,146,134,0.25,BTBD16|CSAG2///CSAG3|KCCAT333|LINC01619|FAM167A-AS1|IL12B|NFE4|IGLJ3///IGLV@///IGLC1|UMODL1|PNMAL1|EML6|CHIT1|LOC283454///HRK|WFDC21P|LOC105375172|MLK7-AS1,FAM167A-AS1|CSAG2///CSAG3|NTS|MMP20|BEX2|LOC101927811|LOC101927820|NFE4|SMC3|IGLJ3///IGLV1-44///CKAP2///IGLV@///IGLC1|ORM1|LOC101930415|COMP|STAG3|TSPAN8|NOL4,0.058289031588541686,0.05849255739636182,0.10881443238856561,0.38790988398037446
441,280,146,134,0.125,LOC283454///HRK|SACS-AS1|AICDA|LOC105372840|KCCAT333|MARCO|BTBD16|HTR3A|CLIP2|CT45A8///CT45A9///CT45A10///CT45A7///CT45A2///CT45A1///CT45A6///CT45A5///CT45A3|LOC613266|EYA2|DNAH8|EEF1A2|RPS4Y1|C11orf53,EIF1AY|MAGEB1|LGALS2|LOC283454///HRK|LINC01102|PDGFRL|HIST1H1B|LOC101927811|GPAT3|EPCAM|H2AFB1///H2AFB2///H2AFB3|MT1M|STAG3|KRT14|KRT13|C1QA,0.058318895767580946,0.05641474483980798,0.09781921164846186,0.41115266440169856
442,280,146,134,0.125,DNAH8|NOL4|SPIC|BTBD16|HTR3A|CAMP|CENPV|MMP3|EPHB1|LOC105372840|C17orf99|LOC613266|PNMAL1|RNF183|C15orf48|LOC100653057///CES1,ASMT|NME8|SNX29P1///SNX29P2|FSTL5|EYA2|ZBTB32|AICDA|IGHV3-23///IGHV4-31///IGHM///IGHG3///IGHG1///IGHD///IGHA1///IGH|ZPBP2|HMCN1|PITX1|GOLIM4|KRT14|STAG3|LOC102725426///MIR8071-2///MIR8071-1///IGHM///IGHG1|FCGR3B///FCGR3A,0.05827222545697675,0.057363127377366444,0.11219103025951155,0.3992892361771628
443,280,146,134,0.25,TCL1B|LGSN|MAGEA6///MAGEA3|PDZRN4|UMODL1|CKAP2///IGLC1|JCHAIN|PITX1|CCDC110|IGLJ3///IGLV1-44///CKAP2///IGLV@///IGLC1|IGKV1OR2-108|MMP3|EML6|CT45A8///CT45A9///CT45A10///CT45A7///CT45A2///CT45A1///CT45A6///CT45A5///CT45A3|LOC200772|ZIC2,LOC102724689|PPBP|ABCG5|COL11A1|TCL1A|PKHD1L1|OLFM4|CCL22|ZNF876P|CD74|AICDA|LOC101928173|LRRN1|IGLJ3///IGLV1-44///CKAP2///IGLV@///IGLC1|SERPINA9|LOC100653057///CES1,0.05829008638972702,0.0570414144633972,0.10807463436438572,0.41042890781497054
444,280,146,134,0.1875,LOC105372840|JCHAIN|EPHB1|NPIPA5///NPIPB6///NPIPB8///NPIPB3|PRAME|HLA-DQA1|SLC16A9|TCL1A|MYOT|C17orf99|LOC102725426///MIR8071-2///MIR8071-1///IGHM///IGHG1|VSIG4|C16orf74|CCL17|DNER|PCSK1,AQP9|MMP12|ASPN|LOC283454///HRK|COL11A1|ZNF385B|RAB25|MMP1|IGK///IGKC|LOC101928173|SUGCT|ORM2///ORM1|MUC16|LOC102724689|LILRA3|GOLIM4,0.05831142394999983,0.05783946596089077,0.09979686528067633,0.38724867079632097
445,280,146,134,0.125,SPIC|SLN|CETP|MAGEA1|SYT17|MYL2|IGHD|FDCSP|GJB2|LOC101928173|HLF|UBASH3A|LOC100653057///CES1|TCL1A|EYA2|C2CD4A,EEF1A2|CHIT1|SCARA5|LOC100509457///HLA-DQA1|CXCL14|PNMA6A|SLN|LOC102725526///IGHV4-31///IGHM///IGHG3///IGHG2///IGHG1///IGHA2///IGHA1///IGH|MYOCD|ZNF876P|IGK///IGKC|LOC101927811|KDM5D|EPYC|COL9A3|CETP,0.05830509765470253,0.05836571302108136,0.11282572315577287,0.4053560147383904
446,280,146,134,0.375,HBA2///HBA1|SPIC|SI|MYOCD|HBB|LOC283454///HRK|IGHV4-31///IGHM///IGHG3///IGHG1///IGHA1|MMP20|NOL4|IGHV3-23///IGHV4-31///IGHM///IGHG3///IGHG1///IGHD///IGHA1///IGH|IGK///IGKC|FCER2|BIK|UMODL1|PNMAL1|LOC105375172,ZIC2|UMODL1|MAL2|C7orf57|CT45A8///CT45A9///CT45A10///CT45A7///CT45A2///CT45A1///CT45A6///CT45A5///CT45A3|CCL22|SFRP2|C4orf22|AQP9|LILRA3|LINC01297|NLRP4|IGLJ3///CKAP2|NLRP7|C17orf99|IL22RA2,0.058280873637218886,0.05778766282583048,0.11252077738524702,0.3870242422459886
447,280,146,134,0.25,CTAG2|BIK|KRT14|EML6|IL12B|PROK2|KRT5|HLF|LOC283454///HRK|EPCAM|FAM30A|ZIC2|ICOS|RPS4Y1|COL11A1|MMP20,UHMK1|C4orf22|AQP9|H2AFB1///H2AFB2///H2AFB3|MMP7|ADIRF|ICOS|MARCO|RNF183|CT45A8///CT45A9///CT45A10///CT45A7///CT45A2///CT45A1///CT45A6///CT45A5///CT45A3|CHIT1|EPYC|LOC100509457///HLA-DQA1|SMPX|NOL4|SAXO2,0.058273159840049174,0.05611392196053119,0.09795959385767959,0.4017144815577333
448,280,146,134,0.1875,TCL1A|NMU|LOC613266|HLF|LINC01619|NOL4|IGHV3-23///IGHV4-31///IGHM///IGHG3///IGHG1///IGHD///IGHA1///IGH|DNAH8|PTPN20|FDCSP|HTR3A|STXBP6|EML6|MAGEA6|SPIC|CCL21,MAGEB2|EYA2|MUC16|RGS13|SYT17|OLFM4|DNAJC12|IGK///IGKC|C7orf57|IGHV1-69|XIST|TPSB2|PCSK1|PRAME|FCRL4|OMD,0.05827023541417693,0.05753221386789249,0.10679761155436594,0.39643099939021514
449,280,146,134,0.1875,KCCAT333|KRT14|NMU|KRT6A|RAB25|RIBC2|SPIC|TNNC1|NLRP11|EML6|CCDC110|CA3|HLF|CTTNBP2|LOC101930114|S100A2,ORM1|SERPINA9|KIAA0226L|XIRP2|SDR16C5|PLA2G2A|CD1C|HMCN1|SPIC|STEAP2|C3orf67|FDCSP|CRNDE|ZNF711|MIS18BP1|EIF1AY,0.05824539007672007,0.05588917359110178,0.10061836269980297,0.39406683331493525
450,280,146,134,0.125,ASZ1|DNER|EPCAM|MMP13|SYT17|MUC16|JCHAIN|EML6|GJB6|FCER2|DNAH8|LOC105372840|ABCG5|NOL4|BIK|IL17RB,FCAMR|COL11A1|CR1L|COL9A3|TFPI2|WFDC21P|ASPN|FAM30A|CCL21|GPR158|NMU|SFTA2|TPSB2|KCCAT333|FHOD3|ASZ1,0.0583403701259652,0.057036769613469686,0.09693679128349685,0.4016404391799486
451,280,146,134,0.375,MMP20|TCL1B|CPXM1|ZIC2|MUC16|WFDC21P|LRRN1|CTAG2|MYOCD|DNAH8|VPREB3|ZNF711|LINC00877|UMODL1|RGS13|NOL4,FHOD3|RAB25|SFRP4|IGLJ3///IGLV@///IGLC1|LOC101930067|GJB6|TRPM4|FOSB|S100A2|LOC101930114|HIST1H1B|FAR2P3///FAR2P2|NMU|UBASH3A|C15orf48|COMP,0.05827117275052911,0.05786596118168076,0.11655231607601246,0.42013038600366776
452,280,146,134,0.0625,PDZRN4|DNAH8|KRT14|C7orf57|NOL4|HTR3A|XK|CLGN|LOC101929141///CCDC144CP///CCDC144B///CCDC144A|LOC105372840|ORM1|ORM2///ORM1|RGS13|CT45A8///CT45A9///CT45A10///CT45A7///CT45A2///CT45A1///CT45A6///CT45A5///CT45A3|CCDC110|C16orf74,CTTNBP2|ZNF876P|CHIT1|C3orf67|LOC105375172|LOC100996809///HLA-DRB5///HLA-DRB4///HLA-DRB3///HLA-DRB1|UMODL1|IGKV1OR2-108|SAA2-SAA4///SAA2///SAA1|NPIPA5///NPIPB6///NPIPB8///NPIPB3|UGT2B17|FSTL5|LRP1B|WISP2|NLRP4|CCL21,0.058258319619312805,0.05622859344866597,0.13633337481516697,0.3942090027761267
453,280,146,134,0.3125,SI|EYA2|TCL1A|MYOCD|CXCL6|MAGEA9B///MAGEA9|IGLJ3///IGLV1-44///CKAP2///IGLV@///IGLC1|PNMAL1|GPM6A|IGK///IGKC|MARCO|AICDA|UMODL1|KCNN3|LEP|PRAME,CRYBA4|HK3|KRT14|AICDA|LINC01527|XK|LOC101927811|PITX1|ZBTB32|LGALS2|OVAAL|TCL1A|GPM6A|LINC01405|RGL4|MLC1,0.05833363119695961,0.05723868541673945,0.09623503622818483,0.3979600506262783
454,280,146,134,0.25,TCL1B|EYA2|DNER|HTR3A|TUBB2B|FSTL5|HEPACAM2|MAGEA4|SYT17|PXDNL|SPRR1B|HLF|UMODL1|FAM30A|UBASH3A|MMP20,FCAMR|COL11A1|SUSD5|TMEM158|LOC102725426///MIR8071-2///MIR8071-1///IGHM///IGHG1|RGS13|KCNN3|JCHAIN|SOX8|TNFRSF17|CHI3L1|MFAP4|WFDC21P|PITX1|LYPD6B|NOL4,0.058283283943707756,0.05698572433722264,0.10432087264399108,0.398628448823952
455,280,146,134,0.1875,SYT17|DNAH8|MMP3|UGT2B17|CT45A8///CT45A9///CT45A10///CT45A7///CT45A2///CT45A1///CT45A6///CT45A5///CT45A3|NMU|CCL17|TCL1A|LILRA4|MMP20|GJB6|SI|TRPM4|MYOCD|IGHD|CTAG1A///CTAG1B,PPBP|CCDC110|TRIM59///IFT80|RAB25|RASSF6|IGLJ3///IGLV@///IGLC1|SOX8|EPCAM|MSTN|DAPL1|SOX2-OT|HSF5|MMP1|ICOS|OVAAL|FCRL4,0.05829899126162208,0.0575842479504437,0.10653368673732402,0.41779453304464287
456,280,146,134,0.1875,PROK2|HTR3A|BTBD16|LGSN|MYOT|WISP2|ASB5|ZNF711|KCCAT333|ZNF385B|TNFRSF17|IGLJ3///IGLV1-44///CKAP2///IGLV@///IGLC1|EML6|NOL4|IGKV1OR2-108|NME8,PROK2|RNF183|SERPINA9|CD163|LOC613266|MLK7-AS1|ASB5|SFRP2|LINC01297|MFAP4|BEX2|LEP|AICDA|TRIM59///IFT80|SMC3|MAGEA12,0.058315742661520925,0.058089377711295985,0.10589225280468591,0.39682801417708086
457,280,146,134,0.125,LECT2|TCL1A|LOC101928173|ASZ1|EPCAM|DNAH8|UGT2B17|DTX1|TUBB2B|USP9Y|HLA-DQB1|KCCAT333|GPAT3|IGHD|LOC100509457///HLA-DQA1|MME,KCNH8|MIS18BP1|HPDL|MMP12|JCHAIN|MAL2|LOC101927811|NPY1R|PTPN20|EEF1A2|FAM30A|HAGLROS|LEP|SMC3|DNER|LILRA3,0.05823590255710443,0.05798002084469732,0.131107389873364,0.3846840146511838
458,280,146,134,0.0625,MAGEA4|HLF|IGHD|ARL14|MYL2|CLGN|TNNC1|IL17RB|CSRP3|MYOT|ZNF711|SYT17|XIRP2|MYOCD|PLAC8|CTTNBP2,IGLJ3///CKAP2|CTGF|HHCM|LINC01021|LOC101929272|UGT2B17|RAB25|KRT5|BTBD16|SUGCT|IL22RA2|TREM1|IGLJ3///IGLV1-44///CKAP2///IGLV@///IGLC1|MATN3|LOC101930415|ZBTB32,0.0583467110537728,0.05702484984572,0.1005257262221518,0.3978921444176154
459,280,146,134,0.125,TCL1A|LOC613266|HLF|MAGEA4|FCER2|IL12B|LILRA3|RGS13|DNAH8|CYS1|LOC102724689|JCHAIN|CT45A8///CT45A9///CT45A10///CT45A7///CT45A2///CT45A1///CT45A6///CT45A5///CT45A3|C17orf99|UGT2B17|DPEP2,LINC00487|SCARA5|GTSF1|PKHD1L1|FSTL5|HIST1H3B|LTF|MATN3|LGSN|FAR2P3///FAR2P2|HEPACAM2|LOC101930415|TMEM158|LINC01297|IGK///IGKC|TPSB2,0.058255150286261145,0.05660418109397021,0.10574985136017824,0.4093232072657154
460,280,146,134,0.4375,SDR16C5|TREM1|EPCAM|TCL1A|CTAG2|IGK///IGKC|ORM2///ORM1|IGLJ3///IGLV1-44///CKAP2///IGLV@///IGLC1|MMP20|UMODL1|LRRN1|DNER|ZNF257|ICOS|KRT14|HLF,SUGCT|CYS1|MMP1|XK|MATN3|DNER|LINC01102|MMP3|SDR16C5|LOC100509457///HLA-DQA1|ORM2///ORM1|SPIC|MIS18BP1|LYPD6B|TRIM59///IFT80|CCL22,0.058283010469503946,0.057503179066452026,0.1049515320444434,0.39830004019612597
461,280,146,134,0.375,LINC01102|ASB5|NOL4|UMODL1|ASMT|COL24A1|DNAH8|RGS13|LILRA3|HEPACAM2|KCCAT333|LOC283454///HRK|DNER|TUBB2B|SPIC|CT45A8///CT45A9///CT45A10///CT45A7///CT45A2///CT45A1///CT45A6///CT45A5///CT45A3,MIS18BP1|ZNF257|BIK|PABPC5|C4orf22|IL13RA2|MARCO|ORM2///ORM1|HTR3A|LOC101930415|GPAT2|CTCFL|EML6|NME8|STEAP2|SNX29P1///SNX29P2,0.05827834263353919,0.05841753256128576,0.10204323341316295,0.40191621339455996
462,280,146,134,0.3125,TCL1A|KRT5|MYL2|LOC101930114|CPXM1|CA3|RGS13|CD1C|EML6|ABCG5|KRT14|DNER|MMP13|UMODL1|SSX4B///SSX4|SPRR1B,MMP12|KDM5D|ZNF711|CD74|COL10A1|IGKV1OR2-108|GPAT2|IL12B|TCL1A|UGT2B17|MMP13|CTAG2|EEF1A2|S100A2|HLA-DQA1|GOLIM4,0.0582651643175922,0.05759301276038617,0.1089869866766991,0.4078163693372229
463,280,146,134,0.25,CSRP3|UMODL1|MYOCD|NMU|LILRA4|DHRS9|HAGLROS|C2CD4A|LRRN1|FAM30A|HLF|MMP20|TCL1A|MUC16|IGHV3-23///IGHV4-31///IGHM///IGHG3///IGHG1///IGHD///IGHA1///IGH|CENPV,MYOT|FAM167A-AS1|ASZ1|LILRA4|ZNF257|LOC101927820|CAMP|FSTL5|PROK2|KLRC2///KLRC1|COL11A1|NCKAP5|HLF|CHIT1|IL22RA2|SUSD5,0.05826531556047172,0.056668365799043954,0.10478185366260619,0.39485854430585804
464,280,146,134,0.125,BTBD16|MUC16|EYA2|HSF5|LECT2|FCER2|CCL17|FCRLA|FDCSP|TCL1A|CCL22|SYT17|NME8|CA3|RAB25|IGLJ3///IGLV1-44///CKAP2///IGLV@///IGLC1,C3orf67|HPDL|MT1M|MAGEA6///MAGEA3|GPAT2|LOC102725526///IGHV4-31///IGHM///IGHG3///IGHG2///IGHG1///IGHA2///IGHA1///IGH|KLRC2///KLRC1|HIST1H1B|KCCAT333|LOC613266|LOC101060091|VSIG4|HK3|PNMAL1|WISP2|EYA2,0.05828046438944273,0.05672544644685194,0.10737507854251725,0.3982758009786714
465,280,146,134,0.375,BAIAP2L1|KRT5|DNER|SACS-AS1|TCL1A|MYOCD|RGS13|DNAH8|CHIT1|PXDNL|NLRP7|NLRP11|MMP20|MAGEA6///MAGEA3|SPIC|JCHAIN,SAXO2|CCL21|MAGEB2|NLRP11|EPYC|CCL17|FDCSP|PRCAT47|RAB25|LOC102724689|HSF5|IGKV1OR2-108|H2AFB1///H2AFB2///H2AFB3|S100A9|PDGFRL|MMP7,0.05830438737889462,0.05791159007274041,0.1087185952775214,0.41376252653783024
466,280,146,134,0.0,CRYBA4|FCER2|JCHAIN|CSRP3|DNAH8|TNNC1|CILP|MYL2|LILRA3|FAM167A-AS1|HLF|IL12B|NOL4|CA3|IL17RB|PPBP,SOX2-OT|CRNDE|PROK2|AICDA|PCSK1|FCER2|MYL2|FCRL4|MAGEB2|TFPI2|P2RY12|LOC100509457///HLA-DQA1|WISP2|TCL1B|IGKV1OR2-108|LOC105375172,0.05826295085898928,0.058043411474451634,0.10336813580549592,0.3937630297187827
467,280,146,134,0.1875,HTR3A|GPM6A|FAR2P3///FAR2P2|IGLJ3///IGLV@///IGLC1|PXDNL|APELA|LOC105372840|C2CD4A|ASB5|UMODL1|EYA2|NPIPA5///NPIPB6///NPIPB8///NPIPB3|CTAG1A///CTAG1B|CD1C|MLC1|SPIC,LTF|MLK7-AS1|KCNK12|SACS-AS1|ORM1|LOC613266|LINC01021|LOC105372840|AQP9|ZPBP2|FABP4|LOC102725426///MIR8071-2///MIR8071-1///IGHM///IGHG1|MMP7|EML6|MYH1|KCCAT333,0.058280334880589146,0.0580580541430739,0.09786267144517428,0.39313264834483735
468,280,146,134,0.3125,DNER|TCL1A|JCHAIN|RGS13|TCL1B|LOC105375172|CTAG2|NMU|IL17RB|LOC101930114|C17orf99|HLF|HTR3A|IL12B|SYT17|DHRS9,HMCN1|STEAP2|TCL1B|HEPACAM2|EML6|COMP|SFRP2|SNX29P1///SNX29P2|MEF2B///BORCS8///BORCS8-MEF2B|LOC101927811|DHRS9|SUSD5|CLIP2|S100Z|CCDC110|LINC01021,0.05824833047165684,0.05643385028409337,0.11008335778317004,0.39425789444510134
469,280,146,134,0.1875,LINC01619|EYA2|DNER|HSF5|IGLJ3///IGLV1-44///CKAP2///IGLV@///IGLC1|LRRN1|JCHAIN|LOC101060091|MAL2|RASSF6|XCL2///XCL1|EML6|EPHB1|CETP|CT45A8///CT45A9///CT45A10///CT45A7///CT45A2///CT45A1///CT45A6///CT45A5///CT45A3|MMP3,ASZ1|C7orf57|FAR2P3///FAR2P2|SNX29P1///SNX29P2|WISP2|NME8|LOC100653057///CES1|LINC01102|LOC105372840|S100A8|CETP|MUC16|HIST1H1B|IGHV4-31///IGHM///IGHG4///IGHG3///IGHG1///IGHD///IGHA2///IGHA1|LRRN1|RNF183,0.058285355484218156,0.057800404709617254,0.10336423875920225,0.4149190446204193
470,280,146,134,0.25,ZNF385B|NLRP4|RGS13|CHIT1|EYA2|ASZ1|LINC01405|CTAG2|NME8|ADIRF|MUC16|LOC283454///HRK|TCL1B|SFRP2|JCHAIN|NLRP11,ICOS|RAB25|HIST1H1B|ZBTB32|ASMT|KCNK12|UHMK1|CEP290|COL9A3|IGKV1OR2-108|UGT2B17|IL13RA2|MMP3|FSTL5|LVRN|SNX29P1///SNX29P2,0.058316422637742935,0.05658493132062911,0.09855049027710046,0.4020490181393117
471,280,146,134,0.25,LECT2|MUC16|FCRLA|TCL1A|UMODL1|RASSF6|CPXM1|TCL1B|GREM1|CD1C|LOC105375172|HEPACAM2|CRNDE|MMP3|GTSF1|DNER,FCRL4|TFPI2|NPY1R|DDX53|IL22RA2|RNF128|KCCAT333|C17orf99|ITIH3|HIST1H1B|HTR3A|RAB25|ANKRD36BP2|LOC101929219///C1orf186|FAM167A-AS1|PXDNL,0.05822575849902015,0.05739282466829426,0.12739869934401624,0.41023149250031227
472,280,146,134,0.1875,MYOCD|CD1C|RASSF6|CXCL8|UMODL1|PNMAL1|CYS1|ZNF711|PDZRN4|UGT2B17|LOC101930114|LOC105375172|MYOT|IGLJ3///IGLV1-44///CKAP2///IGLV@///IGLC1|DNAH8|SOST,LYPD6B|LEP|ZYG11A|EPHA4|TSPAN8|KLHL13|SNX29P1///SNX29P2|MMP3|ORM1|FHOD3|ICOS|VPREB3|FDCSP|CCL17|PLA2G2D|LOC102724689,0.058293252924911644,0.057620085619757705,0.11088397007013352,0.39104521189956054
473,280,146,134,0.1875,HLF|TCL1A|LOC283454///HRK|MAL2|FAR2P3///FAR2P2|CENPV|CLIP2|CCL17|SSX4B///SSX4|CRYBA4|MAGEA4|MMP12|RAB25|ADIRF|ARL14|MMP20,IGHV1-69|KRT6A|HLF|XK|EIF1AY|FAR2P3///FAR2P2|LINC01297|LOC100996809///HLA-DRB5///HLA-DRB4///HLA-DRB3///HLA-DRB1|SEC31B|NPY1R|FCAMR|TXLNGY|NCKAP5|LOC105375172|S100Z|LINC01527,0.05832071158957544,0.05768521224202769,0.0963525633280164,0.39677796775381635
474,280,146,134,0.25,CRYBA4|KRT5|KRT14|BIK|FCRLA|PNMAL1|LOC283454///HRK|FCER2|ZNF711|DNER|TCL1A|C3orf67|IL13RA2|NOL4|RGS13|EPCAM,LOC283454///HRK|NME8|PROK2|EYA2|CYB5R2|IGK|LMO2|LOC101930114|PDGFRL|MAL2|H2AFB1///H2AFB2///H2AFB3|SDR16C5|IGHV3-23///IGHV4-31///IGHM///IGHG3///IGHG1///IGHD///IGHA1///IGH|HLA-DQB1|LINC01102|CTTNBP2,0.058265571384300496,0.05710925269112882,0.11066630186712317,0.3937859916871881
475,280,146,134,0.125,EPCAM|BTBD16|MMP12|EML6|GPAT3|CRYBA4|ZNF711|IGLJ3///IGLV1-44///CKAP2///IGLV@///IGLC1|HLF|FCER2|C16orf74|LINC01405|EPHA4|LILRA3|SACS-AS1|GTSF1,FDCSP|CLIP2|ARL14|ZIC2|MYOT|MFAP4|NOL4|LGALS2|IGHV3-23///IGHV4-31///IGHM///IGHG3///IGHG1///IGHD///IGHA1///IGH|CAMP|MME|IFIT1|TREM1|CTAG2|MAGEA1|LINC01021,0.05827509641666891,0.058060086551456586,0.11551327326484509,0.3816754072457464
476,280,146,134,0.125,TCL1A|JCHAIN|TNNC1|ASB5|CCL17|FCRL4|RASSF6|CSRP3|TUBB2B|MAGEA6///MAGEA3|IGLJ3///IGLV1-44///CKAP2///IGLV@///IGLC1|KLHL13|ITIH3|FCER2|CILP|SLC16A9,FDCSP|GJB2|CLGN|ZPBP2|KLRC2///KLRC1|LOC101930114|LYPD6B|CSRP3|GTSF1|NLRP4|CTAG2|SFRP2|MARCO|FAM30A|FCRL4|ACTA1,0.05827446264975074,0.05766330710881001,0.1134782233319231,0.39740188987784536
477,280,146,134,0.25,SLN|UMODL1|C3orf67|SPIC|IGHV4-31///IGHM///IGHG4///IGHG3///IGHG1///IGHD///IGHA2///IGHA1|SYT17|CCL22|BTBD16|MUC16|CCDC110|PNMAL1|LOC283454///HRK|DNAH8|LOC613266|C12orf77|TCL1A,ZNF257|HAGLROS|MT1M|MYH1|ZIC2|LOC100996809///HLA-DRB5///HLA-DRB4///HLA-DRB3///HLA-DRB1|MAGEA1|UHMK1|CPXM1|CD163|HTR3A|RNF183|BIK|MAGEA9B///MAGEA9|ZPBP2|FSTL5,0.05825178025425279,0.05603592703975666,0.10585510363827148,0.3953925274264935
478,280,146,134,0.0625,PNMAL1|MMP12|MMP13|MUC16|UMODL1|LOC101928173|LOC100134317///LOC284412|ZNF711|LOC101930114|FDCSP|LILRA3|JCHAIN|WFDC21P|ORM1|HTR3A|ABCG5,NLRP11|IL12B|GTF2IP20|ARL14|WISP2|SFTA3|ABCG5|PKHD1L1|LINC00877|ORM1|COL11A1|PNMAL1|C4orf22|CD74|SUGCT|HLA-DQB1,0.05825416253408646,0.05608737839785442,0.10214312189728772,0.3871865170575049
479,280,146,134,0.25,LOC102724689|HTR3A|ZIC2|CTCFL|MAGEA12|MMP20|FAR2P3///FAR2P2|KRT13|UMODL1|CD1C|TCL1B|C4orf22|VPREB3|IGLJ3///IGLV1-44///CKAP2///IGLV@///IGLC1|BIK|RAB25,SPIC|FCRL4|CCL17|CXCL6|PABPC5|LOC102725526///IGHV4-31///IGHM///IGHG3///IGHG2///IGHG1///IGHA2///IGHA1///IGH|S100Z|DNAH8|STEAP2|LMO2|EPHA4|USP9Y|CXCL14|VSIG4|EML6|KCNK12,0.05827093794857791,0.0580117482182227,0.09786786459160692,0.4027874089545302
480,280,146,134,0.25,DNER|MUM1L1|NLRP7|APELA|PROM1|STATH|ASZ1|MUC16|EML6|UMODL1|WFDC21P|HEPACAM2|LOC100509457///HLA-DQA1|LOC102725426///MIR8071-2///MIR8071-1///IGHM///IGHG1|ADIRF|TCL1A,GTF2IP20|IGK///IGKC|ASMT|AQP9|MGST1|MAGEB2|HTN3|PNMAL1|RSPH1|SPRR1B|FAM30A|S100A7|C4orf22|HIST1H3B|JCHAIN|SNX29P1///SNX29P2,0.05828322206724133,0.056458139179784275,0.09808119258896396,0.4216943722849713
481,280,146,134,0.0625,LVRN|CCL17|DTX1|SPIC|LILRA4|SACS-AS1|MYOT|C12orf77|EYA2|GPM6A|LOC613266|EPHB1|ITIH3|CT45A8///CT45A9///CT45A10///CT45A7///CT45A2///CT45A1///CT45A6///CT45A5///CT45A3|IL22RA2|NOL4,C2CD4A|STXBP6|COL9A3|LOC100130744|USP9Y|FABP4|LINC00877|EPHB1|WISP2|CRNDE|C16orf74|PPBP|CXCL14|SACS-AS1|MYOT|CCL20,0.058318754705528886,0.057360551638659524,0.11579418462262288,0.4056858741719141
482,280,146,134,0.0625,HTR3A|DNAH8|JCHAIN|LOC283454///HRK|SYT17|BIK|LILRA4|CTAG1A///CTAG1B|CHI3L1|NME8|KRT6A|EIF1AY|DTX1|LOC105372840|KRTDAP|LOC339260,CHI3L1|TREM1|CCR10|HLA-DQA1|SOST|TFPI2|ZNF711|RSPH1|LOC100996809///HLA-DRB5///HLA-DRB4///HLA-DRB3///HLA-DRB1|UBASH3A|GOLIM4|ZBTB32|KCNN3|STXBP6|NRG4|GTF2IP20,0.058254707010371026,0.05874939021014491,0.09595418798548107,0.4145706593746968
483,280,146,134,0.25,LINC00525|KCCAT333|EML6|SNORD3D///SNORD3C///SNORD3B-2///SNORD3A///SNORD3B-1|RASSF6|HMCN1|LOC101929272|CAMP|JCHAIN|ZNF257|EPHB1|UMODL1|COL9A3|LOC613266|CLGN|MYOCD,PROK2|LOC102725526///IGHV4-31///IGHM///IGHG3///IGHG2///IGHG1///IGHA2///IGHA1///IGH|LOC101929272|EPHA4|SUSD5|SMC3|CRNDE|TNFRSF17|SPIC|S100Z|UGT2B17|SFTA2|UGT2B4|MAGEA9B///MAGEA9|SPINK2|SFRP4,0.05833146722673814,0.05749293865512741,0.0978192430123011,0.3901833051655652
484,280,146,134,0.5,DNER|LOC283454///HRK|TCL1B|SMPX|SPIC|TCL1A|ASB5|IGLJ3///IGLV1-44///CKAP2///IGLV@///IGLC1|LINC00551|UMODL1|PROK2|CTAG2|HLF|GPM6A|CTAG1A///CTAG1B|DNAH8,FSTL5|LINC01541|IGLJ3///IGLV1-44///CKAP2///IGLV@///IGLC1|CA3|ASMT|GOLIM4|MAGEA9B///MAGEA9|LOC440864///MSH6|HLA-DQB1|WISP2|SCARA5|LOC101929272|CTTNBP2|ICOS|ASB5|COMP,0.05837918013805826,0.057392052522617754,0.09293135528284631,0.3924913317252914
485,280,146,134,0.25,MUC16|KCCAT333|DHRS9|ITIH3|CAMP|HAGLROS|LOC101928173|JCHAIN|TCL1B|MAGEA6///MAGEA3|MYOCD|EYA2|LOC283454///HRK|GPAT2|PNMAL1|PRAME,CCL17|IYD|HLA-DQB1|CCDC110|ZIC2|ZNF385B|KRT13|LINC00877|MAGEA6|SYT14|EPYC|HEPACAM2|ASMT|COMP|SMC3|MME,0.05831713640639079,0.05645520600128957,0.10751269861263,0.3796141078379085
486,280,146,134,0.25,KCCAT333|CSRP3|SLN|SPIC|SMPX|MYL2|MYL1|ACTA1|LOC283454///HRK|HTR3A|TCL1B|OLFM4|CCL21|ITIH3|PXDNL|TSPAN8,EYA2|MMP1|VSIG4|NME8|MMP3|NLRP7|COMP|MIS18BP1|CYS1|PDGFRL|AP3D1|SYT14|CTTNBP2|LHX8|LIN28B|GJB6,0.05821817066478563,0.05692690387483286,0.11654583046959287,0.41882374548891904
487,280,146,134,0.0625,GPM6A|LOC102724689|SPIC|LINC00525|PDZRN4|C4orf22|XIRP2|MMP1|MYL2|CTCFL|ASB5|LOC101929219///C1orf186|CSRP3|ORM2///ORM1|ZNF711|NPY1R,HOTAIR|PITX1|HAGLROS|XIRP2|FSTL5|MAL2|ZNF711|HIST1H1B|MMP7|MAGEA6|HLF|LOC100996809///HLA-DRB5///HLA-DRB4///HLA-DRB3///HLA-DRB1|MT1M|DNER|AICDA|ZBTB32,0.05826309926766954,0.058448039644065336,0.1043262896779401,0.4045337248876049
488,280,146,134,0.25,MAGEA4|DNER|HBB|HBA2///HBA1|NOL4|MMP20|RGS13|UMODL1|FDCSP|LOC101930114|FHOD3|JCHAIN|UGT2B17|CLGN|CLU|IL13RA2,PNMAL1|KRTDAP|MMP3|ZIC2|ZNF385B|TFPI2|SUSD5|GPM6A|TRIM59///IFT80|LCTL|ORM2///ORM1|NLRP7|SNORD3D///SNORD3C///SNORD3B-2///SNORD3A///SNORD3B-1|IGLJ3///IGLV@///IGLC1|ZBTB32|SCARA5,0.05829214940450303,0.05724555171785473,0.10593310805957143,0.409798326082622
489,280,146,134,0.1875,BEX2|ACTA1|KCCAT333|LOC105375172|ASMT|LRRN1|XIRP2|DNER|LINC01405|CTAG1A///CTAG1B|CTAG2|SYT17|ASZ1|MYOT|CAMP|FDCSP,TSPAN8|XIST|C3orf80|KLHL13|HLA-DQA1|XK|MAGEA9B///MAGEA9|IGLJ3///IGLV1-44///CKAP2///IGLV@///IGLC1|CA3|LHX8|SAA2-SAA4///SAA2///SAA1|RSPH1|IGK///IGKC|CCL20|SMC3|C7orf57,0.05826528499737111,0.058594712009889284,0.1025048764485027,0.3910054478803129
490,280,146,134,0.1875,MMP3|UMODL1|PNMAL1|RIBC2|SYT17|CXCL8|IGHV3-23///IGHV4-31///IGHM///IGHG3///IGHG1///IGHD///IGHA1///IGH|MMP12|HBB|LOC105372840|LOC102725526///IGHV4-31///IGHM///IGHG3///IGHG2///IGHG1///IGHA2///IGHA1///IGH|MAL2|IGLJ3///IGLV1-44///CKAP2///IGLV@///IGLC1|MUC16|PPBP|LOC283454///HRK,APOD|ZNF257|RIBC2|ZNF385B|CAMP|LOC102724689|CILP|LTF|RPS4Y1|KCNH8|LYPD6B|MFAP4|RGS13|LOC613266|CCR10|TSPAN8,0.05824366642776689,0.056545175245045154,0.12418736383437193,0.4015532544793788
491,280,146,134,0.375,SPIC|TRPM4|SACS-AS1|ZNF711|DNAH8|LOC101929272|MMP20|HTR3A|WFDC21P|RGS13|MMP1|UMODL1|CD24|TCL1A|DNER|C17orf99,FDCSP|RASSF6|LOC613266|LOC101930114|PRAME|FSTL5|WFDC21P|PNMAL1|UGT2B17|SOST|S100A7|C7orf57|ZNF711|PKHD1L1|TCL1B|IGLJ3///IGLV1-44///CKAP2///IGLV@///IGLC1,0.05829119957352128,0.05737659404710081,0.10296723155261188,0.4136690404539154
492,280,146,134,0.1875,BEX2|KCCAT333|PLAC8|MAGEA6|HTR3A|PDZRN4|NMU|RGS13|SPRR1B|SAXO2|SYT17|LOC105372840|XIST|AICDA|LOC283454///HRK|FAM167A-AS1,COL9A3|ORM2///ORM1|PXDNL|FDCSP|MAGEA1|TFPI2|CLIP2|CTAG2|TXLNGY|ANKRD36BP2|SFRP2|SNORD3D///SNORD3C///SNORD3B-2///SNORD3A///SNORD3B-1|CHIT1|LILRA4|TSIX|TUBB2B,0.05826854552906047,0.057192972082328236,0.11132889607162644,0.3982393315332419
493,280,146,134,0.1875,LRRN1|LINC01405|PITX1|KLRC2///KLRC1|MME|DNER|NPIPA5///NPIPB6///NPIPB8///NPIPB3|TCL1A|NLRP7|S100A2|DNAH8|IYD|ICOS|ORM2///ORM1|STXBP6|LGSN,MMP20|ZNF750|OLFM4|CLGN|SULF1|CD74|SOX8|FNDC1|TNFRSF17|FCAMR|FCER2|CAMP|NOL4|MAL2|RAB25|CHRM3-AS2,0.058301159844510585,0.05686731642366771,0.10143655141567656,0.38840320869443246
494,280,146,134,0.25,SYT17|CLIP2|NLRP4|IGHV3-23///IGHV4-31///IGHM///IGHG3///IGHG1///IGHD///IGHA1///IGH|MMP20|MYOCD|MAGEA6|RNF183|LOC613266|EYA2|LOC101929141///CCDC144CP///CCDC144B///CCDC144A|MAGEA6///MAGEA3|BIK|C2CD4A|IGLJ3///IGLV1-44///CKAP2///IGLV@///IGLC1|ASB5,LOC440864///MSH6|KRT6A|CAMP|MMP7|NME8|LRP1B|HLA-DQA1|EML6|AICDA|HTR3A|SOX2-OT|INHBA|UMODL1|LOC101929272|ZNF385B|LOC101927811,0.05832251947195871,0.05668787135541324,0.09589864544602948,0.39963949302950175
495,280,146,134,0.0625,LVRN|PRCAT47|LIN28B|DNAH8|HBB|MUC16|C7orf57|MAGEA4|CILP|KRT5|SPRR3|NME8|DNER|CCL21|LILRA4|TRPM4,CD74|XIST|LINC00996|MMP20|CD5L|NCKAP5|LOC101928173|MIS18BP1|DNAH8|STXBP6|SFTA3|COL11A1|CCL21|LHX8|LOC102724689|FCRL4,0.05825643958665459,0.05839324487350968,0.09591964298324597,0.404857473449531
496,280,146,134,0.3125,MMP13|LOC283454///HRK|NPIPA5///NPIPB6///NPIPB8///NPIPB3|UBASH3A|WFDC21P|IGLJ3///IGLV1-44///CKAP2///IGLV@///IGLC1|GKN1|DNER|ZNF257|LOC102724689|XCL2///XCL1|SI|SPIC|ASB5|EYA2|LRRN1,TCL1A|RSPH1|TPSB2|SOX8|EEF1A2|MAGEB2|ASB5|C17orf99|FCGR3B///FCGR3A|COL10A1|PSMA8|ABCG5|CA3|GTSF1|HIST1H1B|DNAH8,0.05827185080869795,0.05727111039770612,0.11127574046878469,0.4115460298890502
497,280,146,134,0.1875,NME8|PTPN20|FCER2|IGHD|LOC283454///HRK|ASZ1|P2RY12|EEF1A2|EPCAM|HLF|MMP20|FAR2P3///FAR2P2|IGHV1-69|MYOCD|COL11A1|SAXO2,SNX29P1///SNX29P2|GJB6|RPS4Y1|ZNF750|GPAT3|NPY1R|KCCAT333|GPAT2|AICDA|ASMT|RASSF6|HK3|ARL14|SERPINA9|LOC101929272|STXBP6,0.05833618731461079,0.05802582318309586,0.10011851220098991,0.4036005786013265
498,280,146,134,0.25,JCHAIN|BEX2|PRAME|KCCAT333|IGK///IGKC|WFDC21P|HTR3A|RGS13|MUC16|TMEM52B|LILRA4|TNFRSF17|BIK|ZNF883|CSRP3|UMODL1,XIST|UGT2B17|IL22RA2|KLHL13|SMPX|IGLJ3///CKAP2|LOC101930067|LEP|HLF|BEX2|USP9Y|ZYG11A|LOC613266|LINC00877|SNX29P1///SNX29P2|HMCN1,0.058276547289915756,0.05768034022823171,0.10213645632041479,0.3940406211299181
499,280,146,134,0.375,KCCAT333|LOC283454///HRK|FCRL4|RGS13|BTBD16|ASB5|NOL4|UMODL1|NPIPA5///NPIPB6///NPIPB8///NPIPB3|BIK|CCL21|SFTA2|MUC16|LINC01405|KRT13|MYOCD,MAL2|LOC101930415|IGKV1OR2-108|CCL20|CCR10|TCL1A|OVAAL|HLF|LHX8|UMODL1|SYT14|SMC3|XK|TPSB2|S100Z|H2AFB1///H2AFB2///H2AFB3,0.05828692744264341,0.059183030482168164,0.11396304397045173,0.4157803025910666
