fold_i,fold_j,repeat_i,repeat_j,same_repeat,normalized_projector_overlap
1,2,1,1,1,0.6001013684915928
1,3,1,1,1,0.6635248970685146
1,4,1,1,1,0.6288817024601985
1,5,1,1,1,0.5523018542652551
1,6,1,2,0,0.5884102667975594
1,7,1,2,0,0.600882384957654
1,8,1,2,0,0.6375159159111019
1,9,1,2,0,0.6386015016786087
1,10,1,2,0,0.6992500663937173
1,11,1,3,0,0.7037937707659848
1,12,1,3,0,0.6123760125196016
1,13,1,3,0,0.6693726388370218
1,14,1,3,0,0.6021896416346811
1,15,1,3,0,0.6140415716391417
1,16,1,4,0,0.650392553937535
1,17,1,4,0,0.6420185140611434
1,18,1,4,0,0.6468879374942748
1,19,1,4,0,0.620698492103934
1,20,1,4,0,0.6268148739659469
1,21,1,5,0,0.6749364103484045
1,22,1,5,0,0.5997180309757537
1,23,1,5,0,0.6105787317291131
1,24,1,5,0,0.6915061825672197
1,25,1,5,0,0.5918502784737487
1,26,1,6,0,0.6445410024606233
1,27,1,6,0,0.6202808512834663
1,28,1,6,0,0.6576994164985575
1,29,1,6,0,0.6189480616599228
1,30,1,6,0,0.5883731476290818
1,31,1,7,0,0.5919025308466407
1,32,1,7,0,0.6603678747159734
1,33,1,7,0,0.6882106741975027
1,34,1,7,0,0.6610219715685604
1,35,1,7,0,0.5577569084858296
1,36,1,8,0,0.6045548408927883
1,37,1,8,0,0.6330783204742085
1,38,1,8,0,0.6916633013640446
1,39,1,8,0,0.6281208061140064
1,40,1,8,0,0.6471686822841058
1,41,1,9,0,0.6331479554123751
1,42,1,9,0,0.6217734550121976
1,43,1,9,0,0.6437117229629408
1,44,1,9,0,0.677837549295415
1,45,1,9,0,0.618364724643264
1,46,1,10,0,0.5994540375608546
1,47,1,10,0,0.6371854205188168
1,48,1,10,0,0.634385245301654
1,49,1,10,0,0.6268630111738509
1,50,1,10,0,0.6530065359312891
1,51,1,11,0,0.6792966151943067
1,52,1,11,0,0.5635809017998379
1,53,1,11,0,0.644828725290009
1,54,1,11,0,0.6521201946339202
1,55,1,11,0,0.6125042091345992
1,56,1,12,0,0.6115979893375673
1,57,1,12,0,0.6209851282993226
1,58,1,12,0,0.5627991777248594
1,59,1,12,0,0.73387755606283
1,60,1,12,0,0.6609409475805957
1,61,1,13,0,0.6908777079092565
1,62,1,13,0,0.5742961198852901
1,63,1,13,0,0.6333511827954292
1,64,1,13,0,0.6492276754718085
1,65,1,13,0,0.6200920501764101
1,66,1,14,0,0.590434832967951
1,67,1,14,0,0.7346226776513576
1,68,1,14,0,0.6446616574677864
1,69,1,14,0,0.5893300030354984
1,70,1,14,0,0.6580856547841254
1,71,1,15,0,0.5963183737385709
1,72,1,15,0,0.6323737045051796
1,73,1,15,0,0.640280406545626
1,74,1,15,0,0.6801032026172531
1,75,1,15,0,0.6392444616530224
1,76,1,16,0,0.6313911613936003
1,77,1,16,0,0.6048909785441732
1,78,1,16,0,0.6624540452784409
1,79,1,16,0,0.5903785659017875
1,80,1,16,0,0.6758295311666735
1,81,1,17,0,0.5962032097662557
1,82,1,17,0,0.5686257852335819
1,83,1,17,0,0.6226881096686143
1,84,1,17,0,0.6912274525560418
1,85,1,17,0,0.6780601434309496
1,86,1,18,0,0.6687059555349746
1,87,1,18,0,0.5913049983361608
1,88,1,18,0,0.6438661631578181
1,89,1,18,0,0.6688698011228782
1,90,1,18,0,0.6411001008826502
1,91,1,19,0,0.623074062612006
1,92,1,19,0,0.567001471763876
1,93,1,19,0,0.6293693150437587
1,94,1,19,0,0.6754841197262973
1,95,1,19,0,0.6857182350468953
1,96,1,20,0,0.6274941194417355
1,97,1,20,0,0.5682776457188045
1,98,1,20,0,0.6121311640094153
1,99,1,20,0,0.6874080740130192
1,100,1,20,0,0.6753546779962777
2,3,1,1,1,0.7259357774340481
2,4,1,1,1,0.6801825309441322
2,5,1,1,1,0.5995560453437713
2,6,1,2,0,0.7228749752242265
2,7,1,2,0,0.7012934255756511
2,8,1,2,0,0.6662547898998461
2,9,1,2,0,0.6538447793483726
2,10,1,2,0,0.6833952983204945
2,11,1,3,0,0.6230547945240705
2,12,1,3,0,0.686735454736686
2,13,1,3,0,0.7209804455847663
2,14,1,3,0,0.7129053318448311
2,15,1,3,0,0.6857811963069855
2,16,1,4,0,0.6748823245197253
2,17,1,4,0,0.6096230426089022
2,18,1,4,0,0.7731936993948128
2,19,1,4,0,0.6839837499633866
2,20,1,4,0,0.6477138092492362
2,21,1,5,0,0.6543956602140044
2,22,1,5,0,0.744313927665095
2,23,1,5,0,0.7069812471967247
2,24,1,5,0,0.6548613308741904
2,25,1,5,0,0.6385051878269246
2,26,1,6,0,0.6127707416373437
2,27,1,6,0,0.7407962583336727
2,28,1,6,0,0.7097202661754768
2,29,1,6,0,0.6378258045980564
2,30,1,6,0,0.6516139551079614
2,31,1,7,0,0.6427616476104501
2,32,1,7,0,0.6882542641186987
2,33,1,7,0,0.6777391717999595
2,34,1,7,0,0.7048588200995388
2,35,1,7,0,0.6570583310793425
2,36,1,8,0,0.6763199944265197
2,37,1,8,0,0.6818123296411078
2,38,1,8,0,0.7173887391632625
2,39,1,8,0,0.6996625753566332
2,40,1,8,0,0.6437109770615328
2,41,1,9,0,0.6846522689963486
2,42,1,9,0,0.6982906072719779
2,43,1,9,0,0.7545650626640878
2,44,1,9,0,0.5817196675206455
2,45,1,9,0,0.7330527785810146
2,46,1,10,0,0.6625382045877897
2,47,1,10,0,0.702055746126015
2,48,1,10,0,0.6867034845398226
2,49,1,10,0,0.6885426660305212
2,50,1,10,0,0.6826552106058329
2,51,1,11,0,0.6524784904857313
2,52,1,11,0,0.7079556328234335
2,53,1,11,0,0.7032623065935215
2,54,1,11,0,0.6766438914976912
2,55,1,11,0,0.6551325155784667
2,56,1,12,0,0.6260443760598928
2,57,1,12,0,0.7000766186017362
2,58,1,12,0,0.6557437289223991
2,59,1,12,0,0.7071625960606345
2,60,1,12,0,0.6629139023839463
2,61,1,13,0,0.6518993369713821
2,62,1,13,0,0.6737933862131886
2,63,1,13,0,0.6399571434405318
2,64,1,13,0,0.7271182987201439
2,65,1,13,0,0.704036912198975
2,66,1,14,0,0.6978553222044144
2,67,1,14,0,0.714900914251686
2,68,1,14,0,0.6946602556062336
2,69,1,14,0,0.6178108005358971
2,70,1,14,0,0.6691500351989598
2,71,1,15,0,0.6374458254168824
2,72,1,15,0,0.6988452394917619
2,73,1,15,0,0.7214953738667262
2,74,1,15,0,0.6837421416417251
2,75,1,15,0,0.6681792216190385
2,76,1,16,0,0.718761924643385
2,77,1,16,0,0.6338474825414118
2,78,1,16,0,0.6865853014152254
2,79,1,16,0,0.6408699768672954
2,80,1,16,0,0.6433938599269147
2,81,1,17,0,0.6916431896955502
2,82,1,17,0,0.7165114619117697
2,83,1,17,0,0.7189608988813935
2,84,1,17,0,0.6566245429303015
2,85,1,17,0,0.7114576809462019
2,86,1,18,0,0.6614016522598507
2,87,1,18,0,0.6701623113054278
2,88,1,18,0,0.7012571210285825
2,89,1,18,0,0.732927741471466
2,90,1,18,0,0.693868379695902
2,91,1,19,0,0.7073065752623493
2,92,1,19,0,0.6840336753124272
2,93,1,19,0,0.6820846279824415
2,94,1,19,0,0.6505889035619289
2,95,1,19,0,0.6398183478639553
2,96,1,20,0,0.644900888841645
2,97,1,20,0,0.7224118094950331
2,98,1,20,0,0.7263172909479698
2,99,1,20,0,0.6691919121656316
2,100,1,20,0,0.6418530141866372
3,4,1,1,1,0.7199934544097439
3,5,1,1,1,0.6025558580250301
3,6,1,2,0,0.7066898804993439
3,7,1,2,0,0.6976484887003502
3,8,1,2,0,0.7190081318780404
3,9,1,2,0,0.6163350477402809
3,10,1,2,0,0.7450037056337319
3,11,1,3,0,0.6916073605263859
3,12,1,3,0,0.6940466633192766
3,13,1,3,0,0.7025566197164759
3,14,1,3,0,0.7444317312255546
3,15,1,3,0,0.7121563292848552
3,16,1,4,0,0.7046899992011353
3,17,1,4,0,0.606118056906958
3,18,1,4,0,0.7149319401955763
3,19,1,4,0,0.7922182175354404
3,20,1,4,0,0.6990306953835093
3,21,1,5,0,0.6901087035208346
3,22,1,5,0,0.6982021598163362
3,23,1,5,0,0.807201255081647
3,24,1,5,0,0.7045062415968191
3,25,1,5,0,0.6258020368055106
3,26,1,6,0,0.6613353705908365
3,27,1,6,0,0.7448318356676196
3,28,1,6,0,0.7915290878083604
3,29,1,6,0,0.7105828563202748
3,30,1,6,0,0.6413396361995504
3,31,1,7,0,0.7087414248487162
3,32,1,7,0,0.722192279710415
3,33,1,7,0,0.6829795472785289
3,34,1,7,0,0.7343175864635907
3,35,1,7,0,0.6765656458925808
3,36,1,8,0,0.7036742451964515
3,37,1,8,0,0.7248333493457084
3,38,1,8,0,0.7472964525123957
3,39,1,8,0,0.7151231937514613
3,40,1,8,0,0.6935830456424724
3,41,1,9,0,0.731024047345538
3,42,1,9,0,0.7675181370981341
3,43,1,9,0,0.7255661871631531
3,44,1,9,0,0.6277191210267625
3,45,1,9,0,0.7338675296464063
3,46,1,10,0,0.7320010877416087
3,47,1,10,0,0.7006906315991628
3,48,1,10,0,0.6860003673476611
3,49,1,10,0,0.6736213417489305
3,50,1,10,0,0.7130746703391513
3,51,1,11,0,0.7591133204795932
3,52,1,11,0,0.6582288082530188
3,53,1,11,0,0.7171425208448386
3,54,1,11,0,0.7576399601129269
3,55,1,11,0,0.6469213071996222
3,56,1,12,0,0.775037905860314
3,57,1,12,0,0.7357425468637526
3,58,1,12,0,0.593175481148079
3,59,1,12,0,0.7531341571760902
3,60,1,12,0,0.6997190562458203
3,61,1,13,0,0.6807950027868035
3,62,1,13,0,0.6839747017829574
3,63,1,13,0,0.6724175914843618
3,64,1,13,0,0.7383803355336929
3,65,1,13,0,0.7136385260709506
3,66,1,14,0,0.8184141023787866
3,67,1,14,0,0.7193993431414687
3,68,1,14,0,0.7090584425647648
3,69,1,14,0,0.7051343055882515
3,70,1,14,0,0.6444111142031226
3,71,1,15,0,0.7170962966451169
3,72,1,15,0,0.7522810974847322
3,73,1,15,0,0.695716301721835
3,74,1,15,0,0.6865521296798911
3,75,1,15,0,0.6838675502158542
3,76,1,16,0,0.7085011078510941
3,77,1,16,0,0.6903741977999891
3,78,1,16,0,0.7286588505953453
3,79,1,16,0,0.6803134143881152
3,80,1,16,0,0.7084060123940665
3,81,1,17,0,0.7316274005353921
3,82,1,17,0,0.7045498736213132
3,83,1,17,0,0.808277471303166
3,84,1,17,0,0.6761305789300164
3,85,1,17,0,0.6990641582654658
3,86,1,18,0,0.619290613348491
3,87,1,18,0,0.6857846207141596
3,88,1,18,0,0.6688156675702036
3,89,1,18,0,0.7706136370018389
3,90,1,18,0,0.8329334507666992
3,91,1,19,0,0.7574668476107222
3,92,1,19,0,0.6511463341486382
3,93,1,19,0,0.7216015401327551
3,94,1,19,0,0.6738923326276745
3,95,1,19,0,0.7468599202376438
3,96,1,20,0,0.7501338308264598
3,97,1,20,0,0.6468354762395832
3,98,1,20,0,0.7242496263140615
3,99,1,20,0,0.7285099601258576
3,100,1,20,0,0.6856025697495592
4,5,1,1,1,0.6157121836872341
4,6,1,2,0,0.6803732520230414
4,7,1,2,0,0.7359254509929896
4,8,1,2,0,0.6744050848689691
4,9,1,2,0,0.5697922597507821
4,10,1,2,0,0.7581364684434471
4,11,1,3,0,0.6701827123483406
4,12,1,3,0,0.6993401696900319
4,13,1,3,0,0.6643690704145951
4,14,1,3,0,0.6911687903498137
4,15,1,3,0,0.70546468232
4,16,1,4,0,0.7361691097877721
4,17,1,4,0,0.549089098455468
4,18,1,4,0,0.7184569637729942
4,19,1,4,0,0.7051175920829837
4,20,1,4,0,0.7483300185227093
4,21,1,5,0,0.6974555981033281
4,22,1,5,0,0.6633947262653106
4,23,1,5,0,0.7375994687519726
4,24,1,5,0,0.6553034708539673
4,25,1,5,0,0.7388200481719824
4,26,1,6,0,0.7114206258707901
4,27,1,6,0,0.654733723478474
4,28,1,6,0,0.7199091269078292
4,29,1,6,0,0.6804596430340416
4,30,1,6,0,0.6488417163063356
4,31,1,7,0,0.6608899875957572
4,32,1,7,0,0.7149377523875169
4,33,1,7,0,0.6333168556354815
4,34,1,7,0,0.7911360594483143
4,35,1,7,0,0.6244551892122356
4,36,1,8,0,0.7049242755580919
4,37,1,8,0,0.7116662094548303
4,38,1,8,0,0.7634867716521071
4,39,1,8,0,0.6594385363658581
4,40,1,8,0,0.641901987325808
4,41,1,9,0,0.7115547822756569
4,42,1,9,0,0.7276440905878132
4,43,1,9,0,0.7025322070199094
4,44,1,9,0,0.6892210728889889
4,45,1,9,0,0.6581677167211777
4,46,1,10,0,0.6761676241467802
4,47,1,10,0,0.6720714782219593
4,48,1,10,0,0.7384780721713671
4,49,1,10,0,0.6579921048334918
4,50,1,10,0,0.684703317047297
4,51,1,11,0,0.6359830965118998
4,52,1,11,0,0.6701324099830133
4,53,1,11,0,0.7169808194586521
4,54,1,11,0,0.7301599469581775
4,55,1,11,0,0.6864417908537461
4,56,1,12,0,0.6990279704148517
4,57,1,12,0,0.7377019135892511
4,58,1,12,0,0.5505011770262844
4,59,1,12,0,0.7619327702088201
4,60,1,12,0,0.6851295741614127
4,61,1,13,0,0.700956549409145
4,62,1,13,0,0.6895512460721261
4,63,1,13,0,0.5913046410464229
4,64,1,13,0,0.7635022593099363
4,65,1,13,0,0.6761292950317837
4,66,1,14,0,0.6773402878614696
4,67,1,14,0,0.6894522697733885
4,68,1,14,0,0.6981648650900552
4,69,1,14,0,0.7013669612925106
4,70,1,14,0,0.6935315749675006
4,71,1,15,0,0.6372302367717736
4,72,1,15,0,0.6819837963945574
4,73,1,15,0,0.6918953944484749
4,74,1,15,0,0.7111369911722083
4,75,1,15,0,0.6919940522084321
4,76,1,16,0,0.6595010370056591
4,77,1,16,0,0.6721547585401476
4,78,1,16,0,0.7401450822766137
4,79,1,16,0,0.634807685880811
4,80,1,16,0,0.6762031736387784
4,81,1,17,0,0.6728825447291458
4,82,1,17,0,0.6635760945798511
4,83,1,17,0,0.7632256125394385
4,84,1,17,0,0.7075608382393346
4,85,1,17,0,0.6814756313636122
4,86,1,18,0,0.6837324808289102
4,87,1,18,0,0.7644517663293715
4,88,1,18,0,0.657546187717261
4,89,1,18,0,0.7027816208651606
4,90,1,18,0,0.6776208419582401
4,91,1,19,0,0.6884522262291177
4,92,1,19,0,0.6113419804944917
4,93,1,19,0,0.7413699265993983
4,94,1,19,0,0.7388937227661796
4,95,1,19,0,0.6788353695382408
4,96,1,20,0,0.6940214360337693
4,97,1,20,0,0.6135973434570451
4,98,1,20,0,0.7210531638318333
4,99,1,20,0,0.7385492933584131
4,100,1,20,0,0.7180325912751091
5,6,1,2,0,0.5667729987183705
5,7,1,2,0,0.6935031926358513
5,8,1,2,0,0.6597118336587533
5,9,1,2,0,0.6099325657234127
5,10,1,2,0,0.6425958783402579
5,11,1,3,0,0.5567373674399723
5,12,1,3,0,0.6989006771276215
5,13,1,3,0,0.6447763828423332
5,14,1,3,0,0.6226844279236774
5,15,1,3,0,0.6219391119081561
5,16,1,4,0,0.6550791613062132
5,17,1,4,0,0.5816399255221358
5,18,1,4,0,0.6294147452943509
5,19,1,4,0,0.6259775784632061
5,20,1,4,0,0.6184103526274403
5,21,1,5,0,0.691947332468855
5,22,1,5,0,0.5884881088663567
5,23,1,5,0,0.6534402579491344
5,24,1,5,0,0.6304343768230671
5,25,1,5,0,0.6169617516557263
5,26,1,6,0,0.6507912244099823
5,27,1,6,0,0.6464189077453176
5,28,1,6,0,0.6159552462311412
5,29,1,6,0,0.6178589404991494
5,30,1,6,0,0.5897576193423868
5,31,1,7,0,0.6156863416781511
5,32,1,7,0,0.5844041472029633
5,33,1,7,0,0.6057823154725499
5,34,1,7,0,0.6534251590635742
5,35,1,7,0,0.716545069335949
5,36,1,8,0,0.6086495535221945
5,37,1,8,0,0.6341549566367681
5,38,1,8,0,0.6141921310816949
5,39,1,8,0,0.6228870017884668
5,40,1,8,0,0.6805162359211111
5,41,1,9,0,0.6150106198552907
5,42,1,9,0,0.6499557500883891
5,43,1,9,0,0.6380978575392071
5,44,1,9,0,0.5831059320205146
5,45,1,9,0,0.6646060355239243
5,46,1,10,0,0.6335915418043454
5,47,1,10,0,0.6520126564923034
5,48,1,10,0,0.6423426767292997
5,49,1,10,0,0.6669338855815226
5,50,1,10,0,0.5771229281056163
5,51,1,11,0,0.5816241051018385
5,52,1,11,0,0.6153372624360234
5,53,1,11,0,0.6575000600950424
5,54,1,11,0,0.6817092902480351
5,55,1,11,0,0.6188373367679557
5,56,1,12,0,0.6638663804805669
5,57,1,12,0,0.6412595821649598
5,58,1,12,0,0.5703484446672293
5,59,1,12,0,0.5989498425094769
5,60,1,12,0,0.6273244818136969
5,61,1,13,0,0.6077914725812243
5,62,1,13,0,0.6475309122199329
5,63,1,13,0,0.5958595966897744
5,64,1,13,0,0.6438795022692909
5,65,1,13,0,0.6480624683653733
5,66,1,14,0,0.6482711899268918
5,67,1,14,0,0.5990882840350895
5,68,1,14,0,0.669385159483687
5,69,1,14,0,0.6558134577154217
5,70,1,14,0,0.6185087806970511
5,71,1,15,0,0.6185609049119547
5,72,1,15,0,0.6512131380669717
5,73,1,15,0,0.6276516034138955
5,74,1,15,0,0.6017520338653214
5,75,1,15,0,0.6244279972796306
5,76,1,16,0,0.572868647174401
5,77,1,16,0,0.6737102704516355
5,78,1,16,0,0.6783943176680334
5,79,1,16,0,0.6613689112687697
5,80,1,16,0,0.6297455924516547
5,81,1,17,0,0.6528287561210575
5,82,1,17,0,0.6595377565869036
5,83,1,17,0,0.6654641401242576
5,84,1,17,0,0.5945725440478312
5,85,1,17,0,0.6064953136621024
5,86,1,18,0,0.609586027147714
5,87,1,18,0,0.6840239491274426
5,88,1,18,0,0.7192338633121415
5,89,1,18,0,0.5863267031927064
5,90,1,18,0,0.5852679373062295
5,91,1,19,0,0.560097145236734
5,92,1,19,0,0.6481682459949973
5,93,1,19,0,0.6463625160805716
5,94,1,19,0,0.5794146489213916
5,95,1,19,0,0.6855139388047566
5,96,1,20,0,0.5788758187971689
5,97,1,20,0,0.6816712515936025
5,98,1,20,0,0.719454571712774
5,99,1,20,0,0.6155223629178777
5,100,1,20,0,0.6162950590131993
6,7,2,2,1,0.632753554700791
6,8,2,2,1,0.6230284984583272
6,9,2,2,1,0.5346718992124951
6,10,2,2,1,0.6307031470509326
6,11,2,3,0,0.614760136113548
6,12,2,3,0,0.6653727019244944
6,13,2,3,0,0.6725136662927658
6,14,2,3,0,0.6749002587351911
6,15,2,3,0,0.6543343695172718
6,16,2,4,0,0.6841726143711613
6,17,2,4,0,0.5522971846963355
6,18,2,4,0,0.7111440347675004
6,19,2,4,0,0.6646767483634578
6,20,2,4,0,0.6035649487541593
6,21,2,5,0,0.6392336648003132
6,22,2,5,0,0.6863064743478701
6,23,2,5,0,0.6880226325983709
6,24,2,5,0,0.6150533353410633
6,25,2,5,0,0.650463163391416
6,26,2,6,0,0.5912687510884806
6,27,2,6,0,0.6867815402406634
6,28,2,6,0,0.6934470567273006
6,29,2,6,0,0.6893343128152523
6,30,2,6,0,0.588832445472111
6,31,2,7,0,0.6902648139980856
6,32,2,7,0,0.6724739268408813
6,33,2,7,0,0.6059410329486766
6,34,2,7,0,0.6219943554080021
6,35,2,7,0,0.6353887079086007
6,36,2,8,0,0.636701724194595
6,37,2,8,0,0.693727660091233
6,38,2,8,0,0.7160586254232143
6,39,2,8,0,0.644892195015715
6,40,2,8,0,0.5985817010483461
6,41,2,9,0,0.7288470725555424
6,42,2,9,0,0.6838790018266622
6,43,2,9,0,0.6841478498167789
6,44,2,9,0,0.5735380398413064
6,45,2,9,0,0.6271747010031995
6,46,2,10,0,0.6440870915944983
6,47,2,10,0,0.6859209077902472
6,48,2,10,0,0.6747009304634319
6,49,2,10,0,0.6204851695839758
6,50,2,10,0,0.6417504327024712
6,51,2,11,0,0.6642951450902979
6,52,2,11,0,0.6870999987508897
6,53,2,11,0,0.6427885814324823
6,54,2,11,0,0.6386757342122709
6,55,2,11,0,0.6233845988488136
6,56,2,12,0,0.6170052250603609
6,57,2,12,0,0.6631670567356752
6,58,2,12,0,0.5673888466839951
6,59,2,12,0,0.6993835646171633
6,60,2,12,0,0.6374934642348369
6,61,2,13,0,0.6487092087856001
6,62,2,13,0,0.6537806904286452
6,63,2,13,0,0.6167737222578616
6,64,2,13,0,0.653836076156452
6,65,2,13,0,0.6755230386946278
6,66,2,14,0,0.6818379910101767
6,67,2,14,0,0.6481082799669438
6,68,2,14,0,0.676051976441129
6,69,2,14,0,0.6351311654201667
6,70,2,14,0,0.6266028999188369
6,71,2,15,0,0.6696906135068769
6,72,2,15,0,0.6563135260513424
6,73,2,15,0,0.6922909118480851
6,74,2,15,0,0.5910964345884696
6,75,2,15,0,0.6556805429184145
6,76,2,16,0,0.6317636440264316
6,77,2,16,0,0.6316824623808917
6,78,2,16,0,0.6487441518225809
6,79,2,16,0,0.7095521418029918
6,80,2,16,0,0.6301101640015085
6,81,2,17,0,0.6714135500382383
6,82,2,17,0,0.6760846136469267
6,83,2,17,0,0.6890109050015537
6,84,2,17,0,0.5867994772191242
6,85,2,17,0,0.7037100120145346
6,86,2,18,0,0.5791407114380468
6,87,2,18,0,0.6568917791580764
6,88,2,18,0,0.6308766639418819
6,89,2,18,0,0.7090267740405369
6,90,2,18,0,0.7162792924525643
6,91,2,19,0,0.6809359103557104
6,92,2,19,0,0.6291666122548687
6,93,2,19,0,0.6213512821517206
6,94,2,19,0,0.6696387389687046
6,95,2,19,0,0.6273504006905637
6,96,2,20,0,0.6640143605289728
6,97,2,20,0,0.6493957353037266
6,98,2,20,0,0.6324390540777097
6,99,2,20,0,0.6380091119695485
6,100,2,20,0,0.6534222720151064
7,8,2,2,1,0.6542692729626032
7,9,2,2,1,0.5715815098344976
7,10,2,2,1,0.6835240458222079
7,11,2,3,0,0.6776476282606729
7,12,2,3,0,0.672986683459537
7,13,2,3,0,0.6744559900157306
7,14,2,3,0,0.7080331542864107
7,15,2,3,0,0.676406273788265
7,16,2,4,0,0.7285561888753049
7,17,2,4,0,0.5909699091496722
7,18,2,4,0,0.6561174340886831
7,19,2,4,0,0.6696044803920218
7,20,2,4,0,0.7193084061849899
7,21,2,5,0,0.6926020191721131
7,22,2,5,0,0.676841518649456
7,23,2,5,0,0.6833140057860568
7,24,2,5,0,0.6445828280723407
7,25,2,5,0,0.7050482374080721
7,26,2,6,0,0.6958551387820813
7,27,2,6,0,0.6276959471045548
7,28,2,6,0,0.7025040090748829
7,29,2,6,0,0.778920233083167
7,30,2,6,0,0.6028170885310662
7,31,2,7,0,0.6685058259732974
7,32,2,7,0,0.6762033654384909
7,33,2,7,0,0.6470028895083118
7,34,2,7,0,0.7032734604380569
7,35,2,7,0,0.7074412148802122
7,36,2,8,0,0.7116234830742625
7,37,2,8,0,0.6938800912760791
7,38,2,8,0,0.6840252350346497
7,39,2,8,0,0.6862149740766048
7,40,2,8,0,0.6552614907301451
7,41,2,9,0,0.6553826052885863
7,42,2,9,0,0.738142084552207
7,43,2,9,0,0.6980612884754868
7,44,2,9,0,0.616127250383091
7,45,2,9,0,0.7077698009816473
7,46,2,10,0,0.7226610922634584
7,47,2,10,0,0.6609868139946105
7,48,2,10,0,0.6761957758539419
7,49,2,10,0,0.68177141468027
7,50,2,10,0,0.679934246893909
7,51,2,11,0,0.6284964096628287
7,52,2,11,0,0.6065125587729908
7,53,2,11,0,0.7014155310495448
7,54,2,11,0,0.7053279325234773
7,55,2,11,0,0.7529736886052082
7,56,2,12,0,0.6582542179489289
7,57,2,12,0,0.7177308499509141
7,58,2,12,0,0.5461651645068273
7,59,2,12,0,0.7259551440850367
7,60,2,12,0,0.6882630609643708
7,61,2,13,0,0.679495124769014
7,62,2,13,0,0.6980475304882674
7,63,2,13,0,0.6238191303729019
7,64,2,13,0,0.7105467170950223
7,65,2,13,0,0.700604179909176
7,66,2,14,0,0.6841426962814317
7,67,2,14,0,0.6188232948636677
7,68,2,14,0,0.643943849230769
7,69,2,14,0,0.7424076118408811
7,70,2,14,0,0.6591458001511663
7,71,2,15,0,0.6262076557389566
7,72,2,15,0,0.7260482867966177
7,73,2,15,0,0.6799157879433859
7,74,2,15,0,0.6438493474817294
7,75,2,15,0,0.7314149303349318
7,76,2,16,0,0.6617489953400952
7,77,2,16,0,0.6576668098882852
7,78,2,16,0,0.7053521041327739
7,79,2,16,0,0.6959728291857699
7,80,2,16,0,0.635239460475542
7,81,2,17,0,0.6641879398090209
7,82,2,17,0,0.7734185980118301
7,83,2,17,0,0.7339253095779689
7,84,2,17,0,0.6474377210514575
7,85,2,17,0,0.6385041267329583
7,86,2,18,0,0.6563830135337112
7,87,2,18,0,0.7237724269521914
7,88,2,18,0,0.7141250583773743
7,89,2,18,0,0.649482468289781
7,90,2,18,0,0.6829469859868489
7,91,2,19,0,0.6275692633904234
7,92,2,19,0,0.618053997576214
7,93,2,19,0,0.6787948034841178
7,94,2,19,0,0.709536948142371
7,95,2,19,0,0.7456543503185671
7,96,2,20,0,0.6555498355937741
7,97,2,20,0,0.6050694401862546
7,98,2,20,0,0.7563311780595318
7,99,2,20,0,0.689152687084245
7,100,2,20,0,0.7055395242795542
8,9,2,2,1,0.5741660502385753
8,10,2,2,1,0.6374386204696181
8,11,2,3,0,0.652737079484102
8,12,2,3,0,0.7027293482958916
8,13,2,3,0,0.7284862097568277
8,14,2,3,0,0.6520503489026719
8,15,2,3,0,0.6299583087224714
8,16,2,4,0,0.6997851797217858
8,17,2,4,0,0.5867156355811659
8,18,2,4,0,0.7015508848890829
8,19,2,4,0,0.6955960753601634
8,20,2,4,0,0.6553688174661192
8,21,2,5,0,0.6593868883216456
8,22,2,5,0,0.6613196124352001
8,23,2,5,0,0.7049073140107462
8,24,2,5,0,0.6564103184666161
8,25,2,5,0,0.6643336664640325
8,26,2,6,0,0.6271569854826389
8,27,2,6,0,0.7067936115699271
8,28,2,6,0,0.7344201052988727
8,29,2,6,0,0.6157619020406029
8,30,2,6,0,0.7102775727215955
8,31,2,7,0,0.6966250580680993
8,32,2,7,0,0.6999734989950481
8,33,2,7,0,0.6226756331698501
8,34,2,7,0,0.6737009663287888
8,35,2,7,0,0.6497427447483046
8,36,2,8,0,0.6600009998281919
8,37,2,8,0,0.6493663905373049
8,38,2,8,0,0.6593745997286155
8,39,2,8,0,0.666350172641074
8,40,2,8,0,0.7364037689606338
8,41,2,9,0,0.6652215132489039
8,42,2,9,0,0.7049781497267236
8,43,2,9,0,0.6413621174594022
8,44,2,9,0,0.6537490831772541
8,45,2,9,0,0.7077066159737202
8,46,2,10,0,0.6982515688932919
8,47,2,10,0,0.6740904300922023
8,48,2,10,0,0.7332633855418522
8,49,2,10,0,0.6696377127640771
8,50,2,10,0,0.622773760089473
8,51,2,11,0,0.6514479631741028
8,52,2,11,0,0.7040353052473429
8,53,2,11,0,0.6924211844454913
8,54,2,11,0,0.7761402324132902
8,55,2,11,0,0.5970627979279735
8,56,2,12,0,0.691559043059138
8,57,2,12,0,0.6471136370897106
8,58,2,12,0,0.6273465454173157
8,59,2,12,0,0.6573332973700918
8,60,2,12,0,0.6495011707524719
8,61,2,13,0,0.712292716095565
8,62,2,13,0,0.7212461785603661
8,63,2,13,0,0.6313699262889647
8,64,2,13,0,0.6871912089488027
8,65,2,13,0,0.666672008971276
8,66,2,14,0,0.6784025795992856
8,67,2,14,0,0.6629281030109417
8,68,2,14,0,0.806660666336465
8,69,2,14,0,0.5998077428172304
8,70,2,14,0,0.6097818306619265
8,71,2,15,0,0.7345255957778919
8,72,2,15,0,0.6426338402010949
8,73,2,15,0,0.6869048947998725
8,74,2,15,0,0.6810245281797944
8,75,2,15,0,0.6286255723666196
8,76,2,16,0,0.6504690797378061
8,77,2,16,0,0.7835442485869648
8,78,2,16,0,0.6520456889259618
8,79,2,16,0,0.6003912987897317
8,80,2,16,0,0.722366191105615
8,81,2,17,0,0.6448536193352365
8,82,2,17,0,0.6464955296710602
8,83,2,17,0,0.7517825329969695
8,84,2,17,0,0.6089863229297392
8,85,2,17,0,0.7097562237892144
8,86,2,18,0,0.6446032956158856
8,87,2,18,0,0.6474591100804495
8,88,2,18,0,0.7052770382099587
8,89,2,18,0,0.6801408047298243
8,90,2,18,0,0.6948821831014669
8,91,2,19,0,0.6958360306816713
8,92,2,19,0,0.6794882567565732
8,93,2,19,0,0.6926545539033029
8,94,2,19,0,0.6231475636686625
8,95,2,19,0,0.7125394045974298
8,96,2,20,0,0.6562219973168886
8,97,2,20,0,0.6444198787580602
8,98,2,20,0,0.7069658117471412
8,99,2,20,0,0.7098954066463583
8,100,2,20,0,0.6447992027323975
9,10,2,2,1,0.5522796926252578
9,11,2,3,0,0.5902517687652844
9,12,2,3,0,0.6377498017833472
9,13,2,3,0,0.6323536915949259
9,14,2,3,0,0.6091433962785859
9,15,2,3,0,0.5690324283743018
9,16,2,4,0,0.5767591791828053
9,17,2,4,0,0.6357931419099343
9,18,2,4,0,0.6276882655255712
9,19,2,4,0,0.5526017991420602
9,20,2,4,0,0.632715778240657
9,21,2,5,0,0.6257687574101674
9,22,2,5,0,0.6145737238000565
9,23,2,5,0,0.6025196438077766
9,24,2,5,0,0.6332438759362422
9,25,2,5,0,0.5635218993197564
9,26,2,6,0,0.6645729977406238
9,27,2,6,0,0.6377540236520107
9,28,2,6,0,0.5607030339565549
9,29,2,6,0,0.5669303238979084
9,30,2,6,0,0.6087671273100338
9,31,2,7,0,0.5716524450843994
9,32,2,7,0,0.6149609961002263
9,33,2,7,0,0.7072597500568261
9,34,2,7,0,0.5694464438463555
9,35,2,7,0,0.584964670733877
9,36,2,8,0,0.5856993226172651
9,37,2,8,0,0.6093599469743332
9,38,2,8,0,0.5773403402813642
9,39,2,8,0,0.6228078381004384
9,40,2,8,0,0.6415423443072005
9,41,2,9,0,0.5779138667410931
9,42,2,9,0,0.5572720643161776
9,43,2,9,0,0.6832864394404994
9,44,2,9,0,0.6211978796769194
9,45,2,9,0,0.6465779634027856
9,46,2,10,0,0.5450460026118453
9,47,2,10,0,0.6658583217766678
9,48,2,10,0,0.5463294216817894
9,49,2,10,0,0.6066525702660345
9,50,2,10,0,0.6536805182455363
9,51,2,11,0,0.6239780696368531
9,52,2,11,0,0.6273267772918107
9,53,2,11,0,0.6606646578635751
9,54,2,11,0,0.5711702631532283
9,55,2,11,0,0.5344499619991436
9,56,2,12,0,0.5673217851377264
9,57,2,12,0,0.6420545808588378
9,58,2,12,0,0.6737308238754056
9,59,2,12,0,0.5630064889929669
9,60,2,12,0,0.5945270408530535
9,61,2,13,0,0.5803026318005954
9,62,2,13,0,0.5499498218249215
9,63,2,13,0,0.6655331496816959
9,64,2,13,0,0.6398832737572975
9,65,2,13,0,0.5966753928741487
9,66,2,14,0,0.560237258106278
9,67,2,14,0,0.6895032603705236
9,68,2,14,0,0.6157292912479571
9,69,2,14,0,0.5653519340890527
9,70,2,14,0,0.5847493168761844
9,71,2,15,0,0.5563210278672885
9,72,2,15,0,0.5794542486077779
9,73,2,15,0,0.6093012660657067
9,74,2,15,0,0.6560400703402606
9,75,2,15,0,0.5980120617261324
9,76,2,16,0,0.6775735569348535
9,77,2,16,0,0.5928645104017969
9,78,2,16,0,0.619576777328557
9,79,2,16,0,0.5444309084278067
9,80,2,16,0,0.5734978072767594
9,81,2,17,0,0.6400092396174963
9,82,2,17,0,0.5671272214949981
9,83,2,17,0,0.6025041277816754
9,84,2,17,0,0.6665357959655382
9,85,2,17,0,0.5894746147194762
9,86,2,18,0,0.653563652375084
9,87,2,18,0,0.5592570194887697
9,88,2,18,0,0.6685621704836948
9,89,2,18,0,0.5736422733831362
9,90,2,18,0,0.5601795659012838
9,91,2,19,0,0.584263881115756
9,92,2,19,0,0.588330252210864
9,93,2,19,0,0.6151120548210919
9,94,2,19,0,0.5980655047962322
9,95,2,19,0,0.5982926938211145
9,96,2,20,0,0.5837911358871708
9,97,2,20,0,0.6611710462057196
9,98,2,20,0,0.5865960319465562
9,99,2,20,0,0.5723124054862818
9,100,2,20,0,0.6276644066761238
10,11,2,3,0,0.6579488131597251
10,12,2,3,0,0.6325727873786359
10,13,2,3,0,0.7057325626650743
10,14,2,3,0,0.698025261018546
10,15,2,3,0,0.7535305341770231
10,16,2,4,0,0.6966052916876668
10,17,2,4,0,0.5834269715803548
10,18,2,4,0,0.7105072544449418
10,19,2,4,0,0.7726194780164084
10,20,2,4,0,0.6961819045095681
10,21,2,5,0,0.7356023944499016
10,22,2,5,0,0.6537367997972016
10,23,2,5,0,0.7320703134103979
10,24,2,5,0,0.676585020786735
10,25,2,5,0,0.6356075482964569
10,26,2,6,0,0.6802416705417644
10,27,2,6,0,0.6829281713117586
10,28,2,6,0,0.7608287902766231
10,29,2,6,0,0.6875963370863709
10,30,2,6,0,0.6186007776544417
10,31,2,7,0,0.6357153154939219
10,32,2,7,0,0.690953904942023
10,33,2,7,0,0.6487272928777259
10,34,2,7,0,0.867318403636088
10,35,2,7,0,0.6257723978890861
10,36,2,8,0,0.6597891962219538
10,37,2,8,0,0.7292166311637174
10,38,2,8,0,0.7723698278698089
10,39,2,8,0,0.6319048601048357
10,40,2,8,0,0.6259184192405581
10,41,2,9,0,0.6922528778383573
10,42,2,9,0,0.7303083807594625
10,43,2,9,0,0.7106525537094697
10,44,2,9,0,0.6478106616463648
10,45,2,9,0,0.6495403882272064
10,46,2,10,0,0.6935503856499976
10,47,2,10,0,0.6550086196035316
10,48,2,10,0,0.7202833825993654
10,49,2,10,0,0.7069906501418847
10,50,2,10,0,0.6406373586121968
10,51,2,11,0,0.6753829344675851
10,52,2,11,0,0.6075755951369513
10,53,2,11,0,0.6911318722640261
10,54,2,11,0,0.7625268651362332
10,55,2,11,0,0.6793612291661609
10,56,2,12,0,0.7392559740073417
10,57,2,12,0,0.6808601037860486
10,58,2,12,0,0.5280594535561784
10,59,2,12,0,0.848807779056052
10,60,2,12,0,0.6745411549522904
10,61,2,13,0,0.6973858555145501
10,62,2,13,0,0.6423630318229308
10,63,2,13,0,0.6182353790730759
10,64,2,13,0,0.7372143403614015
10,65,2,13,0,0.6888085603472383
10,66,2,14,0,0.7126256329151095
10,67,2,14,0,0.6967897465713131
10,68,2,14,0,0.686874030478763
10,69,2,14,0,0.6963168448868338
10,70,2,14,0,0.6929651427974581
10,71,2,15,0,0.586481910280565
10,72,2,15,0,0.705542710495551
10,73,2,15,0,0.6782689366021418
10,74,2,15,0,0.7224551611226151
10,75,2,15,0,0.7027105885373013
10,76,2,16,0,0.6411969844287164
10,77,2,16,0,0.6356007499620298
10,78,2,16,0,0.7595393576560803
10,79,2,16,0,0.6371835286314591
10,80,2,16,0,0.7505891174958353
10,81,2,17,0,0.6772156012351377
10,82,2,17,0,0.651711735248639
10,83,2,17,0,0.7291362223928834
10,84,2,17,0,0.7606202740382206
10,85,2,17,0,0.6438031304647519
10,86,2,18,0,0.6272168348487097
10,87,2,18,0,0.7352146014576151
10,88,2,18,0,0.6517689598788212
10,89,2,18,0,0.7218975559425518
10,90,2,18,0,0.6851348599582459
10,91,2,19,0,0.6615333584561449
10,92,2,19,0,0.6524089287809633
10,93,2,19,0,0.7376963004818206
10,94,2,19,0,0.7147111755708345
10,95,2,19,0,0.6837517904495374
10,96,2,20,0,0.7320009445175498
10,97,2,20,0,0.6121393905660957
10,98,2,20,0,0.7229353075767283
10,99,2,20,0,0.777205997585027
10,100,2,20,0,0.6334785872040158
11,12,3,3,1,0.583310597183406
11,13,3,3,1,0.6193576447665989
11,14,3,3,1,0.6161224344365245
11,15,3,3,1,0.6198363089121304
11,16,3,4,0,0.6409320619114363
11,17,3,4,0,0.6069508191208819
11,18,3,4,0,0.6585997149228342
11,19,3,4,0,0.6758259269536095
11,20,3,4,0,0.6488123153400843
11,21,3,5,0,0.6466255741653462
11,22,3,5,0,0.5975328279805614
11,23,3,5,0,0.6589387945342812
11,24,3,5,0,0.7131357708921241
11,25,3,5,0,0.613537555978945
11,26,3,6,0,0.697929396545828
11,27,3,6,0,0.6095689391636827
11,28,3,6,0,0.6846231388864462
11,29,3,6,0,0.6429992323594057
11,30,3,6,0,0.5817469007332163
11,31,3,7,0,0.6417454369029297
11,32,3,7,0,0.6775202113856417
11,33,3,7,0,0.6478331552132858
11,34,3,7,0,0.644094348264321
11,35,3,7,0,0.6290936620239377
11,36,3,8,0,0.640287983418858
11,37,3,8,0,0.6465555240544134
11,38,3,8,0,0.6599055981712649
11,39,3,8,0,0.6498529353107797
11,40,3,8,0,0.6515690074783356
11,41,3,9,0,0.5980664083181515
11,42,3,9,0,0.6758629346591236
11,43,3,9,0,0.6569348723915662
11,44,3,9,0,0.7012093615723799
11,45,3,9,0,0.6264978735173374
11,46,3,10,0,0.6946890695275258
11,47,3,10,0,0.6003910283428496
11,48,3,10,0,0.6413667983843798
11,49,3,10,0,0.6148027918403326
11,50,3,10,0,0.7026690536121938
11,51,3,11,0,0.6853260936753093
11,52,3,11,0,0.5702994580257842
11,53,3,11,0,0.6383542739117147
11,54,3,11,0,0.680365752161721
11,55,3,11,0,0.6311481651973788
11,56,3,12,0,0.6582585326099664
11,57,3,12,0,0.6753795794834173
11,58,3,12,0,0.5167779919049653
11,59,3,12,0,0.6775529983896376
11,60,3,12,0,0.6928931327149417
11,61,3,13,0,0.6661592497198375
11,62,3,13,0,0.5912177267983201
11,63,3,13,0,0.6909524483337397
11,64,3,13,0,0.6552815090610374
11,65,3,13,0,0.6354163314171071
11,66,3,14,0,0.6144690865052146
11,67,3,14,0,0.7242324573267138
11,68,3,14,0,0.6058466675361136
11,69,3,14,0,0.6949281278069361
11,70,3,14,0,0.6024624365948978
11,71,3,15,0,0.572066234977437
11,72,3,15,0,0.6574500690304275
11,73,3,15,0,0.6293544983484124
11,74,3,15,0,0.6625880009699952
11,75,3,15,0,0.6753310109149975
11,76,3,16,0,0.6394197602441543
11,77,3,16,0,0.6709706112980344
11,78,3,16,0,0.6470133035469179
11,79,3,16,0,0.5938369809721478
11,80,3,16,0,0.6377105190756589
11,81,3,17,0,0.5952444463235287
11,82,3,17,0,0.6548262302651309
11,83,3,17,0,0.6942077206684791
11,84,3,17,0,0.6652193243420021
11,85,3,17,0,0.6412293532659195
11,86,3,18,0,0.6874395825318474
11,87,3,18,0,0.6220682950166172
11,88,3,18,0,0.6334537629417872
11,89,3,18,0,0.6274509858806964
11,90,3,18,0,0.6660978342991049
11,91,3,19,0,0.623075124924368
11,92,3,19,0,0.6069236283197351
11,93,3,19,0,0.6439299853177783
11,94,3,19,0,0.7089301906387477
11,95,3,19,0,0.6578545957035912
11,96,3,20,0,0.6438833007120519
11,97,3,20,0,0.5656248234528805
11,98,3,20,0,0.6057536209450533
11,99,3,20,0,0.6986691710883559
11,100,3,20,0,0.7100883255038853
12,13,3,3,1,0.7029945075195668
12,14,3,3,1,0.6143861031324118
12,15,3,3,1,0.6137897390413515
12,16,3,4,0,0.6878296515039597
12,17,3,4,0,0.6041827335568525
12,18,3,4,0,0.655105741408889
12,19,3,4,0,0.6337081859519067
12,20,3,4,0,0.6906690118967412
12,21,3,5,0,0.7310063575466048
12,22,3,5,0,0.6240343418450978
12,23,3,5,0,0.6696206384162315
12,24,3,5,0,0.6516794188344335
12,25,3,5,0,0.6648684636670626
12,26,3,6,0,0.6514232732598229
12,27,3,6,0,0.687377303722467
12,28,3,6,0,0.6772759267471136
12,29,3,6,0,0.6007976765838687
12,30,3,6,0,0.6944093088970515
12,31,3,7,0,0.7031643129152582
12,32,3,7,0,0.6652246051681601
12,33,3,7,0,0.6782012008014253
12,34,3,7,0,0.649120304443396
12,35,3,7,0,0.6358591181880351
12,36,3,8,0,0.6266935940324587
12,37,3,8,0,0.6357559883468055
12,38,3,8,0,0.6946569296785091
12,39,3,8,0,0.6765820385087826
12,40,3,8,0,0.7167931084531857
12,41,3,9,0,0.7078639044858441
12,42,3,9,0,0.653815567523621
12,43,3,9,0,0.6600265155765398
12,44,3,9,0,0.6330342471160223
12,45,3,9,0,0.6920637232249558
12,46,3,10,0,0.6149960179248357
12,47,3,10,0,0.7139919373687479
12,48,3,10,0,0.6635392932407829
12,49,3,10,0,0.7064811982522239
12,50,3,10,0,0.6239342308371522
12,51,3,11,0,0.6683835042129784
12,52,3,11,0,0.6732082145235074
12,53,3,11,0,0.7109277580517609
12,54,3,11,0,0.6598230335117159
12,55,3,11,0,0.6015523884154681
12,56,3,12,0,0.6298787955900997
12,57,3,12,0,0.6717134197105437
12,58,3,12,0,0.6507272812069982
12,59,3,12,0,0.6476586568245226
12,60,3,12,0,0.6284621142964656
12,61,3,13,0,0.6479970988050456
12,62,3,13,0,0.7229290622776862
12,63,3,13,0,0.6634471390379568
12,64,3,13,0,0.6594292973035285
12,65,3,13,0,0.6544989251593509
12,66,3,14,0,0.6812970205035975
12,67,3,14,0,0.6351134609730344
12,68,3,14,0,0.7218187890443692
12,69,3,14,0,0.6113760335600693
12,70,3,14,0,0.6856647832840026
12,71,3,15,0,0.7198431111486884
12,72,3,15,0,0.6432388328848905
12,73,3,15,0,0.6524548473720647
12,74,3,15,0,0.6519427792015334
12,75,3,15,0,0.6847970134740152
12,76,3,16,0,0.624660966817
12,77,3,16,0,0.6757456862773019
12,78,3,16,0,0.7214077169360842
12,79,3,16,0,0.6388642090775216
12,80,3,16,0,0.6717884462873014
12,81,3,17,0,0.7211289843552928
12,82,3,17,0,0.6344937351087719
12,83,3,17,0,0.6920617396188694
12,84,3,17,0,0.6199221578768253
12,85,3,17,0,0.7272818717607938
12,86,3,18,0,0.6614192070489192
12,87,3,18,0,0.6326072914974507
12,88,3,18,0,0.7220603918005397
12,89,3,18,0,0.6883075613365973
12,90,3,18,0,0.6445213710034448
12,91,3,19,0,0.6588159256649899
12,92,3,19,0,0.6515814236005686
12,93,3,19,0,0.6805204468423491
12,94,3,19,0,0.6296953857481801
12,95,3,19,0,0.6772642614218242
12,96,3,20,0,0.6119163883119584
12,97,3,20,0,0.7345595050880669
12,98,3,20,0,0.682611082380682
12,99,3,20,0,0.6290703981743672
12,100,3,20,0,0.7015154835454609
13,14,3,3,1,0.6381591730268044
13,15,3,3,1,0.6517642254790763
13,16,3,4,0,0.6829561982118153
13,17,3,4,0,0.6630205262716269
13,18,3,4,0,0.7199626555112169
13,19,3,4,0,0.6603792658746542
13,20,3,4,0,0.663537921855707
13,21,3,5,0,0.7350778324729852
13,22,3,5,0,0.6616330236959174
13,23,3,5,0,0.6830968788728732
13,24,3,5,0,0.6513517444091849
13,25,3,5,0,0.661492060899764
13,26,3,6,0,0.6593222730969923
13,27,3,6,0,0.7552433798289679
13,28,3,6,0,0.7106709867151451
13,29,3,6,0,0.6248853180798647
13,30,3,6,0,0.6404507462059541
13,31,3,7,0,0.6826808677589746
13,32,3,7,0,0.7139499652471201
13,33,3,7,0,0.6375676889389814
13,34,3,7,0,0.7294217942033888
13,35,3,7,0,0.6199568994641739
13,36,3,8,0,0.6492362938264318
13,37,3,8,0,0.6533156793990722
13,38,3,8,0,0.7275080564613259
13,39,3,8,0,0.6502974575096457
13,40,3,8,0,0.6636302574269486
13,41,3,9,0,0.7588375223104997
13,42,3,9,0,0.6630296151332522
13,43,3,9,0,0.651656959634487
13,44,3,9,0,0.6350991671141915
13,45,3,9,0,0.7192814907120297
13,46,3,10,0,0.627096169282304
13,47,3,10,0,0.7119048390930749
13,48,3,10,0,0.7276035439390184
13,49,3,10,0,0.7092426662995638
13,50,3,10,0,0.6304805789392754
13,51,3,11,0,0.6474728872634435
13,52,3,11,0,0.7029346018750071
13,53,3,11,0,0.6998068933424195
13,54,3,11,0,0.7043771980771912
13,55,3,11,0,0.6555809514002209
13,56,3,12,0,0.6745254202875367
13,57,3,12,0,0.6439889249642543
13,58,3,12,0,0.6608712832237637
13,59,3,12,0,0.7392459463643398
13,60,3,12,0,0.6468009888005761
13,61,3,13,0,0.7771558713472042
13,62,3,13,0,0.6743117603316405
13,63,3,13,0,0.6476578404699153
13,64,3,13,0,0.6837345221935707
13,65,3,13,0,0.6759300732028066
13,66,3,14,0,0.6839438822802515
13,67,3,14,0,0.6505088425186322
13,68,3,14,0,0.7274131957198732
13,69,3,14,0,0.6013611778105343
13,70,3,14,0,0.7307224976128507
13,71,3,15,0,0.6798030848483645
13,72,3,15,0,0.6844163357599053
13,73,3,15,0,0.6766301412481053
13,74,3,15,0,0.65552191790298
13,75,3,15,0,0.6995665514766899
13,76,3,16,0,0.641385244338728
13,77,3,16,0,0.7325104065382531
13,78,3,16,0,0.6663155715591327
13,79,3,16,0,0.6477163681909915
13,80,3,16,0,0.7695313900274724
13,81,3,17,0,0.657694208028698
13,82,3,17,0,0.6562303925797256
13,83,3,17,0,0.714407676557171
13,84,3,17,0,0.6529863483425999
13,85,3,17,0,0.7525606349816325
13,86,3,18,0,0.6320011736290285
13,87,3,18,0,0.6616834028382199
13,88,3,18,0,0.7592383779755209
13,89,3,18,0,0.7356689641103761
13,90,3,18,0,0.6728929902589937
13,91,3,19,0,0.6671941418378492
13,92,3,19,0,0.7116562760438297
13,93,3,19,0,0.69949596869916
13,94,3,19,0,0.6780271674597915
13,95,3,19,0,0.691629743458342
13,96,3,20,0,0.6464514383056859
13,97,3,20,0,0.6785201585409473
13,98,3,20,0,0.7095728192679742
13,99,3,20,0,0.7156892365985031
13,100,3,20,0,0.6445729580902688
14,15,3,3,1,0.6477016341437951
14,16,3,4,0,0.7234081353597505
14,17,3,4,0,0.5280210206981888
14,18,3,4,0,0.7228822429138879
14,19,3,4,0,0.7216516458388437
14,20,3,4,0,0.6807787090501244
14,21,3,5,0,0.6547755007511364
14,22,3,5,0,0.7951495295097337
14,23,3,5,0,0.691201700622712
14,24,3,5,0,0.6541300599586886
14,25,3,5,0,0.5883665933710026
14,26,3,6,0,0.6205485578022938
14,27,3,6,0,0.6542064345201157
14,28,3,6,0,0.702411381981865
14,29,3,6,0,0.7317548185875757
14,30,3,6,0,0.6502596292526928
14,31,3,7,0,0.6504657954541448
14,32,3,7,0,0.6630450899995609
14,33,3,7,0,0.6485415803667745
14,34,3,7,0,0.7023318632428572
14,35,3,7,0,0.6487890853899186
14,36,3,8,0,0.6789944970245467
14,37,3,8,0,0.748898252374286
14,38,3,8,0,0.6574713736880478
14,39,3,8,0,0.6556241270711373
14,40,3,8,0,0.626535753211661
14,41,3,9,0,0.7091928150503137
14,42,3,9,0,0.6620377495185392
14,43,3,9,0,0.7366197482424861
14,44,3,9,0,0.5598294632946101
14,45,3,9,0,0.7155845551915532
14,46,3,10,0,0.7421721563352682
14,47,3,10,0,0.6306605044099785
14,48,3,10,0,0.6675693741040774
14,49,3,10,0,0.6283788380098747
14,50,3,10,0,0.6925572338556244
14,51,3,11,0,0.6627176893922202
14,52,3,11,0,0.6691892115248413
14,53,3,11,0,0.6697958217218751
14,54,3,11,0,0.6796327621221174
14,55,3,11,0,0.6758964267982375
14,56,3,12,0,0.6837543344722046
14,57,3,12,0,0.6725155371770972
14,58,3,12,0,0.5673826920618775
14,59,3,12,0,0.7000948979594879
14,60,3,12,0,0.6964114432545898
14,61,3,13,0,0.6362491352355926
14,62,3,13,0,0.6566959382998949
14,63,3,13,0,0.5816049328080815
14,64,3,13,0,0.7581779749555276
14,65,3,13,0,0.7440875139761753
14,66,3,14,0,0.6951250735436042
14,67,3,14,0,0.6921152403977137
14,68,3,14,0,0.694267689390022
14,69,3,14,0,0.6911723457648323
14,70,3,14,0,0.5882358110633447
14,71,3,15,0,0.6320467588150813
14,72,3,15,0,0.6740072352469177
14,73,3,15,0,0.6666268639425525
14,74,3,15,0,0.687265012394809
14,75,3,15,0,0.6489547153310723
14,76,3,16,0,0.7408994755124689
14,77,3,16,0,0.6142797736974863
14,78,3,16,0,0.6670765037897765
14,79,3,16,0,0.6387747544116534
14,80,3,16,0,0.6387231330504413
14,81,3,17,0,0.630994457683713
14,82,3,17,0,0.6889945322470413
14,83,3,17,0,0.7224928616926336
14,84,3,17,0,0.6957367848360427
14,85,3,17,0,0.6255542135145763
14,86,3,18,0,0.6137009166463064
14,87,3,18,0,0.7144894079456692
14,88,3,18,0,0.6175135221322964
14,89,3,18,0,0.6722975424172624
14,90,3,18,0,0.7141126057314113
14,91,3,19,0,0.7556563949223118
14,92,3,19,0,0.5739369815732802
14,93,3,19,0,0.6630931643917244
14,94,3,19,0,0.6180915105726001
14,95,3,19,0,0.6964834343511951
14,96,3,20,0,0.7123086198212374
14,97,3,20,0,0.6092803350943984
14,98,3,20,0,0.7392285928966706
14,99,3,20,0,0.6968933198357712
14,100,3,20,0,0.6021385470859464
15,16,3,4,0,0.6484284705132657
15,17,3,4,0,0.5647638974717514
15,18,3,4,0,0.721724704130629
15,19,3,4,0,0.7333841717936284
15,20,3,4,0,0.6755038999733972
15,21,3,5,0,0.69255369617663
15,22,3,5,0,0.6388645697858566
15,23,3,5,0,0.7727929115760033
15,24,3,5,0,0.6358659993582987
15,25,3,5,0,0.6316314628446962
15,26,3,6,0,0.6575084213253487
15,27,3,6,0,0.6627355060347083
15,28,3,6,0,0.7497406808005574
15,29,3,6,0,0.6466835524474739
15,30,3,6,0,0.5537830515240578
15,31,3,7,0,0.6359692728063195
15,32,3,7,0,0.688793910918214
15,33,3,7,0,0.65102737300544
15,34,3,7,0,0.7182573939024082
15,35,3,7,0,0.6607510942318773
15,36,3,8,0,0.6841404978442314
15,37,3,8,0,0.7425310882070302
15,38,3,8,0,0.6401332063885463
15,39,3,8,0,0.673937453172204
15,40,3,8,0,0.5958964321788378
15,41,3,9,0,0.6225693706476126
15,42,3,9,0,0.7036267237850985
15,43,3,9,0,0.7171755585967897
15,44,3,9,0,0.6148957261208043
15,45,3,9,0,0.6299645481663185
15,46,3,10,0,0.6614820151594867
15,47,3,10,0,0.7067797041433422
15,48,3,10,0,0.6293254690977744
15,49,3,10,0,0.6875024534017531
15,50,3,10,0,0.6648726209472129
15,51,3,11,0,0.5994539315511185
15,52,3,11,0,0.6157904743822483
15,53,3,11,0,0.6942069991392276
15,54,3,11,0,0.732055150049193
15,55,3,11,0,0.6638082421711955
15,56,3,12,0,0.6403682011919694
15,57,3,12,0,0.7521588787505462
15,58,3,12,0,0.5252602575126121
15,59,3,12,0,0.761815076799851
15,60,3,12,0,0.6421514780480946
15,61,3,13,0,0.6452670228514672
15,62,3,13,0,0.6684067148591833
15,63,3,13,0,0.6203837361507691
15,64,3,13,0,0.7369473966672612
15,65,3,13,0,0.6692260002398189
15,66,3,14,0,0.703191211908399
15,67,3,14,0,0.6741239511819995
15,68,3,14,0,0.6713260622514997
15,69,3,14,0,0.6648221012465021
15,70,3,14,0,0.6538985050022106
15,71,3,15,0,0.5679246767651059
15,72,3,15,0,0.6840828451222909
15,73,3,15,0,0.7192173967690682
15,74,3,15,0,0.6819312056007092
15,75,3,15,0,0.6658786618189643
15,76,3,16,0,0.6415300044786617
15,77,3,16,0,0.6372003204745645
15,78,3,16,0,0.7402226580873098
15,79,3,16,0,0.6580145715126133
15,80,3,16,0,0.636848217067524
15,81,3,17,0,0.6750721332146036
15,82,3,17,0,0.6433436843210634
15,83,3,17,0,0.7322247732554314
15,84,3,17,0,0.6644229694789379
15,85,3,17,0,0.6273294903262918
15,86,3,18,0,0.6224142645452382
15,87,3,18,0,0.7552860814706219
15,88,3,18,0,0.6502481147661131
15,89,3,18,0,0.6652497910395307
15,90,3,18,0,0.7096090559584577
15,91,3,19,0,0.6284149893128497
15,92,3,19,0,0.6539940702508948
15,93,3,19,0,0.7566008225187202
15,94,3,19,0,0.6111147086207518
15,95,3,19,0,0.6516685388488406
15,96,3,20,0,0.7117762627781644
15,97,3,20,0,0.6327722768272763
15,98,3,20,0,0.7289724685289697
15,99,3,20,0,0.6654638663664384
15,100,3,20,0,0.644364666580165
16,17,4,4,1,0.5759064716642529
16,18,4,4,1,0.669080716553952
16,19,4,4,1,0.6576925310696708
16,20,4,4,1,0.6275397549992755
16,21,4,5,0,0.6987041266051052
16,22,4,5,0,0.7120258029019333
16,23,4,5,0,0.7005113696728957
16,24,4,5,0,0.640662921085231
16,25,4,5,0,0.6292447882137109
16,26,4,6,0,0.6288992799661655
16,27,4,6,0,0.682636849351274
16,28,4,6,0,0.7433046258739229
16,29,4,6,0,0.7035279603642262
16,30,4,6,0,0.6087418893594756
16,31,4,7,0,0.683053665849261
16,32,4,7,0,0.6343473942001978
16,33,4,7,0,0.6325469770089074
16,34,4,7,0,0.7180707796233914
16,35,4,7,0,0.6725546211616268
16,36,4,8,0,0.6661723915350142
16,37,4,8,0,0.7309113061073743
16,38,4,8,0,0.7564674636626008
16,39,4,8,0,0.6521198103482793
16,40,4,8,0,0.6245304501748776
16,41,4,9,0,0.7168046410222904
16,42,4,9,0,0.6768983208751947
16,43,4,9,0,0.7032169830470564
16,44,4,9,0,0.6241566276181348
16,45,4,9,0,0.6820110044599357
16,46,4,10,0,0.709566882990309
16,47,4,10,0,0.6770657452009112
16,48,4,10,0,0.7757067871218299
16,49,4,10,0,0.6598876560374879
16,50,4,10,0,0.5830350655836817
16,51,4,11,0,0.6211258834589195
16,52,4,11,0,0.643945294690532
16,53,4,11,0,0.7012459025562616
16,54,4,11,0,0.7190995322712745
16,55,4,11,0,0.7008761331525118
16,56,4,12,0,0.6948865706935833
16,57,4,12,0,0.6660508816385388
16,58,4,12,0,0.5743544970409342
16,59,4,12,0,0.7481215247984445
16,60,4,12,0,0.6909198854838459
16,61,4,13,0,0.700190599288085
16,62,4,13,0,0.6913610357151041
16,63,4,13,0,0.5825023003528528
16,64,4,13,0,0.6786082476215346
16,65,4,13,0,0.7296155385092742
16,66,4,14,0,0.6580588250065598
16,67,4,14,0,0.6445681068605558
16,68,4,14,0,0.7397584349669946
16,69,4,14,0,0.6715398118971382
16,70,4,14,0,0.6764616166967566
16,71,4,15,0,0.6852602712876126
16,72,4,15,0,0.7219952251761419
16,73,4,15,0,0.6961724058527368
16,74,4,15,0,0.6413462094488251
16,75,4,15,0,0.6550989972913096
16,76,4,16,0,0.6272811705553374
16,77,4,16,0,0.6573746967060724
16,78,4,16,0,0.6909253272225381
16,79,4,16,0,0.7678253956390642
16,80,4,16,0,0.6399309601004097
16,81,4,17,0,0.6242876502305614
16,82,4,17,0,0.6991376241981136
16,83,4,17,0,0.7261889292732906
16,84,4,17,0,0.6440001286761486
16,85,4,17,0,0.7115275583886094
16,86,4,18,0,0.6178877818557372
16,87,4,18,0,0.7343350920533782
16,88,4,18,0,0.6538769879947653
16,89,4,18,0,0.7099762274987026
16,90,4,18,0,0.6763173010965894
16,91,4,19,0,0.6937499854068457
16,92,4,19,0,0.6054596620169496
16,93,4,19,0,0.6814618790219389
16,94,4,19,0,0.6751290332746049
16,95,4,19,0,0.7374872968515445
16,96,4,20,0,0.6002011524014969
16,97,4,20,0,0.5776921090456851
16,98,4,20,0,0.7699636200577249
16,99,4,20,0,0.7058445937126278
16,100,4,20,0,0.6928236013305465
17,18,4,4,1,0.5615271912171873
17,19,4,4,1,0.5201383913313307
17,20,4,4,1,0.5317934211051247
17,21,4,5,0,0.5803084834144487
17,22,4,5,0,0.567571140308063
17,23,4,5,0,0.6022664350099323
17,24,4,5,0,0.6236504658016879
17,25,4,5,0,0.5848516327209174
17,26,4,6,0,0.6119637012589452
17,27,4,6,0,0.6262790368496789
17,28,4,6,0,0.5733514543250966
17,29,4,6,0,0.5561153005172704
17,30,4,6,0,0.5627776797827065
17,31,4,7,0,0.6066894699417456
17,32,4,7,0,0.5730249224241837
17,33,4,7,0,0.6190910681770361
17,34,4,7,0,0.5959578644999036
17,35,4,7,0,0.587337513035431
17,36,4,8,0,0.5425501452556052
17,37,4,8,0,0.5704841317166196
17,38,4,8,0,0.601694938233671
17,39,4,8,0,0.6093836690303629
17,40,4,8,0,0.6421693299661
17,41,4,9,0,0.6035876043211366
17,42,4,9,0,0.5990324156991873
17,43,4,9,0,0.5854454205119217
17,44,4,9,0,0.6245558749324629
17,45,4,9,0,0.621391469701243
17,46,4,10,0,0.5535374100839461
17,47,4,10,0,0.6085035840545097
17,48,4,10,0,0.5809562881230081
17,49,4,10,0,0.6234233983405206
17,50,4,10,0,0.58847654670215
17,51,4,11,0,0.6361432124569874
17,52,4,11,0,0.5855400285917672
17,53,4,11,0,0.6013513994554782
17,54,4,11,0,0.5610734220670396
17,55,4,11,0,0.6238113285757143
17,56,4,12,0,0.5889355100145224
17,57,4,12,0,0.5651653277327767
17,58,4,12,0,0.5864498375334605
17,59,4,12,0,0.6207862221873464
17,60,4,12,0,0.6321288554500428
17,61,4,13,0,0.5856084783965556
17,62,4,13,0,0.5758747304174902
17,63,4,13,0,0.6236494610111056
17,64,4,13,0,0.5753965343254621
17,65,4,13,0,0.5451144919768087
17,66,4,14,0,0.5895233335767058
17,67,4,14,0,0.6576570400583839
17,68,4,14,0,0.5589371455217536
17,69,4,14,0,0.5288618269762886
17,70,4,14,0,0.6184607088078595
17,71,4,15,0,0.6213191026092666
17,72,4,15,0,0.5921521364578588
17,73,4,15,0,0.5881693355849602
17,74,4,15,0,0.5900005971825147
17,75,4,15,0,0.5887443457798246
17,76,4,16,0,0.600856742496003
17,77,4,16,0,0.620956386027599
17,78,4,16,0,0.59255337255865
17,79,4,16,0,0.5581687514657052
17,80,4,16,0,0.6194556771676883
17,81,4,17,0,0.5681819895259198
17,82,4,17,0,0.6085082024133073
17,83,4,17,0,0.5892564667980247
17,84,4,17,0,0.6236888174722053
17,85,4,17,0,0.5923259744229784
17,86,4,18,0,0.6301936316701706
17,87,4,18,0,0.5443995487191597
17,88,4,18,0,0.6042166373559793
17,89,4,18,0,0.596691693086174
17,90,4,18,0,0.5991608913736053
17,91,4,19,0,0.5269976887595493
17,92,4,19,0,0.664825860653224
17,93,4,19,0,0.5485775919713232
17,94,4,19,0,0.6473642354257739
17,95,4,19,0,0.606692004956346
17,96,4,20,0,0.5700133920382529
17,97,4,20,0,0.6128088906252804
17,98,4,20,0,0.5785579265318612
17,99,4,20,0,0.5719812563162785
17,100,4,20,0,0.6246537179157206
18,19,4,4,1,0.7069623872310693
18,20,4,4,1,0.6353780701486099
18,21,4,5,0,0.6865349661736386
18,22,4,5,0,0.7108184206503319
18,23,4,5,0,0.7467451451581556
18,24,4,5,0,0.6538989520930645
18,25,4,5,0,0.6635776224578545
18,26,4,6,0,0.6563499425319318
18,27,4,6,0,0.7149923513901868
18,28,4,6,0,0.7459321345888468
18,29,4,6,0,0.6477485290801824
18,30,4,6,0,0.6459339505096586
18,31,4,7,0,0.623486654772804
18,32,4,7,0,0.7404922908566788
18,33,4,7,0,0.6733506215495264
18,34,4,7,0,0.7160086085226273
18,35,4,7,0,0.6671424234570713
18,36,4,8,0,0.7311898338876686
18,37,4,8,0,0.7249274875084877
18,38,4,8,0,0.7158179836182602
18,39,4,8,0,0.6459803396577026
18,40,4,8,0,0.6217894743389611
18,41,4,9,0,0.6624574777193896
18,42,4,9,0,0.7094584462205853
18,43,4,9,0,0.7785624677445213
18,44,4,9,0,0.6272721925746263
18,45,4,9,0,0.7000688052065811
18,46,4,10,0,0.6604502141635128
18,47,4,10,0,0.6818165025768228
18,48,4,10,0,0.684583502486994
18,49,4,10,0,0.6631042710516875
18,50,4,10,0,0.7098594968753323
18,51,4,11,0,0.6516866645855892
18,52,4,11,0,0.6858964305148221
18,53,4,11,0,0.6664011227657933
18,54,4,11,0,0.7420132243018437
18,55,4,11,0,0.6397944061429542
18,56,4,12,0,0.665833214951264
18,57,4,12,0,0.7184258313692263
18,58,4,12,0,0.6276884141939449
18,59,4,12,0,0.7207524567537222
18,60,4,12,0,0.6546729821993528
18,61,4,13,0,0.7490827150327566
18,62,4,13,0,0.6296936457499009
18,63,4,13,0,0.6247466440375036
18,64,4,13,0,0.7559451753054629
18,65,4,13,0,0.7172936917636428
18,66,4,14,0,0.6979582435844337
18,67,4,14,0,0.7341708774713116
18,68,4,14,0,0.718514535840429
18,69,4,14,0,0.6671079956580672
18,70,4,14,0,0.6243727934486694
18,71,4,15,0,0.6349141112224672
18,72,4,15,0,0.7115333646682969
18,73,4,15,0,0.7025903871210868
18,74,4,15,0,0.710956596084106
18,75,4,15,0,0.6822109829652936
18,76,4,16,0,0.6991150709207788
18,77,4,16,0,0.6927537009203875
18,78,4,16,0,0.6720940389597895
18,79,4,16,0,0.648715787424845
18,80,4,16,0,0.7293541404545184
18,81,4,17,0,0.6615015057168372
18,82,4,17,0,0.6675084306243246
18,83,4,17,0,0.7480075978759594
18,84,4,17,0,0.7010608936299767
18,85,4,17,0,0.7049069223628743
18,86,4,18,0,0.665495438758857
18,87,4,18,0,0.7056176626602078
18,88,4,18,0,0.6729145072101737
18,89,4,18,0,0.7117150744660139
18,90,4,18,0,0.7111672827924657
18,91,4,19,0,0.7107808728005094
18,92,4,19,0,0.6489278762426688
18,93,4,19,0,0.6878836994947576
18,94,4,19,0,0.6449149301616728
18,95,4,19,0,0.6803544155720309
18,96,4,20,0,0.6870551939818029
18,97,4,20,0,0.6806708670710708
18,98,4,20,0,0.7087377746730248
18,99,4,20,0,0.6931819449456703
18,100,4,20,0,0.6287355329387654
19,20,4,4,1,0.6458177264601782
19,21,4,5,0,0.6813627402947533
19,22,4,5,0,0.6517384849051739
19,23,4,5,0,0.7400326691040253
19,24,4,5,0,0.7043884992021368
19,25,4,5,0,0.6284699258985942
19,26,4,6,0,0.6428233374146199
19,27,4,6,0,0.6877975416662809
19,28,4,6,0,0.7538226764503163
19,29,4,6,0,0.679126068576549
19,30,4,6,0,0.6192680523225161
19,31,4,7,0,0.6879286261283392
19,32,4,7,0,0.6850906107333358
19,33,4,7,0,0.6407314188752171
19,34,4,7,0,0.7453192072171773
19,35,4,7,0,0.6166220639332907
19,36,4,8,0,0.6365262871348439
19,37,4,8,0,0.6801276347636821
19,38,4,8,0,0.7095348450965864
19,39,4,8,0,0.6859856498593173
19,40,4,8,0,0.6528455900671015
19,41,4,9,0,0.686112924429694
19,42,4,9,0,0.7370226201194543
19,43,4,9,0,0.680631099531572
19,44,4,9,0,0.5748879013099307
19,45,4,9,0,0.6649516233194934
19,46,4,10,0,0.7497398773845794
19,47,4,10,0,0.6385065158771339
19,48,4,10,0,0.6723105227662248
19,49,4,10,0,0.6634036783067068
19,50,4,10,0,0.6841779397047465
19,51,4,11,0,0.678824138039892
19,52,4,11,0,0.627213276569954
19,53,4,11,0,0.6557078853684101
19,54,4,11,0,0.8125034025816522
19,55,4,11,0,0.6138658374886223
19,56,4,12,0,0.7423827889329557
19,57,4,12,0,0.705332803610347
19,58,4,12,0,0.5317877924018071
19,59,4,12,0,0.6943311848635869
19,60,4,12,0,0.6535862727792918
19,61,4,13,0,0.6487649077693189
19,62,4,13,0,0.6902965639082097
19,63,4,13,0,0.5971122342970344
19,64,4,13,0,0.7019261341966496
19,65,4,13,0,0.7274260508230351
19,66,4,14,0,0.7609929746082815
19,67,4,14,0,0.6714404401603475
19,68,4,14,0,0.7189483867826116
19,69,4,14,0,0.6777493653399252
19,70,4,14,0,0.6172586535243799
19,71,4,15,0,0.6373501249490251
19,72,4,15,0,0.6877463013286134
19,73,4,15,0,0.6953764875522289
19,74,4,15,0,0.6838262914055034
19,75,4,15,0,0.6423217814975402
19,76,4,16,0,0.6557748416758288
19,77,4,16,0,0.6712503178603006
19,78,4,16,0,0.7175363184014844
19,79,4,16,0,0.6158163489423665
19,80,4,16,0,0.6726407474762426
19,81,4,17,0,0.6948453603001732
19,82,4,17,0,0.6579117104970391
19,83,4,17,0,0.7476252431017139
19,84,4,17,0,0.6552354529578804
19,85,4,17,0,0.648381437574592
19,86,4,18,0,0.6242845025526551
19,87,4,18,0,0.6851895885273488
19,88,4,18,0,0.6427896656008947
19,89,4,18,0,0.6955658347530247
19,90,4,18,0,0.7181475545626554
19,91,4,19,0,0.7256785798926382
19,92,4,19,0,0.6473292310234601
19,93,4,19,0,0.7132384249175939
19,94,4,19,0,0.6234984515326667
19,95,4,19,0,0.6551815486762544
19,96,4,20,0,0.738790748909904
19,97,4,20,0,0.5975865133214298
19,98,4,20,0,0.7036743963534036
19,99,4,20,0,0.7347333979859152
19,100,4,20,0,0.6233041673378299
20,21,4,5,0,0.6925897045193683
20,22,4,5,0,0.6526720640460099
20,23,4,5,0,0.6802573652478564
20,24,4,5,0,0.6311243982359201
20,25,4,5,0,0.6919184129820586
20,26,4,6,0,0.7180583898219451
20,27,4,6,0,0.6287402137289965
20,28,4,6,0,0.6817046175196388
20,29,4,6,0,0.6808611870608441
20,30,4,6,0,0.6125940369371642
20,31,4,7,0,0.6366948043815097
20,32,4,7,0,0.710696131749597
20,33,4,7,0,0.6269655697973578
20,34,4,7,0,0.7267403558107393
20,35,4,7,0,0.621821429062285
20,36,4,8,0,0.6717376558717446
20,37,4,8,0,0.6999995542858617
20,38,4,8,0,0.632603920773456
20,39,4,8,0,0.6396769088050961
20,40,4,8,0,0.6618298862222622
20,41,4,9,0,0.6484251297651622
20,42,4,9,0,0.6648125313677702
20,43,4,9,0,0.696251985946182
20,44,4,9,0,0.6771605448609378
20,45,4,9,0,0.6559319650808053
20,46,4,10,0,0.624891345889265
20,47,4,10,0,0.7134703582139007
20,48,4,10,0,0.6390392290143329
20,49,4,10,0,0.7023541004967457
20,50,4,10,0,0.6700768625411594
20,51,4,11,0,0.6152564643969991
20,52,4,11,0,0.6472366923760225
20,53,4,11,0,0.7737133213249991
20,54,4,11,0,0.6765016353927815
20,55,4,11,0,0.6382597425306515
20,56,4,12,0,0.6401767910964339
20,57,4,12,0,0.7305579510620229
20,58,4,12,0,0.5727925214043357
20,59,4,12,0,0.722560577654767
20,60,4,12,0,0.614713645078902
20,61,4,13,0,0.6698169040931989
20,62,4,13,0,0.6324965373582032
20,63,4,13,0,0.6483980283566169
20,64,4,13,0,0.7319309071588096
20,65,4,13,0,0.6560421188912876
20,66,4,14,0,0.6436278225973899
20,67,4,14,0,0.6550313481611125
20,68,4,14,0,0.6530904552044263
20,69,4,14,0,0.709493945348175
20,70,4,14,0,0.6605693965776489
20,71,4,15,0,0.6010290202983151
20,72,4,15,0,0.628265970860667
20,73,4,15,0,0.6771369614506282
20,74,4,15,0,0.7067819613300625
20,75,4,15,0,0.7449208843116306
20,76,4,16,0,0.6618313441400528
20,77,4,16,0,0.6411714305243408
20,78,4,16,0,0.7277779051868731
20,79,4,16,0,0.6170195558303669
20,80,4,16,0,0.6627675994868207
20,81,4,17,0,0.6659606434533846
20,82,4,17,0,0.6777167104639772
20,83,4,17,0,0.7292733382492488
20,84,4,17,0,0.6722391437704717
20,85,4,17,0,0.6588410690515903
20,86,4,18,0,0.6281753661155545
20,87,4,18,0,0.6725973368241963
20,88,4,18,0,0.7178111321398527
20,89,4,18,0,0.627633547789682
20,90,4,18,0,0.6728062538658727
20,91,4,19,0,0.6343125352225857
20,92,4,19,0,0.5862035782590966
20,93,4,19,0,0.7432244630768432
20,94,4,19,0,0.6777070140070991
20,95,4,19,0,0.6876430501188342
20,96,4,20,0,0.7090488737252734
20,97,4,20,0,0.6345989678167623
20,98,4,20,0,0.679681275925625
20,99,4,20,0,0.6898479191418941
20,100,4,20,0,0.7231939075415985
21,22,5,5,1,0.6070984229970519
21,23,5,5,1,0.6886619318602056
21,24,5,5,1,0.6676510631790606
21,25,5,5,1,0.5736401381988332
21,26,5,6,0,0.7114370380645229
21,27,5,6,0,0.6848977230577533
21,28,5,6,0,0.7295515101881369
21,29,5,6,0,0.6439586815383291
21,30,5,6,0,0.6037428421129336
21,31,5,7,0,0.6253944504792188
21,32,5,7,0,0.6449859147476109
21,33,5,7,0,0.6817422847614171
21,34,5,7,0,0.711731498077433
21,35,5,7,0,0.6974935418258497
21,36,5,8,0,0.7143598112719889
21,37,5,8,0,0.6458597683081515
21,38,5,8,0,0.7243383092686625
21,39,5,8,0,0.6536380168826359
21,40,5,8,0,0.6606159034216348
21,41,5,9,0,0.7113282355192294
21,42,5,9,0,0.684021731017329
21,43,5,9,0,0.7052331589084593
21,44,5,9,0,0.6386284231099582
21,45,5,9,0,0.6630221503791252
21,46,5,10,0,0.6402953180427594
21,47,5,10,0,0.7522383030380138
21,48,5,10,0,0.7367040564588969
21,49,5,10,0,0.6508178110294267
21,50,5,10,0,0.628091819396037
21,51,5,11,0,0.6515592706418023
21,52,5,11,0,0.6206378219618215
21,53,5,11,0,0.682437945853561
21,54,5,11,0,0.7466672533525793
21,55,5,11,0,0.682748629356593
21,56,5,12,0,0.6788853066654585
21,57,5,12,0,0.7063897849325627
21,58,5,12,0,0.5853862736006951
21,59,5,12,0,0.7477913994517749
21,60,5,12,0,0.6065066677166193
21,61,5,13,0,0.715020972759712
21,62,5,13,0,0.6729385699916356
21,63,5,13,0,0.6720788579197519
21,64,5,13,0,0.6874522834925642
21,65,5,13,0,0.6581484886281317
21,66,5,14,0,0.6726032565370155
21,67,5,14,0,0.6524688247455654
21,68,5,14,0,0.7067462949031063
21,69,5,14,0,0.6838556310465953
21,70,5,14,0,0.6696030615256996
21,71,5,15,0,0.6127890565991784
21,72,5,15,0,0.7081235339087915
21,73,5,15,0,0.6950426314796734
21,74,5,15,0,0.6542693724809665
21,75,5,15,0,0.775467913096246
21,76,5,16,0,0.6355092108553441
21,77,5,16,0,0.6273390363916358
21,78,5,16,0,0.7461421168745292
21,79,5,16,0,0.6563665351292918
21,80,5,16,0,0.7123689608108454
21,81,5,17,0,0.7064783984476929
21,82,5,17,0,0.6010251144915013
21,83,5,17,0,0.7251324507532703
21,84,5,17,0,0.6945277012186134
21,85,5,17,0,0.6914375676346498
21,86,5,18,0,0.6281395792933702
21,87,5,18,0,0.6941906627339822
21,88,5,18,0,0.7591673313646976
21,89,5,18,0,0.6753338798526511
21,90,5,18,0,0.6776184444394402
21,91,5,19,0,0.6452119593167752
21,92,5,19,0,0.6245562354594771
21,93,5,19,0,0.7512557856060397
21,94,5,19,0,0.6789758733729958
21,95,5,19,0,0.6946988795583511
21,96,5,20,0,0.6378255907572284
21,97,5,20,0,0.6792095914248876
21,98,5,20,0,0.6954185969317586
21,99,5,20,0,0.7610235218228658
21,100,5,20,0,0.6509069794526068
22,23,5,5,1,0.685689193202242
22,24,5,5,1,0.5672858762054277
22,25,5,5,1,0.5887007096948411
22,26,5,6,0,0.5947227832483712
22,27,5,6,0,0.683977539493428
22,28,5,6,0,0.6989638714540772
22,29,5,6,0,0.6831887359361346
22,30,5,6,0,0.6442935028474632
22,31,5,7,0,0.6252972001599709
22,32,5,7,0,0.6480365816422579
22,33,5,7,0,0.6258284648299537
22,34,5,7,0,0.6787981220381818
22,35,5,7,0,0.6239336541382958
22,36,5,8,0,0.6404463459051755
22,37,5,8,0,0.7350612496470481
22,38,5,8,0,0.6712277176363166
22,39,5,8,0,0.6229936972329362
22,40,5,8,0,0.630465672694956
22,41,5,9,0,0.7076812056025807
22,42,5,9,0,0.6477472851279853
22,43,5,9,0,0.7351921283233035
22,44,5,9,0,0.5521663689308134
22,45,5,9,0,0.7015127586573584
22,46,5,10,0,0.7429766622531815
22,47,5,10,0,0.6768172947719886
22,48,5,10,0,0.6572408777640951
22,49,5,10,0,0.61802927228472
22,50,5,10,0,0.6316315288492423
22,51,5,11,0,0.6185584049235304
22,52,5,11,0,0.6903073997320226
22,53,5,11,0,0.6544627618098581
22,54,5,11,0,0.6861933163619394
22,55,5,11,0,0.6588886006472898
22,56,5,12,0,0.606843964252388
22,57,5,12,0,0.6731595179374255
22,58,5,12,0,0.5939005929549768
22,59,5,12,0,0.6832286925288098
22,60,5,12,0,0.68254870042318
22,61,5,13,0,0.6423859222901767
22,62,5,13,0,0.6083151278493706
22,63,5,13,0,0.6006808339847602
22,64,5,13,0,0.7228851166330055
22,65,5,13,0,0.7298234310245163
22,66,5,14,0,0.6836402594111747
22,67,5,14,0,0.7083949170831016
22,68,5,14,0,0.6890514843637987
22,69,5,14,0,0.6806883233710838
22,70,5,14,0,0.5822820949527143
22,71,5,15,0,0.5809406720218031
22,72,5,15,0,0.6835625848837832
22,73,5,15,0,0.6945119580823047
22,74,5,15,0,0.6748992413960002
22,75,5,15,0,0.6616069775993125
22,76,5,16,0,0.6814890812129291
22,77,5,16,0,0.637437876950856
22,78,5,16,0,0.6551352216728399
22,79,5,16,0,0.6642391010491101
22,80,5,16,0,0.6367560581809488
22,81,5,17,0,0.6309772151732984
22,82,5,17,0,0.7352822343550296
22,83,5,17,0,0.6723823893522876
22,84,5,17,0,0.6410518695575997
22,85,5,17,0,0.6518855904883802
22,86,5,18,0,0.6067259250806302
22,87,5,18,0,0.6709903802940768
22,88,5,18,0,0.630582615912403
22,89,5,18,0,0.6604892378169197
22,90,5,18,0,0.6833329071720038
22,91,5,19,0,0.7293254597619584
22,92,5,19,0,0.6233239652360405
22,93,5,19,0,0.6540773390424415
22,94,5,19,0,0.620839587388593
22,95,5,19,0,0.6552797687713496
22,96,5,20,0,0.6041035435700387
22,97,5,20,0,0.6791908267158671
22,98,5,20,0,0.7522094615442003
22,99,5,20,0,0.6543436046583546
22,100,5,20,0,0.6076512048355485
23,24,5,5,1,0.6431787762382866
23,25,5,5,1,0.6281794325682039
23,26,5,6,0,0.6846608596599861
23,27,5,6,0,0.7888049678572612
23,28,5,6,0,0.7962576061539268
23,29,5,6,0,0.6369390949464445
23,30,5,6,0,0.6132943956754482
23,31,5,7,0,0.6851711642813867
23,32,5,7,0,0.7443096704737913
23,33,5,7,0,0.6483692388918825
23,34,5,7,0,0.7241892726480703
23,35,5,7,0,0.690811918800774
23,36,5,8,0,0.712860990671001
23,37,5,8,0,0.741317840890394
23,38,5,8,0,0.6899278203113788
23,39,5,8,0,0.6654990613147835
23,40,5,8,0,0.6535775320430541
23,41,5,9,0,0.6898000988394922
23,42,5,9,0,0.7353928428199301
23,43,5,9,0,0.7402719928909324
23,44,5,9,0,0.6040686237529425
23,45,5,9,0,0.7151632176387916
23,46,5,10,0,0.7322963721177486
23,47,5,10,0,0.6993997436247771
23,48,5,10,0,0.6847881727102368
23,49,5,10,0,0.6825482827239525
23,50,5,10,0,0.6590490814829673
23,51,5,11,0,0.6867025404162372
23,52,5,11,0,0.6281469000058165
23,53,5,11,0,0.6918434335391841
23,54,5,11,0,0.7813520274342114
23,55,5,11,0,0.6860265390310147
23,56,5,12,0,0.7512628186146707
23,57,5,12,0,0.7567859627950413
23,58,5,12,0,0.5671836045132513
23,59,5,12,0,0.7049975711010914
23,60,5,12,0,0.6866911113087308
23,61,5,13,0,0.6876072299247511
23,62,5,13,0,0.6387720339768894
23,63,5,13,0,0.6837972481409504
23,64,5,13,0,0.7295784729563256
23,65,5,13,0,0.7237936527236695
23,66,5,14,0,0.8029108620870882
23,67,5,14,0,0.7228330145179647
23,68,5,14,0,0.6862882264741474
23,69,5,14,0,0.7072228760540857
23,70,5,14,0,0.5999468640315805
23,71,5,15,0,0.6317768477974474
23,72,5,15,0,0.7537164581752078
23,73,5,15,0,0.7210679430438633
23,74,5,15,0,0.6506767753654292
23,75,5,15,0,0.6809468651542604
23,76,5,16,0,0.6460636745305608
23,77,5,16,0,0.717970114925927
23,78,5,16,0,0.6834824037054316
23,79,5,16,0,0.6952876177862957
23,80,5,16,0,0.7018380609798509
23,81,5,17,0,0.6710222611880804
23,82,5,17,0,0.6963672191594464
23,83,5,17,0,0.8326814677827403
23,84,5,17,0,0.6453073340463924
23,85,5,17,0,0.6623156779949111
23,86,5,18,0,0.6356226522042427
23,87,5,18,0,0.7267132292604047
23,88,5,18,0,0.6409107930472446
23,89,5,18,0,0.7434528127661887
23,90,5,18,0,0.7907268792417805
23,91,5,19,0,0.6662694849219954
23,92,5,19,0,0.6930535379226823
23,93,5,19,0,0.7163830179619836
23,94,5,19,0,0.6432529792892605
23,95,5,19,0,0.7132955890393756
23,96,5,20,0,0.6953603650736453
23,97,5,20,0,0.6610961302388372
23,98,5,20,0,0.7558886156456122
23,99,5,20,0,0.7022951897998195
23,100,5,20,0,0.6786737136530238
24,25,5,5,1,0.575117175758479
24,26,5,6,0,0.6705432553123536
24,27,5,6,0,0.6584561861569973
24,28,5,6,0,0.6613563128423688
24,29,5,6,0,0.65526540564399
24,30,5,6,0,0.5750354979491583
24,31,5,7,0,0.6737545409145678
24,32,5,7,0,0.6482085739883345
24,33,5,7,0,0.7362943399281227
24,34,5,7,0,0.6525318884881723
24,35,5,7,0,0.5990709158246301
24,36,5,8,0,0.6419516977020865
24,37,5,8,0,0.6131392519310301
24,38,5,8,0,0.6549639935987461
24,39,5,8,0,0.7241459815845428
24,40,5,8,0,0.6272632587186606
24,41,5,9,0,0.6268241375967949
24,42,5,9,0,0.6847598135146987
24,43,5,9,0,0.615794892899203
24,44,5,9,0,0.664218608533344
24,45,5,9,0,0.6684726333474257
24,46,5,10,0,0.6063318502789753
24,47,5,10,0,0.6206799491943455
24,48,5,10,0,0.6294704068778665
24,49,5,10,0,0.7242390288681442
24,50,5,10,0,0.7258058215968225
24,51,5,11,0,0.7746295597784498
24,52,5,11,0,0.622345509130972
24,53,5,11,0,0.6334680900622929
24,54,5,11,0,0.6709742495913495
24,55,5,11,0,0.6050937407403263
24,56,5,12,0,0.6864060206487836
24,57,5,12,0,0.6106148760033889
24,58,5,12,0,0.5939691040778006
24,59,5,12,0,0.6791776168582575
24,60,5,12,0,0.6511783652997603
24,61,5,13,0,0.6112674831308234
24,62,5,13,0,0.6559223268970424
24,63,5,13,0,0.7105934093967144
24,64,5,13,0,0.6411534196411494
24,65,5,13,0,0.6611442610410643
24,66,5,14,0,0.6675456430491046
24,67,5,14,0,0.7117102299389522
24,68,5,14,0,0.6572671727952639
24,69,5,14,0,0.6246073360565195
24,70,5,14,0,0.6198409302272133
24,71,5,15,0,0.6404873663166593
24,72,5,15,0,0.701136979093179
24,73,5,15,0,0.6297141369746401
24,74,5,15,0,0.6944969300543885
24,75,5,15,0,0.6419086601100724
24,76,5,16,0,0.7089426969803815
24,77,5,16,0,0.626845984883484
24,78,5,16,0,0.6387920422966099
24,79,5,16,0,0.6237824183059444
24,80,5,16,0,0.6411672981959751
24,81,5,17,0,0.6781266900201799
24,82,5,17,0,0.6264579875770904
24,83,5,17,0,0.6809870099409192
24,84,5,17,0,0.6537432878145051
24,85,5,17,0,0.6612200458051134
24,86,5,18,0,0.6654477176123388
24,87,5,18,0,0.6565433483200617
24,88,5,18,0,0.6489261719201594
24,89,5,18,0,0.6322015839084472
24,90,5,18,0,0.6805443525990629
24,91,5,19,0,0.6233984021970411
24,92,5,19,0,0.663612265175798
24,93,5,19,0,0.6767876200510199
24,94,5,19,0,0.6671593152469855
24,95,5,19,0,0.6653910824989278
24,96,5,20,0,0.6499077841315707
24,97,5,20,0,0.5954660739691107
24,98,5,20,0,0.6318376641871561
24,99,5,20,0,0.695889358016106
24,100,5,20,0,0.6866295636779347
25,26,5,6,0,0.6455285424194844
25,27,5,6,0,0.5936274200267296
25,28,5,6,0,0.6463729150172461
25,29,5,6,0,0.6477153822411543
25,30,5,6,0,0.6704384212945701
25,31,5,7,0,0.6679956948122243
25,32,5,7,0,0.6927394790372363
25,33,5,7,0,0.5730072554361916
25,34,5,7,0,0.6662308668924546
25,35,5,7,0,0.5975561701097679
25,36,5,8,0,0.6039084617266274
25,37,5,8,0,0.6450398812316811
25,38,5,8,0,0.6507911439788585
25,39,5,8,0,0.607468411334215
25,40,5,8,0,0.654360393903682
25,41,5,9,0,0.6207688266290771
25,42,5,9,0,0.6423181157154008
25,43,5,9,0,0.6375012188689624
25,44,5,9,0,0.6543907219353304
25,45,5,9,0,0.6187073323662691
25,46,5,10,0,0.6157509154818944
25,47,5,10,0,0.6248205673658414
25,48,5,10,0,0.6541813732289838
25,49,5,10,0,0.6752373055849902
25,50,5,10,0,0.6448776921578695
25,51,5,11,0,0.5698813752898508
25,52,5,11,0,0.6903642104358305
25,53,5,11,0,0.7140191852513926
25,54,5,11,0,0.6400699681239537
25,55,5,11,0,0.6131219660262981
25,56,5,12,0,0.578779366941145
25,57,5,12,0,0.6706362350739208
25,58,5,12,0,0.5960958523717523
25,59,5,12,0,0.6635096321713383
25,60,5,12,0,0.661786018965437
25,61,5,13,0,0.6926127479872922
25,62,5,13,0,0.6664625428776136
25,63,5,13,0,0.5804764767131665
25,64,5,13,0,0.6663457784474413
25,65,5,13,0,0.590067001084353
25,66,5,14,0,0.5907121909950588
25,67,5,14,0,0.6115803958572021
25,68,5,14,0,0.6593308611859771
25,69,5,14,0,0.6251447964319501
25,70,5,14,0,0.6998832368230259
25,71,5,15,0,0.6561772551596978
25,72,5,15,0,0.6000014201092181
25,73,5,15,0,0.6399226507515194
25,74,5,15,0,0.6757648324821869
25,75,5,15,0,0.6201919412492776
25,76,5,16,0,0.5805945839827217
25,77,5,16,0,0.705005727704744
25,78,5,16,0,0.6485081620765938
25,79,5,16,0,0.6274303287003682
25,80,5,16,0,0.6283410963242282
25,81,5,17,0,0.6082064838671706
25,82,5,17,0,0.6848578475308165
25,83,5,17,0,0.6443873012460812
25,84,5,17,0,0.6243447276047716
25,85,5,17,0,0.6755541997839658
25,86,5,18,0,0.6489618356974014
25,87,5,18,0,0.6154002559976812
25,88,5,18,0,0.6659096823126252
25,89,5,18,0,0.6776624873214028
25,90,5,18,0,0.6091086317854317
25,91,5,19,0,0.6073809382230794
25,92,5,19,0,0.6200638170593137
25,93,5,19,0,0.6434055422812431
25,94,5,19,0,0.6904665057615796
25,95,5,19,0,0.629814010129135
25,96,5,20,0,0.681249676507595
25,97,5,20,0,0.592648323854795
25,98,5,20,0,0.6233201160965924
25,99,5,20,0,0.6002267405355712
25,100,5,20,0,0.7060593194343052
26,27,6,6,1,0.6248218421766973
26,28,6,6,1,0.6754769612215203
26,29,6,6,1,0.5927088708168552
26,30,6,6,1,0.5791954119812746
26,31,6,7,0,0.5983196674575018
26,32,6,7,0,0.6911105972143275
26,33,6,7,0,0.668043635036995
26,34,6,7,0,0.6886486512013803
26,35,6,7,0,0.6459834613480544
26,36,6,8,0,0.6539133077717274
26,37,6,8,0,0.6584380527841042
26,38,6,8,0,0.6810967052881896
26,39,6,8,0,0.6516683947771659
26,40,6,8,0,0.6336434656916405
26,41,6,9,0,0.6456901371605342
26,42,6,9,0,0.6488922478655064
26,43,6,9,0,0.7075740974387075
26,44,6,9,0,0.653691347173081
26,45,6,9,0,0.6343531794995676
26,46,6,10,0,0.6209621722697758
26,47,6,10,0,0.6327811078765434
26,48,6,10,0,0.6562639122305435
26,49,6,10,0,0.6085693035353623
26,50,6,10,0,0.7305251302869176
26,51,6,11,0,0.6605577471208695
26,52,6,11,0,0.5921515462708438
26,53,6,11,0,0.6865568424067053
26,54,6,11,0,0.6546338101039759
26,55,6,11,0,0.6612991182745113
26,56,6,12,0,0.6136958783089559
26,57,6,12,0,0.7424757512526021
26,58,6,12,0,0.527316902001462
26,59,6,12,0,0.6867982235587361
26,60,6,12,0,0.6750945758977397
26,61,6,13,0,0.6960588597858115
26,62,6,13,0,0.6085349754474146
26,63,6,13,0,0.7049261600826187
26,64,6,13,0,0.663960647989853
26,65,6,13,0,0.6244954024698333
26,66,6,14,0,0.6105282174953005
26,67,6,14,0,0.7084214373158781
26,68,6,14,0,0.6197165441743424
26,69,6,14,0,0.7060104684164507
26,70,6,14,0,0.6099249226156203
26,71,6,15,0,0.5762683617883534
26,72,6,15,0,0.6455396606282089
26,73,6,15,0,0.6128352298984305
26,74,6,15,0,0.6806210235298644
26,75,6,15,0,0.7387985845933542
26,76,6,16,0,0.687978634296038
26,77,6,16,0,0.672760298593672
26,78,6,16,0,0.6740757834554947
26,79,6,16,0,0.6047455782458875
26,80,6,16,0,0.6535089931196765
26,81,6,17,0,0.6579902670125117
26,82,6,17,0,0.6665474455371283
26,83,6,17,0,0.6919830992010817
26,84,6,17,0,0.7063514008958064
26,85,6,17,0,0.5833492945260151
26,86,6,18,0,0.6666901354294714
26,87,6,18,0,0.6456312581336775
26,88,6,18,0,0.6567508557452898
26,89,6,18,0,0.6484461081468538
26,90,6,18,0,0.6468923734485761
26,91,6,19,0,0.5865712154550544
26,92,6,19,0,0.5811533079117503
26,93,6,19,0,0.6881871129635182
26,94,6,19,0,0.7449892381037735
26,95,6,19,0,0.6439201916305133
26,96,6,20,0,0.6277867053630058
26,97,6,20,0,0.6003560828842763
26,98,6,20,0,0.6483369449372902
26,99,6,20,0,0.6735600734838023
26,100,6,20,0,0.7264448195118924
27,28,6,6,1,0.68592376056414
27,29,6,6,1,0.6158186886575345
27,30,6,6,1,0.5908675608655561
27,31,6,7,0,0.6694655981859823
27,32,6,7,0,0.7001947592320887
27,33,6,7,0,0.6625951596987237
27,34,6,7,0,0.7062991720470477
27,35,6,7,0,0.6306642996319269
27,36,6,8,0,0.6721797582617272
27,37,6,8,0,0.7024047968617708
27,38,6,8,0,0.6866269612524585
27,39,6,8,0,0.669463573644053
27,40,6,8,0,0.644260762211808
27,41,6,9,0,0.7257630118196684
27,42,6,9,0,0.6994101658349758
27,43,6,9,0,0.6476649649348756
27,44,6,9,0,0.6088589527957307
27,45,6,9,0,0.7397494700765703
27,46,6,10,0,0.6342914539452144
27,47,6,10,0,0.6847988679307966
27,48,6,10,0,0.6862481120511275
27,49,6,10,0,0.7100563609398424
27,50,6,10,0,0.6332726534222042
27,51,6,11,0,0.6861627423779544
27,52,6,11,0,0.6593650909453979
27,53,6,11,0,0.6442171506325572
27,54,6,11,0,0.7245592572140624
27,55,6,11,0,0.6627494685076252
27,56,6,12,0,0.6961327103302511
27,57,6,12,0,0.6429807981505941
27,58,6,12,0,0.648538591355168
27,59,6,12,0,0.6646700555570252
27,60,6,12,0,0.645577973411301
27,61,6,13,0,0.6584652334239398
27,62,6,13,0,0.6334344821345199
27,63,6,13,0,0.6640677410606663
27,64,6,13,0,0.6761644337778128
27,65,6,13,0,0.7369842171008929
27,66,6,14,0,0.7682880439129465
27,67,6,14,0,0.6895588748772313
27,68,6,14,0,0.7101850595900518
27,69,6,14,0,0.6154755924271321
27,70,6,14,0,0.6295400458052356
27,71,6,15,0,0.6462740483659604
27,72,6,15,0,0.7386305993782917
27,73,6,15,0,0.6789557542006011
27,74,6,15,0,0.6399885996348852
27,75,6,15,0,0.6719484253365648
27,76,6,16,0,0.6257171103473722
27,77,6,16,0,0.6936183867451347
27,78,6,16,0,0.6637508065622255
27,79,6,16,0,0.6727686375333086
27,80,6,16,0,0.7022956149232233
27,81,6,17,0,0.6421979462463747
27,82,6,17,0,0.6806849247536688
27,83,6,17,0,0.7508620399750643
27,84,6,17,0,0.6414041391672811
27,85,6,17,0,0.6656340149605604
27,86,6,18,0,0.6343178887560784
27,87,6,18,0,0.6718778435926089
27,88,6,18,0,0.6635028913222782
27,89,6,18,0,0.7360531659011187
27,90,6,18,0,0.6985460659796412
27,91,6,19,0,0.6731601698194878
27,92,6,19,0,0.7657132811369738
27,93,6,19,0,0.6564333555980545
27,94,6,19,0,0.6253263342970827
27,95,6,19,0,0.662763624431111
27,96,6,20,0,0.6338627543017885
27,97,6,20,0,0.6930318414069719
27,98,6,20,0,0.6936543414793559
27,99,6,20,0,0.679050112884996
27,100,6,20,0,0.6201375778946254
28,29,6,6,1,0.6577484901522939
28,30,6,6,1,0.6318140363205144
28,31,6,7,0,0.6744201107348953
28,32,6,7,0,0.7406149933719872
28,33,6,7,0,0.6364465676944011
28,34,6,7,0,0.7394954442514983
28,35,6,7,0,0.6893232928340126
28,36,6,8,0,0.7292596596560457
28,37,6,8,0,0.7159994771635942
28,38,6,8,0,0.7378014851960051
28,39,6,8,0,0.6414627792698394
28,40,6,8,0,0.6766403583025842
28,41,6,9,0,0.6814474546580825
28,42,6,9,0,0.788001676012065
28,43,6,9,0,0.7546272413998035
28,44,6,9,0,0.627243591869164
28,45,6,9,0,0.6882946716728002
28,46,6,10,0,0.7521390588824414
28,47,6,10,0,0.7012275808842634
28,48,6,10,0,0.7196900481041086
28,49,6,10,0,0.6674648331595233
28,50,6,10,0,0.6562368239167287
28,51,6,11,0,0.6612911161145771
28,52,6,11,0,0.6769579999050936
28,53,6,11,0,0.714040045028463
28,54,6,11,0,0.8118771185512583
28,55,6,11,0,0.6563562826571951
28,56,6,12,0,0.6855980421145897
28,57,6,12,0,0.7313063470338285
28,58,6,12,0,0.5666711066971116
28,59,6,12,0,0.7882306078637574
28,60,6,12,0,0.7054099585216762
28,61,6,13,0,0.7556319612582426
28,62,6,13,0,0.6602319191841202
28,63,6,13,0,0.652836899343007
28,64,6,13,0,0.7588291454179321
28,65,6,13,0,0.7067125312352951
28,66,6,14,0,0.733909375596546
28,67,6,14,0,0.7056625486741283
28,68,6,14,0,0.739786576851164
28,69,6,14,0,0.688209077095742
28,70,6,14,0,0.6631332311586458
28,71,6,15,0,0.6758123488117784
28,72,6,15,0,0.7747960627388513
28,73,6,15,0,0.710784892672645
28,74,6,15,0,0.6708889404730596
28,75,6,15,0,0.7009484026033852
28,76,6,16,0,0.6589053366314348
28,77,6,16,0,0.7254941295824963
28,78,6,16,0,0.7065595030798874
28,79,6,16,0,0.6944814218833064
28,80,6,16,0,0.7215378546910267
28,81,6,17,0,0.6739592546344777
28,82,6,17,0,0.7035435685049242
28,83,6,17,0,0.7976086851202432
28,84,6,17,0,0.6526653939100199
28,85,6,17,0,0.7511763683106136
28,86,6,18,0,0.5923911274091582
28,87,6,18,0,0.7230015877959866
28,88,6,18,0,0.6557366156743363
28,89,6,18,0,0.7602332584759267
28,90,6,18,0,0.7943103920400612
28,91,6,19,0,0.7290515077726547
28,92,6,19,0,0.6746763507100291
28,93,6,19,0,0.7287670277397933
28,94,6,19,0,0.6849274761103485
28,95,6,19,0,0.7282921624827456
28,96,6,20,0,0.6999180563443208
28,97,6,20,0,0.6318061459905152
28,98,6,20,0,0.7431561882227181
28,99,6,20,0,0.7676794326731418
28,100,6,20,0,0.6798847158244623
29,30,6,6,1,0.5393103346933183
29,31,6,7,0,0.6729742860777883
29,32,6,7,0,0.6024158532392088
29,33,6,7,0,0.6134202032620536
29,34,6,7,0,0.6980718763076736
29,35,6,7,0,0.6786520886317431
29,36,6,8,0,0.6328157028428749
29,37,6,8,0,0.7029067991190885
29,38,6,8,0,0.6714845508660418
29,39,6,8,0,0.6895796288436828
29,40,6,8,0,0.6063180657363934
29,41,6,9,0,0.668061591482688
29,42,6,9,0,0.6912889162322837
29,43,6,9,0,0.6590483011032442
29,44,6,9,0,0.6154901258182988
29,45,6,9,0,0.6657893262827685
29,46,6,10,0,0.6896707732539847
29,47,6,10,0,0.6362858542370724
29,48,6,10,0,0.6579148957642611
29,49,6,10,0,0.6709965950980998
29,50,6,10,0,0.6380713355436847
29,51,6,11,0,0.6364850693579152
29,52,6,11,0,0.6326175784528072
29,53,6,11,0,0.6862162026812921
29,54,6,11,0,0.6505724158285835
29,55,6,11,0,0.6986627632416484
29,56,6,12,0,0.6855061799424407
29,57,6,12,0,0.6303933027254799
29,58,6,12,0,0.5465694235925387
29,59,6,12,0,0.737587937399254
29,60,6,12,0,0.6687862399871772
29,61,6,13,0,0.5990308483646278
29,62,6,13,0,0.6409865738517582
29,63,6,13,0,0.5890759761652586
29,64,6,13,0,0.7030531835696889
29,65,6,13,0,0.6886408409936612
29,66,6,14,0,0.6916598534648879
29,67,6,14,0,0.6216868387573076
29,68,6,14,0,0.6202946308909771
29,69,6,14,0,0.6821903722402503
29,70,6,14,0,0.6273700622403872
29,71,6,15,0,0.6232673492447328
29,72,6,15,0,0.7025088459820072
29,73,6,15,0,0.6611675638609674
29,74,6,15,0,0.6717890690892079
29,75,6,15,0,0.6476020636759229
29,76,6,16,0,0.6553972315106973
29,77,6,16,0,0.6012220310263896
29,78,6,16,0,0.699543924539013
29,79,6,16,0,0.711327354840908
29,80,6,16,0,0.5962594886054708
29,81,6,17,0,0.6400539056816882
29,82,6,17,0,0.6860927643776992
29,83,6,17,0,0.6899000498465035
29,84,6,17,0,0.6750824314927066
29,85,6,17,0,0.632153553043116
29,86,6,18,0,0.5726141378896883
29,87,6,18,0,0.7037718351953336
29,88,6,18,0,0.6715917910114495
29,89,6,18,0,0.6373602848088873
29,90,6,18,0,0.6871080009155788
29,91,6,19,0,0.6623433107693414
29,92,6,19,0,0.5963681293682367
29,93,6,19,0,0.6531509194214424
29,94,6,19,0,0.6652106389787025
29,95,6,19,0,0.7025342520457154
29,96,6,20,0,0.6923725419948663
29,97,6,20,0,0.5779227597169612
29,98,6,20,0,0.680704296256492
29,99,6,20,0,0.6873600686751448
29,100,6,20,0,0.6458488824770219
30,31,6,7,0,0.6402448065762969
30,32,6,7,0,0.69392931900168
30,33,6,7,0,0.645149945249351
30,34,6,7,0,0.5957376618441907
30,35,6,7,0,0.5723371371003958
30,36,6,8,0,0.6510593069662411
30,37,6,8,0,0.5767340237887479
30,38,6,8,0,0.6011941597443272
30,39,6,8,0,0.550227262174665
30,40,6,8,0,0.7288936833103122
30,41,6,9,0,0.669319716128708
30,42,6,9,0,0.5870215452049921
30,43,6,9,0,0.6276028343534417
30,44,6,9,0,0.5900814368483633
30,45,6,9,0,0.6985243597519557
30,46,6,10,0,0.640242267467542
30,47,6,10,0,0.6002182774057909
30,48,6,10,0,0.6200659432407335
30,49,6,10,0,0.6036464085738109
30,50,6,10,0,0.6063949987321398
30,51,6,11,0,0.6310474099229286
30,52,6,11,0,0.7265132045134042
30,53,6,11,0,0.606330649497745
30,54,6,11,0,0.6536070121509634
30,55,6,11,0,0.5169616648784409
30,56,6,12,0,0.5896468054653257
30,57,6,12,0,0.5906730214789061
30,58,6,12,0,0.657899432386968
30,59,6,12,0,0.584524211777182
30,60,6,12,0,0.6163303657078162
30,61,6,13,0,0.639637128870614
30,62,6,13,0,0.6457701287882551
30,63,6,13,0,0.5649820887820317
30,64,6,13,0,0.6358633460602425
30,65,6,13,0,0.6159672113722698
30,66,6,14,0,0.585260384371331
30,67,6,14,0,0.6413458653439845
30,68,6,14,0,0.7046898917049962
30,69,6,14,0,0.564549136064387
30,70,6,14,0,0.5911026294472997
30,71,6,15,0,0.6841756009132021
30,72,6,15,0,0.5483368878973842
30,73,6,15,0,0.6242220052838329
30,74,6,15,0,0.6540988120443154
30,75,6,15,0,0.5647589364645325
30,76,6,16,0,0.6224728253363057
30,77,6,16,0,0.6781693438899645
30,78,6,16,0,0.6129034239680152
30,79,6,16,0,0.5291038498323168
30,80,6,16,0,0.7114774495516816
30,81,6,17,0,0.5805045632243768
30,82,6,17,0,0.5864780529292193
30,83,6,17,0,0.63097933787781
30,84,6,17,0,0.6576714580389558
30,85,6,17,0,0.6779885774973423
30,86,6,18,0,0.646641428963423
30,87,6,18,0,0.5488974610866414
30,88,6,18,0,0.6327779210087037
30,89,6,18,0,0.6188495467179935
30,90,6,18,0,0.5949979943309612
30,91,6,19,0,0.6790726403374534
30,92,6,19,0,0.6087347530418155
30,93,6,19,0,0.6073830242198972
30,94,6,19,0,0.5899385735568685
30,95,6,19,0,0.6708477734200542
30,96,6,20,0,0.6638364041088123
30,97,6,20,0,0.6103813292157519
30,98,6,20,0,0.614923699332546
30,99,6,20,0,0.6112752704376533
30,100,6,20,0,0.5997551126314011
31,32,7,7,1,0.6223626748566451
31,33,7,7,1,0.5998293520853658
31,34,7,7,1,0.6225036896800896
31,35,7,7,1,0.6023286394125051
31,36,7,8,0,0.6278731247588205
31,37,7,8,0,0.622741175047514
31,38,7,8,0,0.6645824419771134
31,39,7,8,0,0.6502640730944156
31,40,7,8,0,0.6616122476918225
31,41,7,9,0,0.7119725620104758
31,42,7,9,0,0.679282335050311
31,43,7,9,0,0.6301036570102403
31,44,7,9,0,0.6088928550880461
31,45,7,9,0,0.6534511003258734
31,46,7,10,0,0.6704224365234179
31,47,7,10,0,0.6399012431286498
31,48,7,10,0,0.6838486904921801
31,49,7,10,0,0.7023972469174359
31,50,7,10,0,0.6438790418941436
31,51,7,11,0,0.6553161389920603
31,52,7,11,0,0.6982283341749579
31,53,7,11,0,0.656026366009426
31,54,7,11,0,0.6839032604667374
31,55,7,11,0,0.6374491400397662
31,56,7,12,0,0.6952811367976767
31,57,7,12,0,0.6021740301168941
31,58,7,12,0,0.5793448600982276
31,59,7,12,0,0.6518905659232104
31,60,7,12,0,0.698561959135976
31,61,7,13,0,0.6352801990490407
31,62,7,13,0,0.7287053328811703
31,63,7,13,0,0.6189780670057019
31,64,7,13,0,0.6903622942272702
31,65,7,13,0,0.5904714916462144
31,66,7,14,0,0.6838661548953502
31,67,7,14,0,0.6403524768202401
31,68,7,14,0,0.6752574811798276
31,69,7,14,0,0.6146782683926546
31,70,7,14,0,0.6810482964353184
31,71,7,15,0,0.6875357310675252
31,72,7,15,0,0.6316184511680047
31,73,7,15,0,0.6292248918766516
31,74,7,15,0,0.6400286359851306
31,75,7,15,0,0.6740277393548532
31,76,7,16,0,0.623569899355006
31,77,7,16,0,0.7263487223142551
31,78,7,16,0,0.630341716668396
31,79,7,16,0,0.6789847919911737
31,80,7,16,0,0.6461511100698623
31,81,7,17,0,0.6352419004098642
31,82,7,17,0,0.6604091813452757
31,83,7,17,0,0.6978598537191476
31,84,7,17,0,0.608822070687148
31,85,7,17,0,0.6894505687200774
31,86,7,18,0,0.6125558952284458
31,87,7,18,0,0.6193874267719518
31,88,7,18,0,0.6326506114411871
31,89,7,18,0,0.7021065223380634
31,90,7,18,0,0.7106774373556491
31,91,7,19,0,0.665078952385043
31,92,7,19,0,0.7023052732652622
31,93,7,19,0,0.6434262108432037
31,94,7,19,0,0.6234548501893042
31,95,7,19,0,0.6478963718412537
31,96,7,20,0,0.6307447820712072
31,97,7,20,0,0.6349991997895502
31,98,7,20,0,0.6434088548827162
31,99,7,20,0,0.68578425096341
31,100,7,20,0,0.6573636711022945
32,33,7,7,1,0.6290500051219652
32,34,7,7,1,0.6719663669538771
32,35,7,7,1,0.6056761824962872
32,36,7,8,0,0.7155800666272504
32,37,7,8,0,0.6746295584810567
32,38,7,8,0,0.6672195385025603
32,39,7,8,0,0.6067814341106338
32,40,7,8,0,0.6721769703622088
32,41,7,9,0,0.6732623238191391
32,42,7,9,0,0.6535492677985661
32,43,7,9,0,0.687723295221911
32,44,7,9,0,0.6470070319241507
32,45,7,9,0,0.7300293354064759
32,46,7,10,0,0.6922870344820182
32,47,7,10,0,0.6644329564542524
32,48,7,10,0,0.6293623038127871
32,49,7,10,0,0.6564495914981892
32,50,7,10,0,0.687503564682758
32,51,7,11,0,0.693511419240965
32,52,7,11,0,0.6667858138397038
32,53,7,11,0,0.6656202975606491
32,54,7,11,0,0.6882010427297521
32,55,7,11,0,0.6347402027127226
32,56,7,12,0,0.6271791680809513
32,57,7,12,0,0.7501768673431171
32,58,7,12,0,0.6094603879170919
32,59,7,12,0,0.6714282983936637
32,60,7,12,0,0.6597813179825114
32,61,7,13,0,0.7440307615020727
32,62,7,13,0,0.6381079271698432
32,63,7,13,0,0.6235365774101456
32,64,7,13,0,0.671938673173273
32,65,7,13,0,0.7377660169717283
32,66,7,14,0,0.6739251384543511
32,67,7,14,0,0.6986607062796621
32,68,7,14,0,0.6945253470175968
32,69,7,14,0,0.6720805641862588
32,70,7,14,0,0.6160348043201263
32,71,7,15,0,0.6435288781399741
32,72,7,15,0,0.6886130017904287
32,73,7,15,0,0.6838077343654511
32,74,7,15,0,0.6486407286116378
32,75,7,15,0,0.6490077945303347
32,76,7,16,0,0.6579100478270796
32,77,7,16,0,0.7088913894990838
32,78,7,16,0,0.650184072620965
32,79,7,16,0,0.6037068308293052
32,80,7,16,0,0.7484755700383734
32,81,7,17,0,0.6861477544609353
32,82,7,17,0,0.6580140077462564
32,83,7,17,0,0.7166399935384418
32,84,7,17,0,0.6261160994079569
32,85,7,17,0,0.6741236710314842
32,86,7,18,0,0.6637617700533034
32,87,7,18,0,0.6436712379101017
32,88,7,18,0,0.6771744421360855
32,89,7,18,0,0.6853222573406537
32,90,7,18,0,0.6869665398737165
32,91,7,19,0,0.699498179427555
32,92,7,19,0,0.6608705212965558
32,93,7,19,0,0.6572311096199218
32,94,7,19,0,0.6620559890185529
32,95,7,19,0,0.7070695484644438
32,96,7,20,0,0.7665583845097584
32,97,7,20,0,0.6085329676613636
32,98,7,20,0,0.669321658715486
32,99,7,20,0,0.6731640342571727
32,100,7,20,0,0.6859020139628819
33,34,7,7,1,0.6152376479712252
33,35,7,7,1,0.5850203769211053
33,36,7,8,0,0.7111611265620892
33,37,7,8,0,0.6316811735745245
33,38,7,8,0,0.6281587713905968
33,39,7,8,0,0.6606736521576858
33,40,7,8,0,0.595510291255239
33,41,7,9,0,0.5911588844989839
33,42,7,9,0,0.6457677001927375
33,43,7,9,0,0.6759023989340784
33,44,7,9,0,0.6581307409203105
33,45,7,9,0,0.6687679901435888
33,46,7,10,0,0.5897131792706891
33,47,7,10,0,0.6635413724108161
33,48,7,10,0,0.6002110390883741
33,49,7,10,0,0.6529866858716452
33,50,7,10,0,0.726000184098571
33,51,7,11,0,0.7149028501530158
33,52,7,11,0,0.657167339185008
33,53,7,11,0,0.6174881172601767
33,54,7,11,0,0.6671673594538094
33,55,7,11,0,0.5974194045282762
33,56,7,12,0,0.6259350815812899
33,57,7,12,0,0.6276307364163958
33,58,7,12,0,0.6252856073720952
33,59,7,12,0,0.6582615767397858
33,60,7,12,0,0.649849887875712
33,61,7,13,0,0.6070391218631677
33,62,7,13,0,0.635565713769632
33,63,7,13,0,0.6938697156441304
33,64,7,13,0,0.6728643897312099
33,65,7,13,0,0.6371675038224964
33,66,7,14,0,0.6413494275772643
33,67,7,14,0,0.7449796280175169
33,68,7,14,0,0.6402783430892462
33,69,7,14,0,0.6111156014868588
33,70,7,14,0,0.5926267164161697
33,71,7,15,0,0.5935617706076307
33,72,7,15,0,0.6550445717167369
33,73,7,15,0,0.6424553543006073
33,74,7,15,0,0.7393488831916881
33,75,7,15,0,0.6321712341850804
33,76,7,16,0,0.7091422744918836
33,77,7,16,0,0.5995056578012006
33,78,7,16,0,0.6535668077014605
33,79,7,16,0,0.6313009145013739
33,80,7,16,0,0.6129752617290909
33,81,7,17,0,0.6389367399985066
33,82,7,17,0,0.6153529653884
33,83,7,17,0,0.6507091639396205
33,84,7,17,0,0.7397494826404061
33,85,7,17,0,0.6367470085957514
33,86,7,18,0,0.6703001723590254
33,87,7,18,0,0.6254242043603331
33,88,7,18,0,0.640167099225327
33,89,7,18,0,0.6305312431899228
33,90,7,18,0,0.6572091485042861
33,91,7,19,0,0.6287130922261381
33,92,7,19,0,0.6157970613908221
33,93,7,19,0,0.6613739683095081
33,94,7,19,0,0.6537666882867139
33,95,7,19,0,0.6708112900935679
33,96,7,20,0,0.6459575304680371
33,97,7,20,0,0.6519472372079806
33,98,7,20,0,0.6370705002974398
33,99,7,20,0,0.6126283819553956
33,100,7,20,0,0.6999191421285993
34,35,7,7,1,0.6312033502531984
34,36,7,8,0,0.6621559047154342
34,37,7,8,0,0.7538933119546114
34,38,7,8,0,0.7573982172352458
34,39,7,8,0,0.6556368661535866
34,40,7,8,0,0.6317307377829862
34,41,7,9,0,0.7238983298560355
34,42,7,9,0,0.7371849487444111
34,43,7,9,0,0.7130734583985912
34,44,7,9,0,0.6274707400341193
34,45,7,9,0,0.6697155309071768
34,46,7,10,0,0.6840511628897555
34,47,7,10,0,0.6636375180568044
34,48,7,10,0,0.7631971722728169
34,49,7,10,0,0.708195580069399
34,50,7,10,0,0.6377642139993593
34,51,7,11,0,0.6250831026457344
34,52,7,11,0,0.6229297535345688
34,53,7,11,0,0.7428085553020303
34,54,7,11,0,0.7465813852278419
34,55,7,11,0,0.6996984694410878
34,56,7,12,0,0.7433772380601228
34,57,7,12,0,0.6922793531086081
34,58,7,12,0,0.5464110477216377
34,59,7,12,0,0.8311542257351825
34,60,7,12,0,0.6445959861914007
34,61,7,13,0,0.7034623279715877
34,62,7,13,0,0.6447274837530932
34,63,7,13,0,0.5920247964732686
34,64,7,13,0,0.7337634840544316
34,65,7,13,0,0.7168928190214658
34,66,7,14,0,0.7361124349760899
34,67,7,14,0,0.6723293997512829
34,68,7,14,0,0.6817624484657174
34,69,7,14,0,0.6598667558829925
34,70,7,14,0,0.7101580447390498
34,71,7,15,0,0.5957632211452987
34,72,7,15,0,0.6814317318733542
34,73,7,15,0,0.7208301547402947
34,74,7,15,0,0.7129107941801351
34,75,7,15,0,0.7190690406868179
34,76,7,16,0,0.6562368665533007
34,77,7,16,0,0.6610686976833168
34,78,7,16,0,0.7276411574308624
34,79,7,16,0,0.6244734454257823
34,80,7,16,0,0.7238142743302289
34,81,7,17,0,0.6627467280435484
34,82,7,17,0,0.6501270799791072
34,83,7,17,0,0.7724697364509774
34,84,7,17,0,0.731805081465152
34,85,7,17,0,0.6482965515592959
34,86,7,18,0,0.6238648970761133
34,87,7,18,0,0.7597946249284379
34,88,7,18,0,0.6707727661134752
34,89,7,18,0,0.71753232915985
34,90,7,18,0,0.6884779445071961
34,91,7,19,0,0.6921008278581177
34,92,7,19,0,0.6394584850237616
34,93,7,19,0,0.741739858321943
34,94,7,19,0,0.7001249101736308
34,95,7,19,0,0.6820182960551778
34,96,7,20,0,0.6982797030192434
34,97,7,20,0,0.6157797971982348
34,98,7,20,0,0.7539871606666173
34,99,7,20,0,0.7561835410429361
34,100,7,20,0,0.6559926176481407
35,36,7,8,0,0.6328397543457727
35,37,7,8,0,0.6796309668165704
35,38,7,8,0,0.6298110874309945
35,39,7,8,0,0.6502406547600367
35,40,7,8,0,0.6525274533216079
35,41,7,9,0,0.5987127877570304
35,42,7,9,0,0.6784693014412
35,43,7,9,0,0.7158534629747617
35,44,7,9,0,0.5658078394385844
35,45,7,9,0,0.7121206906049877
35,46,7,10,0,0.720053709119761
35,47,7,10,0,0.7082439968028234
35,48,7,10,0,0.66519382228357
35,49,7,10,0,0.5695316424083451
35,50,7,10,0,0.5849293369218955
35,51,7,11,0,0.6230094058838019
35,52,7,11,0,0.5910517810271692
35,53,7,11,0,0.7176088835301658
35,54,7,11,0,0.6631345238656914
35,55,7,11,0,0.6955020484350061
35,56,7,12,0,0.6329323131417024
35,57,7,12,0,0.7074564066316695
35,58,7,12,0,0.5317777281894895
35,59,7,12,0,0.6666124801298418
35,60,7,12,0,0.663311286488038
35,61,7,13,0,0.6277702653565029
35,62,7,13,0,0.6280946353014957
35,63,7,13,0,0.6547621089651767
35,64,7,13,0,0.658380093383494
35,65,7,13,0,0.63491466494904
35,66,7,14,0,0.6468562997015516
35,67,7,14,0,0.6216204214273668
35,68,7,14,0,0.6220780476807393
35,69,7,14,0,0.7113927228302397
35,70,7,14,0,0.6227968497051568
35,71,7,15,0,0.6321673406042232
35,72,7,15,0,0.7008482544921159
35,73,7,15,0,0.6540715476459997
35,74,7,15,0,0.5696849586736576
35,75,7,15,0,0.6819642619103329
35,76,7,16,0,0.597171522906804
35,77,7,16,0,0.617659162570808
35,78,7,16,0,0.736581701932167
35,79,7,16,0,0.6812410753039241
35,80,7,16,0,0.6268715202783208
35,81,7,17,0,0.6767074136894443
35,82,7,17,0,0.6827264926124965
35,83,7,17,0,0.7026365359274553
35,84,7,17,0,0.6187411161256308
35,85,7,17,0,0.6070370739543164
35,86,7,18,0,0.5702842403596056
35,87,7,18,0,0.7044093133114115
35,88,7,18,0,0.6903369596435405
35,89,7,18,0,0.6098708152538335
35,90,7,18,0,0.6769447767806859
35,91,7,19,0,0.5976341114374943
35,92,7,19,0,0.621783162773915
35,93,7,19,0,0.6800429264560207
35,94,7,19,0,0.6507151757570446
35,95,7,19,0,0.7222770285234785
35,96,7,20,0,0.642386288425419
35,97,7,20,0,0.6406387431982082
35,98,7,20,0,0.71382632496061
35,99,7,20,0,0.6391566758445629
35,100,7,20,0,0.602107821649404
36,37,8,8,1,0.608867564669556
36,38,8,8,1,0.6394088117953931
36,39,8,8,1,0.5755282796132971
36,40,8,8,1,0.6075313035698324
36,41,8,9,0,0.6136874378487704
36,42,8,9,0,0.7307777588604583
36,43,8,9,0,0.6950037273980465
36,44,8,9,0,0.6224023899979056
36,45,8,9,0,0.6692733406239686
36,46,8,10,0,0.6144484265458938
36,47,8,10,0,0.6753901243636491
36,48,8,10,0,0.6453338972478908
36,49,8,10,0,0.6491268197073103
36,50,8,10,0,0.6784173834018244
36,51,8,11,0,0.6291237885272878
36,52,8,11,0,0.6775658192948193
36,53,8,11,0,0.6143685451680496
36,54,8,11,0,0.7177418566388077
36,55,8,11,0,0.6761359494113759
36,56,8,12,0,0.6692774170747233
36,57,8,12,0,0.6843774043335495
36,58,8,12,0,0.6114679386481336
36,59,8,12,0,0.6781008949555856
36,60,8,12,0,0.6092010900609035
36,61,8,13,0,0.7028122662121953
36,62,8,13,0,0.6417163677221625
36,63,8,13,0,0.625251148205809
36,64,8,13,0,0.7031510168916024
36,65,8,13,0,0.7004398076549934
36,66,8,14,0,0.6740030726728222
36,67,8,14,0,0.6641776628683885
36,68,8,14,0,0.6815484528342095
36,69,8,14,0,0.6857479774650194
36,70,8,14,0,0.5963025517369696
36,71,8,15,0,0.6122418829293748
36,72,8,15,0,0.7077799390602683
36,73,8,15,0,0.6965117887555663
36,74,8,15,0,0.6508049822424626
36,75,8,15,0,0.7095010572035262
36,76,8,16,0,0.642574472900574
36,77,8,16,0,0.6668899839717499
36,78,8,16,0,0.6561705939723214
36,79,8,16,0,0.6695482296495269
36,80,8,16,0,0.6997852373587874
36,81,8,17,0,0.6210616055299092
36,82,8,17,0,0.669050074927614
36,83,8,17,0,0.726790003314095
36,84,8,17,0,0.6526953854761606
36,85,8,17,0,0.6759688029622923
36,86,8,18,0,0.6322125450964411
36,87,8,18,0,0.6499236165170312
36,88,8,18,0,0.6677575077266836
36,89,8,18,0,0.6541845115159057
36,90,8,18,0,0.708798853143572
36,91,8,19,0,0.6782599870716837
36,92,8,19,0,0.6415118584087987
36,93,8,19,0,0.6769674894261895
36,94,8,19,0,0.6264377903174396
36,95,8,19,0,0.738520252461887
36,96,8,20,0,0.6646673897054205
36,97,8,20,0,0.6425258623156183
36,98,8,20,0,0.6713277918087875
36,99,8,20,0,0.6725745597680761
36,100,8,20,0,0.6549525920429655
37,38,8,8,1,0.6532949998530786
37,39,8,8,1,0.6266652316313395
37,40,8,8,1,0.6116975461782175
37,41,8,9,0,0.6655094900721639
37,42,8,9,0,0.6351046432599006
37,43,8,9,0,0.7450234108236276
37,44,8,9,0,0.6297775913778749
37,45,8,9,0,0.6854948336017948
37,46,8,10,0,0.7219033247995831
37,47,8,10,0,0.636742953740949
37,48,8,10,0,0.6380595385856249
37,49,8,10,0,0.6878622480941441
37,50,8,10,0,0.6687867759459296
37,51,8,11,0,0.6327630524403978
37,52,8,11,0,0.58591759544522
37,53,8,11,0,0.7391750953762721
37,54,8,11,0,0.6852714368108681
37,55,8,11,0,0.6755524298906015
37,56,8,12,0,0.6183826750577905
37,57,8,12,0,0.7191350223220225
37,58,8,12,0,0.5386153993904104
37,59,8,12,0,0.7665626636556302
37,60,8,12,0,0.7036410991666053
37,61,8,13,0,0.6674777982823915
37,62,8,13,0,0.5901567292667563
37,63,8,13,0,0.621906307318479
37,64,8,13,0,0.7371109847757987
37,65,8,13,0,0.7314270094310231
37,66,8,14,0,0.6763855452451635
37,67,8,14,0,0.7300374103038261
37,68,8,14,0,0.6597860715501278
37,69,8,14,0,0.6849013800595934
37,70,8,14,0,0.6374392519304795
37,71,8,15,0,0.5926892315260202
37,72,8,15,0,0.6800041256705378
37,73,8,15,0,0.6725726793363492
37,74,8,15,0,0.663910144100887
37,75,8,15,0,0.676550179965719
37,76,8,16,0,0.6634801724278921
37,77,8,16,0,0.6844322658182411
37,78,8,16,0,0.7087708285316894
37,79,8,16,0,0.6709672127085771
37,80,8,16,0,0.629066098399711
37,81,8,17,0,0.6355229522076318
37,82,8,17,0,0.6957421982463539
37,83,8,17,0,0.7132530318537609
37,84,8,17,0,0.7081297526837979
37,85,8,17,0,0.6257793423042428
37,86,8,18,0,0.5953500227857456
37,87,8,18,0,0.7717505850915336
37,88,8,18,0,0.603928225193824
37,89,8,18,0,0.6945510354118056
37,90,8,18,0,0.7101601201809902
37,91,8,19,0,0.6451815399206238
37,92,8,19,0,0.599117154862643
37,93,8,19,0,0.7151601971022055
37,94,8,19,0,0.6297461029841364
37,95,8,19,0,0.6977974838371135
37,96,8,20,0,0.6920242863021614
37,97,8,20,0,0.5953097388795111
37,98,8,20,0,0.7320023125201867
37,99,8,20,0,0.6669875877430956
37,100,8,20,0,0.6248768330211223
38,39,8,8,1,0.6587610775021502
38,40,8,8,1,0.6234751710065201
38,41,8,9,0,0.7605719532532043
38,42,8,9,0,0.7331663800451241
38,43,8,9,0,0.6969460462471435
38,44,8,9,0,0.6252385512997997
38,45,8,9,0,0.6517654559449446
38,46,8,10,0,0.6844214227891422
38,47,8,10,0,0.6734856016526267
38,48,8,10,0,0.7888674788005604
38,49,8,10,0,0.6501212699863128
38,50,8,10,0,0.6302389464536867
38,51,8,11,0,0.6465163523444442
38,52,8,11,0,0.6610989621910615
38,53,8,11,0,0.667493132221256
38,54,8,11,0,0.7011953984937649
38,55,8,11,0,0.7178725101625665
38,56,8,12,0,0.7094022890070204
38,57,8,12,0,0.6844068649942561
38,58,8,12,0,0.5663648316655936
38,59,8,12,0,0.7855664528129713
38,60,8,12,0,0.6707794358125942
38,61,8,13,0,0.7235397261673349
38,62,8,13,0,0.6988273050034997
38,63,8,13,0,0.622778383450763
38,64,8,13,0,0.6896076788593467
38,65,8,13,0,0.6681081951092408
38,66,8,14,0,0.6863786470477011
38,67,8,14,0,0.6825133573897826
38,68,8,14,0,0.688848965516053
38,69,8,14,0,0.6546384576599817
38,70,8,14,0,0.7409898036257241
38,71,8,15,0,0.6512217393326009
38,72,8,15,0,0.730467847434908
38,73,8,15,0,0.6951110089799194
38,74,8,15,0,0.6321128553827461
38,75,8,15,0,0.7272118015844202
38,76,8,16,0,0.6475736625417579
38,77,8,16,0,0.6274951373660862
38,78,8,16,0,0.7112735167959651
38,79,8,16,0,0.689077293405223
38,80,8,16,0,0.706050349879414
38,81,8,17,0,0.6796211061147978
38,82,8,17,0,0.6862866803775125
38,83,8,17,0,0.7033457187126768
38,84,8,17,0,0.6908239296578276
38,85,8,17,0,0.7049718220028114
38,86,8,18,0,0.650028228568957
38,87,8,18,0,0.6606770861480057
38,88,8,18,0,0.6858021497881372
38,89,8,18,0,0.7781549281834619
38,90,8,18,0,0.6678173571929468
38,91,8,19,0,0.6618254972308657
38,92,8,19,0,0.6549625333517581
38,93,8,19,0,0.669995291429712
38,94,8,19,0,0.7564963502166313
38,95,8,19,0,0.6677163576764761
38,96,8,20,0,0.6029966674897671
38,97,8,20,0,0.6421024107316331
38,98,8,20,0,0.6852896409065994
38,99,8,20,0,0.7557412497045594
38,100,8,20,0,0.6932759507278173
39,40,8,8,1,0.6043927446862282
39,41,8,9,0,0.6597615367957809
39,42,8,9,0,0.682858681136099
39,43,8,9,0,0.648600656128782
39,44,8,9,0,0.6320055988924267
39,45,8,9,0,0.6216509276263564
39,46,8,10,0,0.6308140678797625
39,47,8,10,0,0.6380341482746826
39,48,8,10,0,0.679178709985982
39,49,8,10,0,0.65144172795582
39,50,8,10,0,0.684465143949909
39,51,8,11,0,0.7144543786782225
39,52,8,11,0,0.6101043420786122
39,53,8,11,0,0.699171596328984
39,54,8,11,0,0.6572098070641506
39,55,8,11,0,0.6216811055479967
39,56,8,12,0,0.6533665964219226
39,57,8,12,0,0.6521369702607603
39,58,8,12,0,0.5646594528549462
39,59,8,12,0,0.6764024284317713
39,60,8,12,0,0.6675231083812592
39,61,8,13,0,0.5951431203998957
39,62,8,13,0,0.7211683656420237
39,63,8,13,0,0.6553763764289924
39,64,8,13,0,0.6464219582813568
39,65,8,13,0,0.6436750320266765
39,66,8,14,0,0.7046218359934164
39,67,8,14,0,0.6718865017996176
39,68,8,14,0,0.6753138763758206
39,69,8,14,0,0.5816815254515253
39,70,8,14,0,0.6316746129512132
39,71,8,15,0,0.6556653263258312
39,72,8,15,0,0.6693938472486465
39,73,8,15,0,0.6669822868615152
39,74,8,15,0,0.6685293248477338
39,75,8,15,0,0.633388159498846
39,76,8,16,0,0.7180988831175612
39,77,8,16,0,0.5991170906155335
39,78,8,16,0,0.6974488349550092
39,79,8,16,0,0.6374326160717017
39,80,8,16,0,0.5907848066240668
39,81,8,17,0,0.7228587023050386
39,82,8,17,0,0.6090206188199545
39,83,8,17,0,0.7238150161169535
39,84,8,17,0,0.6427069787850799
39,85,8,17,0,0.6123568775425382
39,86,8,18,0,0.6581980815047588
39,87,8,18,0,0.6448800932986438
39,88,8,18,0,0.6878300330600488
39,89,8,18,0,0.6272018079406683
39,90,8,18,0,0.672983454448568
39,91,8,19,0,0.6376444941763697
39,92,8,19,0,0.6524298872984091
39,93,8,19,0,0.6499521751695955
39,94,8,19,0,0.6755636195505138
39,95,8,19,0,0.6138367959326008
39,96,8,20,0,0.6311259820336337
39,97,8,20,0,0.620894576745948
39,98,8,20,0,0.6675068843950415
39,99,8,20,0,0.6621134593868051
39,100,8,20,0,0.6790362904264708
40,41,8,9,0,0.6414304677408821
40,42,8,9,0,0.6720038898945212
40,43,8,9,0,0.6758524665274481
40,44,8,9,0,0.6241649461085657
40,45,8,9,0,0.7162033886991147
40,46,8,10,0,0.6964385896416383
40,47,8,10,0,0.6887032300837376
40,48,8,10,0,0.6202011240681227
40,49,8,10,0,0.6536097631769632
40,50,8,10,0,0.5961527143530707
40,51,8,11,0,0.6475510076494633
40,52,8,11,0,0.6624976356404846
40,53,8,11,0,0.7252006480807069
40,54,8,11,0,0.6941461104961199
40,55,8,11,0,0.5719767140882983
40,56,8,12,0,0.6443493199629715
40,57,8,12,0,0.6658625762081645
40,58,8,12,0,0.6377727513122293
40,59,8,12,0,0.6342233726415069
40,60,8,12,0,0.6436910983426285
40,61,8,13,0,0.61856800810414
40,62,8,13,0,0.640987649241595
40,63,8,13,0,0.6150530049167353
40,64,8,13,0,0.6764979118199199
40,65,8,13,0,0.6237888958600175
40,66,8,14,0,0.6279199896777303
40,67,8,14,0,0.6580489578711414
40,68,8,14,0,0.6896533019956324
40,69,8,14,0,0.628912689614606
40,70,8,14,0,0.6372116405843761
40,71,8,15,0,0.6799810272125125
40,72,8,15,0,0.6053905686405446
40,73,8,15,0,0.6566813140931415
40,74,8,15,0,0.6389798795531041
40,75,8,15,0,0.611630716790088
40,76,8,16,0,0.6249008160529514
40,77,8,16,0,0.7164746164553242
40,78,8,16,0,0.6816207815543439
40,79,8,16,0,0.5359086038386791
40,80,8,16,0,0.6926887136130099
40,81,8,17,0,0.6649135621116264
40,82,8,17,0,0.6347292980922838
40,83,8,17,0,0.6929587004276843
40,84,8,17,0,0.6210722451219597
40,85,8,17,0,0.678101226295946
40,86,8,18,0,0.6278348777397229
40,87,8,18,0,0.5988648323382506
40,88,8,18,0,0.7212522074928878
40,89,8,18,0,0.6418997615814921
40,90,8,18,0,0.6491053361161445
40,91,8,19,0,0.655106658804586
40,92,8,19,0,0.6333452668489377
40,93,8,19,0,0.6618063370373224
40,94,8,19,0,0.6137630042921898
40,95,8,19,0,0.686114690111596
40,96,8,20,0,0.6502281188743388
40,97,8,20,0,0.6634180475393188
40,98,8,20,0,0.6587167477774934
40,99,8,20,0,0.6390692539712945
40,100,8,20,0,0.6124745724080557
41,42,9,9,1,0.632692745212064
41,43,9,9,1,0.6564917145194558
41,44,9,9,1,0.5455513421853152
41,45,9,9,1,0.6744689008861027
41,46,9,10,0,0.6714596723008625
41,47,9,10,0,0.6474290260982509
41,48,9,10,0,0.7373131356056235
41,49,9,10,0,0.624404354152946
41,50,9,10,0,0.6269103817885593
41,51,9,11,0,0.6564106687049743
41,52,9,11,0,0.6819342153358128
41,53,9,11,0,0.6503532322575736
41,54,9,11,0,0.6817030841249981
41,55,9,11,0,0.6554319955657335
41,56,9,12,0,0.6564154868379002
41,57,9,12,0,0.6539246739579345
41,58,9,12,0,0.5877274908434367
41,59,9,12,0,0.706463567853452
41,60,9,12,0,0.6656860392968154
41,61,9,13,0,0.6666910508145891
41,62,9,13,0,0.6879093915184189
41,63,9,13,0,0.5881463032017586
41,64,9,13,0,0.7165845332725301
41,65,9,13,0,0.6587574508674169
41,66,9,14,0,0.725680006696028
41,67,9,14,0,0.6584423382110544
41,68,9,14,0,0.6971886739564122
41,69,9,14,0,0.5919276915828456
41,70,9,14,0,0.6734181840156686
41,71,9,15,0,0.6984134276642713
41,72,9,15,0,0.6536808848553975
41,73,9,15,0,0.6290806840550067
41,74,9,15,0,0.6101087255627233
41,75,9,15,0,0.6768635195991481
41,76,9,16,0,0.6466176498665137
41,77,9,16,0,0.6680093263563337
41,78,9,16,0,0.667618899969146
41,79,9,16,0,0.673727827698985
41,80,9,16,0,0.7056590161461008
41,81,9,17,0,0.6574622065933015
41,82,9,17,0,0.6287673669856387
41,83,9,17,0,0.6916539178641989
41,84,9,17,0,0.6560126961024166
41,85,9,17,0,0.7035569003826673
41,86,9,18,0,0.5971373252552808
41,87,9,18,0,0.6621434806577019
41,88,9,18,0,0.6637484171658119
41,89,9,18,0,0.7338335286363671
41,90,9,18,0,0.6713397917716533
41,91,9,19,0,0.7287945800597762
41,92,9,19,0,0.6287016161656691
41,93,9,19,0,0.6465117038860538
41,94,9,19,0,0.6694171079938518
41,95,9,19,0,0.6407718736674707
41,96,9,20,0,0.6466788791087922
41,97,9,20,0,0.6345149382230081
41,98,9,20,0,0.6853236962511358
41,99,9,20,0,0.6941773396116026
41,100,9,20,0,0.6489947305527899
42,43,9,9,1,0.6849365370307264
42,44,9,9,1,0.6092274201937882
42,45,9,9,1,0.6645222477050976
42,46,9,10,0,0.7027712766203231
42,47,9,10,0,0.6792576013548026
42,48,9,10,0,0.7079181785742947
42,49,9,10,0,0.6643612532945073
42,50,9,10,0,0.6496705281202109
42,51,9,11,0,0.6589907151365444
42,52,9,11,0,0.6460175504156752
42,53,9,11,0,0.6945443307078779
42,54,9,11,0,0.7867441959575017
42,55,9,11,0,0.6554732640267508
42,56,9,12,0,0.7294425163997523
42,57,9,12,0,0.6952234532809018
42,58,9,12,0,0.537716388554387
42,59,9,12,0,0.7531755513402276
42,60,9,12,0,0.6929339955421752
42,61,9,13,0,0.6505562223701951
42,62,9,13,0,0.6712006468264267
42,63,9,13,0,0.6535826223156813
42,64,9,13,0,0.7338598347732823
42,65,9,13,0,0.707374162967938
42,66,9,14,0,0.7258126274557019
42,67,9,14,0,0.6726110348045531
42,68,9,14,0,0.6780765596131333
42,69,9,14,0,0.688864885323661
42,70,9,14,0,0.6555566536323151
42,71,9,15,0,0.6326952762094468
42,72,9,15,0,0.7530934976276039
42,73,9,15,0,0.7514899356034646
42,74,9,15,0,0.6782087894241237
42,75,9,15,0,0.7060499488366707
42,76,9,16,0,0.6564670082389503
42,77,9,16,0,0.6616752933561655
42,78,9,16,0,0.7141119354911742
42,79,9,16,0,0.6645310832189009
42,80,9,16,0,0.6817278218049942
42,81,9,17,0,0.6652036236881306
42,82,9,17,0,0.7297611781552795
42,83,9,17,0,0.8063816878153911
42,84,9,17,0,0.6452262727756515
42,85,9,17,0,0.6730542920002257
42,86,9,18,0,0.6352430998048831
42,87,9,18,0,0.7086590287474108
42,88,9,18,0,0.6697078021407243
42,89,9,18,0,0.7070653150281218
42,90,9,18,0,0.7218477897300306
42,91,9,19,0,0.691037504070814
42,92,9,19,0,0.7128168949391951
42,93,9,19,0,0.708074233006093
42,94,9,19,0,0.6781939539993309
42,95,9,19,0,0.6997841609644075
42,96,9,20,0,0.6588453159067108
42,97,9,20,0,0.6357776436081666
42,98,9,20,0,0.7326009135325013
42,99,9,20,0,0.7447925977011127
42,100,9,20,0,0.6501646135247191
43,44,9,9,1,0.5929917672389373
43,45,9,9,1,0.6435384315372888
43,46,9,10,0,0.6863367774386948
43,47,9,10,0,0.7164453168085874
43,48,9,10,0,0.6746187025393264
43,49,9,10,0,0.6384257389327568
43,50,9,10,0,0.7060377130106459
43,51,9,11,0,0.6289259972551628
43,52,9,11,0,0.6726467980591877
43,53,9,11,0,0.7722002363876194
43,54,9,11,0,0.70496152708396
43,55,9,11,0,0.6555088412458245
43,56,9,12,0,0.6426280203410834
43,57,9,12,0,0.8080456480063483
43,58,9,12,0,0.5791797770078011
43,59,9,12,0,0.7371066958645317
43,60,9,12,0,0.6691917658639066
43,61,9,13,0,0.6790005029675337
43,62,9,13,0,0.6231009150295754
43,63,9,13,0,0.6693156931593947
43,64,9,13,0,0.7693247962718217
43,65,9,13,0,0.680940298414793
43,66,9,14,0,0.6616305125601344
43,67,9,14,0,0.743728708206124
43,68,9,14,0,0.6600213720503461
43,69,9,14,0,0.7365336509191889
43,70,9,14,0,0.6269811132274709
43,71,9,15,0,0.5992741730245856
43,72,9,15,0,0.6988048468011134
43,73,9,15,0,0.6995375911503965
43,74,9,15,0,0.6778823214870958
43,75,9,15,0,0.7236384180060242
43,76,9,16,0,0.7218816991220605
43,77,9,16,0,0.6647339096234364
43,78,9,16,0,0.7255336073946834
43,79,9,16,0,0.660250877639803
43,80,9,16,0,0.6462538194217676
43,81,9,17,0,0.7305656961273528
43,82,9,17,0,0.6650524567538869
43,83,9,17,0,0.744790104879552
43,84,9,17,0,0.7056070363160618
43,85,9,17,0,0.6409687210320585
43,86,9,18,0,0.6506422981488356
43,87,9,18,0,0.6930264183791651
43,88,9,18,0,0.6834592322864624
43,89,9,18,0,0.6672316949625449
43,90,9,18,0,0.7302392232008685
43,91,9,19,0,0.6749140679480582
43,92,9,19,0,0.6081374517692337
43,93,9,19,0,0.7245462176982992
43,94,9,19,0,0.6561770016108083
43,95,9,19,0,0.6787883288276012
43,96,9,20,0,0.6701674962174724
43,97,9,20,0,0.7137547269665319
43,98,9,20,0,0.7046233018571862
43,99,9,20,0,0.6927943385828409
43,100,9,20,0,0.6439222827465754
44,45,9,9,1,0.6095527398880114
44,46,9,10,0,0.5607612214860576
44,47,9,10,0,0.6538056834465609
44,48,9,10,0,0.6185640151483771
44,49,9,10,0,0.6822406508150086
44,50,9,10,0,0.646618128357717
44,51,9,11,0,0.635809862886028
44,52,9,11,0,0.6273426812002934
44,53,9,11,0,0.6403151086618258
44,54,9,11,0,0.6408549298622692
44,55,9,11,0,0.5819221035508263
44,56,9,12,0,0.616612233686306
44,57,9,12,0,0.6096873392243567
44,58,9,12,0,0.62247017151715
44,59,9,12,0,0.6718686049543786
44,60,9,12,0,0.6017465048336381
44,61,9,13,0,0.6489202948255552
44,62,9,13,0,0.6056642137262523
44,63,9,13,0,0.6123426644546419
44,64,9,13,0,0.6402677836777282
44,65,9,13,0,0.5765412498824243
44,66,9,14,0,0.5641805158669964
44,67,9,14,0,0.6639001893596941
44,68,9,14,0,0.6525294422890475
44,69,9,14,0,0.6245280494804006
44,70,9,14,0,0.6222885660798694
44,71,9,15,0,0.5971136378412252
44,72,9,15,0,0.6170116144418041
44,73,9,15,0,0.6414241874287203
44,74,9,15,0,0.69759524877442
44,75,9,15,0,0.6127333608454577
44,76,9,16,0,0.624054144114752
44,77,9,16,0,0.6508529431686303
44,78,9,16,0,0.657431716545404
44,79,9,16,0,0.5840571539270834
44,80,9,16,0,0.6270570777968894
44,81,9,17,0,0.5967442291961483
44,82,9,17,0,0.6145862402509317
44,83,9,17,0,0.6385085050457123
44,84,9,17,0,0.6759322724164958
44,85,9,17,0,0.6420440073191509
44,86,9,18,0,0.7173198911795785
44,87,9,18,0,0.6134495714510393
44,88,9,18,0,0.6318471449941127
44,89,9,18,0,0.5948313015128556
44,90,9,18,0,0.6252823591171345
44,91,9,19,0,0.5704097597985205
44,92,9,19,0,0.6056335170161897
44,93,9,19,0,0.6446030612967626
44,94,9,19,0,0.6727024176896167
44,95,9,19,0,0.6399488933808125
44,96,9,20,0,0.5983127311806644
44,97,9,20,0,0.6001025551844028
44,98,9,20,0,0.589610198987752
44,99,9,20,0,0.6476016336521306
44,100,9,20,0,0.7024783478599258
45,46,9,10,0,0.7376910699017931
45,47,9,10,0,0.6999031988384834
45,48,9,10,0,0.6392538405436861
45,49,9,10,0,0.6901778162307652
45,50,9,10,0,0.632100932484241
45,51,9,11,0,0.7093514960090741
45,52,9,11,0,0.675778329286933
45,53,9,11,0,0.6590876100236465
45,54,9,11,0,0.7087511109322204
45,55,9,11,0,0.6587956772130792
45,56,9,12,0,0.673677452754669
45,57,9,12,0,0.6579684691336112
45,58,9,12,0,0.6406233791458813
45,59,9,12,0,0.6468514308744002
45,60,9,12,0,0.6723457101646244
45,61,9,13,0,0.6789506122819187
45,62,9,13,0,0.6452627387470384
45,63,9,13,0,0.6172172248455672
45,64,9,13,0,0.700401948139878
45,65,9,13,0,0.7187299049217326
45,66,9,14,0,0.6983164950486642
45,67,9,14,0,0.6743135474148774
45,68,9,14,0,0.7098571618365181
45,69,9,14,0,0.6485943116648754
45,70,9,14,0,0.6327147024568649
45,71,9,15,0,0.6703101758670267
45,72,9,15,0,0.7258568113375516
45,73,9,15,0,0.696688293987094
45,74,9,15,0,0.6609739397726206
45,75,9,15,0,0.630342842070816
45,76,9,16,0,0.6822992021703246
45,77,9,16,0,0.6828112122842753
45,78,9,16,0,0.669970431012241
45,79,9,16,0,0.6247597897065075
45,80,9,16,0,0.7311832258885634
45,81,9,17,0,0.6560107215390498
45,82,9,17,0,0.7069274573930239
45,83,9,17,0,0.741445039388031
45,84,9,17,0,0.6536122589364382
45,85,9,17,0,0.6852207832179065
45,86,9,18,0,0.6229207120530618
45,87,9,18,0,0.6742125685695614
45,88,9,18,0,0.7166796417605402
45,89,9,18,0,0.6746344732130887
45,90,9,18,0,0.6877296473639263
45,91,9,19,0,0.6574077755405833
45,92,9,19,0,0.6571854850581584
45,93,9,19,0,0.6481366588815936
45,94,9,19,0,0.6286836891766636
45,95,9,19,0,0.7793914134979318
45,96,9,20,0,0.7159575282093895
45,97,9,20,0,0.63961698210221
45,98,9,20,0,0.7519854642723398
45,99,9,20,0,0.664338021157558
45,100,9,20,0,0.6394510621806926
46,47,10,10,1,0.6044025399340959
46,48,10,10,1,0.6777633093552708
46,49,10,10,1,0.5882521721670811
46,50,10,10,1,0.5938131055925566
46,51,10,11,0,0.6399207401386013
46,52,10,11,0,0.6013736041982332
46,53,10,11,0,0.6774058623549717
46,54,10,11,0,0.7532079117720379
46,55,10,11,0,0.6694304797965863
46,56,10,12,0,0.6420005561535658
46,57,10,12,0,0.7086313426140427
46,58,10,12,0,0.5071066677998733
46,59,10,12,0,0.6795598700337122
46,60,10,12,0,0.7419596681675347
46,61,10,13,0,0.6433128692613572
46,62,10,13,0,0.6375684763043965
46,63,10,13,0,0.590760248609993
46,64,10,13,0,0.7049228277916466
46,65,10,13,0,0.7179065519111303
46,66,10,14,0,0.6926647232610428
46,67,10,14,0,0.6634837230413555
46,68,10,14,0,0.6700401303107568
46,69,10,14,0,0.7139094348412758
46,70,10,14,0,0.5865568361783683
46,71,10,15,0,0.6223475190535561
46,72,10,15,0,0.7030417606018226
46,73,10,15,0,0.6669391925745425
46,74,10,15,0,0.635045111990739
46,75,10,15,0,0.6405312706051034
46,76,10,16,0,0.6170442840284145
46,77,10,16,0,0.6872215371661937
46,78,10,16,0,0.7072090343620117
46,79,10,16,0,0.645984430997699
46,80,10,16,0,0.6467179238783188
46,81,10,17,0,0.6387023253444719
46,82,10,17,0,0.709608411409489
46,83,10,17,0,0.7229186437741366
46,84,10,17,0,0.6411839708317568
46,85,10,17,0,0.6192462423312504
46,86,10,18,0,0.57817430548521
46,87,10,18,0,0.684995360475296
46,88,10,18,0,0.6342209088737272
46,89,10,18,0,0.6881142906987983
46,90,10,18,0,0.6746530228344929
46,91,10,19,0,0.7024756320593203
46,92,10,19,0,0.6118085278018748
46,93,10,19,0,0.668077752277198
46,94,10,19,0,0.6298919873406901
46,95,10,19,0,0.6851630871073413
46,96,10,20,0,0.6783774944902912
46,97,10,20,0,0.5799971354237642
46,98,10,20,0,0.7426846775893088
46,99,10,20,0,0.7050670239989212
46,100,10,20,0,0.6109348104083456
47,48,10,10,1,0.6443278782607426
47,49,10,10,1,0.6639993669884225
47,50,10,10,1,0.6087735275940411
47,51,10,11,0,0.6371735152209483
47,52,10,11,0,0.6976547550712273
47,53,10,11,0,0.7038211008768671
47,54,10,11,0,0.6915642678353686
47,55,10,11,0,0.6361901366804207
47,56,10,12,0,0.6689497394982997
47,57,10,12,0,0.7131765630626017
47,58,10,12,0,0.6363172758739974
47,59,10,12,0,0.7097682034261478
47,60,10,12,0,0.5967662170747647
47,61,10,13,0,0.6778322955413676
47,62,10,13,0,0.663033897793593
47,63,10,13,0,0.66618343923042
47,64,10,13,0,0.6963749063887399
47,65,10,13,0,0.6378477951480561
47,66,10,14,0,0.6609408743022859
47,67,10,14,0,0.6464937740248903
47,68,10,14,0,0.691246010062753
47,69,10,14,0,0.6970034769838964
47,70,10,14,0,0.6808829900628806
47,71,10,15,0,0.6277954891030428
47,72,10,15,0,0.6708430427124183
47,73,10,15,0,0.781439783943545
47,74,10,15,0,0.6464826103030015
47,75,10,15,0,0.6955884966994395
47,76,10,16,0,0.6477955457932406
47,77,10,16,0,0.6276866807566194
47,78,10,16,0,0.7026144189816171
47,79,10,16,0,0.6512285820695428
47,80,10,16,0,0.6734379361319163
47,81,10,17,0,0.7183693855068998
47,82,10,17,0,0.6723659251980454
47,83,10,17,0,0.7003721983839328
47,84,10,17,0,0.6175118719453975
47,85,10,17,0,0.7289183056866173
47,86,10,18,0,0.6186519039546496
47,87,10,18,0,0.6813282251412076
47,88,10,18,0,0.7657713588699883
47,89,10,18,0,0.6568156786487048
47,90,10,18,0,0.690033601408738
47,91,10,19,0,0.6271950515889277
47,92,10,19,0,0.6540466591097949
47,93,10,19,0,0.7472840323680334
47,94,10,19,0,0.6674295139420922
47,95,10,19,0,0.706018659287262
47,96,10,20,0,0.641605955782688
47,97,10,20,0,0.765118809416545
47,98,10,20,0,0.6952386524885127
47,99,10,20,0,0.6488445145925632
47,100,10,20,0,0.6472891621387643
48,49,10,10,1,0.6188319955844563
48,50,10,10,1,0.609199622192804
48,51,10,11,0,0.6039754518100923
48,52,10,11,0,0.7049420953871606
48,53,10,11,0,0.6734512025528805
48,54,10,11,0,0.7383069504946689
48,55,10,11,0,0.7118437491092482
48,56,10,12,0,0.6983213000817967
48,57,10,12,0,0.6567482816777322
48,58,10,12,0,0.5787400354728265
48,59,10,12,0,0.7275885278843192
48,60,10,12,0,0.668297766746636
48,61,10,13,0,0.7255325595797057
48,62,10,13,0,0.726227429508836
48,63,10,13,0,0.5776436927703622
48,64,10,13,0,0.6834127959185776
48,65,10,13,0,0.6553174615649182
48,66,10,14,0,0.6578558535263179
48,67,10,14,0,0.6237217258939066
48,68,10,14,0,0.7264055055524833
48,69,10,14,0,0.6254424760430239
48,70,10,14,0,0.6876853213288945
48,71,10,15,0,0.6716038829766264
48,72,10,15,0,0.6668359443367914
48,73,10,15,0,0.6966490640792296
48,74,10,15,0,0.6533741205131648
48,75,10,15,0,0.6819933188017033
48,76,10,16,0,0.6455878314390626
48,77,10,16,0,0.6464265918499517
48,78,10,16,0,0.6790057373394754
48,79,10,16,0,0.6580849771362135
48,80,10,16,0,0.6914178720650233
48,81,10,17,0,0.6358630133050683
48,82,10,17,0,0.6520206405373887
48,83,10,17,0,0.7285863174908165
48,84,10,17,0,0.6738076309890049
48,85,10,17,0,0.6914494774032152
48,86,10,18,0,0.622452149470692
48,87,10,18,0,0.6585546027487994
48,88,10,18,0,0.7055648070003887
48,89,10,18,0,0.7366153333351724
48,90,10,18,0,0.6843589743112967
48,91,10,19,0,0.6913084023311176
48,92,10,19,0,0.6446321669274726
48,93,10,19,0,0.6681729889161034
48,94,10,19,0,0.7208222276799967
48,95,10,19,0,0.6605369870131605
48,96,10,20,0,0.5986077939423762
48,97,10,20,0,0.6074432176536562
48,98,10,20,0,0.7403164032424072
48,99,10,20,0,0.784970267878198
48,100,10,20,0,0.6613308201214736
49,50,10,10,1,0.6118722486790868
49,51,10,11,0,0.6509041882766065
49,52,10,11,0,0.676029781861315
49,53,10,11,0,0.6948953272240639
49,54,10,11,0,0.6705744610744409
49,55,10,11,0,0.611663228280203
49,56,10,12,0,0.6566028232090417
49,57,10,12,0,0.6159076210589445
49,58,10,12,0,0.6615643442998045
49,59,10,12,0,0.6968418930304363
49,60,10,12,0,0.6087746244314394
49,61,10,13,0,0.6287442921060074
49,62,10,13,0,0.6613608213356084
49,63,10,13,0,0.6410885437003295
49,64,10,13,0,0.6710071096963408
49,65,10,13,0,0.7050916369757944
49,66,10,14,0,0.6665171925734111
49,67,10,14,0,0.6463293919309056
49,68,10,14,0,0.6754676913171138
49,69,10,14,0,0.6221371085694924
49,70,10,14,0,0.6785340678591962
49,71,10,15,0,0.6556218174042271
49,72,10,15,0,0.683387070370391
49,73,10,15,0,0.6782342769920059
49,74,10,15,0,0.6685784879790697
49,75,10,15,0,0.6533686403342548
49,76,10,16,0,0.6276245678411876
49,77,10,16,0,0.6685788035806728
49,78,10,16,0,0.6644773397777816
49,79,10,16,0,0.6490695652795044
49,80,10,16,0,0.6800535622283015
49,81,10,17,0,0.6421568769645376
49,82,10,17,0,0.6942144423541565
49,83,10,17,0,0.7109795270186774
49,84,10,17,0,0.6207985782569576
49,85,10,17,0,0.717463649191031
49,86,10,18,0,0.6590954979411543
49,87,10,18,0,0.6683783399005621
49,88,10,18,0,0.6891378895746018
49,89,10,18,0,0.6624010687793138
49,90,10,18,0,0.6369972264600455
49,91,10,19,0,0.600248148270582
49,92,10,19,0,0.7338529244386229
49,93,10,19,0,0.6961865768472717
49,94,10,19,0,0.6065657021943918
49,95,10,19,0,0.6732298802616037
49,96,10,20,0,0.6534916030314247
49,97,10,20,0,0.6710966061658394
49,98,10,20,0,0.6628203405943348
49,99,10,20,0,0.6666826993650647
49,100,10,20,0,0.6762445425488359
50,51,10,11,0,0.70736265274854
50,52,10,11,0,0.6449243819307674
50,53,10,11,0,0.6492035854483484
50,54,10,11,0,0.6487944055167525
50,55,10,11,0,0.6493471346370071
50,56,10,12,0,0.6289122069519397
50,57,10,12,0,0.7050147687534197
50,58,10,12,0,0.5600726972503454
50,59,10,12,0,0.6663273130574705
50,60,10,12,0,0.6684526999037229
50,61,10,13,0,0.6389089538800372
50,62,10,13,0,0.6099725174240078
50,63,10,13,0,0.6911636899882816
50,64,10,13,0,0.716071499743389
50,65,10,13,0,0.6057734385590372
50,66,10,14,0,0.6660075705955399
50,67,10,14,0,0.7683369250070833
50,68,10,14,0,0.6327450236370664
50,69,10,14,0,0.6659139651228001
50,70,10,14,0,0.5996847943114176
50,71,10,15,0,0.5993896594324385
50,72,10,15,0,0.6379849500370237
50,73,10,15,0,0.6195807402967257
50,74,10,15,0,0.7308008107719819
50,75,10,15,0,0.6523637484456521
50,76,10,16,0,0.7682970906806473
50,77,10,16,0,0.6515141241959814
50,78,10,16,0,0.6180724333243298
50,79,10,16,0,0.599772761450294
50,80,10,16,0,0.6027970773775658
50,81,10,17,0,0.6776674134864658
50,82,10,17,0,0.6480106496206522
50,83,10,17,0,0.6692062858840904
50,84,10,17,0,0.7254070992520111
50,85,10,17,0,0.6034598609904531
50,86,10,18,0,0.7061330028298852
50,87,10,18,0,0.6501758972553582
50,88,10,18,0,0.612112461470262
50,89,10,18,0,0.6246719866196558
50,90,10,18,0,0.6859812225993285
50,91,10,19,0,0.6402149505670495
50,92,10,19,0,0.5982060344279696
50,93,10,19,0,0.6522740759426285
50,94,10,19,0,0.7154587108292004
50,95,10,19,0,0.6303924039674472
50,96,10,20,0,0.6925532674580198
50,97,10,20,0,0.6355308705248549
50,98,10,20,0,0.6219019969839665
50,99,10,20,0,0.6299350092586804
50,100,10,20,0,0.7131807302149317
51,52,11,11,1,0.5979659635118204
51,53,11,11,1,0.6242109461445289
51,54,11,11,1,0.6427345920258378
51,55,11,11,1,0.5575295748764516
51,56,11,12,0,0.6925373181525092
51,57,11,12,0,0.6165701755541342
51,58,11,12,0,0.5774841654586818
51,59,11,12,0,0.650767726136496
51,60,11,12,0,0.6820115233937961
51,61,11,13,0,0.6140901267991419
51,62,11,13,0,0.6051408613673842
51,63,11,13,0,0.7372232325212668
51,64,11,13,0,0.6361942980119775
51,65,11,13,0,0.6705702584474529
51,66,11,14,0,0.6570278223324533
51,67,11,14,0,0.725393700745661
51,68,11,14,0,0.6705698565707191
51,69,11,14,0,0.6354833435760265
51,70,11,14,0,0.5822775041116296
51,71,11,15,0,0.6609084909064151
51,72,11,15,0,0.6664011638683225
51,73,11,15,0,0.6128080452531842
51,74,11,15,0,0.7065746109259686
51,75,11,15,0,0.6379843081494587
51,76,11,16,0,0.71501076572715
51,77,11,16,0,0.6129407791272776
51,78,11,16,0,0.647132716188215
51,79,11,16,0,0.613125096182758
51,80,11,16,0,0.700231589989639
51,81,11,17,0,0.6919418290021706
51,82,11,17,0,0.6182241747612194
51,83,11,17,0,0.6800520219099833
51,84,11,17,0,0.680976771619504
51,85,11,17,0,0.6381812969253078
51,86,11,18,0,0.6235590092448087
51,87,11,18,0,0.6132857226675924
51,88,11,18,0,0.6286719903652447
51,89,11,18,0,0.6367391947433796
51,90,11,18,0,0.7326562418661575
51,91,11,19,0,0.6788829975553219
51,92,11,19,0,0.628046281945249
51,93,11,19,0,0.6599531399500962
51,94,11,19,0,0.6851326233686691
51,95,11,19,0,0.6970918488145796
51,96,11,20,0,0.7235110657569135
51,97,11,20,0,0.5950338318526196
51,98,11,20,0,0.6295890721995483
51,99,11,20,0,0.6660899050334528
51,100,11,20,0,0.6705150646598759
52,53,11,11,1,0.6325828688905017
52,54,11,11,1,0.6528166556726565
52,55,11,11,1,0.5821439498103474
52,56,11,12,0,0.6071390933600531
52,57,11,12,0,0.6162036512937008
52,58,11,12,0,0.7110393288339951
52,59,11,12,0,0.6152811533344674
52,60,11,12,0,0.6312426957462123
52,61,11,13,0,0.6438381578972758
52,62,11,13,0,0.6896860971060641
52,63,11,13,0,0.5822333155089603
52,64,11,13,0,0.7014680684400777
52,65,11,13,0,0.6269796229929605
52,66,11,14,0,0.6261047441710078
52,67,11,14,0,0.6547648846846741
52,68,11,14,0,0.7173980282017254
52,69,11,14,0,0.5909093534395902
52,70,11,14,0,0.6408738590957319
52,71,11,15,0,0.7100668908157227
52,72,11,15,0,0.6242597865459583
52,73,11,15,0,0.6735939035720784
52,74,11,15,0,0.6785944844919822
52,75,11,15,0,0.5918622292227144
52,76,11,16,0,0.6506863593331059
52,77,11,16,0,0.681173986731659
52,78,11,16,0,0.6021302294747444
52,79,11,16,0,0.6657130970741967
52,80,11,16,0,0.6755606714789014
52,81,11,17,0,0.6287303430893338
52,82,11,17,0,0.6400205049486989
52,83,11,17,0,0.6704588211013199
52,84,11,17,0,0.6439991651817837
52,85,11,17,0,0.7459956713915548
52,86,11,18,0,0.6246597172972588
52,87,11,18,0,0.5969395288063639
52,88,11,18,0,0.6833710136705051
52,89,11,18,0,0.6624780270148865
52,90,11,18,0,0.6351613605033798
52,91,11,19,0,0.6924638476199181
52,92,11,19,0,0.7078075898284477
52,93,11,19,0,0.6241607464249769
52,94,11,19,0,0.6356957649351584
52,95,11,19,0,0.6369377569700121
52,96,11,20,0,0.6503441352236945
52,97,11,20,0,0.7056282015860238
52,98,11,20,0,0.6459638934242538
52,99,11,20,0,0.631455695420253
52,100,11,20,0,0.6450957594956837
53,54,11,11,1,0.6866982135729466
53,55,11,11,1,0.6172041026565741
53,56,11,12,0,0.6246483887047276
53,57,11,12,0,0.7503370741409066
53,58,11,12,0,0.5762820524093588
53,59,11,12,0,0.7658063169835334
53,60,11,12,0,0.6614671797488476
53,61,11,13,0,0.6821023098611874
53,62,11,13,0,0.6525960418873064
53,63,11,13,0,0.6573864275848313
53,64,11,13,0,0.7395294088958706
53,65,11,13,0,0.6554790213335566
53,66,11,14,0,0.6404277248089315
53,67,11,14,0,0.6881930070506128
53,68,11,14,0,0.6784837238299903
53,69,11,14,0,0.6419477934493363
53,70,11,14,0,0.7324959933750991
53,71,11,15,0,0.6390453768294566
53,72,11,15,0,0.6331745060224079
53,73,11,15,0,0.6976755691675512
53,74,11,15,0,0.6882520172940559
53,75,11,15,0,0.6773977215895657
53,76,11,16,0,0.6674273286509714
53,77,11,16,0,0.6807489520570601
53,78,11,16,0,0.7937675763932703
53,79,11,16,0,0.6125685798084225
53,80,11,16,0,0.6475376407642168
53,81,11,17,0,0.7016437093045942
53,82,11,17,0,0.653780457578766
53,83,11,17,0,0.7216285734709551
53,84,11,17,0,0.678515407509223
53,85,11,17,0,0.664452310964109
53,86,11,18,0,0.6257375661446001
53,87,11,18,0,0.6871267581179202
53,88,11,18,0,0.7394755402383609
53,89,11,18,0,0.6651372578080025
53,90,11,18,0,0.6772661096082896
53,91,11,19,0,0.6856122728233127
53,92,11,19,0,0.6204406144686172
53,93,11,19,0,0.7814914116813041
53,94,11,19,0,0.6523203998681327
53,95,11,19,0,0.6859271267946984
53,96,11,20,0,0.7006110410953469
53,97,11,20,0,0.6505760520484309
53,98,11,20,0,0.7165377479832147
53,99,11,20,0,0.6652553572606585
53,100,11,20,0,0.6787376841665591
54,55,11,11,1,0.6363418223514115
54,56,11,12,0,0.7340203986416509
54,57,11,12,0,0.7019161166380212
54,58,11,12,0,0.5791876452373782
54,59,11,12,0,0.7249621724918873
54,60,11,12,0,0.6572509608497534
54,61,11,13,0,0.7399403329576522
54,62,11,13,0,0.6761135651834833
54,63,11,13,0,0.619718334556228
54,64,11,13,0,0.7741717930457732
54,65,11,13,0,0.6865120064143748
54,66,11,14,0,0.747401907273875
54,67,11,14,0,0.7055027761840234
54,68,11,14,0,0.7443259548644967
54,69,11,14,0,0.6656115202822142
54,70,11,14,0,0.6300226646818823
54,71,11,15,0,0.6434704622875986
54,72,11,15,0,0.7280176892848481
54,73,11,15,0,0.7305794244485742
54,74,11,15,0,0.7055156186287962
54,75,11,15,0,0.6629915032820465
54,76,11,16,0,0.6451545529357522
54,77,11,16,0,0.7357459887284562
54,78,11,16,0,0.721182369281415
54,79,11,16,0,0.6395886611510766
54,80,11,16,0,0.7200707939906001
54,81,11,17,0,0.6729107986549153
54,82,11,17,0,0.6556963416464632
54,83,11,17,0,0.7838756505176279
54,84,11,17,0,0.6775968812028788
54,85,11,17,0,0.7054563187098428
54,86,11,18,0,0.6349949024353269
54,87,11,18,0,0.7125811415534562
54,88,11,18,0,0.6961458239347178
54,89,11,18,0,0.7148551953102167
54,90,11,18,0,0.7404469307145882
54,91,11,19,0,0.7031406562135305
54,92,11,19,0,0.6872382274792834
54,93,11,19,0,0.741287499683398
54,94,11,19,0,0.6386360366987973
54,95,11,19,0,0.7301942691113283
54,96,11,20,0,0.6842470149554954
54,97,11,20,0,0.6181910159163289
54,98,11,20,0,0.7788156587637172
54,99,11,20,0,0.7508905369332666
54,100,11,20,0,0.6460562264254848
55,56,11,12,0,0.6471415306375616
55,57,11,12,0,0.6754901388851939
55,58,11,12,0,0.5078913935014959
55,59,11,12,0,0.7215349424136858
55,60,11,12,0,0.6567995557762121
55,61,11,13,0,0.6572770752523438
55,62,11,13,0,0.6586506207123928
55,63,11,13,0,0.5960852899440501
55,64,11,13,0,0.6469374619590617
55,65,11,13,0,0.6822262062836317
55,66,11,14,0,0.7069558600809431
55,67,11,14,0,0.6143678718806562
55,68,11,14,0,0.6087862814723566
55,69,11,14,0,0.6951146513426896
55,70,11,14,0,0.651203195013645
55,71,11,15,0,0.5697217743980976
55,72,11,15,0,0.7460100161242487
55,73,11,15,0,0.6582215391963184
55,74,11,15,0,0.5857569504883059
55,75,11,15,0,0.7266065965726378
55,76,11,16,0,0.6051513122120892
55,77,11,16,0,0.6358475260092231
55,78,11,16,0,0.6718495689533001
55,79,11,16,0,0.6737579249689678
55,80,11,16,0,0.6244913734020024
55,81,11,17,0,0.6145399967124203
55,82,11,17,0,0.7111329707617471
55,83,11,17,0,0.6688456121747203
55,84,11,17,0,0.6448927001429929
55,85,11,17,0,0.5973528512818891
55,86,11,18,0,0.5902763527072669
55,87,11,18,0,0.6936106371120094
55,88,11,18,0,0.6232432215197976
55,89,11,18,0,0.6617693537897573
55,90,11,18,0,0.656667039451782
55,91,11,19,0,0.5951962118094501
55,92,11,19,0,0.6364495186241192
55,93,11,19,0,0.6144713710886924
55,94,11,19,0,0.6827428456389704
55,95,11,19,0,0.6732677113861147
55,96,11,20,0,0.5945328007394826
55,97,11,20,0,0.6065232518200777
55,98,11,20,0,0.69509759382172
55,99,11,20,0,0.6971316994014591
55,100,11,20,0,0.6297909630823967
56,57,12,12,1,0.6346725107047688
56,58,12,12,1,0.5423599289047718
56,59,12,12,1,0.6711186798191974
56,60,12,12,1,0.5954907914552077
56,61,12,13,0,0.6528639861457586
56,62,12,13,0,0.654137051819216
56,63,12,13,0,0.6162816801878337
56,64,12,13,0,0.6719106706063263
56,65,12,13,0,0.6426644634947325
56,66,12,14,0,0.765397159013232
56,67,12,14,0,0.6382888976819558
56,68,12,14,0,0.6595206321426139
56,69,12,14,0,0.6777676915512006
56,70,12,14,0,0.6007149415278531
56,71,12,15,0,0.6218392442750533
56,72,12,15,0,0.6719716488557792
56,73,12,15,0,0.6848334392167139
56,74,12,15,0,0.6446237749811448
56,75,12,15,0,0.6499893100511616
56,76,12,16,0,0.6592291541876465
56,77,12,16,0,0.6609186286080702
56,78,12,16,0,0.6512842681146529
56,79,12,16,0,0.6273282967565765
56,80,12,16,0,0.7019539393260805
56,81,12,17,0,0.6371845010096711
56,82,12,17,0,0.6339208321084902
56,83,12,17,0,0.7678087781080168
56,84,12,17,0,0.6392514675918537
56,85,12,17,0,0.647949106173607
56,86,12,18,0,0.6176946142239415
56,87,12,18,0,0.7002749957651124
56,88,12,18,0,0.6521773334675196
56,89,12,18,0,0.6424903607267292
56,90,12,18,0,0.7253576799876666
56,91,12,19,0,0.6645766987684212
56,92,12,19,0,0.6632057420057449
56,93,12,19,0,0.6744503490759951
56,94,12,19,0,0.635028434677311
56,95,12,19,0,0.6994475778248616
56,96,12,20,0,0.6624095556104534
56,97,12,20,0,0.6078740356679584
56,98,12,20,0,0.6784561299964178
56,99,12,20,0,0.7330526283298726
56,100,12,20,0,0.6330024172084269
57,58,12,12,1,0.5271888211201169
57,59,12,12,1,0.6934458700532371
57,60,12,12,1,0.6528309702852373
57,61,12,13,0,0.6779474170744
57,62,12,13,0,0.622066219014784
57,63,12,13,0,0.6468084057027972
57,64,12,13,0,0.7142756390271727
57,65,12,13,0,0.7035695598367091
57,66,12,14,0,0.6732231926209691
57,67,12,14,0,0.6704627100871372
57,68,12,14,0,0.6652580951374089
57,69,12,14,0,0.7605118499229713
57,70,12,14,0,0.6103100408783791
57,71,12,15,0,0.5868000670205873
57,72,12,15,0,0.6909497432691742
57,73,12,15,0,0.7221368011872284
57,74,12,15,0,0.6313340622778638
57,75,12,15,0,0.7266736706247996
57,76,12,16,0,0.6698182179246418
57,77,12,16,0,0.6679436120430078
57,78,12,16,0,0.7604625952882927
57,79,12,16,0,0.6332019524006212
57,80,12,16,0,0.6180220172349381
57,81,12,17,0,0.760383154904053
57,82,12,17,0,0.6896875091545118
57,83,12,17,0,0.7445277764934853
57,84,12,17,0,0.6562198739493219
57,85,12,17,0,0.6090498659637993
57,86,12,18,0,0.6686530821747521
57,87,12,18,0,0.6976283399113808
57,88,12,18,0,0.6998783135553415
57,89,12,18,0,0.6629276617866361
57,90,12,18,0,0.6677800135272086
57,91,12,19,0,0.6301031802805955
57,92,12,19,0,0.6098080748628596
57,93,12,19,0,0.7339146710060066
57,94,12,19,0,0.6695451991785908
57,95,12,19,0,0.6633186011882641
57,96,12,20,0,0.6767917792253992
57,97,12,20,0,0.6526962723345111
57,98,12,20,0,0.7386046527202077
57,99,12,20,0,0.6955117826306427
57,100,12,20,0,0.6780924502067068
58,59,12,12,1,0.5406260095312209
58,60,12,12,1,0.49859919239277356
58,61,12,13,0,0.5890492839903396
58,62,12,13,0,0.5878732962079882
58,63,12,13,0,0.5385284387292416
58,64,12,13,0,0.603139931894519
58,65,12,13,0,0.5967924394756782
58,66,12,14,0,0.5570885503972041
58,67,12,14,0,0.5867848132811545
58,68,12,14,0,0.6584146313240107
58,69,12,14,0,0.5029974414813072
58,70,12,14,0,0.5920403000448078
58,71,12,15,0,0.6546796452465048
58,72,12,15,0,0.5616381533501735
58,73,12,15,0,0.5994856438653271
58,74,12,15,0,0.6098029288169191
58,75,12,15,0,0.5350034306217826
58,76,12,16,0,0.5742850740483576
58,77,12,16,0,0.6037311967892827
58,78,12,16,0,0.5573627285423253
58,79,12,16,0,0.5509130710487438
58,80,12,16,0,0.6182561799205155
58,81,12,17,0,0.5641573807401683
58,82,12,17,0,0.5819725021156079
58,83,12,17,0,0.5750507534663426
58,84,12,17,0,0.5680423878106138
58,85,12,17,0,0.6666048201975465
58,86,12,18,0,0.6353674501283979
58,87,12,18,0,0.5152947379331516
58,88,12,18,0,0.6553495817225686
58,89,12,18,0,0.5878538369761487
58,90,12,18,0,0.5560386641170667
58,91,12,19,0,0.6300949645316276
58,92,12,19,0,0.6028872902066327
58,93,12,19,0,0.556747145496057
58,94,12,19,0,0.5461815771176005
58,95,12,19,0,0.5928236939935811
58,96,12,20,0,0.5561592941162854
58,97,12,20,0,0.6656007047356434
58,98,12,20,0,0.574248391837483
58,99,12,20,0,0.5471831942478897
58,100,12,20,0,0.5803633534467159
59,60,12,12,1,0.671126132146959
59,61,12,13,0,0.7356233587533694
59,62,12,13,0,0.6460964237726285
59,63,12,13,0,0.6443612131499643
59,64,12,13,0,0.7693071971000032
59,65,12,13,0,0.6811864438173505
59,66,12,14,0,0.6976243885347978
59,67,12,14,0,0.7204241712834949
59,68,12,14,0,0.6882071855414643
59,69,12,14,0,0.6707927911217261
59,70,12,14,0,0.7511771526927278
59,71,12,15,0,0.6081725003662222
59,72,12,15,0,0.731049540530059
59,73,12,15,0,0.715655967513132
59,74,12,15,0,0.6904675937500422
59,75,12,15,0,0.7519309177546016
59,76,12,16,0,0.6829736487628459
59,77,12,16,0,0.649296476199035
59,78,12,16,0,0.7663761810619709
59,79,12,16,0,0.6645423115410717
59,80,12,16,0,0.7026571617920403
59,81,12,17,0,0.6807205576435069
59,82,12,17,0,0.6736986369925527
59,83,12,17,0,0.7397856087984086
59,84,12,17,0,0.7482578564523523
59,85,12,17,0,0.6956979198082872
59,86,12,18,0,0.6225982642752284
59,87,12,18,0,0.7407134178977255
59,88,12,18,0,0.65565408908057
59,89,12,18,0,0.7374046043852258
59,90,12,18,0,0.7572759899599972
59,91,12,19,0,0.6881794690415017
59,92,12,19,0,0.6329758812594648
59,93,12,19,0,0.7583202778216034
59,94,12,19,0,0.7304564785116501
59,95,12,19,0,0.7117691623445637
59,96,12,20,0,0.7089192863348179
59,97,12,20,0,0.607467768628439
59,98,12,20,0,0.7211386284924388
59,99,12,20,0,0.7575292347371512
59,100,12,20,0,0.6757509652776201
60,61,12,13,0,0.6206837312388871
60,62,12,13,0,0.6199392988205583
60,63,12,13,0,0.6607612507960057
60,64,12,13,0,0.6779038439480585
60,65,12,13,0,0.6586318492187302
60,66,12,14,0,0.6142439898456353
60,67,12,14,0,0.7581144475262257
60,68,12,14,0,0.6377712131726843
60,69,12,14,0,0.6771290754936587
60,70,12,14,0,0.635852655190356
60,71,12,15,0,0.6275011346702575
60,72,12,15,0,0.6920926287873044
60,73,12,15,0,0.6164915204835321
60,74,12,15,0,0.6999689370640751
60,75,12,15,0,0.6155626189008119
60,76,12,16,0,0.6597687291813343
60,77,12,16,0,0.6842147697055381
60,78,12,16,0,0.6422512275878824
60,79,12,16,0,0.704553589333665
60,80,12,16,0,0.6244294031241948
60,81,12,17,0,0.6157997993045097
60,82,12,17,0,0.7045807375991137
60,83,12,17,0,0.6739001799210758
60,84,12,17,0,0.685884598508202
60,85,12,17,0,0.6713891858832516
60,86,12,18,0,0.5945256806815256
60,87,12,18,0,0.6483708133786352
60,88,12,18,0,0.6090801165571558
60,89,12,18,0,0.743777540429771
60,90,12,18,0,0.6737494840281911
60,91,12,19,0,0.6334202385031185
60,92,12,19,0,0.6290764591338148
60,93,12,19,0,0.6165615909332343
60,94,12,19,0,0.7063458868398789
60,95,12,19,0,0.6895455959223769
60,96,12,20,0,0.6414355135263954
60,97,12,20,0,0.5924783113934409
60,98,12,20,0,0.6832231308477075
60,99,12,20,0,0.6542119274181595
60,100,12,20,0,0.6980503441030101
61,62,13,13,1,0.6342928843190963
61,63,13,13,1,0.593775831956676
61,64,13,13,1,0.6681243924838042
61,65,13,13,1,0.6394382468791218
61,66,13,14,0,0.6301934019044191
61,67,13,14,0,0.6429749612216307
61,68,13,14,0,0.7223198393001187
61,69,13,14,0,0.64525535238823
61,70,13,14,0,0.6834566083795096
61,71,13,15,0,0.6674034506130342
61,72,13,15,0,0.6527303808887907
61,73,13,15,0,0.6799415024242761
61,74,13,15,0,0.6382906232762529
61,75,13,15,0,0.7072657918068845
61,76,13,16,0,0.6170984784196856
61,77,13,16,0,0.7386912533408175
61,78,13,16,0,0.6439688293208637
61,79,13,16,0,0.6180369145776857
61,80,13,16,0,0.7459107666547475
61,81,13,17,0,0.6048538093874373
61,82,13,17,0,0.6819254966507453
61,83,13,17,0,0.6870291175937695
61,84,13,17,0,0.6705723330186708
61,85,13,17,0,0.6986462269745888
61,86,13,18,0,0.6158145574032721
61,87,13,18,0,0.6286854368669517
61,88,13,18,0,0.6990233351604863
61,89,13,18,0,0.6993316470068093
61,90,13,18,0,0.7034907076044873
61,91,13,19,0,0.6573504983572429
61,92,13,19,0,0.6407886443821431
61,93,13,19,0,0.6594849688733235
61,94,13,19,0,0.6991591487736257
61,95,13,19,0,0.7156547948870189
61,96,13,20,0,0.6555399000028157
61,97,13,20,0,0.5893019825518134
61,98,13,20,0,0.6803277334234317
61,99,13,20,0,0.711201805877917
61,100,13,20,0,0.6783783014828475
62,63,13,13,1,0.5777979293859671
62,64,13,13,1,0.6283875660912901
62,65,13,13,1,0.6158933813968966
62,66,13,14,0,0.6893302115185371
62,67,13,14,0,0.5812790723728083
62,68,13,14,0,0.6892470362728496
62,69,13,14,0,0.6002475703258263
62,70,13,14,0,0.6763134710157956
62,71,13,15,0,0.7191497605442918
62,72,13,15,0,0.6435799943602285
62,73,13,15,0,0.6692680651030467
62,74,13,15,0,0.6158681134705084
62,75,13,15,0,0.6526116203081784
62,76,13,16,0,0.6312078029914036
62,77,13,16,0,0.6529647069634836
62,78,13,16,0,0.6918736063530313
62,79,13,16,0,0.6306126958638948
62,80,13,16,0,0.6398545157323257
62,81,13,17,0,0.7083878181426888
62,82,13,17,0,0.641145589673107
62,83,13,17,0,0.6645384653256061
62,84,13,17,0,0.5863727686511415
62,85,13,17,0,0.6929346404807961
62,86,13,18,0,0.6357106897860685
62,87,13,18,0,0.632359835202042
62,88,13,18,0,0.7007241916655815
62,89,13,18,0,0.6590544247584693
62,90,13,18,0,0.6635329299940668
62,91,13,19,0,0.6651138428846838
62,92,13,19,0,0.6864445228839966
62,93,13,19,0,0.6736405439270581
62,94,13,19,0,0.6259922163574744
62,95,13,19,0,0.6172357484788499
62,96,13,20,0,0.6254727229165108
62,97,13,20,0,0.6479550001318255
62,98,13,20,0,0.6942705701355951
62,99,13,20,0,0.6483877923171434
62,100,13,20,0,0.6303139395742096
63,64,13,13,1,0.5985458397652755
63,65,13,13,1,0.5998389693691801
63,66,13,14,0,0.6371790935234853
63,67,13,14,0,0.710326547541689
63,68,13,14,0,0.5907119037632396
63,69,13,14,0,0.6492067117448111
63,70,13,14,0,0.5839425086764659
63,71,13,15,0,0.5834270107621238
63,72,13,15,0,0.6690462150147556
63,73,13,15,0,0.5981497666269063
63,74,13,15,0,0.6486358240478941
63,75,13,15,0,0.7231747769444135
63,76,13,16,0,0.6441639360565041
63,77,13,16,0,0.6191481070230938
63,78,13,16,0,0.6358110798877454
63,79,13,16,0,0.6293994795108324
63,80,13,16,0,0.6185056899968082
63,81,13,17,0,0.6661210697662667
63,82,13,17,0,0.6392758171113091
63,83,13,17,0,0.6590421616511268
63,84,13,17,0,0.6198561442579287
63,85,13,17,0,0.6126941690644405
63,86,13,18,0,0.6217578074660017
63,87,13,18,0,0.6087778883969284
63,88,13,18,0,0.6390078315137726
63,89,13,18,0,0.6433651133813866
63,90,13,18,0,0.6853943727521976
63,91,13,19,0,0.5676187768398743
63,92,13,19,0,0.6510365684233368
63,93,13,19,0,0.7222506969968701
63,94,13,19,0,0.6640814627984761
63,95,13,19,0,0.6318572797950527
63,96,13,20,0,0.6224709614641944
63,97,13,20,0,0.6579024475092364
63,98,13,20,0,0.599537793583484
63,99,13,20,0,0.5989882881440309
63,100,13,20,0,0.6618949596535593
64,65,13,13,1,0.6386291337868871
64,66,13,14,0,0.6952225590940393
64,67,13,14,0,0.7614227543543615
64,68,13,14,0,0.6822123976317771
64,69,13,14,0,0.6383277493347843
64,70,13,14,0,0.6852278644740339
64,71,13,15,0,0.6043942020435387
64,72,13,15,0,0.6813950094584585
64,73,13,15,0,0.6876808689147619
64,74,13,15,0,0.7576867341095705
64,75,13,15,0,0.6722431687409932
64,76,13,16,0,0.7282757668830726
64,77,13,16,0,0.6886102078508489
64,78,13,16,0,0.7435422583295251
64,79,13,16,0,0.6307836237126505
64,80,13,16,0,0.6568829437411425
64,81,13,17,0,0.6529826944439412
64,82,13,17,0,0.6524021198635533
64,83,13,17,0,0.7472029213642251
64,84,13,17,0,0.7640180723591202
64,85,13,17,0,0.6921189729944488
64,86,13,18,0,0.6627079137610823
64,87,13,18,0,0.7367622555514906
64,88,13,18,0,0.6806537889589046
64,89,13,18,0,0.6884916886882647
64,90,13,18,0,0.7209724324223392
64,91,13,19,0,0.7425650286888252
64,92,13,19,0,0.6224585942083433
64,93,13,19,0,0.7198743334567588
64,94,13,19,0,0.6533995342026893
64,95,13,19,0,0.7031617466465805
64,96,13,20,0,0.7102136217713706
64,97,13,20,0,0.6685329434976339
64,98,13,20,0,0.73058207236663
64,99,13,20,0,0.727626827200244
64,100,13,20,0,0.6591438020188799
65,66,13,14,0,0.687728028967509
65,67,13,14,0,0.640017819930576
65,68,13,14,0,0.736417909804792
65,69,13,14,0,0.6943842790845693
65,70,13,14,0,0.5964108523266598
65,71,13,15,0,0.6177857912304626
65,72,13,15,0,0.7368852136591514
65,73,13,15,0,0.7053203889120602
65,74,13,15,0,0.622562082023633
65,75,13,15,0,0.6565514621096881
65,76,13,16,0,0.6408225475585583
65,77,13,16,0,0.6386689643766785
65,78,13,16,0,0.676206254103673
65,79,13,16,0,0.6613100820870792
65,80,13,16,0,0.7038642841577039
65,81,13,17,0,0.6399743768036122
65,82,13,17,0,0.7017795727990528
65,83,13,17,0,0.7544137400111968
65,84,13,17,0,0.596035633344893
65,85,13,17,0,0.6627441474396275
65,86,13,18,0,0.623957392848141
65,87,13,18,0,0.7055676960325657
65,88,13,18,0,0.653010436755241
65,89,13,18,0,0.6780060553337086
65,90,13,18,0,0.6581822551049645
65,91,13,19,0,0.7072408296444482
65,92,13,19,0,0.6531672106790938
65,93,13,19,0,0.661484111456143
65,94,13,19,0,0.5941317079427119
65,95,13,19,0,0.7162814126062016
65,96,13,20,0,0.6574584421012956
65,97,13,20,0,0.6022369025012089
65,98,13,20,0,0.7633443135186517
65,99,13,20,0,0.7194223819784951
65,100,13,20,0,0.6251653464184641
66,67,14,14,1,0.6491794514710771
66,68,14,14,1,0.6366160973015268
66,69,14,14,1,0.6282922302089664
66,70,14,14,1,0.5923311143522836
66,71,14,15,0,0.6509779786418698
66,72,14,15,0,0.7589829583505338
66,73,14,15,0,0.6798010924059574
66,74,14,15,0,0.629055754262013
66,75,14,15,0,0.6674354568734422
66,76,14,16,0,0.6472297210568507
66,77,14,16,0,0.6629064184701848
66,78,14,16,0,0.6837056048876747
66,79,14,16,0,0.698796649117529
66,80,14,16,0,0.6648806640746365
66,81,14,17,0,0.7015422137618518
66,82,14,17,0,0.669179326606506
66,83,14,17,0,0.7839878907328999
66,84,14,17,0,0.6265475774111982
66,85,14,17,0,0.6483848676213635
66,86,14,18,0,0.5946436307992374
66,87,14,18,0,0.6927971235730308
66,88,14,18,0,0.6428386396844467
66,89,14,18,0,0.691946237233314
66,90,14,18,0,0.7647412116165544
66,91,14,19,0,0.7114704798355516
66,92,14,19,0,0.7110744546135026
66,93,14,19,0,0.6545575126543834
66,94,14,19,0,0.6171691571743743
66,95,14,19,0,0.6742902020991592
66,96,14,20,0,0.6949646039420077
66,97,14,20,0,0.6567967886936263
66,98,14,20,0,0.7056151192369446
66,99,14,20,0,0.6531782150983639
66,100,14,20,0,0.6201150533020914
67,68,14,14,1,0.6463672243559986
67,69,14,14,1,0.6112608620650253
67,70,14,14,1,0.6196885515854289
67,71,14,15,0,0.593424082637874
67,72,14,15,0,0.6736894753124419
67,73,14,15,0,0.6472653234738517
67,74,14,15,0,0.7740415034836923
67,75,14,15,0,0.6357642723463919
67,76,14,16,0,0.7645843750011923
67,77,14,16,0,0.6909273619129472
67,78,14,16,0,0.6705911616764976
67,79,14,16,0,0.6125065249577539
67,80,14,16,0,0.6593720149061331
67,81,14,17,0,0.6517773236935911
67,82,14,17,0,0.6241103894877761
67,83,14,17,0,0.6926960611548549
67,84,14,17,0,0.7635498736602584
67,85,14,17,0,0.6804979335536538
67,86,14,18,0,0.6957361337526287
67,87,14,18,0,0.6499055113393073
67,88,14,18,0,0.628008649694128
67,89,14,18,0,0.689616856261624
67,90,14,18,0,0.6991251282079922
67,91,14,19,0,0.688167757139696
67,92,14,19,0,0.6353690231393743
67,93,14,19,0,0.6658253616629558
67,94,14,19,0,0.6978954211462894
67,95,14,19,0,0.6715845735184927
67,96,14,20,0,0.6765693529993981
67,97,14,20,0,0.6686959221942135
67,98,14,20,0,0.6607146806493984
67,99,14,20,0,0.6543955538878374
67,100,14,20,0,0.6952524286547187
68,69,14,14,1,0.6142955204027609
68,70,14,14,1,0.635832835108973
68,71,14,15,0,0.7132913104770324
68,72,14,15,0,0.6623251170115825
68,73,14,15,0,0.7117935049742914
68,74,14,15,0,0.692270418019193
68,75,14,15,0,0.6316146377742153
68,76,14,16,0,0.6561849184361461
68,77,14,16,0,0.7298929052917431
68,78,14,16,0,0.6892848659250768
68,79,14,16,0,0.6379518224890481
68,80,14,16,0,0.7091465978150162
68,81,14,17,0,0.6870848372954644
68,82,14,17,0,0.6533307527203048
68,83,14,17,0,0.7186116738633743
68,84,14,17,0,0.6392527483553753
68,85,14,17,0,0.7033165489825063
68,86,14,18,0,0.6559376343757203
68,87,14,18,0,0.6794705357894743
68,88,14,18,0,0.6972764193104144
68,89,14,18,0,0.6846605593033369
68,90,14,18,0,0.6815550697769353
68,91,14,19,0,0.706673037190002
68,92,14,19,0,0.6606813204530702
68,93,14,19,0,0.680552887610398
68,94,14,19,0,0.6196113482479448
68,95,14,19,0,0.7231083142183344
68,96,14,20,0,0.672361089470837
68,97,14,20,0,0.64635946544534
68,98,14,20,0,0.7098327936093838
68,99,14,20,0,0.7264530443218075
68,100,14,20,0,0.6597125225088938
69,70,14,14,1,0.5562794155149047
69,71,14,15,0,0.5522582476334086
69,72,14,15,0,0.7128021358837933
69,73,14,15,0,0.662044843375984
69,74,14,15,0,0.6204595062304019
69,75,14,15,0,0.7428679052486984
69,76,14,16,0,0.6050008137071222
69,77,14,16,0,0.626298448360546
69,78,14,16,0,0.6748429237283828
69,79,14,16,0,0.6915368155935842
69,80,14,16,0,0.6290343808264174
69,81,14,17,0,0.6725868518796911
69,82,14,17,0,0.7481433217528505
69,83,14,17,0,0.6928153700979096
69,84,14,17,0,0.6235716362210056
69,85,14,17,0,0.6074538852706033
69,86,14,18,0,0.6015774022232298
69,87,14,18,0,0.7200978801463658
69,88,14,18,0,0.6356941441112485
69,89,14,18,0,0.626700970616656
69,90,14,18,0,0.6783523347244469
69,91,14,19,0,0.5811518857009467
69,92,14,19,0,0.5890522763317247
69,93,14,19,0,0.7059781077979552
69,94,14,19,0,0.6811180023194355
69,95,14,19,0,0.6798162331726494
69,96,14,20,0,0.6263944248148451
69,97,14,20,0,0.6359417251001099
69,98,14,20,0,0.6882613959564543
69,99,14,20,0,0.7022270572737783
69,100,14,20,0,0.6536520384389417
70,71,14,15,0,0.6525866132472596
70,72,14,15,0,0.6277778198287804
70,73,14,15,0,0.6415743839769349
70,74,14,15,0,0.6442467125204672
70,75,14,15,0,0.6459110059577905
70,76,14,16,0,0.5888246905110637
70,77,14,16,0,0.6166727335940088
70,78,14,16,0,0.7021852966888592
70,79,14,16,0,0.6099884857404942
70,80,14,16,0,0.6748700290814513
70,81,14,17,0,0.595315751585999
70,82,14,17,0,0.6400655187929176
70,83,14,17,0,0.6527124955828453
70,84,14,17,0,0.6541131181303794
70,85,14,17,0,0.7055049494348935
70,86,14,18,0,0.6008063702535706
70,87,14,18,0,0.6535870100481009
70,88,14,18,0,0.6956945477209057
70,89,14,18,0,0.702173257150142
70,90,14,18,0,0.6102562929032971
70,91,14,19,0,0.622131862070093
70,92,14,19,0,0.6582776329207607
70,93,14,19,0,0.6704690161133716
70,94,14,19,0,0.6690517435353898
70,95,14,19,0,0.6334095088317078
70,96,14,20,0,0.633188578779232
70,97,14,20,0,0.618515282386632
70,98,14,20,0,0.6487749824637723
70,99,14,20,0,0.6590455671359771
70,100,14,20,0,0.6771832902288503
71,72,15,15,1,0.6231723196264469
71,73,15,15,1,0.5993567051408744
71,74,15,15,1,0.5925750988427001
71,75,15,15,1,0.5735857492647823
71,76,15,16,0,0.5766685169643767
71,77,15,16,0,0.6854373169839703
71,78,15,16,0,0.6361135167881088
71,79,15,16,0,0.6378033353870348
71,80,15,16,0,0.6852825977899295
71,81,15,17,0,0.6382810626523733
71,82,15,17,0,0.6096539428600243
71,83,15,17,0,0.6722125707476689
71,84,15,17,0,0.5695486378643831
71,85,15,17,0,0.7139919493736411
71,86,15,18,0,0.5921349053224163
71,87,15,18,0,0.5965414251474043
71,88,15,18,0,0.65029658807756
71,89,15,18,0,0.6644265407057739
71,90,15,18,0,0.6674505093924842
71,91,15,19,0,0.678002820833591
71,92,15,19,0,0.6569059716848188
71,93,15,19,0,0.6046008527879868
71,94,15,19,0,0.6154022397328767
71,95,15,19,0,0.6653476303722412
71,96,15,20,0,0.6805136666402927
71,97,15,20,0,0.5987527849651537
71,98,15,20,0,0.6269765395390227
71,99,15,20,0,0.5970680798762285
71,100,15,20,0,0.6365082035027605
72,73,15,15,1,0.635568217452341
72,74,15,15,1,0.6201997171717128
72,75,15,15,1,0.6913868804197866
72,76,15,16,0,0.6234356588906966
72,77,15,16,0,0.6412247146611183
72,78,15,16,0,0.6868774045206735
72,79,15,16,0,0.7871465874400434
72,80,15,16,0,0.6580927694753844
72,81,15,17,0,0.723961310485431
72,82,15,17,0,0.7202918690925927
72,83,15,17,0,0.7466219290527694
72,84,15,17,0,0.6198323695595525
72,85,15,17,0,0.6669093903230219
72,86,15,18,0,0.606654325160993
72,87,15,18,0,0.7455969008030348
72,88,15,18,0,0.6553537866677628
72,89,15,18,0,0.6943053932588205
72,90,15,18,0,0.7216367024219338
72,91,15,19,0,0.6354392295586382
72,92,15,19,0,0.7110219613081354
72,93,15,19,0,0.673277626760114
72,94,15,19,0,0.6567032926121181
72,95,15,19,0,0.7249177895129914
72,96,15,20,0,0.6440492136327232
72,97,15,20,0,0.6744225695961799
72,98,15,20,0,0.7091548406065213
72,99,15,20,0,0.7132994498961374
72,100,15,20,0,0.6542891737449179
73,74,15,15,1,0.6536389518737742
73,75,15,15,1,0.6530837094938167
73,76,15,16,0,0.6756169981111362
73,77,15,16,0,0.641584322260633
73,78,15,16,0,0.7002683473791396
73,79,15,16,0,0.6400449212897221
73,80,15,16,0,0.6722653496078184
73,81,15,17,0,0.6652120401750122
73,82,15,17,0,0.6826356222246046
73,83,15,17,0,0.7586994169538105
73,84,15,17,0,0.647087033360634
73,85,15,17,0,0.6995456512301375
73,86,15,18,0,0.6589996053832352
73,87,15,18,0,0.6610486710726869
73,88,15,18,0,0.7065055797065638
73,89,15,18,0,0.6612170103244044
73,90,15,18,0,0.6773335752368451
73,91,15,19,0,0.6638900555195717
73,92,15,19,0,0.6584272208492008
73,93,15,19,0,0.6908021472673662
73,94,15,19,0,0.6512287874532845
73,95,15,19,0,0.7125009472535018
73,96,15,20,0,0.6438247055766544
73,97,15,20,0,0.6539986664512308
73,98,15,20,0,0.7308871917418489
73,99,15,20,0,0.6938919569835469
73,100,15,20,0,0.6519434703758771
74,75,15,15,1,0.6182008075354362
74,76,15,16,0,0.7336761151986728
74,77,15,16,0,0.658460873422939
74,78,15,16,0,0.6866821668824433
74,79,15,16,0,0.596195640737795
74,80,15,16,0,0.6385254175197558
74,81,15,17,0,0.6078218975552618
74,82,15,17,0,0.6338574889826285
74,83,15,17,0,0.6763659174302783
74,84,15,17,0,0.8076557829324786
74,85,15,17,0,0.6605923193206231
74,86,15,18,0,0.6611333087145671
74,87,15,18,0,0.6533534786308755
74,88,15,18,0,0.6727474309555326
74,89,15,18,0,0.6646310158556206
74,90,15,18,0,0.6621704456961361
74,91,15,19,0,0.7088803959665775
74,92,15,19,0,0.5848740408588928
74,93,15,19,0,0.7151990017534554
74,94,15,19,0,0.688377548018672
74,95,15,19,0,0.6384267733701963
74,96,15,20,0,0.6872666019871299
74,97,15,20,0,0.6388927312873456
74,98,15,20,0,0.6871139136966247
74,99,15,20,0,0.6740452313734073
74,100,15,20,0,0.6912873951151632
75,76,15,16,0,0.6230774153560772
75,77,15,16,0,0.6411151833335312
75,78,15,16,0,0.7019495962464305
75,79,15,16,0,0.6443021271814358
75,80,15,16,0,0.686072766093651
75,81,15,17,0,0.6711737281378889
75,82,15,17,0,0.7146460112862836
75,83,15,17,0,0.6968670044609564
75,84,15,17,0,0.6561413155603643
75,85,15,17,0,0.6353740499234379
75,86,15,18,0,0.6243518663726957
75,87,15,18,0,0.6422575870467899
75,88,15,18,0,0.6693195256451534
75,89,15,18,0,0.6782037712532891
75,90,15,18,0,0.7205882604274483
75,91,15,19,0,0.6222267732294359
75,92,15,19,0,0.6277719534903656
75,93,15,19,0,0.7389975166313516
75,94,15,19,0,0.7025260790910828
75,95,15,19,0,0.6598267526166115
75,96,15,20,0,0.6141735123831443
75,97,15,20,0,0.6434460041731995
75,98,15,20,0,0.6729763744316786
75,99,15,20,0,0.7391855765028992
75,100,15,20,0,0.6604704710566539
76,77,16,16,1,0.5933959650667939
76,78,16,16,1,0.6364374372544379
76,79,16,16,1,0.5482424443746747
76,80,16,16,1,0.6138731593350479
76,81,16,17,0,0.6896559209247594
76,82,16,17,0,0.6144702220080762
76,83,16,17,0,0.6985369974381247
76,84,16,17,0,0.7378528111457521
76,85,16,17,0,0.6090564843507216
76,86,16,18,0,0.6701304777587289
76,87,16,18,0,0.633674640367216
76,88,16,18,0,0.6321546263073343
76,89,16,18,0,0.6224816168933067
76,90,16,18,0,0.6968887223626219
76,91,16,19,0,0.6756074156796187
76,92,16,19,0,0.5824999775329824
76,93,16,19,0,0.6642201235922528
76,94,16,19,0,0.6890123720581511
76,95,16,19,0,0.6446154383182172
76,96,16,20,0,0.6478444874154743
76,97,16,20,0,0.6219143210030627
76,98,16,20,0,0.6958802734480153
76,99,16,20,0,0.6808919012235325
76,100,16,20,0,0.6556326430694791
77,78,16,16,1,0.6239951485674224
77,79,16,16,1,0.6158425772205067
77,80,16,16,1,0.6677675659686031
77,81,16,17,0,0.6142356845455861
77,82,16,17,0,0.6570059882466677
77,83,16,17,0,0.7101277206588066
77,84,16,17,0,0.6271816191516102
77,85,16,17,0,0.7002857535526549
77,86,16,18,0,0.614118398671778
77,87,16,18,0,0.6416369314614239
77,88,16,18,0,0.6439804020717443
77,89,16,18,0,0.6902340143868708
77,90,16,18,0,0.6771255692455556
77,91,16,19,0,0.6466851591891322
77,92,16,19,0,0.6948108275718541
77,93,16,19,0,0.6478556716086462
77,94,16,19,0,0.6292589712352631
77,95,16,19,0,0.6560423632310592
77,96,16,20,0,0.6338284128241659
77,97,16,20,0,0.6527911847030551
77,98,16,20,0,0.6584629494070762
77,99,16,20,0,0.6379672450514955
77,100,16,20,0,0.6679712711071077
78,79,16,16,1,0.619026299375371
78,80,16,16,1,0.6490412122437725
78,81,16,17,0,0.7358874009055285
78,82,16,17,0,0.6545385755676072
78,83,16,17,0,0.7140468231791511
78,84,16,17,0,0.7129538514888039
78,85,16,17,0,0.6345002432644312
78,86,16,18,0,0.65456099503696
78,87,16,18,0,0.6929626150020681
78,88,16,18,0,0.7503494598522951
78,89,16,18,0,0.6653904367269468
78,90,16,18,0,0.6736053494859031
78,91,16,19,0,0.6761542286336242
78,92,16,19,0,0.6236048145085652
78,93,16,19,0,0.7579502330224157
78,94,16,19,0,0.6554106883077082
78,95,16,19,0,0.6821599716387626
78,96,16,20,0,0.6797986240235183
78,97,16,20,0,0.6662722170850575
78,98,16,20,0,0.7297822719579857
78,99,16,20,0,0.7025188000990609
78,100,16,20,0,0.6574996188478871
79,80,16,16,1,0.5895807811725762
79,81,16,17,0,0.6279059543740053
79,82,16,17,0,0.694474356082402
79,83,16,17,0,0.6674448622490593
79,84,16,17,0,0.5842829135903571
79,85,16,17,0,0.6743102467081404
79,86,16,18,0,0.5434061390121188
79,87,16,18,0,0.7150183218840308
79,88,16,18,0,0.639836056506037
79,89,16,18,0,0.6806144353883365
79,90,16,18,0,0.6663571474246381
79,91,16,19,0,0.5919508011680381
79,92,16,19,0,0.6283268021356372
79,93,16,19,0,0.6171962384551599
79,94,16,19,0,0.6499592886556418
79,95,16,19,0,0.7007195818792088
79,96,16,20,0,0.5863147154159293
79,97,16,20,0,0.6411551319177097
79,98,16,20,0,0.6647411899963069
79,99,16,20,0,0.6316149918226012
79,100,16,20,0,0.6798629198479957
80,81,16,17,0,0.6059319458322676
80,82,16,17,0,0.6207070813143752
80,83,16,17,0,0.7311207868221243
80,84,16,17,0,0.6481496095027905
80,85,16,17,0,0.7387365639575747
80,86,16,18,0,0.6299526080682485
80,87,16,18,0,0.6221899891300089
80,88,16,18,0,0.6770318160399968
80,89,16,18,0,0.7052028943399069
80,90,16,18,0,0.6872145850317228
80,91,16,19,0,0.6728773833223411
80,92,16,19,0,0.6615701988584834
80,93,16,19,0,0.6525331494508315
80,94,16,19,0,0.6363800005443707
80,95,16,19,0,0.7634443638276066
80,96,16,20,0,0.7195267671953686
80,97,16,20,0,0.608380017529528
80,98,16,20,0,0.6791264647108436
80,99,16,20,0,0.7255741604947222
80,100,16,20,0,0.6292780815898846
81,82,17,17,1,0.6111828483799069
81,83,17,17,1,0.66369535463506
81,84,17,17,1,0.6069235840013094
81,85,17,17,1,0.6035246168651901
81,86,17,18,0,0.6337870847273848
81,87,17,18,0,0.6747396327435795
81,88,17,18,0,0.7011149395616649
81,89,17,18,0,0.6314015767895931
81,90,17,18,0,0.6760944175159855
81,91,17,19,0,0.6316067606346798
81,92,17,19,0,0.6509526325496398
81,93,17,19,0,0.7112967113453676
81,94,17,19,0,0.638581010627991
81,95,17,19,0,0.646155042097414
81,96,17,20,0,0.6800734396749685
81,97,17,20,0,0.7102624182003947
81,98,17,20,0,0.6770132467737495
81,99,17,20,0,0.636493130258325
81,100,17,20,0,0.6213190744429138
82,83,17,17,1,0.6760777335982615
82,84,17,17,1,0.6058160382963083
82,85,17,17,1,0.6627338148176203
82,86,17,18,0,0.6100441548372072
82,87,17,18,0,0.6601008604856988
82,88,17,18,0,0.6701477393862478
82,89,17,18,0,0.6843144060326654
82,90,17,18,0,0.6815114745891593
82,91,17,19,0,0.6102670139743944
82,92,17,19,0,0.6676601252723148
82,93,17,19,0,0.6482781386113634
82,94,17,19,0,0.682619281934336
82,95,17,19,0,0.678313217597101
82,96,17,20,0,0.6054744103252712
82,97,17,20,0,0.6397877476720453
82,98,17,20,0,0.7144974760986147
82,99,17,20,0,0.6525648405599852
82,100,17,20,0,0.6967908028322085
83,84,17,17,1,0.6496831761329283
83,85,17,17,1,0.6825979240418782
83,86,17,18,0,0.6673104422718692
83,87,17,18,0,0.760503772766338
83,88,17,18,0,0.6879003661057385
83,89,17,18,0,0.7201241889933997
83,90,17,18,0,0.7619026606967103
83,91,17,19,0,0.6985165689355268
83,92,17,19,0,0.6838745476528278
83,93,17,19,0,0.7119826531516229
83,94,17,19,0,0.6743775103676617
83,95,17,19,0,0.7405562008168509
83,96,17,20,0,0.7083687208600045
83,97,17,20,0,0.6410167103873026
83,98,17,20,0,0.7633943149217969
83,99,17,20,0,0.7736845605610232
83,100,17,20,0,0.6914986951629363
84,85,17,17,1,0.5970987276443458
84,86,17,18,0,0.6465265479614867
84,87,17,18,0,0.6606771560209685
84,88,17,18,0,0.6297460665460417
84,89,17,18,0,0.6563923645035723
84,90,17,18,0,0.6315790871459106
84,91,17,19,0,0.6602980849017516
84,92,17,19,0,0.5945327517110828
84,93,17,19,0,0.6690915080611153
84,94,17,19,0,0.7470042243939812
84,95,17,19,0,0.6582048210785714
84,96,17,20,0,0.6833896489736617
84,97,17,20,0,0.611494627513057
84,98,17,20,0,0.6555042995932331
84,99,17,20,0,0.6915969139130083
84,100,17,20,0,0.6502319422903201
85,86,17,18,0,0.5969208047550938
85,87,17,18,0,0.6074727022443592
85,88,17,18,0,0.7117418292683986
85,89,17,18,0,0.7289808787444407
85,90,17,18,0,0.679057434201015
85,91,17,19,0,0.6905502590384796
85,92,17,19,0,0.6524541352343911
85,93,17,19,0,0.6494649809855921
85,94,17,19,0,0.6430835564934692
85,95,17,19,0,0.7062953019964868
85,96,17,20,0,0.6311350624371117
85,97,17,20,0,0.6654339383920735
85,98,17,20,0,0.6558645803210167
85,99,17,20,0,0.6756882898342256
85,100,17,20,0,0.7197098800060612
86,87,18,18,1,0.6155499004439238
86,88,18,18,1,0.6417737738649886
86,89,18,18,1,0.5844257653900373
86,90,18,18,1,0.5738106260970431
86,91,18,19,0,0.6128140822631442
86,92,18,19,0,0.6490915366194322
86,93,18,19,0,0.6362757876451606
86,94,18,19,0,0.6535836199968277
86,95,18,19,0,0.622895781617467
86,96,18,20,0,0.5872508173325629
86,97,18,20,0,0.6551617682184574
86,98,18,20,0,0.6249398398480936
86,99,18,20,0,0.6376174950157749
86,100,18,20,0,0.6874461131486403
87,88,18,18,1,0.6193039208817916
87,89,18,18,1,0.6351409203566558
87,90,18,18,1,0.6420461394050228
87,91,18,19,0,0.6283213297972781
87,92,18,19,0,0.6399232860280122
87,93,18,19,0,0.773113710794985
87,94,18,19,0,0.6260741308500202
87,95,18,19,0,0.6778021520614248
87,96,18,20,0,0.6795449869505381
87,97,18,20,0,0.638558454859621
87,98,18,20,0,0.7385537445158855
87,99,18,20,0,0.7061183749833813
87,100,18,20,0,0.6220489211361666
88,89,18,18,1,0.6291324460310685
88,90,18,18,1,0.622508802154009
88,91,18,19,0,0.6391917367656152
88,92,18,19,0,0.6618825186457531
88,93,18,19,0,0.7064456765504358
88,94,18,19,0,0.6600114415108032
88,95,18,19,0,0.7073884583727288
88,96,18,20,0,0.6499178622733409
88,97,18,20,0,0.712380018001161
88,98,18,20,0,0.7128048869846115
88,99,18,20,0,0.6796415301445116
88,100,18,20,0,0.6690395482435663
89,90,18,18,1,0.7027973753802583
89,91,18,19,0,0.6964264998727946
89,92,18,19,0,0.62957303912043
89,93,18,19,0,0.657539652347876
89,94,18,19,0,0.6978033971773276
89,95,18,19,0,0.6619212294697264
89,96,18,20,0,0.63145499352518
89,97,18,20,0,0.6078821069928324
89,98,18,20,0,0.6897565388956544
89,99,18,20,0,0.7090188589490278
89,100,18,20,0,0.6765631517229483
90,91,18,19,0,0.70566604547685
90,92,18,19,0,0.6429589795851112
90,93,18,19,0,0.6925679926138841
90,94,18,19,0,0.6418273712291587
90,95,18,19,0,0.7427780511920107
90,96,18,20,0,0.7144136331645004
90,97,18,20,0,0.6142972641626724
90,98,18,20,0,0.7068597079320517
90,99,18,20,0,0.7004164288833924
90,100,18,20,0,0.6483308438705049
91,92,19,19,1,0.6055155782887125
91,93,19,19,1,0.6674723144116271
91,94,19,19,1,0.5915474287410719
91,95,19,19,1,0.634216928947768
91,96,19,20,0,0.6984263037240317
91,97,19,20,0,0.6144942819820698
91,98,19,20,0,0.6947490964844689
91,99,19,20,0,0.685319309031529
91,100,19,20,0,0.6017970524341687
92,93,19,19,1,0.6381018721486069
92,94,19,19,1,0.5977211462330801
92,95,19,19,1,0.6154881152580243
92,96,19,20,0,0.6193283104401989
92,97,19,20,0,0.7042684762668903
92,98,19,20,0,0.6401072250133331
92,99,19,20,0,0.6424945799965766
92,100,19,20,0,0.6099819666917407
93,94,19,19,1,0.6356045893903792
93,95,19,19,1,0.6424549581917458
93,96,19,20,0,0.6813352326124292
93,97,19,20,0,0.6692623840267684
93,98,19,20,0,0.7236803045134773
93,99,19,20,0,0.7068315363975416
93,100,19,20,0,0.620450941132391
94,95,19,19,1,0.652511974421907
94,96,19,20,0,0.6192435946083583
94,97,19,20,0,0.6119010598639811
94,98,19,20,0,0.6437767690083032
94,99,19,20,0,0.6945570475766157
94,100,19,20,0,0.7685771031256572
95,96,19,20,0,0.7126393670402442
95,97,19,20,0,0.6014382275226944
95,98,19,20,0,0.7292969996736675
95,99,19,20,0,0.6955200582686256
95,100,19,20,0,0.6742577306057138
96,97,20,20,1,0.5689811387839981
96,98,20,20,1,0.6247065771987235
96,99,20,20,1,0.6467979309107073
96,100,20,20,1,0.624279924493442
97,98,20,20,1,0.6194652177624409
97,99,20,20,1,0.5818219124073896
97,100,20,20,1,0.6229788302474831
98,99,20,20,1,0.6984706065823278
98,100,20,20,1,0.624617221813732
99,100,20,20,1,0.6440111139021816
