gsm	RPS4Y1	HLA-DRB1	HLA-DRB5	PRG3	EIF1AY	PRG2	TUBB1	GP9	GNG11	HOXA5	THBS1	MMP8	HIST1H1E	CCR7	PRTN3	EMP1	ORM1	HIST1H4B	DEFB1	GZMH	CCL2	PI3	TPSAB1	HES4	CXCL2	GZMB	RGS1	GYPB	IL7R	HIST1H1B	ALPL	FGFBP2	HBM	KLRB1	LTF	TFF3	GZMA	VWF	RAP1GAP	PPBP	HBG2	CD247	CD6	F13A1	CCL3L1	HP	CA1	RBPMS2	HIST1H2BG	GZMK	HBG1	HIST1H1D	EGR2	PGLYRP1	HIST1H2AH	PRF1	SPTA1	SLC4A1	PCOLCE2	IL2RB	AZU1	GIMAP4	CLEC1B	MAFB	XIST	TSPAN9	RNASE3	GJB6	HBEGF	HLA-DQA1	SPOCK2	CEACAM6	MMP9	LEF1	KLRF1	NRGN	RETN	SH3BGRL2	GSTM1	CEBPE	CD19	IL1B	CD2	SLC45A3	TNFAIP3	VCAN	SLPI	RHAG	LGALS2	PIK3IP1	ESAM	PHACTR1	TPSB2	COL17A1	TSPAN33	TACSTD2	CD83	ABCA13	TGFBI	ITGB3	CYP1B1	CCL3	AHSP	TCN1	OSBP2	CD8A	CEACAM1	BPI	HLA-DQB1	CD24	DEFA4	ITGA2B	S1PR5	TGFBR3	ITK	CEACAM8	EPB42	GNLY	ITPR3	KLF9	OLR1	CX3CR1	PPP1R16B	HIST1H2AE	IFIT2	OLFM4	ARG1	FPR2	IFI27	SERPINB10	CLEC11A	CRISP2	CD7	TOP2A	ORM2	HIST1H4E	ADM	IFIT3	ICOS	BAG3	TNFSF10	MPO	SERPINE2	ANXA3	LY86	TEX101	MS4A2	PTPN20	SIK1	BAMBI	KLHL15	GTSF1	FGL2	MAL	FCRLA	FOLR3	EOMES	NEU4	MPL	G0S2	PROS1	IRF8	CHIT1	DUSP5	AQP10	CDCA5	BEX1	CD27	GATA2	CA4	GBP5	GIMAP8	HLA-DMB	CMTM2	EPAS1	CDC20	SELENBP1	KIAA1324	MX1	CLIC3	SLC2A5	HIST1H2AM	ARID5B	APOBEC3B	CLEC5A	TMEM176A	IFNG	THBS4	CD177	CKAP2L	SOCS2	VSTM1	TREM1	CLDN5	SUCNR1	AURKB	ACRBP	LAMA5	TMEM140	PLEKHA1	ASGR1	RRM2	TK1	DLGAP5	CSF1R	MCOLN2	AVPI1	SNCA	TMCC2	CEP55	GADD45B	CCNB2	EPDR1	HMMR	CRISP3	GBP1	FAR2	STOX2	CYTL1	CFC1B	TNFRSF21	S1PR1	C15orf48	TROAP	HIST1H1C	PRKCH	PVRIG	IFIT1	PLCH2	FFAR2	PITX1	CEACAM3	CD14	PLAU	RGL4	BEX2	TSPAN2	IFITM3	HAVCR2	HDC	TYMS	HMOX1	PDE6H	AQP9	ZMYND15	HBQ1	FCGR3B	VNN1	NCAPG	XK	CPA3	HBD	PPFIA4	DDIT4	PLSCR1	OSM
GSM3737693	12.11243949	10.68917164	11.38657344	4.446307535	8.561684149	6.637242201	10.02558932	7.628304259	8.682985071	5.128796979	4.994499315	7.403250841	4.429600054	11.8517848	8.753484542	6.783337942	7.38435115	4.647028568	4.717691909	10.34455587	5.849080282	7.016249976	5.8167006505	6.380242771	5.097919213	10.71969621	7.519164437	5.910437166	11.935139585	4.318515802	7.070108625	10.0441506	8.010040822	11.79799219	11.58169337	6.427459494	10.79738027	5.536408709	6.448940493	10.75823267	13.14212632	11.77705722	10.71374888	7.531380635	8.110314907333333	8.401810922	8.638099859	5.111649651	5.26790559	9.588144429	12.83862287	4.779280032	9.174376711	10.1533421	4.320483605	10.02637632	5.26450217	6.637242201	6.793209033	11.0801679	11.64667526	11.81884572	6.488733882	9.578986861	6.098787511	6.079094858	12.03215937	4.433125916	6.353181747	9.643778039	11.79101061	12.26939181	6.650309793	11.033708905000001	9.457532875	8.87235873	10.52125577	6.763653608	6.175302283000001	8.318455451	7.006593721	8.134024557	10.53943743	10.28698592	8.567729937	11.67979422	9.043240648	4.429600054	9.619545407	11.78019024	6.170945627	5.117125102	5.809914731	7.931621865	7.990670684	9.753939062	8.081176828	7.831359361	11.60676853	4.953871863	8.535805509	8.821189009	9.604641828	11.45526958	6.576655949	9.516762143333333	8.650941285666667	12.01884485	7.226130154	10.946936178	13.05646348	6.021674196	8.711422842	9.253313227	10.23458282	12.18142179	7.2921289	8.756228213	10.3062776	10.1844788	9.39233285	9.6349944885	7.484482218	5.157233879	8.830894444	7.2275093155	9.548817692	7.641031132	4.679848027	8.748828427	7.597306903	5.559445836	10.40026228	6.24649132	5.318133123	4.626323693	7.076012746	6.808638831666666	7.757743475	7.673676391	10.00742723	12.01404164	6.174258165	10.34061856	9.518306656	7.593008987	10.16053313	6.112753057	5.6655566155	4.900735063	4.591710341	5.698965594	11.04191513	10.3114228905	7.156145225	12.36826826	9.287584692	4.353379711	4.631975664	6.415299859	4.651525293	10.83809422	4.908089772	7.981792602	4.449185188	6.568176208	5.938668257	9.061705607	9.322320276	5.26790559	9.056911153	9.656555023	12.00468217	8.330043391	6.49852345	5.623192093	6.919631804	5.591928089	10.89719119	8.464000674	9.613867908	4.535709953	8.059521341	4.601765039	7.152769657	7.502930387	4.63869823	7.075065696	4.3755041275	4.843737377	8.872873185	8.607252853	6.913293334	5.189642452	6.800790702	4.910502882	7.238463441	6.055383553	8.108872339	9.150306295	8.617694728	5.590498224	6.030793467	5.0829176255	11.30509683	8.026182776	5.548641884	9.569999267	4.548213144	5.230369513	7.935188986	5.863309329	5.798136312	4.876836099	4.969977687	8.3801562635	7.6498606375	6.885199356	4.546299334	8.672793256	5.782542743	7.768752236	4.699938929666666	4.826641868	8.39193227	9.939302038	8.702935248	6.409369922	7.679966769	6.381595207	4.912596014	6.827632464	12.316832365	5.765627529	10.08019559	8.048690631	6.0892027424999995	9.620248274	9.652844783	12.00960278	8.280057357	7.602701945	5.656413743	9.717827942	5.936102702	7.901561864	8.407866310500001	5.576810978	5.586853175	5.227850361	11.12362965	11.40748293	6.152887312	9.468861372	7.216103154	9.35841288
GSM3737694	11.62871888	5.983921562	4.410622458	4.408284868	9.034081407	6.740341527	9.166118347	7.131448637	8.437875145	4.647348378	5.776691095	7.816163	4.50251083	9.255360326	8.434189098	5.739727661	7.324465592	5.547201977	4.705498262	9.560306756	6.690593127	9.480680612	6.755750669499999	8.081804621	7.953956316	9.361591778	8.978607384	5.352410592	9.6674039845	4.456780068	8.728660675	8.767459964	6.103046048	10.41231502	10.86328603	5.648080509	9.845380437	5.686169196	4.709095471	10.11622197	12.60299495	10.43901362	8.957301289	7.24108837	9.554737505666667	9.185141017	7.060683531	4.780556735	5.643854736	8.338594327	12.67153874	4.990742849	11.45526958	9.279612753	4.326230168	8.313352404	4.901298933	5.326803547	6.419098144	9.442619359	11.35429984	11.57806984	5.967504897	11.04459113	6.310753409	5.628314239	11.53052259	5.7349455565	8.965116578	11.37603487	10.12283594	11.39019745	9.457585867	8.8526689705	8.205452817000001	8.868669528	7.833610908	6.00681762	8.239673287333334	7.095643148	6.390991105	10.12882391	9.150810066	9.439573141	8.978607384	12.65598765	8.46875794	4.471680843	9.587771459	9.874952377	5.463772008	5.759658245	6.343966785	7.331690780500001	7.424427875	9.318403698	9.9428367765	7.650261929	11.70027416	4.931251994	9.863845713	10.27618367	8.442009978	10.84224303	4.885621324	8.495124713000001	8.54272098	11.06463184	8.623517603	9.7315967765	12.83083814	5.547201977	6.802326503	8.485061555	8.716658361	11.48939323	6.233028546	9.278814678666667	8.589252807	9.1025496	8.606553263	9.535909350999999	7.169970903	4.61416314	10.49331853	6.110777936	8.757601475	9.4112321145	4.519821955	7.481134247	8.095253595	5.053141885	8.550982801	6.606688949	5.303653951	4.993515189	9.68946461	8.584400326333332	6.56715731	6.569110315	10.86711292	11.86518618	5.1307511	9.52597117	9.942604455	7.085028655	9.422842026	5.675108135	6.935500817	5.324590011	5.396058401	5.601103132	12.01631577	8.6303995115	6.295403559	8.807968321	7.607252462	5.014891328	4.39295658	9.838110555	5.424119733	11.09970251	4.622596664	8.2229126	4.57445664	6.885885701	7.158506493500001	6.530713547	8.678249466	7.438401143	10.49784238	9.486788729	12.280069	10.79738027	6.934783061	5.347156912	5.99411878	6.881635287	11.16999016	6.168680829	8.568177414	4.562094418	7.884004475	4.905111756	7.570874772	8.463549484	4.751310951	5.667801129	4.5556286749999995	5.339220504	8.431734466	8.578820411	8.802775163	4.663337178	6.466380685	5.074508962	6.888323396	5.107800139	7.756145544	8.094094768000001	10.00554546	5.867407166	5.704534311	4.9816190165	12.05874441	7.609124077	6.141147598	8.807996059	4.419858243	4.946120283	9.373438185	5.820521156	5.554734987	4.776764555	4.589867882	9.189837081	7.886686320499999	6.196549093	4.818860411	8.460532254	5.697434141	7.085756106	5.174868801666666	4.898599001	10.76214487	9.084303766	6.782553247	7.7351182755	6.486883589	8.593114457	4.355568389	7.555163469	12.9457862	6.285860373	9.521626812	6.799598602	6.2834674985	11.19580145	9.303766239	11.58169337	8.000756479	8.603017593	6.628094597	11.80565229	7.774353983	7.343055197	10.593089768	6.903014392	5.927362482	4.645812465	10.83057867	10.3667204	5.818339825	9.738169507	8.229954858	11.33955306
GSM3737695	10.64295977	4.52493444	4.472741399	7.403064396	8.9268191165	12.21846482	7.395908045	7.334965956	6.774229725	5.938757913	5.300469169	11.84009886	4.396407329	8.380789767	10.35966023	4.692941239	10.81400401	4.590194971	6.668839175	7.312310059	4.611839156	9.798665691	7.8467854775	5.669631325	4.629329609	7.64458786	5.773783807	8.238309683	8.512129839	4.450033209	7.864888349	6.90577431	10.66598899	8.960416072	13.66957581	10.2164944	8.017840147	5.871891454	6.3896833	9.950406897	12.72024482	9.111203879000001	7.080821951	5.767758715	6.078541435000001	12.38558857	11.58169337	6.817755126	4.965871202	7.60345943	12.85241612	5.146263809	5.912496915	13.3232508	4.379953269	7.263910537	8.481962938	7.928875479	8.666227167	8.52921859	12.71538779	9.988021729	5.978593123	7.723958798	6.178082076	5.503283968	13.36021952	5.6734875605	5.738434176	7.848236122	8.99052622	13.25573408	13.22257794	7.751131266	6.571019917	7.486507391	12.36533623	5.533758961	5.548217416333333	11.15777514	5.013604526	6.898814217	7.591712437	8.826988334	6.596514333	9.961806734	11.72944678	7.087688227	5.873788932	8.024971667	5.472731701	4.88870642	7.460651267	10.4328780875	6.510655368	11.84332974	7.170569717499999	10.14127948	8.900926222	5.037617515	6.520338732	6.733211658	11.95411809	12.93658581	7.011505637	6.417500026666667	11.433648265333334	13.45747158	5.364203055	12.318559274999998	13.33456616	6.174258165	5.731737101	6.793358077	7.247273826	13.29638883	8.293346621	7.005917119333334	7.076380256	7.306953112	12.00468217	7.096770486	5.638068381	4.687326856	8.187897922	9.9137700705	11.81015239	9.572051818	6.291629296	10.97993639	9.646656016	8.527413465	7.793473924	10.67344978	7.593931047	5.236871031	6.7664999	6.560374657	5.442810274	4.669166148	8.843641062	13.38583922	7.211502008	12.32957311	6.915934119	5.669631325	8.292503293	9.473141079	4.7644500515	7.410653612	4.699013866	5.561741768	10.54316568	7.687222827	4.666207339	11.54219277	6.280519869	4.42266738	5.869169187	8.123916067	5.186611679	8.223920744	7.683520276	6.820117764	4.666207339	11.17297624	8.254191383	5.73542064	8.224729766	9.06394104	7.339324838	7.636899468	9.395719098	9.260418196	6.072890916	8.26149212	7.386018724	4.775022194	10.0089653	5.94652012	11.76494653	4.915560041	6.373860228	7.91753928	10.34360202	5.802100565	4.647374344	8.860604953	5.8287331635	8.988119244	7.024837832499999	10.61564103	6.306601004	4.450033209	9.943663906	8.755262802	5.693323749	5.690128424	7.337216746	6.620174122	7.441828037	9.824526057	10.05069597	7.8704952565	9.247039641	5.436748306	5.099444895	10.111916269	6.720342579	8.839931706	7.614824072	9.357490002	8.322091978	7.9239732924999995	7.045098655	6.424660513	9.7200829935	9.795516149	5.919739613	10.0441506	5.123439314	5.377022439	4.576559978	8.072841037	9.237306821	7.871246857	5.811694623	6.246455967	5.647286994	7.673518135	4.419200111	9.321697721	12.043462315	8.230948091	12.53122048	6.355422671	8.5214074125	9.820188768	7.351223591	11.29147585	11.90674654	6.1434135	8.137887171	9.788291636	5.111944004	8.890338381	9.796960251	9.594394393	9.188674861	6.452908691	10.54063349	13.05871313	8.32053685	8.106573291	9.243553103	9.099458492
GSM3737696	5.531285222	4.650497453	4.383261465	5.767620798	4.4627219495	10.82778835	8.775459044	8.231340692	8.458551433	8.860351146	8.538002553	10.77120736	4.905058337	9.923872012	10.16719715	7.736140447	9.849118192	6.630659958	5.653233193	9.181447089	7.063000628	9.45148352	4.957352491	11.18635905	9.741149007	9.009488655	10.41942411	5.444850034	9.422212326499999	4.526192107	9.243243167	8.138436598	8.159098174	9.999014765	13.59186732	9.910230314	8.945376463	6.122200996	7.32142925	10.97851526	11.83215816	10.338013945	9.611754682	7.495179633	10.469326503333333	10.16333375	9.886977636	5.831538575	6.698804466	8.340021138	11.94105254	5.715810366	8.918050742	12.57088449	4.423831452	7.355047276	6.166265984	7.167401402	5.742654048	9.399493561	12.32085339	8.231340692	6.42528408	10.83396226	9.497472237	5.996851083	12.25056179	8.401617184500001	10.30066584	9.761062735	10.48741707	12.51947186	13.13643611	8.9843958455	7.334546735	8.531494769	10.93175447	6.509014511	8.038569920666667	8.492945968	6.270546525	10.88083098	8.340813975	8.291127034	11.26658135	10.70150132	9.877255209	4.777657802	8.466483945	10.23647879	5.821504599	9.633405663	5.190430488	10.1819339155	7.350302923	10.41464769	11.951020165	9.376369388	10.3962501	5.366330513	6.129662489	10.58174088	10.52614657	12.2442142	6.817515318	8.274555706333333	10.582661997999999	13.22842714	6.700459925	11.723742215000001	13.1655503	6.397209326	6.996389905	8.573157601	8.604904125	12.96987549	8.142973363	8.406633814000001	9.030264507	10.14293257	11.05107259	5.656493598	7.068340505	7.126993697	9.197454507	9.426790422	11.89992724	8.7920120205	5.039665212	9.392927582	8.655316041	7.63802026	8.611577764	7.63802026	7.371315125	5.523086485	10.65235101	6.909736619	8.266915339	7.648457941	7.741410092	12.6870546	5.485143767	11.65022898	8.616391465	6.043437118	7.778374692	9.281499999	8.6536745105	6.198064605	7.527358067	6.107368317	10.44168294	9.273661366999999	5.001148144	10.70400168	6.747988711	7.625525439	4.783391053	11.98098082	5.620460583	9.219090096	6.824917628	10.73059034	5.088190849	9.397354649	8.3386996625	6.728379708	7.716482953	9.661456904	9.190045584	6.21561205	10.68081359	10.66185036	6.706983718	6.873423585	7.456242302	7.379896345	9.20559956	6.581944314	10.2607467	4.807907989	7.884157151	7.040003099	8.4540889	7.008830075	6.540352459	7.831913508	5.8157289785	7.591521555	9.070253807499999	9.821855178	10.29713349	4.742355948	8.006005799	7.181367179	6.31791944	5.272323057	7.097142173	7.573748822	7.634802721	7.992456876	7.696593756	6.090269392	9.440834351	7.768934833	8.670489911	10.045934403	4.883028227	5.899616896	10.7374264	7.926520848	5.644320158	5.6740738305	7.239095253	6.7315315335	8.414455246	8.414715615	5.114892219	9.565847632	6.423490611	7.218562211	7.521668594	6.569458472	11.56108452	9.11991081	6.270546525	5.5699712095	7.237189028	9.028458355	4.454564554	8.571329577	11.38579716	10.5461106	11.81446023	8.117980678	7.8428772455	9.546691322	8.454751954	11.25524616	9.902814581	7.233998059	7.382983291	11.41300579	7.958419184	8.547998634	9.581849098500001	7.158103651	7.586369901	5.198039028	10.032258	11.95843992	7.227369241	11.21621972	7.724257312	12.17584284
GSM3737697	5.585016341	10.50532456	10.40880671	5.137646212	4.553203722499999	9.744092575	8.926233899	7.551939709	8.317652376	9.189811431	9.834864226	11.25043067	4.901787863	9.03661694	8.923636676	6.478944824	11.80287473	5.476587738	7.16165572	8.604633911	4.620200885	10.8916579	5.4312526850000005	9.921823737	8.392612133	8.916986297	9.540696951	10.96309732	10.030745307	4.724684733	10.63310393	8.267098283	12.74602815	10.85359376	13.22842714	11.06137727	9.93894765	7.216249704	10.96663905	10.46346573	13.39949165	10.0695971	9.055618264	7.175288582	9.458338727666666	11.32099024	13.12847804	7.248578897	7.227705166	9.496699637	13.35088875	5.698160363	9.463700822	12.79348285	4.359525851	8.846134402	10.41774474	11.53433629	6.552211154	9.576675061	11.183119	10.36572882	5.525656172	11.14893787	9.421208829	5.423965302	11.27477084	8.310795775999999	10.6628472	9.454941616	10.66871615	11.61272305	13.30039085	9.0729212705	8.120369238999999	8.980395176	10.60352966	6.031999676	7.737286967666667	8.865488092	6.768624048	10.43215571	8.767921994	9.06762174	11.00567418	11.26658135	9.856914869	9.180947463	7.527358067	9.869572796	5.953593434	7.926727765	5.967757026	9.324916722	8.169017975	10.03325507	11.613297865	8.208983263	10.31916863	4.921557718	8.029965263	10.1363729	13.30420816	12.16085422	9.733698396	8.161432409333335	10.454804035333332	11.98807326	5.476587738	11.30188266	13.05085319	5.683744778	7.338131869	7.89190328	8.894302734	12.42473791	10.97508808	9.254468262000001	8.53267613	9.953151706	11.0276144	7.209777943500001	6.884283722	5.79936504	9.094272634	9.5657015545	11.38494554	9.428206284	8.800097201	8.146515104	8.132279605	7.966958392	8.95991411	8.300075562	8.524698408	5.56558589	10.09761093	7.135442087666667	7.668211935	7.475428603	8.838041428	12.08908866	7.131041286	11.60676853	9.481265255	5.122633571	8.357982158	8.820793581	8.343241033	5.485602854	7.760805858	5.612761442	11.23421119	9.2103813685	7.394783303	13.1325459	7.471907165	4.64985777	6.113306704	11.74396205	4.895002733	9.91098603	6.337132188	9.861442201	4.633571386	9.294067616	8.6144911965	7.202189124	8.302862119	10.88083098	8.692437146	7.401856361	11.25831507	10.95564794	6.238800903	8.030752753	10.42116291	6.800507613	9.788291636	6.646797166	9.827648524	5.066185483	7.630122229	6.294111458	8.988854478	4.78445749	5.762433689	6.509839296	7.191018827500001	7.296482649	7.8272667345	9.881454799	9.430256299	4.730812796	6.058481464	7.204692367	6.562638323	5.956258275	7.868757609	7.5594895085000005	8.664713556	7.919533125	7.601978872	7.0396134660000005	10.01862603	6.663623306	8.211167874	12.49891067	9.450573133	6.342702514	9.526637589	8.421102291	6.556951415	6.806253412	6.774538607	6.996402814	8.527525428	7.142600622	5.726882376	8.276905137	5.417466089	6.775876334	5.788156093333332	6.602883658	11.31752561	9.344499116	7.193113586	6.439489672	6.107553579	9.477505103	4.366097406	8.594328097	12.275566235	7.497658192	11.16526681	8.10257666	7.8021655899999995	10.45820676	8.341689761	10.73436907	9.318087067	7.958056619	6.4749862	11.81556802	7.463923634	10.48869355	9.968751639	6.841641636	7.208900734	8.363413394	9.990427391	13.46120387	5.535162671	11.0087797	8.660242003	11.3744374
GSM3737698	5.847583054	6.14701244	6.90021144	11.42042829	4.776895852	13.46120387	6.963749834	6.997366492	6.14104113	7.390557694	5.093685885	11.46548823	6.412797379	5.663781463	12.61041713	4.518798929	11.97642314	7.544110364	9.279911349	5.9156867	4.29844794	7.897617959	5.429218355	5.542306846	4.802277745	4.773896023	7.889493813	4.680313439	5.740022153	6.247154249	7.650108565	4.513520076	6.294465705	5.36896735	13.59186732	10.86328603	5.421299817	4.952337004	4.590907132	9.960947513	7.054716212	5.9110431195	4.933423647	5.944203599	6.981772997	11.82984242	7.138953286	6.128680239	7.639814733	4.895563533	7.159597006	6.542143536	6.006712449	12.91023175	6.569031177	4.704747086	5.421299817	5.654410277	8.487094291	5.894523459	13.20777706	8.534010595	5.453926856	6.952800672	9.028115852	4.553195386	13.30644674	6.7352919025	6.792544923	4.952337004	6.774703318	13.26888436	13.24427926	5.6062937900000005	4.639166841	7.60783038	11.72705267	5.342320388	5.582834967	10.75968181	4.381048217	7.452566423	5.763972859	7.156013515	7.814371222	8.466908735	10.77986715	4.965971763	5.551070643	6.214661318	4.943169701	5.940733756	5.593450565	11.099528710000001	5.873199437	10.69542941	8.715676109	9.722323525	7.666404502	5.137591503	5.476855562	7.958419184	8.033697716	12.57088449	4.47851438	5.448284022666667	11.33655481	13.48149751	4.841062014	12.315780355000001	13.3677463	5.520627904	4.526816596	4.913415177	5.789580122	13.09814917	5.219301651	5.119869404666667	5.12944676	6.662548197	11.69306305	5.8004668585	4.587618465	6.481410937	8.092902451	9.3359380805	11.92451094	8.9234535585	4.473793058	10.28448302	10.65560889	7.969304961	5.546820228	8.605417392	9.210255059	6.225858918	8.651208313	6.291715325666666	4.75745876	4.428883535	7.76799059	13.47737456	5.983838455	12.14823668	6.247154249	5.214813585	6.309436582	9.381963988	5.3511510875	6.144125515	6.494737247	9.194664268	10.24458917	5.6464476455	4.458422911	11.09970251	4.765593672	4.464790682	4.778247747	9.921823737	4.728277134	6.768761872	7.964186809	7.657786605	4.521456795	10.65235101	10.1151661595	4.802277745	6.481410937	10.60148151	6.556169106	5.878713343	7.877059763	10.18197255	5.076231444	7.260232497	5.777978284	4.47851438	8.4614108	4.492602032	11.90224223	6.072377364	4.597381961	8.03997513	10.09359624	4.490292907	4.625211929	8.281717076	6.201305107	7.726295504	7.077740549	10.66777786	7.248267567	4.443116631	9.3372918	8.208365951	5.660224186	4.571530136	6.718559966	4.769453089	6.281561143	8.87458406	9.825394271	7.192494379	8.134447169	4.997285113	5.909949886	7.3305854865	4.39297829	7.93117086	8.25932594	8.778285585	7.857824866	6.8925560225	7.509873114	5.946229223	9.6751692815	8.645031276	5.760032568	10.4448886	4.473793058	4.593817289	4.883776952000001	7.279715988	11.28756292	6.543634404	4.6215349	5.3570445235	4.490292907	8.479186168	4.29844794	9.34212769	9.919964966	8.785978222	12.13778397	5.828686739	8.607405523	7.855627043	6.00376459	9.018793929	11.435808	5.119463071	8.075720907	10.49671326	4.600976945	6.069672696	10.086650883	8.136792231	8.412501038	4.604476645	9.085710063	9.632813294	7.277426881	9.199792203	9.279911349	9.323164794
GSM3737699	11.47687006	4.600513472	4.41061939	10.13263481	8.747730275	13.44705456	6.798726922	6.284841492	6.283240842	8.236977648	4.611354647	10.66657807	5.851429951	5.355938737	12.51253188	5.051346352	10.99979151	5.975730497	4.664284841	6.468673228	4.452949348	7.337676703	6.709647653	6.441230638	4.895152884	6.523486789	8.192798278	7.366107237	6.2663045969999995	5.599087784	6.365974238	6.054015798	9.825394271	7.482878514	13.59968193	10.54807723	6.698985285	5.988046937	5.048953322	9.332063126	11.70573043	7.0967630029999995	5.82283224	5.288653805	7.160740304666667	11.22598944	11.10710664	6.748610757	7.268453288	5.286709369	11.27744597	5.873314776	5.575318476	13.1122251	6.727323439	5.302081201	8.506695597	7.783734232	7.197205412	6.810663988	13.23297046	7.510911647	5.309372791	7.035708651	6.689843657	5.090730488	13.21694031	7.3940771125	8.046714195	5.068827125	7.394783303	13.3232508	13.2263314	6.8799375640000004	5.40779689	7.03770593	11.60676853	5.867124	5.9064773163333335	9.852415552	4.451649958	8.057554057	5.643959704	9.315026639	8.797863794	8.800097201	11.01340317	7.494779752	5.360829964	6.812603825	4.767895744	5.961850461	7.088952707	10.263467854	6.518044914	10.55734393	9.608714664	9.679335123	7.818301882	4.903501704	4.704941983	7.547440016	10.92893847	12.48991665	6.045031164	5.604162696	10.875014449	13.41320311	5.006638133	12.151144905	13.07765388	6.809539026	4.674573353	6.162809177	6.000540877	13.07160124	7.915324811	6.79106167	6.620768117	8.243291058	11.35429984	5.0126998735	5.807247905	6.673366476	7.223166077	8.367157084	11.55956794	7.189085147	4.676282931	9.786225204	10.3889903	8.56730213	6.587960153	9.009003072	6.910603989	5.838723383	9.082280072	5.527114529666666	5.051346352	4.69144694	7.296090649	13.54263125	8.172257676	12.16334492	6.330345517	6.316656786	8.027580055	9.210255059	6.481356073500001	5.627879802	7.791589571	10.15422596	9.012496215	6.784494087000001	4.440985291	10.93041182	5.187037344	4.381158314	6.424619444	9.632472524	4.82225201	7.458363021	7.82263986	8.712326009	4.579832313	10.07843285	10.093172716	4.598644751	8.462824919	10.01065179	6.627767907	5.385918991	8.632701414	9.126190627	6.627767907	9.379384907	6.442527118	5.641497668	6.758943528	4.689156675	11.43836022	5.701501718	6.199731859	7.49351273	9.67105614	4.786409406	4.557418918	8.369224258	5.763405727	7.893620062	8.714589350499999	10.70256583	7.317821455	4.557418918	8.236153243	8.254038977	5.864173742	5.461307036	5.620277527	5.411584083999999	6.107553579	7.815996287	8.725490164	8.110810812499999	8.287389653	4.837678608	6.54874002	8.414254861	6.055055859	7.878666587	8.372660584	9.546691322	8.91539049	7.752011787	7.346531263	5.1308897515	8.7496869885	8.703650915	8.325101155	10.14038365	6.173737829	5.738209031	4.588652265	7.746422634	11.18130945	7.007043605	4.472553614	4.809556923500001	4.831650316	7.361951981	4.343469045	8.316106599	9.308290835000001	9.3008606	12.05645363	8.206784931	8.6246478435	8.293346621	6.64040912	11.54776796	11.07410515	4.952337004	7.788370995	9.582767082	4.702669512	7.415186291	8.9189224445	6.863229945	8.256807713	6.210852113	11.22435905	11.78481643	7.072695349	9.191226065	8.569886844	10.40525162
GSM3737700	5.768227331	4.671995535	4.466403662	4.804978356	4.491488927	10.3089764	11.67176536	11.22435905	10.95235215	8.963552087	7.024024555	7.441170981	6.009724243	10.14388924	10.80472504	6.177573499	9.430256299	5.763146732	5.660224186	10.17458361	4.612254697	8.253206826	7.340194343	9.550105241	7.426788007	9.729840038	11.37052503	5.182876888	9.455167873	4.746081991	9.240794806	8.716658361	7.094417513	10.12193398	12.11471453	10.27198381	9.71122045	9.116049864	5.910299746	12.91964158	12.48991665	10.62031377	9.354219299	9.697796364	10.249442314	9.719406467	8.134024557	8.79760546	7.024024555	7.938898955	12.45340037	5.88475637	9.684174953	11.59307499	4.706330917	8.430330137	5.67491065	6.848817196	6.924501994	9.874123097	12.19519144	9.613867908	8.844895007	9.387063469	9.288791349	8.657301322	12.96987549	5.660027652	8.895126811	10.7881413	10.80232442	12.04057432	11.98208244	9.603549755	7.7666092540000005	10.504372	9.835574933	8.570109942	6.332606865999999	8.118178107	8.655316041	10.86576218	8.896013002	10.90295908	10.57126568	10.68444629	9.483404122	4.715534338	8.044302459	9.948776184	8.631567007	6.853191255	7.038094763	9.697987149	9.891970195	10.65123663	11.291987725	8.728391417	10.3089764	8.288346537	5.821159132	10.56561869	9.256666704	11.76926574	5.511117968	8.668437720666667	9.854134354333334	12.38558857	8.093075824	11.3557652	13.251428	8.032424026	7.170628211	8.730625446	9.379384907	12.57633866	6.811734565	8.304054937333332	9.6259312	10.58946965	10.53014914	6.879910964	7.671282302	6.774229725	9.284009279	9.083621785	10.03057791	7.0708993785	4.762739161	7.942691034	8.333448419	6.576655949	8.905229972	6.266696824	6.268754524	6.184553336	9.464794385	7.658187615	7.254673346	7.636699369	9.196824677	12.79593858	8.362062068	11.42042829	9.272109475	8.818638422	9.739657389	7.766885611	8.4523745565	6.755080884	6.916761483	5.834556581	10.61036443	9.3186141345	8.908858239	12.63624594	7.70702041	4.387838676	7.448081007	11.0429567	7.640552986	10.72930731	4.643036116	10.57224714	8.250998563	8.000369188	7.865742307	7.956901845	10.19726905	8.794469677	8.514627349	7.699036645	11.79510625	9.513752057	8.319690458	7.346531263	6.095132053	7.380992178	10.05790981	7.017769978	9.89733797	5.436826492	8.556441783	5.461239212	7.789787646	6.984286697	7.495733452	8.199648823	4.5403864705	5.511117968	10.166697748	9.620248274	8.54024564	7.916065419	6.657540248	5.494165662	8.839187049	7.709923118	7.859055222	8.1122553565	8.458551433	6.082103624	6.566940358	5.2481616445	10.43215571	7.813847303	7.362979365	9.4590117505	4.383166635	5.332358751	9.500973379	7.062511648	6.689843657	5.0633684465	6.260508905	7.118605929999999	7.902137489499999	6.503302327	5.455747225	9.979070698	5.844226202	7.985965822	6.087331415	5.533631497	11.3578222	9.2848094	7.412789449	6.426175893	7.029424109	8.193178292	4.30787279	7.893806477	10.7585554715	7.804096718	9.410168426	8.447207659	6.8735775605	9.244748836	8.111137836	12.88525545	9.089237765	6.45047925	7.090839082	10.34061856	6.350108595	8.075523152	8.5021952235	5.230303768	5.917701479	6.397637183	11.66544607	10.86172982	7.085371744	10.22064649	7.366275749	12.32085339
GSM3737701	11.05107259	10.93690926	10.71849087	4.971082595	9.0303486745	9.525251417	9.72487423	9.356094045	9.531679754	4.890521583	6.723403529	11.3578222	5.105585344	6.936428125	9.634224739	4.937997131	11.26740774	6.456455359	7.449375648	10.66185036	5.930791567	10.64160576	6.210960244	8.334556816	6.589025288	8.921980051	8.064152738	7.458546727	7.308786403	4.448757503	9.263889995	8.734310575	9.899553452	9.497229999	13.46120387	11.10265642	10.04967401	5.818046867	8.031429326	11.22666561	12.9744605	9.8298230655	8.286085538	8.600524287	9.851365365333335	11.34692971	9.870647911	6.152399394	5.568058953	7.988068632	12.96541585	5.176892457	9.731442607	13.16186028	4.49224358	8.446268718	5.787035897	9.334794456	7.074887359	9.287584692	11.56321612	10.8905358	6.936428125	10.49331853	6.954285972	6.885631537	12.19287435	6.532152914	8.458905961	9.532384131	9.195225824	12.08119175	13.31712407	6.2966342565	8.217454035	9.679621024	11.15909141	7.266848978	5.736648295666666	9.361591778	6.709225984	9.450274556	7.742315742	9.080373134	8.862049346	11.71339542	9.367777378	5.426466955	9.253640446	8.252778254	7.035055645	5.462994469	6.401126603	9.74763496	7.912526986	9.980039732	9.7087584075	9.454588254	10.9898837	6.350661141	8.303290343	10.31769984	11.28677785	12.43507329	7.052051722	8.594395149333332	11.219038757666667	12.70176375	7.330206355	11.5236974475	13.11657661	6.41510616	7.38984998	7.82263986	7.461580896	13.03388537	8.666822776	8.79693046	7.849580367	8.294309138	11.44973978	9.592933639999998	6.299854822	5.883289869	10.82260311	7.99513142	11.62034067	9.2851834075	6.199219292	9.014992167	8.814867474	7.375264821	7.641644605	7.406735583	8.030376306	5.480179604	10.63546391	9.169200058	5.156037225	5.068079041	10.02174473	12.73852761	5.684611635	12.06056702	9.302393548	6.652425223	8.671831826	9.704681613	6.368668372	5.283334513	5.392339088	7.88556228	11.6328371	6.194349663500001	7.08622911	11.09807589	8.168384315	4.894803005	4.976208752	10.2455402	5.392339088	10.04605379	8.051514277	8.72695216	5.283334513	7.925127245	6.769764838	5.54659379	8.79837695	9.950406897	10.68081359	8.380316294	11.98579408	10.74684572	6.481932237	7.103439703	8.181477885	6.996731197	11.12506288	6.908228706	10.2184559	5.082144797	7.203387755	5.673386413	8.928326825	8.001410531	7.152421102	6.731246872	4.460654676	5.814073374	7.996102204	10.21185269	8.703422012	5.965834922	6.632811948	6.461494771	7.73596775	6.034317383	7.901934716	6.6613966325	9.414581518	6.42528408	6.755080884	6.210863077	11.19422006	7.346900565	5.755951964	10.3094577295	5.926672068	6.075188487	9.152981666	7.454234153	6.04941699	5.6451476	7.669474898	9.138065426	8.921216009	6.702329971	5.039969035	9.398273623	5.436079063	6.728981931	4.783603182333334	4.83318445	11.46918234	8.626024202	6.999517359	8.2602121495	6.094329461	10.23096848	4.403437732	8.847504035	12.117767390000001	7.2018421	11.28521429	6.02182454	8.1539752945	11.17133117	8.730165469	11.20463539	9.530706864	8.524254965	6.152399394	11.48756568	6.998001508	8.633831146	11.356880050000001	7.456969512	6.811132463	6.669156696	9.676225049	12.9844648	7.113985182	8.981186397	8.730165469	11.08790609
GSM3737702	5.820388191	5.098366953	4.500207618	4.841922829	4.5199059535	9.930643253	8.847779682	7.542571625	7.848028857	7.006745645	4.721500455	10.41774474	4.952337004	9.775970118	10.10307589	5.101466285	9.184027889	6.036255129	7.485945826	9.87972347	4.606041914	10.87655843	5.3594863775	8.308862303	6.361046368	9.063240293	8.681816349	4.721500455	9.8299503225	4.718036055	9.981651856	8.39649284	6.2256876	10.81052344	13.27308118	10.31718635	9.828387589	5.891033346	4.941415326	10.13457592	11.79101061	10.547991719999999	9.89733797	6.703887694	9.549907615666667	11.05708277	7.935680108	6.863578424	5.939265151	8.892121869	11.77391942	5.212645447	7.850479218	12.12748866	4.659416939	7.780361357	5.654142315	6.175901195	8.725277129	9.686748357	12.65808403	9.524570074	5.490030969	9.422842026	9.595467098	5.661440588	12.40125155	5.647691295	8.597268494	9.505592211	11.0276144	12.71801305	12.37707547	9.8007232835	7.7271594665	8.079211966	11.38053992	5.941883134	5.683203111666667	8.936734233	7.772234824	9.353691085	9.474952052	9.032912124	9.851150231	10.56692998	10.92034347	4.624991786	7.321598364	9.975105176	6.036255129	6.735681509	5.549925971	10.367613171	7.909333084	10.68444629	10.5728797285	9.616772617	9.756245127	5.260336117	6.432957645	9.763940065	7.885028365	12.26939181	4.784655917	8.723377624666666	10.586074241333334	13.32776352	8.031429326	11.99700631	13.29638883	5.162500601	7.013716952	8.458905961	9.406581264	12.96777937	5.54659379	9.011293205666666	9.340013258	9.789752509	11.28677785	7.0894086135	7.352079285	5.414983599	9.094778455	9.505497674499999	11.42042829	7.8716893709999995	4.48718076	8.746489473	7.37826684	6.872519682	8.931977539	7.272672533	5.690055804	4.956501424	10.22331532	6.746253768333333	7.955237589	7.127294705	8.258386414	12.99420352	6.605802012	11.92451094	8.706566692	4.918157809	9.378143322	8.867410345	7.5473865799999995	7.178020519	6.826116758	6.458343571	10.77120736	9.376344477	7.208700734	9.988432321	7.303760759	4.366373707	4.781697845	10.96663905	4.748361501	9.607698066	7.463923634	9.593707988	4.665023936	8.638733422	9.896732097000001	7.818468329	8.179074005	8.073875999	8.978607384	7.564505978	10.76714465	10.36993796	6.042685035	6.988494142	5.664742275	7.089443843	9.449122627	6.355569495	11.09970251	5.644619964	8.071523247	6.895144788	9.178808508	6.800507613	7.439211005	7.942474176	5.470760864000001	6.873993842	8.303886687	10.3062776	8.373802699	4.590102262	7.900866169	6.713521103	6.627425943	6.484988977	6.164213849	8.0461582935	7.306383567	6.626057276	7.72696244	6.2506092120000005	10.57914688	7.705073619	6.91086628	7.8163360865	4.334798751	6.22739347	9.303766239	7.901561864	5.823018034	5.6795716745	7.215956589	6.9569549120000005	8.641718	8.177803097	5.344351627	9.730616781	4.882470888	6.614899959	5.374866902333333	5.790923983	10.99130401	9.382581021	6.949679594	6.078939753	7.449560501	8.705117196	4.412680093	7.592822169	11.049479519	8.240805731	11.61272305	8.279627016	7.989613202499999	8.969086374	7.739786926	11.25355569	10.28008915	6.642012547	7.866924062	11.17786713	5.930332685	6.482781048	10.240179624500001	5.438240445	6.861770582	4.477041477	9.737375694	9.877642651	7.507285895	9.454292649	8.13076037	10.89302725
GSM3737703	5.431840233	8.486185153	9.833224315	4.381568742	4.523871793	12.4560188	11.01008535	12.76851002	10.39116403	8.269871307	10.84472693	4.402733702	5.169186451	8.272874676	7.671831452	4.69589337	4.546521279	7.02078204	4.566455915	6.533198282	4.440135069	5.586728593	9.18025519	6.489645597	10.76714465	6.327990444	7.690710253	10.48869355	8.1594931155	6.431957165	5.983304103	5.352847484	12.61041713	7.862852987	4.618719232	5.11471017	6.768624048	12.61341064	10.23935102	13.3551463	11.47129102	8.4619224265	8.480326974	9.976522206	5.559070340333332	4.494891006	12.8930097	12.20254243	7.205369687	5.740458437	11.1102732	6.409875269	5.062577084	6.350255962	6.725923053	5.408136716	11.61482569	11.06800211	4.368381294	7.055462065	7.993527531	6.496552536	10.53792705	6.24928938	9.506600774	9.76248568	7.345829329	4.4663240779999995	7.086599556	9.041490606	9.340013258	6.264909805	8.543389945	8.320285480999999	5.5590346185	10.38481623	4.622440533	8.689076702	6.703207483	4.906560668	4.500045676	10.19023224	6.845501791	6.672740579	8.919372048	5.488835017	4.49231204	11.05863811	4.675168849	9.04349699	10.9581395	5.030057197	8.682516964	4.883671673	10.22928811	4.62597921	8.179823223	4.402733702	5.60865708	10.23458282	4.381568742	6.955034663	13.04693994	5.744693639	9.627355091	6.823125580333333	5.668591842666667	6.942048907	6.264909805	5.93523544	7.191921801	11.48372443	4.404663513	5.633405918	7.703960502	6.38449416	10.88365748	6.552720829333334	6.566456821	10.58047342	5.007214408	5.019707154000001	5.492593372	5.850332992	6.332929798	4.545078438	8.561287541	4.450063561	6.358044906	5.030057197	8.532887131	5.317053308	7.844417422	9.498348319	4.825136533	6.902461774	6.618024453	5.494178873	5.858461635	6.670669502	5.783606728	9.268804888	11.23097917	8.945099029	5.199588579	4.471321185	6.052544867	5.348414696	6.535839276	7.207247208	5.706495611	5.566256491	6.247005859	8.91479738	4.451913853	4.87899072	5.32647979	4.376580387	10.80472504	5.386456832	10.44168294	6.164213849	4.647270626	7.794303479	4.725529673	10.21278628	8.6445190405	6.13525883	8.201766057	6.165868348	6.471554961	5.930332685	8.594090895	8.377201032	4.783683336	10.39687889	9.78539099	4.546521279	6.942048907	4.675168849	6.735378298	5.740458437	6.605508817	7.234736598	4.618719232	4.569647507	5.119150356	4.546521279	4.4196951890000005	9.451177617	10.011997584	4.774807954	5.343289812	8.543389945	4.600158468	8.056575053	7.97955261	10.82778835	5.727396293	6.1449234740000005	7.377182494	8.025185127	9.255057835	8.521362522	7.047270474	5.861875994	7.485786537	12.05516089	9.347828721	6.985016472	7.549186215	10.11943008	10.28698592	9.0175578425	4.322430478	5.627872398499999	7.1326584505	5.030057197	9.025064271	5.687305823	7.495929112	4.468582057	4.535975659333334	8.203347485	9.613867908	7.914945024	5.110256867	5.4252791925	5.871763143	4.463754639	4.354592192	4.675168849	7.314645844499999	5.87422451	6.19250678	9.2151788	4.788780435	11.48756568	5.855780658	10.66539967	11.67979422	5.913220203	5.098222299	6.063034783	4.481802483	11.26658135	6.27298291	5.331426674	9.014220729	10.03692038	8.22937161	13.49032085	4.384870241	8.322920538	6.695632828	7.485786537
GSM3737704	5.660224186	5.654335839	4.405122636	4.34025716	4.501935807000001	6.362736516	7.091439777	6.56254293	6.457481752	7.897617959	5.639182394	4.440371593	6.88287098	11.06229082	4.892090862	9.06762174	4.846234096	5.2393232	4.858829925	11.42777	5.309372791	4.395567346	5.9624945465	9.434202294	8.801758531	11.74224149	11.58907902	4.599441076	11.610575375	4.382469097	4.575109005	9.858303056	6.368995631	12.31330111	4.591159252	4.707554914	11.40040523	5.652174478	4.386738437	9.44855062	11.40923028	12.095441075	11.3524331	6.83007942	8.574499849	5.617957207	7.865790601	5.347710977	6.869541131	10.33342897	11.32735255	6.523135528	7.552480171	5.034435998	4.673085417	9.75807032	4.944404014	6.159659443	4.490231649	11.46548823	4.637153726	10.14388924	5.290119763	10.41231502	9.740731896	5.076357726	4.695093816	4.420511632	10.54973193	11.1607472	11.76070362	4.658444816	6.388517818	11.154260005000001	9.867126221	7.828006853	5.324280477	6.897579506	7.9960710373333335	4.689425505	8.902622887	12.0723031	10.64738338	5.608355885	11.41850725	10.78394112	4.415870182	4.506125624	9.309165808	11.47503586	5.701655804	6.57774192	5.957685503	4.536791137	8.106780465	5.71929151	11.525488679999999	4.403504547	11.23097917	4.727586911	5.2393232	10.3213373	8.696045263	4.533056472	5.011330371	9.478463391	5.470353534	5.789675198	8.959668133	6.015388381999999	5.025152839	4.698305024	9.028458355	9.26244578	10.83396226	4.88173777	6.15481643	10.924334357333334	10.81640529	11.63098038	6.357513509	7.683750034999999	8.402885038	5.843716079	8.051696903	4.5128428634999995	5.298859845	4.5246419305	4.654931337	4.900907572	5.764667203	4.805295648	10.90425115	4.710532743	4.433683539	6.054015798	11.03078128	6.046913938666667	8.994589692	8.810860782	8.266915339	5.73856871	8.244744868	4.582443606	9.88237223	4.447681865	4.862899949	4.564698068	9.016164414999999	6.59231529	6.509014511	6.620920814	9.965128759	10.794112341999998	8.650064055	10.55859998	9.107464748	5.398798288	5.157976623	9.857281078	4.779586196	11.39872415	4.415870182	10.58783698	4.944404014	5.59635086	5.243534888	9.776356602	4.64586701	4.640052905	9.106987885	9.036001562	12.00216172	5.764667203	4.557134008	5.588552331	6.238542189	5.539755333	10.387868	9.440554297	5.462418431	5.192723242	8.731127714	4.367857926	4.704315807	7.73046588	8.831897353	4.475542615	4.4982900505	4.436952754	7.328706658	5.073164553	8.026534384	4.569726146	4.440371593	4.526437305	5.388340185	7.387630527	5.625117216	9.3704559495	9.543311602	4.704315807	4.686122762	4.6579336275	10.82486172	8.987029758	8.162514058	8.468021401	4.388198535	4.499208507	10.65560889	4.921557718	5.620369058	4.623482733	4.335048138	7.151791084	4.8751886525	4.461366539	5.426501729	5.170454617	7.146721384	6.459668951	5.693389902333333	4.72166603	9.957559915	10.9898837	9.012157177	5.309915269999999	8.787790009	6.182816708	4.330257144	5.102355852	11.178292888000001	5.660224186	8.41315144	9.252645732	4.56472445	10.76603096	9.188426318	7.393121365	6.352832437	7.348464433	5.620369058	7.650826615	7.163753424	6.895757008	6.0893924125	4.599441076	4.430200968	4.535359811	6.576655949	10.24752568	4.552183708	10.63785872	6.12990929	10.30465601
GSM3737705	6.080350179	8.92971426	8.277379883	9.844958087	4.5933919515	12.95779136	6.130107784	6.526562789	5.583577764	5.216158136	4.590798145	12.30550894	8.640398969	5.975730497	10.76981624	4.470617283	11.96784838	10.31057479	4.683446226	5.745673613	4.498381959	8.95991411	5.919066486	7.140791418	5.124973941	4.517596947	6.362563025	5.869169187	6.02730957	8.328054966	6.809672996	4.596341758	8.274431049	7.105678279	13.66957581	11.40923028	5.806725225	6.075054752	4.703148883	9.287584692	11.81667496	6.781688485	6.154373429	5.075426123	6.4851242293333335	12.3713369	9.12687087	5.650666572	9.640773832	5.534651215	11.74224149	8.934569018	4.871306888	13.23486608	7.873283239	5.08399954	6.055383553	6.59019558	9.066341221	6.463028721	12.82398476	8.414715615	5.272022766	8.583286126	9.547062006	4.612148882	13.2263314	9.3351438625	7.116310368	6.646287162	7.756538243	12.9986152	13.43151557	6.551677892500001	4.4780013325	7.136990028	11.86744281	5.216158136	5.538516990999999	9.945303453	4.400150755	6.745420807	6.163144742	7.661684575	7.085563938	9.105411756	11.12670844	5.116279087	6.010948101	7.811360633	5.562681375	7.043111591	5.408574683	10.402335526000002	5.775155704	12.12748866	8.965985695499999	9.812798853	8.070330055	4.683446226	5.08399954	6.947227793	9.552094471	12.8143805	4.495083604	5.628904922333334	11.46326798	13.20777706	4.575047733	12.11274665	13.41911404	5.995532686	4.596341758	5.596831613	6.201866833	13.18888403	6.428026833	5.944625977333334	6.154373429	7.348293828	11.58533859	4.842692895000001	4.834956318	9.198330947	7.642889549	9.2592887615	12.04964612	7.2843215175000005	4.724339156	10.53792705	9.364959705	8.335743441	5.81307408	9.393495256	9.033371207	8.245963127	9.822298455	6.292818402666666	4.938980391	4.357950481	7.358293124	13.19986544	7.013437815	12.70710727	7.022886748	5.775155704	6.492227055	9.787278349	7.0288361505	4.849382855	7.758132269	5.966267611	9.860567938	6.3335362285	4.416738345	11.35042812	5.057542525	4.44885943	5.603690724	10.42549556	4.491437911	7.773344594	6.833811157	6.902135128	4.440021472	11.11485792	7.110281476499999	4.768349729	6.742083405	10.91761209	6.874659925	5.576727104	8.751996917	10.95501406	5.190430488	8.282405046	6.125067518	5.930332685	8.335743441	4.402631852	11.23254459	8.404608947	5.24878911	8.994090859	9.971332335	4.570146768	4.437001385	7.745547571	6.9222362015000005	8.496949032	7.1832493975	10.9581395	7.860032283	4.45188825	8.192965188	9.253956772	6.010948101	5.637345906	5.603690724	4.9426605975	6.506900912	8.921980051	9.667340547	8.140224674999999	8.695778908	4.871306888	4.856679403	8.2112646405	4.509743946	8.119924041	8.831897353	9.595111562	5.590420681	7.5986544345	8.703876178	5.345723340999999	9.290822477999999	8.867666851	6.092051183	10.13457592	4.790629532	4.73091505	4.758801681333333	8.704562562	13.03275443	6.986546021	4.526109045	5.351738596500001	4.834956318	8.829359038	4.407291136	9.039077749	11.14407073	8.286966306	12.63113567	5.357971526	8.798037081	9.671701195	6.223637888	10.14127948	11.88501114	6.604597989	8.992818574	10.1552872	5.534651215	7.043111591	10.111659418999999	7.052980043	8.776672565	4.696551552	9.463967907	11.0087797	8.167567334	10.20445639	9.007684025	10.23290791
GSM3737706	10.99395624	9.259570169	4.640149396	9.359161352	8.959842526	13.02256517	5.58478703	5.647481666	5.330543554	6.48341103	4.566420834	11.28277165	10.35917749	5.603412752	12.1405159	4.454210719	11.5695515	10.1552872	8.014286541	6.487160028	4.534187879	9.78539099	7.8039429044999995	5.074753946	4.992285169	5.912347216	6.566322036	7.340516821	5.801905598499999	10.01473885	7.571506948	5.623399122	9.784650007	6.489779378	13.51363878	11.30509683	6.487160028	5.253931643	6.590312557	8.245406124	12.05178173	6.7640163835	5.740708461	5.151707821	7.469844740999999	11.65228103	10.82017389	6.137032235	9.703095901	4.928393027	11.65903421	9.869944641	4.907459003	13.04065697	8.796595315	5.463637328	8.372261537	8.351978568	7.829693765	6.720485092	13.04693994	8.398427059	4.961177758	7.240725738	6.453543277	4.420188042	13.13457136	7.935892385000001	6.342989491	7.238692318	7.505198712	12.95546264	13.32776352	6.093607178499999	5.8683608695	6.429099805	11.49514056	4.752500829	9.494748733666666	10.28698592	4.508385057	7.605370698	6.199731859	7.289028464	6.753062085	8.733004367	10.82629598	7.399472856	6.411244365	6.729654707	4.939212993	7.072142638	7.275439723	9.916103544	5.162458423	10.96389319	8.2106209555	9.714061051	8.483949674	4.652660572	5.535856059	8.385891147	11.34418095	12.62119715	6.790638995	5.759927693333332	11.282928016666666	13.23486608	4.524054509	12.295181055	13.44705456	5.986945592	4.316267622	5.242721002	6.105710822	13.05646348	8.085701484	6.078336141	5.808923806	6.529454118	11.49667171	5.635672298499999	4.833014807	8.319464669	7.589467002	10.683620616	11.1481236	7.9138248925	4.752500829	10.74436339	11.01340317	8.113513734	5.916184429	9.234894499	7.909479977	8.851943868	10.31171864	6.336400057333333	4.551283137	4.431784436	7.50134707	13.43760988	7.830970011	12.26259575	7.465599551	4.454210719	6.664667989	9.739264463	6.2664991279999995	6.694907731	6.329327326	7.547592642	10.63362382	6.0308735575	4.644269654	11.26658135	5.320252837	4.434201325	5.50643321	10.77759771	4.534187879	7.60345943	8.168384315	6.369159261	4.381026847	9.593316026	9.600288375	4.912653375	6.868396864	10.41662921	6.973074269	6.101788413	8.800322654	10.93893089	4.928393027	9.135566074	7.328206465	6.449576826	8.43194494	4.390208598	11.56733418	8.381533463	4.76917211	7.439778071	9.586319669	4.652660572	4.505152384	9.0011293	4.861704203	7.37475784	7.635385048	10.98701295	8.455196194	4.403453666	8.347496333	8.081388556	5.942567462	6.241127238	5.763005265	5.124751304	6.688103095	7.655373434	9.065021686	8.081747796999998	9.079492835	5.58478703	5.33636445	9.091526262999999	5.896088711	8.005811063	9.0534307	9.333502232	7.898840044	7.85625559	8.07966199	5.7375091855	9.086827124500001	8.119297261	7.229744107	10.52222177	4.747273507	4.676124009	4.654473347333333	8.16399325	12.78102316	6.945113345	4.365130072	5.5786254835	4.596593756	8.193391364	4.345495791	9.221987055	10.738249218	8.171442961	12.30550894	6.289671228	8.308001474000001	8.13286799	6.433601066	9.998180366	11.05251067	5.923952085	8.589500559	10.58602943	5.127045698	7.907290653	10.3648210145	6.949551936	8.204478927	6.232119214	9.401312648	12.52536956	7.67522123	10.13597496	8.903324534	9.995527062
GSM3737707	6.095945191	4.516117306	4.415922836	9.761442843	4.5309917214999995	12.99160413	7.541289433	6.580586748	6.985793306	5.897072399	4.68418338	11.36006337	7.857824866	5.200323173	11.81015239	4.701705863	11.95411809	7.526498411	8.657556268	7.132305841	4.516117306	9.779953388	7.990684542	8.405309459	5.184247718	6.947099917	7.115449022	5.995179336	6.8419220595	7.444232212	9.255886461	6.803941372	8.554296648	7.545993285	13.49032085	10.90694217	7.157251115	5.661870701	4.970343785	9.553744071	6.275191448	7.774031927499999	6.320996063	6.043824405	6.549795028999999	11.95843992	9.735781469	5.350246003	7.766272828	6.369286516	6.582869552	7.678005117	4.596192156	13.29064052	8.380088521	6.31406205	7.311473015	7.439211005	9.461366249	7.221404844	13.04693994	7.632937646	5.621312956	8.025185127	9.683783979	4.592205285	13.28315166	6.4591374025	8.162689753	7.64241953	7.754646744	12.83612457	13.40716147	6.32526285	5.9214406075	6.952800672	11.89352468	5.12893497	8.197388115666667	9.801492643	4.504340621	6.553971585	6.160426516	7.738190086	9.291717264	9.359454226	10.8852101	5.616828635	7.813142513	7.638631235	5.022522323	6.77870548	7.737295928	10.1256960855	6.479180676	11.00276001	9.957888161	9.72166868	8.736376908	4.987172816	5.480179604	7.551070541	10.1394353	12.60781594	6.34205429	5.690728680333333	10.996256738666668	13.08789251	5.912347216	12.322146325	13.41320311	5.745897501	4.489834044	6.31406205	6.481755689	13.11396762	7.079216958	6.802676751333333	6.689938272	8.113345514	11.6456191	5.824057767	4.981106673	6.921257028	7.56707589	9.1764597295	11.98807326	7.236570832	4.383398421	10.05712714	9.824526057	8.548721176	6.207825956	8.185804091	8.856136605	7.301495227	9.720146084	6.003115547666667	4.7494069	4.975648247	7.701020483	13.47364801	6.738140101	12.38808269	7.385034594	5.955410892	8.36592778	9.861442201	6.8282698889999995	7.732442329	7.719274	5.55559737	10.32345463	6.2518014184999995	4.754751282	11.13004338	5.818951655	4.458845126	5.057006026	10.6973182	4.55517147	8.066632445	8.343032527	8.375088763	4.626662282	9.583537062	9.4601573645	4.873271711	6.996001439	10.37816715	6.358728105	6.183602584	8.956309292	10.16004525	5.498166417	8.891175803	6.846736169	8.05092789	8.082378595	4.565406311	11.58533859	6.560052524	5.326417145	6.403400861	10.07843285	4.739326763	5.012920994	8.808963835	7.631113256000001	7.558443821	7.218262896	11.17520054	7.928079717	4.635623991	7.620883417	7.726295504	5.904152932	4.836400107	5.701987717	5.7242451245	6.578567655	7.127472054	8.590684109	7.5716212945	9.051899694	5.283819248	5.666413085	8.485466686999999	5.008484422	7.467018728	8.62741971	8.862349676	6.913929059	7.106460911	7.908010369	5.3079165425	9.027623285	8.447207659	5.95902685	10.21556321	4.675255155	4.981106673	5.515100716	7.460830416	12.02653205	7.047122758	4.47920847	5.1454016315	4.519204001	8.47749224	4.535201833	8.822230227	9.7377573185	9.463967907	12.26639673	5.882623499	8.9332443415	9.15416384	6.34643801	10.36802644	10.91249635	5.983178866	8.701269991	10.60472107	5.907548963	7.287730638	10.089011998	6.369286516	7.751382949	5.442523928	9.554714543	11.32099024	8.305600557	10.66047591	8.818886363	10.29553148
GSM3737708	11.47503586	4.635218689	4.361640665	5.118574812	8.728558364	11.25355569	8.605160781	8.099489719	7.616237899	6.012101159	6.970799723	10.68183035	5.001585759	6.609792791	10.67941769	5.729602083	10.74900335	6.690425803	4.599175451	10.07756527	4.639419819	10.75025677	8.185840963	8.270727965	7.055462065	9.288248237	9.464514691	7.393326978	9.4631075675	4.385540257	6.711378727	8.575889394	9.482283608	9.772852182	13.31494487	12.17869995	9.940555094	6.872340116	5.0468209	10.72075452	13.38853511	9.571425318	8.647055117	6.481410937	9.997779374333334	11.34159309	10.19726905	6.891086212	6.31967025	10.33394952	13.38583922	5.74225532	7.421774677	12.89801949	4.366337421	7.660433468	5.986945592	8.557307722	7.395069035	8.89629556	12.51253188	8.208162702	6.385707827	9.902814581	6.711378727	5.391672877	12.73333659	6.986291102	9.929862331	9.327074002	10.24506477	12.55298321	13.17535989	7.347915346500001	7.138698117500001	8.287918663	11.88291287	5.638713889	8.799366324333333	8.806388167	5.401802285	9.321378288	8.679256121	7.479686796	10.6252331	10.31299152	10.44394275	5.236780398	8.712326009	8.777280057	6.055383553	7.314483157	7.884004475	9.6736269565	7.734751236	9.799362407	11.20947856	9.779556753	10.28008915	6.20409038	4.738198125	10.29956149	11.11485792	12.45868869	7.332725632	9.155595438	10.820280855	12.69219289	7.677087542	11.832565025000001	13.3778742	6.764165249	6.795693342	8.667419828	7.978796237	12.91730057	7.805306554	9.007083222333334	8.792445975	10.0739057	11.39872415	6.448525462499999	7.223166077	6.293843322	9.252645732	9.144065945	11.76070362	7.09932655	4.768359052	8.914881513	7.347214397	7.527358067	8.241679818	7.887978316	8.459313714	5.673790822	9.893292679	6.958525886333334	5.786250015	6.506900912	7.652489471	12.95064852	7.433271575	12.04749775	9.09507664	4.615524937	7.288845877	9.865844243	8.503787565500001	6.106463476	7.220185819	8.859644455	10.5850485	6.2771132805	4.659708761	10.76334111	7.87611336	6.934070436	5.303715097	10.83953343	5.064199753	9.313860626	7.248267567	9.843708285	4.967739986	8.867196351	10.016314637	5.857775436	7.24108837	9.505275856	9.277350123	7.13490648	10.76981624	10.59202569	5.512643213	7.831128403	8.156472855	7.378935115	8.517763278	5.879377157	10.50750757	5.292394163	6.776130019	6.21067965	8.956082817	7.067870133	8.059715669	5.342425274	4.519026136500001	6.942195562	7.0646486315	10.20551187	8.669679045	4.794636517	7.234337435	7.142600622	6.421756264	6.066155676	5.969748586	6.8879284725000005	7.933776078	6.849253896	7.731195141	6.5821998645	9.577035169	8.076141394	6.873827273	10.776387365000001	4.914557486	6.522539006	9.99128105	8.076141394	6.470256876	6.0730341925	7.527358067	6.8212310565	8.464107388	7.8617034	6.666577581	9.829189055	5.320105298	5.608184911	5.867054574333333	7.210655485	10.90981724	9.172669444	6.54711783	5.679446714	7.013251694	8.796336753	7.212566283	8.623769845	10.574310345499999	9.145011063	11.24569809	7.282078716	7.6556969975	8.313352404	7.352773589	10.504372	10.30216278	6.557557811	7.502437341	10.35018056	7.144248215	8.396640003	10.0717993155	6.232209173	7.097449473	5.857775436	9.561647735	12.31330111	7.637661852	10.75823267	8.39771874	10.3761004
GSM3737709	5.82961119	4.966138818	4.348782027	8.481962938	4.415517897000001	13.07558916	8.657556268	9.183204758	7.130054593	6.722243979	6.600314027	11.03736027	9.729144331	5.162500601	12.31330111	4.553643033	10.87537252	8.163657005	9.621911446	7.214287733	4.4068402	9.608375924	6.764352778	7.271374495	7.985438158	5.807663729	10.05231176	7.514676239	6.172502778	8.407081388	8.440362658	5.836832206	10.0441506	7.524042925	13.03630074	10.85913266	7.255283345	9.02937897	6.569031177	11.55587948	9.369283571	7.124257893499999	6.936428125	7.104062485	7.550867415333333	10.89302725	10.97361733	8.47749224	8.802519389	6.069258713	9.287228751	9.462716119	5.71148779	12.65388749	7.866379983	5.074573761	8.295132275	8.595240497	8.535805509	6.683731516	12.79111763	7.467417886	7.182982924	6.735258406	9.449122627	6.4159864	13.11657661	8.495578485	7.013437815	8.681552845	7.732262121	12.7128066	13.21855486	6.197507276	4.853810438	8.20006792	10.85786917	5.937427433	6.019817068666666	9.381632843	4.443397373	8.892828641	6.370631095	9.592299153	8.791488172	8.053042862	10.73678586	6.695067283	5.800686478	7.114570896	7.271374495	6.963605354	7.042934958	9.758410775	7.82263986	11.37775431	9.9607430515	8.958618863	7.051547688	7.095275017	4.549432826	8.045739179	11.46918234	12.18414742	6.941401002	6.020275814000001	10.571251697333333	13.03388537	5.937427433	11.810417565	13.32557685	8.737627259	4.469347462	6.818001553	6.236191742	12.89561983	8.481962938	6.102109348333333	7.416787839	9.361875023	10.77873245	5.053167434000001	6.256776845	7.77111732	7.412427814	7.8691890524999994	11.3524331	6.4715660935	5.657282371	9.996385066	8.798623334	6.412109318	6.689749036	6.980239544	6.800339081	8.290044336	9.043753287	5.9953185509999996	4.887877011	5.561741768	6.963605354	13.24969123	8.948324332	12.03829175	6.269417045	7.851663805	8.511043889	8.940379904	7.508062444	5.652725849	7.94025791	5.365300136	9.542535967	7.104652158	4.516120466	10.6877993	5.254907194	4.392561367	7.82263986	11.0632038	6.852567201	6.342869153	7.152104161	8.848325929	4.813911535	9.302393548	10.086745473	5.142858045	8.986195805	9.950406897	7.519164437	5.111424869	8.358229476	10.1533421	7.187990158	7.83420041	7.570669255	4.652195619	7.816902972	4.388476251	10.8602366	7.721272951	6.667553605	6.91126587	9.600315404	5.271065127	5.68277313	7.915508442	6.663839889	6.674102478	9.471251481500001	10.34563844	8.46375807	5.432331276	7.60783038	6.787873978	6.418500928	6.918476907	5.707620877	5.5166609145	6.27893149	7.156013515	7.759700266	5.9299729034999995	7.054716212	5.260394172	6.082879797	10.208490046	6.116580802	6.215986103	9.474952052	7.992058496	8.073270734	6.0804829625	7.389101577	5.623080177	8.379559716	8.252379124	8.509720986	10.58174088	6.303645704	6.582869552	5.349269992666667	6.120247246	12.83862287	7.202561571	4.448301513	5.227447986	4.443397373	8.22689832	4.39678136	8.021823801	9.0412120025	8.589960836	11.99273688	8.166146856	8.169834375499999	9.853276897	6.018582986	12.08119175	10.74379866	5.396657489	8.828899749	10.45249533	6.069258713	8.749272015	10.0395319985	5.580979686	7.022193227	6.881635287	11.87423964	12.52843857	6.681156382	10.75823267	8.008130355	11.25991419
GSM3737710	10.80112977	9.213076109	4.42049579	7.295665199	8.5423601055	11.41850725	7.430281774	6.925466645	6.411685732	7.912327379	5.244421368	10.60818733	6.47223218	6.171925597	10.80977056	4.600414331	12.09679579	7.167260261	4.90785316	7.246808857	4.481177781	9.419862324	5.5611931565	7.41571007	6.155533374	7.150571295	7.216633696	7.51756194	6.5302689019999995	6.109502856	8.054208028	7.092877123	9.445154767	8.009069863	13.19986544	11.83903726	7.576530786	5.381356252	6.749588714	9.382581021	12.06584853	8.0248583035	6.845946028	5.338033634	7.339794595666667	12.04519721	10.58602943	5.125633345	7.058729105	6.069672696	12.0333429	6.509196004	5.752243083	13.26316158	6.89418491	6.578654133	7.641452691	6.82385016	5.683250117	7.311473015	12.62366384	8.164681218	6.225064955	8.061730631	6.976682236	4.722380493	13.02012032	7.12989685	8.386095546	7.767459613	7.774872137	13.00312948	13.31066794	6.4334978895	5.7982445595	7.216633696	11.56321612	4.75504435	5.816542181666667	9.591151025	5.740708461	8.194535768	6.538801623	7.636404835	9.325019386	9.314155759	10.8713092	6.827195786	7.994597392	7.790388538	4.950774795	6.342989491	6.204589696	9.976883182	6.232299127	10.57815143	10.113743619000001	9.594394393	9.271867607	5.026240714	5.156015255	8.288716619	10.97099254	12.74337449	7.131448637	6.166665800666667	11.37098283	13.05232904	4.971073002	12.18967724	13.41320311	5.845322427	4.935531177	5.558260436	6.58555565	13.16388074	8.231170662	7.516627822333334	6.755943233	8.797347079	11.41464995	5.613950582999999	5.381356252	6.204589696	7.928678122	9.587987544	12.17584284	7.3227050325	4.549684849	10.18749629	9.543311602	8.50878372	6.560713338	9.181447089	8.748828427	6.491333675	9.416427876	5.848597359666667	4.761722676	4.780828266	7.846815169	13.27717021	6.708385543	12.48403113	7.88135234	5.569478158	6.535905502	9.04262524	7.913515404	4.605325674	7.593931047	7.538406391	10.00646766	6.529564176999999	5.197393917	11.32099024	5.366976518	4.586247313	4.768053267	10.76036988	5.224830933	8.395962036	7.792335473	8.583717053	4.474364207	10.53431798	8.0461135745	4.768053267	6.159175871	10.42769139	7.286354631	6.442699894	9.716251262	10.64295977	5.176094383	9.481900102	7.045940481	7.57114348	8.339406506	5.033824644	11.48847974	5.855780658	5.330928087	8.180936843	9.428682724	4.935531177	5.407908241	8.832447997	7.572354027	8.282839384	6.9478666935	10.44883139	8.595463319	4.471232326	7.965152357	8.850528384	5.855780658	8.612363245	5.900246048	5.5565583284999995	7.622733631	8.168219761	9.17632095	8.391804009	9.3487187	5.381356252	5.918620932	9.5165565255	5.662406102	8.030752753	8.730625446	9.652084779	6.325359813	7.0862717669999995	8.636002968	6.447628499	9.0497772445	8.207776449	5.930569716	10.17261489	4.428476709	5.204284607	4.864152110666667	8.701513675	11.78481643	7.308508723	4.77416026	5.3438150115	5.148167697	8.641735292	4.293631533	9.003198425	10.3514501735	8.617694728	12.39094767	6.074987878	8.4749550915	8.885035045	7.052640483	10.0956249	11.18759708	5.407908241	7.815424763	10.35018056	6.411685732	8.13567134	10.1447008985	7.88135234	8.344200643	5.637947775	8.652291903	12.32085339	8.142412366	10.40240134	8.99052622	9.94778135
GSM3737711	11.05863811	9.671378704	4.325261667	5.682147817	8.439657521	9.736510979	6.867753618	6.302332405	6.870260655	4.791370531	6.051842832	11.7480281	9.370959563	6.71461614	11.34692971	6.942562135	12.05645363	7.694980994	6.113426092	6.314222587	5.074209633	9.208532944	6.033490693499999	8.470671152	8.350975536	6.522972122	8.941808845	6.124255107	5.815987317499999	8.177803097	7.949956766	5.663929547	9.157086088	8.201949796	13.56321342	10.85359376	6.619301403	4.722372058	4.960273937	8.860351146	11.30700206	8.066866811499999	7.019010319	5.219755098	6.930341443333333	12.07347577	9.948776184	4.442031215	9.023927284	5.019524514	11.12152367	8.839931706	6.131748261	13.10628005	7.618793829	4.766800942	6.43251404	6.792056811	7.369778157	7.25218641	12.82648917	6.847538927	5.110439306	10.81640529	7.132493286	4.781480247	13.27308118	9.581375380499999	8.957301289	7.387460003	8.892828641	12.89561983	13.33221228	6.350097638499999	5.05538011	7.163239769	11.52911272	4.659774807	5.509691154666666	9.3487187	4.543263824	10.66777786	5.663929547	5.181293175	9.204430786	9.791289923	11.15479893	4.766800942	7.455857159	7.998695598	4.762098516	7.022037139	6.149660808	9.990127205	5.555533495	11.07548117	10.813569485	9.868762921	9.692688867	5.425429688	5.926004885	9.449997403	10.335011	12.76851002	6.645626889	5.960161037	10.712493670999999	13.21516708	5.327382455	12.040676555000001	13.3778742	4.942988112	4.646825625	6.419975952	6.00295639	13.09611337	7.00258531	6.330015609666667	6.5927591	8.019213665	10.92778868	4.8816163265	5.413851173	8.519533462	7.287730638	8.9862142205	11.96108339	6.1385939359999995	4.690632098	9.717381719	9.064491288	8.111694826	6.696024229	8.027404389	8.910515643	7.209604638	10.26939567	5.286567544333333	5.255296092	5.276863606	5.757577272	13.06058518	4.791370531	12.26388013	8.137526997	4.842430227	6.317636853	9.682268407	7.941474087	5.343697314	8.587870859	8.659090574	8.756806126	6.073286922	4.442031215	13.13022692	4.629391804	5.057608015	4.480849475	11.06947068	4.375988466	8.660436354	8.21902932	8.943182973	4.47836873	9.585545305	9.8169259565	4.581549374	5.134663024	9.973733084	6.97889988	5.086560246	9.80930239	10.58390144	4.747749463	7.902619427	7.134505453	6.967164985	8.138436598	5.00352021	10.5850485	7.297708233	4.791370531	6.760240333	9.072899923	6.896974364	4.466173607	8.465540465	8.3172864395	7.681779383	6.185351605499999	10.96230101	8.951707912	4.375988466	8.264236828	7.072310148	5.862715493	4.427489286	5.384053	6.0424598970000005	6.690425803	7.826186963	7.872449792	6.543100101	8.350218199	5.343697314	6.873019783	9.251391566999999	4.97689311	6.092051183	10.20551187	8.543849061	4.971680068	5.847267953499999	8.189332452	5.373268779	8.871305629	8.987855829	5.367285866	10.13354215	6.222702492	5.009359462	6.239256326333333	7.087323586	12.59213359	7.070108625	4.475814153	5.178473752	5.378199179	8.244975228	4.34142369	8.937241691	10.4340389875	9.009912861	11.27887752	6.096098977	8.381456808500001	8.546873961	7.097295831	8.846134402	10.3213373	7.27942098	9.160261169	10.25559281	6.821214576	7.678144537	9.760011093500001	6.518946492	8.273792678	5.009359462	7.914780003	11.86036922	8.698414921	10.25470374	7.593931047	10.30307899
GSM3737712	5.708305521	4.401227577	4.359879576	5.350716575	4.4226083545	10.15039241	8.001618709	6.556169106	6.509014511	5.052575445	5.15395074	11.91951923	4.381177731	6.818527568	11.18474939	4.463125618	11.70777859	4.386498678	6.179140171	7.442631659	4.984419481	7.418370042	5.0937437515	5.418081605	4.599261826	7.424742783	4.987172816	8.033273278	7.8494903745	4.957437378	7.342532138	6.934518939	10.16148739	7.314336812	13.62420634	11.45930294	7.75559628	5.354982649	6.98111412	9.340341343	13.32776352	8.410524314	6.34205429	5.607293619	8.780076845999998	12.41007993	10.85237093	4.932774567	4.856821155	6.327438502	13.18113183	4.943492646	9.340923133	13.39377001	4.394407268	6.933148417	8.505775992	7.174539773	7.564299552	7.282266987	13.01158924	10.18141745	5.78788176	6.707443954	9.219400223	4.932774567	12.62119715	6.5179268194999995	6.362079138	5.177750273	7.652489471	13.39652188	13.19099283	6.9619539365000005	6.077049243499999	7.009238433	12.07858968	5.327026885	8.939778933000001	10.48317852	4.840570757	7.775667878	6.952382087	8.003713481	6.559156605	9.007056179	10.74057477	6.805930556	7.380230143	7.524965242	5.249651702	5.780849284	5.481020287	10.569795427	6.483108672	11.34502188	7.899347377	10.26578827	9.282487342	4.840570757	6.808761755	9.106510865	11.74224149	12.57633866	7.656662451	6.379097235666666	11.59672693	12.75602194	5.638827603	12.20476835	13.22470378	5.252831418	5.193051156	6.411685732	6.754343306	12.98685251	9.19335312	7.085142076666666	6.383882443	6.600871507	12.00722014	7.6109082195	5.078758121	4.822777134	8.837515911	9.992075379	11.93376826	8.7473979745	5.552920113	9.863845713	9.676225049	8.600524287	6.447098705	10.3889903	9.162086797	5.333711411	8.283034793	6.652017402666668	4.946599627	4.903411222	8.599187976	13.4948786	6.747114597	12.76152668	7.367814217	5.052575445	6.539520707	9.216482902	4.896537390000001	5.318151712	4.706987895	6.884817913	10.81127592	6.815041139	4.946599627	12.82648917	6.155744174	4.281652346	4.566879851	8.773420499	4.606452327	7.798093043	7.356432698	6.64084591	4.943492646	9.692321082	9.402667897	5.161349401	6.483108672	9.587068217	7.27555127	7.42272969	9.006512799	9.790453543	5.003828447	9.3384785	8.412260645	6.689385051	9.097945418	5.130879764	11.68850666	4.574727044	5.682636196	6.675676262	10.41464769	5.822178091	4.438864732	7.579291566	5.904110978	8.32146731	7.495151420999999	10.45249533	7.168665835	4.693824755	9.001668848	8.466483945	6.142701135	4.73495335	6.713700088	5.9856298425	6.554315418	8.213402463	8.7894416	8.6637017465	9.008731773	7.113431789	4.786409406	10.260871780999999	6.757221899	8.340813975	7.528660834	9.634224739	7.023880213	8.488261684	8.138436598	6.5241920234999995	9.804092927500001	8.867923311	5.712831795	9.770271404	4.572686107	5.455307249	4.549465576666667	8.094319096	10.66777786	7.457313646	5.183041407	6.073741859	4.90921129	8.304046561	5.210141632	9.248824219	10.882110288	8.63179055	11.18759708	5.663367153	8.993737402499999	8.360709475	7.061415056	9.691699722	11.28194686	5.607293619	7.340516821	10.34455587	5.478697307	8.264950281	9.1624369075	8.928894293	8.943881957	6.001221415	8.767459964	13.30420816	7.491109002	7.985438158	9.108427529	9.693056558
GSM3737713	11.66747892	4.444825462	4.364580868	4.595803641	11.294119380000001	10.75895742	7.466262574	5.699490748	6.583143873	5.053477203	6.338000921	9.723735414	4.356801642	9.42220474	12.23592393	4.461164247	9.874952377	4.491895806	10.15247882	8.907632098	4.582350795	5.712893252	6.0232533544999995	5.174005601	6.018397527	8.991220363	8.068587397	11.58349363	10.772556825	4.457132994	6.764165249	8.775459044	12.67714265	10.74323372	12.64385784	8.410309559	10.05960908	4.819624776	10.33617516	9.031590359	14.16954496	10.62423078	9.082566492	7.139646191	9.174722590333332	10.39324955	13.04693994	5.01330535	4.61144357	9.056634606	13.72085478	4.927708959	9.286872723	11.88501114	4.397445909	9.118256805	8.375468928	12.06299242	8.761213229	9.997741672	12.93658581	11.85384433	5.058065829	9.773556323	6.531038592	4.732085937	12.68161306	4.6403840145	7.438249514	8.164497908	11.0429567	12.63113567	11.14893787	9.655589164999999	8.4442134575	8.26880464	10.17359763	5.427470192	8.375779739666667	9.249994613	7.272983519	9.610288385	9.444497068	8.74624102	9.162086797	12.05394918	9.787278349	7.669264502	8.906821397	9.850720616	4.839964955	4.979645489	5.65576449	9.129405448	6.686302062	10.12283594	8.8655096915	8.655131528	11.34502188	4.512429721	9.353955216	10.19524134	13.36287658	11.71980459	10.83953343	8.632182630666668	9.772122077333334	12.48147175	8.057342513	11.46533882	13.23698302	5.283779862	7.252368767	7.833423138	9.259897455	12.53678294	11.7714675	8.729484214666666	8.64731188	8.412055508	10.53221578	9.078210275	6.982362595	4.598117491	8.852746773	7.575844075500001	10.52486193	8.9131602625	10.13263481	8.74729178	8.277379883	7.147484769	8.723468609	7.936404209	6.031390949	4.647583816	8.536034271	7.050222035666667	6.31372203	6.440296451	9.965128759	12.93890702	6.20482401	11.26337307	9.486490222	6.70486762	8.273792678	8.059163597	6.7444908785	4.519267617	4.653707166	6.381595207	11.74591408	9.2701352625	8.086815707	12.51705626	8.235555044	4.361296986	4.647583816	7.771681338	5.078842858	10.28105934	6.941401002	7.758132269	4.405219239	7.262338587	7.558231060500001	7.607433568	8.195117885	8.06192185	8.875521868	9.837680323	11.78232788	8.560266743	6.333610084	7.205517332	11.69716562	5.062185492	10.03832088	6.72539322	10.8905358	4.722581365	7.689524116	5.170226539	8.306700172	4.659111685	4.694057739	7.292464461	4.6760109414999995	6.00295639	7.579017435500001	8.728660675	6.62297302	4.408854515	7.838458088	5.431976944	5.649472055	5.539656684	7.820224833	7.9506890995	9.913358339	6.277963497	7.318249971	6.3275040895	10.83396226	7.505971942	5.152911759	13.07520112	9.125382253	5.561127685	7.778955942	7.109328979	6.824791695	6.021033706000001	6.625174558	8.4226041115	8.4508667795	6.626924249	5.363417112	9.047217368	4.590782643	7.047497701	4.494060463666667	5.477206423	9.425933589	9.655113079	7.786507187	6.3489701830000005	6.407336796	7.012576802	4.434239916	6.213527714	12.247203845	7.199737756	10.62640672	7.435474055	6.2537129115	9.632472524	9.247039641	10.52125577	9.584505321	7.196739386	6.021581668	10.54807723	5.731214041	10.68653053	8.587650692499999	7.261447548	6.043983847	9.747101851	10.31508456	13.53024965	6.112492311	8.60148293	8.428180865	9.876842089
GSM3737714	10.94333356	8.35061188	8.742870838	9.925974544	8.784774474	13.33221228	7.609631998	6.552211154	6.534674104	6.202122001	4.843050126	11.91090927	7.774525578	5.384315173	10.92893847	5.380214734	11.77613048	7.982832584	4.79863877	6.347213485	4.47767477	9.958466469	7.3460333605	7.763965465	5.252679552	6.82913997	8.440613553	6.936747099	5.6053445905	7.552119885	8.858194412	6.071908365	9.419521112	7.498445342	13.59968193	10.89845094	6.887352621	6.687643935	7.069168881	9.563627082	10.50696858	7.386650803	6.06380997	6.113664838	6.715006531333334	12.2442142	10.80874292	6.227614082	8.694527711	5.547139265	10.58390144	7.852011836	6.823352622	13.35766898	8.198700296	5.788140069	8.050553837	7.819273659	8.141563808	7.002028519	13.17171319	7.822012408	5.460129237	8.632491265	6.766996734	4.595893567	13.23899545	8.508588198	8.070925377	8.139300321	7.535910373	12.99655686	13.3127735	6.0543469365	5.465519240500001	7.42943201	11.25043067	5.256025584	9.688935919333334	9.533322428	4.669450847	7.864888349	5.422158502	7.905577537	8.841514876	9.004095783	11.12834595	6.966594352	6.752853082	6.975082464	5.441735361	7.027709045	6.936747099	10.243982151	5.681890904	10.95501406	10.2335599505	10.08688522	8.492945968	5.756229881	5.292149025	8.29809073	10.67941769	12.83862287	6.399703369	5.769960887666667	11.141044459	13.31494487	5.170352481	12.31997792	13.27517777	6.260399668	4.90785316	6.385878558	6.059614175	13.25747039	7.98822252	6.426650731666666	5.689750334	8.43986723	11.45930294	5.391862033500001	5.467410707	8.041561614	8.255229742	10.328000325	12.33470615	8.217440389	4.613195162	10.1773039	10.37195118	8.552522605	6.283240842	9.043753287	8.955358998	7.269456903	10.37413486	6.142648099	5.156757979	4.669450847	7.527842671	13.59186732	6.95474035	12.41866902	7.344146992	6.091676631	7.432262612	9.385225554	7.675487188	5.367135732	7.841281929	7.090287765	10.04967401	6.228547321000001	4.533054151	11.09970251	5.638068381	4.518593708	5.791831434	10.32876712	5.004674875	7.891374872	7.077081608	8.945653844	4.627636558	10.97851526	8.0862598735	4.391651948	7.115963724	10.35068647	7.873488321	5.303715097	9.170235179	10.41231502	6.877037041	8.53353617	6.634083446	7.482472628	8.306037466	4.832882306	11.06644165	7.049563821	5.696611883	8.40375293	10.04696325	4.726965878	5.272643937	8.45452393	7.633332510500001	8.521387366	8.1858362705	11.0042299	9.02937897	4.556707339	8.448460064	8.905784664	6.040289413	5.418532645	5.650337898	5.1529405135	6.531152341	9.326672674	9.353063866	7.90751676	8.770546548	5.740458437	5.8608551	8.94304127	6.176192171	7.970231135	8.95991411	9.431219865	6.465148	7.6644203205000005	7.923453762	6.228312359	8.948370656	8.867196351	6.408283718	9.942604455	5.189262717	5.352769153	5.2119686089999995	8.320950462	12.79111763	7.116786866	4.592676304	5.4759312945000005	4.672396077	9.007056179	4.395089191	8.90308755	10.557687420499999	8.84201274	12.38037225	6.73392482	8.6968526595	7.405317874	6.656378656	10.60818733	11.3524331	6.188463427	8.779804489	10.7004604	6.502896406	7.752167352	9.8920256525	5.970360142	8.85589012	5.864663745	9.822741596	12.15620743	7.590726591	10.6698077	8.552522605	10.64036819
GSM3737715	10.75968181	4.611066504	4.421043662	7.216441713	9.255498974	11.50169303	10.04556543	9.058591871	8.884795038	6.188112601	6.461358341	12.2587034	4.4652283	6.895561378	11.3524331	4.717261	11.3578222	5.438360983	4.537482495	7.27942098	4.785278163	8.025597534	5.1189121735	6.14815713	5.261918045	6.476415419	6.518151493	10.48741707	7.5261178404999995	4.572513362	7.197726057	6.122567713	12.58448886	7.678368315	13.47737456	11.15237919	7.126230147	7.27942098	10.07666099	12.25607168	13.18113183	7.419421346	5.732796485	7.757562928	6.823897711	12.23888241	13.11657661	7.689989955	5.482872121	5.905381909	13.17726914	4.908051473	8.309437976	13.15763557	4.403217765	6.232209173	11.03078128	11.22280804	6.913293334	7.044927955	12.97706272	9.398612103	7.256522226	8.979081706	6.433166354	6.603763846	13.31494487	6.027862276	7.065224239	7.917390097	7.854698932	13.13643611	13.20939401	6.5187052545	5.320746357999999	9.636205243	11.91951923	7.467706569	8.845134616333333	10.67647149	4.867847324	7.34119354	6.890617666	8.973677418	6.77870548	10.73334366	11.86518618	9.635481767	8.359325869	7.210655485	6.967164985	5.147399647	5.266964677	10.542736836	7.449375648	11.37052503	8.054992799499999	10.60818733	9.622633179	6.698399348	7.359949906	7.886629518	13.09192648	12.83862287	8.933459832	5.948666479333333	11.720262186666668	13.4948786	6.59683265	12.172121480000001	13.29264201	7.282450408	4.816945217	5.50428654	6.670669502	13.23297046	10.72334177	6.971734220999999	6.655290678	7.301495227	12.33228799	7.3930248495	4.82239207	4.673411285	7.768934833	8.0649819235	12.09975116	8.9878216675	7.097789622	10.20772855	9.867114449	9.779160008	6.281290664	11.12362965	8.468552905	4.944664214	7.69965124	6.284605831666667	5.076817222	4.584534534	8.69140875	13.22257794	6.617006673	12.53934536	8.101973067	5.41554169	8.256807713	9.63825281	4.850001361	6.607467462	4.749354393	6.355569495	10.10307589	7.3216848655	4.717261	11.11199857	5.706869027	4.297879029	5.468831704	7.995519253	5.934002758	8.511974552	8.048880748	6.928874853	6.309019656	10.5540031	7.6232886265	5.364237345	8.486650268	9.529828872	6.792395796	7.52239271	9.489509106	9.116844535	6.154995698	10.7004604	9.141484251	5.778252097	9.130910762	4.595947549	11.18911344	5.324719649	5.934002758	8.344699984	10.08400542	6.204508187	4.409540095	8.407792186	6.3197687355	9.300509622	7.2788629845	10.75304164	6.608961647	5.455505455	8.556842215	9.271110137	7.365938705	6.18212354	7.482689478	5.954694428	7.384868259	9.371871683	9.384910149	9.68178714	9.693415987	5.364237345	5.669587053	11.544119345	7.536100659	8.984759327	7.588495236	10.40026228	7.744069259	9.697497709	7.929436567	6.526301808	9.687494523	8.829613401	5.017953699	10.00742723	4.692696819	5.556392706	4.647313187666667	9.552094471	9.775970118	7.191222711	5.173148723	5.920516721	5.076817222	7.930527289	4.467875361	8.870033609	11.6294586	7.864888349	11.40394872	5.106140048	8.894014693999999	8.346907957	7.214778476	11.23421119	11.4426719	6.542578868	8.223533659	9.665840895	4.908051473	10.59687877	9.552898136	7.292464461	9.711621984	8.32765742	10.35517201	13.53024965	7.768121581	8.071118175	9.065021686	9.591555263
GSM3737716	5.713093613	4.573700351	4.648536467	4.577501583	4.3782388165	8.22689832	7.159597006	6.287017834	6.944960887	5.173383515	10.86781194	9.851579719	5.464076475	9.368096936	10.59687877	8.772358905	10.8565681	4.787258845	4.940777946	7.961201859	11.13497028	7.74100974	6.3630695280000005	8.349543397	9.325555859	7.913480974	8.234567474	4.608761013	8.5629209675	4.682600036	8.546415806	7.699484964	7.388662213	9.606173649	13.51865858	11.03237216	6.678041062	4.478458667	5.961814301	9.1266343	12.7288751	9.829560453500001	9.027773267	5.004691641	10.814182	10.3667204	8.944098604	4.466005175	4.627782599	5.492500964	12.60781594	4.973770257	8.41315144	12.16210011	4.355159832	6.504618713	4.782034309	6.39629971	4.798372137	8.439163818	12.20254243	7.13948099	4.615936847	10.38399998	9.494888699	4.677547448	12.61878014	9.133169633000001	9.726492965	8.651783838	10.76334111	12.4953803	13.05646348	8.296525645	5.495285411	7.226310815	11.53824396	4.746568661	5.513198173999999	9.308490484	5.257044552	9.618132214	7.89190328	5.189071823	10.60928735	10.15157275	10.63196889	4.549250755	7.557734109	10.43099248	4.756138936	9.473798533	6.007051308	8.555169822	6.534819982	10.61564103	11.020613155	8.56751605	9.608375924	4.848450118	7.072695349	11.0632038	9.034215482	12.28806086	6.042593845	7.728055171	9.813419383333333	13.00955946	6.938855462	12.13407165	13.27717021	4.573700351	5.953860147	7.639622575	8.794987033	12.9744605	6.943881027	7.539628925333332	7.9971083	9.470987989	10.29189961	5.0786169789999995	8.224262498	4.356727082	8.22689832	9.7902726045	11.9739936	8.4541688765	4.475751455	9.34244835	7.859598834	6.459942118	7.924780953	7.920091653	7.243232492	4.569698732	10.73678586	6.158107474	6.944960887	7.211719995	6.274725686	12.81212825	4.668814869	11.61039332	7.838073933	4.370389436	5.294335098	9.748664407	7.7142540695	8.418185987	6.752692826	5.266690186	7.298825333	7.6077661475	4.404409778	10.97689217	6.739427604	7.577907903	4.585073507	10.7866201	4.411825456	9.124565348	7.469738455	8.900315821	4.356727082	9.634513101	9.154212744999999	5.219930867	5.194384987	9.590039032	8.71802584	5.676134024	10.14388924	8.289317199	6.541925821	6.979912186	7.042484421	6.168680829	8.513373533	4.608761013	10.63672647	4.604690986	7.893060672	6.927696474	8.495567335	6.068553559	5.332301478	7.801616746	5.915037595499999	7.887594434	6.083232065500001	9.926769924	9.497714434	4.542506459	7.796620319	7.773722339	5.31845267	5.183515174	6.188690072	7.657494975500001	7.420823417	8.364973148	7.752167352	6.13566518	7.968714177	8.032240338	7.766272828	9.666053411	4.373710991	5.558345211	10.14680849	8.437021171	4.406404018	5.3006421005	8.209564541	6.638408386	6.1848825519999995	8.318028984	4.660721317	8.996081804	8.278395726	6.159659443	7.618272031333333	6.593576287	10.23935102	9.032364047	4.69989195	5.9930087115	5.358981505	7.784081996	4.333258736	6.369159261	10.6723454565	9.469478382	11.10582525	7.422515086	7.1575507635	9.712431882	10.03503231	9.752436225	10.3074794	7.629947743	6.699166082	11.57189343	8.137705761	6.236311349	7.6179537635	7.184481754	8.882426204	4.623852931	7.399882245	9.481900102	5.9933995	11.11338404	5.770496866	9.636205243
GSM3737717	11.57189343	5.487952416	4.400333675	5.289986785	9.1936569635	10.30216278	10.8565681	9.726904459	9.850005933	7.819812513	7.338818991	10.76849872	5.07466843	8.199002052	11.20130068	5.10375999	10.802926	8.044131664	5.902408003	6.524213545	5.401928387	8.628722336	8.723302603	6.049348922	6.505015876	7.260090348	8.775692229	8.636475081	9.2464197595	4.715016142	8.650991497	6.677982357	8.990291318	9.410917022	12.78102316	9.424301685	8.43237132	7.530076258	8.84201274	12.37409899	13.50857354	8.955730916	8.591101142	8.749050238	9.603057814	11.12234735	11.43272234	6.999211967	6.922756565	7.597136163	13.3705372	5.628546018	8.868426783	12.64142372	4.38884749	6.876330183	6.580853654	9.693775327	7.693311971	8.420172523	12.91730057	10.07034725	7.502437341	10.02510913	6.387441151	7.508520251	12.92948455	6.457138974	7.888190836	10.73678586	9.693056558	12.66928274	12.91477653	8.1892467985	6.483251796999999	10.45932157	10.17022357	7.739421286	6.133444883666667	8.689076702	6.085670537	8.849228821	8.181156909	9.546691322	8.181928167	11.80083274	9.657669958	5.450440306	9.581101304	9.334124041	7.230699964	6.013090415	8.214799223	9.2255040935	8.640828233	9.495486033	9.753219711	8.766528558	11.33197994	7.653501193	8.267507993	10.23935102	12.06584853	11.65125537	8.624326734	6.631768852666667	10.455590413000001	12.78642228	8.635043157	11.211825107	13.32776352	7.711426063	5.177900148	6.955034663	8.343032527	12.8285362	9.474058472	7.550773029333333	8.002978973	8.40311368	11.16672139	7.666667721	6.567479192	6.293483367	8.196435116	10.05870831	11.10943341	8.057423855	5.676031259	9.474058472	8.79341669	8.08722312	7.524238864	7.377399428	8.139673375	6.524213545	10.06137386	6.914414298666666	5.471556903	6.428576504	9.582462307	13.19099283	6.584068342	11.62238127	9.808530018	6.910410362	8.98858676	8.447910131	6.5183733705	5.919592027	4.521312228	5.836563112	11.49144911	8.331243146999999	6.104141028	9.707660917	6.823352622	4.336473007	6.162935024	9.940966423	6.235932565	10.30307899	6.262112541	8.072841037	7.235753965	8.632701414	8.946621629	6.580853654	8.328730544	9.420203455	8.269871307	8.480087101	11.98807326	10.51675255	6.187854943	6.994694014	9.400619086	7.069264002	9.839841681	5.374927253	10.40351683	5.570425202	6.695828542	6.060312455	8.760996744	8.348103289	4.896807143	7.574442931	6.7808494875	6.223175295	7.4106346345	10.27245714	8.282839384	6.38475496	7.68301578	6.841877467	8.16381684	5.520464434	8.006500814	7.0927927355	9.428309784	6.465037432	7.809633581	6.171101772	11.18911344	5.982234767	6.168074885	11.887484375	7.098842476	6.575448232	9.025838583	7.406226254	6.660945167	5.990789051	7.469017654	7.272977297000001	8.4409278335	6.902461774	6.578308189	10.0676877	5.183041407	6.147489505	4.6296766069999995	6.07301369	10.98867278	8.337049925	5.593310903	5.85247709	5.263724568	8.631134978	4.336473007	8.160664025	12.62193566	7.283888005	11.20463539	7.669264502	7.4496893775	9.736510979	8.803464853	11.56844327	9.98080289	7.550521534	7.396978414	10.83165189	6.44930169	9.381963988	9.3060688395	5.915963138	6.892996809	7.254673346	10.92566021	13.10628005	6.916941823	8.360709475	8.330283873	9.311556516
GSM3737718	5.944838038	7.483890483	7.094247051	8.246675777	4.527609329000001	12.83862287	7.101640868	7.440262714	5.445571618	6.916761483	7.528660834	9.241334969	7.030160155	7.47416982	7.057900349	7.011505637	9.620883998	7.229939334	4.554728143	4.914557486	7.699318668	10.66185036	8.3111664695	11.92451094	7.83560655	6.884499966	9.853276897	8.750061056	7.204559334	7.019166735	9.580737302	5.585245282	10.73918982	8.379260568	12.46349588	10.47524275	5.927746287	6.892705954	5.066627964	9.500973379	9.767853218	8.1039808595	7.894589789	5.536888379	10.177355072333334	9.831147879	12.22365651	6.768313897	8.061297483	5.502872462	9.602818502	7.567662203	7.063742212	12.30746704	5.905620079	4.787339983	8.882948349	8.717575744	5.408920006	7.30929186	10.72194462	7.795247575	5.652800429	8.500468041	9.0534307	4.733447284	11.96108339	10.34622879	9.337916623	7.88579104	9.01331947	11.42240806	13.25573408	6.159756380499999	5.199617758	7.086787508	9.785020546	5.121285002	5.641568214	9.434838645	4.851956919	7.546339025	7.222225343	7.687950798	10.09761093	6.437438235	9.898848394	7.97955261	4.676594719	8.416036132	5.913220203	10.62040781	7.955043805	9.642582651	6.526905068	9.659055446	11.1379931	6.896318507	7.578253943	4.869996774	4.620975808	10.06720241	11.63506239	11.15639249	6.911870565	5.504215685999999	10.395050302	12.65164099	5.848337197	11.368086615	12.50768107	5.264789609	4.787339983	7.073649533	7.69222607	12.54162268	8.259154271	7.089853568333335	6.801174806	8.275760284	11.04459113	4.831015782	7.780819274	7.276588731	11.7449384	9.2836117205	12.07587068	10.466773315	6.805440235	9.834036271	7.82561405	5.7403894	7.44670337	9.064214787	7.24404563	6.791527837	12.58759428	9.996274172	6.512870449	4.775904494	8.077482792	11.25831507	6.361530775	11.00730684	4.920467327	5.164976462	6.339439919	8.521612292	9.0108090255	6.262230018	7.073649533	5.806966257	8.893503466	7.4867256394999995	4.521228574	13.13022692	5.7403894	4.480519992	5.348995725	12.56339893	4.629147647	7.401856361	4.908617495	8.666822776	4.390341684	10.9898837	9.942381964	4.537483606	8.028878166	11.73380806	9.754685546	4.932378567	8.279402124	11.43435777	8.284597118	8.394042376	6.572398622	7.406735583	12.08908866	4.798546838	10.35637505	6.679075361	7.574833156	7.949418804	9.133982091	4.599622941	4.483430915	8.658193642	4.8009199005	8.394042376	10.0856862035	9.6372426	10.96230101	4.406913629	8.54024564	9.421569365	4.914557486	5.778689981	8.421705303	5.5858722565	4.831462028	9.78398365	8.956805376	8.0023478785	7.479358393	6.124131851	6.301789607	9.091826175	5.142517295	7.525148819	11.23097917	9.253956772	6.633478111	7.9461807605	7.103024366	7.4434156945000005	8.0962110435	6.789423583	5.055035792	8.479392506	4.937885992	6.97289483	8.893751370333334	7.049155372	13.02012032	7.985782051	4.798546838	9.3058504545	4.579819281	9.585545305	4.42016155	9.474635243	10.105372101499999	10.80112977	12.52843857	6.881278395	7.4994984835	11.27477084	7.198735581	12.11243949	11.06644165	6.966954778	8.019213665	12.89801949	9.553479102	8.442329712	10.716488515	6.121985238	8.958343964	6.41776285	9.512415175	12.78102316	5.558429981	13.18524485	8.470938009	13.15983068
GSM3737719	11.10710664	8.1059025	9.148563698	8.327463284	8.9454925975	12.92948455	7.543123665	6.812603825	6.278234601	6.354532227	4.652336409	11.02614077	8.586665453	5.257350626	12.28523614	4.985497489	11.58349363	9.258079897	7.676544062	6.973672238	4.514200544	10.06047908	9.8566962325	6.336039721	5.221269279	7.028653158	5.580494963	7.076530575	6.099107021	7.933419561	7.302875912	6.296283438	9.46580105	7.463923634	12.76152668	11.55777986	7.042296617	7.766476445	5.561492213	9.632813294	9.383585949	7.4942946425	6.155174943	5.851703205	5.857564965000001	11.39019745	10.17834571	6.858666144	8.660242003	5.257350626	9.231888409	8.201949796	4.610883782	12.94359279	7.691528338	6.42528408	7.904806441	8.211335208	8.078811827	7.238692318	13.08166098	8.648630584	5.570803916	7.029590902	6.19399575	4.545796694	12.71801305	7.236929456	5.535467143	8.026534384	7.390557694	12.89561983	13.33913551	5.590448564	6.5187116255	7.048014508	11.63706817	5.463958197	10.141928692666667	10.04461383	4.725563132	8.273081156	6.540352459	8.185804091	6.645386715	9.005507297	10.5502617	6.546097004	6.157324192	6.610469665	5.490607834	5.81220276	9.259570169	10.596425039	5.910174805	11.19981412	7.2186959585	9.946565778	8.16210227	5.542948405	5.243039214	6.293048197	10.6628472	12.52843857	6.385537076	5.684208221666666	11.215179575333332	12.6870546	4.514200544	11.896523479999999	13.39377001	7.02513839	4.990435936	6.018293197	5.79615161	12.99655686	7.458213476	6.481819609666666	5.979843724	6.749197611	11.56321612	6.244415574	4.783610679	7.304079361	8.416528815	9.4351746395	11.36382951	8.062952615499999	4.793220272	9.883123579	9.946565778	8.10786219	6.349961214	8.328258374	8.629189671	8.303290343	9.556847087	6.861285560333333	4.783610679	4.411237904	8.462124757	13.44705456	8.876873095	12.25335074	6.905316779	5.172900645	8.037386217	9.473469843	5.155470473	5.442061324	4.537402118	9.645968537	10.42769139	5.742125608	4.380891576	10.80352733	5.806442878	4.419220802	6.929910537	9.755450768	4.758063193	7.387769623	8.206576372	6.63478683	4.561392415	9.04984259	10.5776909815	5.041728999	7.737479029	10.06395241	7.498445342	6.575332793	9.039641351	10.91106103	5.573226686	8.997730498	7.141829327	7.922397943	9.214585752	4.921709971	10.5540031	7.383721376	4.867847324	6.795037142	10.1210409	4.637442696	5.243039214	7.777624494	6.2099602615	7.397887603	8.0682723185	10.81400401	7.001723658	4.52871723	7.836957006	7.935502096	6.090265665	4.954960167	7.120695786	5.7123319985	6.367103451	6.957874688	8.055471113	7.653369458	9.325019386	6.059062083	5.639814662	9.456340091000001	5.507556755	7.416787839	7.958419184	8.786555178	8.160448244	7.3158161005	8.468972845	6.2989853575	9.042960925	8.694527711	8.206001405	10.2531013	5.538817882	4.775024045	4.748875581	7.716157813	12.35244556	7.188788675	5.114374834	5.8944357735	5.060146441	8.478082391	4.364089552	9.270804849	9.8960988765	8.319067101	11.86036922	6.89047834	8.452520237	8.696045263	6.659890353	10.71588059	10.54807723	5.445571618	8.197052314	10.62640672	5.308069875	7.698121499	10.467330761	5.941335965	8.018451092	6.178698043	10.46553229	12.34508383	7.945848583	9.081710605	8.814602153	8.18490064
GSM3737720	11.17133117	4.456556258	4.534657422	10.68553532	8.669908606	13.37265844	8.036633819	7.122557312	7.341814359	5.427265247	5.089893632	11.73380806	8.753484542	5.762904512	12.65598765	6.381595207	10.47323845	7.370096137	5.970851013	6.754343306	4.771216846	8.66804619	9.474627105	9.022052473	6.587120036	6.494737247	10.22064649	7.618224111	5.493497658	8.824247419	7.130054593	6.037661145	10.06847166	7.434662092	13.56321342	10.60025935	6.270098733	6.016135396	7.243083697	10.05231176	11.84536423	7.617739187	6.54711783	6.287344965	6.234506608	11.41850725	10.70633044	5.676971033	8.951707912	5.427265247	11.94742445	9.192780562	6.312843273	12.81212825	7.879496451	4.825659472	7.977464175	7.564970329	5.614562457	6.558885655	13.27517777	6.581183293	5.49767185	8.931977539	6.798105862	5.168339459	12.96987549	9.966513559500001	9.112382213	8.024227196	7.936404209	13.11856378	13.33456616	6.2348964415	4.8706761924999995	7.632744569	10.58946965	5.583014492	5.860468664999999	9.192243744	4.567053654	8.790236137	5.577202592	7.543123665	9.799362407	8.808447728	11.19090809	6.776130019	7.276118573	7.99630811	4.975524661	7.758625053	9.159421734	10.472123665	6.320573064	11.18911344	10.841459055000001	9.544664441	8.381533463	5.001624259	4.757255193	7.822988326	11.08455783	12.67714265	6.81923306	6.133903762333333	10.455958409333332	13.45369302	6.290401017	12.137223025	13.3127735	6.548892508	4.640265337	6.54351358	6.207825956	13.04263839	8.079211966	5.809274239	5.928715617	8.25621802	10.72930731	4.771262619	6.091566452	7.936925581	8.153973645	8.7470507225	11.9453006	7.440811721499999	5.089893632	10.29713349	9.605409871	8.765530942	6.419589782	9.529828872	7.122557312	7.692567545	9.702336665	6.439179168333333	4.65386961	4.627097264	6.040529156	13.42220028	7.257421223	12.18142179	6.946064316	5.856258839	7.623652134	9.219090096	7.912549095	7.146318324	9.03661694	6.731755994	8.276661915	6.3043242695	4.352030674	10.93755459	5.101807798	4.551999876	5.567315462	10.33719898	5.034238192	8.04296436	8.834842666	8.928326825	4.601423524	10.70203367	10.266447235000001	4.414696697	7.422900474	10.14209894	7.464800118	4.819822808	9.127620648	10.22637945	7.535274554	9.273095977	7.315356198	7.477344237	8.233174749	4.528284389	11.10412634	7.160411389	5.229573127	8.110145589	9.361308477	5.185722185	4.71361767	6.073761297	7.7992254925	8.719190567	8.029753699	10.63196889	8.711888832	4.513632947	8.873257927	8.546150493	6.156987266	5.263876005	6.082646989	5.468417819	6.547953244	9.613402727	8.700650668	8.031644851500001	7.80792439	6.349334676	5.518755101	9.666359091499999	5.435734566	7.712483283	9.872721204	9.733315319	6.245788481	7.9187920945000005	8.695778908	5.5914919555	8.430618512999999	9.287228751	6.770318365	9.936211414	5.563321731	5.280102175	6.227933898333333	8.358691939	12.71130254	7.101640868	4.538877712	6.136534443	4.658782402	8.019213665	4.315316971	7.745925663	8.474942521	9.237306821	11.91325833	7.231980121	8.657092777999999	9.579302399	6.429396257	11.26337307	10.94780882	5.788602067	9.580022768	9.990427391	7.023522182	8.035107791	8.984107512000001	5.872840475	9.384594675	6.452265245	10.92778868	12.36826826	8.161005345	10.60352966	7.788027664	10.60148151
GSM3737721	5.410675826	5.954466068	4.474104898	4.295388192	4.363877231	7.530242927	11.7355177	10.9462559	11.4374887	7.370613839	7.152421102	6.533620099	6.216998033	11.13497028	5.907674132	11.44613392	6.75733998	4.63241835	4.885986599	10.60530386	11.9975634	7.944773654	5.945659404000001	10.69793126	10.28194801	10.69670487	11.183119	4.647419799	9.770734212499999	4.459776697	10.52009163	9.842021094	9.170235179	12.48648277	9.709229056	7.734356089	10.43833585	7.771681338	5.391796164	12.81212825	12.65598765	11.755966195	11.02614077	9.457248118	9.927902537333333	8.054024266	8.375088763	7.134163154	5.974739184	9.227390062	12.91730057	5.407671122	9.688062489	8.796853831	4.400021559	8.114056248	5.32962165	6.354871946	4.942125195	10.86851063	8.142973363	8.963330816	8.716906603	11.08306021	9.187256433	8.763056365	8.968538999	6.6077178175	9.591555263	10.26859233	12.03567115	9.476252352	9.415754747	10.022819802	8.742473529000002	10.44937426	8.774793573	9.234005466	5.94885374	5.863309329	8.100697368	9.100339017	9.336029717	7.960571549	11.06800211	11.04191513	8.072076195	4.476141704	8.838041428	11.89766287	8.307122514	9.642653252	6.141530818	6.334105288	10.04333337	7.883196297	11.38338396	6.839491175	10.55460574	7.344738807	7.356625267	9.917505567	9.478084713	10.7244388	6.918029602	9.157842484666666	7.388494555333334	9.599410977	8.882426204	8.3834279365	10.90162972	7.838458088	8.264236828	9.528602447	9.921823737	10.99827154	7.583536465	9.772554678666667	9.791289923	11.0801679	8.176325881	5.790270043	9.434202294	5.673665954	10.9136428	7.319982961499999	8.749272015	7.644002026	5.71963362	6.472968295	5.638487711	4.448288805	10.47956861	5.835135804	5.158497611	4.946120283	11.71780556	9.037429470000001	9.050123277	8.572924785	8.266273633	9.084020794	7.458213476	9.356387543	8.818886363	4.916787969	7.847014258	6.276801048	8.538409014500001	6.932607224	6.20656489	5.199075133	9.410168426	10.069157945499999	6.290045771	8.906821397	8.197492643	7.655701386	7.712128574	10.94071192	7.498599085	10.32451799	4.629612167	10.50532456	8.114056248	6.658016528	6.613515094	8.439163818	8.309246111	10.05712714	11.58533859	7.572241504	11.61039332	10.59304373	7.366781166	6.337703659	6.832288745	7.667657835	11.38657344	7.624562438	7.712128574	4.541532897	8.989340976	5.39740768	7.334086077	6.548226256	8.344200643	5.08787414	4.372255620500001	4.710580759	9.030883336	6.021396595	11.35042812	7.696593756	4.624426217	4.895351876	8.794730265	7.388124034	7.841281929	9.169813014999999	6.384674027	5.39740768	5.260127304	4.8884825775	8.893759406	8.395346237	8.911722469	10.0539378675	4.430291404	4.67893187	11.76494653	6.307938878	4.621941611	4.8598210045000005	6.298919858	9.7431412825	5.437562322	5.318410333	4.443259055	6.667804899	7.587386077	7.795626394	8.210019080666667	4.755745818	10.99395624	10.4638946	6.987925965	8.2197145205	8.229579403	8.218608129	4.420987105	6.742588718	11.628071	9.603131567	9.266261679	9.441422394	5.030023675000001	10.67224475	10.0397086	11.72481087	7.373784118	8.906326615	4.999161705	12.32376957	7.708889159	9.274460416	9.9517379405	4.836613463	6.034317383	5.638487711	9.248824219	10.53014914	4.829450989	10.48621062	5.339395546	10.82017389
GSM3737722	11.25205734	4.865426635	4.325642425	4.492299405	8.7278101035	8.913048022	9.029039562	8.124325434	8.411850342	4.497774605	8.879088286	11.92451094	5.461476171	7.527032191	10.47323845	5.071783164	11.93585446	7.097948696	5.687830091	9.93894765	4.814711104	10.66047591	4.705427760999999	7.257887694	8.259154271	9.71479626	8.670224329	6.03352611	7.4612721655000005	5.251960402	9.563330155	9.420525865	7.281383345	9.396399409	13.51865858	10.49331853	9.439573141	5.290669403	6.564163759	10.9679954	12.36533623	9.574669037	7.596425825	7.841596441	9.788243241666665	12.26639673	8.917222563	5.942323096	6.508866	6.428576504	12.37707547	6.131019392	9.400619086	13.3551463	4.915040547	8.753035281	5.153260846	6.136284698	8.539594634	9.112382213	12.63113567	8.923636676	5.938620618	10.2184559	6.355037185	5.752431661	13.13022692	8.001888927	8.905784664	9.022844293	8.953280696	13.02454824	13.29064052	6.9803135195	7.5076978675	8.950759087	12.12748866	6.063514816	8.775593798333333	9.838110555	6.98111412	10.17939843	8.317652376	8.051879507	9.878845854	11.04191513	11.46548823	4.348473103	8.090288325	8.25381006	5.793377806	6.309351311	5.173577319	9.724540919999999	6.870973401	11.11485792	10.3832753335	10.16524973	10.23647879	5.173577319	7.977288263	10.65448024	9.277047363	13.05871313	5.502778345	8.401384498333334	11.752742733333333	12.80380114	5.762433689	12.258983765	13.30420816	6.459284722	7.137320981	8.004992287	7.814516564	13.22257794	7.093487974	8.86999847	7.591163096	9.238401235	12.08119175	7.579970097	6.768141562	5.414356796	8.660436354	10.385553623	12.39851507	7.7921554465	4.738442523	10.31057479	9.884116287	9.017132888	7.532752818	9.156562152	8.479392506	5.721285739	10.53545552	6.8896446970000005	5.343970275	5.786154703	8.575889394	13.29876374	5.134708321	12.58759428	8.467602996	4.682665758	8.03020098	9.740314664	7.012925337	6.472824486	6.679075361	5.765758335	10.4783482	6.509135463	6.758804763	11.13187564	7.248267567	5.757577272	4.78101129	9.972170433	4.996099352	9.632472524	7.805306554	9.513417952	5.251960402	10.26373488	9.0176803585	5.425292503	6.277614861	9.525611339	8.06071506	7.161083566	10.56909204	9.739657389	6.047861863	8.3981509	7.070287554	5.437064554	10.10854746	6.713213198	11.08544611	5.706643947	7.022719178	7.895120177	10.16671806	5.381425393	6.476415419	7.512920652	6.429778743	8.679025148	7.241878347	10.71267199	8.437677953	5.134708321	7.108207508	8.397014532	6.96411699	5.714667113	6.476415419	6.9739895945	8.155128648	8.469700735	8.94755597	7.8540035535	10.1189085	6.97844709	6.854490502	9.275560117000001	4.629298914	8.047254008	9.402632162	9.204737713	5.388986481	7.424974349999999	8.356827444	6.8807054285	9.4207062435	7.974981532	5.161754585	9.615229021	4.840658283	4.931195773	4.850578497000001	7.803269413	10.34252486	8.572455093	5.884527487	6.1448984535	5.90779929	8.570333005	4.410982126	9.115796615	11.720234115	7.963771514	12.53678294	6.160836156	9.096705370999999	9.858303056	7.866177108	10.26778925	11.20963162	6.835759609	7.780976436	10.44283434	6.233737628	7.596425825	8.9265112295	8.648158686	8.419742522	4.853299985	8.725703168	10.92778868	8.342111246	10.41131777	9.413374277	10.76467284
GSM3737723	11.24417323	7.74100974	8.64565831	7.146721384	8.4903376995	12.6490064	8.122040111	7.796417533	8.011001767	7.661495308	5.311257289	11.5695515	5.735462945	4.820040237	12.55298321	5.16021679	11.28989815	5.218974242	5.198039028	6.080350179	4.592873474	8.158219923	9.832885832999999	7.401474198	5.626028751	4.793625962	8.437021171	6.502680973	4.9435872515	5.81871205	4.671888888	5.008373	9.237306821	6.55378764	13.6078173	11.92916279	6.122093121	6.852138007	5.359835436	10.60025935	9.182471686	6.3426640695	4.906969661	7.109187483	5.621350293666666	11.65903421	10.07666099	7.092513791	5.980902923	4.990820902	9.222533047	6.46413556	6.176711353	13.12050499	6.015612866	4.948262591	7.049563821	6.472663741	9.952263331	6.684396499	13.31884521	5.237294096	5.585165352	7.97762218	6.660425285	5.342108178	13.19626319	8.811039833999999	7.818301882	7.429227121	7.065532802	13.24108346	13.27918296	4.8772940725	5.0074980465	8.320950462	11.37775431	5.852441087	8.835589314000002	9.615229021	4.597435656	6.760815548	4.945174179	7.636072467	8.185256925	8.527598767	11.58349363	5.799742674	6.189894803	6.384674027	5.684535309	6.549991553	9.094778455	10.704852651500001	7.348464433	11.55587948	8.7373303695	9.876842089	7.256247011	5.162925399	4.669450847	6.760815548	10.31821314	12.77151651	5.946983026	4.969255907333333	10.803367712333333	13.33456616	4.760477311	12.477961975	13.35317799	6.812443386	4.757755741	5.311257289	5.130310904	13.11396762	6.859895783	7.094074767000001	6.442699894	9.245470751	11.24569809	4.8612848025	4.97243101	6.278234601	7.584033893	9.128968369	12.23592393	5.587109211	4.846503406	10.07531465	11.26658135	8.01224565	6.064427628	9.20559956	8.34394397	5.532759708	8.462124757	6.241534297666667	4.820040237	7.581631336	5.796421895	13.49032085	8.799871713	12.18719347	6.138675524	5.634463089	6.578984197	9.505275856	6.3855334085	7.487629863	7.853217912	6.906713985	8.247546316	5.408786016500001	4.441143718	10.40473123	4.636555789	4.511162559	6.015612866	9.030264507	5.616011319	6.725655938	7.436675964	8.253581107	5.078758121	10.41662921	11.094564184	4.47029502	7.079078034	9.543311602	6.470911308	4.945174179	8.236153243	8.430147159	6.810275708	8.654203015	5.998838149	5.877026938	9.904625055	4.528538757	10.73537964	5.85441601	5.528411897	8.019051461	8.829359038	5.179851969	4.411344247	7.747437043	5.7959645165	8.575400968	8.1534848785	10.88083098	7.482689478	4.92166243	8.561287541	8.254602499	6.973074269	6.009957412	5.029696892	5.8179376025	5.707012784	8.668705517	8.983370411	7.4093319189999995	7.640891853	6.28380995	6.952096894	8.192841931	4.621608692	7.30570977	8.627609492	9.412435103	7.04389194	7.231588733	8.20936146	5.163258424	8.5407168965	9.678581615	7.916283173	10.41231502	5.871686149	4.749538078	4.6885278176666665	8.21288846	10.79849703	6.69304982	4.47029502	6.110539869	4.55516279	6.760815548	4.396846857	8.684987788	8.9307192835	8.809581914	11.77814265	8.769527603	8.8710526445	7.777446418	6.162389608	10.85913266	10.83953343	5.204139032	7.621417743	9.186012067	5.399433132	7.703751471	9.527418853	7.046975026	8.753484542	5.782378953	10.90425115	11.97642314	6.813305537	10.12484277	8.222276176	10.12283594
GSM3737724	5.479856585	4.978441837	4.412769221	5.756605007	4.4860330975	9.272109475	10.22441112	10.04605379	9.359454226	7.324156149	6.752692826	10.23845686	5.619677363	9.995527062	10.4103099	6.254908622	9.919181304	4.861838232	4.772463522	10.62967242	5.029997126	9.525251417	5.790207478999999	10.26470392	7.077505381	9.576675061	11.3952553	7.959865517	8.902029645999999	4.942404158	10.62640672	9.415297015	10.43099248	10.34306354	12.8930097	10.46756936	9.597264811	7.381672709	7.37826684	12.51947186	12.48147175	10.74625094	9.845380437	8.484201496	10.248831418	10.58047342	11.35621862	8.782143005	6.077282105	8.583286126	12.43780014	5.722608618	8.15145475	12.3426641	4.588003437	8.519758677	7.843730684	9.526637589	5.978056823	9.870316389	12.13778397	8.090663243	7.854461941	9.244507291	9.048557538	7.337676703	12.51015501	8.368316625	9.068393145	9.3008606	11.26337307	12.7409585	12.05178173	9.215446135499999	7.601276476	10.15291052	11.12234735	7.541797608	8.427174642666666	8.681056813	7.063000628	9.142582819	8.685194429	9.364291765	11.29668499	9.279612753	10.28599804	6.691945552	5.864416901	10.2091873	7.280489495	8.231915648	5.23356862	9.3782076005	8.590684109	11.31567291	11.0678007	9.380587098	8.738088383	7.437014227	4.499941339	10.3761004	11.73147245	12.69696909	8.32621364	8.973904347	10.225711533666667	13.00955946	6.645829505	11.729390435	13.28852876	8.054609396	8.168384315	9.453150358	9.198022655	12.94846075	9.552094471	9.670960618666667	8.981186397	10.62814874	10.55986589	5.760678797000001	8.409419217	5.132664734	10.45249533	10.409850835499999	11.52911272	8.660766208	6.104141028	8.964096843	7.759887479	6.886768572	9.151309665	7.302376161	7.542757005	4.928428919	10.48516463	7.704126176333333	9.456636548	8.106780465	8.730625446	12.59447961	7.043561625	11.83215816	7.475090782	8.711422842	8.657556268	9.085123579	8.8018585855	6.96460438	7.845554725	7.456374938	9.994577218	9.416321182	7.001225188	10.4783482	7.4846878	6.509327985	5.8974506	11.19981412	6.78271022	8.706060303	7.757104515	11.12670844	7.060919911	9.364291765	9.2074863045	6.542723949	8.585991003	10.40577182	10.14293257	5.989656021	9.609649897	10.35402882	8.919849966	7.442782828	9.111614963	5.659333746	9.202457767	6.746848762	10.89719119	5.04932944	8.575154723	4.387870643	8.10786219	5.965907052	8.093075824	7.822815763	6.178807534500001	7.0152919	11.604412935	9.896330667	10.05790981	6.115486632	7.416787839	7.027029362	8.082007063	6.531314823	7.442782828	7.6781038385	6.171060339	7.310469815	8.06512381	5.6533323375	8.936959622	8.037386217	8.333448419	10.938364584999999	5.961645513	5.246691913	10.5121282	8.1059025	5.573700492	5.7199828565	7.9292547	7.461135463	7.7120329315	8.129915659	5.463839909	9.261876747	6.391716156	8.56969503	6.2587426703333335	6.122567713	11.01649123	10.03325507	6.857681678	6.589146008	6.931671959	9.029039562	4.412769221	8.322307966	10.675431579000001	9.837249962	11.19826719	9.057187647	6.986976145	9.808530018	7.948831983	12.78398537	9.867891476	7.071762875	6.486297028	11.65022898	8.041561614	9.737375694	10.2620246175	4.754491606	7.709923118	6.70280612	11.25524616	12.86400028	5.652461934	11.33197994	6.884391848	12.46092775
GSM3737725	10.87401508	4.57861619	4.364594704	6.261828599	8.9605913335	11.36536209	7.492816228	7.708436569	6.979912186	8.328258374	6.584295451	11.06137727	5.098491388	9.103205557	10.60818733	7.318249971	10.48741707	5.218002227	5.004316537	8.298615831	4.547769523	9.657281039	4.41776039	9.635481767	6.392744925	9.522208375	10.9679954	8.220513286	7.878632289	4.561391902	7.979969339	8.560563306	10.23385668	9.359454226	13.6078173	11.14893787	9.180947463	6.932951643	6.988656197	10.25042414	11.12069951	9.8437410485	7.96002546	5.840455114	8.209402747333334	11.40923028	10.91761209	6.772491888	5.921871464	6.782150498	11.3952553	5.192861042	6.779581185	12.80981916	4.696000985	7.835358953	8.210204058	8.297675288	8.124325434	9.177887265	13.19099283	7.396434409	5.454937434	8.839697197	6.648708077	5.262929346	13.08166098	7.9518593395	8.514195736	8.320334702	9.331047314	13.27918296	13.07160124	7.4711751490000005	7.5737982025	7.400825178	11.38833319	5.54492752	6.204224686	9.093111877	5.22011344	9.057622031	7.103155538	8.662300826	10.59304373	9.064214787	11.20463539	6.582869552	5.85264915	9.336029717	5.828210884	8.317190701	4.804659452	10.354789217499999	6.431513252	10.97851526	10.581957245	9.916019227	8.286085538	4.862183369	4.477502883	8.864901569	11.90674654	12.89561983	7.366667349	6.919458261666667	10.684684634666667	13.25573408	5.928808842	12.065750375	13.27717021	6.642155489	6.717182281	7.772032018	7.435304753	12.96299612	8.367327827	8.951969469666667	7.396434409	9.233369613	11.13660795	6.0867589295	6.773714774	5.684827194	10.86172982	9.08614287	12.30746704	8.4898790035	6.093372362	9.892922063	9.196824677	8.091963674	8.351564556	8.225126413	7.637099538	5.301508244	9.37038068	8.754680475999999	7.712483283	6.390104435	8.455819074	13.43151557	7.315563763	12.25607168	6.591068779	5.698391802	8.561040865	9.192512178	7.5592634445	8.771495998	7.717572525	6.710618458	9.521282256	7.6917899295	4.564876214	10.97218323	6.434539597	4.407856557	5.610764568	10.54414127	5.471107605	8.429964159	6.211845907	9.518995059	4.651942304	10.39324955	10.4989501505	4.990820902	8.131315197	9.354779454	9.587771459	5.71148779	9.159702914	9.656555023	7.956508649	8.190123262	7.559902019	6.290401017	10.87655843	6.719016525	10.43833585	5.111491742	7.071606473	7.31360014	9.041490606	5.562237215	6.325622155	7.939278612	4.8222574090000005	7.751627031	8.8774495185	10.79457062	8.823987134	4.531429764	8.773863458	7.97138128	6.030333687	5.213135278	6.788961594	6.5983419565000005	6.18468763	8.403921672	8.323110594	7.0497153995	8.265853808	6.489394723	7.539258982	9.976355684	6.029057049	6.794522798	9.751725184	8.471712883	6.556392666	6.6300386620000005	8.250204142	8.056605056	8.886469786500001	9.076726256	5.987573361	9.67548094	6.679903733	7.178850502	5.978229551999999	6.998789009	10.91043927	8.401603698	5.832764996	7.862474005	5.998614883	9.328670016	4.48996157	8.494709351	9.357145349500001	9.772075511	12.14823668	8.660630678	8.473020658500001	9.760669533	7.509502028	11.82505959	10.61036443	5.944935618	7.937146341	10.23647879	6.406557554	8.507643519	10.3744895925	6.786063998	8.527040753	6.814634512	10.70400168	13.50407027	7.623194861	10.16053313	8.128724178	10.8959267
GSM3737726	11.47313461	4.720480238	4.413300034	6.208080072	8.745368132	10.79793876	5.436664501	5.449200655	5.429572405	5.004558582	6.727890659	11.52521843	7.603679645	7.899261863	10.7478441	5.338728495	11.34333952	8.196647708	7.418009804	9.36562278	4.90558936	11.00136487	5.0488501034999995	7.243083697	6.512310824	8.817866039	8.535805509	6.713213198	8.8269437335	6.567732691	10.14388924	8.22582951	9.475287793	9.191989391	13.64618784	11.0920096	8.781362782	5.750201267	6.62365136	7.852203705	12.66653086	9.36620877	8.543849061	6.476710745	9.092859114333333	11.87212399	9.870316389	4.574490249	7.122320034	7.290574715	12.54162268	7.221545822	7.306953112	13.02920156	7.025928519	7.431266003	6.893338172	8.091548881	7.482472628	8.993560262	12.52536956	8.943881957	5.387310503	9.191226065	6.456010363	4.881704307	13.01371721	7.765092752	7.705638855	9.437465781	9.687075635	13.33221228	13.23297046	8.349002351	7.0717707535	7.222517187	11.50169303	4.604124485	7.875239101000001	9.582157467	5.572756766	9.891272497	8.047799298	7.361769259	8.979939879	10.98425741	11.07261617	5.690847815	8.305258537	9.013028621	4.553192453	6.932951643	4.837258366	9.790890827999998	5.972850238	11.57965899	9.6584788245	10.07843285	10.5451846	4.671994698	7.944955408	9.566523635	10.84472693	12.6490064	6.822808451	8.078433296333333	11.326258766666667	13.33913551	7.217037342	12.225540035	13.06058518	4.521470644	6.240113656	7.989163248	8.308862303	13.09192648	7.992259175	8.096284693333333	7.630296695	8.675824377	11.247242	6.209107120500001	6.427459494	5.977583425	8.996567342	10.7682086495	11.78481643	7.7010287725	5.019360583	10.20870926	9.3640318	7.861315692	7.644918272	8.312868298	7.829259588	7.005623361	10.67579434	7.328679972666667	5.715610287	5.753072488	8.0956492	13.68316129	5.4599942	12.35764017	9.010676408	4.671994698	7.469522253	9.391599158	6.9307707975	5.234738404	6.22739347	8.576326473	10.91907428	8.1861489695	5.47837157	10.90981724	6.682788321	4.385469839	4.422890797	10.54316568	4.871226793	9.449421443	7.644227324	8.094525287	4.335287599	9.267881268	8.870015533	6.408283718	6.582720613	9.834036271	9.219710283	6.912775822	11.08242344	10.64036819	5.605385509	8.642502647	7.179622994	8.363205755	9.912547732	5.717266925	10.70150132	6.243757234	6.513799934	7.227705166	9.671701195	5.76109942	6.837258651	7.96020349	4.6787539065	7.56707589	7.0359408585	9.995527062	8.923867214	4.455176594	7.741410092	7.615023394	5.344406113	5.027168305	5.853402785	6.9113626665000005	8.371483532	7.429728395	7.886629518	7.4541594895	10.32034681	6.106583412	6.140806882	10.1767241405	5.918869346	7.332212803	9.310948563	8.933896234	5.807060127	6.667733216	8.221380179	7.0639895215	9.1980576015	8.506695597	5.563759462	9.664371167	4.782034309	5.692859575	5.001496463	7.083589004	11.84332974	8.96711185	5.795002025	6.4642712165	5.863907927	8.600992671	4.364226475	8.38311429	12.009359499999999	8.372461074	11.81884572	7.502781248	8.3623536605	8.994589692	7.373081724	9.252026964	10.51902589	6.892060806	8.061514074	11.37875092	6.264753457	7.322645492	9.9120508265	7.235753965	7.727777953	5.621531453	9.368096936	12.33743604	7.090122329	9.805517003	8.838041428	9.604641828
GSM3737727	5.808240351	11.10710664	10.86328603	4.588479012	4.4039280485	9.187820879	12.197588	11.58533859	11.85587292	6.151575191	8.29493132	8.619673206	5.389080493	9.323164794	8.430330137	8.878261381	8.859165584	4.696794671	4.538899367	9.426277639	8.030752753	10.57695755	8.464060718999999	10.16333375	8.753035281	10.05337852	8.994090859	6.270682782	9.2507233355	4.588479012	10.06302691	9.326672674	9.142582819	10.99256214	11.78232788	9.89733797	9.722323525	8.664713556	6.774085557	13.3551463	13.3232508	10.84380704	9.258079897	10.77759771	9.235789707333334	9.825394271	9.704681613	8.499160321	6.482285268	8.645868684	13.29264201	5.101335898	8.626803759	11.17960649	4.477690546	8.490850452	5.139803302	8.583717053	5.835990684	10.05712714	11.57386665	8.177133685	9.363771788	11.12506288	9.729144331	9.699221602	12.25335074	7.923571328	9.652084779	10.72194462	10.74323372	11.80565229	11.50018047	8.9216491925	8.6774607625	11.70573043	9.944910132	10.10150779	7.800151471333334	7.590726591	8.482765522	8.888530489	8.235181149	9.097416016	9.980039732	11.54219277	9.917505567	4.429059027	7.948257093	10.03057791	9.065833742	8.417750999	7.968141155	8.7358294565	10.58726077	10.35517201	11.165538275	8.62231459	10.88798364	9.930643253	7.191562018	9.899553452	10.78394112	12.04057432	7.158955683	8.057481526	9.357957483666667	12.61341064	7.043424921	11.0851744015	13.21516708	9.552094471	7.704515367	9.176009217	9.077808495	12.42994687	8.437875145	9.006953812333334	9.328080924	10.11995146	9.915042011	5.884123851	8.016465319	6.180901925	9.45945595	9.4885431745	10.42451285	7.451385161	5.089446175	8.027951474	7.44685842	6.28624782	9.064491288	5.526560803	6.486297028	5.425977573	10.73918982	7.919533311333333	6.268150197	7.098392914	7.984186408	11.96108339	6.138995427	10.9462559	9.798000713	7.151898111	9.223594246	8.609011185	8.299141102	5.870210268	6.070209569	5.22842172	10.67344978	8.8525810525	7.002731798	9.961377188	7.285993572	8.020490386	7.708436569	11.15639249	8.431244677	10.52614657	5.858073237	9.839841681	9.826710507	8.433511107	9.1934941235	7.101515029	8.643872715	10.10575017	10.00216805	6.686039375	11.8230745	11.01917942	7.738506781	4.868528744	7.840233063	6.751382241	10.08779416	7.144795225	10.45876427	4.624692568	8.329812949	5.036839423	8.054920238	5.317503725	6.465981241	8.205181809	4.766949606	5.738026121	9.128223134999999	8.906326615	10.41564814	8.056575053	6.585023527	6.421756264	10.00353094	6.930809993	8.082763888	8.087843712	8.316323484	6.788812096	7.275439723	4.6622290895	10.40763058	8.412260645	8.243515663	10.940440854999999	5.418150939	4.95491011	10.84631872	6.22092056	5.516453113	4.5701954515	6.436033037	7.6697078385	7.0676085515	7.70213587	4.837021108	9.007370136	7.477850147	7.131930877	6.811558058	5.044952864	11.3304226	9.590746675	6.281831572	7.114936611000001	7.842388967	8.495350805	4.32633681	8.426714209	12.210339085000001	7.952837681	10.05866952	8.04296436	5.6762218985	11.05708277	8.937523705	11.76302954	9.178508982	8.551595716	6.904482824	11.64336462	7.987180495	9.368679009	10.01691465	4.918453098	5.979331688	6.839169642	10.09410779	11.9565708	6.352694528	10.86711292	6.967824476	10.53672672
GSM3737728	5.708090065	4.430568338	4.314202064	8.618971969	4.594193752000001	13.03630074	8.386975704	8.692676878	6.533766084	8.728122109	6.909523095	11.93376826	7.311179699	5.686868915	12.29274979	5.088768165	11.60306512	8.916749993	4.541532897	7.004037817	4.550578599	9.551770132	9.6720755095	7.755380689	6.50085679	6.257405599	7.518836705	7.595646884	6.4289837825	6.936587621	8.466483945	6.172134015	10.08400542	7.034706108	13.61548454	11.05251067	6.945503562	8.592651293	6.794400952	11.47129102	12.23888241	7.026636061	6.346105536	7.145628618	6.685412781666667	11.9565708	10.96230101	8.212521202	9.317770366	5.264741933	12.17584284	8.240624391	6.285992899	13.06058518	7.918197989	5.68304551	7.90785081	8.252174588	8.372885	7.074887359	13.00745528	9.16424936	6.557111018	8.004813849	9.528012253	5.863834424	13.28315166	8.979952189999999	6.762339104	7.523561126	7.760954823	12.99655686	13.29064052	6.3423780625	5.109365819	7.99890023	11.92674725	5.76305739	8.672053961666666	9.817867873	4.479718834	7.061066221	6.043368762	8.629938645	7.225663339	9.514524827	11.38833319	6.737189567	5.548481688	7.35524462	6.526733939	6.433740146	9.231240931	10.112810076999999	7.922397943	10.49565405	8.4367961365	9.918370857	8.290409612	7.033513608	6.069381801	7.425066366	11.23421119	12.69925362	6.886768572	6.458631199999999	11.135715258666666	13.34151155	5.571528469	12.24317644	13.23899545	7.482472628	4.729404898	5.705099645	6.349334676	13.1325459	8.265199418	7.466721493666667	6.447357041	7.187320093	11.93129689	6.1795878385	5.043049136	8.657950694	8.347912256	9.0701622335	11.82505959	7.4491966055	5.563157111	10.62155579	10.49898619	8.011430519	6.142530968	8.618971969	8.589748269	8.027404389	9.243553103	6.459965634333333	4.619327504	4.740513586	7.99890023	13.52506731	8.380789767	12.41545355	7.456049743	4.498682622	8.765019786	9.459175219	5.8113942365	6.595916327	5.816314841	6.923259576	10.28972341	6.3426839425	4.900807999	11.06463184	5.181151569	4.394139359	7.296090649	9.951281525	6.080472321	7.74992108	8.180716744	7.52239271	4.793286539	10.3062776	9.4541564195	4.570088827	7.615352982	11.03736027	7.512048231	5.943202627	9.292352548	10.54807723	6.006607271	8.169244212	7.39879622	6.002229896	8.810427557	4.734806807	11.04784594	7.595646884	5.875248878	7.978966009	9.919181304	5.602918889	4.829839478	7.211114427	7.996623654	7.57114348	8.481466734000001	10.41875951	7.690513844	4.641332311	8.126784576	8.267303153	5.928474349	6.11026443	6.189760992	5.836762232	6.389378573	8.345848274	8.909283391	7.119558296	9.081491681	6.130355873	5.701298437	10.203733231	6.31750496	7.628304259	8.523169451	8.737386079	7.668211935	7.128687327	8.111694826	6.35239218	9.111849191000001	8.258560628	8.295739506	10.1394353	5.10941984	5.002711768	4.689319477333334	7.491451444	12.1456789	7.111460636	4.682867032	5.848577835	4.563580146	8.375278858	4.385696731	9.427718553	11.0384910365	8.171442961	11.38494554	6.754649516	9.046033866	8.22689832	6.784033576	10.96082922	11.37052503	5.788044893	8.712573207	10.15633185	5.157390801	8.485476718	10.1391940695	8.038786979	7.857374624	6.695342833	10.78954205	12.8285362	7.19838261	9.496374044	9.073402133	10.37816715
GSM3737729	11.5114813	4.720488035	4.516522237	4.586319651	7.9395047415	9.243862974	6.706048411	6.39510385	6.065348011	11.04191513	9.920070409	11.10412634	5.021077261	8.411850342	12.30061699	6.476145354	10.59202569	4.746048516	6.620768117	8.788656821	5.844696907	6.707961545	7.268789294499999	8.603281231	8.046538002	10.28105934	11.09507401	5.233146255	9.4360143125	4.634209117	4.994244202	9.134674712	6.842028116	11.09970251	13.49976184	10.85786917	9.40782075	5.042580938	5.208509458	9.581465213	10.13080099	10.747600949999999	8.771293088	7.629416567	9.437548227666667	11.21283129	7.679347395	4.94743555	5.236330439	7.694611073	10.0296178	5.119596604	7.455373446	12.64142372	5.01330535	8.958343964	5.06230943	6.441490027	7.44685842	10.34061856	13.33676251	8.025796485	5.344163583	10.72930731	6.66790836	4.74275845	13.09192648	6.4773421545000005	10.57012144	9.960947513	10.44168294	13.23486608	12.65598765	8.845105692	8.7162563875	7.663194112	11.50378636	4.838671926	8.705278358000001	9.312140572	5.905269077	9.811882896	8.311629592	9.141484251	11.08926488	11.02187635	10.99979151	4.372264432	8.761924803	10.00216805	5.179601759	7.123435981	6.517897329	10.5476794215	6.509459953	11.38133256	11.508380855	9.873402294	11.09335	4.613604714	6.556664085	10.63546391	8.877606545	12.48403113	5.14302882	7.6666787303333335	10.706301491666666	13.46120387	8.240805731	12.32232692	13.32989295	5.707322677	7.510532587	8.552776745	8.69070221	13.02683036	6.288633524	9.019995554666666	8.405788095	10.55520813	11.18911344	6.4570087135000005	7.32480309	5.319545731	9.139260616	9.4106066535	11.49341848	6.911098172	4.359278422	9.776742983	10.01862603	7.359437514	8.601237822	7.674283489	7.162736418	5.729545445	9.20151619	6.3923717123333335	7.969304961	6.650579066	8.061297483	13.43760988	5.257177217	12.32957311	9.215449321	5.852337062	9.357762686	9.117296504	8.5771386865	7.315044795	7.847820123	7.407288997	10.11756451	8.5397034115	5.546820228	12.72024482	7.064707948	5.821570961	4.551956826	9.599410977	4.667171705	9.556847087	5.832883562	10.37413486	4.495226468	9.344993732	10.350919148	6.720057509	7.68937851	7.886816838	8.315054712	6.805299153	11.23713083	7.460830416	7.562889507	7.67522123	5.890501477	5.214813585	9.208013688	7.630296695	11.57386665	4.983249127	7.621928984	6.845501791	9.777582211	5.827364248	7.352079285	8.616866211	5.822506849	7.088461403	9.8195646245	10.58267703	7.589837583	4.382489941	7.615529243	7.059185562	5.534376383	5.296485042	5.88362079	7.435569001499999	8.336152716	7.307617298	7.948257093	6.45184625	10.51338104	7.073649533	8.408020474	8.7030344825	4.488211969	6.422272809	9.833224315	7.764691232	5.433086421	5.650301601500001	7.81048393	6.077524089	8.66239347	8.477863221	5.534376383	9.826710507	8.619218492	7.170325678	5.729582508	6.563758722	9.417822631	9.696954668	6.593856359	5.309250238500001	7.236381981	6.331269671	8.156691165	7.634439731	11.106669635	9.328080924	11.59110392	7.073649533	7.786515192	8.445214912	8.681816349	11.7155501	10.3213373	7.289484828	6.933615647	9.148563698	7.271038857	6.141392445	7.4310087885	5.290141419	7.395069035	5.470620018	10.46756936	10.387868	7.109470462	10.6487432	8.243697341	11.28834757
GSM3737730	11.56321612	4.837567685	4.400589885	6.668011813	9.290153769	10.55259495	9.128945692	7.793240209	8.374174145	10.48979978	8.897674997	9.342768938	4.613653071	7.946003994	11.10859313	10.41875951	9.768633888	4.819679582	4.599432232	10.45249533	10.90981724	9.857281078	5.403903426499999	9.949189736	10.22158825	9.428309784	11.6456191	9.186261026	7.891189131	4.510481925	9.465479036	9.256918504	11.77613048	10.58390144	12.280069	8.480087101	9.185141017	5.605709093	11.08306021	10.4743153	13.40473438	10.299041395	9.387063469	6.98092973	10.493451979999998	9.504969774	12.6870546	4.525298434	6.091070529	7.790575205	13.46530777	5.022213116	10.89845094	11.20963162	4.399182676	7.362801338	9.13956174	11.20324724	8.127808431	9.114137883	12.51705626	8.689993963	5.924397472	12.48991665	7.522221045	6.475135875	12.67153874	8.33166262	11.33823375	10.93893089	10.65918937	11.90674654	11.35621862	7.9953596895	7.928131393999999	9.282788963	9.88057664	6.088389652	5.691901867666666	7.376043052	4.873271711	11.5322808	7.956508649	7.30929186	11.19826719	11.12434644	10.2184559	7.488466961	9.314450832	10.30409209	5.758881907	9.623835583	5.590895319	9.461960299000001	7.294768135	9.894099171	12.260136854999999	7.966372655	10.80472504	5.391194463	7.402038519	11.0042299	13.28670573	11.44463904	9.863845713	8.726204883333335	8.665110548	12.50768107	7.422515086	10.766401868500001	13.29876374	5.597754048	7.78941748	9.102247486	7.74269819	12.30746704	11.09003893	10.004738606000002	8.432580605	10.68917164	9.110306302	5.9374479975	7.908198062	4.958664841	11.65903421	7.1118585114999995	10.32932615	8.4243273775	9.478664089	8.315054712	7.825435176	5.807060127	8.887921539	6.90980433	6.410944158	5.115622446	11.46137014	10.139062784666665	7.683176653	8.509949799	8.547520755	13.00527237	5.074524637	10.37521358	9.906500593	4.619225988	7.324967123	8.68042875	9.0931342815	6.381478046	7.792335473	5.255871772	10.05513116	8.8618978335	4.393966964	9.554714543	6.821214576	7.977780167	5.112370631	11.82720955	4.650144408	9.719406467	5.248092927	11.03736027	5.183161221	8.540749207	8.1014629855	5.283545663	7.320348329	10.00173349	10.89449877	5.983304103	11.37603487	10.75823267	7.141829327	7.720058233	10.85237093	7.727426985	10.97099254	6.930378817	9.716251262	4.566028508	7.174961026	5.79597592	7.738506781	7.950330487	7.908198062	6.761272783	4.4806251370000005	6.342869153	7.2149667520000005	9.700802547	10.02082574	5.629319593	6.792544923	5.841529866	7.007843703	4.787383975	7.663542527	7.523836580499999	7.648457941	6.8550618	7.02078204	5.9599383945	8.961419241	7.968714177	8.42647266	12.557170585	8.531945506	4.936266606	11.86289425	8.052578796	4.638414734	6.086270703	5.431043564	8.602139991	6.7017486095	7.271641977	5.029830465	9.440274189	7.379350372	7.147850414	8.019414182333334	6.015740618	11.50169303	9.775176259	5.195503148	9.519094278	6.312975593	9.856548566	4.374474998	6.70811966	11.88324129	9.821044643	9.424920554	8.838266357	5.6947438515	10.76981624	9.725669625	10.39562104	9.432902656	9.078936264	6.437108744	11.76302954	8.284597118	10.9581395	10.0896476455	5.926993155	7.169026151	8.013397694	10.3213373	13.41588339	5.849864086	11.15639249	6.783488009	11.89992724
GSM3737731	11.13497028	4.363052332	4.334807617	10.06137386	9.2424874385	13.29638883	6.650721162	6.225994121	5.382285474	7.33827582	4.708648158	11.03889149	5.732422576	7.374123863	10.81504875	5.147107844	11.38926562	8.959157936	7.660232892	9.653693946	4.409017771	10.41774474	5.124359217	7.091048527	5.669631325	7.386220859	6.645386715	9.330400834	7.2530310369999995	5.281435261	9.399759451	8.374676804	11.59901635	8.478718641	13.59968193	9.020340766	8.714048345	6.1253474	8.381533463	9.052410682	13.2612465	8.6922931475	7.38133023	4.675157646	6.982320130000001	11.67563866	12.19287435	6.30091308	7.509873114	6.984286697	13.15001213	6.993350019	6.325359813	13.00312948	5.097243958	7.12640225	9.729144331	9.000869718	7.186928218	7.91513493	12.96299612	8.435452876	4.72161432	7.616237899	7.035863267	4.696526162	13.33913551	6.182271869999999	6.737189567	7.402220654	8.707883576	13.12443863	13.18524485	6.4495706895	6.5096626155	6.99719005	11.39872415	5.519873395	5.413898673666666	9.956624055	6.786588173	6.637045925	7.394104463	8.834075619	7.780511734	9.787961886	10.99755837	8.771495998	6.037409484	8.177574734	4.998489966	6.184894213	5.971904842	10.95768141	6.070937312	10.16719715	8.593836768500001	9.268566119	8.008130355	4.655147337	6.696466239	7.566568616	12.45868869	12.44048987	7.937146341	7.96680546	10.643362495333333	13.41588339	6.61368049	11.915896499999999	13.3778742	5.587383028	5.402199487	8.315054712	7.110623575	13.16785992	9.369760677	9.312034459333335	7.728139468	8.271282575	11.17297624	6.569228153	6.322639884	6.130107784	8.464000674	8.530319181	11.7480281	8.153929419499999	6.46627871	10.04507691	10.24152379	8.348103289	6.386004346	8.861748954	8.155629389	7.268282701	9.530414259	7.214211026666667	5.114036862	4.690188239	8.158219923	13.39377001	6.71024535	11.88291287	7.181046178	6.286700253	8.253393979	9.699221602	5.843586285	7.383721376	5.740808212	5.863373862	10.84224303	7.705733477	5.873019967	10.51787122	6.39510385	4.804971906	4.873308549	10.00818625	5.046695911	8.78351339	6.654537555	7.974632068	4.407349021	11.0114673	9.830370151	4.924786665	7.985782051	9.282788963	8.165026824	6.127906868	9.767853218	10.38957465	6.068553559	8.504777196	8.096862811	6.818141399	9.616772617	5.230823965	10.95366591	6.254810227	6.794224935	8.811093334	9.984782467	5.565942705	6.228155443	8.906821397	7.053971965000001	8.75053567	8.5577076725	10.53334484	7.868757609	4.573828948	9.34689896	8.439622698	5.423872761	6.23469583	5.948987701	6.6135520695	7.021383698	9.195694902	9.807015909	7.99576407	9.224348179	6.802164917	5.789269503	10.310335485	6.856722473	8.138895182	8.98362277	9.130312873	7.138036009	7.5103877585	6.725790829	6.5736961455	9.1289687855	9.273690953	6.735681509	9.993665073	4.395779972	5.522940654	4.881667122666666	7.80805851	11.23887796	7.852424811	5.188895811	5.8705024864999995	5.605709093	9.151912125	4.364434022	8.4614108	11.33198564	8.60148293	12.34992378	6.242120247	8.8651588325	9.631451625	6.750900929	11.44877126	11.63884375	5.728752703	8.288346537	10.61288759	5.876272507	9.154443409	10.424163946	5.702870936	8.810226893	7.205670051	10.55259495	13.35766898	7.017027581	9.919181304	8.572001043	10.17070607
GSM3737732	5.716952752	4.381754574	4.422066743	5.775512638	4.563749875	12.4953803	7.711167912	7.502632093	7.78118482	6.636169907	5.366330513	11.42941758	5.599015363	7.734751236	11.0801679	5.366330513	11.71780556	6.344047185	8.369712743	7.019323133	4.440168827	7.939088796	10.44045237	7.416436003	6.16156062	8.438600842	6.25961389	7.857996531	7.3372664675	4.683811922	8.164681218	7.724484709	10.46346573	10.04051077	13.58488638	11.46375366	8.761213229	6.626658129	8.198331967	10.75564992	13.05232904	9.323514212	7.509687583	6.60223333	7.787179807	11.85821939	11.3744374	6.722094522	5.395881998	6.923403412	12.87998769	5.850775616	6.517971123	13.19444308	4.357824027	7.127649383	8.474799778	9.460304218	5.978986257	8.879825396	12.88525545	6.77870548	5.845585689	8.321875958	10.07927351	5.342695167	13.09007979	6.9316815485	8.362477644	8.515489998	9.138703505	13.1122251	13.29435592	7.811181642999999	7.3003395995	7.702280194	11.28834757	5.827288774	6.0355512713333335	8.340021138	7.446134711	6.931499607	6.771281722	7.462356551	9.410168426	10.36359169	10.92778868	6.898014295	7.494038013	8.373481004	5.591850315	6.617621988	9.838110555	10.2241946635	7.027559312	10.08828362	10.409052723999999	10.41131777	9.883123579	5.183121885	4.762240371	7.931943381	12.09679579	12.86913709	9.017399711	5.974314303	11.099814852666666	13.28670573	5.389080493	11.817880675000001	13.24247726	6.472502978	5.531758508	7.605370698	7.411227598	13.15578767	9.552094471	7.795187174000001	7.99630811	9.537108969	11.44463904	6.3695838855	6.027583521	5.303598584	8.44371153	9.2859925425	11.85384433	5.8575659815	8.315054712	9.619545407	8.924376124	9.132076334	7.86954821	7.695521198	8.95392026	4.94869239	10.12669358	7.579131749666668	5.003111754	5.798599415	7.841884682	13.24771329	8.450145436	12.23159072	8.159253259	4.495002414	8.037569251	9.708433524	7.2410018615	9.133982091	6.206931124	6.152135277	10.03781131	7.615844699	5.320971145	10.48805545	6.288037468	4.349920096	6.417956193	9.798000713	4.975249526	9.261563376	8.173822327	9.290244247	4.528140036	9.295218633	9.480277062999999	5.606678617	7.013891385	9.125633825	7.78118482	6.149756058	10.66777786	9.368679009	5.066588236	7.684718662	8.715235951	6.281290664	10.09359624	6.406274088	11.02614077	4.759343013	7.081615456	6.787873978	9.440834351	4.67704621	5.814834368	8.825488514	5.330333755	7.378935115	7.675552150000001	10.01862603	6.825123545	4.663959889	7.830415501	6.755220008	6.13127668	5.985594373	4.987678305	6.744851439	7.630474931	6.468079215	7.640161307	6.508585977499999	9.141484251	7.212566283	5.345431659	11.645025669999999	6.759706496	6.24047672	9.661456904	7.764691232	7.639228639	5.8277922105	8.031429326	5.9578742915	8.557300324	7.275328167	7.862255703	9.470101485	5.841241584	4.850940278	4.850715085666667	6.488072737	10.41350441	7.822815763	5.263933705	6.6495624724999995	5.386179406	8.561534175	4.293195852	8.354721838	9.924213219	9.299561966	11.72944678	7.349390882	8.1038012215	9.405360658	7.512694367	10.83396226	9.982137817	6.447357041	8.506468333	9.508991226	5.513427415	9.103205557	9.641443701	6.650870721	7.057409637	7.420976888	10.3213373	13.11054415	7.894911834	9.734518932	8.127596195	8.300290103
GSM3737733	11.80565229	5.077877003	4.414517324	4.622133319	7.8104171435	9.8936632	8.773641996	7.669648359	8.247768812	9.051010343	7.696593756	9.986089269	4.900653166	9.87376274	10.61934585	6.556807757	10.19337507	4.405178817	8.569886844	8.937523705	5.573040517	8.037386217	8.123478203	6.934518939	6.807843231	9.505275856	9.205856614	5.265330974	9.3627603395	4.37996504	7.379548932	8.859165584	9.02530079	10.67714832	13.55436955	10.3889903	8.732311951	6.326745938	6.198627389	10.88798364	12.85241612	10.669972125	9.670314893	6.770979022	8.818027282666668	10.86443678	9.36562278	5.79582716	4.933914751	7.481134247	12.84720409	5.040057551	6.895144788	12.09170448	4.598144191	7.402731399	5.220277726	7.248114348	9.034893221	9.480680612	12.78642228	6.444969975	6.311793736	10.17359763	7.101515029	5.546970847	12.86650902	6.269109868	10.38399998	10.20661491	10.98569661	12.75098185	12.29805403	9.240427793999999	7.8168440535000006	8.362998087	11.66747892	5.88418063	9.119500652666666	9.081272723	7.285993572	7.947179698	7.936569841	7.023366238	10.63075145	10.84951986	11.17786713	4.576505406	7.778801981	10.82392355	6.373398071	6.716360755	7.841439194	10.162221383	7.272842601	10.97361733	10.66616869	9.977680763	10.84347529	4.882928307	6.019544577	9.343069786	10.30409209	12.42192991	6.594361906	8.026265233666667	9.818495091666668	13.17931427	8.131727828	12.144969195	13.38853511	5.789960378	6.645033886	8.632701414	9.063453783	12.89561983	8.06875812	8.695671376333335	9.011818059	10.99395624	10.53943743	5.464206357	7.517016439	4.576505406	8.197897012	9.8893698875	11.53052259	5.0654381335	4.775345856	9.322623406	9.443243375	6.632077298	9.042152109	8.051304678	8.075523152	4.87463519	9.928269914	6.174106726333334	6.711041676	7.250346768	6.340404635	13.05085319	7.057900349	11.67176536	9.56270134	4.763013023	7.941328257	9.323164794	7.5900297995	9.434202294	7.602365587	6.231459339	8.834842666	9.175366231	5.163689358	10.25773514	7.104947029	4.453797109	5.420128122	9.336981611	4.717261	9.902814581	6.179067581	9.401628197	5.326220232	10.04143799	10.0016988215	6.891429686	6.881278395	8.028147223	8.091082154	6.354706687	10.83578471	7.68937851	6.615267898	7.334086077	7.43091768	5.010758542	8.794469677	6.522539006	11.54016877	4.665754865	7.394104463	7.114131633	9.442081496	4.975249526	6.556807757	8.936300223	4.6076517305	8.024971667	7.1206804505	10.24881207	7.78743259	4.952662004	7.823160869	7.509180343	6.459105381	6.525869834	5.304892935	7.8685503005	8.080655989	8.125574362	8.24560667	5.997348745	9.550768623	7.945296892	7.283550443	9.838747826999999	4.373413813	5.875965472	9.552094471	8.114056248	4.870585005	5.2095903055	6.910603989	5.339383375	7.739365039	9.015225987	4.938498399	10.26726171	6.983253702	5.598656829	5.214800495333333	6.971398636	9.569109743	9.742196082	5.540626118	5.1492934595	6.979912186	6.474118252	9.186012067	7.948098882	10.316461165500002	8.572001043	11.26493239	8.343703442	6.8883037295000005	8.271963383	7.68937851	11.00276001	10.43981022	6.665526878	7.311974354	8.840738258	6.950934338	8.358460726	8.026098466499999	5.314061622	8.08830184	5.236330439	10.06941186	10.95102883	7.683176653	11.03736027	7.056009909	9.630746613
GSM3737734	11.76302954	4.825602776	4.432827443	4.337601993	9.111502187500001	8.96711185	12.83862287	10.80977056	11.91745511	6.122567713	8.945653844	8.990761085	4.972351439	10.31057479	8.919372048	4.949263787	8.337914065	7.565839096	4.770946056	11.24417323	4.876311429	12.79848718	10.175634219500001	9.391599158	6.98353874	9.969611211	8.832998431	4.912128017	9.572109672	4.955945481	9.584505321	9.600623205	5.526049064	10.86328603	11.79510625	8.2632149	10.91487319	9.37222095	5.309311063	13.29435592	10.52222177	11.072314895	9.761822852	10.89302725	9.956240745333332	9.079492835	7.056726875	9.692321082	6.672983607	8.883559402	10.59202569	5.454865936	8.310486864	10.75564992	4.639717195	9.35668098	5.59122948	4.95147463	5.361313444	10.91106103	10.80874292	10.34360202	9.151059887	9.562369438	6.473247413	10.3052197	12.09975116	6.6482185325	7.101640868	10.92508142	11.01917942	11.53824396	11.61272305	9.3260628015	9.3046421015	12.06299242	8.296533399	10.59566047	5.938188849666666	7.541604039	9.497714434	8.087556202	9.761062735	8.357734797	10.14388924	9.604641828	9.803079847	4.963440718	7.230129529	10.46346573	8.799871713	5.868526392	9.657281039	7.807537676999999	10.68081359	9.598777347	10.277478630000001	7.914437447	10.3012567	9.238401235	5.325249486	9.642023289	7.735618768	11.15148495	5.318868226	9.674978648333335	10.152035008333334	11.81667496	7.928079717	10.7250963395	13.05871313	8.265651174	7.646156644	9.779953388	8.907879287	12.56856597	6.004642541	8.537539044333334	9.472250608	10.28298812	9.612937395	8.4443316275	8.05384048	6.280673377	12.12486542	7.858788435999999	9.784650007	9.666620845499999	4.676274877	7.565839096	7.063742212	6.799307237	9.090357531	6.447357041	6.109241657	6.394282239	11.10118638	10.560703296666667	6.315430765	6.452085028	10.76214487	11.36382951	7.228537121	10.5451846	7.860032283	4.882723007	9.060667503	6.870434058	7.667712302	6.836798584	5.695281135	6.211420079	12.110058	8.232777991999999	8.583948134	12.29805403	8.677080572	4.560757605	7.801616746	11.40132075	8.533773402	10.58390144	4.763217238	8.88546092	9.413374277	8.048020763	7.836292362	7.154500622	7.136375213	8.549972726	11.10582525	7.487956389	11.54400796	11.72944678	5.88127744	5.797691869	5.658546275	8.995335521	12.42726293	6.806897277	9.467101127	4.708979149	9.004410385	5.627235825	7.035554019	4.563917161	7.176151311	6.27893149	4.6400534605	6.248340824	7.6129516795	8.589748269	9.192243744	8.451824451	6.07532221	5.743432472	9.757283912	8.057133759	9.343370572	9.0092526305	7.391274012	6.991272617	6.451389697	5.3809785095	10.2742943	9.700802547	5.699663881	8.956719647	4.991941367	5.460035845	9.726081354	6.396611898	6.949551936	5.369880744	5.182401222	9.551888699500001	7.846731804	7.147309862	5.727286468	8.399807412	5.790123312	6.409380308	5.9090137516666665	4.990085526	11.36693453	10.13744335	7.085028655	9.3773780085	7.644734302	9.997302845	6.056546824	8.449223734	11.941552399999999	6.783488009	10.57224714	8.713772766	6.554305861	11.6456191	8.017840147	10.61564103	8.825965447	8.054920238	6.170737036	12.84962777	7.617589127	8.360524309	11.57591305	6.204671201	6.44930169	6.800790702	9.841667368	9.869572796	6.51664225	11.27887752	7.491451444	11.12362965
GSM3737735	5.494953131	5.54904047	4.416410462	4.318749214	4.395979301000001	6.255085716	12.280069	11.39357001	11.87862399	7.666238048	7.475967651	5.50508496	6.629977319	10.10854746	6.72634446	7.97138128	5.8088836	4.977096704	4.605034458	9.740314664	5.706294291	9.302751715	7.23686716	9.34689896	7.69965124	10.14586436	10.58841297	5.408136716	9.781181221	4.484600517	9.291055312	9.103691866	8.150143396	11.247242	9.268566119	7.375264821	10.17070607	8.849750089	7.115963724	13.20939401	11.16204634	10.70428096	9.947006608	10.83953343	8.579159669333334	7.217502352	9.185763065	8.294309138	6.772677449	9.067019449	11.26160519	6.122816315	8.617451771	8.547066824	4.486768987	8.96982987	5.448159741	8.263586594	4.915062023	10.62387663	8.383519347	8.199436673	9.783247061	10.76603096	8.905784664	9.348980287	9.616772617	5.0312940665	9.300509622	11.70356968	11.14893787	9.517367767	8.529922181	9.410598751999999	8.7017037945	11.33503772	7.200192595	9.97300655	8.068943864	5.070872729	9.43837581	7.998101557	8.755958197	10.96972444	10.55259495	11.48372443	7.474938737	4.409938413	8.27490661	10.74206719	8.983118007	6.88287098	6.800891792	6.302069169	10.43930486	6.603624776	11.070618719999999	6.115627513	11.10118638	8.751466993	6.067007719	8.924928142	10.50883766	12.45072063	6.473247413	8.026962240333333	7.424179398666666	9.260916835	8.537153264	8.254763763	11.07113613	8.168588023	7.440738544	9.180618599	9.375774575	10.32608581	7.951114074	8.457686888	10.09461917	11.24417323	7.168347218	6.9052714675	8.30383971	6.677982357	9.443243375	6.1200416415	7.558607244	5.9856867415	4.768215045	6.030103742	5.187037344	4.646409669	9.361308477	5.177402325	4.484600517	5.641227273	11.19712574	8.082610988333334	7.188639308	8.169804451	9.539055587	9.630181597	7.999308472	9.737772655	9.381963988	9.692688867	10.82017389	5.104951695	8.6904413845	6.41191519	6.460710122	7.227564789	10.42549556	9.131891595999999	8.275990593	8.217793141	8.069740081	6.691945552	7.820637036	9.532384131	7.972213366	11.19826719	4.458134006	10.41350441	8.473071085	6.028550674	6.9297374650000005	7.729117231	10.466531	7.111786632	9.090106625	6.663623306	12.25607168	8.89188462	9.326672674	5.895836346	7.615877868	5.756605007	10.90162972	7.481916275	7.463063652	5.493183462	9.165805709	4.484600517	5.842548252	7.565839096	7.205517332	4.942346734	4.451836784499999	4.675590358	11.50925425	7.711426063	8.513171999	8.460118385	5.167315502	5.316135748	9.426277639	8.400007271	8.09967052	8.9008651225	8.498979638	5.554769221	4.813389437	4.841120179	10.30358563	8.319067101	7.642889549	10.5206995385	4.977096704	4.71825308	9.74788334	5.616935542	5.454865936	4.891033741	4.556758002	6.918610452	5.9502019665	5.325622255	4.847359497	6.769533441	6.495720118	8.773149163	5.658673280333333	4.684281698	11.18474939	9.533989515	6.969649114	6.900140165	8.205181809	8.125974023	4.391963013	5.750865427	11.80225292	6.639399477	8.538524012	9.190340152	5.601199477	9.323164794	8.182546429	13.30644674	6.954887514	7.498062991	5.476788389	10.76714465	6.812938016	9.162903709	9.022424074	4.806087301	5.004481052	6.16660075	12.37409899	11.30509683	4.522308275	11.45526958	6.087682731	12.22365651
GSM3737736	11.24082853	4.432275195	4.419379903	7.318395919	8.4659448635	12.61041713	6.518151493	6.085847546	6.064315345	6.703455162	9.130910762	11.62238127	5.143370338	7.282997935	11.93817746	4.543546018	11.6266159	4.925662756	5.859152787	7.850479218	4.40929524	7.6727892	6.834817456	5.374927253	5.535357492	7.604359393	7.82907786	6.669943229	7.480605835	4.510117966	5.361607429	6.92680125	8.904740915	8.377406666	13.49032085	11.15909141	7.183877241	5.230672966	6.521320682	8.803723822	10.20236224	8.302273415	7.114831138	5.039376853	6.411373315333333	12.11243949	9.750459954	4.883178766	4.768114667	5.88418063	10.01352899	5.931111786	6.506057911	13.26888436	4.601790916	5.93804032	6.621394072	7.378790649	6.350661141	7.55033715	12.76851002	6.682919967	5.276111056	8.370225948	6.871121043	4.870959789	12.77633839	6.449479745	9.070547504	9.055027892	8.630723206	13.10035728	12.75327565	7.2179207135	5.912848738	7.167401402	11.64111041	4.691226665	9.097707944000001	9.781615678	5.568879728	7.146318324	6.530502229	7.839564751	9.729840038	10.0956249	10.92508142	5.291878788	7.954534999	8.385686718	4.691226665	5.579036839	6.495237095	10.495481254	7.043561625	10.91043927	9.206894493	10.20339631	10.00646766	4.476284784	6.012101159	7.258015334	10.71488934	12.84396682	7.013716952	6.817326163666666	11.340188896666666	13.04885435	6.089173427	12.296765650000001	13.38058774	5.805637232	4.790086549	6.804062414	7.479867807	13.25356633	7.808501018	7.336520098666668	6.91145314	9.915042011	11.47129102	5.078834227	5.613168108	4.453381924	6.895258415	9.5469866775	11.55155001	6.6525291605	4.580195105	9.844958087	10.14680849	8.408020474	6.999834428	8.743750633	8.21361257	5.062232625	8.965612649	5.31929185	5.347782095	5.450421397	7.331317245	13.30039085	6.637755413	12.36020071	8.20256464	5.251639274	7.565490065	9.958466469	6.805055680500001	5.118020178	7.221545822	7.235753965	9.333502232	7.1074655345	4.646498517	11.0801679	5.862805869	5.455601018	4.740403866	9.408327304	4.552467374	9.000029053	8.54524967	8.337049925	4.389815508	10.04892942	8.715954396	4.846124282	6.446107987	9.40964705	7.276118573	6.401588852	9.825394271	9.98080289	6.503302327	9.072121152	7.410821416	5.982710131	7.52752505	5.053701373	11.44973978	5.30537042	6.756137886	7.600094085	8.966649337	4.755607384	4.961688667	9.038765396	7.4963759655	8.343247716	8.026626264	10.77986715	7.38203763	4.675609877	7.686357523	8.349543397	5.664363201	5.190061976	5.009783916	5.8145936935	7.802710882	7.678005117	8.789699703	7.4467071725	9.255360326	6.889318873	5.671990238	10.0798050805	4.916155657	7.609832039	8.681056813	9.01361026	6.133633045	6.468642157	7.965513143	5.3317922555	9.151298285	8.449681295	5.653305063	10.12669358	5.379830814	4.776745146	4.634165993333333	7.66478724	9.896330667	7.560690266	4.63917408	5.112928673000001	5.113006721	7.152769657	4.405237167	8.31867541	10.3818799975	8.938001777	11.92180759	6.503302327	8.5907222915	8.116944409	7.111927874	10.69915253	11.11626333	5.511379924	7.91170343	9.213628014	6.284610182	7.765104776	9.3486877105	6.909929306	8.26880464	5.264837284	10.2790542	11.85587292	7.925127245	10.61564103	8.698975539	9.113307801
GSM3737737	11.15639249	4.386441948	4.356478981	5.484708845	9.5135276155	11.81667496	7.044039987	6.213942796	6.318889236	5.062890128	5.41717761	11.00730684	4.3302219	7.80792439	12.41007993	4.916472292	11.84536423	4.535628387	6.036553511	9.606567916	4.398879727	7.349796305	8.314227653	5.658263754	4.869056458	8.054024266	5.956935797	8.724822547	8.7087734835	4.541591393	4.805904667	8.337049925	10.54807723	8.374425496	13.63394652	11.28521429	8.97314695	5.02463083	8.335948093	9.189577239	10.34911982	8.8945135855	7.953274325	6.330887014	5.994086224	12.110058	12.01631577	5.502432862	4.77322966	7.337904304	10.36359169	4.846426909	6.567048838	13.13643611	4.302757261	7.796620319	8.548982005	9.202457767	9.069673244	8.076533924	13.18113183	10.47616595	5.298325079	8.304241496	6.39261078	4.8274955	13.20368764	6.116406061999999	5.213093739	8.147744978	9.170997958	13.12847804	13.1325459	7.2310745415	7.1672439484999995	7.075884652	11.86518618	4.968423168	5.517250765333333	10.83640045	5.682748543	6.571000427	8.281248586	8.598753892	6.117338646	10.58267703	10.73436907	7.281006546	7.961593778	8.094525287	5.379154389	5.039089601	7.453724178	10.430087742	5.868860691	12.1405159	6.791563303	10.45702801	9.900355666	4.810781259	7.432262612	6.564608374	12.38037225	12.87158046	8.574279721	7.882526112	11.514433846666668	13.02012032	6.071796663	12.58667577	13.38058774	5.498866019	6.123160733	7.39020388	7.568856077	13.2612465	9.752436225	8.354372008666667	7.455531848	7.738689728	12.35501171	8.4285271685	5.11444819	4.462991131	7.63882906	8.945127414	12.05645363	8.417033078500001	6.783638061	10.19165738	9.386470805	7.559300591	6.948226051	9.698831972	8.996081804	4.520527359	6.539520707	6.26338693	4.942151162	4.942151162	9.021286249	13.19099283	6.443977793	12.62869488	8.033881219	7.36013286	7.661146398	9.834036271	4.779563001	5.572883035	4.523885219	5.001270069	10.16333375	7.8082831724999995	5.361949965	11.10943341	7.302376161	4.417399867	4.972543727	7.048014508	4.58753533	8.455412413	7.758132269	6.524646159	5.06786759	9.223366733	9.745347347500001	5.235213729	7.648933485	9.643311128	7.612230371	8.59456526	10.56324484	7.670747694	5.565720935	8.804809641	9.246223239	5.314918737	9.184326271	5.405742031	11.57965899	4.564263139	6.299721292	7.176930442	9.694607998	6.887841263	4.520527359	8.562715049	6.400264138	7.883033971	7.1894271915	10.59566047	5.877142001	4.442528172	9.567080456	7.760805858	5.370741024	4.752174714	6.689938272	6.542558668	8.228317159	8.008690632	8.316804289	7.946714021	10.0009564	6.537524164	4.963440718	11.233172055	7.349796305	7.708084456	7.44919077	8.902855237	7.176930442	7.516730217999999	7.545800278	7.144366936	10.00397798	9.606567916	5.693937826	9.854788694	4.41978471	5.910574572	4.503110944333334	7.661146398	8.767690997	7.944591877	6.157808383	5.733038704	5.730818397	6.606850853	4.61674731	9.344499116	10.981217106999999	8.081186027	12.05874441	5.173405343	8.2863175035	7.498815128	7.917390097	10.82260311	10.43215571	6.131148042	8.125574362	8.924928142	5.077616167	9.154722924	8.992058726	6.948226051	8.272668167	7.138313387	9.863129436	13.17931427	7.426482282	7.319506529	9.272792323	8.087732981
GSM3737738	11.13187564	4.532050139	4.391963013	8.340614648	8.73866572	11.6862478	5.086872523	4.813963264	4.649321276	4.488879727	4.29242598	11.48010598	9.702336665	7.189339651	11.36382951	4.473050351	11.73147245	9.433874235	6.716560822	5.981723581	4.982971263	9.807755556	5.5141014935	6.621233792	4.793309538	5.981723581	7.534277738	7.083589004	7.122783049000001	8.232962478	9.190045584	4.613855606	10.26859233	7.914054311	13.68316129	11.18474939	6.14880327	4.473050351	7.13931577	7.955906203	12.46092775	7.783438084	6.455376861	5.197877608	7.689797171333333	12.38037225	10.72075452	4.326326093	8.580941191	5.032108574	12.67714265	9.133982091	4.56919074	13.09007979	8.524492328	4.836818533	6.825620002	7.656342167	6.190028602	6.909523095	12.26388013	7.992849247	4.59957046	7.623050028	7.373784118	4.442137315	13.11396762	7.840010530000001	8.130355507	9.056911153	7.92400768	12.99420352	13.39377001	7.5317745985	5.0911211985	6.160426516	11.93376826	4.746163222	5.4346522859999995	9.616772617	6.325181767	7.780005858	5.936900126	5.87422451	9.086033633	9.23811919	11.02050537	5.624255925	5.597232292	7.91778167	5.061582284	6.983099283	5.65951178	10.1202872725	6.72908818	10.63936982	9.955708067500002	9.844535613	8.39771874	4.398482966	4.444671238	7.714402219	11.25524616	12.68982426	7.145299565	5.952996874	11.64853185	13.2612465	5.334117295	12.18756406	13.20368764	4.678050127	4.364905052	4.938031751	6.833811157	13.05085319	7.96300682	5.894528640333333	6.175599766	8.785397628	11.60483837	5.4740884805	4.909087347	7.586021892	8.886729853	9.2590557825	11.90881607	7.3421830230000005	4.902554688	10.22158825	8.230142549	8.60797714	6.684688703	7.445367528	9.442619359	8.236977648	11.11199857	6.9404040956666675	4.866306666	4.739391569	8.507156212	13.25934711	5.396217751	12.41245486	7.581968641	4.444671238	7.216249704	10.3074794	7.0331847624999995	4.556496957	7.180571193	5.213779701	10.51787122	7.0672784785000005	5.556823672	11.2568757	4.779287736	4.371866819	4.80076769	10.83279353	4.543996922	8.27761141	6.974939114	7.737479029	4.39001835	9.289704084	9.478156352500001	4.829787812	5.141531115	10.46346573	6.950774884	5.389010218	9.668770328	10.9462559	4.453256769	8.69140875	7.290886646	7.049155372	8.823018528	4.80076769	10.58946965	7.398644823	5.711603389	5.573203183	9.507986397	5.184092134	4.473050351	8.591615447	5.7680825575	6.87369913	5.883282749	10.61666743	7.809352128	4.807087316	7.671282302	7.432680199	5.11730663	4.447478205	6.758430031	5.5012582525	7.136071501	7.620883417	8.124120765	7.605054664	8.535805509	4.982971263	4.604643659	10.427542691500001	4.991079053	8.127236129	10.21798344	8.322519227	5.221826238	6.7744520435	7.880934814	5.8928903305	9.1467489555	8.518382965	4.779287736	10.27665986	4.623867381	4.573700351	5.370398818000001	7.064707948	12.64142372	7.133387334	4.359591631	5.504258516	4.394222889	9.793491375	4.4954843	9.287584692	10.539862033	8.271754312	12.05394918	5.541267745	8.167650721000001	10.23385668	6.152887312	9.228719498	10.20236224	5.11730663	9.722323525	10.70256583	5.589813674	8.208983263	11.357679515000001	8.208983263	7.519868808	4.999248419	8.414301604	12.47692941	7.948831983	10.84876995	8.768552736	9.577395188
GSM3737739	11.53824396	8.205802912	8.279402124	8.178044396	8.9153953805	12.4326869	5.105521165	4.706209641	4.441864921	8.157125305	7.124498407	11.29806491	11.0087797	7.320733793	10.86172982	7.476305266	10.5461106	8.4540889	4.551349984	5.063271311	6.181730252	7.30455951	7.4928083655	8.036052801	7.770243344	4.651590547	8.527822726	6.00887273	7.052769081999999	9.460655116	7.714767101	4.599423388	9.37491019	7.691691899	13.49976184	11.00136487	5.00338437	5.283967561	5.425292503	7.484482218	11.16672139	7.144336294	6.737330426	4.651590547	8.357039497	11.39872415	9.960947513	5.180705887	9.854084144	4.874490276	11.12506288	10.42549556	4.76267255	13.00955946	7.70156565	4.605469273	7.414979368	7.101515029	7.655373434	5.755270783	13.1325459	6.037912755	4.692794545	9.00970296	6.813806551	4.753682701	11.72206916	10.55186615	8.098925255	7.538406391	7.733169998	12.00468217	13.24247726	6.215272077	4.5988621445	6.097076222	10.79195131	4.589770441	5.750285394666666	8.74729178	4.706209641	8.172479069	6.02418171	6.147489505	8.832447997	9.100943981	10.01254874	5.785392104	5.703097844	7.988068632	4.587790021	9.464514691	7.45984055	9.884189945500001	5.418081605	10.3761004	9.883441565	9.286872723	8.620822726	4.4475993	5.432991897	8.619218492	10.49565405	12.27190307	6.897087848	5.873905226666667	10.100653581000001	13.05085319	4.819977412	12.18219547	12.89105513	5.237484064	4.465669874	5.872058235	6.398643928	13.02920156	7.549948261	5.229142660666667	6.530071368	7.110275563	10.66657807	4.6226905170000006	5.71088314	8.932958729	7.276118573	8.407294603	12.2773874	8.7169968155	4.972020541	9.848728967	8.446031732	7.433932238	6.295977454	7.248578897	7.839245777	8.368187669	12.07112947	5.838328444999999	4.69080763	4.728731445	5.576810978	13.4948786	7.625822203	11.63506239	6.632521571	4.828617394	6.286120365	9.581465213	6.2383386685	7.7064773	8.585991003	5.112410306	6.967164985	6.481254718	4.371858133	11.48756568	5.541396081	5.808342613	5.251467852	10.97361733	4.375834685	7.692389552	7.660232892	7.71597556	4.436212041	9.317770366	10.380741691499999	4.56381507	6.214428597	9.652844783	8.300714325	4.95865521	8.424445816	10.32034681	6.325181767	7.531100355	6.869676069	5.625967921	8.664713556	4.468976241	10.62387663	8.247768812	5.235311196	4.909048171	8.520384999	4.541677885	4.733540324	8.252778254	5.083696676	6.858303524	8.5205630015	10.50883766	10.08284053	4.404787353	9.157086088	6.639203494	5.267715239	4.806206502	8.069130281	5.528920965	6.436189237	7.83420041	6.737330426	6.02847489	7.433932238	6.675845305	6.394407297	9.597556741	4.625630118	5.804857866	11.75678424	7.705638855	6.19046079	5.4128809125	8.645447906	5.171321181	7.869630149	9.34152941	7.464425763	9.639986721	5.283967561	4.702292444	7.895664202666666	6.749979712	12.99655686	6.938255138	4.758144575	5.4119354015	4.464167545	8.380789767	4.325977664	8.730165469	8.506746528499999	10.87007882	11.66747892	7.268623854	7.383360932	8.530832622	7.76412793	10.43930486	9.779953388	6.358728105	9.730228462	10.95501406	6.493720353	8.036459252	9.3729539755	7.428825954	8.795876973	6.026782845	9.72449058	11.44613392	7.184357772	12.59447961	6.659251146	10.76334111
GSM3737740	11.40541014	4.571859874	4.545738633	4.777306031	8.5390430275	9.997302845	7.584562467	6.972332443	6.751919167	5.134319013	5.767537711	11.42592852	6.932324247	7.780361357	10.42994488	7.563060375	11.47313461	4.703292724	6.14880327	8.616866211	5.497449023	8.020894399	5.2424310015	8.085305908	7.397174562	7.935858099	9.139260616	7.578253943	7.527414964	5.241686863	7.096142996	7.010142245	10.82392355	10.04605379	13.61548454	11.78019024	7.815424763	4.822383993	8.035503053	9.547432594	10.93041182	9.276738989	8.157996331	6.212555342	8.392892895333333	11.75197742	11.50760931	4.465232278	5.743572559	7.35013714	10.83165189	6.174787361	6.905316779	13.06461681	5.724104262	5.913444584	8.031103249	8.940137033	7.390557694	8.188078282	12.70710727	6.136092402	6.330644299	9.636873617	6.985016472	5.202060499	12.2587034	8.46108817	8.888926803	8.144158451	10.2455402	12.97706272	13.18723187	6.571523815	6.815708756	7.600260603	12.0333429	4.910357679	8.853447221666666	9.242649896	6.249822661	7.807672881	7.052804614	6.107847771	9.71659335	8.875720234	10.97851526	6.344047185	6.598578266	8.867410345	5.143873951	7.335528982	6.269037107	9.645175118000001	6.811012013	10.39687889	10.0562331195	10.26939567	8.905507345	4.692032728	5.515326626	8.110537132	12.26388013	12.90793679	8.761924803	7.118187526	10.182404115333334	13.3021422	6.360040476	12.508011530000001	13.15763557	5.371329561	6.275191448	7.989541733	7.352906893	13.20368764	9.619896883	7.825424771999999	7.785421124	8.914881513	10.67096867	4.9441568455	7.663030995	5.071310556	8.038604099	9.9297224585	12.22626891	7.2438032835	5.745561584	10.22835011	9.455879211	8.421705303	7.059839003	8.713343188	7.295463094	5.063271311	8.714556417	5.8150741046666665	6.171925597	6.219953161	6.101120866	13.39949165	4.972462744	11.92674725	7.134307571	4.55155903	7.489562825	9.665132133	7.378063559000001	8.97314695	7.770573728	6.640552221	6.946064316	6.892080838	4.495318197	10.80232442	7.034006781	4.409004918	4.475180132	9.550768623	4.461841336	8.235754472	7.991491721	8.78892016	4.718042455	10.1533421	9.7353286995	4.567930806	7.203714019	8.626362695	8.131521527	4.784059414	9.699221602	8.229579403	7.685470798	7.748953827	9.010122731	5.623627506	8.062113044	4.843047915	11.19712574	4.800106085	6.611899288	7.230319699	8.737144858	5.950559446	6.019903595	8.440613553	4.595710868499999	8.470671152	7.7119018530000005	10.66539967	7.544408254	4.739976917	8.69502505	7.897413127	6.015612866	5.290313242	5.214813585	6.6921171555	5.993588198	8.908289089	8.019375851	6.367280662000001	7.370096137	7.830613565	6.333861616	11.81675882	6.847349699	5.770496866	9.295218633	8.893503466	5.224113751	5.359572695500001	8.178669511	5.331288503	7.940685576	9.223139183	4.438165016	9.816901814	6.433879213	6.552211154	5.772622109333334	6.993043319	10.5502617	8.485476718	4.655340277	5.5700787045	6.404093087	6.910410362	4.419230174	6.722564194	8.326838032	9.127890634	11.74591408	7.049813371	7.594352083	8.317190701	7.098842476	11.10859313	10.60264754	6.750189131	7.373244891	9.263889995	6.115627513	9.13530821	8.627505192	5.276714755	9.027773267	7.25218641	9.819500376	12.67153874	7.456969512	9.450274556	6.462006269	9.496048377
GSM3737741	10.81341887	8.318895336	8.693286927	10.38399998	4.6193449235	13.31494487	8.013234834	6.967824476	7.237189028	8.930897151	5.227350229	12.02399033	7.639814733	6.150528417	10.55986589	6.537928545	11.55956794	7.010882366	8.982568504	8.282405046	4.610011723	9.490750404	7.01438469	9.196824677	6.835759609	6.496877049	9.938593174	7.573780489	5.464141554499999	6.935077837	7.327827669	6.998789009	9.929019324	7.847213319	13.68316129	11.46729397	7.099138453	6.544769654	5.180338106	10.18252743	8.892370148	7.7965532875	6.79629516	6.91145314	8.989158422666668	12.01884485	11.0801679	6.070937312	7.80890318	4.741805201	8.80129037	7.543518426	6.578017217	13.08407408	5.819049676	5.27427487	8.412501038	7.764691232	7.404289163	6.868120303	12.77633839	6.261025425	5.682748543	9.658058773	7.054524035	5.040739193	13.13022692	7.9331967245	8.585603785	7.204896106	8.295132275	13.19280167	13.30039085	5.931595495	5.24308355	7.776548855	10.9813524	5.875811942	5.926304057666667	9.00970296	4.624261376	8.456015943	6.039375755	7.856580492	10.02369646	9.024519327	11.21458089	7.282633806	7.361769259	8.355185427	5.244674957	7.411024521	7.780662095	10.646100888	7.375264821	10.71488934	11.18616505	9.641376115	8.270937185	4.834966414	4.768649782	8.819134261	11.10582525	12.7128066	6.849253896	6.929419258333333	10.742434621666666	13.30848575	5.276714755	12.042921215	13.24771329	6.334848686	4.586472865	7.607614651	6.072020059	13.09007979	8.156909441	6.225811861666666	7.13353718	8.592199662	10.50994187	5.1927491865	5.931825826	6.902135128	8.259732959	8.906331115499999	12.55033067	7.7280798775	4.621158926	10.20339631	10.0676877	8.631567007	6.223738431	9.65969381	7.226812536	6.887841263	9.639550612	6.347290944666667	5.145228739	5.126165332	6.519290582	13.49976184	7.018204798	11.80287473	6.82466575	5.901088469	8.418185987	9.398950504	8.0042599915	7.994765315	9.216482902	8.990995911	8.929409139	6.176394616	4.496226961	11.08178639	5.075467932	4.604686761	5.219060328	10.70400168	5.133483576	7.843305396	5.860014519	9.159702914	4.825375352	11.35621862	9.8868408455	4.473829997	7.505583311	9.704681613	7.962835159	4.754134189	9.061165548	10.13744335	7.691528338	8.084093607	6.804559926	7.717194069	8.583501606	4.692032728	10.38481623	6.885631537	6.012415474	8.541813716	9.028748988	5.554700753	6.128250653	8.701269991	6.572848814	9.275958114	8.393685173	10.64295977	8.716658361	4.756107514	9.161593541	8.423327791	6.077282105	5.347276105	5.675928486	5.804201243	6.343966785	9.901938337	9.158301727	7.5669889245	7.786670537	6.91145314	5.946252246	9.520903386	5.669631325	7.249033417	9.789040943	9.679906867	6.272831983	7.002109001	7.785073683	5.7127347935	8.4471993575	9.355403633	6.407124317	9.678958418	4.987578989	6.059433917	5.871749883	7.830970011	12.30061699	7.281383345	4.534374298	5.8481917315	4.965223969	8.503171054	4.390935241	8.603544822	8.277971187	9.760276224	12.39227736	7.213285491	8.45590402	7.934276898	6.403214436	11.53433629	11.30700206	6.604597989	9.325555859	10.032258	6.86689122	8.154300726	9.7939270775	5.910437166	9.510506429	6.181238697	10.57126568	12.69219289	7.265736676	10.8852101	7.361220952	11.47503586
GSM3737742	5.607938744	8.090663243	8.570843557	5.868269192	4.486374925	12.07112947	7.527358067	6.747240502	7.480048795	5.861501281	7.207064143	11.17786713	9.406581264	6.086301034	12.37409899	6.447219267	11.53052259	7.35681781	7.517373294	6.360383838	4.481662957	7.420533969	7.3552086575	7.680366106	7.437543146	5.420630976	9.457248118	5.120663701	5.9535940505	8.361810837	8.407081388	5.796678674	8.044968364	6.9945526	13.64618784	10.63310393	6.14815713	5.241889091	5.835135804	9.71479626	10.1363729	7.5612684585	6.477733556	6.415203012	7.901109215999999	11.44613392	9.242649896	4.88173777	8.322519227	5.003333171	10.17359763	8.847225071	6.047225755	13.17171319	7.441170981	4.751936546	6.093702463	6.404430206	7.764490818	6.029287161	13.19444308	6.830428036	5.278211344	9.249382373	10.03057791	5.11591686	13.05646348	8.6148898585	9.27674454	7.202908422	7.66478724	13.14212632	13.28852876	6.4248637185	4.902736974	7.523704049	11.33823375	4.964044384	5.906935239	9.089855674	4.620566078	9.906500593	5.349155469	6.776623548	9.976522206	9.097145753	11.30858369	4.726883493	5.536054194	7.755165066	4.851336641	7.699484964	7.107935175	9.919381973	7.035554019	10.67096867	10.96544392	9.740314664	8.70554563	4.690612442	4.99510956	9.301211492	9.530414259	12.28806086	6.158271365	5.19636168	10.461854688	13.22470378	4.737924058	12.150951545	13.08789251	5.175647958	4.614234151	6.222702492	6.021489134	12.94619808	7.373784118	6.456458231666666	5.760101859	8.784164156	10.50817277	5.084475036000001	4.835719845	7.306525974	7.370096137	8.666611985	12.26388013	7.497050465	4.604254878	10.05790981	9.981651856	7.611193121	6.086301034	8.524904459	8.654430537	6.846736169	10.14127948	5.626274933666667	5.068138289	4.730448705	6.234206827	13.43151557	7.030838365	11.85587292	7.255765258	4.84160669	7.352773589	9.496048377	7.8427171975	8.210716483	8.847225071	6.447219267	8.844895007	6.1306129725	4.351639983	10.50219564	4.945735782	4.997667458	5.076441661	10.34455587	4.520113618	8.579222853	6.522972122	8.549972726	4.828668858	10.26778925	9.4114970545	4.737924058	6.134498531	9.581465213	6.835759609	5.30133816	8.896013002	9.718596908	6.679390638	8.423027899	6.679390638	4.817985791	8.053229578	4.471631242	11.17520054	7.248578897	4.859772509	7.613412694	9.329251858	4.652406502	5.247491905	8.940912755	7.034453371	8.239573164	7.785181807	10.95366591	9.04262524	4.601109349	7.974778435	7.962835159	5.969520774	4.623812202	5.407778177	5.673113439	6.82743399	8.811578246	8.442169854	6.9844813514999995	7.961593778	5.611174495	5.898735745	8.729435774999999	4.487033462	6.909029238	9.869167915	8.963552087	5.927635193	6.3066623415	7.387460003	5.004364999	8.6069678325	8.422383455	7.495179633	9.965754076	6.097602962	4.95913183	5.709924656333333	7.519868808	12.39360582	6.755393893	4.504693047	5.0256452545000005	4.654270961	7.412127854	4.301108965	8.256611175	8.626561313	9.455294891	11.94105254	6.43234874	8.333416259	8.614630862	5.999860013	9.979070698	11.03889149	6.153592596	9.061435603	9.735781469	7.259595166	6.808600888	9.5251560805	6.56835041	8.470188144	4.811568075	9.57802648	10.82260311	7.584033893	10.42116291	7.828006853	10.39324955
GSM3737743	11.94105254	11.72481087	4.422774057	4.544014598	7.349269005	9.88057664	10.58174088	9.127107401	9.79392229	9.895310036	10.46032779	8.290589601	4.567294296	9.750035056	9.210008938	8.84176383	8.112558415	4.578423168	5.87060809	9.826083168	6.626178988	7.10256517	9.920399851500001	8.949531585	9.629572724	9.013028621	11.24082853	4.632317026	9.091239361500001	4.511500185	6.902907653	8.377201032	8.179074005	10.72334177	12.78398537	9.075579143	9.277350123	6.477453011	4.704959881	12.39360582	12.96777937	10.484772034999999	9.609969176	8.515888286	7.800312106	9.47064595	7.806099118	6.026385856	5.481271297	8.202942091	12.77633839	5.210729826	9.402632162	11.07548117	4.436283359	6.501508454	5.204570591	5.60325845	7.923822033	9.326672674	11.7155501	7.045940481	7.723386474	10.83279353	6.760967976	7.194417256	11.91745511	5.437920612	10.39928783	9.717827942	11.10265642	12.57088449	9.90929449	9.4341437725	8.0232802155	9.517687632	9.23937203	7.408541144	6.023243339666667	7.164434522	8.192798278	10.53431798	8.184461616	9.024519327	10.79598036	11.78481643	9.297618218	4.574457195	7.767459613	10.68081359	6.713836101	7.176151311	9.481265255	8.8261776215	8.990056377	9.328960966	11.506331555	9.078692152	11.73380806	5.613058005	7.68451413	9.227858825	9.195694902	12.5344554	6.295403559	8.325064478333333	9.091499642666667	13.29435592	7.371315125	11.2593118285	12.91730057	6.400112692	6.258573962	9.074994098	8.590684109	12.50768107	7.686871793	8.001105975	9.420203455	10.70511207	9.639114372	6.0731538445	8.383901797	4.780882095	8.570843557	8.145777472	10.4448886	5.385568319000001	4.63521319	9.237306821	7.490440588	5.238549103	9.062432397	6.549991553	6.155995858	5.101466285	11.17960649	6.2520447720000005	7.316912204	8.090062225	7.465599551	13.24969123	6.534674104	10.8565681	9.347201256	8.020894399	9.212432797	7.843305396	8.5977038905	6.122200996	6.75759882	6.846350947	9.316554718	9.1081036905	6.084641252	9.399493561	6.798726922	6.545534035	4.958958554	9.655483949	6.428026833	10.53792705	4.997656972	10.38069656	6.98092973	8.39050441	9.3045180925	6.6744262	8.61298326	7.302028614	8.419520889	6.818667363	12.17584284	8.654203015	7.81004203	5.394377261	6.422001178	5.389407024	9.671701195	6.030333687	10.25559281	4.514056811	8.16210227	5.436706404	8.008690632	8.227093932	6.802164917	8.903324534	4.4445885655	6.067355109	9.7468583455	9.572050604	8.597058942	5.758701573	6.905172596	5.587507854	7.864365244	7.527842671	6.867251688	8.4097223915	8.782393884	6.410255213	5.975634978	4.7980541495	10.2164944	9.20151619	7.858491978	9.762075743499999	4.50119394	4.846689733	10.19637147	6.617848498	4.879184417	4.8197452045	5.985487645	6.2546506025	7.109205983000001	8.334775601	5.456851508	8.909070831	6.922471649	7.797201482	6.427443909	5.05294588	10.03325507	9.439573141	5.899793067	5.558278142500001	7.941169284	7.22455342	4.302186666	5.538211341	11.88915272	8.596360213	10.4558729	8.579743726	6.683825464	8.556642013	8.229954858	12.19025574	8.645868684	7.520155373	7.177667632	10.2790542	6.989807195	8.109710416	8.893535937	5.147801034	6.682656664	5.83430168	11.3952553	10.13457592	6.283240842	10.9581395	6.181368332	10.94333356
GSM3737744	10.93465602	4.733131858	4.398320478	5.522878937	9.370217743000001	10.6252331	6.19782919	5.08720555	5.576554585	6.054468095	4.660557118	12.47429214	6.113306704	6.408575634	9.841313555	4.486748478	11.37974685	8.179457651	5.127415878	8.676559127	4.510240045	10.95235215	7.474461443999999	7.464800118	5.14556754	7.784702306	7.443693827	8.795876973	7.8807207660000005	5.257302137	8.766299064	7.353605393	10.27806814	7.858912813	13.59186732	11.57965899	8.423027899	4.905046598	6.760240333	8.681289292	13.28852876	8.4937087305	7.27864206	4.67227564	7.100288527333333	12.76152668	10.96663905	4.799118598	7.611377575	6.886673324	13.00527237	6.580445425	7.097789622	13.24969123	5.266877008	6.890326332	7.444037008	7.980989817	8.123517361	7.386220859	11.35429984	10.41464769	4.839028008	8.399404677	7.074341062	4.535101403	12.83367604	7.4543870105	6.39086575	7.124992552	8.345423259	13.16785992	13.3705372	6.4172770385	6.0451136345	6.531607245	11.42592852	4.645063662	7.277798008	10.37944594	4.541301125	7.616050235	7.872449792	6.575167313	7.489930714	8.954395959	10.56442432	6.432218227	6.646662183	7.470641068	4.60872203	5.441769427	7.395069035	10.0413668175	6.438772774	11.27887752	7.788631552	10.19948819	8.376789676	4.639781113	6.585993722	7.559455951	11.73801297	13.09611337	7.419704774	7.1653004650000005	11.686326193333334	13.23899545	4.705498262	12.310650995	12.99160413	5.181501796	5.329099085	6.848217333	7.147309862	13.09414019	8.322730457	7.909206683	6.707961545	6.494737247	12.36533623	7.9629792875	5.106092365	7.003071594	10.22285402	10.599866357500002	12.53678294	10.0860162695	5.645314178	10.37816715	8.056575053	9.585167749	6.413379328	8.944583652	8.514627349	6.944411907	9.613402727	8.386031058333332	4.698284017	4.676183965	9.785020546	12.15082696	5.875658394	12.60558556	6.365017013	4.488107924	7.528200928	9.446544652	5.3195044285	5.929855327	4.830483456	8.667229464	11.95411809	6.6082248660000005	4.537062737	11.62034067	6.378256903	4.613613183	4.611839156	10.68444629	4.701963021	7.775667878	7.130623096	7.425066366	4.421870691	9.548239726	8.453167199500001	4.703719576	5.474240652	10.30848112	8.394672128	7.174134005	9.045750842	12.07587068	4.854450668	8.159098174	7.522584788	6.370104315	10.49565405	4.793237837	10.97218323	5.658858304	5.583827298	7.288288366	9.515703736	4.618980239	6.043983847	7.551250826	8.540366105	7.826369056	5.776748937	10.68081359	7.886369134	4.558488641	8.22853262	8.014699907	5.2173449	4.341208205	8.656776401	6.503083322	6.338000921	8.401603698	8.113513734	7.9568080595	9.15362301	6.570107084	4.692544483	10.349144615499998	5.995862383	8.010811273	8.593357656	8.580752803	6.885631537	7.4480430195	8.491547904	7.9858933345	10.00518705	8.596849359	5.003921075	8.316563907	4.775904494	4.980943728	4.974970658666667	7.183386211	11.43923122	7.709750843	4.958897043	7.4845396465	5.089954198	10.07666099	4.326542237	9.467101127	10.8977362835	8.16023243	12.83083814	5.194905957	9.1872172205	10.76214487	6.508090192	8.695307684	10.53792705	6.31750496	7.994249701	11.80083274	6.247648774	8.000369188	10.914901134	9.148563698	8.355362102	6.067579193	7.92400768	13.38058774	8.310048934	9.691005371	9.661456904	9.29631376
GSM3737745	11.09335	4.382368204	4.410473901	4.359648327	8.4896144175	8.170214312	7.182817441	6.67484546	7.160742265	5.61963272	8.429070607	11.73147245	4.619675567	8.151851094	9.648417316	7.891029878	11.69716562	4.543704903	4.328838943	6.563925516	7.684882997	11.24233051	4.6299284385	10.35966023	8.004992287	7.325562171	7.993527531	7.040003099	7.6390713955	4.604673383	8.806871455	6.467051843	9.992898367	9.634224739	13.57575125	11.41300579	7.116137056	4.759017581	8.501090349	9.415754747	13.21855486	9.184432665500001	8.183221299	5.829399792	9.524827677666666	11.48218345	10.40933336	4.486675317	4.886799349	6.44509934	13.01564818	6.072020059	6.585743412	13.15763557	4.50934963	5.72248061	6.956846795	8.009454826	7.182817441	7.842971622	12.25056179	8.074634313	5.511396224	9.289977791	7.320902989	5.034099904	13.06270973	8.933544521	9.095690682	7.328935718	9.760276224	12.91964158	13.26888436	7.551225878	6.299493902	7.572438901	12.52247792	4.819243967	7.7446436656666675	9.124565348	5.465629212	8.263400759	7.310010571	4.483616043	10.84224303	9.205044574	11.3952553	5.099858902	7.517184623	9.747492648	4.957239151	8.731629808	5.738363821	10.0809590305	6.538939004	10.69542941	11.187117205	9.425933589	9.441751983	4.745457339	5.877704197	9.738169507	11.06137727	12.9245763	7.888190836	6.8367666646666665	10.210019552	13.29876374	6.585743412	12.15113878	13.02454824	4.661105796	5.007496717	7.019010319	7.80890318	13.00955946	8.880909636	6.740525294000001	6.755748554	8.818109118	9.918370857	4.965585422	7.656196898	4.795070717	10.30409209	10.0093142125	12.2587034	8.4720263605	7.289196615	9.754685546	9.435145861	8.162689753	7.581054598	8.464817563	8.46121893	4.61307914	10.35869458	9.134301858999999	6.74627495	6.447908004	7.567452267	12.59775869	4.655169076	11.76926574	7.470111434	4.377975442	5.849616567	9.658058773	7.271828038	7.426635153	7.385668289	5.155993286	8.876264	7.822236824500001	4.444237712	10.80232442	6.029471224	4.532595977	4.474130242	11.04459113	4.55428287	8.524904459	8.334775601	9.259242809	4.375875684	9.533002968	9.2655765825	4.94663818	4.582731254	10.06137386	10.16053313	5.42760848	9.621584307	10.4558729	4.571492139	7.68390036	8.019868089	8.108872339	10.6252331	4.865997473	11.05107259	4.795070717	6.842754944	5.738363821	8.205370205	4.674980404	4.92339541	7.734183178	7.536276599500001	8.140067642	5.336274801	10.43099248	10.09657777	4.666271659	7.718774721	8.061094928	5.275357974	4.564491295	5.90630929	6.9749310730000005	6.638788828	8.357262861	7.813660283	6.585031047499999	7.350302923	6.606850853	6.061708008	10.441487983	5.592798423	6.194857623	11.25205734	8.82182014	4.763053183	5.183977478499999	8.188660435	7.546270408	7.8719581409999995	8.254228483	4.655169076	9.387651403	6.662844859	4.647853119	7.688727983	6.306828815	10.43310931	8.410525986	4.611328191	8.6502728825	4.968365326	9.091999754	4.471072981	7.6936423	10.536335339	10.12193398	11.73801297	7.145750667	7.840167959	11.50018047	7.566739048	7.333042562	10.00260247	7.464800118	7.144795225	11.72481087	6.992223164	8.294500607	9.9971900705	5.201220667	8.738545841	6.24538246	6.281831572	12.39851507	6.713836101	11.19236917	7.123435981	10.2537095
GSM3737746	11.29954784	8.056575053	9.105411756	7.222517187	9.155262514499999	11.78232788	10.20551187	10.1844788	9.980039732	6.82135411	7.541797608	11.22833113	6.19497045	8.590428763	10.35209275	4.99507748	10.3944369	7.322251147	6.705342933	9.515703736	4.45259459	10.17604767	7.5514373795	8.635320963	6.592471029	8.597745695	9.950406897	8.089656809	8.786267583	5.225444042	9.178508982	8.206576372	9.776742983	9.175415438	13.61548454	11.06947068	8.783740372	9.625563117	4.903570033	13.18524485	13.50407027	9.4820506875	8.523169451	8.99052622	8.257815137333333	11.70131927	10.53545552	9.203620492	6.760815548	7.937146341	13.26316158	6.861285953	7.239985289	13.20368764	5.204202263	7.202189124	8.155629389	7.903583126	9.387651403	8.348951246	12.29516673	8.251585463	8.337914065	8.408020474	6.851858312	7.628520714	12.63884477	6.7896925895	8.028878166	7.18785617	9.703095901	12.87998769	13.31066794	8.44898478	6.110974629	10.5451846	11.6266159	7.857374624	8.351923639666667	9.360765851	5.567764076	8.780624853	8.139870522	9.3640318	10.34360202	9.488231168	10.59493977	6.587639872	6.67840792	9.041221071	7.924193303	6.408779055	7.454234153	10.1146241705	8.729659325	9.888835029	10.242969738500001	9.578671253	8.71802584	7.407107501	5.322780706	8.441793902	11.42240806	12.76851002	7.215582529	8.235253959666666	11.07551323	13.03851625	4.894069783	12.016560550000001	13.22063883	9.017132888	5.702463791	7.804721927	8.109302322	13.12443863	8.615655363	7.698824708	8.531746549	10.10150779	11.45723385	6.157328241	6.391241781	6.721083497	9.810994799	9.331346146	12.21603655	7.749385561	8.087732981	9.290510653	8.022396126	8.385686718	8.304647923	7.335338229	7.147659654	6.387728341	9.804638421	8.477855756666665	6.645033886	6.72919442	8.429070607	12.96987549	8.468552905	12.30746704	6.700185352	7.054083063	9.053173288	9.265724666	7.165155073	7.832078391	8.324215237	5.810865106	10.12776183	8.4608444685	5.179511345	11.09141121	6.697052962	5.346231315	7.666404502	10.19637147	7.783560319	7.887594434	6.809672996	9.944910132	5.729262347	9.674751157	7.7988886310000005	6.555170648	8.774275391	10.08592731	8.565770096	6.220517556	9.171267767	10.05790981	7.469738455	8.325337776	8.149971457	7.015773921	10.96082922	5.557297502	10.62640672	5.866776699	7.192872226	6.803362918	9.323164794	4.582232407	7.026556852	7.222517187	4.7999991225	6.793737391	10.056805337499998	10.64997175	9.1266343	6.343276411	8.024971667	7.058565646	6.658938873	5.736907964	6.661702375	6.7919200505	6.923259576	7.146318324	7.865983868	6.7573917615	8.355185427	7.28403265	6.420484837	10.423378125500001	5.752243083	6.780579387	8.728391417	8.378845627	7.388967092	6.5071253135	8.042759548	6.6142115305	8.727188156499999	8.929409139	7.244655184	10.14784208	5.590218469	6.871621629	4.948148690666667	6.921257028	11.91745511	8.657301322	5.745673613	7.3537107125	6.240829201	8.865977753	4.529308617	8.795876973	10.1817605105	9.251023244	11.60483837	8.144795751	8.210265518	10.88662214	6.827314893	12.41245486	9.90929449	5.25939771	8.083193411	10.93755459	6.184274376	9.459736627	10.482044803	6.276665368	7.487956389	7.043726792	10.71208576	13.00955946	8.363881178	10.37306667	8.0079669	11.82720955
GSM3737747	5.526214549	4.667931633	4.377570687	6.249072057	4.4718801455	10.20772855	8.854840464	8.02029649	8.574502463	9.430892216	6.25961389	10.78258953	4.708363705	7.801828905	11.39872415	4.621087832	11.70972399	5.747645931	4.608545125	7.215582529	4.628082446	10.62155579	5.6300655415000005	7.071606473	5.56342288	7.686010926	8.997020267	5.815434634	6.809237442500001	4.59752229	6.22390934	7.025570996	8.478952424	8.17652068	13.24427926	12.13122313	7.648079641	6.108327071	6.620920814	10.23742024	10.86443678	8.552564764	6.493345089	7.458063915	7.015061219666666	11.58533859	8.903324534	5.39400226	5.313787761	5.566668485	10.70150132	5.223227741	7.02078204	13.23698302	4.474082025	7.070287554	6.226129311	6.129807346	8.394672128	8.41996412	13.06058518	7.500384625	5.871686149	8.379053112	9.849118192	6.352391082	12.89105513	8.4878076455	7.968714177	7.844639724	8.169244212	13.31494487	13.3232508	7.0574696635	7.1736781585	8.270100123	10.8916579	6.395969609	8.386104222	9.560937609	5.66351501	7.572802042	6.491692763	8.634018403	9.083509517	9.009488655	11.54585432	4.643371524	6.421247827	8.181317406	5.80099573	6.392852233	5.526214549	11.037002408500001	6.903767621	10.23385668	9.4185970235	10.00461828	8.528046651	5.205653246	5.441701295	7.814516564	9.735108018	12.38037225	5.797992548	5.742340204666667	11.443897863333333	13.30848575	5.707620877	12.286220915000001	13.28315166	6.335797872	5.179851969	7.251841348	6.828584756	13.07558916	6.852788251	7.423454091	7.054394019	8.868426783	11.50378636	5.997448036	6.110362318	4.908590972	8.438072311	10.154209297	12.21097845	6.84333352	4.513078755	10.29189961	10.41825222	8.604904125	7.036218249	9.418930658	8.283713002	5.230915704	8.817866039	6.188219118666666	4.908590972	5.463231964	7.651850742	13.49032085	5.156687097	12.28523614	6.383468488	5.354135003	8.564510351	9.187256433	7.0489296335	6.530071368	6.89418491	8.909283391	9.923872012	6.905058941	4.843102218	10.72817111	5.956258275	4.77154032	4.731583398	9.564994742	5.119238466	7.921840308	6.935661071	8.716658361	5.401311963	10.14586436	9.1088768375	4.793266112	7.490975344	10.3094715	7.769855426	5.628830774	9.267881268	10.3062776	7.474431805	8.839462649	6.485399967	7.135259292	9.229504555	5.45857184	11.40040523	4.753532661	6.488206665	7.862255703	9.417318301	4.874666367	4.99934087	9.349241826	4.6664783155	8.620631839	8.45112749	10.6628472	8.31073536	4.773914158	9.10461895	8.4100931	6.379593152	5.255296092	6.120193236	6.151755008	6.312332781	8.787046856	8.389828034	7.964086088	8.787790009	5.625330016	6.607613868	8.3783827225	4.688130413	7.831359361	8.517763278	9.221987055	6.464305768	7.3644294365	8.583717053	5.5296355135	9.301183165000001	9.035483297	5.56505636	9.952263331	4.865512369	6.508544173	4.760709865333332	8.078261455	10.46553229	7.701991532	5.110270654	5.584520289	5.534925654	8.056924975	4.335417648	9.148563698	9.838794701000001	9.242411964	11.50169303	6.394076762	8.2872247295	9.918370857	6.489779378	12.00216172	10.7004604	5.560588775	7.715589535	10.43215571	6.827811066	7.395720649	10.0988855035	7.080294555	8.630929107	5.579947083	10.54063349	11.46729397	8.765530942	10.6698077	8.341476656	11.40223568
GSM3737748	11.52303552	4.38544358	4.300840191	10.32664588	8.712408484000001	13.44353999	6.588502251	5.591120538	6.402583962	6.527524223	4.956403539	11.32230135	5.399539797	6.512039163	11.8517848	6.452908691	10.95235215	4.825878231	9.916880745	5.684535309	4.852631634	7.418009804	6.502794625	6.793893152	6.036553511	6.340905292	8.476834359	7.348293828	5.8018193490000005	4.813141897	6.851110024	6.033268731	9.752436225	7.506810861	13.56321342	10.17939843	6.689239432	5.199881134	5.981307366	9.268804888	9.985660223	7.519700937	6.193769935	5.760288348	7.508651692666667	11.56215071	10.72686199	5.324760315	6.298184818	4.95360379	9.983472995	6.219025459	7.67246511	12.86400028	4.995005756	5.415576705	7.711565875	7.87908477	5.670338891	7.461580896	13.22470378	5.811065844	4.908045194	9.56436963	7.202388114	4.656822756	13.1043115	8.62045994	8.634018403	7.145936374	7.751627031	13.09192648	13.14614732	6.3600716644999995	6.269409339	7.35310453	10.80112977	4.802075444	8.570780080666667	8.668951071	4.637116688	8.298353304	5.717581006	7.72947841	9.087473611	9.95932264	10.3094715	6.513429857	6.130204334	7.481134247	5.084441459	6.39649595	7.177376954	9.5928622825	5.771997999	10.21556321	9.739000767499999	9.706173833	9.056089823	4.66049133	5.435734566	8.111909414	11.22280804	12.13021656	7.087903654	5.167174879333333	10.620184481	13.19099283	4.917131526	11.828713515	13.20368764	5.846356275	4.561769278	6.539690327	6.459464042	13.11657661	8.016465319	6.421766912	6.157429464	8.117980678	11.02187635	5.3926053225	4.759641493	5.813859701	8.035503053	7.232013842500001	11.63884375	6.9234685655	4.483546702	9.950406897	10.44338865	8.11952423	6.403214436	8.82204263	6.22828574	5.738434176	9.248213954	6.1242271116666664	4.727461388	4.786358076	6.547574034	13.63394652	8.2632149	11.76730385	6.860814092	5.291271459	8.123150885	9.043753287	7.639675199	7.534277738	7.615352982	5.902408003	9.166412609	7.0556507325	4.470385573	10.45702801	4.944438274	5.779086736	5.846356275	10.05337852	4.830660594	8.23896221	6.815155084	8.511525767	4.363190247	10.03503231	10.3125487765	4.56816526	7.032492319	9.345659115	7.701991532	4.676084768	9.089237765	9.547062006	5.958193183	8.355185427	7.305348774	6.54618545	8.356582177	4.898851877	11.19580145	4.770709932	5.971306146	7.35853581	9.440274189	4.828292909	4.706424968	7.807672881	5.3267381584999995	8.374425496	8.47760932	10.63785872	8.175762116	4.628378435	8.597507114	7.766272828	5.650786163	4.72549076	4.80904349	5.5851996275	6.960380885	8.208569172	8.43280024	7.053389563	8.148608444	4.799931247	5.895432469	9.9603914735	6.343834427	6.963605354	8.415239565	8.832447997	7.389675238	6.7214488945	7.779746015	5.3514736875	8.323948964	9.437118952	7.140152333	10.34360202	5.67560547	5.075371616	4.975396478666667	7.22455342	10.91487319	7.115627834	4.606231555	5.465839754	4.811018883	7.747437043	4.296041074	8.300075562	10.1598260835	8.802011072	11.54219277	6.897390426	8.5637293215	8.729912419	6.502382628	10.79457062	11.08455783	6.042046585	7.899482168	9.663496765	6.193769935	8.159828766	9.44512452	5.8596782	8.37310938	6.071528541	10.4464026	12.51705626	7.939088796	9.866238787	7.87668895	10.2607467
GSM3737749	5.570425202	4.600589205	4.335565061	5.523086485	4.449848923999999	11.28045816	9.230653199	7.942871216	7.824573615	5.038822465	5.445571618	11.42777	4.372533269	9.606173649	11.06137727	4.561059602	11.00730684	4.531643782	4.463657941	9.551770132	4.871306888	8.308862303	4.873174835	6.998424696	4.486474456	8.623080907	7.450222342	6.926986514	10.098474227499999	4.427934638	7.900378775	8.373641861	8.815676483	10.05866952	13.64618784	11.3578222	9.672478563	6.25317989	6.331111021	11.02486544	12.41866902	10.161594905000001	8.730395476	6.815308549	6.1300533349999995	11.72206916	10.41464769	6.325509729	4.858481349	8.911945918	12.38037225	4.938735123	7.343962	13.17535989	4.417132404	8.250796299	6.80475485	7.486306258	7.383721376	9.038516292	12.41245486	10.63310393	6.14701244	8.10532144	9.940966423	6.289882521	12.85795749	5.8822394295	5.988331027	7.678973443	10.13080099	13.19280167	13.29064052	8.935258907	7.7922420395	8.237458449	11.35143096	6.221836971	8.379019265333334	10.50532456	5.502246187	7.269948711	9.041221071	9.863129436	7.021383698	9.999922067	10.7244388	5.956391388	5.995650451	9.084020794	5.94019542	4.885986599	5.584427644	10.103143825	7.528510261	10.64295977	7.0177391075	10.45158773	9.400619086	5.617957207	6.79863243	7.630122229	10.99684484	12.67908153	6.382334002	8.846929430000001	11.538064796666667	13.30644674	6.176192171	12.311592099999999	13.12661819	6.140039955	6.496718962	8.1059025	8.334775601	13.00955946	7.858330086	8.087580406666666	8.186304617	7.69401247	12.11471453	8.5421003075	6.266696824	4.685334187	9.543945903	10.293858376	12.04749775	9.3646362295	5.563480058	9.640773832	7.76412793	9.116844535	8.387788026	9.445154767	6.816569021	4.932087382	7.838855268	7.926196112666666	6.483931607	5.612761442	9.453996983	13.27717021	7.082502778	12.33470615	7.429022202	6.64801145	10.13457592	9.283481245	4.8920284015	5.400241179	4.563961457	6.456455359	10.61791116	8.189759079	4.9813881	11.25205734	8.257537126	4.331125903	5.134462513	8.877606545	4.948353069	8.586215855	6.775540304	7.013065548	4.98356383	9.001668848	8.127957950999999	6.719016525	8.403921672	9.458858129	8.317840692	7.945296892	10.09657777	9.516757571	6.722734945	8.127416173	7.028325091	5.525834041	10.44168294	6.25752346	11.33955306	4.669232025	6.929066017	6.975082464	9.792088529	6.055824125	4.801952566	8.025398555	6.1421130105	7.470641068	8.11194306	10.53171082	6.498631482	4.976205317	8.071735515	7.496112258	6.215490715	5.428347096	7.256384625	7.5773387885000005	7.782594891	7.871866093	7.907490958	7.688533888	9.744092575	7.412127854	4.954744737	9.952094442	5.793039083	7.363157371	7.505049807	8.399607525	7.026556852	7.501605394	8.551171109	7.700710453499999	9.998630447	8.33177956	5.847583054	9.650240056	4.904224553	7.414979368	4.495825325333333	7.073961878	9.177615659	8.603931118	7.034499785	7.1455649065	6.058306829	8.301986243	4.348515018	9.169066106	10.442932174500001	8.134669094	12.16596216	6.733465895	8.4253983005	8.909761538	7.852837668	11.84332974	10.37944594	6.191901459	7.841075494	10.01352899	4.885986599	7.634439731	10.1119022305	7.608230934	7.895120177	5.886468578	10.90843164	12.28294266	7.816753008	7.465399734	9.595822548	9.710818805
GSM3737750	11.12670844	4.701141699	4.438371921	7.141999579	8.6052981035	12.10235589	9.635481767	7.772437601	8.44277031	7.795795477	6.14434861	11.70131927	5.809365801	7.720261351	12.07347577	4.581776406	12.01758086	8.624022044	6.10254312	8.44277031	4.398642478	9.248824219	7.529420108	6.352050779	6.155533374	7.541446745	7.684882997	4.919970957	7.9224339905	5.517270704	7.582160791	6.665526878	6.455102828	8.692676878	13.66957581	12.04057432	8.007669131	5.653767749	5.067201114	10.90843164	9.444211253	8.285862261999998	7.523561126	7.583724489	7.317316336333334	12.45340037	7.696235118	6.374005188	7.692745516	6.948226051	9.625194941	6.769657405	7.239985289	13.18723187	4.806785131	6.771391779	5.503885135	5.012445883	7.219651541	7.398199448	12.75327565	9.585545305	6.512310824	8.828317995	6.555170648	6.295709665	13.20939401	6.4948176755	6.816282344	8.825727	8.5484603	13.10035728	13.44353999	7.177190378	6.1286179935	8.692676878	11.88074628	6.944411907	5.514671017666667	10.69793126	5.046559904	7.819978785	7.656502318	8.704332002	8.06247849	10.13744335	10.94071192	4.7562425	7.687170787	8.05384048	6.159449214	4.730855707	7.321913052	10.6232615065	7.036807783	11.38494554	8.625478295499999	10.72334177	9.501337334	5.023289891	6.808480226	8.187364438	8.04396085	13.08789251	4.65813854	6.941100484	11.805931463333332	13.24427926	6.698153328	12.50347881	13.31884521	6.862597305	5.332670819	6.693870208	7.619584943	13.24969123	5.332670819	5.8230268836666665	7.373426166	7.362335624	12.31599203	7.756373775	5.089204036	6.83448288	9.400619086	10.586484283	12.19025574	8.1959795845	5.210402352	9.915042011	9.829189055	9.565847632	7.175122214	7.537019348	8.987029758	6.973373285	9.023927284	7.932868596666666	5.098949023	4.791770385	9.401312648	13.19099283	6.971201022	12.47692941	7.658850395	6.416303156	8.799623742	9.763940065	5.0632495305	6.703296534	5.246025234	6.199219292	10.23742024	7.1018401925	4.701141699	13.02454824	7.248737007	4.462977974	5.249301098	10.01433422	4.851849054	7.874513295	8.505021272	8.39575903	5.115821187	8.875918572	9.02847375	6.371457207	7.44719861	10.26578827	7.177376954	7.224864886	9.423483407	9.830739494	6.117793164	7.450548852	5.602918889	4.432359399	10.73334366	4.597491428	11.37052503	6.190327032	6.524646159	6.595473488	9.556484896	5.962983039	4.963081591	7.352244845	8.0181354725	6.603069997	7.7230802569999994	10.66428792	7.145750667	5.095928949	7.485224692	7.353830495	7.087323586	5.283607692	7.13490648	5.8677023765000005	7.734010246	6.96460438	7.66714776	6.724024899	9.276488907	6.842624011	5.407943602	8.079739167	4.62130743	6.859636999	8.409852306	7.756722393	7.215956589	6.482833097	8.856392594	6.873993085	10.132781867	9.353955216	5.474842954	10.10854746	4.843087681	5.386089607	4.768387269333333	6.60818394	10.43421978	7.800956496	5.973101446	7.07712177	5.102474638	8.557786359	7.996737679	9.464794385	10.519623192000001	8.589960836	12.23159072	6.951914826	8.486069981	10.52739137	7.47801453	10.7496302	10.40827987	6.122816315	8.42647266	10.05790981	5.524048028	7.082874182	9.6473358915	7.554004384	7.570874772	5.571864662	10.55859998	10.61934585	7.613635231	8.281248586	9.741851237	9.715443506
GSM3737751	10.72578774	4.48823278	4.477111681	6.944808413	8.735012072	11.8517848	6.944808413	6.719173433	6.115345739	4.539352269	7.454234153	11.69523721	6.392959533	7.13353718	11.90881607	4.467782713	11.16817843	7.32016026	11.89992724	6.594245257	4.426856665	10.92508142	5.3110369905	8.142611797	6.779122874	7.374286912	6.495237095	5.040739193	7.721241490000001	4.794827415	10.2771359	5.66798314	7.334602896	7.950713222	13.69868914	11.75017547	6.55569792	5.753364968	6.74896709	9.4623572	9.045750842	8.0383980125	6.726507669	7.358778456	8.946331399666667	11.62034067	8.274668849	5.116060607	5.753364968	6.169798007	8.849750089	6.852788251	8.68394458	12.70979691	5.122357441	5.130937975	5.935685383	5.805717823	9.697375577	7.513948773	13.11054415	8.444104243	4.558476007	9.344248276	6.961080634	4.824999298	13.06904881	7.828172499000001	8.158219923	8.300290103	8.56950319	12.99160413	13.28497542	7.2749191015	6.165180483	7.300094149	11.76926574	4.696924725	8.51704508	9.511709213	4.851788734	8.880909636	6.191170532	6.661702375	9.132721682	10.68917164	11.05708277	4.672269495	7.416787839	7.93117086	4.935632976	5.765627529	6.061100431	9.8283747495	6.247292733	11.65439269	10.259909583999999	10.32294201	9.925138536	4.80930046	7.653501193	9.086868498	9.194664268	12.82398476	5.487065774	6.476199970333333	10.891374398333333	13.2263314	5.116060607	12.48715589	13.32776352	4.74643422	4.548659035	6.557557811	7.053336496	13.1972254	6.403214436	6.812021087333334	6.793039646	8.169590475	11.66544607	5.938830051	5.410842938	4.606626675	9.429055568	9.1783860475	11.82091377	8.414684151500001	4.412454547	10.20870926	9.561647735	8.459947683	7.251491271	9.044242972	7.187124169	6.033732566	10.74436339	7.817958747333333	5.320105298	5.502081002	8.345848274	13.28315166	5.689401052	11.98579408	7.10643097	4.686083962	6.676220069	9.509327388	6.686937463	7.354579052	6.62153144	5.218008951	11.15909141	6.9552053605	4.590377692	10.5461106	5.247734286	4.800808573	4.9600147	11.22280804	4.771166094	8.432162005	7.891181812	8.600992671	4.57837929	9.832844531	10.348161613	4.970187821	5.843205763	9.304843019	8.221380179	6.347093498	9.369522144	10.48516463	4.638984899	8.527598767	6.214428597	4.983251639	9.886977636	4.694286962	11.63706817	5.108907488	6.760663104	7.629272357	9.390663607	4.743227721	4.740145397	8.341038764	7.3414994015	8.05341627	6.4464633785	10.19948819	9.105160725	4.440002637	8.358911672	8.292939394	5.383927831	4.854272005	6.197352267	5.9947299275	8.005621031	8.529922181	8.416684943	7.665342058	8.734017663	5.658947456	5.162040166	8.4985268955	4.797555392	7.609631998	8.843878202	8.851943868	6.015903194	6.9410352369999995	8.481233502	6.101822264	9.3567742615	9.080697904	5.440449206	10.3062776	4.749939014	4.781609912	5.802965066666666	7.580677828	11.6739287	7.437920207	4.78828166	6.7499393229999995	5.125443042	8.472853266	4.318501774	8.310973112	11.136733790000001	9.107798457	11.01917942	5.917796365	7.351772592	9.965754076	6.970596036	9.313524101	10.63310393	6.545204193	8.172036249	11.42777	6.558885655	6.471072248	10.853502839	8.001618709	8.140067642	4.689139135	8.68394458	10.93626364	6.466176727	10.55520813	8.860351146	10.25655504
GSM3737752	11.48372443	10.37718104	9.878845854	4.363515264	8.166139801	8.047441475	7.601369972	6.102204105	6.967981019	5.677073771	4.638686511	11.49514056	4.304835833	9.824526057	9.852415552	4.491927013	11.53052259	4.411414988	5.502405531	8.375088763	5.038491712	9.123124209	6.5115413145000005	6.522677944	4.588036777	8.376181468	5.872417341	4.800314979	10.51730997	4.612626078	8.456015943	8.142611797	6.829742571	10.73436907	13.59968193	11.31182452	9.363119272	4.800314979	5.36628071	9.639986721	11.22598944	10.529292575	8.990995911	7.29072829	8.109058549	11.6266159	7.881113313	4.63430141	4.513496203	8.892370148	11.3102423	4.660643929	7.773722339	12.90291694	4.304835833	8.18490064	5.246614146	6.139389878	5.314208069	9.105706388	12.22365651	10.59202569	4.737506094	8.193986773	6.233587851	5.489602731	12.56339893	6.227535427499999	6.812764246	8.767209923	10.86851063	13.08603238	13.15367173	9.1181147885	7.825758583	7.724484709	11.91325833	5.573203183	5.511760790666667	10.60352966	7.107608308	7.563425884	9.442619359	8.930225733	7.237019685	10.49898619	10.547037	4.465273737	8.211502523	9.520319722	5.048995482	5.408348729	6.5334741	10.022010231	7.019010319	11.32230135	7.514710659	10.76603096	10.1210409	4.707856446	8.039778125	8.199860942	9.053688066	12.85795749	5.698044653	8.436518550666667	11.589235819999999	13.15983068	4.698305024	12.521999495	13.32093741	4.921903964	6.111514717	7.503800057	8.60797714	13.11657661	6.451535658	7.439998975000001	8.415239565	7.923636362	12.1225134	8.340697129	6.254123165	4.426041492	8.280721957	9.8897410365	11.84536423	8.944610988	4.406886995	10.3094715	7.873139023	8.310048934	8.307122514	9.194945074	8.289317199	4.572992763	7.177522301	6.256553718666667	6.685083084	5.383630652	8.970797641	12.90058447	5.418815228	12.16334492	8.401603698	6.86582216	8.277817213	9.907896654	5.36317265	6.139389878	4.884392897	6.491433895	10.50750757	8.4611218315	6.889604074	11.28045816	7.928486906	4.46242951	4.643190549	8.389384409	4.363515264	9.57055523	7.917035725	6.875556089	4.858381107	8.878261381	9.43310544	7.418189934	7.952294724	9.268327311	7.893060672	8.398427059	10.65918937	9.464794385	5.997580373	8.144158451	5.777101988	6.174445438	9.607698066	6.652425223	11.59527725	4.68418338	7.156145225	6.721083497	9.288791349	5.608827444	4.448955875	8.043758693	5.511895272	7.233843317	7.0438246685	10.58841297	7.994944431	4.476808877	7.605370698	7.522584788	5.854649758	4.972001296	7.037397076	7.387595698	8.17466513	7.592078548	8.000562847	7.4460283920000006	9.907896654	7.289028464	5.000475946	8.8647837855	4.42855803	7.324020161	7.82561405	8.137705761	6.226972206	7.0085102225	8.025398555	7.1739040329999995	9.871259960500002	8.378845627	4.519904651	9.800727873	5.309024902	6.86582216	4.535464133666666	6.717182281	8.859405039	8.868669528	7.365209694	6.2145400485	6.763819566	7.944205079	4.443514509	8.501090349	11.380822715	7.474786676	11.94105254	7.428202236	8.3875963215	9.150810066	8.012862515	11.23254459	10.22441112	6.13495948	7.489930714	10.1355769	5.114994542	6.685083084	9.687660601000001	7.428202236	7.583912489	4.482740512	10.01772897	10.53014914	8.721860713	8.131907313	9.090357531	8.95991411
GSM3737753	11.03889149	4.413479946	4.460494029	5.35035121	8.7003205235	10.58602943	8.976742804	8.850267913	9.035483297	7.157609031	6.317768735	11.11626333	5.060098217	7.362143815	10.60025935	4.797491705	11.69922828	6.671753319	6.643719404	9.089546753	4.48987238	9.936211414	7.495076602499999	7.735280281	5.730344427	8.420617746	6.531314823	5.79936504	6.9175854325	4.873537823	8.620631839	8.399404677	8.052239141	9.410917022	13.59968193	11.28989815	8.757042346	6.31995244	5.241478542	11.88501114	11.70131927	9.448127832	7.378456517	7.514314607	8.482199085	12.09408636	9.033660791	6.868120303	5.881430397	6.280519869	11.59713584	5.361552607	8.147124871	13.02454824	4.926200911	7.814516564	5.878802729	6.709843432	7.094576959	8.275309258	12.63113567	8.633354382	6.783174215	8.434415063	6.459942118	6.403214436	12.44830828	6.828751369000001	7.830970011	7.087323586	8.989340976	12.84720409	13.32989295	7.132242991	7.5355820055	9.241334969	12.03097487	6.499719654	7.6864301626666665	9.718596908	6.493086516	8.265651174	7.500592103	8.702204792	8.822718195	9.169619446	10.45820676	4.778403536	7.769410166	8.019213665	6.489394723	5.974846692	7.041988744	10.2383904825	7.421914902	11.27157968	9.639259426999999	10.23385668	9.045750842	6.34052518	6.132755213	9.096638018	9.498348319	12.71130254	5.759502322	7.622004957666667	11.384232133333333	13.38328673	5.690658931	12.165113175	13.3021422	6.336169931	6.174650789	7.724484709	7.203882219	13.19626319	6.725116249	8.805874501333333	7.343240305	8.167203285	11.92451094	6.7256821885	6.171383568	4.74265443	8.874833775	10.344350156	11.75017547	7.6044764845	4.616492907	10.05960908	9.024791825	9.499866433	7.588136024	8.304046561	6.67840792	5.247260406	9.449720198	7.466572582999999	4.732944463	4.959722151	8.589960836	13.3127735	6.709843432	12.42994687	7.024024555	6.322489669	8.936734233	9.406887914	7.220969698	9.005742659	6.712167262	6.419414216	10.68309961	6.5590449920000005	5.699143795	10.97508808	6.548386827	4.408581572	6.275889808	10.47259713	6.111514717	8.362998087	7.4874247	8.99922314	5.347559472	9.660049573	9.3025863435	5.230915704	7.860775959	9.788291636	8.066632445	6.071796663	9.838110555	10.24838088	6.366666441	8.187897922	6.464475955	6.885199356	9.899200966	5.668805028	10.48516463	4.643481767	6.625501067	7.273124423	9.464234942	5.028525505	6.231189303	8.482765522	4.768275544	7.738190086	8.337700346	10.80112977	7.5560383	4.929717164	7.68139874	7.683710331	6.438417595	5.532529847	6.219328036	6.6465450145	7.19395546	7.696970412	8.293143022	7.143663978	8.937523705	7.299574356	5.569825528	8.8407805585	4.814676481	7.285468672	9.172377757	8.449223734	6.653440722	6.2815304869999995	8.54524967	6.7330177665	9.214591456499999	9.456942366	5.309434518	10.24458917	4.891770967	5.904692318	4.679434933666666	7.12513789	10.5461106	8.388011482	5.377591644	6.251985939500001	5.631848346	9.419225916	8.371483532	9.231564706	9.9311248555	8.452365229	12.280069	6.432087702	8.5291907925	10.06047908	6.495470299	11.09335	10.67464092	5.95601622	7.27555127	10.62755089	5.979712756	7.039854637	10.544310565	7.221238674	7.655373434	5.053141885	10.03692038	11.29954784	8.108050115	9.738169507	8.894302734	10.49455447
GSM3737754	11.84332974	6.14815713	4.572864512	6.402699422	8.8139933155	10.63936982	10.12148751	8.632491265	9.145011063	6.91126587	9.172961072	9.665132133	4.564992359	8.465038725	9.761442843	9.960947513	9.726904459	5.519747343	7.257887694	11.11338404	8.090475796	10.32451799	6.143366356	10.92893847	10.28105934	9.920862849	10.70511207	7.681966007	8.4381827975	4.524056372	7.400398266	9.716935357	9.807755556	10.07578399	12.33228799	8.826726888	10.35018056	7.155702632	4.969587759	11.41674546	10.31508456	10.500033160000001	9.480972963	7.793964943	10.49481177	9.651331849	11.06800211	6.034569583	6.754343306	8.724525927	10.31597021	5.458912426	9.742540845	11.28194686	4.368833146	7.423600916	7.428202236	8.258212179	5.476018691	9.789040943	11.38657344	8.365711392	7.06267466	12.22365651	7.217820331	6.726199869	12.08358836	7.305689474	10.88083098	11.21283129	10.31718635	11.05464487	12.30315686	8.641354837	8.705665753	9.354499404	10.24838088	6.467790606	5.747804740333334	5.974070002	5.790123312	10.61167699	8.671630987	8.324864494	10.8852101	11.7155501	9.286319262	6.648146307	9.647471353	9.753939062	6.47223218	8.223533659	6.802326503	8.254981806	8.367539423	8.401137738	11.893908060000001	7.797343358	11.22598944	5.490441232	6.91126587	10.92215579	11.33503772	11.09335	7.580116415	8.686921814	9.255200189	11.89140959	7.785778696	9.5884749575	13.07558916	6.361613017	7.69755331	9.434202294	8.200274867	11.88501114	8.796853831	9.675214863333334	8.875302674	10.20661491	9.207403061	6.516204466	7.463923634	5.87828461	9.669518462	7.9452198775	10.23935102	7.487434927000001	5.902500175	7.181725808	8.711422842	7.022886748	9.016163789	6.056914149	7.216441713	4.912114356	11.12069951	8.008386634999999	6.78197298	7.744756057	7.862087774	12.02399033	7.080821951	10.40240134	9.99128105	6.291389482	9.195225824	7.865983868	8.954354764000001	6.537241029	7.099669963	5.292729294	10.87655843	8.3393953365	5.239246899	9.355403633	7.333624974	8.786265878	6.383054414	11.75017547	5.47840043	10.07666099	4.534647378	10.81640529	5.862171351	8.689993963	8.8554145895	6.059332522	7.975960777	9.474952052	8.519983857	6.597717359	11.70777859	10.89302725	6.804062414	6.629362668	7.869181888	5.676691989	10.32664588	7.17479982	8.845437447	4.815014855	7.564970329	4.384612864	7.072310148	7.871866093	8.333669701	4.758242272	6.2421745595	6.034569583	8.443403759	8.912391994	10.00407471	5.673915679	5.907486408	5.534668025	7.581054598	5.732203349	6.767534779	8.188033414	8.130945336	6.789613771	6.780852747	5.433298005	10.2742943	8.428180865	9.210255059	10.3857666435	5.588068942	4.765049853	11.46548823	6.3898446	6.35299791	5.496069113	6.361613017	7.0265782775000005	7.2412776050000005	7.116949273	6.401224399	8.782871628	6.722393421	6.685199917	7.290565694333332	5.205072496	11.31182452	9.459175219	5.949044952	6.874370355	7.094576959	9.260418196	5.303715097	7.492816228	11.608125000000001	9.431219865	10.81400401	7.951114074	6.9905411765	10.60352966	8.668951071	11.4374887	9.520319722	8.364416938	6.806561684	11.2064649	8.269871307	9.305686291	10.897937152499999	5.802816327	6.187329661	6.14295635	10.67941769	12.8143805	6.025278104	11.01984255	6.281696364	11.52715066
GSM3737755	5.833792778	4.901339265	4.394076994	4.365736439	4.38352658	8.150368208	9.929019324	8.336585119	8.332882249	5.667801129	5.421065089	9.035483297	5.990105304	9.866676684	8.939468714	4.636566958	9.726081354	7.984186408	4.895002733	9.822741596	4.977384597	11.33197994	6.375118306999999	9.463967907	6.051944764	9.558167363	7.186536238	5.692583796	9.727920166499999	4.932626434	10.72930731	8.950759087	8.075720907	10.85721878	11.99042815	10.06302691	10.47195553	6.040529156	5.687742843	11.87657412	12.63624594	10.990874305	9.094778455	7.826004848	9.932344627666666	9.742540845	8.940379904	6.011728555	7.239269325	8.586440672	12.48991665	6.047600622	7.66714776	11.5114813	5.087059067	9.419521112	5.632392474	6.971003381	4.611577198	10.20661491	10.36572882	11.07696885	7.438747664	8.197052314	8.972596627	6.411800466	12.07347577	4.861878926999999	6.413890545	9.999922067	10.23188479	11.28194686	12.18719347	8.900945358	9.3261205775	9.230092755	9.615229021	6.467179243	7.510846036333334	8.326817536	8.778285585	9.925138536	9.490048387	9.137231057	8.652037893	9.921823737	9.319375523	4.851864368	7.092282533	9.384594675	6.603200573	6.492535853	6.302103884	8.733085983999999	7.683520276	8.377201032	8.351534501	8.290858343	9.527214089	5.343916067	6.4292306	9.756245127	9.559199608	11.47129102	5.674518475	7.756817911666666	10.222576141666666	11.72705267	7.721984921	10.490353906	12.52843857	5.827073123	7.953753268	8.355770438	8.911945918	12.01884485	7.268950311	9.305250659666667	9.051010343	8.233826353	10.20339631	9.251228908	7.496112258	5.854753634	11.61684837	7.8737164485	10.15039241	10.193191987	4.530847176	8.383519347	7.328206465	7.427373072	9.227135563	6.281966767	7.428629679	6.431957165	10.97508808	9.618007502333333	6.745420807	5.785187785	10.99684484	11.36382951	6.041636005	10.62155579	8.078811827	6.793358077	8.701053349	6.566456821	5.919501818	5.074668038	4.720373484	6.572935422	12.20025505	8.6137277115	8.441793902	10.28399253	8.395555995	4.383194423	5.136990309	11.07548117	5.415296786	10.37944594	5.266348781	8.002357354	5.586448014	6.731755994	5.688599353000001	7.444966535	8.838266357	8.55447653	9.06270924	8.470188144	11.23713083	11.92451094	6.402583962	6.241256369	6.933615647	8.845871104	11.79894041	7.842971622	9.235468573	5.421065089	7.895120177	5.179791608	7.253383629	6.532062006	6.552755517	6.009082751	4.9538942175	5.025494214	7.302571658	8.314625246	9.663934032	5.499670657	5.25646081	5.388251209	7.146514565	7.114446181	9.969611211	8.0024668065	7.910926235	5.251302057	6.135365724	5.2298927944999996	10.62967242	7.643043682	4.967460864	9.3252467455	5.115122259	5.581293186	9.910230314	6.296283438	5.844016953	5.1535407375	6.511487452	8.749039192000001	8.329250042	6.833455413	4.664208229	8.22749009	6.006017392	6.637438451	5.287489789666666	5.125956867	11.65228103	9.357762686	7.652687391	8.6007493585	7.724712071	11.40923028	4.410063332	9.389826021	11.38383434	7.24421415	9.901094567	7.305918272	7.2199885335000005	12.06056702	8.148767308	10.82017389	7.9973171	8.849489479	5.900596407	12.70176375	7.09116977	7.834983845	12.353680855	5.728851871	5.613168108	5.341183258	10.28497335	11.26493239	5.724104262	9.439573141	7.992849247	10.56692998
GSM3737756	11.42592852	11.21283129	11.21789896	4.383153098	7.5093094545	8.850528384	9.088020481	8.224262498	9.067019449	9.826083168	8.74420176	10.04892942	4.757353487	8.511974552	10.24357802	7.772234824	10.39928783	4.543660619	4.92166243	10.54063349	7.113589147	9.971751445	8.091609845	7.527683869	7.746786504	9.701584249	8.200476677	4.621251059	8.0998244715	4.429396428	8.988353021	9.408327304	7.801263078	10.41774474	13.46120387	10.02679847	8.972871814	5.564771072	4.682403444	11.05251067	10.41875951	10.470871559999999	8.935321304	7.146928174	8.097511451	10.48869355	8.278022987	5.030116074	4.779084445	6.752337413	10.59071559	5.15942347	7.618988781	12.18142179	4.34410078	7.642577474	5.212575563	5.739263767	6.663897516	9.054311494	12.7128066	6.930267922	6.601815635	10.37565706	7.027029362	6.089316897	12.66653086	6.9917576485	9.468861372	9.439573141	10.66428792	12.8143805	11.74396205	8.011514841	8.258746789	8.931537479	11.50378636	6.48468695	5.869015730666667	8.933209303	6.029057049	7.129829274	7.805716324	6.280673377	9.819500376	10.3962501	10.90561335	4.651888966	7.333042562	9.943663906	6.400237246	8.252992556	7.723752645	10.394573977	7.275163243	10.27523202	10.268512645	10.109383	10.23188479	5.592642862	5.928104195	8.746737882	9.038267145	12.35501171	5.945350267	8.626999510666666	9.569195862666666	13.15367173	5.42359745	12.150371	13.22470378	6.081748664	7.172186815	9.118256805	8.498537181	12.94111642	6.897201322	9.174514529666668	8.438072311	9.644963894	10.43745397	5.9154579604999995	7.958056619	4.584640166	8.784164156	9.031745764	11.60483837	6.921565427	4.621251059	9.52597117	10.38172983	6.506617255	8.671831826	7.973690781	7.36025634	4.602418268	10.61288759	7.259361991333333	6.070433204	6.189205044	5.864236328	13.18888403	5.573318182	11.55777986	8.423027899	4.669336237	7.625673829	9.560937609	7.794010708	6.844599832	6.834140473	7.843962903	9.051331875	7.677804854	4.466585789	13.06461681	6.83286231	4.655188392	4.998344975	9.850005933	4.92166243	8.921980051	6.415528742	9.351550988	5.68304551	9.590039032	10.069442768999998	5.610580555	6.82913997	9.596618591	8.829129412	5.266310492	10.69153716	9.718212477	6.122200996	6.658514965	6.294618865	7.41571007	9.458232287	6.334094476	11.05383179	4.704671285	7.431427073	5.722168166	9.355403633	6.380098437	6.540933592	8.503618482	4.4530897275	7.774697152	7.4195360715000005	10.68917164	9.286872723	5.081616137	8.024227196	7.433475891	6.961701679	5.117863404	5.419283152	7.4323552415	7.14868734	8.063739975	8.16399325	5.480176916	8.594090895	8.271518463	7.26041384	8.8511876945	4.351324964	5.665673959	10.1363729	8.019868089	4.685447865	4.780664804000001	7.790761847	6.2706232285	7.8548690855	9.361875023	4.393415723	10.14946386	7.231980121	5.709912926	6.073243425666667	6.730029908	10.26578827	9.371871683	4.812551763	6.468143623	7.038757825	7.405317874	4.466585789	7.087903654	10.49762543	9.155595401	11.32735255	7.286734848	7.420074846	9.718212477	8.168055187	10.7866201	10.44582952	8.140067642	7.764490818	10.7761956	7.44719861	6.885504439	9.2675422375	5.739263767	8.220942046	4.796910465	9.331798454	10.37565706	7.254161536	10.50532456	5.945350267	9.294579824
GSM3737757	11.42240806	11.01415985	4.406404018	4.521826702	8.250911124	10.49455447	6.931321078	6.240603286	7.047838474	5.644469825	8.68394458	9.988842796	4.606046009	8.025796485	11.79309561	7.956120707	11.73380806	4.537402118	6.776623548	7.652825546	7.483277507	7.2018421	8.600745315000001	7.926113104	8.905229972	8.604363646	8.564792153	4.832995255	7.453922209	4.516176073	5.929133115	7.528994478	7.302028614	9.483404122	13.6078173	10.94935322	9.016400321	4.989938272	4.813600626	9.904625055	10.60472107	9.2997824795	7.150275105	7.719134932	9.478349965333335	11.75879467	8.124511226	4.896599064	4.64414596	7.108392666	10.67464092	4.786461496	10.45444807	12.67153874	4.365955355	7.444232212	5.388962743	6.233178381	6.325181767	9.311848574	12.64385784	8.25381006	5.504483944	12.14185814	7.042142689	5.693107942	12.76851002	7.014828398000001	10.37816715	9.089237765	9.112382213	12.87399292	12.8285362	7.2527915045	7.9937421435	8.340813975	11.09081257	5.088768165	8.178724505	8.87737169	6.833455413	11.13660795	6.917283785	7.033834763	9.642023289	12.132229	10.14784208	4.556758002	10.24357802	8.369983042	4.91056726	7.395443972	8.117196104	10.496484506	7.040357064	10.15039241	11.27703778	9.716251262	11.28359597	4.686029177	9.564994742	10.48869355	9.064214787	12.01631577	5.052161684	6.945378215333332	10.900048369333334	13.13022692	6.343834427	11.992184779999999	13.26687511	5.220927528	6.228416025	7.441339597	7.157430084	12.95546264	6.615428842	8.775413164333333	7.485400816	9.399759451	11.39606674	7.243096445000001	6.358997266	4.57169661	7.573251894	8.962013641999999	11.59110392	7.468904220000001	4.483218705	10.01673851	9.46172648	8.0736501	8.025796485	7.007043605	8.539372495	4.657765953	10.93626364	5.930779931333333	5.975826009	7.100294374	7.633335075	13.22842714	5.895836346	11.92180759	10.0203606	4.915226074	7.458213476	9.493686396	7.176087832	5.678539029	7.195114801	6.214357761	10.81880009	6.920264883	6.001362175	10.59928515	6.572398622	5.522940654	5.330066147	10.53943743	5.263001029	10.13744335	6.130507397	10.04696325	4.534508018	8.494469775	9.819371956000001	5.626332843	6.332929798	8.963824491	7.354395393	6.627425943	11.22517447	9.327475217	5.388962743	6.444840599	6.30297017	4.809863068	9.069673244	6.377497942	10.79074078	4.69647047	6.724526621	5.860014519	9.080697904	8.891175803	5.738026121	8.210204058	5.2274159055	6.177687685	7.60770227	10.38399998	8.752739179	4.43836049	7.528021811	6.632175778	5.289045904	5.149565966	5.388962743	6.7817275455	9.261563376	6.977403941	7.478178894	5.8160054005	10.36062639	7.167260261	7.775829031	8.777570739	4.545729639	5.935036372	9.929862331	7.396434409	6.660246996	5.398330723	8.252778254	6.2775914485	8.966206852500001	8.374882798	5.630455274	10.19212698	5.516453113	5.457903412	6.011941551	5.903007586	9.381632843	8.18490064	5.982234767	5.4025427705	6.055157565	8.218012703	6.464475955	7.725834145	12.456923795000002	7.920457682	11.60306512	6.852788251	8.185157504	9.039641351	9.280209883	9.957559915	9.516467253	7.748674356	6.645191544	10.76981624	7.262524559	6.529454118	9.717020775	7.68076167	6.805124461	4.692842178	9.39763653	10.33826504	6.738970426	9.387651403	8.343247716	10.10150779
GSM3737758	10.96972444	5.771874275	4.428601196	6.684272295	8.6216110695	11.44973978	5.947786684	6.086842816	5.580917026	5.742510503	8.29159111	11.69306305	5.73512493	7.542418467	10.95102883	5.037159277	11.63098038	5.418967386	4.570026443	7.702626512	4.456740919	10.75968181	8.3608404995	8.473071085	5.000875605	7.60345943	8.555846898	6.219711209	7.6868853185	4.801204296	9.473798533	7.122740637	9.058101394	9.330400834	13.55436955	11.2293201	8.22207991	5.510986868	4.634810443	8.40265636	12.82648917	9.1872305385	7.609278012	5.789159103	8.539155970666668	11.90328445	9.643778039	5.080713263	5.50643321	7.040180092	12.72335806	5.604539187	6.188813682	13.06904881	4.666323579	6.658812457	7.150275105	7.263233968	7.741592672	8.41294643	12.31330111	7.46353628	4.654003354	8.890637629	7.187521145	4.554830705	12.81891786	7.821518966999999	9.709619478	7.937367067	9.374338551	12.56856597	13.21516708	7.9668433400000005	7.373344288	6.416435116	11.62457792	4.638476768	9.538226812666666	8.612138591	5.332301478	6.536844547	6.89075698	6.367604028	9.970483264	10.28008915	10.71849087	5.676545353	5.347891466	8.99307666	5.287438555	7.216249704	8.243291058	10.4063162335	6.450230066	11.09647695	9.8026986775	9.938593174	9.628122535	4.908436192	4.93272461	8.950759087	10.14209894	12.7128066	6.311037348	7.342866323	10.948017563333332	12.60047424	6.035669577	12.05395849	13.30848575	5.172825866	5.439439053	7.479522604	8.131907313	13.147911	7.171936717	8.049915090999999	7.738190086	9.719776323	11.2568757	5.422756969	6.10161476	4.873385108	8.525192064	8.9603701715	12.32957311	8.162745592499999	4.628117578	9.693056558	8.039778125	8.551359394	8.160664025	8.10767424	8.775225821	5.691014688	10.29387621	6.794266631333333	5.242968648	5.197493106	7.110085208	13.10035728	7.081615456	12.16334492	7.949956766	4.624622495	7.619584943	9.749356005	8.637227018	4.951134347	7.028457478	6.427930838	10.29713349	7.354875145	4.475791952	10.86328603	5.875120902	4.63145286	5.01051651	11.34333952	4.589149041	9.013028621	6.92755451	8.879088286	4.56703967	9.313187498	9.051511928	5.702870936	6.403968866	10.11506519	8.185078793	5.532964197	9.509327388	10.90561335	5.683147817	7.972440759	6.713084288	7.571506948	9.556122615	5.237608491	11.23176209	4.703965919	6.383171447	6.90980433	9.029718298	4.893562548	5.265546624	7.560324064	7.099556825500001	7.581631336	7.3150703125000005	10.57695755	9.178198157	4.426525758	7.877890552	7.598090494	5.714887372	5.775073412	5.005547146	6.6242817555	6.89075698	7.908010369	7.917035725	6.6618357285	8.876264	6.329663689	5.784751811	9.249190826	4.68716793	6.631812127	9.597264811	8.265199418	6.191623916	5.981982598	9.007684025	6.5265584610000005	8.9546542585	8.30383971	5.967877078	9.947006608	5.347891466	5.414600516	5.241472807333333	6.739132213	11.14657332	8.30383971	4.908436192	6.2312072805	6.476255074	9.35668098	4.375502429	8.212141182	11.141886375	8.395962036	11.95843992	7.487219508	8.791791841	8.542231006	6.658812457	10.54316568	10.31057479	6.059433917	7.48208602	11.12069951	7.448984367	7.500210321	10.774775085	8.045739179	7.754347493	5.532964197	9.674751157	11.66544607	8.117447755	11.64111041	8.459313714	10.52739137
GSM3737759	5.205497069	4.672258976	4.429393122	5.45904119	4.527214045	9.657281039	9.14201635	8.450815598	8.29493132	9.098883053	5.243752264	10.87655843	4.846124282	8.357734797	10.30007473	6.461494771	11.55777986	5.010513441	8.047254008	10.1005965	6.033812849	11.76070362	6.7274104065	10.68553532	6.320996063	7.076680877	9.063453783	8.565770096	7.5523043465	4.478633012	10.32242922	8.111694826	11.60867735	9.088583706	13.54263125	10.8905358	9.389149326	6.20823252	9.402632162	11.31752561	13.66957581	8.847939434	8.268614603	7.449375648	10.352766557666667	11.57189343	12.19519144	5.889538868	5.063407767	8.753761343	13.56947536	5.121692522	8.01868064	12.7585866	4.394330171	6.490748921	8.123517361	10.48516463	5.415576705	8.415435447	11.85587292	8.402885038	6.164737629	9.455879211	9.564994742	6.068049659	12.33228799	8.313232017	8.914128437	9.119386706	9.804638421	12.110058	13.10248569	7.243524642500001	7.037659941499999	8.790977344	11.61849829	6.378148504	5.459094318999999	8.574502463	8.361810837	9.17632095	8.004813849	7.542128229	10.24924314	10.00780679	9.922214109	6.816155654	7.792715057	8.70554563	6.316656786	7.261800113	6.656929784	9.8574700675	7.512694367	9.357762686	10.926071109999999	9.679335123	9.216808743	5.765489475	5.583670933	10.0441506	12.59447961	12.4560188	10.51567818	8.908053428	10.732053829666667	12.75602194	7.850218739	11.7625767	13.06461681	6.064427628	6.140199765	8.840738258	7.610447376	12.93658581	10.93175447	9.10263134	8.336152716	8.972375242	11.12362965	6.614207659	7.185917103	4.830660594	11.04074755	9.803940584	11.48010598	8.455068361999999	9.258949716	9.123428719	7.949066132	8.191431454	7.93779003	7.339496507	7.73493466	4.466102687	10.47079008	10.029037208	6.0542985	5.729658719	9.110763041	12.51466753	6.786261437	11.87423964	8.180064018	4.911783646	9.103691866	9.683041931	8.3705642545	6.798726922	6.741774515	5.171273965	11.02325759	6.9433378815	6.434539597	10.55986589	6.818141399	4.446744223	4.771760818	11.3102423	4.978687735	9.380587098	7.25218641	9.79833324	4.604661815	8.654430537	9.406204834499999	5.137309449	7.936925581	9.965754076	10.24668358	5.657619139	10.75564992	10.72686199	5.935036372	6.87582483	10.62387663	8.848325929	11.58712796	4.586222898	10.81640529	4.771760818	7.551939709	4.994365634	8.59585925	7.326859183	7.557131777	7.615352982	5.7374133775	6.367385616	7.2347734705	10.15955721	9.538730323	4.646811399	6.741774515	6.300627141	6.25317989	6.627927463	6.384961767	7.276276347	7.040180092	7.033513608	7.270313807	5.665254954	8.598009445	7.790948466	5.983304103	12.512110060000001	7.316431436	5.508823685	10.14874388	7.282997935	5.319137952	4.8155562634999995	8.169417354	7.9615382435	8.3317157955	8.309648762	4.877023608	9.625194941	4.597006587	5.935036372	6.865786422333333	5.678304401	10.58841297	8.638514723	4.882470888	9.057831971	6.038255792	10.22835011	4.384939565	8.261986651	11.324577340000001	8.464243236	11.79101061	7.18420278	7.6356022425	10.42116291	6.641252459	11.20324724	9.85560645	6.470623265	7.24108837	11.30331336	7.071014226	10.06228356	11.18180662	6.241584107	6.67470572	8.389828034	10.11422615	13.34151155	6.965079578	10.08779416	8.01042844	10.387868
GSM3737760	5.222868738	9.304346326	9.70651742	4.559912775	4.4992316725	10.60818733	8.948324332	8.17652068	7.907490958	7.893620062	7.359437514	11.50169303	4.375931614	9.820188768	11.02050537	4.862189487	11.01917942	4.483172578	7.080072436	8.122805882	6.525731203	7.842971622	7.7415616035	6.507380045	6.125476558	7.853217912	7.708662882	7.634288458	10.153313903	4.404137669	6.625644886	7.288288366	9.348153881	9.687402838	13.68316129	11.20463539	9.195225824	6.064809315	4.68430477	10.63936982	11.05251067	10.16760281	9.062155501	7.597306903	8.181433789000002	11.9719616	9.966829707	5.885426682	4.642968926	8.673632602	11.12362965	4.507261328	9.477505103	12.67908153	4.296768441	7.631475679	6.804949747	7.611377575	9.155916845	9.242946562	12.34508383	9.833224315	6.517971123	9.400322219	9.761442843	6.278370133	12.97706272	6.0081769335	8.100064916	9.343997393	10.47721637	12.95309065	12.61878014	9.403504222999999	7.804629352499999	7.582737088	11.32099024	6.111514717	5.756274816	10.1210409	6.41698922	8.527040753	8.828317995	9.988021729	7.871404098	10.92373021	10.51675255	5.500100344	7.365405652	9.62454398	5.736294505	5.14845712	7.066530975	10.321488858	7.047270474	10.09761093	8.089976478	10.63075145	10.42116291	4.963915535	8.009454826	9.016884872	11.02922891	12.86913709	7.299731744	7.977319772333334	11.477536456666668	12.83612457	6.209857633	12.261018570000001	13.08407408	5.952502004	6.156702924	7.847611359	8.898264097	13.24247726	8.236153243	7.967057126333334	8.205370205	8.812668345	11.92674725	7.5253991755000005	6.283105766	4.559912775	9.228719498	9.969158999	11.97862616	7.934838685999999	5.699408555	9.9377384	8.294117644	8.175762116	8.543619522	9.090609773	6.958049961	4.672304441	7.636404835	7.855913142666666	6.785791624	5.621252611	9.266261679	12.81212825	6.752532553	12.10749218	8.561287541	8.455819074	10.4448886	9.305123372	5.987451017	5.031379403	5.650845893	6.939859529	10.27359153	8.86930141	6.59895039	10.93041182	7.243758109	4.44458431	5.218748655	8.659555194	5.045040092	9.653693946	7.615188198	8.028147223	5.385752531	9.217745443	9.6983849495	7.354579052	9.159173357	8.680626537	7.81420277	7.672321456	10.5758572	7.058729105	6.89371737	8.611364255	7.340688348	5.053523424	11.31919868	5.389080493	11.39180739	4.570865595	7.588709939	6.927838424	9.356949149	5.300563205	4.586861163	8.228748049	5.3358440785	7.544408254	9.674403858	10.00742723	7.16308249	4.784681512	8.240805731	7.701182971	6.270546525	5.824126739	6.717032299	7.721629397	8.550469835	8.026182776	8.091082154	7.85164552	10.1189085	7.437543146	5.961814301	10.037273006500001	5.75262672	7.147659654	7.530527438	8.574279721	7.142233643	7.3175526065	8.474799778	6.538858789	9.7571688775	8.878261381	5.031379403	9.739986064	4.823023334	7.495358711	4.458426076	7.093625518	9.43154744	8.772358905	6.927838424	7.2246157355000005	6.74816347	6.375490189	4.377767305	8.204221628	11.564548885	7.475967651	11.81884572	7.259099815	8.613402626500001	8.828899749	7.728454833	11.94322058	10.44697546	6.324863105	7.031901019	9.193948544	5.324280477	7.978966009	8.3971267025	6.202683212	7.958419184	6.195944492	11.1607472	12.38323039	6.245293318	8.797347079	9.262190049	11.45526958
GSM3737761	5.8780875	10.17178261	10.61791116	6.435017319	4.466682469	11.94742445	9.676225049	8.405788095	9.124313589	10.46346573	5.511532734	10.99979151	5.747855661	9.523649546	10.19997504	4.687543947	10.71720239	4.746694017	6.574197693	9.340341343	4.484492013	8.15537904	5.890902258000001	7.805501377	6.132926539	8.939894122	10.37521358	4.90092314	9.104201011499999	4.653413835	8.599187976	8.502690521	6.88143136	9.846221501	13.7465583	11.38657344	9.548817692	5.999860013	4.727962988	11.0786646	11.92451094	10.349808665000001	8.693853169	7.596425825	6.697764085666666	11.61849829	6.806259583	5.991617624	5.969748586	5.975933456	11.60867735	5.363194694	8.36592778	12.48403113	4.471835296	8.136792231	5.424181626	5.015933109	6.290209003	9.620248274	12.46609557	8.543389945	7.354579052	9.303438054	9.940143649	5.417530129	12.2587034	6.3125229765	8.437021171	8.13076037	9.954430951	12.7358757	12.48648277	9.2103072365	8.0000054125	8.226702682	11.70131927	6.302541852	6.12041946	9.19335312	6.556392666	8.363413394	7.844819502	10.29189961	8.95512284	10.73918982	10.06941186	5.201878675	7.754966804	9.725257779	6.092161328	6.096823737	6.094846251	9.9643725845	6.977564933	10.98867278	9.4741296005	10.63196889	10.31057479	4.759978886	5.313971458	7.577207705	7.887423081	12.91253998	4.589128317	7.012555736666667	11.14991004	13.06270973	4.497462937	12.24066298	13.251428	6.247539993	7.01885968	8.308670361	8.800322654	13.07160124	5.680823874	9.114877651666667	8.62231459	9.510506429	11.77391942	6.6754579425	6.732293206	5.720732027	8.621013587	9.513891947	11.56538024	6.5675654765	4.414258692	10.01065179	8.607707502	8.67341913	8.793929736	7.69735783	7.589467002	5.427470192	9.489509106	7.064470858333333	6.322489669	6.404093087	9.235468573	13.04693994	7.006593721	12.2209378	8.252778254	8.25565267	10.02800085	9.238897045	7.7137941735	6.898171795	6.031310531	6.024839646	10.06092654	8.672628801	5.601467799	10.74436339	6.557725323	4.403398276	4.896910411	9.828788377	5.020093035	9.45255099	6.877359531	8.653281369	5.288301804	9.051653336	8.731364188	6.668011813	8.856648538	8.876609345	8.392612133	6.722243979	10.5850485	8.784729913	8.149577242	7.504768501	5.693937826	7.259595166	9.417553457	6.863229945	11.14114847	4.88173777	7.653958707	6.198320446	9.290510653	4.944347061	6.295594882	5.464675019	6.155438306000001	6.677586029	9.840181894	10.56805992	7.458730409	5.420804851	7.265516387	6.913748342	7.422900474	7.155344243	6.770662495	7.918996752	8.392612133	7.36881016	7.899482168	6.254841206	10.28972341	6.970799723	6.231459339	8.2391933145	4.42860325	6.342258049	8.757042346	7.943320044	5.873314776	5.623243056	7.936404209	6.712434893499999	9.093528018	9.147392826	5.296557295	9.966829707	5.420804851	7.381848423	5.038321256	6.231459339	10.71849087	8.882948349	6.357559327	5.8136090595	6.764566139	7.691528338	4.408705061	8.15537904	10.674924133000001	8.654203015	11.8230745	7.74495923	8.16138839	9.338798811	7.947341054	12.29042902	10.47323845	6.405299252	7.604984787	9.985231049	6.198320446	6.848582497	9.407434617500002	6.688241543	7.155344243	5.13126836	11.12919491	9.537108969	7.704868352	10.27665986	8.206784931	11.44463904
GSM3737762	5.836989934	4.479463893	4.442406209	6.288181698	4.437746881500001	11.18474939	6.721510777	5.166357124	5.519340413	5.539306605	5.640873316	11.24493586	7.066245053	6.081249353	11.07410515	4.595969445	11.84332974	7.293221583	4.58754882	7.307802266	4.554288857	9.242173993	5.233535856	6.983099283	4.994805481	7.431905826	5.858565225	4.888382079	6.7862181785	5.602641156	8.201582295	6.302541852	7.836394946	7.496295382	13.65769654	11.69523721	7.245051503	5.415227386	4.833258705	8.637375445	10.9813524	7.7973551525	6.379259206	5.085222014	5.388140905	11.75678424	9.066087504	5.029940157	7.253383629	5.793580971	10.90295908	6.992406116	6.14680036	13.09414019	6.721510777	5.668649614	6.300627141	6.154489466	7.031206074	6.909198044	12.42726293	8.707267086	5.116558484	7.596050834	9.789752509	4.845908033	12.68442216	7.6103238730000005	8.122413848	6.808600888	7.727593617	12.82648917	13.35766898	5.965058234500001	5.3689712305	6.83102214	11.86744281	4.749767188	8.334811326666667	10.18918868	4.903656773	6.502258299	6.429683933	6.953421956	7.939823428	10.13405913	11.13004338	4.922410179	6.510449333	7.154163036	4.620451591	7.182139794	5.445087598	10.44404692	5.827747938	11.04459113	9.4301103335	10.44763203	9.366920705	4.737986113	5.900760714	7.054394019	9.15416384	12.64650623	4.884459671	6.264381204333333	11.354357323333334	12.89561983	6.373398071	12.468602314999998	13.34151155	5.569478158	4.48171926	6.305964843	6.413379328	13.15578767	6.444098617	6.396421386666667	6.486883589	7.320902989	11.71134473	5.6461507655	4.892475425	6.130933618	9.003198425	10.22109626	12.00960278	8.069981503000001	4.541275311	10.43310931	10.1537841	8.979081706	6.292837368	8.325337776	8.89629556	6.313542542	9.415297015	7.764948120333334	4.720172028	4.653151004	8.458728707	12.69696909	6.621394072	12.19287435	7.801121587	4.663032945	7.745925663	9.468861372	6.7040781655	6.594361906	6.356633525	5.5516783	10.94481567	6.019141713	4.663032945	11.01340317	5.970072247	4.474837732	5.199771592	10.83516871	4.653151004	8.393814526	8.410309559	7.74120993	4.395574196	9.374052081	8.996432483	4.82187986	6.550873392	10.5540031	7.281731072	6.207927608	9.747101851	10.82260311	4.833258705	8.578560991	6.465981241	7.557131777	9.633405663	5.199771592	11.00730684	6.269417045	5.56558589	7.19838261	9.358640667	4.626167348	4.892475425	8.448108902	7.4581337105	7.328935718	7.0070028165	10.80977056	8.304436405	4.417726735	8.132086775	7.954159336	5.737730554	4.557200576	6.177116666	5.851897854500001	7.416576748	7.853815699	8.544098695	7.520029365	8.841514876	6.108218154	5.183574018	8.636578973999999	4.676009306	7.437920207	8.688071413	8.566850419	6.278370133	6.983151517	7.862630245	6.2539447045	9.497873599	9.048557538	6.053721729	9.61599528	4.611343562	4.682135803	4.938225806666666	7.469191527	11.45723385	7.204896106	4.690922391	6.5237280555	4.935030611	8.491030068	4.325540081	8.895574962	10.708592778	8.613221214	11.4374887	6.039375755	8.0946482185	9.45255099	6.881533327	9.597264811	11.06947068	6.183292422	8.606805771	10.87263072	6.087682731	6.664830921	10.570000403	8.652037893	7.911522434	4.713600377	9.227858825	10.76849872	8.423027899	10.26470392	9.004410385	9.699975251
GSM3737763	5.823547109	4.597439267	4.459704069	7.379747464	4.407722869500001	12.14319914	7.634288458	6.54854738	7.17051868	5.067970397	6.502382628	11.41464995	6.531607245	5.381872133	10.90162972	5.689837662	10.387868	4.961177758	8.767459964	8.013833834	4.816615192	10.91607608	7.3424550395	9.538404985	5.855899148	7.150079375	8.204993389	7.040796544	5.711871105	5.640386669	9.304346326	6.38051336	9.856077585	8.42861272	13.54263125	11.16526681	7.498445342	5.778361609	4.686141811	9.502362343	10.62967242	8.039975828	6.811012013	5.844775351	7.81501454	11.72944678	10.76714465	5.613340136	5.941638692	6.246362657	10.54316568	6.722094522	6.251204346	13.251428	5.816528081	4.966200506	7.964186809	8.574705464	4.505618019	7.00010447	12.66928274	6.869271217	5.286168649	8.799375728	9.523970062	4.899774993	13.06058518	9.318259327	9.183490387	6.893338172	8.712820362	12.55834722	13.39652188	5.4539144915	5.584676824500001	7.372378988	11.67563866	5.661707527	8.340004344	9.056911153	4.926419212	6.555170648	5.746205443	5.765627529	9.302393548	9.305968855	10.83279353	6.794224935	6.915598061	8.088105802	5.33438594	7.642577474	7.235095751	9.633029002	5.899062981	10.65333484	10.129797270000001	9.960276362	8.79341669	4.611512159	5.101683708	7.629272357	11.00495222	12.46609557	7.576735469	7.021772834333333	10.451714608666666	12.80119537	5.694190136	12.30872778	13.3232508	5.670839601	4.887134846	7.367814217	6.18164744	13.13643611	8.459313714	7.252894996666666	6.43267932	7.969304961	10.7004604	4.9519966075	6.178698043	5.539075646	8.704332002	9.121460223	12.04964612	8.3158914855	5.434807687	9.630464133	9.377000118	8.076364119	6.188257354	8.610602544	7.765289832	5.632392474	9.728393369	6.625335511333334	4.93640297	4.850129157	6.406911807	13.28497542	7.049563821	11.91745511	6.783638061	5.053477203	6.994694014	9.527214089	8.728730641999999	4.908678805	8.612785575	6.583433813	9.304843019	6.656676281499999	4.743930151	10.9462559	6.113306704	4.363626927	4.961177758	11.19981412	4.956378797	8.010811273	7.826928432	8.353569105	4.546521279	9.820188768	10.2469279755	4.500238899	6.255813537	10.50750757	8.535805509	5.176683587	9.109808618	10.25470374	5.841831121	8.29730272	7.481348716	5.627879802	8.368396866	4.442706834	11.05863811	4.767362914	4.705520627	4.401091877	9.224348179	6.78179544	5.042877127	7.871404098	5.547682409	7.934126363	7.3249855245	10.48869355	9.202123565	4.584756584	8.280262811	8.101313126	5.868860691	4.941055233	5.648818481	5.5156298835	6.555170648	8.692916571	7.967760015	6.908022154499999	7.862630245	6.361768523	5.941638692	10.070513141	6.330644299	6.767534779	9.588517302	8.859870892	5.808476575	6.1219778665	7.716340044	6.3211426485	8.434135303	9.159702914	6.228616441	10.0203606	4.845445782	4.552379736	5.983154445666666	7.105874671	11.64336462	7.411602773	4.505618019	6.520720161	4.802715267	9.11991081	8.989559772	8.678737296	9.927339011499999	9.072899923	12.05178173	6.575001814	7.9905289275	10.09657777	6.377769046	9.99128105	10.4783482	6.572398622	7.763225499	10.80352733	7.750455061	8.012059375	9.9218614565	6.672054328	8.508998755	6.271577857	9.381301622	12.31599203	7.089614873	11.18911344	7.458730409	11.06800211
GSM3737764	11.54219277	11.04459113	10.85237093	4.529586466	8.5737815545	9.735108018	9.383585949	8.440862241	8.26880464	8.275990593	8.300921624	10.76214487	4.639894268	8.07966199	10.92373021	8.112992729	10.64738338	4.871125152	6.997519392	9.360765851	5.369427484	6.74627495	8.680878853500001	6.806561684	8.41274139	8.59501764	7.436493789	7.431104914	7.9966331135	4.469054013	9.097416016	8.844110397	9.300509622	9.088302121	13.58488638	9.505275856	8.796595315	6.120128422	5.372927592	11.05988606	13.93300532	9.371909602999999	8.336152716	7.83420041	8.024265549333334	11.17786713	10.70511207	5.619899566	5.278803786	5.850671507	13.53587515	5.363417112	8.547520755	12.32957311	4.332243905	7.214641894	6.503302327	8.559061948	7.666992484	8.866982326	12.69436804	8.229579403	6.58133239	11.01791676	7.005050192	6.96763886	12.44332479	6.3444761215	9.898087867	9.304843019	9.530999409	12.72649481	12.40419129	8.2289451195	7.211001360999999	9.070771963	10.4351438	6.809217448	5.818980660666667	8.507389562	4.879239867	9.391966051	7.441339597	8.248001161	9.73887143	12.1225134	9.71479626	4.836092099	9.46172648	9.017666485	6.469758791	6.621813768	8.327463284	9.757383982499999	7.596251098	10.43745397	10.89566034	9.908322089	11.68850666	6.167834526	8.877136796	9.599410977	11.29147585	12.45072063	7.691204795	7.759392019333333	10.604073260333335	12.68161306	4.593646364	11.649012015	13.29435592	7.02498839	6.040529156	8.138665908	7.967129562	12.96541585	8.911945918	8.612690459666666	8.074101862	9.658058773	10.81283349	6.193308785999999	6.745420807	4.735012716	7.38945566	9.994475167	11.27011577	5.9890000145	5.057440805	10.06483944	9.366233178	7.37475784	7.926313901	6.915044017	7.449560501	4.727038889	11.25991419	6.594527346333333	5.183456327	7.741775229	8.746044128	13.11856378	6.481755689	11.79704334	9.620883998	5.278803786	8.6738718	8.865977753	7.2341525325	7.372546769	6.250868916	6.109502856	10.02637632	8.068685136500001	4.500833095	9.863129436	6.014067368	6.96763886	4.930109729	10.76467284	5.346608542	10.56561869	5.379547541	9.695763689	5.58349954	8.474575883	8.0978628955	5.519292908	7.322645492	8.65550053	8.562492467	6.982546803	11.48218345	10.4927158	6.401873239	7.035554019	8.448460064	6.178424484	9.194664268	6.099861542	11.21789896	4.844497939	6.985639158	5.733101073	8.269457397	8.279851873	6.212210803	7.888716794	4.3746020565	6.302332405	8.5427684875	10.36491196	8.807468629	5.112346945	7.329552491	5.954066186	7.028946628	6.851981905	5.689066193	7.3803655065000004	8.956082817	6.491534107	7.413772459	5.620417069	10.19212698	7.17051868	6.904884186	11.24060024	5.646374096	5.754383148	10.4743153	7.30455951	5.326333433	4.897386923499999	7.134018723	7.158678295	8.597182478499999	8.632911531	5.473941224	9.684856166	5.529559133	5.959642735	5.472064269333333	6.189318314	9.434520505	8.350791418	4.682796297	5.605060291	6.559710055	8.223324993	6.614600939	7.718325222	12.167252375	8.430539226	11.33955306	6.90805353	7.5571852925	10.3889903	8.226702682	11.35621862	9.420203455	8.575400968	7.660232892	11.02050537	7.544738277	7.814034298	8.962225224	5.224384441	6.847949923	6.159659443	10.24458917	12.26388013	8.181928167	10.16574435	7.898093687	9.189577239
GSM3737765	5.544718839	4.457768171	4.324415126	5.272944849	4.319097433	11.80083274	8.897969577	7.974778435	8.227931252	7.047668098	5.662264415	11.3102423	4.64471941	8.930019317	11.83903726	4.473458983	11.40748293	4.473458983	5.541396081	10.3012567	4.358663131	7.870103942	6.4713693525	6.081992709	5.41894987	8.409226937	8.203964282	8.775692229	9.6063416135	4.55970597	5.949320989	8.803723822	10.69670487	9.683783979	13.65769654	10.95102883	9.9377384	7.146721384	7.044927955	11.51541421	13.14614732	10.291744085000001	9.036867309	7.022193227	6.2406687183333345	12.00722014	11.3304226	6.940141031	4.624950231	8.954886644	12.94846075	4.653328094	6.428968997	12.87998769	4.413286348	8.659802311	8.858194412	8.656776401	8.716906603	9.522761118	12.67714265	9.668770328	6.237287766	7.984601801	9.982623615	6.10430885	12.76152668	6.831092143499999	6.532273097	8.69502505	10.09657777	13.03388537	12.98195872	8.6709692065	7.3404331855	7.927493409	11.9565708	6.269504708	5.7993589346666665	10.39015876	6.427459494	7.939088796	9.134674712	9.702336665	7.807555495	9.74788334	10.65918937	7.398422153	6.266696824	8.971594141	5.872173687	4.733418474	6.470256876	10.6403375455	7.224191633	11.45930294	7.9500403935	10.27394296	9.248519119	5.212564815	6.69328219	7.200529799	11.75197742	12.7128066	7.417170364	8.468230102333333	11.35810552	13.36531628	6.347416517	12.45858155	13.31884521	7.064393593	6.638788828	8.230330216	8.64296512	13.02683036	8.903324534	9.030948024	8.392802169	7.977288263	11.93817746	7.893999535	7.006114468	4.417313425	7.510202888	9.7835449075	11.92674725	8.3092800615	5.620369058	9.828387589	9.996844028	8.946823742	8.203964282	9.286872723	7.6698218	4.583964133	6.445530472	6.291139772	5.966483898	5.216639099	8.523590127	13.21694031	7.417170364	12.19287435	7.275328167	5.707322677	9.076239123	9.397354649	5.731554151499999	7.498291583	4.723508639	8.368806075	9.750884728	8.5206084465	5.428459928	10.80172722	8.000369188	4.400663728	6.519044811	9.098883053	5.082793739	8.378008996	7.302376161	8.087389671	4.772976712	9.36562278	8.18365822	6.782860352	8.468972845	9.494888699	8.348522534	7.341420587	10.03883027	7.962187485	6.740341527	8.935069562	7.68937851	5.490920474	9.294067616	5.907423851	11.32230135	4.66696782	7.047668098	6.843095313	9.868327264	5.765489475	4.948314917	8.535805509	4.4931089935	7.55530729	9.355402551000001	10.33290824	6.52988435	4.962074823	8.563930697	7.784081996	5.936900126	5.754468519	6.956846795	7.43995783	7.462876262	7.779746015	8.367327827	7.809646423	9.662883255	7.560992712	5.620369058	10.311930776	6.519044811	7.288475829	7.178020519	8.739398788	7.617753637	7.523259336000001	7.853217912	6.6909781200000005	9.4003673225	9.004095783	6.160563076	9.96276484	5.541396081	6.61138448	4.614509911	7.32480309	9.104328191	8.654203015	6.71461614	5.8336643015	7.206011067	7.160227536	4.343711999	8.96639399	10.4331430535	7.795626394	11.79704334	7.889113503	8.433134005	7.10256517	7.310469815	11.77613048	10.59566047	5.982710131	7.551423078	8.962764687	5.41894987	8.213078384	9.067947128	6.708385543	8.094319096	6.774874871	10.79985741	12.86147727	7.18354646	8.225126413	9.196230439	10.28399253
GSM3737766	11.39872415	5.485143767	4.356744776	4.405051724	5.6906076985	8.648630584	10.92508142	9.222260077	9.622238511	5.68840341	7.256247011	9.471329947	5.132226106	9.422523418	11.3744374	4.556407181	9.510506429	5.898408268	7.054524035	10.48516463	4.577945419	11.91090927	8.615451212	8.107467195	6.047986784	9.55506719	7.738190086	6.714244064	9.4007031375	4.41921028	10.08976618	9.096322308	8.18490064	10.80472504	12.66070767	9.580022768	10.47079008	6.920419833	4.75576351	12.39851507	10.15955721	10.72593671	9.117296504	8.844618808	8.884259246	9.442619359	9.424611153	6.775876334	6.193431148	8.384410072	10.32242922	5.211793225	8.497217311	11.59307499	4.585309583	9.195694902	6.09647238	7.491868946	6.803517644	10.00353094	12.61878014	10.64295977	7.810262997	9.284009279	6.536383196	7.45954175	12.39094767	5.17127278	7.561732639	9.381301622	10.26939567	12.53678294	12.00216172	8.770713281999999	8.6075274395	9.848339637	10.23742024	7.879333707	6.157185046666666	9.063240293	7.267039248	8.132670213	9.112121529	10.14038365	8.396787151	11.53433629	9.588517302	4.981951146	8.46259523	9.398273623	6.77049044	5.855662158	8.045739179	9.2892703905	8.680824297	10.18357969	8.518120299	9.198639174	10.62640672	6.667804899	7.987423306	9.004907756	10.37413486	12.05178173	7.052640483	9.437564105666667	10.154753307666667	12.71801305	7.856765272	11.414801950000001	13.3127735	6.91126587	7.63165377	9.218340979	8.766069533	12.93444722	7.933419561	10.344959028666667	9.189250337	8.772877775	10.16804644	8.5359962915	6.85267773	5.066259404	10.21476167	7.741156472	10.36572882	9.5564655365	4.401588954	8.919611027	8.789183452	7.003300032	8.867923311	7.111085649	5.973579824	5.49682635	10.28972341	8.291380525333333	6.201866833	5.809365801	9.859351006	12.93658581	6.661568779	11.39687772	8.27110989	7.349796305	10.05069597	7.984601801	6.0181859885	5.314392088	5.097612158	5.657460672	11.70573043	8.439072488499999	6.685900716	9.998180366	8.708408193	4.52901395	5.277509272	9.933951699	6.461358341	9.833224315	7.094576959	7.88242588	6.754941747	8.182546429	9.090657248	6.824181756	8.894858485	7.93604834	9.822741596	8.400205232	11.06644165	11.00567418	7.502242562	6.884817913	7.395256516	8.45452393	9.712431882	7.104947029	10.1363729	4.666819879	7.606065077	5.403536814	8.644349772	5.993316938	6.557725323	7.42596677	4.5855612765	5.956524489	7.9240209605	9.888835029	8.711888832	6.586118861	7.300513662	5.943600202	7.526498411	6.071662608	8.548229486	8.044492578	8.810427557	6.536383196	7.159281637	5.850939821	10.76714465	7.273551812	5.823999647	10.2934526925	4.981951146	5.993316938	9.060667503	7.024168883	6.77049044	5.750831122	6.168680829	7.991650372	8.7829572005	7.956705261	5.66915855	9.832464648	4.610387147	6.822237515	4.790040793999999	5.923085521	10.36899166	9.453396895	7.307446536	6.286024293500001	6.91126587	9.316554718	4.372269977	8.476070672	11.855972965	7.570669255	11.07113613	6.729654707	7.294801196	8.5450425	8.45977696	12.29042902	9.023927284	8.056140354	7.030838365	12.09975116	6.609315711	7.983488872	11.115608736999999	6.45124372	6.697052962	5.358280019	11.09081257	11.93817746	7.919179279	9.904625055	8.320743671	10.34252486
GSM3737767	11.52715066	5.513427415	4.359648327	4.481358265	7.8928651174999995	7.975184601	6.282348654	5.955314015	6.54107077	5.353203243	8.091548881	9.789040943	5.337398187	7.886499332	11.50953494	6.567732691	10.12049629	5.536360829	6.458504424	8.58763064	5.502378199	9.380587098	7.976319141	7.641260751	7.813142513	9.649895896	8.779804489	4.804280842	7.623678496	4.521805948	8.410751212	8.814315085	6.640062606	10.0397086	13.31066794	9.659337959	9.146756659	5.199075133	5.986637529	9.228719498	11.37052503	9.9802201205	7.622081558	8.19419716	9.972571541333332	10.60148151	7.365405652	5.584867314	5.698044653	6.422114621	11.20463539	5.588505603	8.337486705	12.06837841	4.50785685	8.444766434	4.679190299	5.649035548	5.353203243	9.859709319	12.78102316	8.141563808	5.140268907	10.28008915	6.651020265	4.697126044	12.65164099	5.956605617	8.321208909	10.41464769	9.135823891	12.85795749	10.58946965	7.2168847435	8.293849397	8.170821703	11.84115968	4.990252922	8.735455535	9.268566119	6.928689831	9.185763065	7.19856678	6.942782034	9.004907756	11.86036922	10.62640672	4.5347167	9.535080724	9.020340766	5.047664131	7.267205104	7.385034594	10.135372667	6.699903498	10.69793126	10.291159066999999	9.975606034	11.72481087	4.518818393	8.213402463	10.57012144	8.479598815	12.2773874	5.465090809	6.596076662333334	10.445011963333334	13.12050499	7.90858901	11.989942895	13.23297046	4.863794725	6.926072313	8.274668849	7.652963687	13.00092078	6.27571525	9.296761345	7.838855268	8.779294945	10.95948197	6.573034187	6.706048411	5.305553879	7.728954316	7.759218581000001	11.18130945	7.195621523	4.532141521	9.495767233	9.736943401	6.605802012	8.187727847	7.300513662	7.010509439	5.152309713	11.07548117	6.354696313333334	5.34882335	5.330543554	8.392612133	12.93195303	5.309508502	11.79101061	9.609003429	5.174122023	7.820999278	9.053688066	6.9080993985	7.153567262	6.173737829	6.603902904	11.0042299	7.2784987435	6.029471224	9.91098603	6.945113345	4.537717903	4.488368728	9.312705487	4.711857975	10.23458282	6.803941372	8.448829982	4.335944884	9.051010343	10.448687774500002	5.388392818	6.771845676	8.115780087	8.234053471	6.871916765	11.44613392	10.09854604	5.452110672	7.221238674	5.962248219	7.176343536	9.464794385	6.88287098	11.34786897	4.959879204	6.889604074	5.498811418	9.133364066	4.510299823	6.060605178	5.715810366	4.5199991855	6.939186147	6.925675489	10.65918937	8.904985464	4.38268461	8.258212179	7.145299565	5.356409559	6.553259669	5.199075133	7.2124731005000005	9.581811382	7.775667878	8.206388134	6.1661655545	10.97218323	6.946795406	6.822078144	8.777288883	4.4599865	6.339291443	9.730616781	7.724108062	5.058956364	5.1292739455	6.59262675	6.4330904035	8.702682157	8.117615498	4.76586106	9.701584249	6.20482401	5.367819225	5.6686068826666665	6.736428688	9.942604455	8.892828641	5.676780141	5.546571685	6.213942796	7.495537766	4.389654147	7.513554061	12.1574513	8.743529759	11.54400796	5.754605533	7.434391943	8.476070672	8.593357656	10.61791116	10.48621062	8.309648762	8.040186381	10.93465602	6.742083405	6.424260764	9.695676202	6.123160733	7.614624722	4.488368728	9.544305217	9.786225204	8.2229126	9.580737302	7.696593756	8.828899749
GSM3737768	11.52521843	4.496698995	4.470027923	4.375917696	8.470015234	9.427022291	11.69523721	10.62874635	10.54365356	7.184481754	7.599017065	7.459123326	6.405795614	9.692688867	8.504274434	6.4159864	6.25752346	4.44268232	5.275401065	9.3487187	5.040786603	10.0089653	10.577316235000001	8.171228403	7.245457617	9.856548566	12.1225134	5.565309572	9.25683123	4.401584564	9.898468181	8.954395959	6.994853089	10.72075452	11.52303552	8.133254074	9.299825465	7.819273659	7.283743346	12.90058447	10.12669358	10.804010425	9.383242799	9.709619478	8.968428102666666	8.786844421	8.699998557	8.170410204	6.450608122	7.617095482	10.34563844	5.792207683	7.536877738	10.0203606	4.770242781	8.408780395	6.237008857	6.105863571	5.087456656	9.830739494	11.26160519	8.492945968	9.17938534	9.470373743	6.768624048	8.70554563	11.38310909	5.867677208	9.515095917	8.782871628	10.72930731	11.12834595	10.51567818	9.050520469999999	8.071526200500001	10.44937426	8.985900917	8.881156665	6.1816521589999995	6.547848844	6.54985522	9.003198425	8.352220019	11.10710664	11.2934201	11.66956833	8.774275391	5.442420886	9.06762174	10.56692998	8.264036411	6.801174806	10.23017546	8.4632632515	9.564994742	9.646656016	10.65504963	7.739786926	10.94071192	7.762665085	5.878454291	9.030264507	9.463700822	11.75678424	5.571255889	7.437970165333333	8.559853060666667	11.39180739	4.53387043	10.188128753	12.51705626	7.886369134	6.897718149	9.000029053	8.899860074	11.99526612	7.011202773	7.4741353770000005	9.520319722	10.9136428	8.669399338	6.392476567	8.080655989	5.525406779	9.621584307	6.849676716499999	9.557483443	7.6581977304999995	5.100596645	7.208522934	7.920457682	5.408920006	9.122819634	6.734235395	4.726133533	5.933056119	10.14829305	8.106801767666667	7.904389375	7.440020413	8.882948349	11.87862399	7.676022423	10.20661491	8.960661381	9.196824677	11.11338404	6.25752346	8.9924985485	6.632666767	7.034499785	5.701159798	10.28878426	9.126876896999999	5.771668058	9.034480597	7.134703307	6.671023491	7.222517187	10.63936982	7.419182444	9.674751157	4.641798261	10.41350441	8.083628345	8.596109753	7.910711107999999	6.79010271	9.98080289	8.584676385	8.891647332	6.802824614	11.24882626	9.473798533	9.731442607	6.725265394	5.868372069	7.27864206	10.61036443	7.144391626	8.932958729	5.20170911	8.943881957	5.715021926	7.190317503	6.981298487	6.72289145	7.433806213	4.6726205375	6.058306829	9.661804351	8.877606545	9.250500502	7.491451444	6.491851402	6.114944664	9.012157177	6.671023491	7.780976436	8.109435888499998	8.30905422	6.663000582	6.017806272	5.189084265	10.54920197	7.659809365	7.744756057	9.148522455	4.644791	5.215836719	9.915042011	6.970104673	5.478847815	5.192029773	5.080353723	6.3969249855	6.8853206615	6.611899288	5.663648243	8.869526046	5.904692318	8.786844421	5.392279494	5.644980061	10.67464092	9.497229999	6.25752346	7.1383107065	8.156691165	7.921669876	4.403437732	6.849090964	11.523920605	8.106134313	9.614514118	8.13948686	6.4172920275	11.47687006	8.782143005	13.24427926	9.35668098	7.618071128	5.89868537	11.46137014	7.69015369	8.535805509	9.912389813	5.451601714	6.69634307	5.820614206	12.46609557	11.46548823	5.755704508	11.95843992	6.280053542	12.55566526
GSM3737769	6.028849918	9.867891476	4.490102112	4.42199904	4.5236566545	8.66825307	10.1778249	9.887939147	9.772852182	11.53433629	9.004907756	8.230142549	7.296685854	9.530706864	7.35524462	8.322519227	9.29631376	4.823808782	4.668073326	9.408327304	9.672089931	9.093111877	10.314211475	12.110058	10.66539967	9.130312873	9.899553452	5.124458694	7.809915867500001	4.534733266	10.36491196	9.052924318	8.085305908	10.1623112	12.77151651	10.22637945	8.531746549	7.631157335	5.394576868	12.08358836	13.3232508	10.680372805000001	9.891970195	8.579983817	12.488229676666668	8.428396809	9.27623323	6.993892484	6.071038944	6.505925631	13.35088875	6.698153328	8.244975228	10.36161702	4.52320908	7.318541853	6.230438941	6.797646645	5.178270685	9.342768938	10.60472107	7.619584943	8.366144136	10.88798364	9.087473611	7.905010226	10.74206719	9.3944718665	9.928269914	9.036309284	11.23097917	10.58267703	12.6162031	8.098684815	6.860309148	9.775970118	9.547432594	7.588136024	7.282698267000001	6.947355657	6.642713941	10.7114993	8.344200643	6.64084591	11.81210144	8.784164156	8.99307666	4.756694398	8.584179178	10.70400168	7.811360633	11.14114847	9.95932264	6.4499832025	9.177615659	9.791289923	12.339188335	7.152769657	9.863129436	6.508370852	6.450771343	11.97009948	9.750884728	11.09507401	6.504055877	8.028358265333333	8.025626974666666	11.87657412	7.642889549	10.588811068	11.89992724	6.865151984	6.998577484	8.769787572	9.25475528	11.52134734	7.604011834	8.346556471000001	8.768237399	9.952263331	8.021823801	5.5667889355	9.363771788	5.489365406	9.844535613	8.273888382	10.93893089	9.229551890500002	4.558979531	7.919179279	7.635581329	5.582263205	8.980677805	6.512310824	6.34761952	5.506986224	12.49281157	7.641770498666666	8.750298383	8.148767308	7.369937156	11.32735255	7.038952113	9.577395188	7.752338121	4.827201217	6.444098617	8.350975536	9.5892363465	6.152050749	7.712296982	5.377309464	7.028192692	7.913633892	4.549175568	11.88712298	7.699831953	8.518382965	6.142871283	12.6335695	6.661412902	9.862330466	5.302683283	11.10710664	7.674658658	8.420380896	8.621258201	5.381585914	8.115538982	11.17641141	9.810994799	5.33474254	10.25973824	9.05214601	8.984278127	6.392369286	6.778370615	7.436311592	9.552094471	5.714267156	8.864356727	5.633663203	8.377406666	5.531055524	6.020447743	6.351875997	7.442782828	6.283935317	4.8652889550000005	6.674102478	8.359373040000001	8.13076037	10.72817111	6.959016604	6.208507131	5.988555893	7.767091159	7.124141763	7.727426985	8.153033733000001	7.93117086	6.88020719	5.724249826	4.881932938	7.760192515	8.836461094	7.191222711	9.688361224000001	4.551568804	4.554086432	12.76415722	7.019010319	4.373525786	4.641487649	5.954744735	7.077832131	4.9741896515	7.483277507	5.021822382	8.751027567	7.846109979	7.423946634	10.211572659666666	5.073934415	12.12486542	9.044772329	5.480001555	6.961382179499999	5.980617365	9.048557538	4.435976374	6.111171334	9.631006559	12.20876682	9.332880155	9.666626973	5.0060436720000006	9.786924551	8.96310951	11.77391942	8.605417392	9.349241826	6.098480497	12.47692941	9.62454398	8.521387366	9.010299321	5.052306188	7.388339329	6.14898329	9.853276897	10.74323372	4.970972854	12.20531547	4.767159501	12.85795749
GSM3737770	11.31567291	10.25559281	9.679335123	5.49903701	8.3493135775	10.61564103	8.452590452	8.251970024	8.134235879	5.044825844	5.103829749	11.2934201	5.534925654	8.450815598	10.8713092	4.854736189	11.68402954	5.040739193	5.717352557	8.725490164	4.432172578	9.094272634	5.0238314509999995	7.577907903	5.490607834	8.645447906	8.472635415	5.692598306	8.8498579755	4.64754759	8.655131528	8.053628391	8.222276176	10.14293257	13.59968193	11.38133256	9.324424113	6.373398071	4.400500618	10.96230101	12.66070767	9.7360074465	8.77406944	6.964339645	8.550502509	11.72593221	9.413374277	5.868937792	5.75167926	8.719937423	12.57633866	5.243904465	7.418993656	13.04263839	4.747802433	7.623050028	5.358206545	6.839773278	5.103829749	9.362170772	12.47429214	8.20256464	6.057325517	8.837202152	6.876330183	6.110558074	12.10749218	6.406849598	7.788547728	8.524698408	9.733315319	13.04065697	13.20368764	8.255049193	7.332774542	8.165597416	12.32957311	6.361448529	8.432028832333332	10.16053313	6.580304088	9.159173357	8.083628345	9.016400321	9.301211492	9.631791689	11.05863811	4.679102453	7.576160707	8.881652189	5.972335744	5.906717788	4.995452961	10.19323469	7.19838261	10.78394112	10.13910424	10.77360105	9.590039032	5.116420153	5.560778915	9.02530079	10.13853833	12.9245763	5.877601969	7.218419457666667	11.497591713333334	13.15367173	4.671840101	12.478544795000001	13.34842947	5.923669896	6.154236282	7.966372655	8.173374713	13.10035728	7.210822488	8.621838542	8.461883969	9.031321839	11.79510625	6.723192187	6.822237515	5.184265223	7.668418916	9.50103651	11.9453006	7.253557974	4.432172578	10.20772855	8.544348285	8.292503293	8.143324208	8.586665453	8.831455367	5.289258324	8.854840464	6.602151989999999	6.042343043	5.996450977	8.027580055	12.84962777	5.816825864	12.2442142	7.708889159	6.663000582	8.513612048	9.387357466	6.8917945	6.54078026	6.942946937	6.561015778	9.843377057	8.216833179	5.625330016	10.95501406	7.097948696	4.89867025	5.231110203	10.73189078	5.349901941	8.900926222	8.256807713	9.093635312	4.917271895	9.308490484	9.262299312	6.327026747	8.360928901	9.216202468	7.98674807	6.317278829	10.12882391	9.641376115	6.438417595	8.260242798	7.145299565	7.356249275	8.793182965	6.398777514	10.65560889	4.987057008	7.052323488	7.151898111	9.620248274	4.711961012	6.335686235	8.911945918	5.1785731655	7.729676666	8.1589882655	10.56805992	7.858491978	5.073761523	7.82561405	7.834417708	6.457635647	5.957371168	5.847883086	6.8845227885	7.597881061	7.449560501	8.23780199	6.9247877424999995	9.946124814	6.878056003	5.913768671	9.619742156000001	4.478316221	7.0152919	8.788656821	8.471712883	5.332244203	6.216465414	7.143743507	6.1173052514999995	9.050157331000001	9.548239726	4.871417798	9.799999785	5.099499286	5.872173687	4.916517587666666	7.204050401	9.929019324	8.791488172	6.236919197	5.3570233940000005	6.682503048	8.341038764	4.592358063	8.634765298	10.235014385	8.43373712	12.17311355	7.834417708	8.332315593	9.532384131	7.322443639	11.66117773	10.16974092	6.402921433	7.695321817	10.20551187	5.972335744	7.485786537	9.739825548999999	7.311974354	7.79748522	5.247457505	10.37306667	11.63098038	8.724525927	9.816075153	8.857956375	10.21324652
GSM3737771	11.26917503	4.50697443	4.430604643	4.411685518	8.9829484415	7.462876262	4.474879538	4.641450587	4.856633436	7.305063256	7.102127704	10.78516967	4.824357973	10.25869226	8.416282495	4.947085933	11.17133117	6.274473336	5.018251043	9.691005371	4.654978333	12.28294266	4.8248637115	8.382384901	5.982941288	9.878029989	8.753761343	5.654484712	10.034091764	4.472156578	11.84115968	9.521917623	7.906539262	10.77360105	13.11657661	10.22686045	9.958894618	5.67947604	5.831776044	7.420823417	8.994340297	11.111610025000001	9.476552985	6.185658315	9.901452120333333	11.03812608	7.782794863	5.012088968	5.953666179	8.521113319	9.228134497	5.157390801	8.080461686	12.60781594	4.346259621	9.304594694	4.935295293	6.291389482	5.511652935	9.7132646	10.71267199	10.96230101	4.447459662	9.138703505	6.860503743	4.495240431	11.51734497	5.230672178500001	7.604185624	9.621911446	10.65803097	11.88291287	12.62627572	9.556486961000001	8.370395249000001	6.476845731	11.09081257	4.396266786	7.19464072	9.39008026	8.58488528	10.74057477	9.463387919	8.7777892	10.59202569	10.25249284	9.776742983	4.376225327	7.69755331	9.658058773	4.768238217	6.514301443	4.846387147	9.671663777500001	6.54618545	9.288248237	10.332083471	9.136643792	9.700802547	4.754071867	7.38728946	9.821855178	9.606173649	12.32957311	5.157390801	8.622296305666666	10.658962865333333	12.41245486	8.36592778	11.489927745	12.78864089	5.19634366	7.462876262	8.382384901	9.56468222	12.39360582	7.021221738	9.010681586666667	9.220312567	9.161050239	10.79457062	8.686065385500001	7.338131869	4.941241943	11.56321612	8.9335416855	10.69915253	10.881373815	4.957461334	9.294579824	7.111460636	8.333094297	9.196824677	7.15095202	7.77726832	5.335104073	11.10265642	9.933425392000002	7.129056488	6.797788478	10.83809422	11.7155501	5.270209935	11.06644165	8.515255902	6.490890954	8.601688567	8.975944665	7.4382020325	4.787586217	6.000951586	6.144943363	11.82091377	9.2006413845	8.221161129	13.16785992	7.904806441	4.578612154	4.469292522	12.54735871	4.641450587	9.795826425	6.285727834	9.229798685	4.416368557	7.73695079	7.9777983035	7.733551348	7.464268334	9.415754747	9.327475217	8.042183176	10.76214487	11.97642314	6.443831065	6.441230638	6.65868603	9.586693992	11.54776796	7.305063256	10.11019223	4.754071867	8.091082154	5.572961778	8.152279023	6.140039955	5.722864546	5.906522244	6.0428667975	5.748679779	7.370276631	9.800727873	9.869167915	4.472156578	5.645134143	6.309351311	4.830483456	6.609792791	9.454588254	7.923643051000001	7.982247315	6.441230638	6.819572371	5.795454039999999	10.11506519	7.526066353	5.961814301	8.615146640999999	4.466436313	5.591369305	9.517367767	6.858484845	4.646071425	5.100130359	6.320573064	8.535442570499999	8.732968629	6.387441151	4.555475099	8.267742061	5.264097528	5.611746122	5.823101235999999	5.865046069	10.23986252	9.539055587	7.959062513	8.6488278505	7.462876262	11.43272234	4.326263372	9.449122627	11.843969730000001	7.549948261	11.18759708	7.649225473	6.943573023	10.80874292	8.387608547	10.82629598	8.873480636	7.104253636	6.320573064	12.67714265	6.65868603	6.942195562	11.583779845	7.098107753	6.053506794	4.548757127	9.898848394	10.83057867	6.628474376	10.60588641	9.282788963	11.58169337
GSM3737772	5.85441601	8.889215251	9.429357479	10.03057791	4.6191381655	13.07160124	9.149950562	8.380789767	8.647598576	9.087171086	6.056340237	11.43923122	8.359696485	6.723403529	11.54585432	5.849616567	11.36382951	8.274013591	4.807122766	6.553075634	5.654021238	10.0771132	7.9290563689999995	10.04461383	6.545839674	7.094417513	8.793650377	7.978796237	6.492856289500001	8.335533498	9.277350123	6.154995698	10.39172233	7.764490818	13.53587515	10.66047591	7.163397029	6.313542542	6.789776769	11.10412634	10.29713349	7.934905289	6.662844859	7.609985898	9.095855113666667	11.57806984	11.63884375	6.15722944	8.59851354	6.607613868	10.24094893	8.765275387	6.430781803	13.0176664	7.551939709	6.214135112	8.491030068	7.821620528	7.337216746	7.411955789	12.85241612	7.739604118	5.767758715	9.101945309	9.601867294	6.098787511	13.08789251	8.872659455	8.99144478	8.482765522	8.257348054	12.79593858	13.36021952	6.444830699000001	5.7282434339999995	9.090357531	11.81210144	6.445797709	6.461649324	9.735781469	5.286709369	8.983370411	6.030667042	7.603679645	8.939681433	9.158613365	11.20130068	7.19838261	7.309124812	8.195607502	6.21983219	8.407792186	7.699318668	10.901807675	7.041070438	10.44582952	10.85705026	9.069998163	8.131315197	5.212315248	4.538228033	9.472250608	11.39872415	12.46092775	6.414947659	5.421763643333333	10.51129187	13.28852876	6.257169848	11.971304875000001	13.38328673	6.892996809	4.672155195	6.197460639	6.651154446	12.83612457	8.365169139	7.2521257456666675	6.455873413	8.100869807	10.504372	5.228757509999999	5.250391878	7.816902972	10.55986589	9.920454436	11.46375366	7.948979839	6.274104437	9.368388002	10.19682033	8.547520755	7.139134539	9.584790095	7.487039418	7.380415053	9.845380437	9.585688577333334	5.089263195	4.970972854	7.887765766	13.32776352	7.315356198	11.58712796	7.262710507	5.888065178	7.282266987	9.683041931	8.227227867	7.673359862	8.385464286	5.212315248	10.27806814	7.0048993885	4.714766683	10.93755459	4.990095216	4.582756191	6.056340237	11.48010598	4.647629471	8.131315197	7.623050028	8.781362782	4.689284581	11.40748293	9.731265432499999	4.979606713	7.539258982	11.23097917	10.11716269	5.440054994	9.191480552	11.0920096	6.465658204	8.478301529	7.246254655	8.187171098	11.30858369	4.498479232	11.47830423	6.940398008	5.698738968	4.367037381	9.693056558	5.332101622	5.161730758	8.234310495	7.275791584	9.098883053	7.663668209000001	10.59928515	9.210255059	5.176412677	8.539162441	9.043753287	6.523821632	5.189167273	6.222008099	5.751602001	6.304995822	9.91098603	10.07034725	7.5392355525	8.875918572	5.989502287	6.667390981	9.3543799225	5.821796731	7.789787646	10.46128961	9.435145861	6.348126902	7.2486679695	7.021383698	8.111422482	8.2068394845	8.944098604	7.443542753	10.28298812	5.161730758	4.867912516	6.794018818666667	8.241314852	12.51015501	7.24404563	4.689284581	8.1197441375	5.049513164	9.975606034	4.357631695	8.850009025	11.135896865	9.445896206	12.31599203	7.159281637	7.611042016500001	11.247242	6.455873413	10.51675255	11.62871888	7.212738521	9.195225824	11.05383179	8.048690631	8.659555194	10.580721556	5.708233727	8.897374053	6.368259068	10.04461383	12.65598765	7.824394611	11.67176536	8.378008996	11.13187564
GSM3737773	10.92215579	8.708145908	9.132076334	6.742588718	8.454392438	11.7480281	6.760067031	6.808359553	6.063147165	4.927889833	6.344047185	11.75405592	6.907715632	8.516602466	10.07304238	7.29737389	10.97851526	5.071435112	5.519340413	6.835568829	4.367464984	7.923822033	8.2563063785	10.11422615	6.623491331	7.059534852	8.736648203	7.608592878	7.5817600925	5.424251063	6.687797005	6.293163182	10.43099248	8.753761343	13.59186732	10.22637945	6.588814535	4.873717933	8.338810179	8.994858825	12.15868421	8.502377812999999	8.030953868	4.909849648	6.281975402666666	11.46548823	11.62238127	5.807247905	8.258982581	5.277031929	12.14319914	6.413379328	7.809633581	12.84962777	4.500760946	6.36941376	8.1909867	8.362269871	8.737627259	7.682664721	12.6162031	6.894525992	5.099132202	9.661820581	6.947757443	4.507440518	13.16785992	8.776342183	9.162632331	7.609631998	9.329251858	12.67908153	13.32557685	6.880469474	5.416349469	7.197374374	11.17133117	4.934254995	7.974466961	10.03883027	4.545277591	8.416036132	6.68414808	7.421117191	9.466779403	8.068928822	11.00276001	7.146928174	6.687797005	9.193650863	6.037043354	7.535497325	7.835358953	10.333253959	6.304748712	10.79738027	11.0853672	8.960906647	7.955906203	4.890606408	4.78464653	8.450145436	11.81446023	12.81711155	7.424742783	6.453755791333333	10.590167116666667	13.29876374	5.493810821	12.37745914	13.43760988	6.008055713	5.277031929	6.243231616	7.397468734	13.05085319	8.298837748	6.61433453	6.803362918	8.206001405	10.352575	5.054523251	7.409434238	7.431266003	7.575412386	9.9041147545	12.49784158	8.6774721085	4.523983485	10.53120568	7.959473127	6.857487296	7.376838947	9.225061539	8.427471731	5.719191799	9.433546101	5.423701127666667	5.501354359	5.199861138	6.694748161	13.1325459	5.973866777	11.44463904	7.021383698	5.661055047	7.950330487	9.841667368	7.177783525500001	8.212521202	7.234736598	8.149799497	7.284601448	7.200522015000001	4.39678136	11.23887796	5.853220863	5.253253296	4.520149525	10.93755459	4.645914297	8.033273278	6.949849788	8.413356422	5.173577319	11.36382951	9.970604902	4.564690968	6.991272617	9.877255209	8.072076195	4.868297953	8.897674997	9.298449017	7.875287948	7.482255746	7.965152357	6.116288946	6.9638943	4.822400147	10.85359376	6.287152544	6.125874721	7.871404098	9.958466469	4.761501219	4.896910411	6.099521882	7.129748612	9.040500636	8.952216645	10.40473123	8.335323524	4.448280001	9.225061539	8.702935248	5.934906542	5.111271236	6.455719329	6.120108484	5.218871728	10.13263481	9.198639174	6.9395158235	7.122320034	6.803362918	6.801174806	10.2570280875	6.048645313	6.666932576	9.501337334	8.845654292	5.824325649	6.280741421	7.310010571	5.063164678	7.9802238695	8.195833029	6.380964228	10.08501442	6.13127668	5.760891591	6.250331283333334	7.6983422	11.58441641	7.366471562	5.246383823	5.0846759505	5.239246899	7.548516085	9.01361026	9.307328663	8.886386555	9.528602447	11.55155001	7.033513608	7.5153412374999995	9.366233178	7.685660596	11.74224149	11.31919868	6.344047185	8.690944729	9.956624055	7.002438807	8.702935248	8.9570480485	6.160289943	9.273095977	6.410255213	10.38702879	12.63113567	8.099308895	9.915042011	7.544408254	10.29076873
GSM3737774	5.787555398	9.465479036	9.539750316	4.415726702	4.4450019505	9.602186367	12.04057432	11.23887796	11.02486544	8.41162308	8.847504035	8.074101862	5.250307531	11.12234735	6.57351147	8.084093607	8.451824451	4.396001459	4.388628241	8.707883576	11.21621972	11.40132075	10.156643209999999	10.93304429	9.255623417	9.470373743	11.13497028	4.987333553	9.7242278125	4.396001459	10.17124444	8.418405628	7.113838716	11.4374887	12.18142179	8.880657782	8.733470501	8.164497908	5.628314239	12.91253998	12.43507329	11.39656883	11.19981412	9.26654109	11.719827893333331	8.056924975	8.825488514	7.56707589	7.187124169	7.608230934	12.34031427	5.020636796	8.629690153	10.109383	4.298056093	8.041995025	5.260741787	6.497218125	4.375132776	10.46705027	9.324424113	8.818638422	9.145941014	10.06004414	9.480005243	8.707883576	9.902814581	8.453075879	8.476328093	8.917797522	12.07587068	9.988021729	11.38494554	9.148632220500001	7.3352417945	11.38833319	8.841514876	8.743529759	7.193213443999999	6.44436612	7.052640483	9.198947335	9.343997393	8.168791703	11.54400796	9.378757476	7.948831983	4.49215407	7.454234153	12.06056702	8.957053353	10.19337507	9.589217888	6.485578572	9.930252845	7.84572459	12.129554285	5.576465941	9.985231049	7.113838716	5.601992946	11.96565721	9.103205557	10.5758572	6.304995822	8.213827755666665	7.876337459333333	9.607330118	4.346970792	10.026232109	12.04296914	8.29593091	7.932392546	9.544305217	9.767156636	10.99827154	7.076012746	8.125083929333332	9.900725164	10.38957465	8.721860713	5.449621124	10.36850913	6.502896406	11.0087797	7.2460946255	9.169066106	8.826706839	4.545426373	7.503651008	6.666821649	4.618957863	9.918370857	6.253994235	5.360893724	6.16402524	10.92124992	9.567261131999999	8.954641322	8.250998563	8.132670213	9.965128759	7.555163469	9.240527754	6.666821649	5.992880479	7.7064773	7.44670337	9.398021611499999	5.521278052	6.733338782	5.031253956	7.918775665	9.3128089975	4.919052587	9.017666485	8.206001405	5.921995393	6.403613889	11.58533859	7.626708327	9.750884728	4.813141897	10.12882391	8.05341627	7.333461922	8.08897845	6.54711783	9.434838645	10.89845094	11.86990409	6.194672979	10.04240736	9.090106625	9.7132646	5.187805779	7.107608308	6.870825743	10.90694217	7.157066859	8.373988434	4.870281927	9.002950931	5.127896338	6.735977608	4.674903858	5.187805779	6.414789141	4.8460413195	5.057440805	9.620938679	7.906363881	10.39928783	8.754283464	5.342633731	5.330431818	9.473798533	6.398100551	8.738088383	8.8638230405	6.129002364	6.283472371	5.694353215	4.8290296675	7.993368311	8.889503642	8.001202323	9.6918007455	4.461419687	4.772900169	12.23592393	6.146604019	4.777971024	4.663625023	5.432400689	8.8756242585	5.5746372185	6.776130019	5.171932308	6.990008188	8.116394858	8.657753494	8.720023583333331	4.923880376	10.50750757	10.16804644	6.86535178	8.447882011499999	7.050986813	8.611150714	4.398171544	6.178815977	10.234143551999999	11.69070669	10.1394353	9.632813294	5.019433576	11.05317138	9.661820581	13.07346889	7.768121581	9.079492835	4.977096704	12.50768107	9.292352548	8.832447997	9.639189011500001	5.121915434	6.46851202	5.946252246	11.0114673	10.03883027	4.505228862	11.3524331	5.441380516	12.25607168
GSM3737775	6.080905283	4.600138593	4.526815695	6.655290678	4.429930772500001	11.28677785	7.48208602	7.203387755	6.869271217	5.946824679	6.310610907	11.56321612	5.859419471	7.445764101	11.12234735	7.758340508	12.08119175	4.997327233	4.502082562	7.369937156	5.191732825	8.777534651	6.92150356	7.608046077	5.657698524	6.863726824	8.111309031	5.632090428	6.603143584	4.538212813	9.04501776	6.958225213	8.379260568	8.141771339	13.25573408	11.06800211	7.170737733	5.308069875	5.988390206	9.29631376	12.35244556	8.5143340585	7.430146717	5.404375224	7.8408244426666664	11.83452286	9.419862324	5.352847484	6.177251655	5.702117543	12.31599203	5.533816229	6.260399668	13.10248569	4.440579184	5.747072521	6.159175871	7.803081017	6.899752142	7.750127018	12.90291694	6.935661071	5.079552369	10.00043933	9.798000713	4.615429531	13.23698302	8.981137506	9.581811382	7.881113313	9.563627082	12.69566915	13.21516708	6.99995483	5.789570941499999	7.467218321	11.91325833	4.95942827	9.424920340666667	9.242173993	6.219328036	7.513948773	6.342535856	6.56254293	9.203888093	10.13354215	11.48218345	4.491975685	8.583717053	8.436819525	5.683599802	7.212738521	6.292549823	9.854047967	7.590578461	10.25559281	10.437256195	9.605025901	9.843045754	4.851768615	5.814073374	8.143148796	10.12579807	12.65808403	6.628094597	6.622458189666666	10.420413588666667	13.31066794	7.079078034	12.104907105	13.44353999	5.721612993	4.981804784	6.968893527	6.508866	13.02920156	7.49166021	7.347061190333332	7.363449435	9.158924937	10.73537964	5.0372466	6.384584096	6.076625388	7.638416292	9.245257182	11.88712298	6.331792157500001	5.325194779	9.794353076	10.46756936	8.15625664	6.960055023	7.099850742	9.033371207	4.771442377	9.394118545	5.978748555999999	5.374107268	6.063147165	6.546008552	13.39377001	6.935661071	11.67563866	8.40311368	4.709095471	6.67119308	10.15831238	8.749128254999999	9.054095233	8.036633819	8.218794779	8.509720986	6.852859128	5.198310897	10.97099254	4.92222776	5.219674595	4.901128669	10.7933238	4.9892688	9.007972385	8.522456473	8.514627349	4.398914669	10.06941186	8.614206193000001	4.901128669	7.193770701	10.01254874	7.595101254	5.626788563	9.935015987	9.145941014	6.163595541	5.859419471	7.397321656	6.212048639	8.721129096	4.509280771	11.29668499	5.026542939	5.80949957	6.416567065	9.581811382	7.33571971	4.865512369	7.83560655	7.338662127499999	7.152421102	7.693358094	10.80472504	8.489473353	4.363701679	8.288132616	6.777171716	6.555801754	4.92222776	5.173364531	6.1189809075	7.289364746	8.013397694	9.155916845	5.015607209000001	8.336152716	5.872237824	6.64801145	9.8366715295	5.071963441	5.386331958	9.634224739	7.812591135	5.875888709	5.092678451499999	7.35928193	4.8894983515	7.8488694594999995	8.510178576	5.832409117	10.50532456	6.391510314	5.779592236	5.361784825	6.770662495	11.56733418	7.948427455	4.585506573	5.709087474	5.726287185	7.714001458	4.408001073	7.765865509	9.9963169165	9.240527754	11.89992724	7.018204798	7.678937539	9.43837581	6.822961105	10.4103099	10.72334177	6.863726824	7.859055222	9.625194941	6.371457207	7.082136824	8.187021528999999	5.122914045	7.617267703	5.232723428	9.331047314	11.42406287	8.269038498	10.35577365	7.841439194	10.51902589
GSM3737776	12.06837841	12.44830828	11.75017547	4.302330646	7.8982541545	8.528046651	10.37880669	9.562369438	9.047532647	6.63801195	9.510792799	4.629340197	6.03313752	10.20966519	5.224498462	10.66234886	4.580508193	4.659898599	4.692133785	11.00730684	6.504320768	4.701141699	8.1063306055	9.886166358	10.15777705	11.04133145	12.23159072	4.60013559	9.7358430845	4.574397231	4.277880599	10.27105675	8.438336601	11.47830423	8.104084538	4.629340197	10.55520813	7.728773672	6.014276633	11.4478021	12.65388749	11.4035533	10.2455402	8.716435086	10.68571543	6.328579573	10.03736592	6.594027487	5.546820228	8.823987134	12.62627572	5.490688994	8.844110397	7.815424763	4.35519782	9.585167749	6.174650789	8.506468333	4.586784462	10.52125577	6.579675756	8.192798278	7.199374804	11.6010733	6.93715185	7.298071147	5.671252182	4.655430595	11.59527725	10.00780679	11.25205734	6.811453616	9.307328663	9.2642606985	9.069195104	9.887458472	6.974383499	7.199374804	6.198957226	4.652502996	7.723386474	12.40125155	9.358868418	6.479946928	11.3744374	11.26160519	4.40058552	4.865113219	10.0272205	10.80874292	7.592822169	8.71802584	7.964412462	4.867892629	8.94755597	4.574397231	11.98593595	4.462075513	11.70131927	6.606172278	5.372642711	11.71134473	10.82017389	6.491534107	5.558345211	7.947361354333334	5.393100910666667	8.074101862	4.337967697	5.8858716075	6.38927997	6.974383499	8.350218199	9.220588424	9.2848094	7.185147975	8.141145996	10.852238829333333	9.684856166	11.33666914	8.466233261	6.5001621395	8.088851156	5.513427415	10.79074078	4.9677097205	6.184863228	5.273344172	4.488115482	4.64471941	8.039181233	4.729774445	9.859351006	4.979210979	4.402837651	4.920659401	11.24647025	8.379331556666665	8.378662602	8.156040393	6.789939749	8.785104689	8.110341374	6.076057489	10.93755459	4.46877083	5.012553253	5.097919213	9.529829428500001	5.075683988	6.443684322	5.671252182	9.701960506	9.4720187925	6.238800903	8.161005345	7.776548855	8.651208313	6.514301443	11.60483837	5.74697461	11.07548117	4.636895266	10.8713092	5.949834621	6.587120036	6.9064142145	8.257969196	5.895432469	6.333992022	8.955358998	7.68918192	11.87862399	6.520338732	4.954798555	6.092932111	7.803679762	4.748538679	9.366920705	8.066192356	6.74627495	4.357163356	7.94374737	4.35519782	5.580009833	8.240234309	8.641343934	5.087456656	4.4356429025	4.410588015	7.979451123	8.378662602	10.65123663	7.213963852	4.64471941	4.384213667	7.906539262	6.990894586	6.531737192	8.612949554499998	9.796158609	4.574397231	5.85311689	4.6022723785	10.69542941	8.224928103	9.720146084	10.18465277	4.42201551	4.556150723	10.74615029	5.396058401	5.92454593	4.695635545	4.4520062	5.974012052	5.5543128925000005	5.32285657	7.345829329	4.788854357	9.412435103	5.775073412	6.208863510333333	4.990095216	9.790453543	10.40698101	6.642713941	6.4542514045	7.492653523	7.402584856	4.586784462	4.748538679	11.79185447	6.772313177	8.206576372	8.854840464	4.575309754999999	10.77986715	10.09657777	11.23713083	7.771856688	8.653943745	4.738768094	9.368096936	8.471458872	8.586440672	6.152619804	5.075683988	4.64471941	5.701569198	8.168219761	11.91090927	5.062058375	11.12506288	6.346105536	11.11909371
GSM3737777	11.02922891	4.648922658	4.448958222	10.02510913	9.234595551	13.31712407	8.017434216	6.722564194	6.756235203	5.127649198	5.450577067	10.81504875	8.818373795	4.877289925	12.65598765	4.603122237	10.90843164	9.87972347	4.41329037	5.637827176	4.40449412	10.2342198	8.0434445125	5.986353108	5.272587045	6.522825041	6.545670776	7.946771661	5.8873619435	8.546681071	8.734866237	4.746448659	9.962285867	6.403027987	12.87998769	9.612937395	5.677704117	6.401731053	5.435504335	9.900355666	9.277047363	6.178994269	4.929717164	6.624991859	5.933481293333333	11.20324724	10.87946591	6.085493506	9.21592198	4.882566186	9.290244247	8.232750175	5.38666671	12.83612457	8.02721142	5.935152168	8.257726172	8.084896386	7.224191633	5.664860384	13.06461681	9.818761735	5.707842482	7.522776839	6.164622414	5.160543375	13.43151557	5.863326902	5.192266036	7.577388688	6.266101396	13.02920156	13.35317799	5.0553975695	5.0401041275	7.462356551	11.03563171	5.604399885	5.3489972283333325	10.29904807	4.473499761	8.028294017	5.422975417	9.344499116	7.074708999	8.457564276	10.88083098	7.141999579	6.874659925	6.756235203	5.379445457	5.873019967	7.2508698	10.935971221500001	5.677704117	9.641376115	6.9584667415	9.413374277	8.626803759	5.114792935	4.994565122	6.490314379	10.96389319	12.32684468	6.057325517	4.8704111763333335	10.754878522	13.42816946	5.407334253	11.844257559999999	13.30039085	6.549365922	4.634316415	5.329434773	5.319204607	13.13022692	8.1301356	5.979061285666667	5.486988367	5.819521763	11.13660795	6.7880718054999996	5.52144092	7.900001324	10.02369646	8.4781183225	11.81884572	9.7507266045	5.268483723	10.4482883	9.002216987	7.868757609	5.349777832	9.317146179	7.893433623	9.00970296	10.3094715	8.324025274999999	4.697546379	4.360763706	10.1394353	13.72085478	6.725265394	11.97862616	6.592471029	6.013299822	8.356169486	8.361559563	4.602514616	5.637827176	4.422437727	6.500508274	11.83903726	5.8404950555	4.730660261	11.59110392	4.692620969	4.57888262	5.416829664	8.507897432	5.144382633	7.51756194	7.109470462	5.831776044	4.912153144	9.704681613	9.777508897499999	4.67802837	8.353780432	10.32552553	7.563767472	7.437920207	8.826988334	12.132229	6.684396499	8.857956375	6.532906182	8.365169139	10.32034681	4.663286874	11.65228103	8.197897012	5.765758335	7.52881139	9.613867908	5.705099645	4.408863989	8.513850523	6.321774856499999	7.53775954	7.28997339	10.12882391	7.956120707	4.570776657	8.373481004	8.131521527	6.460138424	5.438685577	9.266820447	5.231186373	5.947104821	7.870280575	8.531242945	7.7550498525	9.155916845	5.567848304	5.684535309	8.871676686499999	5.863567402	7.846269983	8.43148628	9.034686924	8.30691183	7.8852012555	6.967164985	7.83984553	9.643069235	8.765019786	6.530713547	9.912547732	4.877289925	5.305444717	4.816254693333334	7.701991532	12.08668179	6.795963854	4.634316415	7.1127670730000006	4.438765331	9.377589908	4.320098035	9.312140572	10.528770904	8.774275391	12.30061699	5.346034281	8.1743517815	9.044242972	7.092513791	11.36193466	11.2064649	6.08940518	8.305058987	11.81667496	5.051673324	7.116310368	11.001033069	6.295499224	8.738088383	5.89031556	10.7881413	12.63624594	8.054920238	8.47749224	8.865977753	7.696235118
GSM3737778	5.713236746	5.179601759	4.412033554	5.005111061	4.4980159985	11.2568757	9.039390035	7.850772201	8.130945336	6.425109206	10.9581395	10.11218141	4.467597365	8.522920255	12.57633866	10.17261489	10.17689372	4.437299611	6.559598536	8.950084698	8.62741971	5.973316735	6.7343943275	10.00216805	9.040196662	7.809352128	10.00818625	6.376132965	7.8552989545	4.449597766	5.877423124	7.924579942	9.726904459	9.726081354	13.18524485	9.166412609	7.509341194	5.502312195	5.147181857	11.11626333	12.37707547	9.87622524	9.433874235	6.977403941	8.171820489333333	9.67548094	10.7114993	5.48719439	4.847867826	7.878101368	12.38808269	4.681096964	7.557734109	11.85587292	4.379375479	6.646159633	5.903007586	7.912904292	5.674851904	8.62741971	13.3677463	6.50213396	5.884384151	11.75197742	10.34061856	5.540674336	12.56105293	8.276931328	10.80977056	11.05383179	10.97689217	12.71538779	12.24709126	6.939811322500001	6.2426362145	8.666227167	10.53792705	5.847883086	9.021944974333332	9.019268989	4.842121546	8.719675443	7.81297211	6.783638061	9.975606034	10.43263259	10.4520416	4.452203771	7.119021059	10.05421835	5.923952085	8.684781117	6.520044017	10.0308885855	7.655701386	10.50750757	11.088940845	8.846134402	11.18474939	4.936669881	6.968581583	8.586215855	11.07113613	11.90881607	7.92278816	8.069724525666667	8.425275089000001	12.84962777	7.791589571	11.65301906	13.3433314	6.653097324	6.625644886	8.410976403	7.238463441	12.57361166	8.885035045	8.162023075333332	7.909479977	9.494888699	9.405969982	5.2681276295	8.710956701	4.750635108	6.745119636	7.7984199545	11.10710664	6.540908850999999	5.71629612	9.865449592	10.58174088	7.333788007	7.91802402	7.320733793	7.44970235	4.494026548	9.783247061	5.8233383210000005	6.866144249	6.822237515	6.448940493	13.46120387	7.458363021	10.5850485	9.172377757	4.621328487	7.121877729	8.941808845	7.776541857	7.984394119	7.031206074	5.225257083	7.952837681	7.41068958	4.519567012	9.510792799	6.194180479	9.410917022	5.510267661	10.28105934	5.604122791	9.452198115	5.578804496	9.963478487	5.313971458	9.427022291	6.816487238000001	5.35695214	7.020614225	8.538002553	8.848055278	4.942741828	10.76849872	8.22937161	7.843730684	5.915014407	8.05776557	4.530193583	8.433511107	4.675878944	10.60472107	4.425644218	7.73016511	6.075567345	8.270727965	6.980745316	5.762289603	8.380316294	5.1682510795	6.632666767	8.590036505	10.22686045	8.918303918	4.53780639	8.398427059	6.337132188	6.740861501	4.847867826	5.918745144	7.0416360430000005	6.973253686	7.731195141	7.559455951	5.176902549999999	8.06953591	8.604633911	9.032638112	10.930742500000001	4.813659517	4.779269834	9.637611488	7.404289163	6.035165518	4.8145997625	7.407806801	5.985697631	7.081145239	8.519087023	7.109328979	10.21954152	9.970483264	6.554595222	6.703960737333333	5.754605533	9.357762686	9.118794835	5.287737677	4.9266149835	5.604122791	6.537524164	4.621328487	6.514301443	9.683882481000001	8.948324332	10.67096867	8.062295779	5.9493244165	9.079492835	9.639114372	10.35966023	10.32345463	9.373160601	6.708701664	10.15422596	7.154795946	8.205586575	7.6016813115	5.190511174	7.696593756	6.451844705	9.454588254	12.20025505	6.462841326	10.19435404	5.958700699	9.97300655
GSM3737779	5.770381132	9.517047831	4.467583118	10.37944594	4.5018644395	13.37523716	6.545534035	6.462296037	5.922874995	5.641843479	6.429997695	11.51337488	10.53431798	5.587351828	12.17311355	4.921903964	11.99989796	9.715443506	4.763259316	5.57837932	4.635639845	9.339402102	8.610824939499999	7.762492074	5.842024306	5.956391388	8.075354022	6.828954922	6.0903324665	9.668371462	8.715943758	4.833116015	9.245720799	6.974198246	13.58488638	10.63414352	6.346853495	5.794880252	8.031252615	8.918050742	11.63506239	6.442730559999999	5.603412752	5.715681739	7.955612848	11.78673244	10.21476167	5.949320989	9.97300655	5.543419837	11.8230745	10.05187506	6.725790829	12.91964158	8.601237822	5.601103132	7.666238048	8.049450951	7.148189481	6.634204483	13.08789251	9.094778455	5.049554843	8.200274867	10.01065179	4.486666371	13.18113183	7.954848192	8.891175803	7.914780003	6.691523964	13.01371721	13.22470378	5.950569504000001	5.082222633000001	7.042296617	11.46548823	4.783620857	5.5900630410000005	10.1855348	4.926728218	8.249068496	5.842024306	8.164169637	6.61368049	9.716935357	10.52125577	6.848954086	6.617735247	6.530258361	4.901298933	6.393522725	7.966174351	9.6856558235	6.371919986	9.810146084	8.491532037999999	9.524270099	9.630746613	4.926728218	5.917796365	8.535805509	11.04191513	12.40125155	8.056575053	5.348943751666667	11.058141659999999	13.14212632	5.766324329	12.19338239	13.35317799	6.079194883	4.384337243	5.712893252	5.474928256	13.01564818	8.844895007	6.4269531063333325	5.953738921	6.677754849	11.68402954	6.560773151999999	4.901298933	8.591101142	9.082566492	9.90208617	11.87212399	8.087962438	6.712023924	10.40577182	9.993665073	8.887004457	5.527477482	9.316178744	8.573386434	9.166118347	10.20190106	7.985105700333333	5.128876785	4.658917316	8.996081804	13.6078173	7.329552491	12.05645363	8.147540955	5.376573914	8.240025559	9.146205088	6.742224909	5.661055047	6.436848566	9.405969982	10.78258953	5.965048058000001	4.640057333	10.97993639	4.644877563	4.744454161	6.124744513	10.44168294	4.72915715	8.593845875	6.804949747	6.488072737	4.50323355	9.378143322	9.612622675499999	4.72915715	7.219016199	10.1210409	7.937578564	6.45489727	9.812798853	10.66185036	5.557044071	8.734866237	7.813312897	6.958841448	10.70328394	4.663734271	10.93041182	8.892828641	5.256332676	7.198053603	9.826710507	6.136583767	4.459863742	7.645965328	5.298093221	7.435304753	8.180162557500001	10.63196889	8.381051237	4.486666371	8.538952356	8.205181809	5.657029531	5.293021512	6.472663741	5.1493381125	7.408163614	7.595850543	8.269272317	7.8478173259999995	9.7132646	5.616828635	5.591524316	9.998292625	6.514687733	7.512694367	9.15362301	8.860351146	7.70156565	7.381104479	8.26149212	6.747372423	9.452344787000001	8.552050226	7.03033836	10.35305709	5.902734571	4.622311302	5.1586752313333335	8.052578796	12.56105293	6.83179411	4.454630955	7.131692016	5.110776815	9.170997958	4.525320782	8.537796343	11.269260045	8.347912256	12.04964612	6.368259068	8.579115307	9.662883255	7.358293124	10.52614657	10.91106103	6.226972206	9.022275036	10.70956842	5.666863812	7.754524963	10.306123386	7.480048795	8.371258898	6.391376054	10.2607467	12.16334492	5.953738921	10.02800085	8.973677418	9.709229056
GSM3737780	6.793737391	4.900776201	5.051895466	5.780029435	5.4105934945	10.19948819	11.77814265	12.04519721	11.01491613	9.466122992	10.19841677	12.0333429	6.726507669	8.206993461	10.37413486	4.552064858	11.33197994	7.293930426	5.103242623	7.752540229	4.56149678	7.394783303	5.8604436845	6.860658926	8.709413776	8.244091445	8.504274434	6.416901281	8.2287690475	5.612114227	8.68834648	7.680204919	9.472534095	9.691005371	13.69868914	11.15327288	7.93534555	10.93175447	4.534548155	13.49032085	12.58169475	9.307663536	8.263043693	10.45158773	8.073394966666667	11.59713584	10.32876712	10.89449877	7.859815575	7.050011846	12.46609557	6.654537555	6.04941699	13.20777706	5.260903923	7.249626054	6.059693031	8.141145996	6.084641252	8.681816349	12.53678294	7.181906942	10.76714465	5.162799107	9.740731896	9.596220624	12.67423565	7.478649786	7.252570811	7.117522963	9.763243988	12.63624594	13.33221228	8.442427616	6.4998989165	11.55956794	10.71588059	9.248519119	8.019659092333333	9.138434202	5.051895466	6.420379565	7.288663268	9.309736624	9.364625774	5.599279834	9.876428851	7.083433879	4.724966009	9.26654109	10.32451799	7.006593721	6.508544173	9.592174476	10.6313603	10.41231502	9.991528259999999	9.487532111	5.916644647	10.08877292	4.873308549	8.003938891	11.0786646	12.58759428	7.470111434	7.279823356333334	10.989199979666665	13.28119075	5.114852555	11.909675955	13.36531628	10.63414352	6.337861587	7.539440749	7.836394946	13.12443863	8.317652376	8.507842634333334	7.757924	10.0115256	11.18911344	4.885510576	6.301456208	7.173145119	8.817416402	9.9929691065	12.3426641	6.801418926	5.260903923	9.664371167	7.748073308	8.610602544	7.978966009	8.059163597	8.961661906	6.639731079	8.92085804	6.967847805000001	6.160699623	5.627879802	7.941169284	12.91964158	10.48421965	12.06584853	5.384123868	6.541207935	9.310948563	9.743688584	7.147184773	6.265984234	6.983099283	4.987204465	9.180289661	8.309066351	4.291049347	11.02486544	5.940635891	4.42200834	9.600315404	10.34670174	9.582767082	6.402228645	6.282101949	8.759138833	7.174961026	9.307904116	8.669160426000001	6.790638995	9.211294902	9.788291636	8.35952034	5.75968598	7.627088471	10.4351438	7.692567545	7.525495511	7.681589074	7.03790036	9.213628014	6.206168033	10.31821314	6.353471049	6.907440248	6.854315172	8.815132745	5.086139531	6.098623047	7.493320913	7.8307681095	7.152949183	8.574707183	10.75564992	8.743971474	8.622066689	7.51949619	7.328206465	9.551445719	8.260840648	7.320541074	6.649049822	4.64099995	7.27555127	7.941927304	6.0452158455	7.092745013	6.007541922	5.446465608	11.13323818	6.034707129	5.692252047	9.258656564	8.166774531	7.112416683	5.8458457495000005	8.385891147	6.0888296985	8.610119144	8.685660967	5.903211735	9.389149326	5.42359745	6.62297302	5.347762861333333	7.063000628	11.75542072	8.831455367	5.143376886	6.5331853535	5.307433847	8.479842978	4.490422258	8.409419217	9.4129819505	8.022789106	11.60676853	7.782594891	8.678561444	8.823987134	6.428855621	12.32085339	10.65560889	4.900776201	7.768752236	10.70891584	6.515172503	10.01944579	9.8499236295	6.010085618	7.880418316	7.909186175	11.36006337	12.4326869	8.134669094	10.22835011	7.94065556	10.17939843
GSM3737781	11.33346162	4.483218705	4.415235908	5.54980841	8.913095805000001	10.37092223	5.96737282	5.054603125	5.431331263	5.109862985	7.107935175	10.95948197	5.721612993	8.344942656	10.72075452	4.771954094	10.58220903	6.336588383	6.34597622	10.34670174	4.568742249	11.19163882	7.1729592435	8.372660584	6.393165168	10.21954152	8.165189125	8.054609396	8.067192129	4.766536096	8.688621495	10.01065179	9.918370857	10.82131551	13.20556124	10.18357969	9.988842796	5.276413107	6.447219267	8.229579403	11.72944678	10.972517374999999	7.331517861	5.263895195	9.445415263333333	11.183119	10.68716505	4.630815756	6.444840599	7.343962	11.71780556	5.836832206	7.646805426	12.61041713	4.802151557	10.13080099	6.190327032	7.804271535	7.525148819	10.38121329	13.02256517	8.882426204	4.371189545	9.429957844	6.794522798	4.606229873	13.19099283	7.007764465499999	8.278666748	9.675853042	9.725257779	13.15001213	12.9245763	7.403276330500001	9.4845811605	7.066659902	11.17641141	4.893422983	6.065749996666668	10.11218141	8.350432319	6.992878145	7.746786504	8.145902426	9.744705793	9.152981666	11.13355622	5.304835414	5.563093643	9.684565822	4.898526368	6.935262042	6.323353189	10.076513084	6.323353189	11.50018047	10.68522094	9.009912861	9.732305063	5.126998195	5.781561278	9.755848002	11.43435777	11.90432591	7.093009221	7.195587208333333	10.625831312666667	13.29264201	7.93534555	12.243719760000001	13.41588339	5.431331263	8.212141182	9.362466461	8.131315197	13.10035728	8.500468041	10.091966388333333	8.206199871	9.68946461	10.98425741	7.078394963000001	7.649644635	5.374802179	8.716435086	9.625376107000001	11.81446023	8.8689123625	6.414789141	10.52125577	10.27151032	7.788027664	8.900926222	7.7221593	7.80805851	5.957371168	9.587771459	7.682479625666666	4.66739833	5.011133797	8.348750735	13.43421955	6.498631482	11.90224223	8.191431454	4.760932021	8.058414017	9.340013258	7.4333238675	7.997901209	6.613035826	6.086046656	10.86172982	7.036776499	7.428202236	10.5502617	7.9971083	4.690764238	4.610864217	10.08093672	4.53980079	9.556122615	7.241733927	8.906821397	4.483218705	9.931362189	10.7801313905	5.513211684	7.41571007	9.460655116	9.038267145	6.581944314	10.41942411	10.4743153	6.747114597	6.559017399	7.523561126	8.558850757	10.16189936	8.537590104	11.14036059	5.505733655	7.947341054	7.382415968	9.255886461	5.721612993	6.586736576	7.890124273	5.6607273095	7.099993157	8.235715318	10.53431798	9.271110137	4.390079415	8.571329577	7.531380635	5.893108191	6.491534107	5.836832206	7.389309382	6.407124317	8.489730483	8.816740016	5.9281042615	10.31869096	7.163239769	6.854315172	9.7527292065	5.764903352	6.444840599	9.304843019	8.083406739	6.091401164	5.8452591685	7.568531525	6.8124952400000005	9.015322060999999	8.115780087	4.755306492	10.04605379	6.016646148	5.73525187	4.8195316440000004	7.192466446	10.50120058	9.778781973	6.794522798	6.889472483	6.617621988	8.763850006	4.446492305	8.844618808	10.7211044275	9.165493003	11.84536423	6.922471649	7.9598182805	9.254514175	8.874367926	11.69922828	11.05107259	6.765802664	8.064871282	11.0786646	7.246808857	8.711422842	10.173923658	6.803941372	7.954534999	5.927362482	10.15157275	12.80981916	8.361559563	11.04074755	8.067248905	9.994121217
GSM3737782	10.97099254	7.339821231	4.534966167	8.728660675	8.545143777	12.54435454	6.064719513	6.447219267	5.141724268	8.5579997	5.126879798	11.60306512	7.711426063	5.709539455	12.67423565	4.466531354	11.39687772	7.370768206	10.06671695	6.546892828	4.3946936	9.588517302	8.3960517775	7.162909465	5.347891466	6.266101396	9.070323009	7.648457941	5.8394016660000005	7.701020483	6.563758722	5.871891454	9.579302399	7.08622911	13.62420634	11.01649123	5.944130379	6.193769935	6.477733556	8.642273235	9.878437979	7.0835315565000005	6.012019659	5.440398067	8.751139403666668	11.40040523	10.88083098	5.875376842	8.663387239	4.524567464	9.75839396	8.006350669	6.180404701	12.78642228	8.088851156	5.169627776	8.375468928	8.157125305	9.305123372	6.033399931	13.3551463	7.207801347	4.935889708	7.262524559	6.63663819	4.479498771	13.32989295	8.088654921	7.225497658	6.149157887	7.462876262	13.18318659	13.30420816	5.461264732	4.5132944045	6.086511139	11.48218345	4.55621153	7.829667793666666	9.805833531	4.7658754	6.99719005	5.109110448	6.212129723	9.295747171	7.465748332	11.26493239	7.148512579	5.734919408	7.652291523	5.193053802	6.974753932	7.838671463	10.7768056115	5.266121184	11.75197742	10.288045712999999	9.644244798	7.064550779	4.817949084	4.626692877	8.660849763	11.04191513	12.56615562	6.368695595	5.107824228999999	10.737519505999998	13.51363878	4.734042853	12.37487994	13.36287658	5.690912954	4.3946936	6.375490189	6.031310531	13.1081084	8.299860988	6.503895507999999	5.305024725	8.293536029	10.91907428	5.013877555	4.929629075	7.563767472	9.584790095	9.440798354	11.95161573	7.882079937	5.659155499	9.844535613	11.12752742	7.307275755	5.871891454	9.716935357	8.180936843	7.400825178	9.34689896	7.867074206666666	5.181919812	4.398623297	7.092106311	13.57575125	6.315119378	11.85821939	5.917129613	4.416914419	7.113431789	9.704681613	7.419780057	5.547059093	7.489780225	6.180404701	10.06137386	6.047893248499999	4.327135879	13.15367173	4.94739379	4.500103603	4.94739379	10.70400168	4.375977812	7.152769657	8.021635867	7.921499424	4.392928841	10.95366591	11.247399648999998	4.617707694	5.727506111	9.794353076	7.898455891	5.275162523	7.596050834	10.34061856	5.440398067	9.646312318	6.797646645	7.033674194	9.72199614	4.812673655	11.92916279	6.974753932	4.851120689	8.380088521	9.186261026	4.777174961	4.78755791	9.442081496	6.8034807115	8.936091606	6.801426236	11.07696885	9.253313227	4.307899123	9.211938721	9.240794806	5.947701469	7.084408673	5.327463389	5.094828905	5.337343264	9.097686227	9.242946562	8.298315396500001	7.621928984	4.755745818	6.25928041	8.63907873	6.252308743	7.889889863	9.281499999	9.901516513	6.491032974	7.8944353315	7.405862971	5.800569942	9.116572226999999	9.3799647	5.724612052	10.75175055	5.075371616	4.406557069	5.095780899666667	9.19306687	11.83903726	6.703455162	4.570723217	7.132484949	4.597435656	8.171657488	4.322058327	9.359454226	10.0071128685	9.65407544	12.07587068	7.060801726	7.8058324745	7.028192692	5.828898591	9.852415552	11.49243413	5.527679568	8.638952088	10.64160576	7.204050401	7.669264502	10.3260313075	7.964626048	9.32079091	5.897551438	8.888530489	12.42473791	8.419059961	10.51097829	8.209767593	10.12882391
GSM3737783	11.20324724	7.863614568	4.952865873	11.17297624	8.621525484500001	13.62420634	8.342602052	9.548817692	7.405127263	10.06137386	7.456374938	11.17641141	9.041490606	6.061708008	12.67908153	4.885517453	11.34692971	6.39851033	8.239573164	7.270128837	4.518086137	9.34689896	9.5562239145	6.657182935	7.262338587	5.384688708	9.192243744	5.98726543	5.9984385085	8.362737889	7.564970329	5.791567713	8.624022044	6.985793306	13.4867714	11.0632038	6.363512407	9.538404985	6.510655368	11.65022898	10.81504875	7.189521597500001	6.753500892	7.235913487	6.689886482666668	11.40040523	9.169927345	8.712573207	8.501276989	5.204083495	10.59304373	8.527228139	7.033513608	13.00955946	8.334775601	5.233907959	7.205517332	6.812302987	9.979070698	5.625603521	13.06461681	6.987481921	7.096142996	6.97289483	7.275439723	6.424505726	13.16785992	8.512253838500001	7.522221045	6.296206948	8.104955771	12.86913709	13.04885435	6.1326086669999995	5.7992040045	7.606065077	11.19090809	5.534925654	8.963226433333334	9.96276484	4.623867381	8.228955932	6.031471361	9.1266343	8.515255902	7.46884376	10.97218323	5.723589157	4.65975766	7.011202773	7.808501018	7.264280321	9.13146553	10.110787534	7.984993348	10.62967242	9.642531454	9.311848574	7.623050028	6.339291443	4.94671733	7.57362272	10.12385183	12.38037225	6.308356116	6.075686021666666	10.641742122333333	12.80119537	4.551962733	12.259013540000002	13.40473438	8.221883617	4.525394929	6.424505726	5.871545026	12.9744605	7.198053603	7.644646491666666	7.838671463	9.39458751	10.96389319	5.27694979	5.473888651	7.700012644	7.367659534	9.518027037	12.01404164	7.366401981999999	4.94671733	9.433874235	8.530133585	7.101766695	7.009699156	8.620631839	7.827791895	7.429937571	8.699467256	6.239781417	4.9711899	5.636811159	7.238692318	13.33221228	9.197454507	11.76494653	6.021674196	7.208152022	8.550726341	9.776742983	6.9700640955	8.984518747	8.196647708	5.514459176	9.57802648	7.0076890165000005	4.494071883	10.63936982	5.124520664	4.698896519	7.641644605	10.60708551	6.718559966	6.727890659	7.678973443	8.424445816	4.859374239	9.854788694	9.741069272	4.896936243	8.382610061	9.916880745	7.020614225	5.218554867	8.292038504	9.895310036	7.564970329	8.788214982	6.815835547	5.850411126	9.289430324	4.698896519	11.55956794	6.797450758	5.932896238	6.153005538	9.238649161	4.87899072	4.914647044	8.796336753	7.077529249	7.339821231	10.279006435	10.57914688	9.563627082	4.633785546	8.414977614	7.7221593	5.982353622	6.704745166	5.911461164	5.685557863	6.034317383	7.593802695	8.282405046	7.2703432135	7.716482953	6.3896833	6.163144742	9.022523783	5.428759576	6.994246155	8.302200501	8.932423618	8.400007271	6.6229214795	7.432680199	5.5813866485	8.669112241499999	8.414977614	7.91170343	10.69793126	5.680223287	5.670161853	5.026362751	7.785247414	11.72944678	7.141121501	4.421509841	5.2299237089999995	5.2393232	8.098311218	4.280487232	8.318455451	9.898659126	8.335533498	12.07347577	8.430539226	7.422819757499999	9.185452074	6.009957412	12.21354313	10.59202569	5.282152029	7.763225499	10.12283594	6.082214532	7.373426166	9.955518811000001	6.452445439	8.06071506	6.22750378	11.0801679	11.63706817	7.476135169	9.428682724	8.063395513	11.12069951
GSM3737784	5.637572083	9.077572086	4.572033078	10.27245714	4.4358217065000005	12.91253998	6.233028546	5.752337375	5.293430861	6.001362175	4.486935441	11.13355622	7.89475082	7.275439723	12.132229	4.918483184	11.66117773	8.213402463	4.816411329	6.181466481	4.402551451	9.228410116	9.3833699235	7.153920817	5.708305521	6.785505576	8.722337577	7.165220005	7.1293221055	7.035863267	7.448588679	6.06772483	8.964096843	7.626879404	13.59968193	10.60264754	6.712425235	5.128041082	4.979503626	8.513612048	10.56442432	8.125485857000001	6.913598766	6.053902701	7.282271263333333	11.88501114	10.3052197	4.961387573	8.395136449	5.692859575	10.38306962	8.430147159	6.015821908	13.04065697	7.186133831	5.527939376	6.855321406	7.204050401	8.414107612	7.145092541	13.16979991	8.649686176	5.007566273	8.936959622	9.870979356	4.700381733	13.19280167	7.09683149	7.756145544	8.292503293	8.05776557	13.03851625	13.04693994	7.1794798140000005	5.632215152000001	6.607082112	11.76070362	5.034616009	7.739206543333334	10.07927351	4.643839393	6.864371867	6.542288661	7.452240369	7.458063915	10.11019223	10.73806665	6.323972352	8.028147223	7.757104515	5.113356913	6.514137033	8.702204792	10.174430202	6.333488961	9.981651856	9.236376625	9.720146084	10.00818625	4.476871244	5.6562648	7.623808336	10.77232652	12.42192991	6.41191519	5.886433497333333	10.887186904666665	12.83490082	4.425211448	12.11471556	13.37265844	5.540978715	4.389642618	5.982941288	6.702329971	12.96777937	8.140935714	6.726127033333334	6.73246281	8.296746078	11.40040523	5.859471256	4.76899853	7.399098965	7.36037981	9.720494615	11.69306305	7.1125134095	5.162067627	10.78116152	10.46756936	8.918303918	7.059185562	7.792715057	9.145344016	7.436845105	9.159702914	6.3930052323333335	5.556870238	5.380322458	8.415631302	13.47737456	7.092745013	12.01404164	8.397480328	5.989348537	7.306079718	9.155916845	6.526597498999999	4.821167419	7.310469815	6.767645122	10.34455587	7.294743477500001	4.459261102	10.82131551	4.995242702	4.452072956	5.333830835	10.19337507	4.500975894	8.905507345	8.002583488	8.129497143	4.504129549	9.827648524	9.0253451705	5.982941288	7.099313819	9.832844531	6.749197611	6.816409022	9.897712967	10.11796621	5.240361851	7.315044795	7.344586253	5.9163959	8.217573546	4.892338379	11.30858369	7.491109002	5.826437751	7.220024548	9.628855405	6.199731859	4.821167419	8.216179471	6.441146991	7.194925061	7.547210016	11.0157039	7.711960146	4.551375295	8.41315144	7.30929186	6.196846177	4.481734328	5.90779929	5.635418168	7.874513295	7.609832039	8.669399338	6.357081093	9.717827942	5.416383877	6.095802376	9.582783141	5.844951916	6.946375074	8.326023992	8.288132616	6.80669593	6.259609139	7.957090191	5.503999031499999	8.924180737499999	9.056089823	6.241584107	10.34670174	5.58400098	4.461891069	4.703178095999999	7.051547688	12.28294266	7.167401402	4.95514346	5.2392250055	5.148738626	8.645239606	4.37831144	9.304346326	10.710265239	8.69140875	11.9975634	7.788547728	8.2932721925	9.770271404	7.404439969	10.13119903	10.92893847	6.591224652	8.80226357	10.06941186	5.6562648	7.98674807	9.8875989585	5.767069354	7.69345718	5.255145928	9.633109509	12.26639673	8.631351009	9.548239726	8.958618863	10.09238813
GSM3737785	10.79074078	7.629754266	8.422817049	8.90207326	9.0937328615	12.15868421	5.845388726	6.060830314	4.995641675	4.410566788	4.796507593	11.69716562	8.062113044	5.856716252	11.64773064	4.574705984	11.67767326	7.717754227	4.898155203	6.636169907	4.538228033	9.845380437	5.025136026	9.37067015	5.493183462	6.447098705	7.719844393	8.653684428	5.7077891315	7.462876262	7.302028614	5.881774427	10.64738338	7.171290432	13.68316129	11.38494554	6.454366107	4.7795205	7.785073683	8.331364377	13.35088875	7.218080927500001	6.152578965	5.252492038	8.577714499	12.02399033	11.75405592	4.872385226	8.190307736	5.887661902	13.33913551	8.32053685	6.181238697	13.15763557	7.62290518	6.302218149	8.307122514	8.498094587	8.108257076	6.599074411	12.42473791	8.487517505	4.451550661	7.945693155	6.902800906	4.568431715	12.91023175	8.380264949	8.865488092	7.470111434	7.621265098	13.04263839	13.35766898	5.676534783	5.6804819035000005	6.525421273	11.60867735	5.308858067	6.078125552333333	10.11320482	5.238094732	6.789613771	5.73070522	7.093009221	8.767921994	8.681056813	10.64295977	7.397174562	6.88020719	7.350901424	5.197487591	7.205369687	5.619239935	10.667363599000002	6.700185352	10.50994187	10.335216851	9.900355666	8.539594634	4.657569171	5.012649461	8.659090574	11.93585446	12.63624594	8.009262357	5.191043527333334	11.315851020000002	13.39158716	4.523658731	12.12709985	13.26888436	5.300996253	4.388806906	5.745897501	5.734919408	13.1081084	9.138982088	6.506353807666667	5.619239935	7.711049577	11.69070669	5.3747552665	4.788291601	7.925405455	8.983118007	9.5447575625	12.31330111	7.8432669530000005	9.428309784	10.03325507	9.296645959	9.037403668	6.231799312	8.03997513	9.463967907	7.093009221	9.369760677	7.832667723999999	4.538228033	4.771408248	7.883033971	13.21313837	5.983755344	12.29042902	7.258751496	4.788291601	7.534877531	10.20821899	7.2325556980000005	5.308858067	8.930225733	6.664534668	10.14251581	6.9801687635	4.995641675	11.18911344	5.161711905	4.381762944	4.415808474	11.32099024	4.48980059	7.839677019	7.224709161	8.277148319	4.637006595	10.20551187	9.7769564615	4.528200435	6.559710055	10.41231502	7.597671597	5.926993155	8.912169332	10.96972444	5.655824098	7.349593608	7.873488321	5.371392739	10.63021204	4.881029845	11.49667171	6.981904203	4.987001995	7.579931846	9.496374044	5.534668025	5.385838176	8.080819739	7.0872948220000005	7.502437341	7.337708493000001	11.12234735	8.719413416	4.343876408	7.608230934	7.767091159	5.81942664	4.478463042	5.601467799	5.5190186285	6.630295924	8.229163786	9.256918504	6.3855124100000005	8.823287635	5.73070522	5.745897501	10.808257229999999	5.835911761	6.757458051	9.549733334	8.378662602	6.928874853	6.4364280654999995	8.66845992	5.963250711	9.285715637500001	8.927605397	6.013195122	10.57461905	4.889193351	4.543172729	5.792135567666667	7.027369244	11.80287473	6.616639177	4.451550661	6.852687049	4.7297039	9.04602664	4.461179457	9.151059887	9.8782689915	9.486191652	12.32684468	5.45775792	8.615048511000001	10.28878426	6.140924011	10.48516463	10.84152495	5.685031543	8.628722336	10.28972341	6.760538365	8.830894444	10.5568687975	7.825809463	8.027755699	6.514975328	9.252645732	12.99420352	8.059715669	10.74436339	9.04602664	10.99827154
GSM3737786	11.47129102	9.222260077	4.346921524	10.31718635	8.7354571635	13.45369302	9.548239726	10.74323372	8.09967052	8.057342513	8.192189533	10.85913266	7.418993656	5.495752397	12.07587068	5.96854918	9.849562131	7.077081608	8.609011185	5.689532033	4.466092647	7.723386474	9.8575440735	6.61885804	8.198114506	5.726882376	10.05143824	6.232209173	5.85024009	7.179151252	6.484527522	4.683207396	8.119724149	6.865686861	13.07346889	10.99684484	5.943129353	10.98569661	6.904884186	12.65598765	11.37052503	6.636432968	6.359363391	8.459109851	6.533448282666666	11.11338404	9.907896654	9.830003284	7.981299091	5.668491214	11.33955306	7.556772651	5.406530712	12.60299495	7.5268733	5.283494762	7.618071128	6.531314823	8.911945918	6.280519869	12.86147727	6.821852337	8.621013587	6.447908004	6.272219639	6.994694014	13.18113183	5.4759266215	7.477850147	7.951511778	7.493871277	12.86400028	13.0176664	5.8451515945	5.186996391	8.897969577	10.27359153	7.088643591	7.952391573666667	9.68946461	4.435008897	9.058101394	5.508216286	9.976064193	9.164922369	8.599187976	10.7478441	7.01885968	6.98092973	7.493871277	8.69502505	5.940366726	9.046902021	9.7837578395	9.43677204	10.47721637	9.774940883500001	8.51079259	8.286966306	7.778801981	4.85493436	6.603902904	10.05421835	12.29042902	6.114825402	5.2055893006666665	10.142359004333333	12.88816311	5.504962225	11.418207460000001	13.36021952	9.288248237	4.710846993	6.327321913	5.463367227	12.7409585	6.725923053	7.713238776666667	7.128165122	9.299561966	10.6628472	5.374707544	5.510658728	6.767107119	7.240919484	8.407630998	11.36536209	6.6409057245	4.877898587	8.939193203	10.20236224	7.884322531	7.445962346	8.03020098	6.505446013	7.181544652	8.581759214	6.091533462666668	5.460359617	5.254647213	7.657968918	13.32989295	10.1189085	11.6266159	7.353605393	4.665666415	9.739657389	9.156562152	7.0646257850000005	6.125605705	7.557530701	9.304346326	9.422842026	6.6914442245	4.525253827	10.58726077	5.353991006	4.743163979	8.825965447	9.011218222	7.42374534	7.452240369	6.566115869	8.704101406	5.295015652	9.989592444	10.152889526500001	4.988442642	9.269929979	9.263889995	6.725923053	5.630970257	9.482667012	8.925965118	7.346171102	8.803977701	6.239159045	5.838427374	7.592078548	4.432466276	11.31388949	6.941896126	5.923333166	7.141659055	9.04262524	4.89267937	5.090315218	8.339817063	4.674187314	7.337216746	9.4089468275	9.658772877	6.889318873	5.908149668	7.387630527	7.353605393	7.292876615	8.812893923	5.970246157	5.646617109999999	6.551586485	7.44719861	8.631567007	6.9206016224999996	8.615884513	6.112220786	6.55378764	9.272086298	5.016208155	6.676374355	8.29135909	8.657556268	8.772618363	6.9344263445	7.569526523	5.019811202	8.580896026	7.601978872	9.101161542	10.47079008	6.606403646	6.533912055	4.721030876666667	7.445962346	11.72206916	7.113713937	4.634377165	5.184333156	5.115068223	6.897390426	4.394222889	8.113513734	9.3193493545	8.420172523	11.51936928	8.462365505	7.5416884425	9.209762775	6.739279917	12.21846482	10.93690926	6.090662641	7.937367067	9.066341221	5.476219587	8.338378442	9.284352466	5.609392399	7.816163	7.628847233	11.78232788	11.87657412	6.802164917	10.03883027	7.65553742	11.41674546
GSM3737787	5.326687209	4.63430141	4.67459432	8.310973112	4.5120487025	11.91951923	9.314738764	9.433224415	8.455819074	10.54063349	7.223166077	11.50169303	4.639900654	8.441793902	12.56105293	8.292038504	11.1674501	4.617969874	8.956805376	6.907577946	4.756881623	7.355744741	6.367651417499999	6.63663819	7.068340505	6.879237319	10.74323372	5.844370039	7.3002555435000005	4.563899729	6.612644282	6.196682276	8.121422345	8.252174588	13.40716147	9.384594675	7.057059833	8.593845875	7.020614225	11.45369574	13.08603238	8.8079592985	8.166988924	7.252772827	7.328796416333334	11.54219277	9.097145753	8.068402658	6.419765327	7.271248032	13.04885435	5.649472055	7.946975694	12.89105513	4.332095688	5.811105992	5.497756856	6.277614861	7.774134312	7.713400109	12.96541585	6.627045888	7.235913487	10.10854746	10.09238813	6.660945167	12.97201848	8.691450237000002	9.005507297	9.691005371	9.085416851	12.93658581	12.922191	7.637859104	5.356705264	8.361559563	11.86036922	6.391921969	6.007716665666667	8.955856307	5.415950311	8.269642454	6.876144694	8.778816015	8.816180009	10.68183035	10.44168294	4.513805377	6.542143536	9.122819634	7.252772827	6.696908114	7.000245341	10.748344646	8.615655363	9.813892893	10.0943326725	9.387063469	10.51675255	5.726031852	4.865102846	8.677321034	9.732932141	12.47181397	5.991617624	6.2469746116666665	10.372697446666665	13.15763557	6.872859513	11.489417925000001	13.37523716	7.454846742	4.724473151	8.502930807	7.388339329	12.99655686	7.217820331	7.6865172966666675	7.877459241	9.371871683	10.6973182	4.6384936565	6.782553247	5.844370039	7.569016152	8.265185436	11.46375366	6.008873441	4.49220875	9.603131567	10.03503231	8.460118385	7.542942362	7.716340044	8.544098695	5.11189978	9.361591778	6.378745032	5.739643317	6.980745316	6.834311687	13.27717021	7.391274012	11.66440885	8.496730629	6.523821632	8.393814526	9.492958694	7.2896566885	8.366783905	7.544738277	7.273124423	8.958343964	8.3131734785	5.201220667	10.53221578	4.592697526	6.604134636	6.802716929	10.27151032	5.606845584	9.044507675	6.834311687	9.517687632	6.076235682	9.844958087	9.555841789	5.168591829	8.352682114	9.62454398	7.581054598	6.043904128	10.50994187	9.213076109	7.796191054	6.518692468	6.419765327	5.895836346	8.393385534	4.803398289	11.15909141	5.168591829	6.822396869	7.230129529	9.28082851	4.961177758	4.76389691	7.872994792	5.867643633	7.733551348	9.3331178525	10.85237093	8.178477596	6.51581702	7.959240661	7.35310453	7.220185819	5.984427581	6.204508187	6.487248629	7.192466446	7.874327572	7.84886349	5.6653553615	9.313187498	6.443373523	7.188155049	8.929509301	4.756881623	5.201220667	8.699467256	8.06512381	5.798851653	5.4418216965	7.976390479	5.000515062	8.0080412215	8.712573207	6.339142953	10.68444629	6.363713158	6.453403083	5.409298024666666	6.952485228	11.18130945	8.01803084	4.628701569	5.578311188	5.227920491	7.518836705	4.417749536	8.602697622	11.31736595	8.409226937	11.76070362	8.741719416	7.6674146885	9.086612837	8.046714195	12.25056179	10.46128961	6.941248151	7.355744741	9.019268989	6.130204334	8.048242195	8.7959399965	5.523622558	8.043758693	4.95360379	11.33197994	11.33666914	7.275163243	10.0272205	7.974778435	10.7478441
GSM3737788	11.3304226	7.577388688	8.313931224	9.511709213	8.6970184075	13.19280167	5.026058679	5.789377275	5.307433847	6.091676631	4.398726053	11.03889149	10.62271906	5.004316537	12.7288751	4.72839586	11.19580145	10.25773514	4.79053151	5.719092081	4.442072313	8.074798748	8.7533699355	5.825166324	7.206881054	6.169954555	9.182026748	4.82269599	5.2811841255	9.814235132	6.23021877	5.098090197	6.89075698	6.177355483	13.42555098	10.80112977	6.144019266	5.939779297	4.601577694	8.05341627	9.800727873	6.6377926375000005	5.008873159	4.649471046	8.785288437666667	11.50556187	8.244303862	5.822558458	10.11019223	4.785734265	9.569756535	9.808530018	6.659756589	12.81212825	9.077030979	5.226097142	6.384835888	5.907236062	6.419414216	6.033027778	13.06461681	8.808705804	4.569213831	7.111786632	6.53436609	4.658050809	12.79848718	6.6107881509999995	5.660060928	6.497218125	6.462253428	12.86400028	13.07346889	5.421743932	4.828103613	5.689532033	11.2081009	5.118574812	8.005599898333333	10.3074794	4.464979555	9.199523841	5.271375833	7.866924062	8.463340868	8.092729058	10.14209894	5.60325845	5.118574812	6.807702383	5.030424186	5.976231876	8.058622586	10.4199191615	5.171032025	10.27523202	9.245333429999999	9.645968537	8.1909867	4.593454593	4.409780907	9.904625055	8.784447062	11.81667496	5.030424186	4.694553634999999	10.939990382333333	13.04885435	4.986225276	11.93806135	13.28670573	6.305299898	4.479335617	5.431840233	5.208509458	13.0176664	6.378338197	6.130380929333334	5.848795506	6.443977793	11.45369574	5.6383267445000005	4.691169901	8.686624169	8.583286126	8.6982055925	11.96337921	7.804471133	4.423739999	10.61666743	10.76714465	7.881591328	5.776176203	8.59851354	8.120990561	9.454588254	10.43099248	6.855506581333334	4.767343404	4.398726053	8.607480195	13.56947536	8.187364438	11.92451094	6.547403612	5.171032025	7.626187367	9.314450832	5.5973698415	7.214641894	5.971749206	5.83430168	10.26578827	5.8004689905	4.417859155	11.18635905	4.736669233	4.484552655	6.331269671	10.43263259	4.762739161	7.32016026	7.349390882	7.091930067	4.579563802	9.357217267	10.1967522885	4.633203264	7.129829274	9.584790095	7.081776324	5.984427581	8.494039209	10.49097086	5.357971526	9.215449321	6.049887991	7.098392914	9.33232775	4.45799712	11.25991419	8.82050608	5.11444819	6.752142247	9.43154744	5.29220408	4.718444991	8.237218068	5.87937517	7.547287374	7.880441100500001	10.98277073	7.995123526	4.503586823	8.455196194	7.639814733	5.796867853	4.481818525	6.638788828	5.0534189445	6.228416025	7.066828051	8.638514723	7.7943066875	9.091999754	6.089780326	5.728044787	8.2604360555	4.486984901	7.410821416	9.069673244	9.089237765	8.087019428	7.3247154055	7.999993533	5.7000692555	9.370493900500001	8.844895007	7.709750843	10.58553905	5.473754214	4.513037266	4.83632834	7.945693155	12.61878014	6.493611954	4.50656036	6.0727557655	4.740993889	8.692437146	4.355887174	8.932423618	9.5167603805	8.688849116	11.68850666	6.609792791	7.771211048	8.143324208	7.150423208	10.63936982	10.84631872	5.651353431	8.961419241	10.24924314	4.709604169	6.207480299	10.497818291000002	6.937470664	8.391149136	5.136833298	10.34455587	10.67464092	8.188078282	9.087473611	8.772130336	9.067019449
