permutation	centroid_distance
1	2.14419042026861
2	1.5307355866116408
3	1.4500374894867054
4	0.9354939022115945
5	2.0078491288417064
6	3.1206079971565726
7	5.913086342048644
8	2.5222496996194264
9	2.4608471662864195
10	2.7873206855035315
11	1.5358928592733465
12	3.089822622281541
13	2.801586364957044
14	1.282486405886402
15	2.0987321811797695
16	4.102415479240927
17	2.7961724265518795
18	1.8308355586389797
19	2.412875560866076
20	1.5539429234267401
21	2.4959497109099855
22	2.8467162126878076
23	1.6619927622533128
24	1.6266852469243394
25	1.7812466810829939
26	4.600898872561286
27	2.4760034313298425
28	1.8039482513061795
29	1.916382057617571
30	1.4166273333762205
31	2.6312753409598155
32	4.705112569696603
33	3.1160638663373157
34	3.6502788113518143
35	2.25044781256701
36	3.806145407683333
37	1.7651825895837354
38	3.469235120505176
39	3.0967856542856307
40	1.7806773007694041
41	2.4311526607467178
42	1.9468975577645204
43	1.650726443608914
44	2.157430205215515
45	2.2279215572098154
46	1.7510804132875446
47	2.340624195649655
48	1.7090740603815948
49	2.794689249815413
50	2.7209515698633995
51	1.924685474184327
52	2.3967313415833438
53	1.998404193379843
54	1.803418492129314
55	2.445620561287011
56	2.336617682766634
57	1.5137426349407976
58	2.737487550103043
59	4.0096467846005295
60	2.53954439498273
61	2.9565338485778363
62	3.3679275702128164
63	4.7406956748375455
64	2.0589030092860714
65	4.567590725958497
66	2.103921167703655
67	6.047307541974582
68	2.835555728000701
69	2.0619856071402234
70	3.628350685653859
71	3.6136276987471936
72	1.5787521609431323
73	1.5814096500346966
74	2.0785696924326476
75	2.4995711479972265
76	1.6913948567916541
77	1.6648045818364583
78	2.6716349452263324
79	1.0343327699880565
80	1.6890464999061168
81	1.9141562124866465
82	2.107852348110858
83	4.835619536750756
84	2.857935573808821
85	1.7951229294877298
86	3.234610660963334
87	1.522670283278663
88	2.3327205624909833
89	2.779584190448565
90	1.9864540035542395
91	3.2990263063865513
92	2.492020672231851
93	1.3804013534146908
94	1.7934869817390988
95	1.967838628378883
96	1.755653802308146
97	4.755180756124196
98	1.7912738921978817
99	1.4562815610260615
100	2.6926103332487306
101	2.34811789294083
102	1.452230016504575
103	2.3007404007051684
104	3.5665746042401705
105	1.9130140373679398
106	3.7728139448774747
107	2.313065639790886
108	3.3411192533549903
109	2.2410000837443134
110	5.0700387356503915
111	2.1758529617844915
112	3.0167715706687743
113	1.6496565283167868
114	1.453241968118606
115	2.310202169945978
116	3.6192051381651322
117	3.9786297506780537
118	1.4920599002113673
119	3.4319285126144776
120	2.30385570224338
121	1.9078307379725128
122	2.711981425655795
123	1.8157018112453525
124	3.365976074625506
125	2.5641501279651147
126	2.5249650887821473
127	3.346014722916813
128	1.5966128508038
129	2.303870304673065
130	3.9836986299662693
131	2.335644109972929
132	2.839843309400586
133	2.7606094464996453
134	3.7090753501221534
135	2.243577400676088
136	3.1565658067087132
137	2.3898301296330553
138	1.7110263738976186
139	2.477213466122634
140	2.345337197867204
141	1.6822689709520133
142	2.1120673804301577
143	3.094518630616786
144	1.5261767913564555
145	5.395139758774787
146	2.0111805086686814
147	2.0307463669942827
148	1.7322020381364347
149	2.8004921002090395
150	2.319679690669402
151	3.3613714415965843
152	2.6549207926093277
153	1.9677594505011649
154	3.457004661434251
155	1.6118286087301799
156	3.2750537160983795
157	2.5195537358412237
158	1.6014618614653309
159	1.6206422986414868
160	1.774032274376235
161	2.2909665815792817
162	3.113281863012148
163	2.2156560665920915
164	3.1853667572586986
165	1.438843275453257
166	3.182821568912645
167	1.826071751932081
168	2.898731727321558
169	1.6325113270973308
170	2.033177908564482
171	1.4673664050530155
172	1.9271744485192779
173	1.7270717310789065
174	3.2700923147521332
175	2.6623133579790976
176	3.1626373969569466
177	1.7160495588927573
178	2.3737575433516165
179	2.771442359660152
180	3.5718499267180035
181	2.182309111930401
182	2.467475675103744
183	2.5054802957140763
184	2.0949308429407427
185	1.6649474028773865
186	1.8865306877944155
187	2.6543545687664714
188	2.8308420763707973
189	5.087128101138633
190	3.064330162161448
191	2.6837110552798964
192	1.761438033111429
193	3.0579601223376742
194	1.818085391842545
195	1.502734912337901
196	1.5301779106469242
197	2.684255134833423
198	2.9589246121154833
199	1.965834456308286
200	2.837521896200842
201	2.781936849673915
202	1.5948207435341797
203	3.6959949279614603
204	3.1706051306437786
205	3.0299590644041796
206	2.311052878402036
207	1.2958190882011922
208	3.64941663398483
209	3.5608869905609377
210	1.8189588577047486
211	3.433162072281906
212	3.093035906285541
213	4.63185364719017
214	2.9830261152218394
215	2.1118319912416337
216	2.972731232147581
217	2.521462570850752
218	1.620449673141553
219	2.2266079277804387
220	1.9545951096258534
221	1.8488942742779944
222	2.7522812634947633
223	2.5993210020909947
224	3.1887757708547175
225	1.696632156123452
226	2.8747175713191875
227	3.5613861549774115
228	2.7240287135491243
229	1.5464790566483704
230	1.470915723231237
231	2.583023693817089
232	2.7493566844564588
233	2.2371002587077795
234	1.746112677749197
235	1.9021120638787756
236	1.4694385332999127
237	3.3656150841451504
238	0.9551819864570736
239	2.4933180529426475
240	3.2649694422388897
241	2.1803041154170923
242	2.8699383427726373
243	3.2241514677951337
244	2.1360815899915764
245	2.2275355159563595
246	5.121516326130894
247	3.457773105678232
248	4.1886089386082865
249	1.5842029274038831
250	1.1065584935782442
251	2.1714076775727498
252	2.374702149284709
253	2.0667471714589305
254	2.098730709683294
255	1.8345217793817665
256	4.078000115254956
257	2.397828304185718
258	2.2580814798879483
259	2.4142840769761547
260	2.850837936503969
261	4.510080516521772
262	1.6560856776263966
263	1.549455083239853
264	1.726443211252791
265	2.8853564995249488
266	1.7202370121403463
267	3.8513113740440597
268	2.6133058761436425
269	2.150094517557831
270	3.265239520878036
271	2.294004777177461
272	2.7326242575288506
273	2.5786395465540473
274	2.5891928161296742
275	1.488828515530633
276	2.1103186750487684
277	2.0781047487392876
278	3.2103823748019926
279	3.281316817303953
280	1.5311811309729344
281	2.1165878957960187
282	2.975246739841461
283	1.541512292293635
284	2.515139137587744
285	2.243784878315597
286	3.1502574254583195
287	3.5679514456848165
288	4.205343590931235
289	2.54518475027371
290	5.081379983170648
291	2.3529303208274572
292	2.9540001117865393
293	2.8547716902029125
294	2.2170202451028365
295	1.818244320077867
296	3.122617833895343
297	1.5964342784373478
298	2.676768764778537
299	3.4596901663849096
300	3.176169607799846
301	3.2429619109073613
302	2.478981012727552
303	2.6140744243450937
304	2.1012754059863843
305	2.0424615748834247
306	2.5833660871608193
307	3.0638205423658422
308	1.3313219749669498
309	2.1238203440762033
310	1.5578289103239424
311	2.6254780950360814
312	1.4331004371537541
313	1.6281607979051864
314	2.7691165386221464
315	1.8491905108312678
316	1.642656952629033
317	2.4353334090242016
318	2.0484546114869686
319	2.539763322378012
320	1.630775173767025
321	1.4145665931841502
322	1.6751217449462878
323	1.7296174245376736
324	2.1041998914240425
325	1.3906994157030312
326	2.411916825322911
327	2.405224869221702
328	3.050787083886695
329	2.5338315960688895
330	4.083567782686041
331	2.329089528856714
332	2.0154407035523767
333	2.246560414147899
334	2.881905843352039
335	3.2527027305209963
336	2.217504177479463
337	2.4524477482104925
338	1.7067537807309674
339	2.767086240677024
340	2.809752973500752
341	1.4040842392590707
342	2.4856239004702383
343	2.9634424632384544
344	3.801040289870787
345	3.44546023659543
346	2.382503166581392
347	1.2973836002130832
348	1.8014492962730362
349	1.9960277684948098
350	2.021117349816618
351	1.6610203510719819
352	3.0612977656522786
353	1.6436952600844057
354	3.4630595057480247
355	1.890560343695116
356	2.8727151046504487
357	2.649858594148202
358	2.743561014110893
359	3.0693935156622496
360	4.140120668024248
361	1.5870718259832957
362	0.9455512013562416
363	4.372589993268931
364	3.80737408371386
365	2.4403782902097673
366	3.689594579584302
367	1.8929636090354998
368	1.6421588374056215
369	3.3113876333585344
370	2.5083620557599757
371	2.9037311462977984
372	2.1163990872885803
373	2.407983359723814
374	1.7773133220816208
375	1.163372555033318
376	2.41827201869585
377	1.2054920095783235
378	1.772762568314248
379	1.8371583935840232
380	2.5546799717143434
381	1.7233037197694947
382	1.2482058137855823
383	2.669271064384954
384	3.0929309468092128
385	1.497570376935001
386	1.840127247324008
387	2.253335338553409
388	2.2302341825887506
389	2.0906491208322713
390	3.5223392124925894
391	4.476096744414378
392	4.106795282346377
393	1.9170408483212638
394	1.5079741237957995
395	2.644328826249308
396	1.8962243460490502
397	1.9684265115334176
398	2.355043402857298
399	2.225182104948005
400	1.8571521895185281
401	2.183762403306781
402	1.057553947213718
403	2.134220914151221
404	1.7930174819635776
405	3.2184641158556584
406	2.227412768706576
407	1.8024786920276366
408	2.4689557985662205
409	1.644348427063629
410	1.2292258470509938
411	3.8383968907727732
412	3.115712091243445
413	1.7002644986899529
414	2.4051272518054962
415	3.757395139195351
416	3.024618423123953
417	2.7200616627420695
418	2.3087470649751167
419	2.943931878574248
420	1.5408625229351722
421	1.726270427674341
422	2.687453732860851
423	3.114291352892592
424	2.42159483438044
425	2.1870269794984707
426	1.7460455426747308
427	2.28542689066379
428	2.7735396047364906
429	1.9244291104880356
430	2.0874147684620423
431	3.1412375531536436
432	1.2934434806492616
433	2.0867498351855387
434	1.6189094902051377
435	2.976701209608412
436	2.9310027223154447
437	2.1607111196484374
438	2.8233151035776336
439	1.6199072100182579
440	3.1523398169684986
441	2.9069035011358926
442	2.385656460323737
443	3.87388036788203
444	4.029323674833237
445	4.255634771894495
446	1.5492842818767754
447	2.8216663545857275
448	2.698657702756898
449	2.744381816575846
450	2.9462154877162363
451	1.422006176977393
452	2.8935469501282243
453	3.6906932073156824
454	2.498788077689487
455	1.70302252092092
456	2.045734042707565
457	1.6524615680561492
458	2.26996309110562
459	2.7839317547286355
460	3.2712470909242573
461	5.03695973526967
462	5.49903407100979
463	2.8931080125147304
464	3.813157436070752
465	3.6790179850997817
466	2.5931450217980108
467	4.562537629354703
468	1.308351788799582
469	1.959925794233241
470	4.454408969409988
471	1.5403650352496623
472	1.9405265160404255
473	2.4903216921496325
474	2.7506216154385688
475	2.682288855653608
476	2.4422366153008586
477	1.863373141269293
478	4.021474654348757
479	1.5863114695619707
480	1.8266544256197432
481	1.8230055257933226
482	3.7894106341112375
483	1.8857005074206434
484	1.8870263972689363
485	2.789131782021719
486	2.1466161299718403
487	3.8544092497252365
488	3.6359657091386497
489	1.6286804795832728
490	3.930991434061167
491	1.6060555036824682
492	2.535422676514789
493	2.0110497355353334
494	2.0368361044408028
495	3.0927835971970437
496	5.201056241499546
497	3.5934640591178812
498	2.0871042210317134
499	2.9279869193553885
500	3.113637800720364
501	3.030202093334192
502	2.5208958483130672
503	3.348349511903282
504	1.8988353964806617
505	1.1622595764149166
506	1.4143093185803972
507	2.327140415091227
508	1.8905466724307625
509	1.996330151410351
510	2.9816078959404106
511	3.046098169266103
512	3.9222100361309393
513	2.2314224703821623
514	1.8069840454872654
515	2.0251492909964552
516	3.194968693098883
517	2.274411535665158
518	3.889764995983543
519	3.253246276035421
520	2.8143979421861034
521	2.811611842240853
522	2.945295153102289
523	1.4356860088463415
524	3.4827545762694
525	1.565970662965661
526	2.297448358882939
527	3.355050290289889
528	3.6339339555307646
529	2.190442531069169
530	1.8975873257561324
531	2.0878681422174576
532	3.7601419196840213
533	2.3667059888971416
534	1.1314086421760705
535	4.239481832598922
536	3.5416173839431444
537	2.0512846291461595
538	1.617773190703093
539	2.716861853491676
540	1.8269826425414788
541	3.3651475595943374
542	1.5369808042430184
543	3.453299220615232
544	2.1464056279339037
545	2.124015245204306
546	2.6131120525531935
547	1.7904697642480907
548	3.3405700215616334
549	2.363445635186009
550	1.608675447777606
551	2.1686284711920867
552	2.8233705727447065
553	3.243812811933613
554	2.64067657203997
555	4.096391845514683
556	2.2689467475982
557	2.4547677413929296
558	1.5574497320566703
559	6.496326505979772
560	1.6121446002644488
561	3.3465438586982192
562	4.225798832555257
563	2.295043291870037
564	2.613145915843249
565	1.2658586815644948
566	1.3250405919912525
567	1.5816925613648545
568	1.3526002260943693
569	3.175142273995895
570	4.480721189109388
571	2.4780116299841044
572	2.310853026793801
573	4.385914633832532
574	1.8311865946669659
575	2.3953911455395764
576	2.221987035476737
577	1.6342821111162564
578	4.572352467441087
579	2.3344746142011217
580	1.3396434964835133
581	3.170966965820842
582	1.9579599501172764
583	1.8071413218311814
584	2.5268309496116506
585	1.5919144542673773
586	3.914518018796284
587	3.4267438020298617
588	2.005432086393754
589	2.252100253913669
590	2.630236520901191
591	2.7542227084776627
592	2.4030045315445845
593	1.7324720637033972
594	3.048269703299009
595	3.1062147948394636
596	3.549567504884457
597	5.076522324890972
598	2.4549171415976163
599	2.359024789365827
600	3.702458225807121
601	1.715551463546333
602	1.8162342688063118
603	2.4776392404041294
604	4.098593856965204
605	2.270393809702864
606	1.4081781235201836
607	1.399333531958356
608	1.7161446005422483
609	1.7590327471312852
610	4.613121676021461
611	2.6458965204838245
612	1.8739067070393418
613	2.147959292454933
614	2.1871666811677835
615	1.4354428779735524
616	2.0476988418965623
617	1.882546803913758
618	1.299515982721598
619	1.9813778984896737
620	3.9732347699761723
621	3.083813571160073
622	3.281044375124696
623	4.809414675463558
624	1.931991004411306
625	1.982805986834776
626	2.340412797697462
627	2.790758336500443
628	2.652967529282999
629	2.5261667249894013
630	2.713588715833639
631	2.4748086693991094
632	2.019290950187875
633	1.1469862505325419
634	2.0736638792507964
635	2.1391521568379654
636	5.12474908680329
637	2.6322103513760786
638	1.9712853421027643
639	2.1832464499501203
640	1.6795265750883859
641	2.4227916955672155
642	5.045601989975034
643	1.649233931877348
644	2.2468867524371285
645	2.9503907347895115
646	2.7925968755898034
647	2.623833134891829
648	2.7838396263637777
649	2.985409152700825
650	3.0722307675378673
651	3.4643426380888998
652	1.9158288968785526
653	3.7066827173475003
654	2.3187224260883186
655	2.529012262895171
656	3.1148286181597014
657	1.4566295019638342
658	2.3969311814199568
659	1.4823862803574968
660	2.4145260740843018
661	2.9893203926164222
662	4.321425974589119
663	2.78914867911969
664	3.231085594010449
665	1.356997621628865
666	4.13034638685268
667	3.370688973227209
668	2.36734636425736
669	2.6139048319695015
670	1.253427628526391
671	3.783101197011573
672	1.6324136464489651
673	2.5986421178449692
674	3.7143052533997194
675	2.8997811993196883
676	2.2113138846461373
677	2.832016864865878
678	2.234056668128874
679	1.662821424884432
680	2.188679549719356
681	2.326090570823922
682	1.8239913229648026
683	2.2648559601190574
684	2.038214134300436
685	3.3188522212862726
686	2.3162120499851997
687	1.538951373795201
688	1.6744148988841119
689	3.3505586210431253
690	1.3312446205073587
691	2.916041120608657
692	2.542159568778839
693	1.9293119614162872
694	2.007201496703453
695	1.7460417176279872
696	2.9203248780979174
697	3.686099700466374
698	1.3410556399174445
699	4.531192016024283
700	2.9135718601815674
701	2.391504898788025
702	1.483555014876317
703	3.056457597126929
704	0.9153339343833388
705	2.022165316850697
706	2.439196550506639
707	2.286739644900303
708	2.637489012946712
709	3.6282337571594714
710	1.9623455081620014
711	2.1177147330032966
712	2.9956502981530035
713	2.40735924652661
714	3.0145712304942087
715	3.289343088389126
716	3.3644314056582942
717	4.05690922864997
718	2.075343621473244
719	1.7486820516629988
720	3.568368457065017
721	2.4204741601059623
722	2.3553457936527473
723	2.4224202235397616
724	2.910942085404811
725	2.8202537535748426
726	2.953331895250298
727	1.9082000167981776
728	3.87270403193565
729	1.8653720036244221
730	1.666125002648042
731	2.718311446232006
732	2.4195202693998232
733	1.9531589686786996
734	1.9022175979310252
735	2.8013870950725073
736	3.4443274747923236
737	2.8691733732227793
738	1.5662908418635275
739	2.5456406307540176
740	1.4201805799918763
741	1.70330013865287
742	3.385367261379703
743	3.4035307758215034
744	1.4220723375009368
745	2.7010585324741885
746	3.3632171914806404
747	2.995168471346784
748	3.5095337389837202
749	1.7234473389308036
750	1.8832915017171719
751	2.0996819470576966
752	2.8153186828439067
753	2.2420401196804067
754	3.271208412641109
755	1.8424407064194457
756	2.453467559602652
757	2.7940799203773006
758	2.3996991613295435
759	2.002896888110816
760	1.9001662301444948
761	2.8148563451565938
762	1.7814386135546154
763	2.4431386325196898
764	3.0962837199180786
765	2.260600032001778
766	5.139407333542477
767	3.3653527249760846
768	3.3621058583693846
769	1.440555171688301
770	3.082687676642279
771	4.324675247583962
772	2.5258356682384653
773	2.168429368757779
774	1.33775014164454
775	2.3315423176138075
776	1.6453196609347134
777	2.290262909919084
778	3.012837149162465
779	1.2870382277274168
780	1.8204256080493662
781	1.4581833510130353
782	2.416641555830451
783	2.9958421170225873
784	3.166092694025283
785	2.262669362635314
786	3.1808136962102616
787	4.129822214378758
788	3.6559266339023133
789	2.4764810126377284
790	5.106297375709529
791	2.6330664968013062
792	1.5703687208584582
793	2.916890107009781
794	3.8971216241562554
795	2.7869695345178505
796	1.8023322339863774
797	1.5959670068023728
798	2.0088895389272023
799	1.747790613810123
800	1.8641229604907694
801	3.8231012616745508
802	2.010784010424304
803	2.6478143375316656
804	1.7812549122771058
805	3.713456408269901
806	1.605953383119951
807	2.659479600393561
808	2.0267575338231354
809	1.993381806415872
810	3.1659100441961807
811	3.8898818004137667
812	2.4460613891407545
813	1.5976171155275063
814	2.047545453186127
815	3.3389734637394213
816	1.827595898760348
817	2.3255146869152368
818	2.8754063905476746
819	2.6051291585685825
820	3.1562425795475715
821	1.517650847074505
822	2.717304213613728
823	2.048613706398531
824	2.2348447645029688
825	2.5637902065243674
826	2.8325491626080703
827	2.2502260268630425
828	3.993171002327767
829	1.8496611653632513
830	2.0289753450719257
831	2.7619061491713075
832	1.7399029671460757
833	4.158075477347883
834	1.1214977879828283
835	1.8652892732885993
836	1.7831945885635871
837	2.688482646645164
838	2.504815846340068
839	2.28236303428596
840	1.0698784369794856
841	4.540191044389145
842	2.1452315905310253
843	1.8611216771353176
844	3.7382886709961833
845	2.237215645912443
846	1.7784292973323916
847	2.374632089511377
848	2.4817055208046175
849	3.939989862801152
850	2.093498874454184
851	2.392272467473189
852	1.856505569013928
853	1.9530681264661682
854	2.1722344040981416
855	2.863894419098217
856	2.7434659319472523
857	3.0514324664064123
858	1.7558425298058769
859	3.154916968563701
860	2.1114895793924098
861	2.021489769322296
862	3.1696255279185874
863	2.165384004562171
864	1.705434683885124
865	1.97267774206198
866	2.4645476052110875
867	2.5986654948641794
868	3.4833169163368805
869	3.1445330868518138
870	1.8581440387397936
871	3.175877853552917
872	2.2116321911392647
873	2.84177595284581
874	1.7249387896176511
875	1.953463802346325
876	2.26157397633653
877	1.3526053559909437
878	4.463469249519097
879	2.553436511559376
880	1.912119974134138
881	1.7949427691751898
882	4.068195598419055
883	2.5272795655865794
884	2.1290202571882975
885	2.9645744341881075
886	2.426122651740412
887	1.709007741692104
888	1.2678552634181768
889	3.8483916041078823
890	1.8393351035614236
891	2.401298328830999
892	2.8256774223595875
893	1.4492742816642243
894	3.2291250517208496
895	2.5076808576936176
896	4.318068866787547
897	3.91245918342449
898	2.9758799552076365
899	2.1793572473265788
900	1.367927504925387
901	1.4924904547822413
902	3.0974631382070346
903	3.4133033087587226
904	1.6093085198998933
905	2.716430119069639
906	2.030581985163739
907	3.386221266449163
908	3.201004374767574
909	1.4089236838238184
910	2.9956425570084693
911	2.0467784872666077
912	2.116420875381225
913	2.18540054584127
914	2.664823582200513
915	1.4472130495420652
916	2.4108222939560755
917	1.9375902630096198
918	1.6630089846664726
919	1.728132283335018
920	1.9068558396664836
921	3.8512935319204824
922	2.185444941079073
923	2.1450423208653464
924	1.5925461075066565
925	2.807287995618106
926	1.371739837051178
927	2.141951140752974
928	2.8358406595201764
929	4.161029542822002
930	5.186635740202421
931	2.170812970269003
932	2.006733292952725
933	1.2463688259258399
934	2.6793221788265793
935	3.569270141168826
936	4.3720578120918105
937	1.6593999303953486
938	3.2816833503210776
939	2.6316995828999135
940	1.5794313105179987
941	2.955965807695069
942	1.2339690582683163
943	2.6850525105001504
944	3.99553153407561
945	2.643753549376866
946	3.2950820918333417
947	3.4189806447373345
948	1.9208412910718862
949	3.0796007069965823
950	1.5814500953619532
951	5.105270117024254
952	4.540266424301128
953	1.1664280528236157
954	4.272069467586713
955	1.451315509434441
956	2.916933019797558
957	2.1953345408669858
958	2.9250792625225372
959	1.8756008005020544
960	1.4215674617220044
961	1.8383211546943028
962	1.6823671679840062
963	1.466699258547461
964	1.4259057781014584
965	5.498605111421192
966	4.206689283646572
967	2.392406926545531
968	3.1130536459992277
969	1.8213085212775184
970	2.9175835634421845
971	1.2400326430296527
972	2.0843914876167062
973	3.384536396040584
974	2.329577791298297
975	2.042662282953721
976	3.0093478705713137
977	2.134270711502956
978	2.8043611620284317
979	2.0328664197562683
980	2.168193278696138
981	4.560472454688507
982	2.9667138012589263
983	2.7029945751946025
984	2.013668628566742
985	2.610627323432461
986	3.9641702260218934
987	4.339335587850162
988	1.2940227510742022
989	1.6791048375129733
990	2.587922252640216
991	3.4170833147562614
992	2.2058139187388153
993	4.109394022246514
994	1.676423003742583
995	3.264211926556627
996	2.9545367274942564
997	2.001706416080324
998	2.0706160099487634
999	2.3151582363721506
1000	2.7064567339493926
1001	3.04682640861296
1002	1.2761030999783676
1003	2.250768444482703
1004	2.3330357751566644
1005	2.965835567986132
1006	2.168332048658244
1007	1.7498124178460466
1008	1.6477014831673658
1009	3.493938586819703
1010	2.3398017300780714
1011	3.231927841126586
1012	4.2934932523196565
1013	1.685450472819905
1014	2.6913296533719366
1015	2.547243395826042
1016	1.984306659916244
1017	3.172455046267186
1018	2.11204255876892
1019	4.124638457574321
1020	2.1062691620916647
1021	2.6365335910569523
1022	1.8100041270073648
1023	1.781558010740755
1024	1.7358571173687318
1025	2.724099003021422
1026	3.8509690342777985
1027	2.338186772274474
1028	1.9063263853957075
1029	4.07930459190925
1030	1.360731651938738
1031	2.15341771294925
1032	2.803298501740162
1033	3.853683474720546
1034	2.3124964660573917
1035	3.6565901967022345
1036	2.4978935167488667
1037	3.3736958703474746
1038	2.0371061567916424
1039	2.4727082216377108
1040	2.3568408003090835
1041	2.2862913869064676
1042	2.5894284167974844
1043	2.3685591615199355
1044	1.9666833146843903
1045	1.3796936311479364
1046	1.9255944561994336
1047	1.9089415121306603
1048	2.4547582131955235
1049	2.8483372460737417
1050	2.4338336686515256
1051	2.1914192633010328
1052	1.3103520849601993
1053	3.136054326907935
1054	2.304196502862668
1055	1.4823535008996345
1056	3.0596523974848715
1057	1.8898439998499414
1058	2.3191146335754533
1059	2.5011438437257114
1060	2.599822843514591
1061	2.4301805354733768
1062	2.602390886031088
1063	2.08806302157027
1064	2.2621975401914995
1065	1.8819712630456082
1066	1.0089161440857775
1067	2.234309256735536
1068	2.627030172998166
1069	2.4007146362729683
1070	2.400805285980116
1071	3.2783509344496617
1072	3.952586076096321
1073	3.496559422778964
1074	2.018555168926839
1075	4.141855981655984
1076	2.8317785054744773
1077	1.8293253425888103
1078	3.814275293118543
1079	2.1660927678729958
1080	2.4447463921078403
1081	2.3944443365082972
1082	2.267380764842697
1083	2.867539732930863
1084	2.424442974387251
1085	3.0183048338590157
1086	2.992141850475277
1087	2.260021207892508
1088	2.978884773304238
1089	1.5585474087585924
1090	2.436767852130467
1091	1.6452484844574982
1092	2.785979628993433
1093	2.227367928696561
1094	1.9173625491061572
1095	3.3807276034774927
1096	3.350704851193281
1097	2.0759132764369363
1098	3.1410119741507034
1099	2.877808718641069
1100	4.081331762858419
1101	2.2261846961468397
1102	1.318541149549649
1103	2.575794269545812
1104	1.716966343060846
1105	2.3059161717730885
1106	2.681514752547016
1107	2.36496522106102
1108	2.746795550925316
1109	1.7841728307122622
1110	4.295134897503329
1111	3.8162873696020396
1112	3.1446749863331975
1113	2.0489202047806847
1114	2.501435065581686
1115	2.1310212212045183
1116	3.3252903046207942
1117	2.282208261275872
1118	4.342348169643282
1119	1.9670434999321933
1120	1.8942481323106728
1121	2.127165036153123
1122	2.01069529247643
1123	2.8301030123248148
1124	2.0607289669577176
1125	2.0458398860345848
1126	2.280105241727499
1127	1.4911943186396217
1128	2.8741110931440694
1129	1.1281961779468532
1130	2.431567415009211
1131	2.100264007171335
1132	2.302278083069118
1133	2.9053431667493816
1134	5.695344235535332
1135	2.2099672011923106
1136	2.0582260073955227
1137	2.641866013956906
1138	2.82628119237038
1139	2.4862918029796064
1140	2.5470030308408327
1141	2.397765580771585
1142	1.4771913004976418
1143	2.5912048426761203
1144	2.087285241013582
1145	1.526549427891429
1146	1.6545916142468233
1147	2.1487813311854853
1148	2.6884811813549168
1149	1.5241255394775615
1150	2.315371022712825
1151	1.7380611452414325
1152	2.861598250375234
1153	1.8941745237049799
1154	2.3244410404010973
1155	2.209190222556163
1156	2.645727883638247
1157	3.0852421022077303
1158	1.4142149878128198
1159	2.6541002606266546
1160	3.056201448617153
1161	4.6149049163985145
1162	2.3863177656457855
1163	2.072381653058592
1164	2.29087259564242
1165	2.04154745738593
1166	2.7320122862951632
1167	1.9853806080176615
1168	1.71586177478471
1169	3.310595594970386
1170	2.310411883730483
1171	2.809395214794384
1172	2.193130521854684
1173	2.257449984507393
1174	2.28014417242906
1175	1.9119522897585874
1176	2.8459999609346758
1177	3.659399894213497
1178	1.7448738706990625
1179	3.310832800528113
1180	3.3560535790790387
1181	2.217543078971506
1182	2.2363555167821194
1183	1.4667918088031136
1184	3.01384536337275
1185	1.4789270954543714
1186	2.903178499808382
1187	2.0014584606625423
1188	1.8782627485886014
1189	2.9473777179948772
1190	2.341966910540723
1191	2.197337091174672
1192	2.6941899193892334
1193	1.9256731898343438
1194	2.5052212761735233
1195	2.2580220627083256
1196	3.364076352251533
1197	1.7460077100415141
1198	1.691870045370599
1199	2.7945209228797614
1200	3.2293333789949155
1201	2.638331449891581
1202	3.704442826027151
1203	2.1521554717829487
1204	2.0996057091273657
1205	4.738922776362242
1206	3.792432065578328
1207	3.3269556765024273
1208	1.5788215320886168
1209	3.121336261907477
1210	1.9646443333240289
1211	2.860067780201011
1212	3.1996234654119386
1213	1.66703067126963
1214	4.899763953975091
1215	1.6317339111265354
1216	3.1084621930273637
1217	1.7309568001484807
1218	1.9369719043074467
1219	2.699995648183594
1220	3.4918301984517264
1221	3.073483669130969
1222	2.1062940554888914
1223	2.3600608058344528
1224	3.1339866184927554
1225	1.8430615250726623
1226	2.3032826396477155
1227	1.7786079682742288
1228	2.230622834916029
1229	4.064529754752346
1230	1.4748035071252474
1231	1.9031957171843885
1232	3.9811599125949853
1233	1.4395293782768626
1234	2.61295613849306
1235	2.848654807686117
1236	3.2832598309382393
1237	2.304752869155454
1238	1.018443686063879
1239	3.488240650908112
1240	1.4889945551484414
1241	1.2984829276094527
1242	1.6726833726621169
1243	1.8234290543570584
1244	2.1294857489329027
1245	2.7185341168772315
1246	2.1592244629003092
1247	2.577069361749795
1248	2.6808254037067276
1249	2.757980403173519
1250	3.2473972411929584
1251	1.9734298906340608
1252	3.4111252581752147
1253	3.5465653556953085
1254	2.68647962899457
1255	1.9780316016976809
1256	1.848482150987383
1257	1.7780458138805773
1258	4.108586392912253
1259	2.2079596493238745
1260	4.214476126002051
1261	2.510241732353236
1262	2.54653653889674
1263	2.0584129028321887
1264	3.3977677227959253
1265	3.0305946451556305
1266	2.0281743486042307
1267	2.8552518880055033
1268	1.9642594199849779
1269	1.8721933391194405
1270	2.28939515414783
1271	2.3883977843508966
1272	1.707484495897097
1273	3.6486213291735545
1274	3.1359733881370166
1275	1.9755176332165225
1276	2.092374932680389
1277	2.038167474328827
1278	3.2045408566756337
1279	3.5580904931940434
1280	3.476346235641423
1281	2.4893162224564054
1282	2.1227966014133526
1283	1.6662576696911888
1284	2.104070340921911
1285	1.843871242995665
1286	2.2846767243334694
1287	1.785398729832345
1288	2.4201840810222017
1289	1.8537012024842243
1290	3.3729118821835904
1291	1.8988004397486535
1292	1.779929137109331
1293	3.1755458099190945
1294	3.07891264722634
1295	2.3857937059153524
1296	3.0006485343072264
1297	6.009082431333237
1298	2.158923922997996
1299	0.9976244040950166
1300	1.5963807141875288
1301	2.485603247641795
1302	2.4848325672702933
1303	3.016823356691269
1304	4.540581193704279
1305	1.8667875190749434
1306	2.1814074722782215
1307	2.1513861955533553
1308	2.860843256711633
1309	2.7435704912825485
1310	3.7133326187325815
1311	2.0741129924429957
1312	4.861760808484885
1313	1.6304427216740192
1314	2.0646144999151113
1315	2.026827469924087
1316	1.547907782634836
1317	2.416573682884017
1318	3.6866144642863268
1319	1.7971134591751021
1320	3.1271613217262493
1321	2.4946385656730934
1322	2.959609825401923
1323	3.153872657960937
1324	1.8181841943083217
1325	3.539688100786133
1326	2.7804406790728415
1327	2.2353391626751
1328	1.4675555491130856
1329	2.2710542774307303
1330	1.5773764982122394
1331	3.0818858816371
1332	2.1728889008908268
1333	2.8153551470957345
1334	2.5808576671084538
1335	2.8943405997132543
1336	1.2570001232317054
1337	3.6232486585292762
1338	4.085628738773533
1339	6.095053859358982
1340	1.7235622808610895
1341	1.889768229774522
1342	2.6111601368814488
1343	1.1836910742405016
1344	1.2075459891913916
1345	2.443673394744257
1346	1.9478711821428747
1347	4.967986658707467
1348	2.083415349430662
1349	5.402546684628959
1350	1.9198229438799748
1351	1.450383229342376
1352	2.317107547682509
1353	2.232735457258958
1354	2.3225944361913182
1355	2.2688504163694687
1356	2.577977745215548
1357	1.5627453244369174
1358	2.6314169645666743
1359	2.530967078609772
1360	2.326150814832057
1361	3.916350126106108
1362	1.648717951212229
1363	3.435773908391902
1364	1.379098357225238
1365	4.353148090103668
1366	1.7836277457939547
1367	1.8977706493071353
1368	1.626293289851936
1369	2.354285290796372
1370	1.8404929471381986
1371	3.1105397971666484
1372	2.7929864578207364
1373	1.4245953011548593
1374	1.8324581629814143
1375	1.2791791961498067
1376	3.1934575583116285
1377	1.7573159202888822
1378	1.7043195640315207
1379	2.5090991760894683
1380	2.294846274077515
1381	3.4427527208584503
1382	3.0867338841674585
1383	3.458989790030557
1384	3.1743965293615175
1385	2.1370141292314564
1386	2.8947434807605847
1387	3.0547236991196605
1388	2.458444037415007
1389	1.6560163281386548
1390	2.5318010634480093
1391	2.1056104655717105
1392	1.6486623087314425
1393	2.1784145673031534
1394	2.044139335184702
1395	3.5606022880509025
1396	1.5905951895636083
1397	2.211154183281961
1398	2.4235208834748794
1399	2.962214968179418
1400	1.1063956052741144
1401	2.513397853843492
1402	1.4978578618210234
1403	3.835245396028375
1404	2.0014619079895835
1405	3.858944904799744
1406	2.0840145784011637
1407	1.5961008909700216
1408	2.4113983532645475
1409	3.834069626225577
1410	3.5259578781774237
1411	2.076083866590665
1412	4.69687244224976
1413	1.074665210158747
1414	2.560962651719363
1415	1.4822114067597443
1416	2.2836390901752797
1417	2.160678816653589
1418	2.6373071577034124
1419	2.446892719088472
1420	2.1952012973821473
1421	2.722290942595937
1422	1.770661307379394
1423	1.6660007075167362
1424	2.8039446093387035
1425	2.0788304828277355
1426	1.3386050832540655
1427	2.0778959701809265
1428	2.984910254251824
1429	1.6774224922067174
1430	2.7721531094107617
1431	1.8416327522615648
1432	1.191647167308977
1433	2.1440692958668093
1434	2.0358480490023694
1435	2.1773100217110577
1436	1.943249504711922
1437	1.217450195917067
1438	2.462794993674991
1439	3.1268612767505277
1440	2.412829649811113
1441	2.837858700679596
1442	2.403697416854661
1443	5.6673438875942965
1444	2.519490481565193
1445	3.3978601605429626
1446	3.019744659722189
1447	2.0542006640694233
1448	2.879266286798337
1449	1.556257905416494
1450	2.0147618248952592
1451	2.385955038090027
1452	1.9255988582643335
1453	2.1235612863041444
1454	1.496190038241908
1455	4.065032369120329
1456	3.4327312571591024
1457	3.874944240498658
1458	1.9153874801911797
1459	1.7403744610379825
1460	2.7133205362922155
1461	3.8983461966931854
1462	2.3301094659997728
1463	2.8232950154220626
1464	2.1675076697669198
1465	2.086107311139581
1466	3.7120451246350235
1467	2.4574752103396067
1468	0.9945452473438178
1469	2.0080837765050092
1470	1.6182995304490309
1471	2.541101337069218
1472	1.7193484283621465
1473	1.4809039305843004
1474	2.796566121007643
1475	1.58388598398748
1476	2.8088730224817526
1477	1.3180855238682927
1478	1.3745880798818848
1479	3.0433756852154192
1480	2.442077625372826
1481	3.5925943723376332
1482	3.4763555282203527
1483	1.4921286813318688
1484	2.741703663157447
1485	1.3175987812586203
1486	3.2242753773731483
1487	1.535957551115764
1488	3.5560917651034183
1489	0.859674222456069
1490	1.3842844525983375
1491	1.8381301097976366
1492	2.171491089160561
1493	2.390393847566246
1494	2.6682014063963746
1495	2.1434510014910053
1496	1.8377039559662935
1497	3.2637788998255006
1498	2.638799146809999
1499	1.471705225329123
1500	1.9154343432153724
1501	3.3057745824684375
1502	2.5163933280084705
1503	1.5450980896359776
1504	2.272505856221578
1505	1.7806248778783413
1506	2.4738449329876144
1507	3.9394421342898687
1508	3.056223652106642
1509	1.913650713441404
1510	1.8752481808202641
1511	2.3039576107683706
1512	2.5543406867774485
1513	2.689120317722801
1514	2.912817750417217
1515	1.8369958273104765
1516	2.058180620327257
1517	3.231236706130156
1518	2.4783065918637317
1519	3.6235860635647534
1520	2.7363955716140542
1521	2.3922189674890206
1522	1.7211465295809096
1523	1.9561898237309525
1524	3.5166772246579714
1525	2.8677766881121
1526	1.3395842928529789
1527	2.732392187842291
1528	1.3621273352922676
1529	2.14477461561058
1530	2.15455980827586
1531	2.8525498116616084
1532	2.3986953244846294
1533	1.9550857528075718
1534	2.3860988763151822
1535	2.6203172947650746
1536	2.489622348503984
1537	2.5198240625581434
1538	1.966467192688892
1539	2.833188191843029
1540	1.769468514805258
1541	1.1659763473025377
1542	1.7291369399531156
1543	3.059080453895695
1544	3.002212903348979
1545	3.466010914972684
1546	2.433968050166032
1547	2.6149417661763126
1548	3.405464129202666
1549	2.856015570230216
1550	2.456077839888292
1551	1.719734663980495
1552	3.2762201260742976
1553	4.052396464295681
1554	1.7985820246418316
1555	1.9160094001501193
1556	1.2480978930458924
1557	3.410429843116399
1558	2.9961514685056376
1559	2.970554299970857
1560	1.889445351331035
1561	2.0050600486925028
1562	1.8929118521008923
1563	3.247710672104977
1564	1.384096198150481
1565	3.4871802153811524
1566	3.1934486728855735
1567	2.0074620412248083
1568	3.833609956476091
1569	1.8207222917144394
1570	2.40537311757512
1571	1.3473170638723688
1572	3.316563787761255
1573	2.455490770698035
1574	3.078990299176932
1575	1.6454070590664094
1576	1.422069415288633
1577	3.490387824679054
1578	2.4715024923488134
1579	3.122615540480787
1580	3.056320975793652
1581	2.668834442593957
1582	2.424136250169744
1583	2.209838026366405
1584	1.8480468337693703
1585	2.256660581335592
1586	1.1133386039540687
1587	5.059110897959242
1588	1.8062481613464179
1589	1.0378722893117012
1590	1.4805334596426627
1591	3.484474187039032
1592	2.637521513974826
1593	3.252673957341828
1594	3.304868427555034
1595	1.939610048769154
1596	3.4615633387967635
1597	2.1711832060013707
1598	2.050384665636832
1599	2.6468286152302984
1600	2.927884828603887
1601	3.860055459129942
1602	2.033703939240952
1603	2.3523081051589863
1604	2.6616398496095486
1605	2.7617830032091146
1606	3.1391063748109063
1607	2.3539918764269663
1608	1.8814347935134885
1609	4.184570303663528
1610	2.8725661486049696
1611	2.531987360823901
1612	2.3703614627162986
1613	2.689456662467245
1614	1.2242997513770515
1615	2.7770084785834905
1616	1.9395212035458826
1617	3.085516408436275
1618	3.749941142830252
1619	2.4325926650678475
1620	1.3748100921803923
1621	5.506601726308011
1622	2.332429710057143
1623	2.494571666017323
1624	2.076139203198041
1625	2.397364497589083
1626	1.2976312254239484
1627	1.5902873178829555
1628	2.6644070389056784
1629	1.4318028391127988
1630	2.5551483304996037
1631	2.3542470941267424
1632	1.2100133451262445
1633	2.701212215838476
1634	1.5912845379126779
1635	2.2588075138645487
1636	2.6208313889703674
1637	3.29684232572274
1638	2.41723695584152
1639	1.8292400684283718
1640	2.4501976992542818
1641	1.8014591044816404
1642	3.1987056187197145
1643	1.61134379644379
1644	2.2493083749878897
1645	1.5224061202959802
1646	2.4330373135963193
1647	1.4703077243679383
1648	2.7278465145785744
1649	2.760189697892252
1650	2.115283643880125
1651	1.8234213265474901
1652	2.156343015859404
1653	3.556499504951106
1654	2.848920079897077
1655	1.6211776419648993
1656	2.9151019772353295
1657	5.726176014813286
1658	4.635182676028127
1659	3.1542242739610864
1660	2.4681920633997168
1661	1.9372019640541809
1662	3.0128503367365824
1663	3.9160420533354006
1664	3.291435282894634
1665	1.912634571472209
1666	2.1843084876576317
1667	1.976437557321587
1668	2.397263851013581
1669	1.9670443853170052
1670	2.9444090446370854
1671	1.8092282222692748
1672	1.4761715726122573
1673	1.6905332267461675
1674	2.7690607266976985
1675	2.896458897269724
1676	1.9701180752517562
1677	5.222413758241223
1678	2.3406347555815517
1679	2.580781079522185
1680	3.123422835218838
1681	2.598407035356136
1682	1.7428032823767636
1683	2.637451098596144
1684	3.9347619563338516
1685	2.274780700799808
1686	1.3273602869046053
1687	2.324645088704045
1688	2.539900190861593
1689	2.32523995929212
1690	2.047442312174329
1691	1.2355034089119155
1692	1.5296735208005343
1693	3.467944263931066
1694	3.4320991135408563
1695	2.6240047656986762
1696	3.595893453910578
1697	1.7312597301650683
1698	2.449818464716631
1699	1.9693808306848155
1700	2.1478228994260653
1701	2.4724530013319646
1702	1.7831427849731105
1703	4.785280543328968
1704	1.6840808921689554
1705	3.3908304568063605
1706	2.0481838220851576
1707	2.3241563299521455
1708	1.5468091642111075
1709	1.415931323659568
1710	3.6275273503174765
1711	1.959649077015723
1712	2.3907237874342995
1713	1.8919510591145432
1714	3.3441615783245404
1715	5.186141740993937
1716	1.1276101273977874
1717	2.0964901717199935
1718	4.801912934614668
1719	2.9697088377900696
1720	1.7101180217027094
1721	1.5398648398908827
1722	2.7325296891076363
1723	3.423211781915519
1724	1.4982826195104872
1725	2.1691163218407636
1726	2.2270799743931113
1727	2.345437248530589
1728	2.8877482248087336
1729	3.4100432564457615
1730	2.8250303525906766
1731	2.7043003510222654
1732	2.6695144010461087
1733	2.7196999277539584
1734	3.1004710140035368
1735	2.3882242792812933
1736	1.9167213337573183
1737	1.15346894523254
1738	3.019753396700236
1739	1.7094424749847166
1740	3.2694909415339253
1741	2.4057067894128257
1742	3.8130366780370104
1743	2.1220364248465167
1744	2.8921924353431665
1745	2.1241139390622696
1746	2.1047972434214315
1747	2.1041158647014226
1748	2.589711758943388
1749	1.9242984074420904
1750	2.5981961862022236
1751	2.1637941812193326
1752	2.3820162028386846
1753	1.627331039701741
1754	1.171597985656364
1755	2.4111789077657333
1756	2.399455088731757
1757	2.5525010389067906
1758	3.4209203577976544
1759	3.617537155017607
1760	2.0007581445873868
1761	2.135056065075386
1762	2.5308734410832168
1763	1.5193316030754778
1764	4.309370780580017
1765	1.4570131403399016
1766	1.9446286398767088
1767	1.726551598672005
1768	2.186216193829955
1769	1.9278362355246266
1770	1.4363180530727644
1771	2.1531292089834118
1772	2.199821421378578
1773	1.6858264063019506
1774	2.0784482632282137
1775	2.4831914554092864
1776	2.125754477966478
1777	3.4549833219072337
1778	1.4563881181677165
1779	1.6154801535877037
1780	0.8310468622468752
1781	1.238102351151917
1782	1.8104779362011179
1783	4.006105221491584
1784	2.230944149716974
1785	2.9397867343240134
1786	1.9241764059443212
1787	2.747538356358257
1788	1.089159971048722
1789	1.5464353863768552
1790	1.9448490756126307
1791	1.3599516812733323
1792	1.9579368137948459
1793	2.2025842815315806
1794	3.4333862505354085
1795	3.1878896425311707
1796	1.7497997304502915
1797	2.226716187741817
1798	3.1928916768687925
1799	1.8824015661774098
1800	2.5123653227997997
1801	3.784194616749191
1802	3.139885051803399
1803	1.2370375935218307
1804	1.7224272659470699
1805	2.0290848663659005
1806	1.4530300643847713
1807	1.623732868200536
1808	2.5450875856922512
1809	1.685053420949712
1810	1.359637888166485
1811	1.9089406659888706
1812	4.095934461802746
1813	2.1335006371736327
1814	5.120326077064896
1815	2.069263113574978
1816	2.618428322933489
1817	2.35092346554233
1818	2.982177683564822
1819	3.973638250472045
1820	2.888869523212455
1821	3.8373044555829825
1822	1.8922152155834406
1823	2.983500738589882
1824	2.1895557851526
1825	1.9991394405606147
1826	1.751628369085757
1827	2.110020308796017
1828	1.972479377921654
1829	2.9828728068882326
1830	1.6779235808874562
1831	1.7199696701824818
1832	2.70774453509637
1833	2.0100033317152146
1834	0.9058375854558934
1835	3.4946224269457495
1836	1.701532508442305
1837	3.2851342902749927
1838	4.4108072899284085
1839	3.1971230109503503
1840	3.236063846218504
1841	3.2999217963764833
1842	3.6573293311329103
1843	2.896951942250054
1844	2.055524963982893
1845	1.6700047195213543
1846	1.4865730106505133
1847	1.8181138263712282
1848	2.1592414709554855
1849	1.7842770385219977
1850	5.587678124991313
1851	2.815509072251688
1852	1.77856670327294
1853	3.479550882871148
1854	1.4831844505086378
1855	3.1239556412264293
1856	3.029543744596589
1857	2.874549278117613
1858	2.411159903429248
1859	1.5078331671388572
1860	2.9363548555990877
1861	2.0898014591339296
1862	1.5809209365584092
1863	3.1294891266958125
1864	2.369632101190896
1865	1.7469412840265655
1866	2.408714552091688
1867	2.9417800973698096
1868	1.691225714160531
1869	2.896450352441533
1870	2.2566883866039955
1871	1.8010472100318726
1872	1.9057896311449856
1873	2.3688226917215474
1874	2.873953787524913
1875	1.5666120772316163
1876	2.009404568224446
1877	1.56804137390543
1878	2.408942281476286
1879	2.2190601018840996
1880	2.1132224983259187
1881	4.012127813887532
1882	2.5590232537294897
1883	1.644210724037466
1884	2.227265055405208
1885	1.6882343888648823
1886	2.182950560695697
1887	1.7482210027148115
1888	1.627849051630418
1889	3.2106904555499676
1890	1.5859649740213035
1891	1.3406335795586364
1892	1.971792660506683
1893	1.2297523850473044
1894	3.7221835880875864
1895	3.049262273784688
1896	2.6365905681949635
1897	3.3158939478452605
1898	3.978003851258511
1899	3.8162463679525973
1900	1.4373368075241157
1901	2.5066211496418975
1902	1.8577198650845945
1903	2.5210238003132854
1904	2.1264304848572326
1905	2.9546056396883933
1906	1.9184784435898132
1907	3.3158475411684964
1908	1.541616915430065
1909	1.9889255475419354
1910	3.2470408663571657
1911	5.144594688024325
1912	2.4249570413525467
1913	3.230795783177151
1914	2.658515635455411
1915	4.807207054288858
1916	2.2030548386036886
1917	1.5307002780094932
1918	3.8678579043724044
1919	1.548403584913767
1920	3.5821281789581816
1921	1.6796353039099587
1922	2.069542716497882
1923	2.5128091116225515
1924	3.9061821112835293
1925	2.403934523392725
1926	2.781369353271663
1927	1.879277832675133
1928	2.3074025337189554
1929	2.681460009697804
1930	1.6029730178375872
1931	2.0154529798691185
1932	3.683327161224002
1933	3.416602463237391
1934	2.0594658629518614
1935	1.8561131662986219
1936	3.419948782972066
1937	2.272853755998993
1938	2.122837975615452
1939	3.0764736976131175
1940	1.8718959978217347
1941	2.558705097618201
1942	1.9299238704348642
1943	2.237457119152851
1944	4.399246754988041
1945	2.278048055094851
1946	1.7611728403491969
1947	2.815404357305004
1948	2.19419143700205
1949	2.222972356654886
1950	1.7298709177892833
1951	1.589546389952701
1952	4.285609886833209
1953	2.999983398516493
1954	1.6424126744510825
1955	2.6806340822231274
1956	2.5679103142117237
1957	2.5861511326128896
1958	1.9873605879120821
1959	1.549917727262026
1960	1.641994465851194
1961	2.453407623951247
1962	1.890703322716721
1963	3.376677024995398
1964	2.4849748777968452
1965	2.277733474222143
1966	2.368547003561112
1967	1.2321148908385136
1968	2.0811445915837763
1969	4.284814583785183
1970	3.172262498970941
1971	3.238761150793218
1972	4.056416586887448
1973	3.009266676144622
1974	3.3267640259415447
1975	1.8923738315692031
1976	3.3276965112287575
1977	1.1936942999541682
1978	1.9396323009428365
1979	2.7274709159900765
1980	1.62891864599232
1981	2.9169240290531246
1982	3.398585355707997
1983	2.2546777160569342
1984	3.6251661040601646
1985	3.1239537100198196
1986	2.559139959441514
1987	1.3408687564189634
1988	5.934044301877865
1989	1.4402619839145154
1990	1.9259275106313394
1991	1.6633845026656335
1992	1.4351619282660482
1993	2.320451696403448
1994	2.710140246315101
1995	2.5941394767930506
1996	1.329585945947189
1997	1.7123246836967714
1998	1.890240986347805
1999	2.5730086069163933
2000	3.7980761672159833
2001	2.3050606532325806
2002	3.621496289088247
2003	2.682082302533384
2004	2.8382581484718443
2005	2.0953573472541827
2006	1.8828944652105644
2007	2.782919536962085
2008	2.5496670492558846
2009	2.4888728290259636
2010	3.6487503421996648
2011	2.1850965245946328
2012	2.1442192559094355
2013	2.9570794800215014
2014	2.368704641038131
2015	2.3271393248751866
2016	1.3358644931315933
2017	2.1364034976340522
2018	2.865713594045117
2019	4.018449630224909
2020	1.9408298799769161
2021	2.8690011176524397
2022	2.5183923189957187
2023	1.215792491481882
2024	1.6252886925329413
2025	3.8775028629977513
2026	3.101348188458793
2027	2.1226167891890557
2028	3.932778871809632
2029	3.370589542406046
2030	2.4096656803775143
2031	2.6760936504019175
2032	2.0845413294198916
2033	2.6393437971627303
2034	2.213097230225632
2035	1.722759253542949
2036	1.939496273962041
2037	2.2058171251729415
2038	2.680809569903822
2039	2.3061828461690546
2040	2.6442399686713545
2041	4.695837427327145
2042	2.5253991193132546
2043	2.8259988780632663
2044	1.8900266332657714
2045	3.38736699951745
2046	2.642118936426954
2047	2.2565791244166684
2048	2.130388413802841
2049	2.4138160311987664
2050	2.5944126953224504
2051	2.050074415857794
2052	2.452318554467428
2053	2.677284383713653
2054	1.7439544047329523
2055	1.3956967236223536
2056	2.12075458241626
2057	3.264386604512953
2058	2.8843682400199886
2059	2.321762934910215
2060	2.317478547083097
2061	4.418352372498886
2062	2.5441092322784087
2063	3.084776677723034
2064	1.6367095683745485
2065	5.749266023056895
2066	2.3932489689322987
2067	4.317314591870514
2068	3.3292636742965116
2069	2.3659449434822117
2070	3.2520826254793147
2071	2.00238459301613
2072	3.237955554919569
2073	1.9199507217478948
2074	2.316208030171455
2075	3.5257497392954487
2076	2.0717046269925214
2077	3.519170639592661
2078	2.519323175054554
2079	2.432671437276772
2080	3.373292095488004
2081	3.6437686295019076
2082	1.9444813035932698
2083	2.8637744887303698
2084	2.8362833002132124
2085	0.9766077554284522
2086	2.0826138401978502
2087	2.8867998971164166
2088	2.220903598465243
2089	1.5426210234083808
2090	2.2598896363924323
2091	1.5179940249665196
2092	2.6273305677411787
2093	2.2967485139729273
2094	3.7557843239501816
2095	2.960820415434905
2096	2.9090092096616806
2097	1.770247076262304
2098	1.7274678606846654
2099	3.8967170352657514
2100	2.754880540122362
2101	2.797739290806301
2102	2.7587574111898068
2103	1.7752796207696988
2104	1.2308608153500635
2105	2.325063007105409
2106	1.469493268608259
2107	2.0012792401703416
2108	2.6055304445757383
2109	1.6288270723267804
2110	1.6177289692116914
2111	3.5561499761908366
2112	2.9945314068001125
2113	2.445528867081733
2114	3.2159200478636567
2115	1.634043097029894
2116	1.7190391592735281
2117	2.5536085387828984
2118	2.0821558906170887
2119	1.6972477133615198
2120	3.1220541971686426
2121	2.365153850728182
2122	2.9154011725657405
2123	2.3799493309199478
2124	2.4600449024659916
2125	2.215312973717993
2126	2.0992767081179076
2127	1.8860543443817708
2128	3.1102920213183367
2129	2.565135256287701
2130	2.4681440268644668
2131	2.8040058536892096
2132	1.7678417412360297
2133	2.621330053673432
2134	2.2647561124221283
2135	2.461394358029282
2136	4.579150282308939
2137	2.3111140052551606
2138	3.160027516758759
2139	1.2864477991243808
2140	1.728591499078578
2141	1.1877700699748885
2142	1.6485924685280233
2143	3.867768865741299
2144	2.091554289653323
2145	1.9026454550842407
2146	2.3471263598406154
2147	4.3332979616261005
2148	1.9578694559627456
2149	2.177589164886376
2150	2.6711557322487587
2151	2.8227053881986044
2152	2.647264433922668
2153	1.4693474777228621
2154	2.1617109182120062
2155	2.326688213681128
2156	2.092008044454119
2157	3.4072477932721967
2158	3.1276593283931287
2159	2.4568160635038425
2160	4.312773941354118
2161	2.9707249159318216
2162	1.8492906033607333
2163	1.0282877387734117
2164	1.6461057409784763
2165	3.456610957937357
2166	2.8336024679808904
2167	2.362051937786285
2168	2.5133316330891757
2169	4.0811909924080965
2170	4.746776189209997
2171	2.2418737705182985
2172	1.581306016615607
2173	2.2939065634224804
2174	2.2941951774454656
2175	2.366436337118814
2176	1.6103761367071119
2177	2.3114670848578496
2178	1.8949752220138159
2179	1.8704532138212178
2180	2.9205516319913944
2181	2.055574536029427
2182	2.281006174054346
2183	2.6239530095043238
2184	1.9931766525383434
2185	4.74003988171519
2186	1.6567205332937462
2187	2.798181248902649
2188	1.6213076887345272
2189	2.743907395227625
2190	4.7494068357518975
2191	2.9453504871578056
2192	1.887319442630695
2193	2.2833492928102745
2194	3.6166766906005585
2195	1.7110109557349773
2196	2.655865029051481
2197	2.875925422065789
2198	1.6262501405732352
2199	2.2237279895205107
2200	3.303622531942687
2201	2.151622747159594
2202	2.5006428645193735
2203	1.7557161401072896
2204	3.1353928604635173
2205	3.2019896434917516
2206	1.4299890012511645
2207	2.7701583684860047
2208	5.325134628706354
2209	2.8748460690217357
2210	3.252477602889808
2211	1.6855611700130109
2212	2.242598198288429
2213	4.037050217311427
2214	3.7349888988148483
2215	2.296515716983041
2216	2.1651275307057634
2217	2.935843591344428
2218	1.915363856019501
2219	2.9746293731058766
2220	2.6508729419410613
2221	2.1940948823022723
2222	1.3908114746710256
2223	2.4354680287851536
2224	2.2727558557827527
2225	3.234147850117219
2226	2.520968992797552
2227	2.4269580827792567
2228	2.788088712692408
2229	4.6213958662597046
2230	3.1552784480414973
2231	2.314171795929767
2232	1.7451951107178463
2233	2.4901254633461045
2234	2.9304165849416495
2235	2.9589074903766597
2236	3.402402277188891
2237	4.273425550512581
2238	1.838839286930043
2239	2.039882302506148
2240	3.2392116062520486
2241	3.65402672485513
2242	4.170985692046984
2243	1.2679141610959692
2244	4.5715032260923545
2245	2.7148353857358103
2246	5.017106210254428
2247	2.077711077502958
2248	2.7733600781036616
2249	2.8674229602592702
2250	1.811614048499933
2251	2.86776055561654
2252	2.3457325553373125
2253	3.7909326643408807
2254	2.112664377579546
2255	2.660198694268709
2256	1.6758214474620878
2257	1.8978845418457195
2258	2.043230009156156
2259	4.315951519066769
2260	3.203308243942428
2261	1.8973786371816586
2262	3.385682589521782
2263	1.730511128421381
2264	3.9422240187929916
2265	1.9318276530524854
2266	3.686187622245297
2267	2.6239210508813686
2268	2.32446624040733
2269	2.5858485337897266
2270	3.301659344312216
2271	1.9182346336898737
2272	3.463033847924744
2273	3.1729140520258907
2274	2.5920522046897694
2275	2.2434768030656898
2276	2.282755278320648
2277	2.198652797453296
2278	4.2053192760619265
2279	2.265136296337185
2280	3.0960673718797462
2281	2.644555772305617
2282	5.211128765087386
2283	2.4401020656928964
2284	1.7059526212961615
2285	1.9490670702557569
2286	2.010338510351711
2287	2.0314300632579094
2288	2.815195663331254
2289	2.8185686343723844
2290	3.481840127006705
2291	2.9103633098361006
2292	3.5246419297601315
2293	1.2902906322999164
2294	2.366986769016277
2295	2.8678637049382054
2296	1.7598458279463587
2297	2.1996935791637675
2298	1.8318122581866523
2299	2.16496590887238
2300	2.4953246834862477
2301	2.1850139575923158
2302	1.9895760651404846
2303	2.0270323688914083
2304	1.854113860581305
2305	2.858945593506632
2306	2.4454178773458133
2307	2.3549923083491793
2308	1.9477112310535605
2309	2.4797297958340665
2310	2.255207975276549
2311	2.3547304448903907
2312	2.220403451348864
2313	2.4245102616573053
2314	1.9620861307933817
2315	4.30575395438864
2316	3.986440126762689
2317	2.2977232347935574
2318	3.3600156688004534
2319	1.8622416606838261
2320	2.8095269226669703
2321	2.108724147026599
2322	2.194605940294748
2323	3.813422672158325
2324	3.1279513651564104
2325	2.0554674970697664
2326	2.344351329045461
2327	1.3741509519500332
2328	3.1102550970908824
2329	2.35355357613366
2330	3.27163348808803
2331	1.3934564109188863
2332	1.8836134847549797
2333	1.5168402825504004
2334	6.169020775580076
2335	2.83897801172651
2336	4.234007323761714
2337	1.5556702119181858
2338	1.8677319528492615
2339	3.339958625678219
2340	3.163069255756451
2341	1.8926444613842481
2342	1.892231683925525
2343	2.627675989862043
2344	3.828641398516139
2345	1.8227255016657533
2346	2.2295085044667267
2347	2.7550059692523434
2348	1.2284322497764
2349	1.9949774015651096
2350	3.7802051704236543
2351	3.5455380196679585
2352	1.0686137618472036
2353	1.4891100819566523
2354	2.471548151856923
2355	3.0039272025135917
2356	3.0050372941413617
2357	2.3996417822488247
2358	2.0893498606227743
2359	1.4544393461443088
2360	3.8890584030218096
2361	2.576999762556425
2362	2.6925350603208758
2363	1.828326376979184
2364	2.2517160019919573
2365	4.0086161712221156
2366	1.5363024385462265
2367	1.599842216490653
2368	2.0154505855012106
2369	2.0668231377939543
2370	1.4591295167336067
2371	2.0441495135959014
2372	1.4027548138449801
2373	2.6967231389561426
2374	2.9387691954255195
2375	1.7013450169534803
2376	4.754472295641452
2377	2.231174714409093
2378	2.1582689059867763
2379	2.9043860608302103
2380	2.322089265196252
2381	3.770885636354231
2382	2.3262138302896203
2383	1.7404487528845802
2384	2.371788147660065
2385	1.800467671430956
2386	1.7029556357639442
2387	2.8302713590805624
2388	3.969112073756469
2389	3.673002698532498
2390	1.4794369903412667
2391	3.275213487080564
2392	2.1105703952197414
2393	1.556989302992331
2394	4.413133443938449
2395	1.6981853555003152
2396	2.045692146255003
2397	1.8888567116678883
2398	2.0666273053511324
2399	2.5260553925796225
2400	2.7904630480089856
2401	2.410994762053823
2402	2.5516020930100596
2403	1.7443088963884583
2404	1.4994605275036734
2405	4.982272953158783
2406	1.8166784046553288
2407	2.4404184343842745
2408	2.4474316303269776
2409	3.3281232266185743
2410	2.1949181502635966
2411	2.1856078439150135
2412	3.158509775765224
2413	2.0177751557990558
2414	1.6312206627113544
2415	2.2950703768789027
2416	1.3794235160992632
2417	1.139594768000386
2418	1.0307389810161816
2419	1.609866907803601
2420	2.6190466641613486
2421	3.7046390640189744
2422	2.746164319798274
2423	2.819627500064575
2424	2.414268224717246
2425	2.1843789869423262
2426	1.2386196479686633
2427	2.320818979054887
2428	0.9364485082941522
2429	2.1675117850974233
2430	5.241300476751161
2431	2.1777656845897213
2432	3.8910290555782807
2433	1.8859091083351056
2434	3.4333783256579147
2435	1.8678475110726602
2436	2.1218228824730017
2437	2.0846015582487127
2438	2.468121669333717
2439	2.7445255119406866
2440	2.197269149998414
2441	1.865286094715957
2442	2.6253744040126206
2443	4.565598324076246
2444	2.3794456096498298
2445	3.064498255264721
2446	2.357006861332765
2447	2.181367641532784
2448	3.857530664644278
2449	2.5014144359719293
2450	3.0448074089732047
2451	2.6880206906652235
2452	2.6184106400245994
2453	2.41781768440424
2454	2.1639014270737533
2455	2.1205559583045615
2456	4.947194081351609
2457	1.6495329252130573
2458	4.66972715779772
2459	2.2764453312567734
2460	2.8687127138012403
2461	3.3934444589976573
2462	2.504839681650332
2463	1.8736416594704022
2464	1.5089554203663373
2465	1.7962116510741737
2466	2.4556019741413837
2467	2.0243531861784034
2468	3.296853791413537
2469	1.8922958893940578
2470	2.104001830883584
2471	2.651405320436466
2472	1.6444799090336941
2473	2.1992209815463486
2474	1.4804798066661473
2475	3.136745142501804
2476	2.682780427631582
2477	1.610599800173164
2478	1.834186571801204
2479	2.9603355951333192
2480	2.205397004351797
2481	1.5252885609034574
2482	1.7391109739769997
2483	2.146192470370223
2484	2.330667804616757
2485	1.9703450095779829
2486	3.935136408368425
2487	2.278806450633234
2488	2.722783901401015
2489	1.903877882761447
2490	3.153122729252137
2491	3.575887931012993
2492	1.4664986810448706
2493	1.3124441030829068
2494	3.8858001146415675
2495	4.425491184032513
2496	5.437146907701341
2497	1.9333310616399568
2498	2.6411187633872673
2499	1.7280030852965598
2500	1.627586101181619
2501	3.7001577026348524
2502	2.3496270763961564
2503	2.1205338362150714
2504	4.8046774282211535
2505	2.453722846596412
2506	3.063104931525511
2507	1.9038346263865946
2508	1.7584180629610806
2509	3.785045555435423
2510	2.8008541964107114
2511	3.629074284177376
2512	2.068490804979738
2513	1.4234328100793674
2514	2.3775064805280315
2515	1.9494176565196557
2516	1.6004910595700315
2517	2.8923531943039142
2518	1.6916951446918125
2519	2.4644164290838755
2520	3.8598158924559836
2521	1.8847283032284476
2522	2.866688858294874
2523	1.8208075319118617
2524	2.35497621317677
2525	2.019629468650367
2526	1.9178139829169514
2527	2.0460832487491722
2528	3.100379486698208
2529	3.0062286378838734
2530	2.000074345148514
2531	3.265990025428416
2532	2.876066376010542
2533	1.7649249441399968
2534	1.842836627582651
2535	2.636881575538671
2536	3.7404499754875227
2537	1.4887153751902937
2538	2.7176176725767633
2539	1.8984556816380227
2540	3.7618065815181074
2541	2.102464793531429
2542	2.77463545186386
2543	2.621975486091445
2544	2.039464860651469
2545	1.4780168983225597
2546	3.134380376851692
2547	2.007333068458341
2548	2.2768995685627553
2549	4.2145125160399735
2550	1.5363570444299706
2551	2.0309242493657433
2552	2.642766379439197
2553	1.7371839705557461
2554	2.555080052574992
2555	3.239502207545902
2556	5.393024670534815
2557	2.1841495336022367
2558	4.951811962458042
2559	1.6680877134755887
2560	3.459935875615085
2561	2.9537591144626743
2562	3.462184711075755
2563	2.0507838084125174
2564	2.3849743374023182
2565	1.8795790226130673
2566	2.0403137082757437
2567	3.6579542789422095
2568	2.9555683867028213
2569	2.538969983552812
2570	2.5960320927494793
2571	3.038252372197517
2572	2.3553733218652884
2573	3.3878478057049093
2574	1.9920069512089165
2575	2.046868780238561
2576	2.0872032857675804
2577	3.5195035127909153
2578	1.4777217079824512
2579	2.607471289452672
2580	3.0953072262968853
2581	2.3397077389651066
2582	1.2677189421490669
2583	2.596035884589273
2584	1.6207533399006233
2585	2.610758376600971
2586	3.0114925330147013
2587	2.688315268158917
2588	3.264255501569356
2589	1.2211336946475815
2590	1.7301779665402925
2591	1.669251900567052
2592	2.8804552425817898
2593	3.244966477670341
2594	3.2100585107953874
2595	2.2688728238541334
2596	2.6170761510596177
2597	2.3862245701851825
2598	2.506688623007522
2599	1.5052298540863203
2600	1.7384806268297703
2601	3.5194725036609675
2602	1.6971402208056718
2603	1.9728346306813331
2604	2.4943374336434188
2605	2.626562545699058
2606	1.464793307814033
2607	2.360789975147891
2608	2.4604891514128546
2609	2.2924971260262246
2610	4.090237052537586
2611	1.5469689175199572
2612	1.5449731073148143
2613	1.7393492747115462
2614	1.881329322125165
2615	2.646188816375762
2616	2.449523846642722
2617	2.2195994539767114
2618	1.3750941218994392
2619	2.958224397758994
2620	3.425410757101029
2621	2.2320052052352377
2622	1.8409871872969017
2623	2.171180890397157
2624	1.4475581472256742
2625	3.308940721616112
2626	1.771349185554244
2627	2.1644280851111386
2628	1.7547695110785773
2629	2.7409939715587064
2630	2.0297632003603203
2631	1.5399712607862666
2632	2.125048853570886
2633	2.3519874173018125
2634	4.176470771854113
2635	1.7984487041883268
2636	1.549094819890551
2637	2.737416583230303
2638	2.02374716725022
2639	2.1591628474412565
2640	4.6891739286474765
2641	2.2640567157869476
2642	3.740390653641947
2643	3.6661294313895127
2644	3.001438309958667
2645	2.8754930916709625
2646	2.696711126250261
2647	2.335358978098637
2648	1.5842082766719119
2649	2.877451605168167
2650	2.98571127079946
2651	1.209277825664284
2652	3.0218167712464945
2653	1.787854700694048
2654	2.3106668220064663
2655	3.3656258313811427
2656	1.7995216953483757
2657	2.2852043852026718
2658	1.5908359527089075
2659	2.6520983877021527
2660	3.0350150092834123
2661	1.6279740867566153
2662	2.7127060125245257
2663	3.8531253713543445
2664	3.562634533420384
2665	2.1554718268809903
2666	4.295868231880901
2667	1.4366222659951688
2668	2.808692231954145
2669	2.629790063328327
2670	2.3550416919231303
2671	3.71081566463731
2672	1.7109925787408884
2673	3.356672860181716
2674	2.2617953748111352
2675	2.6352363941958012
2676	2.5542492206605996
2677	2.367694128187524
2678	3.2885835043033795
2679	2.433676835402071
2680	1.1919552982218289
2681	3.8836013400420653
2682	3.7342360162576598
2683	2.4888050201082863
2684	4.174093152732459
2685	2.74345077571205
2686	1.9867265412986028
2687	4.494317886174618
2688	3.4871801900814905
2689	5.2877320359903015
2690	4.2153169647687605
2691	2.5153508634406916
2692	2.9244115156331434
2693	2.9345898097071705
2694	3.914923596847116
2695	2.8470176732702326
2696	1.8078673633383022
2697	1.9359875598395546
2698	2.3746191451236878
2699	2.183165651661422
2700	2.6097626154864075
2701	3.2458508090705074
2702	3.090656751312664
2703	2.397889808017443
2704	1.9338731578852564
2705	2.5902683611563724
2706	2.478721332421303
2707	3.008953993661983
2708	2.0915543618509633
2709	1.779467078954902
2710	4.224174960637985
2711	2.3012515160797227
2712	3.085217969732145
2713	2.8541504376179314
2714	2.1884867296386954
2715	2.8169587692201428
2716	2.337618023046264
2717	3.775289564835434
2718	2.046791704216366
2719	1.4095745371735704
2720	1.8338876707068328
2721	3.1618203064549886
2722	1.9620529402630058
2723	2.866225930428371
2724	2.4002434793141654
2725	2.7949244856504096
2726	1.8680816837872622
2727	2.77314252869631
2728	1.4663745443746383
2729	1.703150023260083
2730	1.7014032535023564
2731	2.4933762232991445
2732	2.802223805074775
2733	3.084327997525656
2734	1.999573632929169
2735	2.578150758302358
2736	1.6036435954332011
2737	2.249601669083221
2738	2.609639608596367
2739	1.9612105459542826
2740	1.9107915079340407
2741	1.3715843947113981
2742	1.9901333603562756
2743	1.9245908857638911
2744	2.1720653242615957
2745	1.700011544633466
2746	1.7213988508029787
2747	2.3269156363660586
2748	2.6303167513902954
2749	2.3660568001658953
2750	3.235080203877601
2751	2.8055742259946137
2752	4.0376815487902915
2753	3.394408990088566
2754	3.001598478558628
2755	1.6749346232374132
2756	2.73205494576861
2757	5.866245064123565
2758	3.257971523273476
2759	3.2042004488302407
2760	1.9331010657726047
2761	3.238318778143718
2762	2.775454866232983
2763	2.5332060672096586
2764	2.5387181392829303
2765	2.4285196736562127
2766	2.6110267964663723
2767	1.386327753973352
2768	1.7774495739088991
2769	1.7377311992792472
2770	2.85616859300406
2771	3.161956941589967
2772	1.5265210477020847
2773	2.0595003562192384
2774	1.6267332434736503
2775	2.2431257258462534
2776	1.9252434833895964
2777	4.623856726650145
2778	2.376805378485012
2779	1.9364527521985428
2780	4.089699709513759
2781	2.980082715219185
2782	2.1229326117249356
2783	2.50745326761022
2784	2.465714414211816
2785	1.7941401665066878
2786	1.5038023023164393
2787	1.5542590874039035
2788	1.5752118913139086
2789	2.576135576261309
2790	2.885123040939241
2791	2.186681574129537
2792	1.9875561213469441
2793	1.9613457757834871
2794	1.4398646262315167
2795	1.6656087902280612
2796	2.5675357975596684
2797	2.1629208008550656
2798	1.7326792356967968
2799	2.5324664740140808
2800	2.8485239156817275
2801	1.6957484798752003
2802	2.562704418968872
2803	3.6618281714872047
2804	2.537969807041101
2805	2.2054848214378984
2806	1.3398625866014948
2807	2.366408601598906
2808	8.333238832772132
2809	2.7997498863086867
2810	2.5592606344325715
2811	2.991811751299461
2812	2.4800600876503642
2813	2.060230313016615
2814	1.322137932846152
2815	1.4541501611487597
2816	2.157188435852841
2817	1.5333959730878635
2818	2.484204322348675
2819	2.157646312398962
2820	2.772542734352718
2821	4.17027396805021
2822	2.227163968315638
2823	3.2308424043890454
2824	3.5860069240472314
2825	2.52042727974687
2826	3.018211781108881
2827	2.6522868351173643
2828	2.604187186180722
2829	3.387204543829191
2830	1.9669141501669554
2831	2.5681848087539465
2832	1.8275570754576878
2833	2.2860253494840777
2834	1.097768054889777
2835	2.0736222286477433
2836	2.1678542231661777
2837	2.368748957769752
2838	1.3845449106469663
2839	1.3732316243351372
2840	2.1562611263009264
2841	3.2713290119504665
2842	3.3405361127546827
2843	1.4624393271822318
2844	2.22449124533595
2845	1.5297678573734417
2846	3.190949905963373
2847	1.6196806021676
2848	1.771182702517397
2849	3.4409325727704743
2850	2.231521613175955
2851	3.363120273276069
2852	3.0299242313830184
2853	1.3525975327076338
2854	3.1379147712182887
2855	2.638403255103199
2856	2.5041815132659653
2857	3.400985316880069
2858	2.2269186873044373
2859	2.8134913910991135
2860	3.855602185620038
2861	2.546076823286388
2862	1.544366508103934
2863	1.7076256191539252
2864	1.9147748080353997
2865	1.5037488216381505
2866	2.9647570049923684
2867	1.5423411005108154
2868	4.3157132738901565
2869	1.5166839445531621
2870	2.6093524068937084
2871	3.633328747607279
2872	2.3016727248822786
2873	2.892814225480097
2874	4.7005404237950765
2875	3.201836270283367
2876	2.075550469621854
2877	3.626379295016889
2878	2.7195972043303542
2879	2.4743833307980045
2880	2.881495875431632
2881	2.355382385417887
2882	1.9053350912961307
2883	2.1377006547611455
2884	2.91773618407355
2885	3.5305891607727973
2886	1.5247727523793129
2887	1.5621514944848036
2888	2.1747767084797376
2889	3.67433870130613
2890	2.5121055856757226
2891	1.6855250063856573
2892	1.7373346612155753
2893	2.5994598612340365
2894	2.996415992205649
2895	2.101260619527836
2896	3.392247555224104
2897	1.7463088581630672
2898	2.5216522704613458
2899	5.031520511373412
2900	2.2966579550746546
2901	3.866359893112177
2902	2.2396282599261523
2903	1.9551902634544363
2904	3.9252750483873338
2905	2.6062660781248397
2906	3.2159358999833265
2907	2.421738499369413
2908	2.531614652954613
2909	3.3324180140824686
2910	2.9229196527069607
2911	5.8423298027617925
2912	1.6739057390925483
2913	3.06080383808969
2914	2.4563729836948314
2915	2.298514678879065
2916	3.950314655047506
2917	2.4237585850428296
2918	2.551133815049047
2919	4.279535007761674
2920	2.5732328609921793
2921	2.90052345026451
2922	3.321603488148905
2923	3.2262767494090725
2924	1.7530331947874849
2925	2.096724929193968
2926	2.189381814360472
2927	2.136446932523078
2928	3.2022982295013884
2929	2.3533753720428416
2930	2.9613576735996543
2931	3.977655650432547
2932	3.336284235591363
2933	1.7769604327155268
2934	4.3092875365447
2935	3.515890201926508
2936	2.2440116851688074
2937	3.100398290306567
2938	2.260905667297332
2939	2.39778017130859
2940	2.1436069848208072
2941	2.8619907081380904
2942	2.492858939201943
2943	3.5241894957909135
2944	2.910860457945403
2945	2.33690606455551
2946	2.8797409855525826
2947	2.9427251546806468
2948	4.62151474617281
2949	1.648585042151049
2950	1.8921548302709934
2951	1.7261793290568552
2952	3.2840066505184202
2953	2.686465905538858
2954	2.477878315609538
2955	2.6318388505384207
2956	3.195520610091421
2957	2.7125596705641315
2958	2.662514746797518
2959	1.6192279418906814
2960	1.6516608588687207
2961	2.853144815016039
2962	2.058665308809341
2963	2.920328404056736
2964	3.461299395395145
2965	2.4179081497327743
2966	2.756575080401938
2967	3.9176906761318824
2968	1.8824554574683952
2969	3.7034447691520325
2970	3.2671765779190007
2971	3.228887760754818
2972	2.2712560166020586
2973	2.838043512236526
2974	3.0010403985497485
2975	1.4697619432373763
2976	3.2933451037325363
2977	2.9334361836698415
2978	2.115812071889636
2979	2.12069009319084
2980	2.419992799562386
2981	2.900414183130294
2982	1.9906985208599228
2983	1.78272351196532
2984	2.871479326794878
2985	1.759898513160642
2986	1.5986487559666254
2987	3.7438039986562948
2988	1.1236857664609532
2989	2.6716006832657513
2990	3.0835247912370973
2991	3.0243999773762353
2992	1.7945559887431344
2993	2.047441666581327
2994	1.10074894120195
2995	3.2025621171860448
2996	2.4089916562167257
2997	2.0722164996300383
2998	2.5153715814317574
2999	2.4557203237392415
3000	2.701504300167201
3001	3.496979276118797
3002	4.068747867622853
3003	2.3348027717263617
3004	2.727278518210448
3005	2.203874126548369
3006	3.746107846642484
3007	1.9539569589860493
3008	2.7605685254764176
3009	2.3612211423705727
3010	3.3259006120431223
3011	2.0593591428100013
3012	1.9436858077703743
3013	2.016445510738703
3014	2.27360466729996
3015	2.071269365761061
3016	1.7172723230530234
3017	3.4490639973512978
3018	2.6192036927654394
3019	1.5243805091132208
3020	1.9099948859076639
3021	3.3505897262806883
3022	1.3784591968604762
3023	2.4489067513221587
3024	1.9587655436354219
3025	1.4860281550811696
3026	3.361985726372219
3027	1.6325225743404341
3028	3.113938672683353
3029	1.869302229297647
3030	2.7598733256172387
3031	2.2989242246987667
3032	3.8645126712526743
3033	2.109322637306358
3034	1.9642072739617864
3035	1.2454207707383842
3036	3.170927236472111
3037	3.127617348910151
3038	2.8290751220836077
3039	3.9214430699596625
3040	1.606527699378437
3041	3.9278949947272737
3042	2.6176297361529257
3043	2.621809156899743
3044	2.473742887198326
3045	4.15764564998331
3046	2.2646145004393077
3047	2.3061932761336417
3048	2.4199900679078095
3049	1.5910426445711865
3050	1.9649626801158149
3051	1.1844577545970993
3052	1.8360429613584706
3053	1.9947591897958101
3054	2.5760496675718496
3055	2.2797411557283045
3056	3.853486168021704
3057	2.3322956936657273
3058	1.8465695939939244
3059	2.637237018096155
3060	2.000802101364469
3061	3.0571279034829235
3062	2.021394971935893
3063	3.55544859843902
3064	1.8776249509751146
3065	3.036421513258638
3066	2.6281830382323745
3067	3.054848423324662
3068	1.8025941426817416
3069	1.7169476671583024
3070	1.706655409112726
3071	2.730406895552048
3072	1.5874692150300391
3073	1.4768629293933795
3074	1.7066856266980726
3075	2.2038398070307332
3076	2.786485010289845
3077	2.769182001492327
3078	1.7238203881907295
3079	2.390274906238227
3080	2.1123725171812184
3081	3.157801824359194
3082	2.161335529704926
3083	2.7779920439555004
3084	3.23540835606035
3085	1.8858695011656306
3086	2.2768542443121844
3087	3.309666329527634
3088	1.631918205844999
3089	3.4659148928673162
3090	2.4600574995794107
3091	1.6020569491414978
3092	1.7737656971490252
3093	3.722023707555712
3094	2.3565133577698116
3095	1.9230401669462014
3096	3.244624694453889
3097	2.1980556898349284
3098	1.8201614426509667
3099	1.8274298260499162
3100	1.8176459433560161
3101	1.0400157642052619
3102	3.3788134749982057
3103	2.2457676794898025
3104	2.1016837908605184
3105	2.165190610567854
3106	2.7881675722092254
3107	2.081781848666108
3108	2.055750855031663
3109	2.104134400468063
3110	3.3904468687023503
3111	1.7901725070604808
3112	3.0925811211659533
3113	1.2268819095733836
3114	1.7155706614350505
3115	1.966504034322621
3116	2.291783349430525
3117	1.5904800840747426
3118	1.8383011672202771
3119	1.9569829112623542
3120	3.1254702384356534
3121	2.3525047539221724
3122	2.3961584811310632
3123	4.526483811248275
3124	1.9016005887072438
3125	1.9587841776627422
3126	2.323302173977969
3127	1.4710418919826636
3128	1.3037803438217315
3129	3.773111939245122
3130	1.9452454885733392
3131	1.166857097637498
3132	4.029991489741093
3133	3.093195173662917
3134	1.321829318324398
3135	2.194933380656107
3136	2.3125670147162354
3137	4.2036812765618325
3138	2.6787718619462755
3139	2.534929700780495
3140	2.2083595992632223
3141	2.063179494197627
3142	2.3008385908262583
3143	1.9786269695707812
3144	2.6068070076534373
3145	2.085315882564666
3146	1.3153767645201482
3147	1.736702750828052
3148	2.7944745830829048
3149	3.8352469326772796
3150	1.4614764349143214
3151	3.099494147112034
3152	3.073627648512875
3153	2.9647388498863
3154	3.337006555301363
3155	2.4242336445259745
3156	1.738922735365388
3157	2.1659532559717647
3158	2.9802479206353296
3159	2.784886070550122
3160	2.6778721837525956
3161	2.821167104722092
3162	2.933820115795285
3163	1.67886842870878
3164	1.8007918995251309
3165	1.6527507015133276
3166	1.8999653637537577
3167	3.6355419498308694
3168	2.704917113449383
3169	3.0057025346320163
3170	2.2706725187637002
3171	1.560348982394358
3172	4.252364477396934
3173	0.963773921673621
3174	2.3875025755876944
3175	2.1303307506340845
3176	2.746932740288248
3177	1.8302599494628857
3178	2.3528460754424207
3179	1.7923924980807981
3180	2.59638397839509
3181	3.54540114222288
3182	1.9906843585653935
3183	2.939112965396745
3184	1.2222835115563275
3185	2.560978423057283
3186	1.684702637815494
3187	1.7521198687475485
3188	2.6387121521757484
3189	3.3263756711529924
3190	3.1190985796332567
3191	1.8610905931903738
3192	1.8719342866516004
3193	1.898179636834126
3194	2.2131504612449326
3195	3.10123651434357
3196	1.9373068614979287
3197	1.451639870872918
3198	2.758657054833236
3199	4.479990616243337
3200	1.4143815728482325
3201	1.8168008285379775
3202	3.0392808683079204
3203	2.7850434044572494
3204	2.364094758904495
3205	1.4721655353380334
3206	2.8120504774438557
3207	2.473776698017221
3208	1.82812907257195
3209	3.4566312726137705
3210	2.812412633445844
3211	2.162600850025482
3212	1.7754906824168906
3213	2.7055801336941725
3214	2.190385515862934
3215	2.7995569501220863
3216	4.499875740602483
3217	5.308796602614479
3218	3.3387287875903486
3219	2.2365262969947732
3220	2.7896554158308957
3221	2.527966752938397
3222	1.939385746406709
3223	1.4485221144427372
3224	2.3204482890498728
3225	1.7691799913804622
3226	4.963265758059915
3227	1.7476865634009922
3228	3.1708941714593957
3229	3.2082314262063645
3230	2.2555476806807326
3231	1.573243003768595
3232	2.537980377931912
3233	2.249279431554207
3234	2.8439040995187748
3235	2.1855923423097936
3236	2.345420129514215
3237	2.5318572635378955
3238	2.7002984608010925
3239	1.7314330163769722
3240	2.4587686183138935
3241	2.622692950357801
3242	2.42587323429147
3243	3.2128260412596936
3244	1.784020178941969
3245	1.5877799434804567
3246	3.0678522854716443
3247	1.4264552981710596
3248	3.269025156535456
3249	2.0602146469070366
3250	4.723569637163753
3251	3.313297598557385
3252	3.2625700453739164
3253	3.235995461278389
3254	2.9642932768266768
3255	3.2698091844686563
3256	3.4796879409937103
3257	1.5047746168836829
3258	4.302399960494956
3259	3.7950173720377034
3260	1.7900909353990624
3261	3.645714665697278
3262	5.455245421339407
3263	3.415644482322293
3264	3.4050216912575815
3265	3.737679063224988
3266	4.42477662316586
3267	1.8452964201255284
3268	2.842219033030602
3269	3.015937422888244
3270	1.7411947709307036
3271	2.045831182428378
3272	2.190229072604025
3273	3.033146199157298
3274	1.6096756408287292
3275	2.1912869315038583
3276	2.1947830913337674
3277	2.1850564442212423
3278	3.2802257868607323
3279	2.0124245882805596
3280	1.8256146329389855
3281	1.9524703853375476
3282	2.6860230021507028
3283	3.1149921146944286
3284	1.6552747979850444
3285	3.163756287480536
3286	2.922657218166246
3287	2.7617799968910743
3288	1.2009414249701695
3289	2.0040017248721553
3290	1.1341540006449136
3291	1.8158201012342439
3292	2.6584199528098664
3293	2.6579350811648785
3294	2.4168321042956795
3295	2.623319239906808
3296	2.4370861543316615
3297	2.1089092351592575
3298	1.771955660156835
3299	1.5773378280034034
3300	2.918132229794608
3301	2.792114290067635
3302	3.597216775895087
3303	1.8632970184805335
3304	1.4772953087952994
3305	3.2249201919799897
3306	3.084813859551429
3307	3.7489406526666142
3308	1.5376231622663823
3309	2.7389434088065077
3310	1.6780973555348238
3311	2.5248085171056247
3312	2.4662720908070046
3313	1.9087318455945224
3314	2.6859942631311626
3315	3.13020574426551
3316	4.095225919934681
3317	1.8525501432507534
3318	1.1195894358498886
3319	4.210618959171848
3320	2.574622891044853
3321	3.0341253506883112
3322	2.169201870261496
3323	1.8154623044354452
3324	1.8769942658772385
3325	1.3376459308177173
3326	2.1596853031866465
3327	1.1826180422004073
3328	1.667917337257789
3329	2.9812027164336197
3330	1.5947746949907757
3331	2.413364120944547
3332	2.2550604382495036
3333	1.832645507058205
3334	1.654822353569103
3335	2.185155068996683
3336	1.863018365833037
3337	3.169395767552854
3338	1.78526479840499
3339	2.1404989402003496
3340	2.003599276529834
3341	2.8415241497726824
3342	1.8038794750188794
3343	2.4496967544865993
3344	2.1550743993691444
3345	2.7831976110979832
3346	2.6496415323045577
3347	2.5068774216080705
3348	2.1369878666647293
3349	2.246713944348191
3350	3.0257180212918215
3351	1.5821298126100338
3352	2.537150390877792
3353	2.406695523511197
3354	2.368887700716265
3355	2.8287174350035835
3356	1.8220253121030914
3357	2.6694748771516448
3358	3.8564377983001368
3359	1.6891846695235009
3360	1.2947257417832148
3361	2.805723378192243
3362	2.486281419106178
3363	1.7945922086934032
3364	2.1264058527040106
3365	2.376185033999087
3366	2.905483834285441
3367	1.451278854106095
3368	4.3121953502966
3369	1.8856657551177158
3370	1.0247343965947115
3371	2.9881420332273407
3372	1.5585886068118715
3373	2.6054317718496196
3374	1.672329495507278
3375	1.6597849211242666
3376	1.5189727155202633
3377	4.697421046599491
3378	1.5652069258860035
3379	3.742021985272982
3380	3.2259277026875774
3381	3.650619805462035
3382	2.8324723713693993
3383	2.252242430599358
3384	3.395090024950053
3385	3.0291362248917615
3386	2.408388048924383
3387	2.1038104386180327
3388	1.527778578315227
3389	1.9158497538263224
3390	2.3047896743085787
3391	2.1233560556239506
3392	3.3193471668019012
3393	2.0908534325708077
3394	3.265877277344334
3395	1.8067178181322312
3396	2.035273219370974
3397	3.4501165215910636
3398	1.483547484030162
3399	1.6830443917511766
3400	1.9331266831269063
3401	2.4889708512842277
3402	3.1802131929264013
3403	2.6215489738072857
3404	2.715426601581095
3405	2.560452234292503
3406	3.043671335124081
3407	2.2934790751809793
3408	4.462533353612631
3409	1.6761520230268507
3410	3.5527060881181867
3411	2.6467578291402174
3412	3.934108186955321
3413	3.4256855416429275
3414	2.4580066421250675
3415	2.3612111010684567
3416	3.539734368209296
3417	3.1496847076661356
3418	2.3870057942601197
3419	4.8631281986711565
3420	2.453905052729498
3421	2.0051372084493067
3422	3.114871541634919
3423	2.748058391704439
3424	2.0149588197271178
3425	1.1315777628789148
3426	2.1649984728253058
3427	2.6369312669974745
3428	1.7741221511815202
3429	1.4375658780977334
3430	2.386959065291171
3431	1.9065112300900617
3432	3.470530059396988
3433	2.608477150031777
3434	3.045767281857055
3435	2.4277399901620598
3436	2.6081660858750473
3437	3.3378595993089744
3438	3.5974656318455405
3439	2.736008819970006
3440	4.351377698771782
3441	1.3740378978534615
3442	2.2264934159105327
3443	2.1762556133168856
3444	3.2868014873514317
3445	2.2598385695829033
3446	2.2589543329275834
3447	4.559656030138504
3448	2.935983019299406
3449	3.196323832076783
3450	3.112244458232259
3451	4.1302206929017355
3452	2.3610737630636147
3453	3.611893928097305
3454	3.0017633561572366
3455	1.7283099273178828
3456	2.934452019077638
3457	2.5751380155227426
3458	1.5277050146583515
3459	1.7853146515364702
3460	1.6094549123009858
3461	2.1524361086339643
3462	4.197488069076338
3463	2.7586765052521365
3464	2.2494368311926785
3465	1.278019476001867
3466	2.7112964873217242
3467	2.4096504614857537
3468	2.7380981545082617
3469	2.4810537691760435
3470	4.064666004770613
3471	2.403745472775821
3472	1.7966386088562727
3473	1.5083324377900122
3474	2.9026652866445297
3475	2.2674472044008604
3476	2.220215812655102
3477	5.113754080082454
3478	1.622478256825312
3479	2.0583292336960315
3480	1.5483931643110616
3481	3.677202601198316
3482	2.3220640590100414
3483	3.0088843789607536
3484	5.188817005744338
3485	2.4762207523792337
3486	3.090584644799866
3487	3.2529120256739343
3488	1.8234591627236139
3489	2.3673335311024686
3490	2.7112123353911532
3491	2.6040882933824876
3492	2.9657479029641944
3493	2.026614098252218
3494	2.2887416485368237
3495	4.0919536257762905
3496	2.6625779635433164
3497	3.190258415211823
3498	2.6417948474018207
3499	2.188470477195973
3500	1.8310305491350618
3501	1.9925408001853724
3502	2.6395739072564264
3503	3.796961374741912
3504	1.544629099936464
3505	1.636025325658807
3506	3.003181995422047
3507	3.6604096873327294
3508	1.3241977280610424
3509	1.7424531067204008
3510	3.7521330545057503
3511	3.1626456106247005
3512	2.2044888304987436
3513	2.739545124846834
3514	1.4708982552131844
3515	1.8327157134719245
3516	3.0002770363852225
3517	3.352017663260937
3518	2.219370101693288
3519	1.986107754097254
3520	2.455855698013079
3521	2.085888213002168
3522	1.5872734318450437
3523	3.846924827129863
3524	2.900334649115359
3525	1.709033010718468
3526	2.2974386584494577
3527	2.7116762604122138
3528	2.0862934305746657
3529	2.782645611283155
3530	2.2809416430882288
3531	2.396158508079028
3532	5.4443390469569
3533	1.664084947794122
3534	1.8412971364610704
3535	4.090483481932217
3536	4.335365914109645
3537	2.0726968135187334
3538	2.235051594957033
3539	1.7248740960200053
3540	4.559240597413438
3541	3.0972117667310393
3542	3.002407746991995
3543	1.9025603313113262
3544	1.8629996428100053
3545	3.776038003363659
3546	1.978895999388491
3547	1.4691495123588105
3548	1.5718967146917082
3549	2.2180632445908994
3550	2.545910567767296
3551	1.7588986687917523
3552	1.863768698819079
3553	3.415887713944681
3554	3.9598099253743175
3555	2.87829773142069
3556	1.9591492250235039
3557	3.797399708078273
3558	1.8650701488693766
3559	1.6733519494793294
3560	2.990499485647445
3561	1.461855233905932
3562	3.4529466581558923
3563	3.069578991775681
3564	1.5038915456712687
3565	2.1354352474450615
3566	2.05672198946065
3567	2.5483187474104008
3568	2.2768211823151834
3569	1.6811610074541676
3570	2.2155072396612816
3571	5.423984706886159
3572	2.038379882297021
3573	1.7904648667535519
3574	3.0320036615731114
3575	2.7803723741521607
3576	2.064013535237327
3577	2.4810867973222344
3578	1.579466145041281
3579	2.3836470728100063
3580	1.820374013232362
3581	2.5935698097634967
3582	3.12931696318047
3583	1.1201945501284478
3584	3.466548233758019
3585	2.021545644032853
3586	2.553800463110185
3587	3.2179054162699767
3588	2.687762880432985
3589	3.5024884339170876
3590	3.014987490546194
3591	2.6168151210934103
3592	5.038666637297547
3593	1.5100251660100443
3594	2.6029387154821015
3595	1.4973476399600765
3596	2.63483363352234
3597	1.8209158843569133
3598	1.525519072243799
3599	2.927803595252259
3600	2.7247570749776657
3601	2.028267974780201
3602	2.63134853049536
3603	2.1955722217068123
3604	2.425219922033854
3605	2.8716023299434505
3606	2.3489203468585846
3607	1.9745290153155002
3608	2.7075684862014904
3609	2.9558423699221312
3610	1.890800440232686
3611	2.8416173895652452
3612	1.94112758154515
3613	2.5490986732852363
3614	2.3499307568710512
3615	2.5504734543350973
3616	1.9218653962809937
3617	1.9487232712292828
3618	2.011899288233123
3619	2.5519116155809325
3620	2.9533434627968083
3621	2.6582153876450514
3622	1.850490799865211
3623	1.6535897401345783
3624	2.2873247006195405
3625	1.4248535710113297
3626	1.9397911292970347
3627	1.8507967807083834
3628	1.518853482511196
3629	1.7716530679907032
3630	2.172719624406561
3631	4.672540912945393
3632	2.5439886332801356
3633	3.6600798066199682
3634	2.4481084605458854
3635	2.2290919686373254
3636	2.3499201495587316
3637	2.726698516483857
3638	2.182672927315885
3639	1.4836327709031012
3640	3.732467915858397
3641	2.3541724956661283
3642	4.471185540550902
3643	2.2141360804213597
3644	2.6853893055941493
3645	3.1462716050879056
3646	3.495195701556912
3647	1.7724828456805821
3648	1.477493045268749
3649	2.07568881325988
3650	1.8623811292260015
3651	2.514002054224939
3652	2.6062109708756194
3653	7.851432080702948
3654	2.014133467874857
3655	2.0307652073417546
3656	2.8554777039568715
3657	1.2361758666176696
3658	4.416724090118614
3659	3.2220982159710627
3660	1.452455654297926
3661	2.113780995884557
3662	2.483815108247832
3663	2.9645553123113624
3664	1.7179184840824104
3665	2.488001015837801
3666	2.7400304414925243
3667	1.5168702590736967
3668	2.5333247089212496
3669	2.4978768377605114
3670	1.6152501042246572
3671	3.6786574385941266
3672	1.949833876415322
3673	4.1474945984432114
3674	2.7537691553531434
3675	2.871900288030313
3676	2.3788113930848476
3677	3.043969100569929
3678	2.72084159357912
3679	2.1225585655661585
3680	2.0076972851146313
3681	2.1800395086743842
3682	2.444547328986176
3683	3.146955526424834
3684	3.1602333922973544
3685	1.6932851995910274
3686	1.4067316498078717
3687	2.544377001738596
3688	3.245491111779059
3689	2.8869837143290074
3690	2.7235914168249264
3691	1.689833281911552
3692	2.5101813166533122
3693	2.8148090556508207
3694	1.8626193598087746
3695	2.4175036643068766
3696	2.1819994483557585
3697	2.056910344014011
3698	2.5997854303362686
3699	1.1578697807166636
3700	1.8699222342335808
3701	3.048113723983633
3702	1.8596122081912199
3703	2.2929115747088744
3704	3.2810997234130004
3705	2.3689423001976775
3706	2.736365064989676
3707	2.6762948959020685
3708	4.8142541607693055
3709	2.626100490222825
3710	2.798541555811178
3711	2.1183899742750847
3712	1.2774917745031733
3713	1.011077300932721
3714	2.337520594511422
3715	3.325786834752416
3716	3.3743416467813145
3717	2.6056441351626964
3718	2.728549554981111
3719	3.419522845825795
3720	1.7074348233435876
3721	2.511673931771905
3722	2.357380375066018
3723	2.850386669261859
3724	2.401630651543822
3725	3.0482329711703797
3726	3.9419783830949298
3727	2.193173695138168
3728	1.3714922018038003
3729	2.631884435572794
3730	3.6235048578578204
3731	1.3435874691232181
3732	2.497443457947457
3733	2.6090838142683284
3734	2.068748592310846
3735	2.9444374737399577
3736	2.4756413055411612
3737	1.6548315670191465
3738	1.8593945466156658
3739	2.0910792721443223
3740	4.915176157818747
3741	2.3867850789969616
3742	1.3433693793220083
3743	2.406793896042319
3744	1.2835720967483006
3745	2.1403996368806326
3746	2.443042712177948
3747	1.5984487332667154
3748	4.632986927409799
3749	2.23246577022528
3750	2.284206290298378
3751	2.235732113728877
3752	2.8663240958810228
3753	1.4691442496605187
3754	2.0709276057889077
3755	2.887326920247864
3756	2.017532742791895
3757	1.4424731140565612
3758	1.5652705594014031
3759	1.3071293621431628
3760	1.8926500031610827
3761	3.1643790469362596
3762	2.6021087689836797
3763	1.5606286982886204
3764	2.7803670731022194
3765	2.637253857520745
3766	2.5976147426391325
3767	1.0299794046761983
3768	2.397141343850088
3769	3.8344722442024093
3770	3.8507911095760363
3771	1.258435767920704
3772	3.822394617805998
3773	2.671194546882988
3774	1.8817901491470717
3775	1.321218930353254
3776	4.678022769565965
3777	1.203988607847401
3778	2.413683655666477
3779	1.6376398184477832
3780	2.3776375708835813
3781	2.2242582812423173
3782	2.9996493086985527
3783	2.9417274449647395
3784	2.2126546950036077
3785	1.4571651064522337
3786	2.049578437169895
3787	2.1393097518293227
3788	2.8947831017449603
3789	1.6756817474807275
3790	1.6241361070979368
3791	3.803068532444994
3792	3.7590551305596573
3793	3.5468308749179567
3794	1.7048964069285644
3795	3.736629297232142
3796	1.4198275898474835
3797	1.6617477797939506
3798	3.6769795908208467
3799	3.003402359772664
3800	2.4277642375373887
3801	3.2110876476920973
3802	1.7312474182948823
3803	1.85174471790944
3804	2.3088480516429057
3805	2.1880700180011594
3806	1.8123747381297617
3807	2.904732289536566
3808	1.8749682651806598
3809	1.3631210510755005
3810	2.2637925931227048
3811	3.0856584314040703
3812	3.1001471440202266
3813	3.034211579715517
3814	1.7133785330212057
3815	1.3998148983938434
3816	1.8105617333735302
3817	3.840301403900788
3818	1.4981646681023848
3819	4.027505856605633
3820	2.0736475120382547
3821	3.0023197220097075
3822	2.7442762408923276
3823	2.5610409562174508
3824	2.6643382840270102
3825	2.0789551084070177
3826	2.2450236873683243
3827	2.085862584598678
3828	3.0270315254040017
3829	2.8325668396358994
3830	0.9933158018127509
3831	2.7734441246323556
3832	2.723737590428108
3833	2.5198450016374294
3834	2.0979914448949377
3835	1.1528088865789357
3836	5.923305671875739
3837	2.04466123807052
3838	3.401167226373217
3839	2.4589486867681494
3840	3.7006707942397385
3841	3.8213767252868873
3842	2.797168447800963
3843	2.1620852946500007
3844	2.5835901555681917
3845	2.6870375444043693
3846	3.584230113351429
3847	3.33689265062281
3848	2.4328017677568834
3849	2.669399969213969
3850	2.7170652865651244
3851	1.8208335502190918
3852	2.2732178215436964
3853	3.5284457566025114
3854	2.068893984828694
3855	1.9511432368117538
3856	3.627552720726418
3857	2.444428688956775
3858	3.1183235497811275
3859	3.1099863550212823
3860	2.73674659560751
3861	1.9025831176928472
3862	2.8565275870044786
3863	2.537127874962799
3864	2.2304762355472123
3865	1.942842897923183
3866	2.243758462129376
3867	1.4880527291514014
3868	3.9747672364059734
3869	3.2445578676454834
3870	3.9276294340290536
3871	5.150863427802278
3872	2.400819981248261
3873	1.873790754357759
3874	2.300569484924534
3875	1.1454550972623807
3876	1.9083477018773258
3877	2.930828259806744
3878	1.3026699473482068
3879	2.640751735737583
3880	2.6180851876658164
3881	3.0732528787546225
3882	2.9063400800001626
3883	1.2921179697729812
3884	1.9917285081336848
3885	3.339527196144484
3886	3.0155545448918035
3887	5.155340129056162
3888	2.210225129780229
3889	1.7796436217322367
3890	3.77983942240385
3891	4.667184778763123
3892	3.135554886757894
3893	3.6431104610087255
3894	1.4835733077847622
3895	3.081354542836772
3896	3.785146803734923
3897	2.592221004816024
3898	3.0829418998932425
3899	2.634610654239489
3900	1.6228794767094663
3901	2.250557970487439
3902	2.4919912179953063
3903	1.7616096981848914
3904	2.523571394640477
3905	2.664142785333435
3906	3.5178653947823344
3907	2.086824103413901
3908	2.172041448161559
3909	2.4960268762405993
3910	2.0854932963760184
3911	4.544240752873191
3912	1.0860177149914032
3913	2.459144413303647
3914	3.2023622848895736
3915	2.7860087719057116
3916	2.6381575979353724
3917	2.568057401060974
3918	2.0720906613107037
3919	2.0906325354119315
3920	1.5110621740155663
3921	1.484399958263928
3922	1.6934479833560199
3923	2.283623939117406
3924	1.4901151450831747
3925	2.0400703606913893
3926	2.9301327581498606
3927	2.5571550912236125
3928	1.5378154855884234
3929	2.728866643047679
3930	1.727097515981362
3931	1.5972312747788169
3932	1.8345586557474873
3933	1.4143864495397565
3934	2.146484635659542
3935	2.1607845615751193
3936	1.564179360346063
3937	2.0541472321537455
3938	1.07419425629549
3939	2.4272794208205015
3940	1.9448278427672727
3941	4.811917408663693
3942	1.6084172129817058
3943	1.7367889933279828
3944	2.3953087679533565
3945	1.6749564883401382
3946	1.6986436240952634
3947	1.2600235931125519
3948	3.036674284720595
3949	2.4684199189622453
3950	2.2830055352023044
3951	5.475169090513614
3952	1.636017390775954
3953	3.391119406109219
3954	5.983746584329959
3955	3.4866115531650674
3956	2.007856122426122
3957	3.451358668740206
3958	1.8544571241489178
3959	2.241488322977045
3960	4.082091024497204
3961	2.282482430547206
3962	1.6266303673229252
3963	1.6144030432710952
3964	3.263833573987466
3965	4.8088916751387085
3966	1.9441899414201813
3967	3.152708459565163
3968	1.4170943414621682
3969	3.590000155586176
3970	1.9120152483970148
3971	2.956233309685123
3972	3.4905294328395167
3973	2.2058080857361966
3974	1.9174039934493232
3975	2.8060811514498365
3976	3.698056717927104
3977	1.7510993490311249
3978	1.6553902906970936
3979	5.3758202260279795
3980	2.8775055548908264
3981	5.6291857306463875
3982	2.781727016132088
3983	4.6492112268360275
3984	2.097769189424793
3985	1.878675660261252
3986	2.037217576226238
3987	3.7094079573467598
3988	1.8350755988892873
3989	2.577753953420659
3990	1.670200056153717
3991	2.3446687395042094
3992	2.75485926842682
3993	2.881303984979467
3994	1.490814582105536
3995	1.2178863747533692
3996	4.20831654616769
3997	1.7347464898898295
3998	2.77079030042623
3999	2.7991058922641288
4000	2.2027336676073457
4001	1.3891105855336765
4002	2.174493241794318
4003	2.9888457904939667
4004	2.1097685659805308
4005	3.0909302404975065
4006	2.7237911414362825
4007	4.44885698160511
4008	2.9704975195440504
4009	1.757097125993098
4010	1.7338429342792778
4011	2.0378148138136827
4012	1.5772204675351642
4013	2.3089796618754965
4014	3.2992374343609705
4015	2.6047261992079336
4016	1.8206660384169187
4017	3.1523019200987528
4018	4.170179724583148
4019	3.3970534654309708
4020	3.4086050277121833
4021	1.8692105440417996
4022	2.6324733281173627
4023	1.7915852967155297
4024	2.299160059040761
4025	1.8864903694946002
4026	2.5575452215156114
4027	3.377289696294879
4028	2.9154429635107175
4029	2.771286202233842
4030	2.3982277779202383
4031	3.5480993716252014
4032	1.8430923544466598
4033	4.167562886072436
4034	3.2440556362472877
4035	2.3455375596680255
4036	2.3409506346702713
4037	4.869807864003087
4038	2.4348280208004023
4039	1.9774081741137313
4040	1.890188502198872
4041	2.454817963010385
4042	1.5983145723767933
4043	2.969261548368018
4044	1.5648102186603488
4045	1.736373510007836
4046	1.7741929401349743
4047	1.9157187809538305
4048	1.851066782550898
4049	2.7801005904061498
4050	2.227918818554993
4051	1.866686125495116
4052	2.2416299864981415
4053	3.4498553207827785
4054	4.008781635831081
4055	2.5890345120116813
4056	1.5772733602401978
4057	2.145730317948917
4058	2.8224940654770174
4059	2.7810616800954313
4060	1.589606234456403
4061	1.904847963150663
4062	1.7289253214325024
4063	2.2600419358178794
4064	2.037002954714506
4065	4.104333488619972
4066	2.72956500017543
4067	2.4667796656260803
4068	4.10880777438632
4069	2.365151069592424
4070	3.2117768608097457
4071	2.2184311562035015
4072	3.3885019187630623
4073	2.7874692251351516
4074	2.5147084886462725
4075	1.9540998053478271
4076	3.3443152104025327
4077	2.017963062802867
4078	2.912588686062585
4079	1.4963758393741013
4080	1.8238679155974926
4081	2.279109179088228
4082	5.391621932578729
4083	2.1242175810853157
4084	2.5503733857019797
4085	2.324920119707495
4086	2.790252812509622
4087	1.9275005110293129
4088	2.777832289310331
4089	2.1512936527803412
4090	4.673552811812867
4091	1.9917134631526625
4092	4.083688352063782
4093	3.5364464080060145
4094	1.7556466065208196
4095	4.874251260278256
4096	3.335470302771246
4097	2.37765877113087
4098	3.435315856175843
4099	2.707331089316496
4100	4.290080022688141
4101	2.339742717934493
4102	2.7363851451038466
4103	2.2208353660047058
4104	3.344554084986113
4105	2.9323306366860473
4106	1.6225505860731801
4107	1.7430485924377246
4108	1.4982138722200762
4109	1.5828741453901867
4110	2.503134575998397
4111	1.6157593474349312
4112	1.6632995751954793
4113	2.4557614141976796
4114	2.5249136476408767
4115	4.343153684682249
4116	1.962299942756429
4117	2.895679689545331
4118	3.3310580000766636
4119	1.7413961446486372
4120	2.537287237176468
4121	2.15206335173409
4122	4.552708456036127
4123	2.212050865235644
4124	2.943737103604123
4125	3.291923931354581
4126	2.1340774103362308
4127	2.284655626744188
4128	1.2303523295692944
4129	2.01947799476614
4130	3.645996844558787
4131	2.2178882120718026
4132	4.598022268801388
4133	3.899650208563978
4134	1.9649236753493857
4135	2.241452983194631
4136	4.029068343028992
4137	1.6241477775839062
4138	2.3777388224556533
4139	4.365937894050715
4140	2.8247954034085647
4141	1.7717554221615053
4142	1.9033902278077508
4143	2.312094498632186
4144	4.355517130259119
4145	2.503576025975587
4146	2.4979615269644917
4147	5.708883080940091
4148	2.6398894270537383
4149	2.683094845195385
4150	2.2078254406512063
4151	3.3475585942826305
4152	1.644841328676575
4153	2.1898541861226746
4154	2.973060481182875
4155	2.4348716067325116
4156	2.9396866454906707
4157	1.334277515575528
4158	1.8964316662833238
4159	2.340843290427968
4160	3.1199819874694192
4161	2.3288811314332003
4162	2.8231278790320258
4163	1.5554832302755426
4164	2.791068584313361
4165	2.2964280434717055
4166	3.2667839982192084
4167	1.4409764132697684
4168	2.6228280507870307
4169	3.6584039132038373
4170	3.098598079840796
4171	2.114384570616882
4172	3.851209117502421
4173	2.5334114886141137
4174	1.330231391119996
4175	3.8220857210981447
4176	2.6781551649539925
4177	2.20885048397011
4178	2.1126129323575946
4179	1.9638734225960144
4180	1.9886653382573256
4181	1.6807655862354927
4182	2.05301445385845
4183	2.4460506210300035
4184	1.4793074990960327
4185	2.822319150253121
4186	2.1330072895041483
4187	1.2674121719438145
4188	1.8327693955477167
4189	3.0928407982875927
4190	2.816191382988215
4191	2.6116070543719143
4192	2.671449720153012
4193	3.998062213900786
4194	1.772945181425898
4195	1.5914494996719717
4196	2.477800565649278
4197	3.1242048637211925
4198	1.7966525384145897
4199	3.2890160305494707
4200	2.517043119611333
4201	1.829200849853435
4202	2.647680654101991
4203	1.6875058135596381
4204	3.708787580674476
4205	1.3395551132235874
4206	2.084557363147183
4207	2.4703763448078044
4208	3.678271734680984
4209	3.0983254129940976
4210	1.8163263339896234
4211	2.620663232917254
4212	1.3870989397071771
4213	2.4762892931842484
4214	4.072088595629868
4215	3.610288105712704
4216	2.203897582911348
4217	1.2093749100165354
4218	2.111567363244404
4219	2.003477226093164
4220	3.238488585700341
4221	1.881378994402295
4222	2.1778564164275505
4223	2.8064667274153097
4224	1.7403011319778228
4225	2.8585663794651373
4226	1.614063395236337
4227	3.6559565347909766
4228	1.9883502595161187
4229	1.6136241542461602
4230	2.2610301512892415
4231	2.66611395271774
4232	7.520919689515249
4233	1.7633143887917917
4234	1.9170281591506169
4235	1.9769501988291194
4236	2.2154557406605258
4237	3.321938206456516
4238	3.268150660178872
4239	2.0157173022163417
4240	2.9464855355554174
4241	2.1972134278769193
4242	1.5871399383594635
4243	3.559714714367746
4244	2.388551291063165
4245	1.8846713206712074
4246	1.001731134404246
4247	2.1764592219433645
4248	5.842041714952692
4249	1.9367722758000236
4250	2.650909427967193
4251	2.4877305910074834
4252	2.1400432217070953
4253	2.289142293143634
4254	2.990208839490438
4255	1.4675149905510103
4256	2.9536464345941877
4257	1.9351325974054514
4258	1.4933049882958807
4259	2.2572513733806088
4260	2.930099949416138
4261	1.6580226160762517
4262	2.409749213552802
4263	3.0684490959884867
4264	2.1324325931793413
4265	1.5435575729284379
4266	4.013874419522809
4267	2.69677934052362
4268	1.7391528808089765
4269	3.407073514531073
4270	1.7661725432755808
4271	2.099074604946318
4272	2.533213501462645
4273	2.7387038152285705
4274	2.1736016486611476
4275	2.0164068080275075
4276	1.634307410260887
4277	2.4796104762751336
4278	4.520349177204986
4279	2.7454077270955186
4280	1.969081039210038
4281	1.687196143834584
4282	3.1574259823183035
4283	2.1688114131875027
4284	2.296480576319692
4285	2.250299802622883
4286	4.263361654843529
4287	2.171617592842769
4288	2.280962784431914
4289	5.1596552516268765
4290	3.269766752289203
4291	1.9724954694937622
4292	1.5161904670589523
4293	2.3487527318366332
4294	2.386901637869726
4295	1.2489441090420628
4296	3.789104280900711
4297	1.206469375558636
4298	5.57277604880199
4299	1.5821062198681384
4300	2.975594178358305
4301	2.5338339781960157
4302	4.2895204590802924
4303	1.7192426909893366
4304	2.8886533243948938
4305	1.2156465585926541
4306	3.2878412039969014
4307	3.0525915496676905
4308	1.3612642021270571
4309	1.4113995748747519
4310	1.4395298026927106
4311	1.6168189477620656
4312	1.6962422671192794
4313	2.7770558818511644
4314	3.2543211408052417
4315	3.401954745024635
4316	2.185411136826411
4317	2.7452983853912993
4318	2.733580602273219
4319	1.565249769619669
4320	3.224893729234945
4321	3.6782683138196273
4322	2.178749100162616
4323	2.243139794906057
4324	1.5709650222555915
4325	2.759634962319999
4326	3.756815326313669
4327	2.753679563975463
4328	1.943449953621145
4329	1.2855734066926752
4330	4.944850248681071
4331	3.7367975364955828
4332	2.7463536848672563
4333	1.616854797357446
4334	2.1961686249440144
4335	2.744452556233637
4336	0.9961612415969787
4337	4.10381467439073
4338	2.4823460348330313
4339	2.13177460366608
4340	3.2313803259513194
4341	2.0478404480668293
4342	2.9672967650554285
4343	1.9785774147218789
4344	3.2347882304784576
4345	3.474179002973625
4346	2.74329540475541
4347	1.229505982963712
4348	2.011800917823901
4349	3.016839472571782
4350	3.7903260363790503
4351	2.001924017515382
4352	1.472261034459225
4353	3.12083811132256
4354	1.506381386856122
4355	2.455041933648166
4356	2.0331058832852533
4357	1.7863609231869002
4358	2.941176018128693
4359	2.7619630617255635
4360	2.061243406597955
4361	1.7376944402173484
4362	1.983342260597731
4363	3.9939707648315284
4364	2.586437319508111
4365	1.9281809144986017
4366	1.9726630176192985
4367	2.3290172895454444
4368	2.1643921459374655
4369	1.7195339756329473
4370	2.398780140688978
4371	2.3818071243330787
4372	2.428378582011853
4373	2.5245545720075615
4374	1.6003763777966182
4375	2.23824003750423
4376	1.9951372978982875
4377	2.884349289148393
4378	2.5383673415688075
4379	2.502308440833267
4380	1.799673544527987
4381	2.558097537330904
4382	2.057442900948396
4383	2.2314415851749083
4384	2.6212414816815004
4385	3.0272748166624868
4386	1.8212240331765206
4387	1.9710076416257014
4388	1.5591779151053666
4389	2.76956623864849
4390	2.047695941210478
4391	2.139434711827394
4392	1.6372318926292964
4393	1.839583766242191
4394	1.9109359406256718
4395	1.5911496665369818
4396	2.3241033464036893
4397	2.816889592296086
4398	3.3051274049378034
4399	3.830625730891874
4400	1.6284863629872746
4401	2.774103514244748
4402	1.2288922156263993
4403	1.4150701020911236
4404	2.21261488326245
4405	2.8027997418990425
4406	1.7667977543214497
4407	4.521608393701385
4408	1.43274498558205
4409	1.7092186192024144
4410	2.6508113050647415
4411	2.6998970421042694
4412	3.03767187735385
4413	2.7343300125585768
4414	1.7702537150654434
4415	2.6045781326744124
4416	3.100891304448634
4417	2.1603701016871653
4418	2.081005546954596
4419	3.081418266994652
4420	3.60481381415454
4421	2.605775547473795
4422	1.8034995821461206
4423	2.6546727717984497
4424	2.2674440884673905
4425	2.9022564936772284
4426	1.3988406934716824
4427	3.6958763205797767
4428	3.513400056438574
4429	1.587846015836654
4430	3.332296005110151
4431	3.645018701279829
4432	2.952726739237655
4433	3.577755302862225
4434	1.8000111387346274
4435	2.685008106658354
4436	5.71434217993574
4437	2.032479142579783
4438	5.590906737299888
4439	2.7231440548804713
4440	2.063638073198452
4441	2.386129558153928
4442	2.257133055551641
4443	2.863422779570237
4444	4.801119169525724
4445	2.0773153949928056
4446	1.7341234781114954
4447	1.8659224861578765
4448	2.4891884322861815
4449	2.0467053560718242
4450	3.4816398336133845
4451	2.581607403948787
4452	4.449249493781931
4453	1.4167895806465118
4454	2.6342350063926885
4455	1.3882702622127363
4456	2.5465505437370135
4457	2.7286815688531028
4458	2.5825041742085943
4459	2.2773913285502734
4460	1.939584559311943
4461	2.4835484639815957
4462	1.1845478263184472
4463	2.6653719860079503
4464	1.7445368067100195
4465	2.652421311886496
4466	2.1155992752054895
4467	2.1443530223482092
4468	2.32612656560452
4469	1.27175023026076
4470	3.8799763418652833
4471	3.1293420914721004
4472	1.2144073325058038
4473	1.5309192152608937
4474	3.4123330107050323
4475	3.9812077573003686
4476	3.2822948503377662
4477	2.6488160031137507
4478	1.3978738075191344
4479	1.9287178562791758
4480	1.8877724590320817
4481	3.8421485065085954
4482	2.297164053174809
4483	3.877185192952423
4484	2.300002401704139
4485	3.384480825592118
4486	2.538799958158962
4487	3.7603068866838023
4488	2.33167566408783
4489	3.10415658755318
4490	2.2042327801091357
4491	3.3186326043636347
4492	1.6517141776077735
4493	2.942052694879268
4494	2.6025636248841164
4495	1.5662964589743757
4496	4.232960391375251
4497	3.199859849288403
4498	3.055561285686193
4499	4.209272138702566
4500	4.984951019857449
4501	2.6244260397017167
4502	2.633559508243818
4503	1.0940654833550831
4504	2.5534051194550647
4505	1.6417176850968003
4506	2.1348981688630904
4507	3.6398214881767132
4508	2.0590626855729828
4509	1.7474965988819642
4510	3.332875438529076
4511	3.1852011751904645
4512	1.547071086674181
4513	1.5914830451890845
4514	2.3044132174464984
4515	2.4664872553121038
4516	2.2691147046605487
4517	1.9843347334015493
4518	2.7713573532800813
4519	2.568692429403005
4520	2.1134998376968115
4521	3.0176444614846463
4522	2.956754085365348
4523	2.298713097446743
4524	4.512234934289533
4525	2.354945482955902
4526	2.4122758035083494
4527	1.8985091425727452
4528	4.4876007682519035
4529	2.2544131605770255
4530	2.331017719689724
4531	2.293523647358186
4532	5.152668062619528
4533	2.4176877183518504
4534	3.0609796212445337
4535	2.771576986905428
4536	2.7478963078364935
4537	1.5857800156055337
4538	2.235468237779073
4539	3.055917467972776
4540	2.203192111129017
4541	2.5513392124244616
4542	2.30838438809314
4543	2.761991121841797
4544	2.23613697913472
4545	2.9622561053974374
4546	2.36164248856626
4547	3.1353838917335257
4548	2.7235909372105813
4549	2.398952760193515
4550	2.2500306502626555
4551	2.7214518259437335
4552	3.1145471792266846
4553	2.9542891283598145
4554	2.0403889987003994
4555	2.1839115524528507
4556	2.4225005485379385
4557	1.34872722808418
4558	1.9773216467652104
4559	2.558497385486812
4560	1.4341985308838179
4561	2.958928376318866
4562	1.7350069516279052
4563	2.9756910272705706
4564	1.7355980064836383
4565	2.512941893526414
4566	2.5386265163203094
4567	2.176598713693278
4568	3.0822427304757674
4569	2.3944529857499792
4570	2.3694868917842773
4571	3.481546908417059
4572	1.9864371715218476
4573	2.234247687838689
4574	2.9904538977636594
4575	2.020414980685294
4576	2.029362168669272
4577	3.6539030036825
4578	1.9938352095291918
4579	4.102978071907756
4580	1.8847002620519515
4581	2.5265173960139813
4582	2.3511127728735186
4583	1.565279163518655
4584	2.2368352188916325
4585	2.3769998941246007
4586	2.2813064708208963
4587	2.529422323442888
4588	4.7273128296979525
4589	1.7313569087965954
4590	1.5786822730235723
4591	4.420674106668318
4592	1.3711538773891785
4593	4.1816429116003455
4594	1.9455671796751555
4595	1.9043248847752963
4596	2.5804793101052144
4597	1.7350270830615704
4598	1.6521659677266745
4599	2.6160509200414435
4600	1.3157619610076332
4601	2.738800745448818
4602	2.510658958171735
4603	3.0041689509362666
4604	1.4212369792400097
4605	1.9422376268990995
4606	2.691036656813496
4607	2.451745113757451
4608	1.5589649328542674
4609	3.329940443656869
4610	1.9281024306856436
4611	1.4847191975845864
4612	3.34340022806482
4613	2.734036393103504
4614	2.7370706502858964
4615	2.2537346866612857
4616	1.7300637263351137
4617	1.5136530001549438
4618	1.6678145182958721
4619	2.070589675103606
4620	1.8182942275458185
4621	2.5710880488550845
4622	3.128254080875704
4623	1.315365533779414
4624	2.137693265398682
4625	2.1009206513093046
4626	2.048098138278232
4627	3.5258419754182486
4628	1.7503144587096973
4629	1.4577961382917277
4630	2.647224017812572
4631	3.3755511282473085
4632	3.0140457567931924
4633	1.390857324694218
4634	2.019476361793481
4635	3.0534383965443803
4636	2.3399827755027895
4637	3.1127173434851483
4638	2.762662352649557
4639	1.738161471084551
4640	2.656274370156147
4641	3.7834413132361235
4642	1.7922613251879185
4643	2.8498185923560952
4644	1.3715389845057349
4645	1.7638001691589429
4646	2.302036156667058
4647	1.914220583358169
4648	2.4818793423190164
4649	1.2966854534201655
4650	5.665715762591428
4651	3.162169318207218
4652	1.4845536402784438
4653	1.8928934965597202
4654	2.990176055679976
4655	1.4856012684915076
4656	1.1167337110152158
4657	2.492916551381965
4658	1.9159988001641803
4659	2.979528807505643
4660	2.1533053830626914
4661	2.324017931733695
4662	2.6221600719631044
4663	1.9250813032891916
4664	2.253269840315027
4665	2.2346206207223593
4666	4.697805485211362
4667	3.7349192305916827
4668	3.5453689237857895
4669	2.68835948485896
4670	2.875372970031125
4671	1.9059758338010755
4672	2.6201965374255503
4673	3.4683949876325246
4674	2.297436791496249
4675	1.687367009322602
4676	1.0882636882662002
4677	4.357284225868069
4678	3.5686933941164902
4679	2.2383173817178923
4680	2.7781019536316562
4681	2.1303098648438783
4682	1.5508788279284538
4683	2.0134372854158475
4684	2.7939402897609056
4685	3.1178328747991775
4686	1.761232625051933
4687	1.7925530361856559
4688	2.0378521817588418
4689	2.8870390347200114
4690	1.89748184545946
4691	2.7435655111613757
4692	2.044726693960705
4693	1.7739858755075486
4694	2.5684837045137376
4695	2.297080580210832
4696	3.0256335748237695
4697	3.056032755923556
4698	1.35967737445106
4699	2.794550193690156
4700	1.8016235564722634
4701	2.432156074805474
4702	1.7763136760337297
4703	2.9425708018870393
4704	2.87674430791179
4705	1.4178963684632357
4706	2.0984908812976455
4707	2.331168232849367
4708	3.7525816623121226
4709	1.4697197301417355
4710	1.4964016959039108
4711	2.5373320519267417
4712	4.433645808959914
4713	2.5011157282844225
4714	2.0673382152169784
4715	1.7129962824948672
4716	1.7535274394124714
4717	1.3918544671390143
4718	3.5132692523049935
4719	2.079454767110935
4720	5.620124167229139
4721	2.18322414061768
4722	1.4125521496609612
4723	2.6004883466334947
4724	2.989771492125634
4725	3.327102991587976
4726	1.9720667119261464
4727	5.385226782824326
4728	2.480877326497114
4729	1.7073564996159958
4730	1.3550863963549178
4731	2.8816008310470265
4732	2.010082118351138
4733	1.4431000881970835
4734	1.9337766369591376
4735	3.6399964328939993
4736	1.8863441893695625
4737	2.4582597294536757
4738	2.503983351520336
4739	2.6557943393474983
4740	2.419696747232697
4741	1.8461568108559188
4742	2.812903272120746
4743	2.0094752660232618
4744	4.190745898728957
4745	4.854336329503453
4746	2.534234215498784
4747	2.29164527735931
4748	2.3092600225407622
4749	2.465822419292078
4750	2.690691458698233
4751	1.5515662718005698
4752	2.808399134366482
4753	1.6861428028206344
4754	3.5491268911630205
4755	2.260294187765936
4756	1.6933687251349403
4757	2.740930318363853
4758	2.0196697377470114
4759	1.8055112825467408
4760	2.3986304631178887
4761	2.401876737353315
4762	2.1337532291543564
4763	2.586826728227273
4764	3.3469791011042993
4765	2.7605861759279744
4766	4.462840127168347
4767	3.561511421062085
4768	3.7963691445623127
4769	1.207360900554639
4770	1.250292343533129
4771	2.5326297318302418
4772	4.906078130629579
4773	1.4753526829858254
4774	2.2128378993557605
4775	2.833583583035236
4776	3.5060411761031314
4777	1.3461173157617357
4778	3.1701905000978567
4779	1.4422878510169217
4780	3.002167309510427
4781	1.6357389264817483
4782	1.7787484045638076
4783	2.7311304230655087
4784	5.209680562641907
4785	1.7886576215395438
4786	1.3836776877443175
4787	2.267487691605663
4788	1.3287988381466411
4789	2.0033761549616806
4790	2.621024458891853
4791	3.341100287925568
4792	2.068369001995042
4793	2.3361615564317133
4794	3.7614813222420773
4795	2.2393948001574335
4796	3.607581488251622
4797	1.876455216246184
4798	2.649834117438145
4799	1.6226024797478136
4800	2.138532698258831
4801	1.552622122565543
4802	1.9250991792416685
4803	1.14168978411224
4804	2.9983970427920266
4805	2.618604814649829
4806	3.384858202020936
4807	3.0092914526448573
4808	2.509877364865397
4809	3.6830375496471053
4810	1.7911742615883155
4811	1.7688815648816771
4812	1.8380885938605658
4813	3.058655738016129
4814	1.896271631862645
4815	4.612558244908602
4816	2.114847390506513
4817	2.353987113531264
4818	3.0552875678118747
4819	1.3905400702867876
4820	2.2169749024615513
4821	2.579489041780185
4822	2.1348754810782267
4823	1.3685906407116826
4824	2.1308880092320788
4825	2.426834859157853
4826	1.726800230417938
4827	1.6152629955414928
4828	2.0089572940800795
4829	1.9279421023102308
4830	1.3578743418581836
4831	2.986475818815796
4832	2.2040365853434025
4833	2.258731507531541
4834	1.4223647940935318
4835	2.2818513435129466
4836	3.6808768035411137
4837	4.126703479230946
4838	1.8217796917540368
4839	3.077516864930415
4840	3.4260788348935325
4841	2.303477813250888
4842	1.8913378555601128
4843	3.3696191064886296
4844	2.1908232419723177
4845	2.9597942022228674
4846	3.2006563132069252
4847	1.606084066907125
4848	4.420352705236205
4849	2.1685882086888233
4850	2.945023576906093
4851	2.5141544967180076
4852	3.3461575547078186
4853	2.648271729029992
4854	1.9097020212041975
4855	2.575868771226307
4856	2.2016762605853004
4857	1.6039552885941135
4858	1.942575539908684
4859	2.0786019822123722
4860	3.8390211089595594
4861	3.3984171626372066
4862	1.9402552347259179
4863	2.0753047412652186
4864	4.15825637521076
4865	2.3034225296114816
4866	2.2822957406946567
4867	2.1218222353906784
4868	2.0357526515375866
4869	2.066065580850715
4870	2.1825966654366002
4871	2.4745599952866755
4872	3.8236316794060174
4873	3.2864913672657146
4874	2.444473297367244
4875	3.2043782058096144
4876	3.786372387119658
4877	1.6323115480804449
4878	1.303448661632278
4879	2.0855436536155665
4880	1.8736349095405274
4881	2.179009614339985
4882	6.092238567573283
4883	1.7461566275779226
4884	1.8438039967973516
4885	1.972851998218888
4886	2.5679828499671307
4887	2.1294606308573854
4888	3.0868529512401657
4889	1.7818968358057814
4890	2.545343276863469
4891	3.0702351258738982
4892	3.313004851605651
4893	1.912304358329688
4894	2.198899910351185
4895	3.945561335120661
4896	2.3929091799537057
4897	3.6274077430185216
4898	1.4868969096698845
4899	2.6515777098199154
4900	1.8351181488910775
4901	2.8249598688617477
4902	2.428974909445363
4903	1.590621697861621
4904	2.205422306510639
4905	2.050684540996247
4906	2.8983654169385087
4907	2.8686214880319376
4908	1.468829257365463
4909	3.058768558264145
4910	2.0423687001138506
4911	2.6787971956921357
4912	3.9984710679778632
4913	1.8501094096409063
4914	1.9058021226775606
4915	1.6216553207585973
4916	2.56633848767618
4917	1.904004516163045
4918	2.1088011469984966
4919	2.9185220575837323
4920	1.717866647281556
4921	2.032046899503622
4922	1.8251402347836236
4923	1.9663649041436382
4924	2.352829143349902
4925	2.5163413892059223
4926	1.2357554871835312
4927	2.7389347389545926
4928	3.5433027509239805
4929	4.937395269633846
4930	3.5214389127679904
4931	2.329763532689953
4932	1.7589324433291147
4933	2.683143454637516
4934	2.7275167784512817
4935	2.937358897439594
4936	1.6859293118971697
4937	2.107016912937694
4938	1.8909918372959564
4939	1.5893961635800775
4940	4.577699028313209
4941	1.6465802470861142
4942	2.522865626978182
4943	2.628376379420322
4944	3.6702870329713324
4945	2.5500041746001085
4946	3.9701963389281425
4947	3.1888531934449174
4948	2.1819768636225763
4949	4.830142519277109
4950	2.6879222779366154
4951	2.005252621900665
4952	2.656494371671163
4953	1.6266658583774702
4954	2.5074381845609115
4955	4.194757014683051
4956	3.2230655509061625
4957	3.036561391060338
4958	3.1274862166937756
4959	3.4109410752710794
4960	4.02582997851826
4961	1.505287500152082
4962	1.9090543205510595
4963	2.086266700014275
4964	2.52385408765123
4965	2.8516303610004377
4966	2.3942175702283692
4967	2.328190463016431
4968	1.7278653667998012
4969	1.731591246744788
4970	4.36859264818786
4971	2.3751260875448597
4972	2.4427321494852103
4973	1.3775744432441057
4974	1.4204634615572074
4975	1.830132684344132
4976	1.955018367100471
4977	1.5232980743957334
4978	1.0746814787382197
4979	2.628040064726609
4980	3.136137472458783
4981	2.268910483462661
4982	3.1433290911308127
4983	1.6494644118674542
4984	1.9114873351536725
4985	2.1588056140492484
4986	3.2678039018517926
4987	3.5765161469472884
4988	2.0561722695037017
4989	1.989211980381573
4990	2.4279863385175458
4991	5.42824616561761
4992	3.137255269849639
4993	1.8123705815477278
4994	1.564156791132985
4995	2.6270382700456576
4996	2.311804864362342
4997	2.1869777795429832
4998	2.078559488478218
4999	1.3415501086770112
5000	2.162316310581207
5001	2.489178912802813
5002	1.7376780475481177
5003	2.05808652906021
5004	3.009853788834384
5005	1.89502096982056
5006	3.7237217310428306
5007	2.1544540858434513
5008	2.3051290555453923
5009	2.2867228629459992
5010	4.68948886700508
5011	3.140099402855216
5012	2.8860891962612043
5013	1.6489682628972413
5014	3.2723990278289756
5015	2.5834447615189746
5016	1.896561377360131
5017	2.867882637723792
5018	1.7668038884829156
5019	2.736390537082932
5020	1.9171064275575744
5021	3.0262083930122383
5022	2.694338527526846
5023	3.5067967663614255
5024	3.2472808988306276
5025	2.644053221677399
5026	2.4350332769527685
5027	1.777025956948287
5028	1.7194152536183502
5029	2.0397194181619427
5030	2.872246541000662
5031	2.713054824596648
5032	2.569786439720478
5033	1.681455868690077
5034	2.598844841899235
5035	1.7208730596602988
5036	2.725571944266383
5037	3.273960971471745
5038	3.7937031625463065
5039	2.2067106541085812
5040	1.9407002749670097
5041	1.4297153842107124
5042	2.539715943305616
5043	1.7745125507602437
5044	2.284722197180785
5045	3.353941809440743
5046	1.6386455245648106
5047	3.4580335992387203
5048	1.6240962538792687
5049	3.8251544882807895
5050	2.303308128214161
5051	2.1327041171096623
5052	1.6457131236722027
5053	4.472809992635371
5054	5.602699167371401
5055	1.4783597798809183
5056	1.9695643171425572
5057	1.969895271659515
5058	2.8705165175984977
5059	2.8040286436285498
5060	3.0072495087361815
5061	1.1610494575922459
5062	2.1586272961819213
5063	2.15872868512302
5064	2.2810667802798865
5065	2.7277398397943724
5066	2.155488772743305
5067	2.6142847367733415
5068	2.6904147588792946
5069	4.283877839137376
5070	2.5642809256790198
5071	2.2824896551278173
5072	3.6353635894181613
5073	3.8241813562430664
5074	2.422690899984728
5075	3.9946320799387145
5076	2.9591441428506173
5077	1.9929979280197827
5078	1.4854596079374305
5079	4.290538758895365
5080	2.113420677877796
5081	1.4319357266172927
5082	2.8197450735127076
5083	4.713655949686256
5084	3.596217434534484
5085	5.404647744490056
5086	1.5504307562251545
5087	2.654821274477196
5088	1.3118268001304567
5089	2.7365731443740113
5090	2.558080325718372
5091	1.7021599581124194
5092	2.234135841714278
5093	3.1232318640490404
5094	1.4000969364649647
5095	1.85839503111459
5096	2.9603023923194605
5097	2.6653974393291686
5098	2.481723059100982
5099	2.677454180723272
5100	2.204557851423774
5101	2.0595093235738284
5102	2.244643971003905
5103	1.7004077845321024
5104	1.7691468150316438
5105	1.9037906072167694
5106	2.1534167697222584
5107	1.8444039481943326
5108	2.051944673850994
5109	1.9335344565709514
5110	1.6724456701002366
5111	3.12433081781366
5112	2.6214982252678345
5113	4.476067208675396
5114	3.883598758875504
5115	3.4596648048232046
5116	2.741664637018354
5117	2.3371383384458713
5118	3.3566063730988267
5119	3.3553344630216744
5120	2.866916299729706
5121	2.6482024315083894
5122	4.450342213663278
5123	2.3162599403436723
5124	2.1222024063762333
5125	2.3175176540372653
5126	2.0846684680503884
5127	2.6592801292275783
5128	2.77210294950086
5129	2.0540872043535385
5130	2.094960049854364
5131	1.6530711012594375
5132	2.116084332311743
5133	1.1824538087465133
5134	2.088204426682173
5135	1.9368880420961698
5136	1.745938601344369
5137	2.43870439457737
5138	3.459546253962211
5139	2.252005932773414
5140	1.8516594375864406
5141	1.7567966149023067
5142	2.508437094680418
5143	1.844016276160147
5144	2.590332706316385
5145	3.4017766367681186
5146	2.080787290922052
5147	2.5933952646718796
5148	1.8243435197501987
5149	3.0219481641106714
5150	4.585596621480888
5151	1.3081670358654967
5152	1.9022452498827824
5153	2.030281716301476
5154	3.180014616295867
5155	2.239834019264506
5156	2.0526628808116594
5157	3.3851543034318663
5158	2.3800558796272493
5159	2.5699929305149696
5160	1.6541156568999893
5161	1.9546622316942113
5162	2.8587340795030483
5163	3.787595745762852
5164	1.5931639184252142
5165	1.6921209615646542
5166	2.026067609583104
5167	3.231487532663439
5168	2.6557408894230257
5169	2.447133917410801
5170	2.143305992821791
5171	3.3371024321911547
5172	2.032619775008941
5173	3.064512011487498
5174	2.091245402049531
5175	2.180418530768973
5176	1.7397480643715795
5177	2.019445092817293
5178	3.481134649496837
5179	1.1434324999350558
5180	1.696496545837229
5181	1.8732292454831674
5182	1.5553928484130684
5183	3.1292280864754813
5184	2.949613076398354
5185	3.4175388292404625
5186	2.0185008055095044
5187	1.5977521754384492
5188	2.045101103979861
5189	2.895148792736898
5190	1.851763122534472
5191	3.647663737516362
5192	1.5307502936173063
5193	2.4036397838418315
5194	1.4501109268605261
5195	2.4469231336722452
5196	1.8872965630291338
5197	4.689091858817343
5198	6.0261529813088055
5199	1.247850363525211
5200	2.050584610094218
5201	2.428615898239322
5202	1.8720451958897093
5203	2.9663155187543215
5204	2.9234922413517097
5205	5.307961768688786
5206	2.321698130317839
5207	3.178856133687665
5208	1.8166540189399192
5209	3.0849868690640396
5210	2.8275824781185883
5211	4.0629244625320595
5212	1.424646184519435
5213	2.121711748730844
5214	2.1438387118440683
5215	1.2845419528223232
5216	3.78150110706956
5217	4.3249290360503565
5218	2.131555473426728
5219	3.700003934914774
5220	2.8609004789333072
5221	2.144208290698221
5222	2.120749403526453
5223	2.306725796245382
5224	2.7133726222747008
5225	2.843922395601527
5226	3.0599888677821556
5227	4.601647670480175
5228	4.202185172491604
5229	2.0170695840759234
5230	1.970078339061409
5231	2.7867058440297487
5232	2.362309981250251
5233	1.6447782828213193
5234	2.589095959724631
5235	2.5195141226185873
5236	2.943714453437566
5237	2.5226861607838345
5238	2.59385423245048
5239	2.2019526223778714
5240	3.860097266082442
5241	2.4219163658953664
5242	2.4269357664519258
5243	3.9936330207738955
5244	2.6784622093873427
5245	1.7978653231249382
5246	2.544139520911343
5247	1.8436924587107295
5248	1.8527317102270893
5249	1.5330685022406707
5250	1.0816943958412986
5251	1.4046780871853675
5252	4.091486903008813
5253	3.2900162914594246
5254	2.3439592486601786
5255	3.987155950056771
5256	3.241320527224197
5257	3.0955021596964265
5258	4.887096922269064
5259	2.3509684051959043
5260	2.1754272983158573
5261	5.28247539157761
5262	3.1817534035120185
5263	2.009961749782323
5264	2.210197357821605
5265	1.7020728149835862
5266	2.1920456739673377
5267	2.880028183522704
5268	3.284962338301064
5269	2.2382813501853867
5270	2.37036143884445
5271	2.9076676290439503
5272	4.215073638873873
5273	2.066259081292328
5274	2.7745408570864405
5275	1.3754812913541974
5276	1.2672504723124736
5277	2.9941302624854287
5278	2.9142031981849454
5279	4.408566575772137
5280	3.6716655004604717
5281	2.79433911686728
5282	2.5429068483133097
5283	2.143677313634948
5284	2.6494821171915346
5285	1.9177095251412781
5286	3.2914940815548577
5287	3.4734364861562996
5288	2.7754536472301576
5289	2.878074887147797
5290	2.5610432883946936
5291	2.2512231466422543
5292	3.872074916863271
5293	1.7921478443858412
5294	1.29686795507282
5295	3.022626973039372
5296	3.4318823045330853
5297	2.1352242477479413
5298	4.395419695527406
5299	2.716246689194039
5300	2.024979664473034
5301	2.257935226097123
5302	1.8548607525295342
5303	2.0274629937016413
5304	2.593889220840069
5305	2.1919544852622055
5306	2.1662797674295096
5307	2.134665982962003
5308	1.9950697769422547
5309	1.3250578629290608
5310	3.569227121230248
5311	2.7226995821632576
5312	2.3411651660594917
5313	2.2377211154254066
5314	3.5050375996194374
5315	3.5291105070862785
5316	2.6170796557814926
5317	1.9252522333957143
5318	1.6342029559727655
5319	2.9198548451387705
5320	2.4634595176692997
5321	2.1014638981639506
5322	1.127079700836903
5323	3.829369613848686
5324	2.6867169794470347
5325	2.419619365950588
5326	2.1633506288407056
5327	1.801461044960505
5328	2.6577990357845582
5329	2.6655164997535024
5330	2.532512806961781
5331	2.2777301284653193
5332	1.9177017766083586
5333	4.2137557592181425
5334	1.537360997872278
5335	2.5012853847890133
5336	2.5425179682116923
5337	1.6388826313876923
5338	2.2528588831590763
5339	3.368203247555697
5340	1.390761130819709
5341	2.3691667141374784
5342	2.2137621623173533
5343	2.523479230513018
5344	1.5596205864519703
5345	2.882540893299995
5346	2.0631301226455183
5347	2.468321581138293
5348	1.941675934527909
5349	3.6810415853879284
5350	1.7626254932223482
5351	1.7585462785362629
5352	3.365574348763639
5353	2.070810811098071
5354	2.5639709641719732
5355	1.2565513821660648
5356	2.740361972258483
5357	1.6907727745958843
5358	1.6455071126293124
5359	1.7529604302627315
5360	2.1758534543127324
5361	1.953967239552309
5362	3.0006016996196165
5363	3.6969649413160273
5364	1.5390633087657026
5365	4.038825261609867
5366	2.0263486928221006
5367	3.895742810152752
5368	1.8686716424584364
5369	2.859733479475979
5370	2.1839005795446504
5371	1.8192179979884877
5372	3.56765876394858
5373	2.178399084917005
5374	2.6092080196970184
5375	2.514116266872925
5376	4.770712302110577
5377	3.998171212755717
5378	2.665443534124329
5379	3.2157022304815768
5380	3.032233758463265
5381	1.6824655019274957
5382	2.87017852948361
5383	1.7719969750458597
5384	2.779254644088124
5385	5.166161835711124
5386	1.829567835867181
5387	2.0247471655995724
5388	2.877966849501458
5389	3.2038140039132585
5390	1.5815366391992167
5391	1.630679099361226
5392	1.7962751263660743
5393	1.3473577390232483
5394	1.9767245813979877
5395	2.468434770363229
5396	1.8385789451696615
5397	2.7359648836963166
5398	1.7036584054815236
5399	2.5868746960288163
5400	1.6273553874227795
5401	2.2881460545024157
5402	2.0555777507285184
5403	2.2729147845036404
5404	3.0331571151447148
5405	2.3927165909753705
5406	3.205408173586432
5407	1.8350799278333227
5408	2.3521098706931407
5409	2.20837857590421
5410	1.8661193455585625
5411	2.418652298451744
5412	1.7451627465514719
5413	2.3285361290557796
5414	2.63850630820218
5415	2.2645443984949987
5416	2.8818062867930765
5417	3.498883155242833
5418	2.0334949559198345
5419	1.597855844173368
5420	2.187355493679203
5421	3.0631552126928674
5422	2.90773386238248
5423	1.6513875415977708
5424	1.9081174101456724
5425	1.448151063155313
5426	1.918668367754724
5427	3.2866386223258424
5428	3.1459481889569356
5429	3.0897803492388682
5430	1.988121495470124
5431	2.0145880787496497
5432	3.094272730353364
5433	4.410285544108918
5434	1.940268907237916
5435	2.7930924632117797
5436	1.7600795212820197
5437	3.4619120732345374
5438	1.7348745028738792
5439	2.7462017388247273
5440	1.183512690199822
5441	2.1344486341608215
5442	3.504798168184307
5443	2.734409818879537
5444	1.7936528569040109
5445	2.3489878464635683
5446	2.9122732193457352
5447	1.1912625673569384
5448	3.4289364627171914
5449	1.6979516360697826
5450	2.339002015324431
5451	2.695083422844356
5452	3.5701519504061867
5453	1.4630229895354634
5454	3.677592112459799
5455	2.22190449157353
5456	2.542079729924666
5457	3.35509151930298
5458	2.949136538333892
5459	3.7868453887176927
5460	1.6783330261053993
5461	2.8303029375659854
5462	2.281549335967077
5463	2.091532947068665
5464	2.424986288253006
5465	2.4390355627530518
5466	1.6460602797181787
5467	1.6875642735170773
5468	2.497926306094443
5469	3.936170995404974
5470	1.8171102647396742
5471	3.8257906442701697
5472	1.5145637061115265
5473	2.0329614419801505
5474	2.718793271693729
5475	2.1472511878686418
5476	5.46742865039807
5477	2.354124572018976
5478	2.6514793855249805
5479	2.2535920398441434
5480	3.226642255343395
5481	3.4682138886929192
5482	4.411257822655146
5483	3.7521418892190144
5484	2.6314932630184384
5485	3.73302310352485
5486	3.0995307312829916
5487	2.7191241415636607
5488	4.184008465707213
5489	3.6675071286074687
5490	3.0088972662684172
5491	1.585740701113418
5492	2.5268186423466203
5493	4.812248764731763
5494	3.3769157122911695
5495	4.0658958612299845
5496	2.185702671181375
5497	2.0552901918582758
5498	2.007179353845143
5499	2.0845864757504895
5500	2.6812115006291832
5501	4.6183792817871545
5502	3.7132845608639764
5503	3.5518142727305464
5504	2.516839521761264
5505	2.0278456774208204
5506	1.40677560182586
5507	2.937720163965072
5508	2.3242542710386975
5509	1.5730245305912032
5510	1.5076542633667507
5511	3.5861479800954164
5512	4.081268392273884
5513	3.367547690880567
5514	1.6377841856622741
5515	2.118715343754558
5516	2.1109386973784297
5517	2.7572830271598883
5518	1.4869221658686524
5519	3.0090191840984244
5520	2.113217448120769
5521	1.4263569962533813
5522	3.140902706078926
5523	2.052714063029561
5524	2.1344870617548053
5525	3.3782320092369376
5526	1.8898977114231628
5527	2.2319512410517284
5528	2.132327266514346
5529	1.9493416757554003
5530	1.8578781705494538
5531	1.4297698396294314
5532	3.481901887280753
5533	2.4456716781655863
5534	2.1875838078157477
5535	2.7141890841844405
5536	5.518299347123646
5537	2.470953452429029
5538	2.263172148913658
5539	2.0230488808759386
5540	1.5598347604513632
5541	2.393312542799097
5542	2.2207750157010158
5543	1.5802754205693457
5544	4.198232326852072
5545	2.5975754685823707
5546	2.5400175322714134
5547	1.9359978595785905
5548	2.4561430017467574
5549	1.8636696951828045
5550	3.887718337798062
5551	2.353296885672134
5552	1.5193477924721825
5553	1.7876609411490327
5554	1.8502846793599235
5555	3.241098507353359
5556	3.3589975247427524
5557	3.666154090721932
5558	2.1633564974314785
5559	1.5546312434836154
5560	1.4607517989516892
5561	5.613436616185874
5562	1.6872145572790407
5563	2.5874514242738997
5564	1.8035376957933649
5565	3.3276345109628394
5566	3.404144576624307
5567	2.238837513367765
5568	2.4023453310905163
5569	1.6747138422889323
5570	1.9594782055323696
5571	3.414560256335616
5572	2.267039150228951
5573	3.759007060618208
5574	1.8871604268769409
5575	2.1607635337788036
5576	3.4411709571133833
5577	1.6468505610595234
5578	3.1119534492528915
5579	2.853542466552807
5580	2.840890246759913
5581	2.6846989697835495
5582	3.8630785131927445
5583	2.4557968626901876
5584	3.0576883374015025
5585	1.3783771024134543
5586	2.480166388190898
5587	2.507178255348251
5588	1.7849616024877777
5589	2.4030900015303533
5590	1.8304746799462903
5591	1.2225889451924243
5592	1.1291944000871892
5593	2.5183673710332597
5594	4.106066756708032
5595	3.9220133600496214
5596	3.5106674491841243
5597	2.531344826513605
5598	3.3661982363490024
5599	3.0084324471269133
5600	2.9242847276659054
5601	1.3833343526181554
5602	3.589114557821706
5603	1.931644105648525
5604	3.0952948208248507
5605	1.2302911417274804
5606	4.285969217006765
5607	2.4173920613607223
5608	3.7007061887358037
5609	2.7343094572015083
5610	2.6837635431921383
5611	2.3817761184006176
5612	1.7636264144172185
5613	2.6249054703457877
5614	1.8255052884623255
5615	2.1355924899277086
5616	2.456321431061375
5617	2.1312373212299067
5618	2.2997932219967936
5619	2.6933674617935854
5620	3.3592626259899747
5621	2.18708449979589
5622	2.49974460344877
5623	3.6343628195617046
5624	2.428218159907029
5625	2.0140707332814296
5626	1.529689981293144
5627	3.3146288841443905
5628	3.6269766628011637
5629	3.2005390183350926
5630	1.2039342627278022
5631	1.9435319441008323
5632	2.8896713406746493
5633	2.0743544642047453
5634	2.0124444442892933
5635	2.135522674864619
5636	2.433061156940611
5637	2.315303968641144
5638	2.760464874265724
5639	1.7655019380741022
5640	1.4058065267222561
5641	1.7116205996493525
5642	3.8376708302258273
5643	1.477870709599929
5644	1.5425122993277358
5645	3.2492773334443084
5646	2.5818564976932183
5647	3.4506122607271674
5648	2.067233500778941
5649	2.1911531545343537
5650	3.412710716083024
5651	2.1798262858937094
5652	2.975601740492832
5653	2.4366897326976766
5654	2.908783912458582
5655	2.4921480544511496
5656	2.230271639400939
5657	4.05646912682708
5658	1.8860995331438297
5659	1.8683596206407014
5660	2.9967902481654565
5661	2.056140934421143
5662	1.772948525022414
5663	1.3942497144738224
5664	1.9946627314675305
5665	1.506933756293833
5666	2.0181113568696674
5667	1.6272315467179568
5668	2.278153222902998
5669	7.145706467751518
5670	1.4392348290783612
5671	3.7840224046233044
5672	1.8920502481293555
5673	2.5911986955190933
5674	4.472215356452202
5675	1.4554926472489889
5676	1.4934357866508219
5677	1.6348923562338251
5678	2.8478830892729983
5679	3.8282123471295453
5680	2.217401382735252
5681	1.928135941847018
5682	2.917334632197746
5683	2.0099241258331926
5684	1.64319202608242
5685	2.229072273504595
5686	2.8731319521960534
5687	1.7144856368086814
5688	3.5408279882566855
5689	2.6586340124717793
5690	4.756051705417203
5691	2.9511845915612205
5692	2.0395883552043013
5693	4.356298422789773
5694	4.668968990443991
5695	2.8384954010911416
5696	1.8449923548645335
5697	1.4344496520315289
5698	2.1096187811415374
5699	1.1069835111741524
5700	2.6022293512444725
5701	2.7219333081072965
5702	2.0376128098202697
5703	1.6362261332108634
5704	1.4453041445573873
5705	5.0326136078668755
5706	1.8196729920186887
5707	2.9631186507645717
5708	2.98512337447404
5709	1.8030270136379754
5710	1.9743830056908942
5711	2.364718264582399
5712	2.4556930638217516
5713	2.5761247337539546
5714	1.2020268759514499
5715	2.1029516358835347
5716	2.371844237392926
5717	2.2107484852661043
5718	1.774957409107995
5719	2.1750407322903182
5720	3.2585524634840257
5721	1.6624462533707176
5722	2.547630088264133
5723	2.3854991793637086
5724	2.7430097114813368
5725	3.2486846004736276
5726	1.4098591468199457
5727	1.7831846759168428
5728	2.763732409423189
5729	2.1895663227216593
5730	1.735207481145175
5731	1.9848627421352156
5732	2.1955786529262378
5733	2.620904931428704
5734	0.9672802550623504
5735	1.47600105396348
5736	1.8309539622647488
5737	1.4473639139935761
5738	1.4198395407552764
5739	1.7276248933856428
5740	3.926946503764902
5741	2.8162774564613655
5742	2.8532446599208248
5743	5.300520949773727
5744	1.9111688312504689
5745	1.8232937603339001
5746	2.648186675193071
5747	3.3084911631324507
5748	2.5176893063561137
5749	1.91157639127094
5750	1.8722866263966578
5751	1.335728034888001
5752	1.6200856416017904
5753	1.6242753785563873
5754	2.2938478898477035
5755	4.924518059994
5756	1.8709290868868744
5757	3.859839536830144
5758	2.564354259002813
5759	3.291511223012952
5760	1.9849444035366548
5761	1.3586395314929944
5762	3.137001173068891
5763	1.6476172419149964
5764	1.2349003026565142
5765	2.793842476500557
5766	2.2288400021208896
5767	2.080103084128542
5768	3.0772780214483375
5769	2.714799009674378
5770	2.959905642146467
5771	3.9042909144913898
5772	3.1049299766111873
5773	3.2522736077191308
5774	4.636981232168017
5775	1.8219386742636454
5776	1.7694626402876301
5777	3.2081781191015266
5778	1.8048084515676364
5779	1.7276889948838077
5780	1.6440778105712932
5781	3.2811447488693117
5782	1.756357761675485
5783	2.8814880335189477
5784	1.4853907104650288
5785	3.683051349327621
5786	1.6452350903741702
5787	2.142624354439004
5788	4.500463472324603
5789	1.4996212985401443
5790	3.202710487615275
5791	1.8955231788017308
5792	2.3487854702488096
5793	1.957963801002493
5794	2.019135484084554
5795	2.1969423714610135
5796	3.5605126902452504
5797	1.6323920772979255
5798	1.8342341111328548
5799	2.5631018847522147
5800	4.366730125697275
5801	3.4413405528397587
5802	2.893314940019611
5803	3.1938941723197
5804	2.9016369243239337
5805	2.8419134187044004
5806	2.4004933457175035
5807	1.9474909582257605
5808	2.1499619107460957
5809	2.784096044457085
5810	1.7677446141700381
5811	4.890093207207101
5812	1.3503950903384583
5813	2.332210209905416
5814	2.748204839561076
5815	1.8860788255551861
5816	1.173025186766022
5817	5.949380354918804
5818	2.926586726147813
5819	1.423046084490343
5820	1.7817883832398616
5821	2.555180763756484
5822	2.572194195059526
5823	2.4031388881360036
5824	2.2150368900607917
5825	1.4504677605617335
5826	2.5260937181643133
5827	2.534078707399856
5828	2.9342504080184666
5829	1.148070056896528
5830	2.776199190763408
5831	2.6707783142233286
5832	1.3303493666662203
5833	3.0467339587250364
5834	1.3596351104525046
5835	3.621510535482391
5836	2.0409300853387213
5837	1.2003864422278308
5838	3.787522372044183
5839	2.6240112346522038
5840	3.2858427740996476
5841	2.501020677889969
5842	2.7128285249705106
5843	1.6300757384205287
5844	1.6066099948737065
5845	2.814547463173911
5846	3.642924930433722
5847	1.4954216000671612
5848	4.343350650861213
5849	1.5568347041370938
5850	4.3591004381133045
5851	2.0703380113164247
5852	3.688775204238931
5853	2.7692497310673647
5854	2.8417584408402057
5855	2.2562079794160113
5856	2.6971988660299897
5857	1.9089549034819133
5858	4.076393512575693
5859	2.1916733338537893
5860	1.8417200940622207
5861	1.5627253336932698
5862	2.6769806206189712
5863	1.7233271571657978
5864	2.635998607956262
5865	1.8446239758378404
5866	1.0973345244407373
5867	3.1773404880964193
5868	3.0592472089786336
5869	2.1957025927895444
5870	1.5476811645399953
5871	3.394758278354273
5872	4.2417332313210006
5873	3.725945717151412
5874	3.4789533267380053
5875	1.8912303860696995
5876	3.248876142104496
5877	3.389303281791001
5878	2.184367529502851
5879	2.118314481882186
5880	2.118453816110902
5881	1.1411948360401487
5882	2.5200727426057514
5883	3.5609187107631635
5884	1.833583483892834
5885	1.676011301101843
5886	2.1124559597236487
5887	2.0229934012882866
5888	2.647855422934852
5889	2.0783163342274205
5890	1.6030517209318358
5891	3.477939792539605
5892	2.4028767344330872
5893	1.9675123213276164
5894	2.2070036328279117
5895	2.1801805536224124
5896	4.7349673882990855
5897	1.7756070380153466
5898	2.6583612533634167
5899	2.3036015800812586
5900	1.236264904063097
5901	1.7906323722847912
5902	2.042406297389316
5903	3.3540211048256077
5904	1.9587327398637782
5905	2.126220818910567
5906	2.7443205299444164
5907	2.258055723735755
5908	2.2963607371695582
5909	2.707856250184148
5910	5.09386680799964
5911	1.6917707624725373
5912	2.503035871307965
5913	2.6411049760834615
5914	2.303437381213203
5915	5.146678382278654
5916	5.115086848853905
5917	1.8292344857340885
5918	2.863267817247114
5919	2.5652669327304882
5920	1.044726993321239
5921	1.345857086748858
5922	2.494476022858923
5923	2.5142947524337993
5924	1.035296492418116
5925	2.8112054654505148
5926	2.1858605453436826
5927	2.2446948714241075
5928	2.1345538200919214
5929	1.861552087378095
5930	2.0509296726477833
5931	3.5074048097932256
5932	2.481839123789431
5933	3.023877723202048
5934	3.9172904385263694
5935	2.7331370426569794
5936	2.6804322501119127
5937	3.6742088538428828
5938	2.818078911288412
5939	1.0429922842063442
5940	3.5861096347317556
5941	5.385306367711843
5942	2.256526643001311
5943	2.826055680867741
5944	1.922421473842293
5945	2.0427552839853447
5946	3.2090690928691386
5947	4.214733417703848
5948	3.1808464348173917
5949	2.076644397893783
5950	2.7521411986017745
5951	2.3052859243879706
5952	2.462063750073065
5953	2.7366600957399023
5954	4.214335630169794
5955	3.530722453381743
5956	1.773875472243774
5957	1.8039814821585298
5958	1.6084710855579105
5959	2.993895763669147
5960	3.578792432660824
5961	2.1562789000971945
5962	2.049334517752097
5963	2.132050507679282
5964	2.1908517450691694
5965	1.6833507550357656
5966	1.733829483496424
5967	2.4694300777021336
5968	1.8042207962188472
5969	1.8741609851015129
5970	2.8076294559644888
5971	5.234344052989476
5972	2.647724185622054
5973	3.8511763068774223
5974	2.9378649235918206
5975	2.5499457638512943
5976	2.37740892981929
5977	2.1185847031697858
5978	1.524164740316498
5979	2.0885432104158532
5980	1.1815541459006593
5981	3.1941303406889463
5982	2.07495697082621
5983	4.799012315653631
5984	2.070633226621578
5985	2.781490531033274
5986	2.687280616798704
5987	2.324141485464273
5988	2.0008141390759766
5989	1.6587993857684789
5990	2.098440183083746
5991	1.4610669234744103
5992	2.568205574658557
5993	2.040551544315346
5994	4.465216333433397
5995	1.9021663197867924
5996	1.9942948696903111
5997	4.499895605077283
5998	1.360650258644909
5999	2.5668183510841374
6000	1.2089390457826834
6001	3.3102518973440502
6002	2.9441248167348104
6003	2.660372423423062
6004	2.0671809671623222
6005	3.460237320274495
6006	2.535998700745126
6007	3.997183590525631
6008	2.5554162288469198
6009	2.643943494880007
6010	2.9765354976385545
6011	1.9140220689861918
6012	3.17512719866269
6013	2.766485937469009
6014	3.724420535569696
6015	3.271232378443135
6016	2.0596003531429243
6017	2.929579915828405
6018	2.646657274798966
6019	2.9383639702131097
6020	1.476113466447223
6021	2.0843818910733005
6022	2.3574040129054077
6023	1.5276592894202567
6024	1.7790334235286864
6025	2.7623449968811578
6026	1.5541935692218933
6027	1.487287987223041
6028	2.03248138860752
6029	2.109495130806154
6030	1.4130435223597746
6031	4.373690525093591
6032	2.2577688097018496
6033	3.592554483750075
6034	3.122020493035267
6035	2.1590870354367904
6036	3.678626217064689
6037	2.180415752549012
6038	2.0588040566783765
6039	2.670797266535116
6040	2.5224749768797867
6041	2.631381093975467
6042	1.4807815287500379
6043	2.1079422669822843
6044	1.653919199178125
6045	2.2604402913896213
6046	3.3621549907740857
6047	2.7063159497355973
6048	3.6029533975968806
6049	2.902214156162716
6050	1.6760227698676722
6051	4.381563359437787
6052	3.9836896794882577
6053	2.3547888374742736
6054	2.8989172410360116
6055	3.1202695242740757
6056	1.9379135775570147
6057	2.109198599755688
6058	1.8873756877746546
6059	2.5200512332041267
6060	1.5712364805532675
6061	2.9982167492581953
6062	1.7518874004996356
6063	1.6698485230630395
6064	3.6275581879351617
6065	3.2510316455944146
6066	2.3803192819469574
6067	4.1258638213504195
6068	1.4214196558800452
6069	1.3227521339715254
6070	1.9212232379243246
6071	1.914631238282792
6072	2.443365375042261
6073	1.4579379009730187
6074	2.0555261132650147
6075	1.8570808864476112
6076	2.6270268751453414
6077	3.2048216759718815
6078	2.250327887292003
6079	4.41543685382418
6080	3.422587659391145
6081	4.051650068596883
6082	2.2375867183576004
6083	2.1207625242606625
6084	3.2117767907686807
6085	2.1200230785545555
6086	3.656584277365404
6087	3.293750422661745
6088	1.808957032033405
6089	1.8662411156170475
6090	2.6771150483069888
6091	3.1757451614466383
6092	2.6608949761509932
6093	2.1269747463495143
6094	3.342205934184686
6095	1.7449735525531114
6096	3.609938748629141
6097	1.8665382659427432
6098	2.7360170263180104
6099	1.2303186527145087
6100	2.5045333988473453
6101	2.120956630582393
6102	2.106257444664391
6103	2.3581550398357134
6104	2.958744515209415
6105	2.8835591956471833
6106	1.7297001952933249
6107	2.034814827856172
6108	3.1480789431463454
6109	2.836603062318743
6110	3.379674363802828
6111	2.2766132500879093
6112	1.8909437058971068
6113	2.4996991460199682
6114	2.374819376774066
6115	1.998138634802545
6116	3.827133701080165
6117	1.618602674971631
6118	3.325104401334728
6119	2.6133685483820153
6120	2.110838712094868
6121	3.087378307664457
6122	1.2218883096400912
6123	1.5277639934870384
6124	2.048130078310202
6125	3.3563600613700726
6126	2.7879125182896476
6127	4.518655367209801
6128	2.3754802496368317
6129	2.887022345600533
6130	2.035853952830226
6131	2.537634023249657
6132	2.766138643398852
6133	3.106400573705304
6134	1.381184773502063
6135	3.679575861612417
6136	2.7219669137813374
6137	1.5920415618096453
6138	2.2568793044698396
6139	2.467890732083583
6140	3.2354182783703855
6141	3.348255692527958
6142	4.744328790660064
6143	2.6337232331363767
6144	2.0708075362663005
6145	5.4115670575667325
6146	2.4456001199787187
6147	1.7349570844356494
6148	1.8269627940503905
6149	3.129688043332917
6150	2.3465550526996592
6151	1.6666011274667434
6152	2.922611798947086
6153	2.316251121950522
6154	2.8063269304781815
6155	2.07036394449826
6156	2.112326807263503
6157	4.206642969460943
6158	3.4022629581355295
6159	2.7036324404075422
6160	2.239063235059636
6161	2.4618008770528252
6162	1.9461534201160309
6163	2.2965559160763815
6164	4.6186157366707
6165	3.8501194185846397
6166	3.6211744016535294
6167	2.807254448528115
6168	2.0161464497685193
6169	1.8401390372586868
6170	3.8020428794350254
6171	3.233955817370922
6172	2.6143358444219786
6173	4.017314301307441
6174	1.9820825796412231
6175	3.5436025539448615
6176	1.4345724547773981
6177	1.9930756372248613
6178	2.3927490741908355
6179	3.4353697386098148
6180	2.551061997543838
6181	1.47876187168272
6182	2.626031171390927
6183	2.2258992902320407
6184	2.1398573616734793
6185	1.6255451731925354
6186	4.505783753855661
6187	1.1331556863944339
6188	1.8853386438898987
6189	1.977671106361195
6190	3.538652019513073
6191	1.7863604877829686
6192	2.7960004049128813
6193	3.239510937070773
6194	2.361893073137851
6195	2.57069264473958
6196	1.2766345228049099
6197	1.596670382766727
6198	1.8419173088278542
6199	1.2166813761394561
6200	1.1393745675425855
6201	1.728649183690994
6202	3.4763973313912575
6203	2.46091301297297
6204	1.9518950840464093
6205	4.094080249557002
6206	1.6688494833505476
6207	2.2163500888573777
6208	2.591867881488915
6209	2.126786958714601
6210	2.142524060386553
6211	3.2758189689227946
6212	2.1395866667271237
6213	2.9286918754653466
6214	2.062397081127122
6215	1.784160211012269
6216	2.0878346957036387
6217	1.5383959995295917
6218	2.480998545036128
6219	1.7001206285343375
6220	2.186676335567633
6221	1.444833882888809
6222	2.11939675188427
6223	1.0672364642309942
6224	2.5933971333427395
6225	1.9166470807014324
6226	3.0609275501340107
6227	1.4839595115264108
6228	1.949549771788761
6229	1.9263637735742574
6230	1.447494943718592
6231	3.7014264564406356
6232	2.2417384803173666
6233	1.1667313435799094
6234	1.5751578425875248
6235	4.056787731253208
6236	4.770068712327836
6237	2.1251874252967333
6238	3.0627475254285987
6239	2.6121817629800597
6240	1.3530906415818147
6241	4.291738789962759
6242	2.3208692152539494
6243	3.4584882772795846
6244	3.2314984455456974
6245	2.14689149883472
6246	1.8069575909133453
6247	1.7019078671619077
6248	1.3248939250987795
6249	1.8660997455419683
6250	3.737309267947312
6251	1.5972956643208165
6252	2.454210226732452
6253	2.1292486897864986
6254	3.3986467816480324
6255	4.5617987423099144
6256	2.023343072089778
6257	2.4536345025393844
6258	4.82047020367411
6259	1.894578727550558
6260	2.367833122516095
6261	2.4079310090067616
6262	1.7659179555960274
6263	2.0345706964439128
6264	2.4358313677075447
6265	2.8312105741098095
6266	2.5118376788252665
6267	2.761471135014862
6268	4.1340885424294935
6269	2.126181617490379
6270	3.5203119580713027
6271	2.574809731812967
6272	1.6715442801839717
6273	1.974573992433288
6274	2.6675667467318447
6275	2.2869017961562417
6276	2.0024797739132043
6277	5.049765471460887
6278	2.737083513873437
6279	3.4845560540079865
6280	2.5945698960811523
6281	1.5741841986515095
6282	2.9840951514908913
6283	1.299179489819325
6284	3.0613098798406013
6285	1.565072889857299
6286	1.1591491936850127
6287	2.3794648219034547
6288	4.462768167575262
6289	3.4371632592744015
6290	1.8647049231341146
6291	2.4809013633797967
6292	1.7447589677228992
6293	2.810357939109539
6294	4.0486954105048625
6295	1.7373171575561472
6296	2.0342329521008224
6297	2.940918570248936
6298	1.3447372327036178
6299	1.3589421528078505
6300	1.47374674283843
6301	3.2985220766938474
6302	2.2525424534546064
6303	2.260118045222341
6304	3.169387545343301
6305	2.720472747967866
6306	1.632016409790838
6307	1.6021569195294911
6308	3.396723029376714
6309	1.7642340295077354
6310	3.8474648027072127
6311	2.3232027951234904
6312	2.6871992997154077
6313	2.2727290520511305
6314	3.7777914545702664
6315	2.506171937287601
6316	2.2651009529916695
6317	2.9640870826321506
6318	4.370311075370548
6319	2.4895882747892535
6320	2.319277072157473
6321	1.6148119078116725
6322	2.711244088790472
6323	2.8296315802125167
6324	2.3228873690718816
6325	2.324717791957561
6326	1.622286999133668
6327	3.8328589173753866
6328	2.882428755815975
6329	2.4801967959397384
6330	6.91244492644359
6331	2.855757143957009
6332	1.443041168068906
6333	2.9495555291029136
6334	1.9532038068677895
6335	1.7951939462880102
6336	1.9028779982908903
6337	3.7534528626596075
6338	1.8751425730060964
6339	1.6450106237782152
6340	1.9579431991197944
6341	4.1401456680205015
6342	2.9906361703408786
6343	1.2627867699080342
6344	1.5244032944471977
6345	2.533508901579945
6346	2.225324317937146
6347	2.390060038751914
6348	2.929754481278082
6349	3.8378165212493234
6350	3.083799800660741
6351	2.350301972382005
6352	3.361668651667947
6353	2.6946747276922514
6354	3.7094980985763826
6355	3.0596971121836036
6356	2.279476394366716
6357	4.855769637353138
6358	2.7018633740429294
6359	2.8638738819130243
6360	2.2998003863619836
6361	1.6855446043036142
6362	1.8885715857935597
6363	2.8926419781685055
6364	2.4777684634876977
6365	2.004223817545401
6366	3.1674905751207256
6367	2.080250920423576
6368	1.8111237108309668
6369	0.7456278807396485
6370	1.9073760885400493
6371	1.7539656140556976
6372	2.9091989475024973
6373	1.57753958473454
6374	2.5413448602567663
6375	1.4566988259163165
6376	2.326095371251209
6377	1.232550730449713
6378	3.372192355087222
6379	2.3762712767530854
6380	1.5731993786776175
6381	2.2381322292664714
6382	2.3124345907038926
6383	2.3964247631101725
6384	2.996047445077231
6385	2.3721167980706275
6386	2.728699664456916
6387	1.5234711005300459
6388	3.8143173782393647
6389	2.141449816210131
6390	2.1187255892526213
6391	1.979706725371779
6392	3.1370552793253568
6393	1.6630042997112153
6394	3.3420893113742114
6395	3.867506338525146
6396	2.190127935621785
6397	0.7480783973388823
6398	2.0539484131169585
6399	1.5878789103207127
6400	1.9319002612327547
6401	2.101562312747416
6402	1.533188974501872
6403	3.6744274504217094
6404	2.3489721248101865
6405	2.43234309126729
6406	1.9458127754939363
6407	1.3966794517880865
6408	2.1204004443533027
6409	2.272839446038763
6410	1.877688220392512
6411	2.1513514117456842
6412	2.4099524613542838
6413	2.5500000120541366
6414	2.0104163892676143
6415	1.9504171316821155
6416	3.5713786804879697
6417	2.409203093603868
6418	2.9945379929086595
6419	4.288475275703906
6420	1.544703183078037
6421	2.085137040066035
6422	2.2940821322079543
6423	2.6072509654672626
6424	2.3235547979619233
6425	2.384540607452275
6426	2.4388402679858343
6427	1.6725765125978393
6428	2.3963795463003708
6429	2.1544309504359873
6430	2.3034870109960544
6431	1.7866019946587537
6432	2.0473441988971466
6433	0.9987088855069688
6434	1.8443044422369301
6435	3.1828245653417944
6436	2.9643547832560864
6437	5.230988244392617
6438	1.3786503577224338
6439	1.5646386077690981
6440	2.210115950683068
6441	3.0314404066013148
6442	2.237595942485481
6443	1.875518335378822
6444	1.7307091917057988
6445	1.2380052486481006
6446	3.6711757125143105
6447	1.7435950201465689
6448	2.1343390861681284
6449	2.0786826954415196
6450	3.873441906233737
6451	1.8297160210166177
6452	3.750789120014654
6453	2.1291012813889467
6454	3.1002041943446312
6455	1.333191990326394
6456	3.382026379850171
6457	2.627938975464322
6458	2.2878245518490736
6459	2.607647951419538
6460	1.497466673343776
6461	1.5419359408038196
6462	3.0066401845682322
6463	5.815037636595425
6464	3.74860592125314
6465	3.509411526676789
6466	2.037344685033337
6467	2.0540377864342783
6468	3.231749656402643
6469	2.1249641175189384
6470	2.4991777018763286
6471	4.818888153632937
6472	3.9326381426678365
6473	2.8833784219136245
6474	3.6791492007935824
6475	2.6728588455008016
6476	5.118743087802282
6477	3.491951134347969
6478	1.7320125944647187
6479	4.152981912638838
6480	2.1767218480173525
6481	2.62107500967273
6482	3.1176559497299734
6483	3.8401272170875775
6484	2.309958052440838
6485	3.4656280640973707
6486	2.9608437718664518
6487	1.4861717052243006
6488	1.6089885518078988
6489	2.5673502585120795
6490	1.7339447101660725
6491	3.8448132962479598
6492	2.4912091594229597
6493	3.176063047133246
6494	2.1935531638199683
6495	3.7752325797154147
6496	2.730042189512442
6497	2.8867248776142356
6498	2.516159080778703
6499	2.4845811804599425
6500	4.28767701374259
6501	1.6074724809898864
6502	1.8037536070254174
6503	1.698172635168629
6504	2.2026026692876304
6505	2.2458847713328116
6506	3.5166865415957083
6507	2.3896348559458813
6508	1.7935502329880295
6509	2.5615169874006884
6510	2.3779483126954752
6511	2.68552721337024
6512	2.3885942000379394
6513	2.224379179289562
6514	1.3798507830456974
6515	2.336068668225172
6516	2.256934016601657
6517	2.1071230180906197
6518	3.250978226934686
6519	3.412776378519708
6520	2.091997051107971
6521	2.374194967962518
6522	2.4910718030091923
6523	2.9544030847293286
6524	2.8317566438611155
6525	1.9924830103615718
6526	2.2825409682972864
6527	2.089273032331593
6528	4.36507023385564
6529	1.8919968731475967
6530	1.1772115239065943
6531	3.841143037145698
6532	1.9937833068717463
6533	3.9694027880593192
6534	2.9019411660288763
6535	1.3124100419031428
6536	1.9576665096273989
6537	3.3403706215861697
6538	2.7835540055495134
6539	2.2187916422123264
6540	1.947695327602664
6541	1.8554844731923006
6542	1.68270230568171
6543	2.9971239894625534
6544	1.9561757608494694
6545	1.1455431540827654
6546	2.902440806271258
6547	1.2718418804454354
6548	1.3027523140883444
6549	1.594808080163601
6550	1.9472251448269275
6551	5.99349978721391
6552	1.8608852019890203
6553	2.682772965584034
6554	2.7815515352000766
6555	1.8226101273511495
6556	1.6366207389300165
6557	1.853758906830349
6558	1.7791718682450417
6559	1.8628614615617332
6560	1.389858052333016
6561	1.2459839496396932
6562	1.5007336179000665
6563	4.111664910786071
6564	2.178695891162218
6565	1.5133638951437176
6566	3.253091284629283
6567	2.351843705949187
6568	3.555256078478517
6569	2.933248364345765
6570	1.4100661925350004
6571	3.450130129399528
6572	3.6401535197902923
6573	1.9366602045268628
6574	4.803471257464726
6575	2.7429286594081645
6576	3.6465443482775206
6577	1.8959046162231585
6578	2.5837440312104305
6579	2.621056650223157
6580	1.9118027922483667
6581	1.692144280083591
6582	1.3793484898158308
6583	2.457389790517231
6584	3.0166168045910795
6585	1.9028511498519747
6586	3.2173692627454273
6587	2.6981222089441266
6588	3.9286910804448367
6589	1.9374622683708003
6590	2.8021066304049804
6591	1.5954462477662923
6592	3.067910719311215
6593	1.594533929020508
6594	3.8583354301628114
6595	2.780886411988794
6596	2.70081773007168
6597	2.695336729366092
6598	3.3419838684278678
6599	2.1974816089602713
6600	2.172183918043768
6601	2.780017773596361
6602	2.2857933614067565
6603	2.745573586023702
6604	1.9226154876484693
6605	2.3040573697159767
6606	2.547591159174896
6607	3.3395565510407734
6608	2.1545350011886613
6609	1.906902901540817
6610	3.1258299385995745
6611	0.986073533941261
6612	2.503085638372773
6613	1.4102109806120957
6614	2.198335163962919
6615	1.5999941518638305
6616	3.1549090006314255
6617	3.659448185461299
6618	1.591397967419416
6619	2.45080564824437
6620	4.077410534198643
6621	2.6434526994935985
6622	1.9198533288272916
6623	2.570081653246966
6624	1.1993414337029888
6625	2.0879026579730895
6626	2.406713215474851
6627	1.3406890156743998
6628	3.2065648693975377
6629	2.1674537316987226
6630	1.6909314034464031
6631	4.2288321325711795
6632	3.7721205386412455
6633	2.3395715805254893
6634	3.7832293057525406
6635	1.5220336101531595
6636	3.219270546285734
6637	2.419100036326044
6638	3.408762280053475
6639	2.2267016056924653
6640	1.9401560829444204
6641	4.618680603453687
6642	2.1856059262685856
6643	3.059141825674405
6644	2.0886779995742057
6645	1.832548341113071
6646	4.2258735422373315
6647	2.392028124664969
6648	2.1295085669806975
6649	1.457717970751709
6650	2.0801848300766665
6651	4.866976527091217
6652	1.9027388128027354
6653	1.2947077874282475
6654	2.454175978393275
6655	2.531838016321123
6656	3.2549210571488585
6657	3.04530236170538
6658	3.235005672410009
6659	3.371641506978208
6660	1.7747785616300327
6661	1.4025442124980978
6662	2.929485395212941
6663	5.486904830413425
6664	4.3683062130954635
6665	3.4140675821733915
6666	3.237808214051447
6667	2.000442607930081
6668	2.0641124451556943
6669	1.9595011427256879
6670	2.2287848505332177
6671	2.9108498326159213
6672	2.4295360102101373
6673	2.6521658538808515
6674	3.1426211210741175
6675	2.1082885905151056
6676	2.484029804843247
6677	1.8233122176715426
6678	1.3972441871897257
6679	1.5989114340329198
6680	4.413599449996423
6681	1.63140392039108
6682	3.4604179630800376
6683	3.3433967324501186
6684	1.454128185020033
6685	2.65874853475974
6686	1.9857584140828672
6687	2.211500359359064
6688	3.7448178417999887
6689	2.8634328137860456
6690	3.57182757503268
6691	3.4748416281400334
6692	2.164362675447192
6693	3.559215898009362
6694	2.9291974893646353
6695	2.544763582553382
6696	2.1939194110384483
6697	1.8007839382223623
6698	2.405771330163357
6699	2.885311376309958
6700	3.214152131599955
6701	1.7925793072187224
6702	1.9002885967331915
6703	3.2842947702913374
6704	2.868559570395984
6705	2.1643359569139533
6706	3.2555318463416754
6707	2.287425657947469
6708	2.9980562914682083
6709	3.6341528816406985
6710	3.5459344407484843
6711	2.2012473430383914
6712	3.185157417061355
6713	2.8332489887286436
6714	2.624425102183183
6715	2.1510513242293374
6716	2.3731437582250527
6717	2.5991635676397906
6718	3.4487764447692926
6719	2.2897402853677216
6720	2.1636765206250796
6721	1.5683633731526816
6722	1.4721887828339562
6723	2.327172649792375
6724	2.80536447120077
6725	2.8991832514768894
6726	4.090663933147183
6727	3.374433072788155
6728	2.5430629375886284
6729	2.3382413259024424
6730	2.607091438390128
6731	1.8957868882776685
6732	2.377497872441827
6733	4.4962578809679785
6734	3.3454616516242583
6735	1.3412692589219413
6736	3.3335730096885836
6737	2.4809363067103747
6738	1.1974340299698158
6739	2.3008877775081045
6740	2.1299357666942313
6741	1.5283643303654566
6742	1.878786170499188
6743	4.730656382781457
6744	2.8725185489087406
6745	2.7912154712442896
6746	1.8525343902733145
6747	1.7838358882974021
6748	2.9255586710300743
6749	2.6022970621696837
6750	1.6038743525463512
6751	2.748812483812471
6752	1.5177957703689804
6753	3.856379375811627
6754	3.0929781572943384
6755	1.326746421919571
6756	1.6841790734784277
6757	2.9435516733156346
6758	2.3863742637247394
6759	2.729943835059715
6760	4.507038318682786
6761	4.88252313821434
6762	2.887147832984172
6763	4.032650552729206
6764	1.529440937029902
6765	2.114866962143
6766	1.6016712562474285
6767	2.843887473950636
6768	2.8227267159129537
6769	2.2647443948352968
6770	2.457543631762449
6771	1.8897809606128175
6772	1.1810193792939958
6773	1.990639480377487
6774	2.01311795824957
6775	5.264914398331625
6776	2.833160519946884
6777	3.4165066583494523
6778	1.2074055488223634
6779	3.012598492546078
6780	2.9303264339421395
6781	2.5623158035384415
6782	2.0523530838643085
6783	1.140518314127586
6784	2.1626548437709494
6785	2.6721233172975762
6786	2.2654460860519423
6787	2.964893045982991
6788	1.9745942833911214
6789	2.619140531659142
6790	2.7833656692430235
6791	1.8809672169998028
6792	4.659658826154135
6793	2.243058913861474
6794	2.585652077926329
6795	3.4098751828746523
6796	2.0960842601728653
6797	1.8859042113630573
6798	3.122815754829226
6799	2.0886123552352505
6800	3.139102153826113
6801	2.1505860595146826
6802	3.1372371699683224
6803	4.603564890225416
6804	1.7559185339430528
6805	2.2616126640364067
6806	2.9087436324589113
6807	1.8729688696033278
6808	1.723309757455612
6809	1.4595688647998835
6810	2.632050372218501
6811	1.637704516993482
6812	2.532340796687476
6813	1.6042927694699052
6814	2.60927893036768
6815	4.819971402520901
6816	2.5469989336396877
6817	1.4646298360216496
6818	2.272666606155472
6819	2.2272787359479036
6820	1.7870534061873906
6821	2.504812697505878
6822	3.3125281888792975
6823	2.171824894976491
6824	1.7828022244992567
6825	2.023971028572708
6826	2.7093791112845267
6827	2.739028981951185
6828	4.178229116682441
6829	1.866640734984935
6830	4.584720282957415
6831	3.478599852809292
6832	3.58772136060721
6833	2.53743549362731
6834	1.6388101419548937
6835	3.529538093919768
6836	2.347086160609552
6837	2.4968209468177647
6838	2.5793595660378927
6839	5.066607043102808
6840	2.103159357657121
6841	1.710413352079194
6842	2.783015912793955
6843	1.5614689118992033
6844	2.3084193877624
6845	2.9920472152257203
6846	3.175154447797396
6847	2.1186841498431086
6848	1.7333376144857284
6849	5.461699327402215
6850	1.7489068014583182
6851	3.5386194052079394
6852	1.811270485216942
6853	1.64605350671204
6854	2.223175656802196
6855	1.9957256801448353
6856	2.059028006738921
6857	2.9097630002805275
6858	1.8105844845688197
6859	2.0161643963974423
6860	2.1204328038952878
6861	1.1394252096254642
6862	2.656131369100254
6863	3.8392536349626227
6864	2.0141706294477033
6865	1.7211321093451608
6866	1.8220137358857906
6867	3.845679505894066
6868	4.15639359853026
6869	2.071975092211803
6870	1.788480162741004
6871	2.5646699924152574
6872	2.6676406567402102
6873	1.3973946053481268
6874	1.6949583742655676
6875	2.030904429209891
6876	2.265609569930647
6877	2.0303134828146034
6878	3.902786894820452
6879	1.5305780742346944
6880	2.379679920709476
6881	2.0677929731259295
6882	2.2459747167798154
6883	2.200607763317991
6884	1.4153085801349203
6885	2.267262956233393
6886	1.7329265744917797
6887	5.124534457292318
6888	2.2334884389600487
6889	2.1617313280132264
6890	2.89610035622933
6891	1.882774579903933
6892	2.118433306465297
6893	1.5694367237032016
6894	1.9113765604015829
6895	4.666710353729221
6896	2.5868880271263164
6897	3.480598194898285
6898	2.6412993872424813
6899	3.6946924326601693
6900	3.2946798031118156
6901	2.716459144742867
6902	2.343086882037472
6903	4.0768818116709395
6904	2.4171780302529156
6905	2.0944745852854902
6906	2.1198237475667354
6907	2.252627652925393
6908	2.0225432870108966
6909	1.481705767019271
6910	2.551701450312193
6911	2.3879386231253474
6912	3.0397888503085984
6913	3.5209949840423564
6914	2.1866494755628527
6915	2.656581324673067
6916	4.736002088832551
6917	3.57048211898157
6918	1.885876424910685
6919	1.5338076656476425
6920	2.1307625413863267
6921	2.5501652057103583
6922	2.2033877662014216
6923	1.3563829876409998
6924	3.0347624776971256
6925	2.1519290036582253
6926	2.7235306656888207
6927	4.257972713800288
6928	2.0866735171641118
6929	2.1573345804953212
6930	1.955195336039953
6931	1.0887879906995326
6932	1.4466310589738305
6933	3.6408472074192306
6934	1.8824995598456937
6935	1.256134175544238
6936	2.6084011765119897
6937	2.2991963918014418
6938	1.2697902003307138
6939	2.1491716636959053
6940	3.500867267266666
6941	1.5315962726449062
6942	1.7865982504677973
6943	1.659827840709886
6944	2.154837723757772
6945	2.8514317898762034
6946	1.627127645260959
6947	1.005669157911071
6948	1.9413553050521266
6949	2.3821707974804065
6950	1.8929645910286068
6951	1.9943091052010455
6952	2.8134749329005073
6953	2.8150839828615815
6954	2.1871141236288003
6955	2.0715828336902735
6956	2.0239259899777493
6957	2.2926879792189205
6958	3.5630295300289583
6959	2.7967443495250217
6960	2.1653606322027987
6961	4.060503681964289
6962	3.490089081071584
6963	1.833704405607741
6964	1.501612692683793
6965	3.4063814170241535
6966	2.168728605964671
6967	3.1637488389460513
6968	1.7575702949419856
6969	1.9155601095837622
6970	1.6873884274952284
6971	2.597286649562032
6972	1.874550335861694
6973	3.767009158211847
6974	1.7985482260009689
6975	2.4777862333068725
6976	1.9702913351945324
6977	4.062763582974561
6978	1.715554902545369
6979	2.9552469402378487
6980	3.3253753887940323
6981	2.8736957656458975
6982	2.4670687964770703
6983	2.2023623244178006
6984	1.904035212223612
6985	2.855250987811217
6986	1.8218454403503643
6987	3.2893965806282743
6988	3.2550735410488514
6989	5.932217504465945
6990	1.5460312452785687
6991	1.7519869991154082
6992	2.6581663894955736
6993	2.3318957947416576
6994	2.044821598904063
6995	5.021602236522988
6996	1.7085944749963804
6997	1.7906532101119306
6998	2.1532712538438865
6999	3.953303721482533
7000	2.8995491933414876
7001	2.2397084423899716
7002	2.6551374527184852
7003	1.7871866899062652
7004	2.073261293831633
7005	4.237485628872001
7006	3.093311776426829
7007	3.324609425283142
7008	2.1803082497855493
7009	3.3432332730529937
7010	2.191692276297175
7011	4.465653195442667
7012	4.033808674904878
7013	3.4306801089724708
7014	1.4468898358031734
7015	2.0475846420184767
7016	2.417407737474016
7017	2.080857603137883
7018	3.5323854022871024
7019	2.182694293994754
7020	4.666153090699229
7021	1.7971993609506163
7022	2.976026062231957
7023	2.9605117236052663
7024	1.6625696992862051
7025	2.7549990061923495
7026	2.268557336605193
7027	2.121798290124114
7028	2.3089171365208156
7029	1.6872417983404175
7030	2.2485788315452235
7031	1.8955253782780903
7032	2.400020728624317
7033	3.455113756209261
7034	2.4721831205323106
7035	1.4114899653099384
7036	2.2461855414643956
7037	2.433334141213452
7038	3.7061883960098996
7039	2.007241302606969
7040	3.444289092437957
7041	1.5328202227489518
7042	5.035241376922059
7043	2.5669457551922825
7044	3.070157650366659
7045	4.106911093797404
7046	2.3206794074003088
7047	2.993402856188068
7048	2.1435745641388904
7049	3.398914246677762
7050	2.3962577552261957
7051	3.7505560570446175
7052	2.053609724429995
7053	2.595785463737493
7054	3.0480409637591643
7055	2.5373945619753795
7056	1.4357318455781463
7057	3.0843413278834415
7058	2.1195533768881405
7059	1.436166841043801
7060	2.5724322042686034
7061	2.3419864864905433
7062	2.5056947427563254
7063	2.997561316323075
7064	1.5269024353663905
7065	2.083782453797759
7066	1.5935937731275935
7067	2.5442655514576664
7068	4.083060683692983
7069	1.7161973292451227
7070	2.428412582472099
7071	2.228104313318046
7072	1.7302711025699682
7073	4.149600610974743
7074	1.817321890474301
7075	2.0172535655716786
7076	4.266156581094224
7077	1.6260537336480159
7078	4.10836414737249
7079	4.907311362483172
7080	1.9145155180726772
7081	2.132929957748081
7082	5.153522200252645
7083	1.6094395825586154
7084	3.9187775151098925
7085	2.1962214779392224
7086	2.0989435949580666
7087	2.409234724229484
7088	2.124980821760275
7089	2.0034785671471385
7090	3.2814694839174647
7091	2.758092090652436
7092	1.7825029087978497
7093	2.008941436714161
7094	2.1709538545132223
7095	3.922448926853682
7096	1.5441260255894724
7097	1.5386466373188732
7098	2.4035304734377654
7099	4.032369365652538
7100	3.687500285868297
7101	1.5894710552875149
7102	2.0300756919349046
7103	1.1857138480052507
7104	2.4333956820093956
7105	2.3093988573387616
7106	1.7148205257994318
7107	2.610238227227858
7108	2.7972474665881037
7109	2.97337722624176
7110	3.1296929650130947
7111	1.88582924109108
7112	1.9657444322980462
7113	2.875258120144619
7114	1.6142239373324825
7115	2.3830215832919963
7116	1.743459943914082
7117	2.8214776849679337
7118	3.278072002858453
7119	3.2771989836600137
7120	3.9726504435191092
7121	2.67698825363946
7122	2.841023608811934
7123	1.4226797182271298
7124	1.8017973199983313
7125	4.7044688406095645
7126	1.874603034871506
7127	2.621871843461024
7128	2.007906525740805
7129	1.421658943878102
7130	1.6977130950566321
7131	1.4932101916755824
7132	2.354437249649173
7133	2.2752991000790845
7134	2.136878006350281
7135	3.3055047041196244
7136	3.850164075359559
7137	3.448677196148777
7138	1.2369523318702833
7139	4.360146237437335
7140	4.224558593362193
7141	2.9353912042413137
7142	2.4248505941246896
7143	2.084917287871383
7144	2.6518697877382365
7145	4.98000804177437
7146	3.237294949133122
7147	1.419274939894358
7148	1.6891208688559736
7149	2.650043042355157
7150	2.3160435743381798
7151	1.3107098074827008
7152	4.247352209455343
7153	2.3916956739150708
7154	3.1276753922173577
7155	2.423857360640883
7156	4.768726155153311
7157	2.1659084230843413
7158	2.5547271145094212
7159	1.9257758760384216
7160	3.058892670994402
7161	1.2043230910484803
7162	1.214789804530333
7163	1.8612967973325298
7164	1.8189910350782417
7165	2.3842339157986627
7166	3.4613716783081934
7167	2.5895311640600176
7168	5.05071273712317
7169	2.795818376954667
7170	1.811076186158243
7171	2.5329776646279147
7172	3.829801988426209
7173	2.604676804849394
7174	1.9856661529864073
7175	2.1175004448159935
7176	3.0539311569405347
7177	1.8069458880929627
7178	2.160179899474547
7179	2.110689660172727
7180	2.1746589918387293
7181	3.6697021435193653
7182	2.6988924912666064
7183	4.7653675897362024
7184	3.8760119571886973
7185	2.3816582612080865
7186	1.740319033537644
7187	1.8725165206266992
7188	3.5871733734612405
7189	3.107191787092648
7190	3.365716860183616
7191	3.352768012697942
7192	1.78341097092308
7193	4.218328895491419
7194	1.6059821520837216
7195	2.1777105802852983
7196	2.3848300510206397
7197	2.101626125475926
7198	3.6507109080012032
7199	1.9777203299117037
7200	3.111003363223341
7201	2.721469657732482
7202	1.7896238462632945
7203	1.4709772070004425
7204	3.0393908091418123
7205	1.3884341687897601
7206	4.348831648534226
7207	1.7986962740398191
7208	2.5867805117681653
7209	1.7335786257827406
7210	1.8684910898077804
7211	3.254277656758201
7212	1.2391605842956503
7213	1.9289100459143087
7214	2.995086059959577
7215	3.01867449201226
7216	1.8348653951640785
7217	1.606743299545922
7218	1.4810996722840355
7219	2.4119894555438393
7220	1.2092480586640402
7221	1.958925917077027
7222	2.0327834907035447
7223	3.92550070272365
7224	3.0615228131716017
7225	3.3595813436814606
7226	1.642770331061892
7227	5.621654290681658
7228	2.1344903361047733
7229	3.5015518551065656
7230	2.0970145764861594
7231	1.3680730922765107
7232	1.5018334612913284
7233	1.4113471771217925
7234	3.1203224810791927
7235	4.015433698420461
7236	3.9161234491635413
7237	2.6354964421200435
7238	3.862913852513588
7239	1.7968410051112134
7240	2.9645623678692843
7241	2.493546293654669
7242	3.5184177446381026
7243	2.2423628921611582
7244	3.595774845886789
7245	2.494658671265549
7246	2.062377695960445
7247	2.43297614271468
7248	4.506595809001377
7249	1.39375724071048
7250	2.961010280766918
7251	3.1374600126827126
7252	1.929224019859094
7253	1.845564349780712
7254	3.378702659322698
7255	1.739090167818661
7256	2.376188927667635
7257	2.875154920390675
7258	2.697959796166525
7259	2.1601732180993976
7260	2.877115191360545
7261	2.84377201351764
7262	3.8556087726477317
7263	2.3636424655315493
7264	2.8233597549300944
7265	2.75037160944672
7266	1.2748568918428678
7267	3.545260859495291
7268	4.034580716978907
7269	2.551070234303309
7270	2.8416655987575044
7271	2.330976869805414
7272	2.187910452971011
7273	3.190277387884409
7274	2.0643237560574166
7275	1.2249477802982283
7276	1.89826497908795
7277	2.9023838499910792
7278	1.5971308949793783
7279	2.8111884103698945
7280	2.314053417443763
7281	3.1873836373266773
7282	2.4358587896397426
7283	1.475690517173087
7284	3.3648652272656294
7285	1.6652882177675004
7286	3.693388884421053
7287	3.5827619608417316
7288	3.0727166978169542
7289	1.4031903181327927
7290	1.534994582017002
7291	3.448777365175903
7292	2.422568909858774
7293	2.9277741320185604
7294	1.7319053763988803
7295	4.665521554139724
7296	2.150985658063312
7297	3.9516452776883426
7298	1.9918189338240058
7299	2.285080271203018
7300	4.353590705088774
7301	1.9571259452513863
7302	1.7655135032712792
7303	1.7498121745605077
7304	6.609913698366316
7305	3.0015061621064616
7306	3.4350383853048934
7307	5.495563057687208
7308	2.40572008760081
7309	2.1916136872534997
7310	1.93861187077491
7311	3.546781693816185
7312	3.0492937388931187
7313	2.049957489667459
7314	2.4259171761787677
7315	1.9148839796660087
7316	1.7214136765856076
7317	1.8250414522951122
7318	2.608519924940684
7319	2.2201932114600833
7320	3.2520706907112036
7321	1.062868180165777
7322	1.5160600786789293
7323	1.8309605334222483
7324	1.9085944017210021
7325	2.067725626567888
7326	1.7693101574895902
7327	1.8077067770471187
7328	2.624208622864116
7329	2.1196154425271505
7330	2.2448727065780587
7331	2.6922802506880577
7332	1.2684172364942206
7333	1.5242354659471533
7334	3.523749023514903
7335	2.8568285461965335
7336	2.2528290428164284
7337	2.9187828649569614
7338	1.8775384876005752
7339	2.1604998758915235
7340	2.3153964517854466
7341	1.5537207277324363
7342	4.102707218099498
7343	3.0155390839635157
7344	1.5703675007982625
7345	2.7286972187976803
7346	1.9885843134171548
7347	2.5731344024596425
7348	3.942668197488823
7349	3.052373880098547
7350	1.5512784812252567
7351	2.9645295412950627
7352	1.8471916656138183
7353	1.5190882617957806
7354	2.660968981854228
7355	1.6496247609028136
7356	3.610553352890556
7357	2.537600131780156
7358	2.172971330431349
7359	4.259016979262174
7360	5.187598418751405
7361	2.507844434175328
7362	1.8530114904308153
7363	2.116048326973936
7364	2.499166330066321
7365	1.4965302842898052
7366	2.3215398926275785
7367	2.114786519288457
7368	1.4138698958334457
7369	1.3748017503232544
7370	2.8027841648990313
7371	1.896716242259578
7372	1.848164990498148
7373	3.0391342809319046
7374	3.1089991371048704
7375	3.7489654028116366
7376	2.11294274417887
7377	3.448068062325384
7378	2.1238654142326974
7379	3.3953324439980435
7380	2.3661513990148353
7381	1.6614654675742366
7382	2.2016241801035235
7383	1.498472436032441
7384	1.9115803778945983
7385	1.8484352437675549
7386	4.605984890794987
7387	2.1852108368813643
7388	2.818617194434749
7389	2.504007052832617
7390	2.0911695553143135
7391	4.287261197441972
7392	2.2043989170716087
7393	2.5358223502654673
7394	2.570106911789058
7395	2.0696822994231585
7396	3.5869193549191425
7397	2.976753240019256
7398	2.189499725966288
7399	2.302053713840869
7400	1.824244032194394
7401	1.5394090897230857
7402	1.8889739335396143
7403	2.1809973500023307
7404	2.013704322846134
7405	2.8397411991593806
7406	1.8461252257288554
7407	2.005002762749881
7408	3.480161383467727
7409	2.1305120720885786
7410	2.742631955779978
7411	3.6445842189508157
7412	2.2433263892917816
7413	2.0313715809018476
7414	2.029315760282094
7415	3.1572495283820814
7416	1.825904381962535
7417	2.92282089862353
7418	2.039375026217991
7419	7.214470530049405
7420	3.266881780011997
7421	1.7193480274467585
7422	1.8551581010055074
7423	2.4647194654581592
7424	3.067275594050926
7425	2.352095842036648
7426	3.229413667758074
7427	2.157761877250042
7428	2.215912969657809
7429	1.4607153461636513
7430	2.460318808946987
7431	2.6089700768718855
7432	1.917299318508176
7433	3.0812587072615276
7434	2.822849293944977
7435	1.81201784076193
7436	1.787536662312404
7437	3.1145016402149235
7438	3.556682864837391
7439	2.218224813273435
7440	1.6566225235038214
7441	2.8949911754199635
7442	1.433339922761478
7443	2.1683210450156323
7444	3.005670606659092
7445	2.0809055214422547
7446	1.29017019943275
7447	1.1932224429051628
7448	2.635612001202837
7449	2.3935084939816864
7450	1.8934515106114702
7451	1.8941253180622613
7452	2.3081774398176615
7453	1.9318730829741773
7454	2.3094386207534354
7455	2.8157361425461422
7456	2.655071508227216
7457	2.2813866215867944
7458	3.0005652202476916
7459	3.3723513386191506
7460	1.9343741949456676
7461	1.6205140142025747
7462	1.5129187510448847
7463	1.5366921170011736
7464	3.5352144429220664
7465	2.4081681739183542
7466	1.4888409788343657
7467	3.453961285374361
7468	2.6450781394011633
7469	2.225462775363587
7470	1.684168898101533
7471	2.5289636526831782
7472	2.421616399270476
7473	2.686361672430876
7474	1.4851998658619667
7475	3.111927575524602
7476	4.201439689824938
7477	1.7542999055714728
7478	1.126703977413778
7479	2.4843010334652007
7480	1.934213767602673
7481	2.1513473346331353
7482	2.5713195574971084
7483	3.990960269745929
7484	3.57979935661171
7485	1.4106829526908995
7486	1.654971736615883
7487	2.9728448104496157
7488	1.5797161015479362
7489	1.969460863338211
7490	1.8579896307573966
7491	2.670027170666169
7492	1.78891097208953
7493	2.8186773529404796
7494	1.4445728711138413
7495	3.4952046856177716
7496	1.5419052635721198
7497	2.842585481351259
7498	2.92040579454777
7499	2.268310925313435
7500	2.488658195965999
7501	1.720963966469969
7502	2.380970112641103
7503	1.8050076933088075
7504	2.595948540124458
7505	4.357870010161341
7506	3.974987997368918
7507	2.539194263452729
7508	2.158373199018353
7509	1.9494878452733257
7510	3.7009566617917615
7511	2.1868819541743507
7512	3.1199765759587987
7513	2.4180429491596995
7514	1.4419999372933434
7515	2.111199309148309
7516	2.90413790895077
7517	1.5609087815361167
7518	3.1864580587979345
7519	1.9105088046586685
7520	3.7263012442540746
7521	2.132914192799958
7522	3.83700932140371
7523	2.7574683407187845
7524	2.615992919782053
7525	2.245839139359083
7526	3.0658177938103455
7527	2.371958543048513
7528	3.651133006303663
7529	2.332240796791887
7530	2.889218295186066
7531	4.383179932124268
7532	2.3834453883846827
7533	3.50167885151824
7534	2.3746574261893643
7535	1.8776611060445692
7536	4.451819816834065
7537	2.685791912644364
7538	5.398375745784492
7539	2.5135962792779027
7540	1.7584644822173483
7541	2.6837786976362725
7542	2.5375020683206193
7543	2.028510615761414
7544	5.536084592258626
7545	2.6959818261347994
7546	2.8782683301434786
7547	2.371662999010703
7548	1.9842115185236822
7549	1.7847358500108057
7550	2.132643341504529
7551	5.237683130707281
7552	5.110714262704636
7553	2.1101371587456863
7554	3.305627606732923
7555	1.58592835287377
7556	2.3486234298198374
7557	2.212593267230282
7558	3.0984472413851756
7559	4.136451232313729
7560	2.2390460609599634
7561	1.9620407811017098
7562	2.595994397811245
7563	2.842747239735358
7564	2.2947216415548084
7565	1.7463180849451614
7566	2.113785786520218
7567	2.5041317731953274
7568	2.416539113074194
7569	1.7511351892243137
7570	3.4086190215891494
7571	2.2132347939259582
7572	2.2690717250210666
7573	4.91783890573813
7574	2.327237540388655
7575	2.5720929777482846
7576	2.22731654833086
7577	2.6270406796013996
7578	2.6403677763703475
7579	2.681393899368823
7580	2.0297261244121514
7581	2.23834987581125
7582	1.799413922604318
7583	3.130041327513648
7584	1.3945322634991026
7585	3.831030608863523
7586	2.070187451126088
7587	2.4064237991888144
7588	2.2640910597060815
7589	1.998875087403175
7590	3.304254956194635
7591	2.048951455491132
7592	2.045850829921668
7593	1.954766162524934
7594	2.954477783417099
7595	1.325421715876725
7596	2.733557135434795
7597	1.9781113907177748
7598	3.3478849180608976
7599	1.582812207697921
7600	1.4264853535330282
7601	1.4015501689388354
7602	3.1049059413721225
7603	2.38367694104097
7604	2.514917218531798
7605	1.8133548460666722
7606	3.224161449938343
7607	3.551913240436283
7608	2.7658569780748294
7609	2.004724412945448
7610	3.3272531298715844
7611	3.601162383906498
7612	1.9622021255332123
7613	3.667917918637627
7614	2.644156311780919
7615	2.429890051523763
7616	2.953811829030029
7617	3.101788161365177
7618	3.307616718159272
7619	2.0374090052356264
7620	1.9902039606694568
7621	2.2347854840782055
7622	2.1019376027588743
7623	3.1498381340619983
7624	1.6945286617099995
7625	1.7979207008572569
7626	2.3486274919925254
7627	2.9642865310621933
7628	3.9522919809629924
7629	1.1362272150027661
7630	2.2603631419492793
7631	2.4420111027054974
7632	2.2887987851676117
7633	1.5121385184530751
7634	1.40249634383258
7635	1.7366567145418552
7636	1.6537698920094015
7637	1.7859251608888715
7638	2.7362712406880774
7639	2.030743472661309
7640	4.4136203470167565
7641	1.9405107877185166
7642	3.2523721543047945
7643	4.226506037326115
7644	2.715777804852504
7645	1.6926566995201449
7646	3.1095580677060055
7647	2.844639514247425
7648	1.8154742518245628
7649	2.9904425383277187
7650	1.822745013471987
7651	1.8616469966902267
7652	2.398258046803355
7653	3.648273888696485
7654	3.8124778892618107
7655	4.615876797686132
7656	2.635427083334514
7657	2.962647451741944
7658	1.7217782443246261
7659	2.378033523572001
7660	2.466978436690604
7661	1.6323711327036223
7662	3.6978510713182278
7663	2.690952780986039
7664	2.5403423034126527
7665	1.7648289813819824
7666	2.60575747781251
7667	2.873988861205053
7668	2.0804257409623585
7669	3.2583604973820957
7670	1.498831571881881
7671	3.858039366361487
7672	2.799282326020484
7673	2.9959548813570556
7674	1.743576002576716
7675	2.8198988456929928
7676	2.1683215284618425
7677	5.132929702027062
7678	2.818524300212356
7679	2.2650099874207705
7680	2.4960780434014125
7681	2.1210651864935426
7682	2.566969740313552
7683	2.2502634691065824
7684	2.4304503029099296
7685	3.0736803508216304
7686	3.223632604433848
7687	2.735890305537295
7688	4.245644369901207
7689	3.786931086226438
7690	1.5378022905144175
7691	2.166894050345047
7692	3.2578390010846
7693	2.9845927195998163
7694	1.726042545071025
7695	1.5102442645591065
7696	2.129146944578914
7697	3.2625093132431475
7698	1.8568837812814916
7699	2.297943666276371
7700	2.3566579794523874
7701	2.886557618763409
7702	3.3983402267252463
7703	2.298487102861825
7704	1.5466152423754385
7705	3.8130658674584628
7706	2.395903823556406
7707	3.035335732239864
7708	4.510430003274642
7709	4.082958386415821
7710	1.546539396137027
7711	1.606832644862752
7712	2.6551848693762468
7713	1.2045654302631417
7714	1.9987669945899134
7715	1.8477100778992634
7716	1.4564390700930254
7717	2.489379149917073
7718	3.8115796480344244
7719	1.6392529836533258
7720	1.8259373398854468
7721	2.4436220053245825
7722	1.23008942928118
7723	2.946135031256691
7724	1.5537707916067987
7725	2.4517417690591072
7726	3.0302529861268788
7727	3.9263304723597243
7728	1.4328053151429314
7729	2.7014460284819104
7730	2.014190204804069
7731	2.8788714112386034
7732	2.112666821682579
7733	2.258677254485589
7734	2.4846502847971372
7735	1.4194219325794988
7736	2.3306974722374876
7737	4.391385541592036
7738	1.3618653571925612
7739	2.547350834935118
7740	3.250439594893298
7741	2.9411339121738007
7742	4.090851888089472
7743	3.2728755232809
7744	2.474361091965871
7745	2.4745591907409157
7746	2.3445420933625583
7747	4.74069196794243
7748	1.9975659833634754
7749	2.1017735560649826
7750	1.827842380712967
7751	1.3862674740446106
7752	2.6637574845422702
7753	2.236001159213974
7754	1.8577557275604015
7755	6.045824498414968
7756	2.0241576790836384
7757	5.862453399469197
7758	4.606170501937438
7759	1.994096552114355
7760	4.022029052613619
7761	2.2698321817971374
7762	2.042593357858334
7763	3.395045672865282
7764	2.4652386472317307
7765	1.4696671321026362
7766	1.9486867471716465
7767	2.2323376934198413
7768	2.1209564560870193
7769	1.8464415711312094
7770	1.723225581789474
7771	1.8923363162142832
7772	2.4580812206263265
7773	2.1706964148201653
7774	1.29244807377198
7775	1.5620484270158361
7776	2.2627262664521806
7777	3.7404438451478277
7778	1.4032016048532399
7779	3.3905179312998808
7780	2.1582835755682876
7781	3.791951911802672
7782	2.277153975450087
7783	1.5374790705487476
7784	1.8478923403296286
7785	2.340835211612335
7786	1.4758765266437897
7787	1.613250624532153
7788	4.332788910925905
7789	2.562689017016112
7790	2.2901657342053796
7791	2.748039044186848
7792	4.2846771198757185
7793	1.8851280419501786
7794	5.582601958111692
7795	1.7657332357857765
7796	2.668406813078919
7797	2.1281207199413346
7798	3.5308564689058017
7799	1.9185442861661492
7800	1.534930528587248
7801	2.3026468634777655
7802	2.6721240217185995
7803	2.8997621406964917
7804	2.688428344506444
7805	2.702153227824551
7806	4.039381878644793
7807	2.5451347490512397
7808	2.1471447804345223
7809	1.800995694221237
7810	1.6256019787490692
7811	2.400752669758372
7812	2.151151605001253
7813	4.223869686038191
7814	3.6611343332064363
7815	1.417474909668768
7816	1.5187953921665087
7817	2.1752201936196776
7818	1.5464491760825492
7819	2.6205643914114143
7820	3.5992909644587585
7821	3.33496098002789
7822	2.349061236721868
7823	3.6223487673133663
7824	3.6361578614670966
7825	4.3336790907255605
7826	2.8869671851072223
7827	1.4544337860124754
7828	1.5619135231345005
7829	2.2279486953181804
7830	3.1866788772374286
7831	3.971536905510795
7832	1.4965829142526983
7833	1.3214696591020867
7834	1.9718459389833811
7835	3.3073053704001585
7836	2.1764415760583757
7837	2.941067824626673
7838	2.497844475328876
7839	3.0531995945279573
7840	2.5568392929524473
7841	1.5846987515625162
7842	1.9437178555190235
7843	1.9710781771321386
7844	3.177408821092949
7845	4.967935682265987
7846	3.198692891196952
7847	2.428628709330167
7848	2.497751140861994
7849	2.0806186615316205
7850	4.371521450260634
7851	2.1395707704414315
7852	2.2269696716752003
7853	1.6355296731131581
7854	3.3710987750159833
7855	2.1211663419980686
7856	1.9229831180463302
7857	3.4493789904025554
7858	2.1145411290397442
7859	1.710546354506145
7860	2.9324618991238216
7861	3.540197289627963
7862	2.5998791787857765
7863	2.6573005702079944
7864	4.477377005387905
7865	3.4724644757343777
7866	2.8678053910639014
7867	5.573028229589544
7868	1.7923360945298612
7869	3.2624344718072016
7870	1.7892875240457877
7871	1.205204584391602
7872	2.013104276200928
7873	2.2368419729123907
7874	2.977911710580814
7875	2.3530124729445583
7876	1.7327111318592032
7877	3.4637509847998698
7878	3.6809137574835527
7879	4.925820494296911
7880	1.9010851299307858
7881	2.5522361309320694
7882	1.8935269884502717
7883	2.271918002766231
7884	2.7812630744427436
7885	4.044826420923954
7886	1.4558652014957993
7887	1.7956332868351743
7888	3.0637985418021807
7889	3.2051271284851617
7890	1.414839937811294
7891	2.8335482255003184
7892	2.392094844934884
7893	2.3133372881558874
7894	1.6735979794791616
7895	2.446499419203249
7896	1.960008521368006
7897	2.828436826271203
7898	1.6192041096605816
7899	1.0633661989923693
7900	1.668816983036741
7901	1.911910318880124
7902	2.8438245736170105
7903	2.1843572957418926
7904	1.62433061801345
7905	3.086128364848609
7906	2.2535124783042613
7907	2.1146987585462673
7908	2.20525792640792
7909	3.034866745865101
7910	1.4408910928958059
7911	1.5582483116344885
7912	2.209701428757096
7913	1.6820473115808525
7914	1.7569430551726868
7915	2.960529951985602
7916	2.565014598646147
7917	3.122868270025708
7918	2.8935844241458795
7919	3.6816252528138027
7920	2.4077893345953614
7921	1.4508879438280584
7922	2.467291186204437
7923	2.230272227269756
7924	2.2135766050269727
7925	4.002204017489703
7926	2.542451830897737
7927	2.6284826968924757
7928	2.040309623662932
7929	4.189659328551774
7930	3.6092151618114565
7931	3.5429870133686454
7932	2.959948713907132
7933	1.7989382089214647
7934	2.4119256689864885
7935	1.8136947923523128
7936	1.8903538111101783
7937	2.4804737413481353
7938	2.3094058885332065
7939	2.0217731653764734
7940	1.511729792825581
7941	1.7247390466783068
7942	2.1521581921647317
7943	2.2359210486364582
7944	2.0431193964035335
7945	2.3851752927615886
7946	2.1006841666477207
7947	1.5930882758445106
7948	0.9630287899682594
7949	2.5672992425111705
7950	2.298941150676385
7951	1.778078124284974
7952	2.051900766177523
7953	2.923169376650659
7954	1.6325979391600294
7955	4.356719566552397
7956	2.228765568831606
7957	4.92449028396284
7958	2.705112089688252
7959	2.2536503528066194
7960	2.272326030026386
7961	2.8231890362233507
7962	1.1768602464413151
7963	1.6590314310997931
7964	2.4404778927191075
7965	1.6987355615793
7966	3.1359754508215127
7967	2.30043243058571
7968	2.750731201729308
7969	3.4358677243678355
7970	1.5357235045936053
7971	3.2665051305913337
7972	2.291818681900973
7973	2.8418845762130687
7974	2.059623999138928
7975	6.21954744928469
7976	2.0610627710397145
7977	2.8656759348382046
7978	2.5131938516346364
7979	1.9681887662099766
7980	1.7466979234691886
7981	2.3687158462892404
7982	2.100919450628099
7983	2.1456481405769203
7984	1.993969993146273
7985	2.0301794329754
7986	2.6165586918707424
7987	1.980219910704916
7988	3.5990035026152185
7989	2.07192484860611
7990	4.3049028438037595
7991	1.9998795415345672
7992	3.1301423673841664
7993	2.238817022887298
7994	1.3304096529031144
7995	2.5024964485291497
7996	1.5443977891859257
7997	2.221313306043096
7998	1.8916741258955372
7999	3.900579159689901
8000	2.503681442620992
8001	2.7191475131730964
8002	2.8810903666548606
8003	2.5929860224518446
8004	1.2236545525026266
8005	2.899745881882054
8006	2.404044748414316
8007	1.9682238831921504
8008	1.8413790095927918
8009	1.8389611795272602
8010	2.7512217816541176
8011	2.4106957556133426
8012	2.4047303398434123
8013	2.921805074532098
8014	2.43430753953404
8015	2.0990285346290594
8016	1.672913089492099
8017	1.779709345432297
8018	2.096632810165161
8019	2.978776488422288
8020	1.7067651196102316
8021	2.214747585031902
8022	1.4696867021180375
8023	1.538526481645925
8024	2.278427293888931
8025	3.0750767812076085
8026	3.211906075745195
8027	3.2027422830477517
8028	2.8405312977153687
8029	4.337841001529318
8030	3.224023238101733
8031	1.3808940967786842
8032	3.515650399995208
8033	2.2489163589365444
8034	2.212017599821848
8035	2.5340999383463254
8036	2.8868432935618187
8037	2.8926494271245122
8038	3.2952666405799524
8039	3.227164956327236
8040	2.5541196332096296
8041	1.3509174804580795
8042	3.2929021002062244
8043	1.9070150986974752
8044	1.7570641231274513
8045	1.8362269015673032
8046	1.8634641662059284
8047	4.089524615902029
8048	2.881829684543011
8049	1.9663973729236883
8050	2.1088196783706556
8051	3.233862924744979
8052	1.5735836955364095
8053	1.4829805206646818
8054	4.384785565474922
8055	2.085773078397791
8056	1.830734561906932
8057	1.566115333693233
8058	1.9540842759137673
8059	2.1718280627675424
8060	2.1652417150805205
8061	1.5368587703411822
8062	2.310840397621057
8063	2.4092714366003136
8064	3.482353485822895
8065	2.1066783091390544
8066	1.387727522369818
8067	3.111030583550461
8068	2.2869610784016507
8069	1.3385630314756993
8070	2.0044616695644626
8071	1.9247861415016543
8072	2.9095710706700997
8073	2.52378015240528
8074	1.7220081496339872
8075	1.7357718456800129
8076	2.0861089055241098
8077	3.1091859990178303
8078	1.6438877481091358
8079	1.7588529615198734
8080	1.5918861594905562
8081	2.2599460590272353
8082	2.939901161478148
8083	3.7979743464358235
8084	2.1316591057439496
8085	2.0116181017639607
8086	1.9909066446287433
8087	3.120993443185385
8088	1.6901036845139326
8089	1.7921565749024577
8090	1.95483010455476
8091	3.403344408863359
8092	2.880855676087177
8093	2.2166024465882095
8094	1.8799998448541262
8095	1.4529731931383931
8096	4.534105590486099
8097	2.038850286266654
8098	2.421743194748289
8099	4.398986340750263
8100	3.0834385951629
8101	1.531382286152967
8102	4.268584949749846
8103	3.58346146541116
8104	5.487823086887325
8105	2.236870958042487
8106	1.7032818545617139
8107	2.5211423674279696
8108	1.8211227040301528
8109	2.6954216273396914
8110	4.366213208596093
8111	3.4892932568821067
8112	2.0106128349529655
8113	2.5718059284348587
8114	3.312260798935436
8115	1.9833222021548744
8116	1.345847202687114
8117	4.1257496826942655
8118	2.2519954968190685
8119	3.1174332038060357
8120	1.8240562160841634
8121	1.3580158143364829
8122	1.5828272016308413
8123	2.3545715166453074
8124	3.0219808925001295
8125	3.86625912104371
8126	1.715800645483246
8127	1.3384877900919778
8128	2.6912168234331078
8129	1.5536438554240066
8130	4.3803880236762
8131	1.8537866539789452
8132	3.964598882268753
8133	1.9125237340733956
8134	2.4770739574675678
8135	1.903227696406401
8136	1.9206814488492425
8137	2.5284193371287658
8138	4.850662054567242
8139	3.0973643188013664
8140	2.2522356643562995
8141	4.014504146142414
8142	1.4298356579828848
8143	4.061674489546574
8144	4.898059054045945
8145	3.534386298284213
8146	2.428926193582785
8147	1.874270482659526
8148	2.008732535195617
8149	2.806191439519792
8150	2.100367777968194
8151	1.8244952478886092
8152	3.963992348548094
8153	2.5202717767204805
8154	3.2737399936112883
8155	3.8420514545350133
8156	3.3994261926741824
8157	2.6370978568351817
8158	2.8084643775594773
8159	1.6516408874444386
8160	5.258518143628295
8161	2.1558625750450764
8162	2.100301256057572
8163	2.8944239674164067
8164	1.9408629319665747
8165	2.2680298494389115
8166	2.2985098766340823
8167	1.9596373267652016
8168	3.0627782497911653
8169	1.3157460182722072
8170	2.0801019302102555
8171	0.9592514570160519
8172	3.104883094945583
8173	2.4278341913087584
8174	1.828995992045807
8175	2.2860486551584227
8176	2.179726473344273
8177	1.7847814956244854
8178	2.66914413975953
8179	2.6118262098251654
8180	1.5244011438038425
8181	2.132440447267819
8182	2.0831804476868863
8183	1.7991887720566122
8184	2.526937460474476
8185	2.2061809098895098
8186	3.364635653107532
8187	2.2059925293486495
8188	4.962471750057971
8189	2.217105670122077
8190	2.778162013588811
8191	2.244533292066207
8192	4.191437785450107
8193	2.930055868042161
8194	1.2817405379081226
8195	2.5874333766732693
8196	2.3132312117907654
8197	3.8419177928513486
8198	4.065615610217076
8199	1.1892560671793497
8200	1.5815156951010736
8201	2.990871620700222
8202	2.1777754730620473
8203	2.1317490153669105
8204	2.243752320531675
8205	3.7905288448110865
8206	2.6068666740630992
8207	4.7758671230609115
8208	2.5810046525454373
8209	2.15188389362745
8210	1.7816617393769207
8211	2.019817349493845
8212	1.7452412499468015
8213	3.3389271364281474
8214	1.8337703738647577
8215	2.295092871442237
8216	1.6543974401459272
8217	2.2168520303881074
8218	2.390316733756528
8219	1.960597237204774
8220	1.5080833488221848
8221	1.482382002206176
8222	2.1524763494528987
8223	1.685666545365131
8224	2.2938963223163054
8225	2.2063825073915724
8226	3.912906549432771
8227	3.2602100163782826
8228	2.4206127854342956
8229	2.5348014028664814
8230	2.153066163005097
8231	2.154468966359408
8232	2.202454268261598
8233	1.8589001471919673
8234	3.208509235637064
8235	2.0958928542503146
8236	1.3561598738162346
8237	2.0328817820242273
8238	3.4375550979702956
8239	2.6321589825410774
8240	2.5789283823319487
8241	5.474806517944965
8242	2.2841270639252573
8243	1.6729950082755465
8244	2.8199621206044663
8245	1.998331723861222
8246	1.608264609315852
8247	2.5761748721937847
8248	1.882539128309872
8249	3.4670931741368047
8250	2.5125082227385227
8251	2.341099004104741
8252	1.7524000915912987
8253	2.498894234725074
8254	1.6660021184606615
8255	3.2895579524289875
8256	3.002931453437433
8257	3.9623367119973154
8258	2.3821116681684718
8259	1.1622432150006372
8260	3.286141331319993
8261	2.1657674145724233
8262	2.5034149798240857
8263	1.6577404673773135
8264	2.0418459372884006
8265	2.1335880957220152
8266	2.092596288630606
8267	4.060812724589723
8268	1.9899122394827586
8269	3.696045248311164
8270	1.854924700043572
8271	2.2402799641389994
8272	4.521215593942158
8273	1.5349135928647988
8274	5.155262293007647
8275	1.983135221071997
8276	4.088281092452709
8277	1.367647448315857
8278	2.3395684292006615
8279	4.139215225970673
8280	3.695816848668642
8281	3.8743457227433535
8282	3.97915012949578
8283	2.0056756554835986
8284	1.2776312799902925
8285	2.3347274031841914
8286	2.210057397246592
8287	2.069261489325744
8288	2.335584406516362
8289	4.187837148530337
8290	2.7505450780091505
8291	2.5239778671159834
8292	2.8550865832099843
8293	4.132083994437254
8294	2.5517947048841405
8295	1.0897918839523815
8296	1.769621200233173
8297	3.3120572550833334
8298	2.58537045318469
8299	1.9621591507327742
8300	1.687051171848468
8301	1.0681930755420417
8302	1.8742252593476505
8303	1.9724746777237747
8304	2.124404215792573
8305	3.66693996211419
8306	3.610609078775541
8307	3.5207086079579737
8308	1.9599913854253879
8309	2.563410076993128
8310	2.818060221300925
8311	2.0553342824242358
8312	2.2705174738577094
8313	2.1105265008320133
8314	2.468661800110032
8315	1.4029763122459302
8316	2.462770794957591
8317	2.8375013809680576
8318	3.99053253720237
8319	2.513384043336214
8320	1.5254494810814438
8321	2.3734725240358023
8322	3.1114519552424857
8323	2.9950486451916407
8324	4.96254568324832
8325	5.136448813949002
8326	1.9258990023915008
8327	1.3430870559117778
8328	1.7528189186998278
8329	2.0467489743274547
8330	1.8026594392861424
8331	3.087816352560014
8332	2.4831219781336062
8333	2.00225873182931
8334	1.356747655057929
8335	2.995656877266371
8336	1.0711006117020918
8337	3.1513848915284157
8338	1.8629425744424484
8339	2.1344802292610754
8340	1.8119372492178316
8341	3.228715164022107
8342	2.135087694896459
8343	2.0109638041202254
8344	2.3680628253884417
8345	3.1128556753543806
8346	2.3634329614439045
8347	2.35608488540575
8348	1.041779650645309
8349	2.7751344806871026
8350	2.4559963836994076
8351	1.5197998533601709
8352	1.485669655820778
8353	2.240444973103628
8354	4.185671098273534
8355	2.1415973755145563
8356	1.435020490806088
8357	3.3989006737285696
8358	1.9926427680883867
8359	2.095792313855633
8360	1.1246394301989904
8361	2.0533265785711152
8362	2.284025881514176
8363	1.7903157860917913
8364	3.389221053511365
8365	1.9248644411125082
8366	2.1857481970055956
8367	2.7751778145298376
8368	1.880263120225899
8369	2.896212767649387
8370	2.3289823335893955
8371	3.6805850645133904
8372	1.7265670169306182
8373	2.968067098758115
8374	4.431619094951877
8375	4.283228553474603
8376	3.7830838845235615
8377	2.8738259450837047
8378	2.328661425437169
8379	1.8564010682618903
8380	4.16500939871099
8381	2.5169481863957217
8382	3.9749046769747753
8383	1.9744661144023716
8384	2.532442527429188
8385	3.070049279302251
8386	4.368163940055663
8387	3.1506425814368835
8388	4.406296966760506
8389	1.7163744820932931
8390	2.677596251672252
8391	2.336888017005698
8392	3.5624607754188347
8393	3.5191055467989596
8394	2.550590518392947
8395	2.0683636614457157
8396	3.488030455372961
8397	1.5980940849055674
8398	1.7750337204488178
8399	2.749042265846631
8400	2.5332788875760874
8401	2.138551389478118
8402	1.6716383419827312
8403	3.176119177183034
8404	1.9540531362953721
8405	2.28308150951201
8406	3.3676931824865
8407	3.258584667602313
8408	2.991145730788856
8409	3.203641686398585
8410	4.322134588784707
8411	4.3905925313018646
8412	2.9744378117385866
8413	3.2679437639316533
8414	2.5263412621586467
8415	3.2769684927359073
8416	1.9886223875660587
8417	3.9981073736809116
8418	2.881169215840021
8419	1.704690990710816
8420	1.5254217630540798
8421	2.044713437703642
8422	2.1629921341792078
8423	1.9523037347926824
8424	3.4678791939697184
8425	1.7055719554508746
8426	1.7065167199894546
8427	2.511506494363892
8428	3.256589116698013
8429	2.145411359104804
8430	2.7908898315604387
8431	2.2501942102847883
8432	2.0675198739523455
8433	2.0218685893349995
8434	1.965423216235103
8435	1.719157382039919
8436	2.707990940034963
8437	3.725708315929241
8438	1.8215022303243946
8439	1.8504850213541262
8440	3.79475414584779
8441	3.812298818836181
8442	2.5905227320708035
8443	2.2633221133657653
8444	1.5194902395492502
8445	2.3292656685619004
8446	1.881581288975815
8447	0.9756903984743693
8448	3.1582387781424415
8449	1.9279499001738216
8450	1.9092273521713037
8451	1.4029570642689853
8452	2.431096923048359
8453	2.5041314301576914
8454	2.2053948413421276
8455	1.7562082648229431
8456	1.687495327977647
8457	2.1552416235473957
8458	3.4738465458913934
8459	2.049359636802654
8460	2.1544169319119204
8461	2.0162827723821395
8462	2.956628891805672
8463	2.54654931082303
8464	1.5487014969464337
8465	2.274070917082636
8466	2.4328998712507883
8467	2.730392535909167
8468	1.95689165757857
8469	1.4825984358781856
8470	1.8696969356294242
8471	2.494678378204997
8472	2.8636298347696285
8473	3.165981806981637
8474	1.982764619629283
8475	1.374230119017391
8476	3.348559655363609
8477	2.8902865890166716
8478	2.144149366076341
8479	3.0576311496137323
8480	2.6989603772894304
8481	2.0263912710616134
8482	3.8579718235382154
8483	3.709123189164255
8484	2.530778921680059
8485	2.180350014813933
8486	2.4906578824477688
8487	2.531791095601086
8488	1.8442421590127573
8489	3.1623116937326317
8490	1.7724222480409069
8491	1.9896176279670617
8492	2.944354532925839
8493	3.788959560601417
8494	2.1253158430164056
8495	3.152632903735168
8496	1.6996122791690043
8497	3.697824841122186
8498	3.0027316445974312
8499	2.09334499373905
8500	1.848295534067702
8501	2.2486021868884065
8502	1.423643063389778
8503	1.6241693765368932
8504	2.6864525973923823
8505	2.620224630709693
8506	2.9712940952597
8507	3.4993677467047766
8508	2.9292765719598233
8509	1.757198609093151
8510	1.629444424743386
8511	1.6045204656522765
8512	2.012832248207362
8513	1.703869887464056
8514	2.377509280541639
8515	2.961367489552388
8516	1.8587104943589945
8517	1.7161378430373178
8518	3.672991585104385
8519	2.7408352601140367
8520	3.1377371754112002
8521	2.2043985012414495
8522	4.595233098276816
8523	1.9056733043967995
8524	4.569593064769045
8525	1.118080875987809
8526	1.7913854326350072
8527	2.4075763891712123
8528	1.9957885084027691
8529	2.7661509788789442
8530	1.7515453019688814
8531	1.774389333444684
8532	3.637373351053683
8533	2.1947890944345843
8534	1.380907354353303
8535	3.0281429549714525
8536	1.9328224279701205
8537	3.0438769443263523
8538	3.2976629759395726
8539	1.7294235095766841
8540	3.89963085398541
8541	2.064975222439687
8542	1.4635321874605403
8543	2.3755665520065596
8544	1.8881130937305397
8545	2.7272279421207375
8546	2.5116331992799203
8547	3.1449814133479546
8548	1.0962425066798347
8549	3.834264550046356
8550	2.721796915246162
8551	4.469179582247579
8552	2.6453079531689765
8553	2.620639259896438
8554	2.0596024142928258
8555	4.1861779445364755
8556	1.9160241988521451
8557	3.452116645079367
8558	2.200774643965122
8559	1.9694744487020284
8560	2.686841569599875
8561	3.5168175550447707
8562	2.600436630420801
8563	1.9926988403667996
8564	2.1696482998014597
8565	1.942021554679937
8566	3.065809524320179
8567	1.3612977472065455
8568	3.769995693505616
8569	1.2585576100024523
8570	2.657576115783186
8571	1.837399085263926
8572	1.9814420058771294
8573	1.4601494748786825
8574	1.4085492416884398
8575	3.0539031406311166
8576	2.455047295245788
8577	1.928473148613676
8578	2.2834095645256727
8579	2.6825456485139836
8580	1.4685477208283357
8581	2.210105600844379
8582	2.519218859832413
8583	5.080735013632458
8584	5.715195486578424
8585	3.3074644363408385
8586	1.5664358438115713
8587	4.03950866359048
8588	2.986007648972536
8589	3.312463495227465
8590	1.5686887152673368
8591	2.5236850011211844
8592	1.7693559830615604
8593	2.229982436273919
8594	3.2109885002607865
8595	1.5670939511232769
8596	1.4281870492320883
8597	1.9432845034933013
8598	1.592002770712619
8599	1.4315446365403957
8600	2.0387394973100874
8601	3.9197123823565927
8602	2.0307823032575585
8603	2.8066635426789692
8604	1.7891967085265998
8605	1.431694027097455
8606	3.6171320432694585
8607	1.9462375176759465
8608	1.4952445407568071
8609	2.692736722867383
8610	2.4658523979330624
8611	1.656746138488785
8612	3.915027933111792
8613	2.023228970842079
8614	2.4827135182804905
8615	2.8301279213769766
8616	1.5458817722114786
8617	2.810320388669684
8618	3.854620590679601
8619	2.131332075967578
8620	4.423019053956607
8621	1.253708993429425
8622	1.4138399103195718
8623	1.6807353769495368
8624	1.5443310709781564
8625	2.0120994495259787
8626	2.0856737604368245
8627	1.766299675659645
8628	1.9212539851229242
8629	1.9308930076698614
8630	1.7991866545365849
8631	2.5353633002132963
8632	2.932104067143209
8633	2.3042880940280206
8634	2.3109873481934238
8635	2.1154900390002775
8636	3.217862967371908
8637	2.1791217011462427
8638	3.4787058721062376
8639	2.6206341941535762
8640	2.66878403696037
8641	1.841511240093161
8642	1.9370471154073579
8643	1.5538829196600643
8644	2.6649184645973905
8645	2.5220292360214405
8646	1.9400183765364942
8647	3.5745754138347627
8648	1.5965670020066949
8649	3.5222721714326757
8650	2.89573036137649
8651	3.5688508147806974
8652	2.0257260560190513
8653	2.0953523623447468
8654	3.749426907900863
8655	2.0732112543760675
8656	1.9695480148685165
8657	1.4581032635573288
8658	1.6273240957928334
8659	4.613609625352035
8660	1.2665685153026984
8661	2.3700026291779928
8662	2.678015285724237
8663	2.729595808833564
8664	2.6816634353669957
8665	3.232007331272498
8666	2.3861284122916553
8667	3.6274687455370436
8668	1.134928056135658
8669	4.06569479837034
8670	2.0907111212237086
8671	2.9927995782395427
8672	4.18747410048096
8673	3.1655922207047595
8674	1.961175008441517
8675	1.4196487088394334
8676	2.9839754702938865
8677	2.0361510879909575
8678	1.258231846840415
8679	1.3202940187954566
8680	2.0905496394866714
8681	1.4846077817482861
8682	2.499379752299868
8683	3.3430126566810046
8684	2.0843344989241688
8685	1.8865528433097412
8686	2.5970929555937405
8687	1.620923147918127
8688	2.8228776696468714
8689	2.533723550292779
8690	1.9065435709711174
8691	2.64733600200867
8692	4.460763429152038
8693	3.581089579262265
8694	1.2418905607174282
8695	1.9571359911592898
8696	2.872939229782976
8697	1.103554042093257
8698	2.3213277224218642
8699	1.8082041957688502
8700	3.7512195372779003
8701	1.723938513102668
8702	3.654309582990335
8703	2.3795162705812567
8704	1.7328273889382269
8705	2.9531912357309307
8706	2.614729025180222
8707	2.816811265535938
8708	2.3787873132252058
8709	1.9501399927725351
8710	1.5181966007020755
8711	2.4438915593988324
8712	2.009526093519886
8713	3.265791529681628
8714	2.9833370756555704
8715	2.0294524318138354
8716	2.329276661772042
8717	1.8524038974579744
8718	1.5919828497893331
8719	2.5583620900530923
8720	2.1742306786455448
8721	2.2980408941519586
8722	1.5612984778076184
8723	3.431203351668002
8724	1.3034235705082846
8725	3.979004476167086
8726	2.5370894345642996
8727	1.9566169309558155
8728	1.609523661539803
8729	1.9539481844297073
8730	3.4063425231884317
8731	1.34716776328907
8732	1.7067870898268398
8733	1.6269985009871126
8734	1.6445699171433963
8735	1.5299312174071962
8736	2.1297323963195915
8737	0.9515618765776488
8738	4.483680693520642
8739	2.256739522748061
8740	1.77434119187754
8741	3.8279307777969502
8742	2.013975807731029
8743	1.6132387291500325
8744	2.2938900045825497
8745	2.2748255629130707
8746	4.128186533782931
8747	1.8916034717168777
8748	1.8902510750750818
8749	1.7261023400709454
8750	2.5021860334607195
8751	1.500640243134974
8752	3.0060005036700983
8753	3.2249318607637627
8754	2.8571582760773264
8755	3.122036459098638
8756	1.9284539328171184
8757	1.8226382455380028
8758	3.7357290240035734
8759	2.204338113361378
8760	1.8877377320353355
8761	3.236617471007964
8762	2.7130690530204706
8763	4.007769227144765
8764	1.9966869927603499
8765	2.385907312187924
8766	2.118752604004536
8767	2.602962847480013
8768	2.8514480777726714
8769	3.1387933378660016
8770	1.8789317909603354
8771	2.752276972355431
8772	1.6423190920401247
8773	2.817562758878843
8774	3.5644048447122176
8775	2.212195123703431
8776	3.3534219587876657
8777	1.529154192026758
8778	4.2699002266066985
8779	2.3891922487916566
8780	1.776496704928476
8781	2.6533887962293394
8782	2.1409576729580686
8783	2.419801469451328
8784	3.7539506942867957
8785	2.2260378912436973
8786	2.2362686254995365
8787	3.4336746088599424
8788	1.8952606208776976
8789	2.661409663975397
8790	0.8973946251536141
8791	3.3467700719401217
8792	3.992400157843745
8793	1.3143364065993373
8794	3.2676917212414707
8795	3.115886637683409
8796	2.103605412477984
8797	1.5746001573979145
8798	2.0579401810025924
8799	1.97035198935848
8800	2.6098173020149322
8801	2.732383727727695
8802	2.724915910645416
8803	3.494673647898939
8804	1.3782730959506346
8805	1.5587679674358261
8806	2.0933633286513302
8807	2.1658587158096343
8808	4.403989732609037
8809	3.03300512379709
8810	2.7664365261491404
8811	3.257115152934458
8812	2.5169858007975026
8813	2.664000415667515
8814	3.099316885849501
8815	2.1781494567136424
8816	1.3320887388198759
8817	1.4003038964644818
8818	2.0419168541610735
8819	2.1393329031285586
8820	1.9977421752324425
8821	1.7743060969694502
8822	2.900675217489547
8823	2.5091566563120518
8824	1.053592925761769
8825	1.9056364478648096
8826	3.051574005434241
8827	4.487144341941821
8828	1.7098299424009984
8829	3.188238150968052
8830	2.439137777362601
8831	2.403670148975381
8832	1.7379809283563905
8833	2.239931234195559
8834	1.963955879058462
8835	3.682263111668042
8836	2.7424721619132604
8837	2.275335051785151
8838	2.104144586213727
8839	2.5593362814599305
8840	1.7285558939574766
8841	2.0781658190199894
8842	3.169597599922296
8843	2.554331134370993
8844	2.045883566241347
8845	4.507223269113711
8846	2.8335503932061763
8847	3.2357181199276193
8848	2.7656261908744835
8849	2.2703476400898674
8850	3.0937221518181803
8851	4.731269641812208
8852	2.3377212012059907
8853	3.65584218455969
8854	2.158648025732622
8855	2.0137798999570844
8856	1.7368622544164116
8857	2.259274646670923
8858	2.582995475254844
8859	2.401367832933068
8860	1.39346572551875
8861	2.575881412196777
8862	1.6557178778363484
8863	2.4130736383290414
8864	1.4362001665931854
8865	2.2339809204488037
8866	1.713664589525441
8867	3.521838163176984
8868	2.2446227770520797
8869	1.6901826231000052
8870	1.9145934990888551
8871	2.5215213390847855
8872	2.5065236729506672
8873	2.2742153349217977
8874	2.1667115585045944
8875	3.1946302474610575
8876	3.4634499126534286
8877	1.8624145545922455
8878	2.139409759686679
8879	1.830008405574936
8880	5.220363580738683
8881	3.4062070730941483
8882	2.6039141161319046
8883	3.0647700560371303
8884	1.5467875122020356
8885	2.0480581026551126
8886	2.139963098703675
8887	2.0939319032564008
8888	2.8047003951208094
8889	2.2513420257253527
8890	2.207140708248535
8891	2.74769444999862
8892	3.6532819740764007
8893	2.875030953945244
8894	3.378983209185713
8895	1.5133901570921706
8896	1.390972480009717
8897	2.1033074186082352
8898	2.5455179652328974
8899	3.2724465167568635
8900	2.238836076281989
8901	1.5368533920588152
8902	3.7210477686635826
8903	3.0098172810534374
8904	2.1387149732696575
8905	3.600636045036482
8906	2.0943772885242313
8907	2.2999539338226263
8908	5.415101309662344
8909	1.8926551231352415
8910	4.98875279669543
8911	2.2377424988549106
8912	2.125941500087156
8913	3.682140710516646
8914	1.7206699466281223
8915	4.177389546652883
8916	3.7385504906167237
8917	1.5447240915155804
8918	2.579852171134448
8919	3.098825593937722
8920	2.341422473661462
8921	3.070554332527656
8922	2.910046326632318
8923	2.4727019793617337
8924	1.27489937724026
8925	2.4561625882753413
8926	4.568817756284748
8927	4.894440033759995
8928	4.237479317579921
8929	1.8501734973442436
8930	6.135771430882424
8931	1.9415639157292761
8932	2.571526723589818
8933	2.6599103239303545
8934	2.645916035679545
8935	2.236971188795964
8936	2.242801034195918
8937	2.7030576132632995
8938	3.015568625001631
8939	3.2495912951893535
8940	3.7957672852775977
8941	1.9473833227908235
8942	2.2894059348132205
8943	4.524483784287468
8944	2.1651185128818966
8945	2.3331575583294786
8946	1.6996197102916497
8947	1.8834113701653765
8948	4.2292468607019424
8949	2.750782418253974
8950	1.6878783597670035
8951	2.304237071781645
8952	2.008625866504291
8953	3.6694371967255104
8954	2.1720344167170067
8955	1.7795935225536121
8956	2.5525660698513355
8957	2.6040220830450846
8958	2.014281292949189
8959	2.3267206093105393
8960	1.7701526760829587
8961	2.169803179981087
8962	3.905707855508958
8963	2.7631521664842067
8964	3.5543849555519866
8965	1.7261345138692858
8966	1.7392033637831985
8967	1.8275422663887202
8968	3.2445088553254915
8969	2.0760349999994783
8970	2.6293529129985727
8971	2.868041554596382
8972	1.4445591208236923
8973	1.4799321205325207
8974	4.007940504680671
8975	2.02992084157798
8976	1.6983918471382475
8977	2.4183038092144034
8978	2.214130432821377
8979	3.6562616586405405
8980	3.166190893335203
8981	1.1509571479382998
8982	3.9917766627717155
8983	1.893849020797939
8984	2.4490852420674405
8985	1.5067077987629023
8986	2.0190949963107747
8987	2.626992137570124
8988	2.04783469046703
8989	1.8309036669850418
8990	1.6890329066613121
8991	2.3544935537586587
8992	2.793483491152867
8993	2.3058293891717785
8994	1.652305645019515
8995	1.952474571495267
8996	3.2363243716870334
8997	1.7760998217267914
8998	1.994435652364378
8999	1.4844971682630808
9000	2.4754202281291504
9001	1.7858785635709573
9002	1.9833503492445903
9003	1.8318989516097473
9004	2.9142450315478614
9005	2.7127402866814907
9006	1.6192930685776827
9007	2.284114103306573
9008	1.6828612442425015
9009	1.9229510408824269
9010	2.670374037901071
9011	2.4754766019506182
9012	2.7666829590747795
9013	1.9057446078717872
9014	1.2135855583526736
9015	2.7301992925343117
9016	2.523513654916588
9017	2.265165174391326
9018	2.2589870713662776
9019	1.934466068719068
9020	2.486418593540507
9021	2.6512309514294192
9022	2.577887621351772
9023	2.624601426348869
9024	5.5184451919036
9025	2.0439443824723944
9026	2.2736971348899018
9027	3.360926161321431
9028	1.7608968939829615
9029	1.4050740941158681
9030	2.988373770791448
9031	2.1057823422919686
9032	1.8549505756890063
9033	4.575015722013677
9034	6.056172670439731
9035	2.58464299598947
9036	2.4347541724445465
9037	1.2854386165820173
9038	2.9781024993928575
9039	3.0651814726615085
9040	2.559604287402096
9041	2.803562732678446
9042	1.3980022854835694
9043	2.511808231203384
9044	1.977956648357943
9045	1.8612864896469739
9046	2.2023936154352017
9047	2.843241931950615
9048	4.5546526187801195
9049	1.7262254705185667
9050	1.9528086000965326
9051	2.050843338615611
9052	1.2833547834716925
9053	2.034820235623752
9054	2.462142216389639
9055	4.1226724804631845
9056	2.277931171471561
9057	1.704159227916259
9058	2.4373907918850137
9059	2.9264473236796844
9060	4.6211988223543665
9061	1.4704182812999615
9062	3.4794055952549345
9063	1.5991450104949196
9064	1.9013443630143927
9065	2.2934459372558678
9066	2.895847536579366
9067	2.7844452372958917
9068	2.4799788360825286
9069	3.1996309361543105
9070	2.012830240659887
9071	2.8140289929204
9072	1.8279903088357876
9073	1.8954186855801431
9074	2.9724999262336813
9075	1.406033443619515
9076	1.8384838743464276
9077	5.126471538117425
9078	1.2269108653259215
9079	2.855084579986843
9080	2.1196237086438883
9081	1.1051955764962016
9082	1.3910242432626367
9083	1.420276978103698
9084	2.432906634225071
9085	2.128822276494868
9086	2.806080176842532
9087	1.6040896781657485
9088	2.4087003059671117
9089	1.8991303462178262
9090	2.96612633941259
9091	1.8599744426412121
9092	2.808871631594779
9093	3.635942697382702
9094	3.5018443744010495
9095	0.8323291157909164
9096	2.756351314847885
9097	4.523669657996749
9098	2.374303627931807
9099	1.7126361092089173
9100	1.7508234292702531
9101	1.7788944025127855
9102	2.4102730791331277
9103	4.245193979533849
9104	1.9543341170924993
9105	3.146827346412482
9106	1.6866976796039632
9107	2.442865565042565
9108	2.0303616526058854
9109	4.2021701465471635
9110	1.4112535931557464
9111	1.4217674291947564
9112	1.5970792893148757
9113	2.498076739109344
9114	2.474866508096263
9115	4.542766114618092
9116	1.784830478159016
9117	3.2914351300632005
9118	2.143908877608903
9119	2.1769353653783052
9120	1.7775525441858095
9121	1.595563842170966
9122	5.758121461639067
9123	2.353480481385045
9124	1.46002657268812
9125	2.4306088480776027
9126	2.107666652591294
9127	2.477014100947394
9128	4.745095399797316
9129	2.019013306897892
9130	2.8042717534710926
9131	2.2707933263425963
9132	2.761669585929273
9133	2.1957696499832093
9134	5.04024339319464
9135	1.8201664223011178
9136	2.5634762485582874
9137	2.440666930718505
9138	4.258105991413004
9139	2.079930308298754
9140	1.6770984563019622
9141	3.0292456170347433
9142	2.3939582628404454
9143	4.197375668728974
9144	2.561094240399608
9145	2.497503319950317
9146	2.7969528782712616
9147	2.5982265029555656
9148	2.7371268270648437
9149	1.0722987039997847
9150	1.6737764782699454
9151	2.593119023047651
9152	1.7267508394572608
9153	2.656697181497545
9154	2.2808327852154986
9155	2.0848010536280297
9156	3.075425371766845
9157	4.017107697586121
9158	2.232752726484693
9159	1.9548009010695058
9160	2.1470082547440934
9161	2.1184291479003425
9162	2.3804032659482472
9163	2.3990104689961167
9164	4.4461845400121724
9165	2.0608507943692054
9166	2.828712316056747
9167	2.5169444365134535
9168	2.6437897241264894
9169	2.343797404157756
9170	3.035089719003279
9171	3.943013331479618
9172	1.7337763549487426
9173	3.167576143564294
9174	2.1848516087829366
9175	2.4023085530240325
9176	1.7293879169877522
9177	1.5942416934571746
9178	2.690141265022107
9179	1.8444599222272051
9180	1.506332433711251
9181	2.7128938047831395
9182	2.214578744104772
9183	3.304995672777019
9184	1.940054033320087
9185	2.4439163544722273
9186	1.7995441588213414
9187	3.093191910491339
9188	2.554767395193587
9189	2.945363295058406
9190	3.914082971213269
9191	2.781470505916008
9192	2.327906292645668
9193	2.5435635288619176
9194	2.482392038561533
9195	2.3246884333918514
9196	1.8971350169409087
9197	1.7526905756162907
9198	1.5543396993571212
9199	3.377395397400594
9200	1.5795421829554566
9201	2.683899083586143
9202	1.6225548541626464
9203	1.1909659590848582
9204	3.4438466627901096
9205	3.943795201462375
9206	2.315163248181426
9207	2.075111973113154
9208	1.9195359139168209
9209	2.519182892457491
9210	1.0789693308598591
9211	2.77529547250027
9212	2.0912697422463196
9213	2.6167073225443906
9214	3.438218275917694
9215	1.8345540653234371
9216	1.3505445510141134
9217	3.999405625710187
9218	1.5386813011289695
9219	1.8933144518804974
9220	1.9755683084760816
9221	1.707369126949235
9222	2.952836514299597
9223	2.3840247743767957
9224	1.9051202915277672
9225	2.8117793620492026
9226	1.5346889089555769
9227	4.941521678303868
9228	1.9657516073586732
9229	1.4336154040075686
9230	3.0106948248080942
9231	2.2327210118183265
9232	2.4356573062595746
9233	3.4654145246025894
9234	3.1001959717246756
9235	2.8045919947856635
9236	2.1591685416075714
9237	2.361773398311341
9238	2.137764616498907
9239	3.1887601271283486
9240	2.7364280439455824
9241	1.8428382916322021
9242	2.235005865322403
9243	1.298762036925239
9244	2.9537398862729987
9245	2.844075654662377
9246	1.8331564809421954
9247	3.2379360806176334
9248	2.5707763803139305
9249	3.8383319397641387
9250	2.6251405734101683
9251	2.6176150998579693
9252	2.5449108331108565
9253	2.606063108173452
9254	2.181136404736012
9255	2.5026482468558267
9256	1.5387155204900305
9257	3.0193834709647183
9258	2.9395037881512036
9259	3.8829942471726806
9260	2.8868290697120207
9261	1.629611005491599
9262	3.416489630352375
9263	2.3287605169574603
9264	3.2860220152105124
9265	2.1190129206969965
9266	2.2256885152592325
9267	2.433963390928987
9268	2.128807487343132
9269	1.5759362442908256
9270	1.658729274607927
9271	1.4118296109191044
9272	1.7111962079009224
9273	3.74003899789343
9274	1.7968206026499127
9275	1.7423243719404584
9276	2.3415690063596646
9277	2.152437969528692
9278	2.5401403303327865
9279	1.8951362789945592
9280	2.045025497019054
9281	1.7439840263656596
9282	2.131310441498955
9283	2.4490822075253216
9284	1.5457135234674946
9285	2.7556418464854304
9286	3.754008408411819
9287	3.899635877412013
9288	3.143748739216507
9289	2.53217584955365
9290	3.0343249155855547
9291	2.300390760912788
9292	2.625838108150925
9293	2.4619725499030793
9294	1.868200406989959
9295	2.937693089586775
9296	4.384107378609603
9297	3.3029731661266433
9298	2.514795629780933
9299	2.3235857281723455
9300	2.350691671618324
9301	3.0680369947839976
9302	2.0887764863157265
9303	2.4667644278775596
9304	1.481210014704915
9305	1.8428933226811826
9306	2.0071346238412455
9307	3.071799567810957
9308	1.566495223549505
9309	2.638148225355554
9310	2.601601204890357
9311	4.507271280745632
9312	4.492163005026422
9313	3.1249912860587847
9314	2.020657100769498
9315	1.7706485346064496
9316	2.1421147011641666
9317	2.082823004847804
9318	1.4886262982795393
9319	2.383036924663822
9320	2.573971812453698
9321	3.4644135050832556
9322	4.675363216827771
9323	2.9355318947425997
9324	2.120128601642394
9325	1.4219415320215585
9326	1.9128921672173864
9327	2.335690543980668
9328	2.412987779426161
9329	2.1400691208506237
9330	2.36191461527976
9331	3.279574736051836
9332	1.9954764190705288
9333	1.8097522513947106
9334	2.3191698440242026
9335	1.6748514798898306
9336	1.5270964160444882
9337	3.5674869101574154
9338	2.623192873278167
9339	3.4287337211309614
9340	2.403436459577471
9341	2.390724003599089
9342	3.4950833626047326
9343	2.1899431094892097
9344	2.5256757696321896
9345	1.601039354060282
9346	5.728257380351138
9347	1.9657788062244756
9348	2.1880109884905554
9349	2.912161222428217
9350	1.3803174420415003
9351	1.5341097976817797
9352	1.9407152783709685
9353	4.447936502819525
9354	1.5125669893279887
9355	2.149484934633996
9356	2.6625935581719338
9357	1.9826167831191364
9358	3.0758567635519416
9359	2.08247714072186
9360	2.757634684031221
9361	2.757062392510374
9362	1.7962535853646964
9363	1.4017808754783028
9364	1.690661334339167
9365	2.743271789693186
9366	2.1230101768858027
9367	2.4002534095116004
9368	2.5394007548051167
9369	2.03557632071785
9370	3.8896046060326115
9371	1.573781016210189
9372	1.671211845079129
9373	2.910778356268985
9374	2.695889591344707
9375	2.690269369128164
9376	1.4586752549463071
9377	1.7092941303829083
9378	2.4300117078377554
9379	2.6138404602381686
9380	2.6952244398653957
9381	2.2366400021496444
9382	2.465801641613018
9383	1.8299608207421705
9384	1.7660257339074985
9385	4.310882589310399
9386	2.142737604400421
9387	2.1565827839274077
9388	1.4817425192327889
9389	2.9431090742330035
9390	3.5682692970245276
9391	1.9338109427702763
9392	2.1529800682244002
9393	2.830587506930945
9394	1.6252225451481321
9395	1.3608379306878366
9396	4.379994864514173
9397	4.281929574249705
9398	3.7622357640984077
9399	1.9637122450329008
9400	1.2028576608220762
9401	2.101878827251363
9402	2.3766612484518923
9403	1.994105683894037
9404	1.3381716016023024
9405	2.1321002314865787
9406	2.6166159534957796
9407	1.8931917455662064
9408	3.9081395666873475
9409	2.8521294824075345
9410	4.4857720474347555
9411	3.147886979877437
9412	2.714879035500566
9413	2.417285022423733
9414	2.049927275058527
9415	3.0810153662337627
9416	1.9897604447549753
9417	2.259573603578166
9418	2.94684292182879
9419	1.8287650249133165
9420	2.467300195734274
9421	1.503547663326291
9422	2.579292159254892
9423	1.9974654079439185
9424	2.546903673894304
9425	2.5162943006915226
9426	2.028587107060491
9427	1.758147806940724
9428	2.7789742316163535
9429	4.211220500059832
9430	2.5417596035836567
9431	2.428586389252757
9432	3.833467014444155
9433	1.8346388853474898
9434	1.6303322208947897
9435	3.7583215317421548
9436	3.109321874044645
9437	4.3306882914974585
9438	2.642115406563639
9439	2.525483932698553
9440	3.0364763673123796
9441	1.3447415566203704
9442	1.2547064846092892
9443	3.6976598901164888
9444	3.3186426115692993
9445	2.551642826487951
9446	1.796710729558124
9447	2.288012720096671
9448	1.9974345440117578
9449	2.6749244588960277
9450	4.555910758158428
9451	1.8703972351427758
9452	4.498159735518555
9453	1.80761068830855
9454	1.4537948805067367
9455	2.3538784024595105
9456	2.606870497310377
9457	1.5016545029615296
9458	2.982665383963562
9459	4.307090621662196
9460	2.082027619932387
9461	2.394815628214862
9462	1.8393840052371244
9463	2.576859643361366
9464	2.837477366374501
9465	1.9856474236294108
9466	3.127020675396505
9467	1.6891665638942033
9468	2.5498485335985266
9469	3.682573567008461
9470	2.116448288137367
9471	2.605685992357547
9472	1.8878089132006264
9473	2.955550685539749
9474	1.7934222337847747
9475	1.8987680280695831
9476	2.324453198501702
9477	2.2612069200647125
9478	3.944144922250991
9479	2.2852438710840124
9480	3.893689796916706
9481	3.8419415094966567
9482	2.4454430004866095
9483	3.846374559514481
9484	2.797510418208471
9485	2.5053796282904113
9486	2.046039205150655
9487	2.7960053992127216
9488	2.1767313209253825
9489	2.116664569165079
9490	1.9341313048924385
9491	3.292881972277488
9492	3.4443644071277855
9493	2.9486588636630864
9494	2.135948460112322
9495	2.6828927101781104
9496	2.9433462214142785
9497	1.6126336428001702
9498	1.1041045310948308
9499	2.296505829500685
9500	3.7031560354641164
9501	2.2418995440159812
9502	3.190321604844909
9503	1.4808578895295355
9504	2.1873456947840317
9505	1.7931012307991618
9506	2.385837359422668
9507	3.21810900730561
9508	3.350021548273218
9509	3.6895503739418456
9510	1.5286454420183286
9511	2.6879951859317988
9512	1.8753217265283446
9513	2.470234775781331
9514	2.344196516774161
9515	4.941434763167715
9516	3.112121678942227
9517	2.0094895901836045
9518	1.570009900059694
9519	2.4436775834417013
9520	2.1773675493537947
9521	2.0664210556846743
9522	2.321197976671726
9523	2.1974114181055198
9524	2.2635930379825635
9525	1.5991703426888255
9526	1.9448336182915533
9527	3.276331836686582
9528	2.7191076181207463
9529	2.298848039774058
9530	2.3605081992555297
9531	2.008969878678966
9532	2.3244198417784423
9533	2.6198772555413155
9534	5.105746512920818
9535	2.441632107069643
9536	2.200278506861351
9537	3.2355773452008325
9538	3.453532589400084
9539	2.701935781217546
9540	2.394768072688688
9541	2.5122634868907596
9542	2.549895759808483
9543	3.3255034004719777
9544	3.1597885581559866
9545	3.400751378384957
9546	3.652308245949612
9547	1.991732113533813
9548	2.3154405990558247
9549	3.47563649443338
9550	2.4460251829357835
9551	1.7215077502560767
9552	3.268120343982386
9553	1.8617704939383237
9554	2.3345145576941344
9555	3.7189694370533832
9556	3.3220458123115004
9557	2.2894228518551523
9558	2.7072170684587715
9559	3.1929912511721668
9560	3.092381066254883
9561	2.3163611500017547
9562	3.3153871264595813
9563	1.266638039684798
9564	1.5268029669380967
9565	2.370317157417276
9566	1.9291092403504995
9567	2.4961092139192966
9568	2.977364108243179
9569	4.599137288811282
9570	2.099749456337053
9571	1.5480104444740408
9572	2.1240703265800924
9573	3.273250299410849
9574	2.416693214476138
9575	2.5818835428413576
9576	2.4448476653201507
9577	2.5614807373438193
9578	1.9420630846872449
9579	2.58275997127101
9580	1.8905436992092246
9581	3.220987231402384
9582	3.6785957752479885
9583	1.9747466352571776
9584	1.524857568657769
9585	1.1432751811771256
9586	2.196405018825912
9587	2.2757487717786704
9588	3.4492482075709643
9589	3.6977688588886637
9590	2.3316260679690406
9591	1.6230566575352001
9592	3.004986379986512
9593	1.9120552520023677
9594	3.099180440730562
9595	3.082587770345658
9596	3.2350360001654357
9597	2.5565953550564062
9598	2.772430150317565
9599	3.3179833059114427
9600	2.811710217636621
9601	1.4296437046713675
9602	1.484630178313383
9603	1.6490420813125473
9604	3.540624905144819
9605	1.9019063941824623
9606	1.6135392331098612
9607	2.184811257027367
9608	2.037373762048419
9609	1.7482919755607533
9610	2.5832227012601368
9611	5.237999304733243
9612	2.1189107927318083
9613	2.224369324647811
9614	1.8315530193022345
9615	1.8790373751664824
9616	2.8425864876673907
9617	3.627330062013536
9618	2.0389628381240135
9619	2.9302945182150846
9620	2.8051170366326064
9621	1.6391489555741778
9622	2.3176423945668554
9623	2.956591617654867
9624	2.3221736259468595
9625	2.1979670870431685
9626	2.3120766625194773
9627	2.943646886855186
9628	2.451936097197778
9629	3.8530706260943903
9630	1.7708413371642908
9631	1.4421764565959223
9632	1.7586992838671487
9633	2.904172998558249
9634	2.4194067428549335
9635	1.9794667275595832
9636	2.326503223120212
9637	4.47185041842334
9638	4.903003965458241
9639	1.5840282873587925
9640	1.9410042383516515
9641	1.2705191120221118
9642	1.4465142493812126
9643	0.8229164946530103
9644	2.057576113491409
9645	1.756652579417428
9646	1.3646724079571437
9647	1.5073842254833916
9648	2.2734897360234863
9649	1.5554681775541628
9650	2.7586918744156605
9651	3.14872814651779
9652	2.15091757521244
9653	3.016842910223228
9654	1.9606075004024466
9655	2.938736582599011
9656	2.1709553647081665
9657	1.6452249625672666
9658	2.8211309965101012
9659	2.166955209795244
9660	1.9228531214007145
9661	2.5959145480464523
9662	2.1864094067445747
9663	1.9842801962371075
9664	2.1083787872823865
9665	4.734353152496155
9666	5.1668567359135835
9667	2.056067867746706
9668	2.2333494433678114
9669	2.393284041356196
9670	3.3110392781331335
9671	1.4713247715046553
9672	3.7572760636215174
9673	1.8393681392230536
9674	2.0837179921453526
9675	1.7055030577054124
9676	2.441067726074387
9677	3.8658848457651227
9678	1.9223867782197905
9679	2.633998621844469
9680	3.3861700998006743
9681	2.0423674632643345
9682	2.7488608313717586
9683	2.451675265542531
9684	4.092545382695191
9685	1.4130708854380092
9686	2.12361354274411
9687	2.9473493254480174
9688	2.4042842520594667
9689	2.078947286650332
9690	2.406515279334083
9691	2.643295458245624
9692	2.6231686080653924
9693	2.818480948912061
9694	4.843764237539782
9695	2.825013265394007
9696	2.69822600088003
9697	3.51801083920237
9698	3.125188421616461
9699	1.8361053941354362
9700	1.8646898231360323
9701	2.3494778891654713
9702	3.2118866057748114
9703	2.5080714541244906
9704	1.6577191597365837
9705	2.416702187459651
9706	2.579800942100335
9707	2.3002755890968194
9708	3.1526544919754844
9709	1.3168486965672472
9710	1.85969234842344
9711	1.7982181438095741
9712	1.6846170282005632
9713	2.0057912672934815
9714	1.474353711947078
9715	3.7587163394339473
9716	3.110892990724917
9717	3.3207612669481272
9718	2.8569730079042186
9719	2.289357351171421
9720	2.3988611847092187
9721	1.450256172094323
9722	2.012274264796951
9723	1.5301804764884477
9724	2.6337431075959037
9725	3.1130498525247594
9726	4.339142714716208
9727	1.94858100120527
9728	3.84404251356999
9729	3.6481353804685965
9730	2.2192859747553775
9731	2.467721930409581
9732	2.8023036566990585
9733	3.327160385211815
9734	1.691635704800934
9735	1.7879592043498644
9736	2.906424139587361
9737	2.1000076541035533
9738	5.343285606029462
9739	2.0634111546174174
9740	1.6154968376376933
9741	1.9314839784764506
9742	4.932403067169375
9743	2.527336764913682
9744	4.999857384844325
9745	3.3874474448649647
9746	2.2286148374183914
9747	2.2701087335502024
9748	3.846325741861846
9749	1.6079245886278126
9750	2.0600287595441404
9751	1.445480979791456
9752	1.8123375197883902
9753	2.964492974380044
9754	2.448839684943093
9755	3.1710936278005506
9756	1.7234649729774607
9757	1.5110444964785579
9758	4.058642619020262
9759	2.4034122312010924
9760	1.700810610599769
9761	1.795326577258919
9762	2.701796150529506
9763	2.5660265266859352
9764	2.44288498837671
9765	1.7229765806992212
9766	2.6388123562384043
9767	1.8242787481710434
9768	3.02790418636977
9769	4.1679624483139595
9770	4.182912055802979
9771	3.692325153529103
9772	2.1922801390746867
9773	3.511643258341776
9774	2.79524331902631
9775	2.047783204454575
9776	2.576221464538867
9777	3.480270023246803
9778	2.0445807746058575
9779	1.6575289908072173
9780	2.2816003256606905
9781	4.315566563396959
9782	1.4386620720911871
9783	2.2014537181697267
9784	2.207118665841697
9785	2.4205487897153146
9786	1.6355101666791125
9787	3.589669054961551
9788	0.8257082655583254
9789	1.5019437255283759
9790	2.506379145570309
9791	1.3863724000763535
9792	2.0577185813969274
9793	2.9497082152639367
9794	2.3535660943176633
9795	2.3824757548572957
9796	1.6176495742788821
9797	2.1580995644235728
9798	1.424462497399899
9799	1.693980975630361
9800	2.2752569331491217
9801	3.3201382790171277
9802	2.896058340661835
9803	2.6318268243285456
9804	2.9056867686368433
9805	2.3659665304496342
9806	2.1420308229363396
9807	1.7352382899347405
9808	2.225113579347539
9809	1.9193445180689648
9810	1.4166315406494854
9811	3.439640029368308
9812	1.9722769537097642
9813	2.615051721383207
9814	2.335158293333744
9815	2.1477837872696015
9816	2.8767561586043295
9817	2.932390587058369
9818	3.0173123431134417
9819	1.6379269384840285
9820	3.1382396781609594
9821	1.7974471503867395
9822	2.7351255208014886
9823	1.508212066877967
9824	2.4770146576946885
9825	3.4199070064057824
9826	1.2879268962576598
9827	2.357189494291152
9828	2.322298273712272
9829	1.9989589394380245
9830	2.3567271750491394
9831	1.7713603165411527
9832	1.1020858192067182
9833	1.4913384816377189
9834	2.5394794912945415
9835	1.594618528736299
9836	2.7220407075623885
9837	2.7146418370470404
9838	2.6329619014520205
9839	1.7184992079449446
9840	3.6504658817915825
9841	2.1523617181537067
9842	3.19187953599653
9843	4.341659828394858
9844	2.0781203597042146
9845	1.5889974899522499
9846	2.3063174043281953
9847	2.0903229880276823
9848	1.8253989030160458
9849	2.226095227217138
9850	2.8282012721995216
9851	3.4469672836336165
9852	1.8730134281441442
9853	2.5481949543214752
9854	1.9720791911161792
9855	1.8646960611865275
9856	2.4929465634171737
9857	1.9057280080635743
9858	2.2054360527000103
9859	1.6485908270000327
9860	2.595925791899055
9861	1.6249736093251559
9862	1.750995645783609
9863	2.6156820358856447
9864	2.1375072198525737
9865	1.0926944041265871
9866	1.7626288506015324
9867	2.676444062861339
9868	1.5484090940736261
9869	3.108351599198626
9870	1.8566643559492615
9871	3.1241652250571117
9872	1.9158243716747982
9873	2.773457735629078
9874	3.5111634885325564
9875	1.7201073970035303
9876	2.327892840636397
9877	2.5987314365762697
9878	3.060413014552174
9879	1.746602833643331
9880	2.073873773691158
9881	1.6541797001584755
9882	4.535099710140838
9883	2.485251547535407
9884	1.9199283639603462
9885	2.6745806585676877
9886	1.4316837679894325
9887	2.1051750578742747
9888	3.31475330193663
9889	3.721232414045257
9890	1.2154884020835353
9891	1.8738098600862099
9892	3.4314331374650724
9893	2.6090624455367872
9894	3.154594797252808
9895	2.4058128044096208
9896	2.6127151351943767
9897	2.5119494142305623
9898	3.111220138528351
9899	2.0124143454472323
9900	1.546582886455836
9901	2.400116373659289
9902	5.711382964563826
9903	1.6494496889733465
9904	1.984214983030903
9905	2.7800887718955245
9906	2.6152983492053172
9907	1.8270159553557852
9908	4.20746713676098
9909	2.4537670209824203
9910	2.5017364473401082
9911	2.070518784643599
9912	2.6461274125188035
9913	2.130384194509893
9914	1.7977043211436508
9915	5.619521850797677
9916	2.4197064435411044
9917	2.665222098230686
9918	2.945054663197456
9919	2.492398386917856
9920	4.572969626874417
9921	1.619517183651931
9922	1.3177202858821189
9923	1.4426134626345057
9924	2.0940473329927674
9925	3.788909433602862
9926	2.144551896006506
9927	2.381510714536164
9928	1.88704085773756
9929	2.4693093672894655
9930	2.7203998602788655
9931	1.3855204402779102
9932	1.1788924842896458
9933	1.9597239148372596
9934	4.135212865889987
9935	4.378559457614902
9936	1.5067692307722593
9937	2.02922501182322
9938	1.804584709023992
9939	2.1187001265837284
9940	1.8626544320120813
9941	4.01270629995912
9942	5.442619533401549
9943	4.422818725518301
9944	1.6471054705512471
9945	1.5989189564618735
9946	2.089642391169284
9947	3.6832417844417407
9948	1.6474523792063744
9949	1.1479829011929756
9950	3.507808600412123
9951	3.1177233291192423
9952	3.800702227554826
9953	2.0697213963593164
9954	3.424296083022562
9955	2.100583382063767
9956	1.5701323237184288
9957	1.9062346101228904
9958	1.8452037404875217
9959	1.4626431812926237
9960	2.5604729179420533
9961	3.5468388157417508
9962	2.9833381208539254
9963	3.888076004594973
9964	1.8122898756452264
9965	2.0207944149400068
9966	2.2867012150662456
9967	1.8102031453174199
9968	2.9900323068577817
9969	2.54719603097616
9970	1.755611786824463
9971	1.747388095450899
9972	4.920889525706354
9973	2.0400504019165835
9974	1.4651496240912478
9975	3.9289769852789056
9976	2.563828782789717
9977	3.0013395736429933
9978	1.6052327028315962
9979	2.993300466195903
9980	2.6082667964978308
9981	2.0591403742951346
9982	3.851350130018643
9983	3.832329921974269
9984	1.5238484393332439
9985	1.901660118894899
9986	1.5628614675569656
9987	2.901982744510865
9988	2.3976790482974115
9989	1.6276605729021696
9990	3.5849753319051136
9991	2.5424734237891635
9992	2.4784337002353283
9993	2.582845191132073
9994	2.2134824446747206
9995	2.6440584973138868
9996	3.546126034317827
9997	1.8532776918052505
9998	2.0115709757349833
9999	1.720124648951043
10000	1.8585685517587702
