gsm	DEFA1	DEFA1B	DEFA3	LTF	CEACAM8	RPS4Y1	DEFA4	EIF1AY	MMP9	XIST	CRISP3	S100A12	MAMDC2	MMP8	CEACAM6	MGAM	CAMP	S100P	MNDA	TCN1	S100A9	HBG1	HBG2	SERPINB2	GTSF1	G0S2	CD24	FCN1	CCL3	CCL3L1	LCN2	EPCAM	S100A8	GPR183	C5AR1	GAS2	IFI44L	HLA-DQA2	PPBP	ANXA3	FCGR3B	FOS	IL18RAP	NCF2	PROK2	USP9Y	NR4A2	PRSS21	BEX1	TMEM200A	AHSP	SLC10A4	ROBO1	TSPAN2	DNTT	FGL2	VNN2	OLFM4	MAFB	CSTA	GJB6	PGLYRP1	BLNK	TNFSF4	LYZ	KLRF1	PROM1	CD14	BEX5	EGR2	DDX3Y	SGK1	IFI27	MS4A3	ELANE	EGFL6	APOBEC3A	MPEG1	PBK	CRHBP	CA2	PTGS2	NMU	RNASE2	CYP4F3	TGFBI	PLS3	GAPT	TREM1	KLF4	HBA1	HBA2	CXCL3	CLC	HIST1H2AC	FGR	MX1	NAP1L3	SUCNR1	IER3	GPR171	RGS1	TMEM56	PF4	CEBPB	HLF	GPAT2	MPO	IRF8	UBTD2	RNASE3	DPP10	EGR3	ZC3H12D	MMRN1	LCA5	SCHIP1	PTX3	RAB31	BCL2A1	SELL	FOSB	C15orf48	HP	ADM	AQP9	KIAA0087	IFI30	FPR1	SELENBP1	TTTY15	RGL4	ATP8B4	DHRS9	HLA-DQA1	RYR3	P2RY8	EPB42	RSAD2	PAQR8	IL10RA	AZU1	CMTM2	PANK1	HIST1H2AE	CTHRC1	PAG1	NCF1	VCAN	ZNF804A	HIST2H2AA3	HIST2H2AA4	MRC1	DDIT4	MME	RXFP1	IRF2	ANXA1	SMAD7	PPP1R16B	CTSG	MYO5C	MAFF	TNFAIP3	PLK2	NUDT11	NDN	FIGN	TMEM71	BAALC	PTH2R	CHI3L1	EPDR1	FAM24B	PRG2	VCAM1	GSTM5	CENPE	HIST2H2BE	TMEM154	MAN1A1	PRTN3	SH3BP5	SPINK2	KLF1	CDA	RGS18	LDLRAD3	TMEM170B	ADAMTS3	P2RY14	IL1R2	BAG3	SLAIN1	RNF182	EHHADH	MIR155HG	TYROBP	COL24A1	SLC16A6	XK	SLC26A2	ZNF300	FAM72A	FAM72B	FAM72D	RFESD	RHAG	CTSH	HPGD	IL7	MAP7D2	DLGAP5	ID1	MX2	LY96	BPI	CXCL12	LY86	HSPA1A	HSPA1B	P2RY13	TMEM45A	BAZ2B	HIST1H1D	CLEC4A	SLC27A6	NFIL3	SYNPR	TUSC1	ALOX5AP	CRNKL1	GPRASP2	KCTD12	FAM107B	LRP11	CCDC26	HIST1H1B	ANGPT1	CD1D	EVI2A	CCNA1	HPGDS	FLT3	SLC16A14	HMOX1	HCK	TMCC3	IFIT1	ZFY	F13A1	NEFH	PIR	CRISP2	TMEM17	ATG4C
GSM366179	4.347817129	4.347817129	4.347817129	3.864606639	2.322685798	12.09980968	3.467171395	8.976973324500001	4.371173888	3.268583953142857	2.980501137	2.546855548	2.652015637	2.642179875	3.842585731	3.094369539	4.79549722	4.346408675	2.966633565	3.255727561	6.035370173	13.107241126666667	13.107241126666667	2.470687328	9.706808587	3.904956024	4.453382429166667	3.84154844	4.673214093	4.673214093	4.748762769	10.73087068	3.2111904425000004	4.095231277	3.511126768	4.686595434	2.767920377	5.274609473	5.414548171	5.335620563	3.0013413945	6.745929304	3.458863175	4.068622535	6.453337412	6.4356100195	9.285957926	3.678859525	5.243249158	2.195444354	9.534267484	4.127540984	6.82043401	3.2611337270000003	3.6905640783333333	3.123538314	4.634653668	2.224656292	4.6356799025	4.755871823	2.343102461	4.426163761	3.033420545	3.234882897	5.991460894	2.790906825	3.185449116	3.800860829	4.618875894	6.024871281	6.2834292465	5.799615885	5.090754848	2.9653743400000003	4.369519456	3.934911409	4.85361263	3.057109212	7.050866855	3.385495448	9.448821496	4.2850269865	6.417885015	5.951178534	3.1253207315	5.449588029	5.742369671	3.069028433	4.682000439	5.065645956	10.274336529833334	10.274336529833334	6.378268612	8.351131734	3.967591087	4.268873786	5.843625999	7.613185341	2.763389209	7.418411375	4.227535525	6.229801213333334	6.1780554595	8.633796146	6.169719276	3.0832169693333333	7.001085797	6.874014336	5.207392541	4.1258226615	5.406979201	5.790962338	5.669098437	3.13687607	4.424472151	6.154293387666667	4.616773631	5.972626136	4.591133547	4.775061543	5.862535772	7.085207401	3.166410454	5.2346276945	5.010444517	4.14790959	2.578552164	6.069084986	3.799816164	7.446264076	5.40180779	4.105712018	3.53318713	4.475431332666666	3.7225836795000005	7.551137188	5.514545713	7.851217022	3.8315377484999997	5.136024273	4.50648278	3.809118955	3.392808383	5.807648429	5.199930431	4.287972496	4.0110687983333335	4.9659178090000005	3.9405090110000005	4.480003239	7.6967520574999995	7.6967520574999995	4.189568553	9.24867696	3.5167299165	2.9296454473333333	2.754517761	7.285052084	3.787872319	4.692529233666667	5.488388124	4.203900051	7.7471910415	6.1776751595	3.73155573	3.63481123	5.883560099	3.2920383515	4.655223351	3.8754020225000003	3.548016672	3.196204786333333	5.554508185	5.174489948	9.164742819	3.261297627	5.343798199	8.137105626	4.21403643	4.403014775	4.5975821395	3.673777363	5.1083511735	6.7703124	7.003573122	4.44816094	4.569778354	8.040254578	2.211689034	7.320076666	2.362999294	3.1840674475	6.501411124	6.360381508	6.662687796	4.718519405	6.750539821	5.284252533	3.208518623	3.734284113	9.124521844	6.385994340000001	4.788086594	8.647277631	8.647277631	8.647277631	6.4586368145	7.858292002	5.33725163	3.2018188625	4.986628862	8.49886322	9.713710138	3.943202974	3.668130662	2.718760609	4.000215086333333	6.177333716	5.502869461	6.662441898666667	6.662441898666667	2.851325336	4.673214093	5.719499845	8.167987339	3.6085767505	6.296727044	8.197291003	2.799331199	4.477625308	4.821536443	5.05394098	4.199767412	4.1110503335	5.2546366110000005	7.555266417	5.135364181	5.795480143	4.425734017	2.696956517	4.126145661	2.925753429	7.875302566	5.217277473	5.033594941	4.083328648	4.184648111	2.6589830924999998	5.432126888	4.188828437000001	4.440051516	4.5264677785	7.901811752	3.110288267	4.171214785	6.051730944
GSM366180	3.465714895	3.465714895	3.465714895	3.508270574	2.1439915	4.046503723	3.235833638	2.2533041435	4.143010986	9.254337059571428	2.866297958	3.204347385	3.390792174	2.5346293925	3.72505194	3.431353373	4.139585961	4.336552416	4.291173337	3.020934787	5.988865812	11.14099682	11.14099682	3.660597295	4.175083526	5.623046769	4.803731819666667	5.28670257	7.326287536	7.326287536	5.25567312	9.097112433	5.416257222	7.140301587	3.672066299	10.38273038	6.767973046	7.53585701	7.591389003	5.411662965	2.805318766	12.0888861	3.133185451	4.42409626	4.305184836	2.2433482099999997	9.577805481666667	4.44196364	10.44238639	7.034987271	6.948534597	4.594222109	6.407025083	5.270195962333333	5.970061758333332	4.241731247500001	6.476938523	1.996931459	6.32588091	7.954745176	2.250828454	4.086489915	5.128457314	6.438166972	8.9864571605	3.176929635	7.262268646	4.53530856	9.056781262	5.49657767	2.7205989607500003	6.599611411	4.74270832	4.985504959	6.160348073	9.251123215	4.577621027	4.1699521015	5.899268219	7.12804343	7.638380282	9.987181505999999	7.682555455	10.86770902	3.070895582	4.994341911	7.26825278	8.995072873	5.146526517	8.3716724445	7.613547799666667	7.613547799666667	10.2813969	12.32666072	8.762502134	4.706995431	7.195102388	9.366179952	3.745918134	9.499584187	5.374803605	7.176592859333333	4.123035516	10.46273217	6.491081948	6.5538253283333345	3.810760344	10.476989831000001	7.916777142	6.726540694500001	7.883581687	8.067755975	7.322845907	3.332081148	8.715561752	4.525089748666667	8.288639303	8.977171569	8.548724366333333	7.865884866	8.675004926	10.48702037	3.196796048	4.9434781095	6.082510547	4.361822878	2.785321682	7.334939444	3.713585323	5.698117229	3.207728599	5.484145778	7.767116713	5.797786216666666	7.255985945750001	5.992402683	7.333562215	5.577062712	5.338377567	6.6094259115	5.392777958	6.776483272	3.301935975	6.34371085	7.059125369	3.946959231	4.125089706333333	4.9965790795	3.3635917624	4.456086882	10.677823889999999	10.677823889999999	8.080869592	9.102960166	3.3045151415	7.975117591666667	4.315116263	10.5213093985	4.728374706	7.053090895	7.809008293	8.348005731	9.975831321000001	9.983748883	6.00890712	6.935600915	8.167288306	2.5693392265000004	7.671343502	7.402355483000001	4.734835799	2.954318728666667	7.657487007	6.817153518	9.868112989	2.519529664	5.947738361	5.80053298	9.483700475	5.473323447	3.400928198	6.050730235	6.941462827	10.16815815	6.709574627	4.507431857	8.769273563	7.048225691	5.843186984	5.278669269	3.537742264	3.226129577	6.497855811	6.024371988	3.972606393	6.037720238	9.981005839	7.028715663	6.832203119	3.8857964915	8.285614952	5.818753302	3.489262695	8.601085915	8.601085915	8.601085915	4.302835949	6.734859587	5.068777976	3.43468423675	6.02892066	2.841220423	8.385434803	6.292144163	6.608966627	5.09581553	3.7472181406666665	4.5599473459999995	5.502834089	8.057618124666668	8.057618124666668	3.068015531	5.878172406	6.889468624	8.83949082	3.744485706	3.365484671	8.748817523	3.712465323	8.638678274	5.148871468	6.60604948	6.751130492	6.2222469485	6.812265733	6.492227987	3.93111646	5.021114885	6.874044058	2.54404092	8.124364014	3.202321568	8.576850266	7.512559205	4.854590526	4.175707514	5.679353546	2.67807539	4.053043033	3.547706075666666	5.458215481	5.6752010235	6.600584684	3.826737155	4.351122924	7.54454352
GSM366181	3.54397281	3.54397281	3.54397281	3.899061879	2.187923052	9.96832701	3.254987444	5.7786946935	3.874636191	9.258092814142858	3.508091561	3.178517428	8.348640029	2.3008681485	3.726587417	3.056504534	4.322033425	4.173680052	4.133830592	2.886105409	6.687576233	10.799217673333333	10.799217673333333	2.889195855	4.569805648	3.296987425	5.0932589105	6.244743586	7.30621285	7.30621285	4.671066045	7.997108852	5.741805828	6.316996617	4.011183802	10.48900267	6.954674111	9.862753413	7.880712279	6.411786171	2.7503826614999998	11.8964932	3.321940669	5.945009129	6.032632512	3.2802101080000003	8.107053097	4.250420004	10.29580766	5.593772712	4.97698569	3.753279599	8.347652069	6.466274313333333	3.289749594	4.4575675815	4.593107876	2.088255841	5.483992359	6.629178663	2.09290276	3.979552858	2.519271852	6.936982894	7.9432311035000005	3.783284165	8.130443136	4.443356478	9.15809331	5.383456896	4.9489305515	7.483058085	4.769041767	3.564340461	4.743591678	7.366201011	3.79946143	4.344180188999999	3.866484317	5.410445897	7.171589686	8.091415963	5.187160453	7.983597047	3.0717211245	5.378692491	7.873723899	8.872163458	4.456794504	8.318682243	7.324426496666668	7.324426496666668	8.227968498	8.431757502	9.563693504	5.198189839	8.315860357	8.730150341	3.533590245	8.922829524	7.537413423	7.009341309666667	2.7581121939999997	9.306217829	7.187891788	6.70030049	5.380790992	6.682656122	5.724718664	6.411450577	5.216501734	8.312681325	5.418446073	3.081307873	7.932902001	4.975899013333334	7.717808233	8.630446934	7.801955071333334	7.359264936	9.500442171	10.0852743	2.680882703	4.920297059	4.726224276	3.875110939	4.149781392	7.656259748	3.730400768	4.832065998	3.899981137	6.162451344	7.906340519	8.458103118999999	7.97622332125	8.718190919	7.691624058	4.793662081	5.009477791	6.7181560695	4.595631529	4.393964521	3.09074995	6.448508318	7.213998039	4.085018692	4.694180925333334	5.270322349	4.742563659000001	6.684982833	10.75555007	10.75555007	7.447361995	8.55126777	3.2266103784999998	7.799273508	4.284575354	10.6306183155	4.490284507	5.659097458666667	5.20265843	8.77138884	8.206191904499999	8.961561499	4.932902282	7.74517876	8.412902044	2.4233358435000003	9.247378276	7.7551723235	4.872155822	2.9791403859999996	7.87853696	7.179810014	9.833032155	2.356294704	8.302874435	5.461448238	9.881777862	6.504728466	6.19550121	3.800191416	5.165319006	10.53755917	7.455461533	4.835798354	8.37112772	9.277716008	4.730137259	6.211152574	3.517989111	3.452626053	6.194695752	6.854246448	4.834448347	6.416835469	8.684365591	6.925390209	7.101103568	4.030663982	8.69911086	6.610561114999999	3.77309662	7.287490449	7.287490449	7.287490449	5.569811663	7.1437153140000005	5.373521428	6.263717489499999	6.36825684	7.054268861	6.9500395	6.84501513	7.338593366	4.277556004	3.805191773	4.5725679485	5.194442268	8.757698277666666	8.757698277666666	3.179547891	6.964526392	7.206305821	8.459279299	4.4918556545	6.29573859	8.50530325	6.651439621	7.393293421	4.836452748	7.357165782	8.325761472	6.462665680000001	6.6750197804999996	5.43238947	3.934447747	4.53408007	6.411962426	2.887230367	7.893287189	2.694449417	8.889726806	6.59409967	4.744882247	3.894947722	5.811411005	2.827730584	5.13943535	3.0296003626666668	6.088851649	6.550716360999999	6.658137902	3.762188958	6.639205776	7.662628442
GSM366182	3.238313504	3.238313504	3.238313504	3.809324055	2.357060914	4.741334082	3.125519384	2.3061577425	3.920372932	9.559585286714285	3.937785196	3.747563564	8.619121106	2.5004315984999996	3.6815624070000004	3.24902546	4.118227072	4.240212413	4.502255054	2.910691903	6.512912269	10.972429916666668	10.972429916666668	3.317208392	4.256505745	4.506300918	5.2449933835	6.210875284	7.719323959	7.719323959	4.815873584	8.340032257	6.0081611735	6.065094817	3.595726774	10.79862948	7.308297281	9.791068734	7.195060433	6.496282259	2.7787166295	11.93788944	3.007258539	6.024422722	6.170326899	2.3610558345	8.271915962	4.347572364	10.18877551	6.472041107	5.409342579	4.207768691	8.613791629	7.0369800106666665	3.481506247	4.918503524	4.786133415	2.083617771	5.8183077415	6.828989146	2.143841981	3.909241364	3.342601073	7.34790118	8.1860673425	2.788036521	8.228377124	4.689120962	9.267072803	5.47615901	2.8504314675000004	7.758896341	4.935633547	3.3804282580000002	4.876259236	8.196367229	4.59404149	4.7627225275	3.829723298	5.555402354	7.417344844	8.358876319	4.09298303	7.993943155	3.1229529315	5.924671926	8.304083914	9.045927059	4.746995848	8.5114837625	7.429231193166667	7.429231193166667	8.076028495	8.72619089	9.95254995	5.533988879	8.246474917	9.008508071	3.60455026	8.880340432	7.663368626	7.225980636	2.6125012745	8.670222933	7.406962511	6.649766410999999	3.578092468	6.903729890499999	5.76738548	6.526831892500001	5.359480743	8.354323261	5.898974571	3.896057833	8.003995128	5.300050351333333	8.064215782	9.025029479	7.954191443666666	7.606639081	9.449384679	10.17234546	2.252843999	4.620351586	5.096253827	3.98897312	4.667002704	7.740169146	3.6992895175000005	5.207494556	3.567019874	6.230658508	8.177575664	8.552584973	8.06260198725	8.809894359	7.569635518	4.495188908	5.444912731	6.9773985385	4.977074421	4.237514871	3.227890287	6.295473741	7.486323592	4.385079072	4.9972058813333335	4.968573184	4.995160833600001	7.221656419	10.83170467	10.83170467	7.984819994	8.495363929	3.309809532	7.912576007666668	5.047843524	10.703708786	4.62795754	5.580623213666667	5.698117229	8.942403508	8.285513245499999	9.201455327000001	5.136016343	8.057752234	8.32551814	2.4451103612500003	9.302399555	7.7969358965	4.553568419	2.8394228399999997	7.898463015	7.24449303	9.990158697	2.307413402	8.355921672	5.435734307	10.09267217	6.639933845	6.571824664999999	3.730686872	5.533671438500001	10.77845758	7.364769432	4.233360729	8.47332961	9.137614343	5.107748657	6.456842576	3.045962674	3.5877227209999996	6.504018335	7.469587287	4.623012115	7.141624245	9.014444766	7.175265032	7.664890973	4.162405217	8.825191778	6.833846639666667	3.670824135	7.37518009	7.37518009	7.37518009	5.744966740000001	7.508438356666666	4.698790684	6.716836840499999	6.593218152	7.234205862	6.650644947	7.186487561	7.14615916	5.050151333	3.7461798396666666	4.382242848000001	5.710548444	8.881362169333334	8.881362169333334	2.81374574	7.156328561	7.573745867	8.375400813	4.450699650000001	6.005609862	8.535063266	6.851135865	7.209625932	5.24431593	7.550918809	8.472428054	6.7346573685	6.814988806	6.157606237	4.836464661	4.381053576	6.385871601333332	2.751415072	7.949498011	2.650521311	9.061916128	6.560911319	5.565971749	3.721960125	5.826868341	2.748513902	5.630995789	3.0902611986666666	6.297001519	6.6178386435	6.573074563	4.028360185	6.718233512	8.067667007
GSM366183	3.454282353	3.454282353	3.454282353	4.018696405	2.514762424	12.38235946	3.080791431	9.299670493	4.509237679	3.121796958142857	2.972674892	6.037537429	3.436376345	2.4333719680000003	3.591646755	3.149177397	3.958907533	4.364798413	7.105220989	3.593023341	7.393997183	12.126605216666666	12.126605216666666	3.439894745	3.527952425	4.329753493	8.441361041999999	6.759164658	5.646436984	5.646436984	4.753217527	10.14012924	7.1050215770000005	6.975546692	4.029533104	5.769292401	3.66915075	8.037363211	4.833402107	4.11180066	3.070473102	10.97737823	3.372211302	6.980390004	2.555456612	6.330595284499999	7.414632970333333	3.917058596	6.041964737	3.827148227	9.176860363	8.039123739	3.699744844	3.553648354	8.382469426666667	6.8309467175	5.31076644	2.278986485	5.402432377	8.725710613	2.494747662	4.122038217	7.805061988	5.270611788	9.461903585	6.429137947	5.677529665	6.708972875	3.754424633	5.35301074	6.47664234525	7.978451142	6.180416084	6.476703919	7.095317326	3.341339123	4.483573034	7.0705642445	8.600963885	4.050227382	10.13305042	5.159349672	7.34524764	10.21276103	2.976465955	7.449725126	2.800425941	7.603448327	4.873799558	7.4328564645	10.137842692333335	10.137842692333335	4.359205808	11.67024301	7.96680992	5.647330747	5.734462549	3.273733668	4.393207158	6.545804268	3.742818615	4.264727071666667	5.7769137255	7.119643617	8.458251357	2.8870714806666666	3.399389509	10.2140202425	9.937104818	6.5134566245	6.624496651	8.133477858	2.983076803	6.044334718	6.381909692	5.713868046666666	7.783586674	5.795374091	7.271420362333334	4.716244773	9.131498844	9.714895984	2.571744244	5.150756895500001	6.735768457	3.671334027	2.77403188	8.055077126	3.7479733724999997	7.271941696	5.625150505	4.356935076	5.419958771	7.433301781	7.468195075000001	7.422024513	7.688650815	7.452349342	4.0773847035	8.430056305	5.089706966	6.411980545	3.29920326	8.613899813	4.905564759	5.281327891	6.849291780333332	5.312667553	4.938691102200001	6.148840469	7.7806891305	7.7806891305	5.111724793	7.004374926	7.228351062	6.490157525333333	4.208179964	9.2271029405	3.593023341	5.149434160666668	8.167271221	6.626373678	6.337258422	5.984178812	3.899159121	3.702281867	5.861478026	4.24361384875	7.215526689	5.479331965	6.535984435	2.9368728726666666	9.548786828	4.47165124	9.462233743	4.320663042	6.113039336	7.679856995	7.036363135	6.256387041	6.1645928775000005	6.53801561	6.8753075415	7.891215644	9.116110533	3.991796346	7.786121209	9.560426337	5.728815454	7.016159917	3.382485622	3.3886276300000002	3.935673916	5.658976757	3.626161482	7.453526319	6.968006177	7.218801975	4.958669611	3.6474721595	9.541094501	8.096009727	5.118755257	10.30329463	10.30329463	10.30329463	8.240788354	9.083701562	6.318731727	3.2934559002499997	8.004820479	7.279745706	9.903360284	5.896372241	5.612698847	5.003254958	3.8159193333333334	6.519501219	7.229959178	9.368342415333334	9.368342415333334	3.36182247	3.816041245	7.500978769	7.310441263	5.6450608775	7.037242182	6.113039336	2.680818781	6.252857071	6.514855857	7.637000721	5.560187214	7.708856123	7.9374308615	8.276919853	8.14075404	4.126874125	4.80162939	3.744549279	6.501400546	2.553182384	8.223401548	6.647185956	4.392890247	5.096192039	6.240594242	2.7695553215	6.034833119	4.923335519333333	5.59944146	7.9702012415	7.79207439	2.983247841	6.613514678	8.213243127
GSM366184	3.924739507	3.924739507	3.924739507	3.668915726	2.275038463	4.660883452	3.290738506	2.5475667775	3.892040265	9.268031821142856	2.81556987	2.693478293	4.295038968	2.5287156245	3.838555838	3.116521368	4.175618417	4.410445173	5.079913239	2.995704943	5.529115187	11.155261843333333	11.155261843333333	4.351141551	5.106853516	4.018241163	3.3409471686666663	4.604719092	7.037077438	7.037077438	5.305800191	10.50373293	4.5169736685	4.457712382	3.536755811	6.668489032	5.960042436	7.967690423	8.809627014	5.618409605	2.814958215	11.50558069	2.718338293	3.73315892	7.551496881	2.2922681625	7.990707244666667	7.082978956	8.312754861	2.863791638	8.574911454	1.9375717	7.200614521	3.4503129176666665	3.5742213389999997	3.4606880075	4.540778954	2.409156911	4.6780629855	7.365296554	2.359268147	4.351995838	2.172126234	4.582137716	8.276608646	5.943385785	4.64756469	4.161099753	7.079457548	5.426994695	2.76058764075	5.506325987	5.389547883	5.1106222845	7.117357729	3.993746971	5.020548245	3.2666434235	6.889161522	3.645766339	8.477391268	5.4545678445	5.900967888	10.87426283	2.9178683855000003	4.624264723	5.357169789	6.941381486	4.262121013	7.3232695785	9.170854517666667	9.170854517666667	7.02899864	12.14086643	7.471857131	4.09774001	6.20654962	6.42043685	5.937987102	8.114793753	5.141033798	5.811395379333334	3.661936152	9.962760971	8.134255498	3.711004273666667	3.235296852	9.9537343555	5.63892171	5.6150653275	7.444467636	8.63216341	3.195400873	2.841759738	7.263607424	6.646988807333333	6.374120098	7.871720056	5.8833329039999995	5.915874638	7.457539913	9.803966814	2.973397025	5.040215122999999	6.608653189	3.969538174	2.677685621	6.645311825	3.887974504	7.869691653	3.10251896	4.062741902	6.086295161	6.257727611333333	6.675801593999999	8.921288382	7.188965221	6.018870742	4.038405058	6.393388463	4.572452234	6.814008228	3.348260223	7.828450657	7.55152249	4.919721024	4.286343698666666	5.1259440365	3.3268168852000004	5.342838103	9.363795484	9.363795484	3.646592908	8.168691438	3.1852411295	6.005106096333333	4.779890433	10.416806265000002	4.111823027	4.623294240666667	9.220253568	5.882757206	7.736129991	8.207535682	4.553216182	4.948088466	7.353548092	4.195516312500001	7.862402716	5.039644556	8.049793705	2.888701729333333	8.363268154	7.759976961	10.78130903	2.471764494	7.158257486	7.808844034	8.088863445	5.520938525	5.779695408	6.461771463	5.4842675155	8.345001315	8.188335328	4.321666504	8.826450511	10.24721968	3.173505399	7.827190485	2.367417753	3.4640043525	6.557638672	6.271832345	4.758897333	7.192258629	6.134540717	5.968376291	4.673830313	3.6232066085000003	9.498662464	7.301542639666667	5.798691905	10.02444417	10.02444417	10.02444417	7.26476471	8.190599836666665	4.892193374	3.2957213185	6.885639957	5.915003186	9.705106006	6.097741142	6.825322886	3.495650147	3.7524761840000003	4.3141865475	4.208417995	9.107453967	9.107453967	2.91942833	4.825577298	7.170868262	8.091067458	3.4817018524999996	5.994516581	8.07907989	3.012989431	8.29566204	5.232739747	7.958577519	6.19634294	5.401735546	6.4677101095000005	6.034066389	7.843144438	6.614528794	5.405402961333333	3.0915004	5.093759385	2.625006136	7.750923143	5.064320216	3.902891718	4.036919513	4.692517251	2.801046959	6.617838479	3.313975100666667	5.453604318	5.8155715995	6.667903093	3.128485686	5.593657085	7.755993077
GSM366185	3.442496576	3.442496576	3.442496576	3.827705913	2.324627602	12.14275092	3.154328289	9.18629074	4.49953199	3.246274318142857	3.040495134	6.172565966	4.612824847	2.369534962	3.958999221	3.000160204	4.250810354	4.541487709	8.337444405	3.114114654	8.551681415	13.271421013333333	13.271421013333333	6.218362289	3.845438558	7.670937115	4.352177569666667	7.195830786	8.009558801	8.009558801	4.794941517	9.887035986	7.7745801085	8.014085799	4.899139655	9.626507609	5.123496537	9.235830709	9.068378022	4.793089976	3.0038863565	12.14246806	3.6826684	6.550277275	4.132410033	6.782911107	9.000909087666667	3.946958102	9.609264515	6.565963245	9.632566044	1.685061512	4.918050819	4.899396947333334	5.475857656	7.9241059545	5.888496178	2.22629103	6.3461626495	9.740069828	2.394273641	4.103252969	6.120116102	7.711884387	10.3963051755	5.727364815	6.733170284	7.005199519	7.762088283	5.99500851	6.254225874	7.94427152	5.890941613	6.062525854	7.330957549	6.45123119	4.954422435	7.487495765	6.735747784	7.218801975	10.14063606	8.5857226515	9.028261969	11.67492935	2.964369869	7.684584016	5.930176829	8.7268014	5.609840574	8.5790175995	10.318770887	10.318770887	8.760224398	12.43571243	8.778304092	6.172565966	6.347061705	8.171099437	5.709893646	8.823056144	4.450257633	5.474948187	6.4280952825	11.00622467	8.274275457	6.546637345666667	3.255321289	10.96265453	8.786055154	7.226954731499999	9.194998906	7.224393948	5.502424376	3.925365374	8.416111091	5.413034408333334	6.943577612	6.879161908	7.71869035	7.495297093	9.483701574	10.28618706	2.964900509	5.228287288500001	8.658572244	4.489259007	3.264820416	9.008531301	4.8794414955	6.399879712	5.452645897	5.114138609	7.100911273	6.975261410666666	8.3136189115	7.89526967	8.415687113	7.234259135	4.844148995	7.5734528095	5.99801007	8.043579845	3.749793921	7.523012319	7.669601101	4.914081731	4.713549910666667	5.1998262005	6.1693228014	6.685332711	10.077790165	10.077790165	7.196024835	8.089833029	3.187241823	8.420543707333334	5.217554137	10.912719135	3.765398992	5.647649120333333	9.373609208	7.363290357	8.3573777315	9.259246503	5.820935483	4.449828536	7.90312581	3.3530810310000003	8.40792801	6.0028094945	6.35558544	3.129217496666667	9.370173458	6.709977452	9.683008289	3.124644177	6.613075048	7.696219583	8.547267628	6.487720829	5.652512178499999	7.353346343	6.417383425500001	9.540139105	8.604137869	4.73595833	9.824279797	8.981100021	6.234314528	6.999806444	3.08668725	3.6723371370000004	3.836423128	7.434308206	5.101355888	6.137256618	8.913251504	8.020043884	6.216326039	4.027139167	9.4081659	7.663849775	5.967148072	9.713691377	9.713691377	9.713691377	8.448126639	8.533638217	6.972028565	3.90210162475	7.55929764	6.899758347	9.627298895	7.01238921	6.698498783	5.783292329	4.034164027	5.5960595075	7.219861821	9.867388769666666	9.867388769666666	3.83364156	7.085865075	7.810428173	6.722822992	5.42242601	4.798076899	8.083790249	3.211150003	9.092493975	6.288821709	8.081298691	6.479419377	7.2268727385	7.248777843	8.663049084	7.325916918	5.266936067	5.910187361000001	4.682105169	8.585744818	3.29987544	9.179282529	7.425167499	3.236064512	4.025598246	6.131945571	2.776778937	6.149133646	5.123135506666666	5.898424209	8.534921543	7.669372608	3.713090734	5.293700126	8.177092443
GSM366186	3.530220644	3.530220644	3.530220644	3.894410923	2.326569405	4.465011118	3.498335041	2.5816644555	4.516470016	9.64599069342857	2.789677267	3.504441852	3.111573541	2.4757917684999997	3.8216612329999995	3.431112513	4.321754727	4.559957066	2.630212238	2.95684137	6.06907511	12.224128606666667	12.224128606666667	4.980115302	4.672819493	5.783465369	4.115665119666667	4.255061488	6.885757878	6.885757878	5.077260994	8.654025754	4.360810058	5.807003209	3.586890139	5.827788422	4.280726962	9.190173918	8.69809608	6.085595046	2.8512990555	12.43785422	3.112837811	4.27336508	7.893835316	2.635438706	10.090100931333334	4.300389774	8.630335573	2.741294997	7.241408063	2.035729119	3.554379514	3.4528566743333333	3.603621120333333	3.738933546	4.125435026	2.269383428	5.867390694	4.128151002	2.188605006	4.578507912	2.022185061	3.510396999	8.6761277055	5.681178495	3.518293349	3.885063682	6.443864581	7.320672848	2.7465656089999997	8.447928653	5.403310358	5.233244187	4.981895035	5.383237241	4.427974087	3.432816662	6.034417245	6.097577411	10.74046188	9.021004873999999	7.616682119	9.824909665	3.03974112	5.782379982	7.036131189	5.160092339	4.908340096	9.13263755	8.267608619	8.267608619	9.388197213	11.2826661	9.074426486	4.478763661	5.289216365	7.793853601	4.000329801	10.48504516	4.554285816	7.999628852666667	3.87375401	9.117347714	7.406581844	3.6612294553333338	3.360908702	6.9381542465	3.73486063	4.3210256185	6.658588814	8.582482524	7.124046938	2.760055779	5.796798657	7.670399794000001	5.193245306	9.000383016	6.0017313313333345	6.60132371	6.900983998	11.30083286	3.626532893	5.181928542	6.725513038	4.182791274	2.22466088	6.28923975	3.740605011	8.231862092	3.738242448	3.861740809	4.637320748	5.3974142323333325	4.72980531825	9.641415217	4.550573913	7.079690046	3.9081092725	5.0446970275	5.658367214	4.593117906	3.449058502	5.49906657	7.287506437	2.569935806	3.726837112	4.8201396415	3.251621331	3.410486061	8.9605077625	8.9605077625	3.626244263	9.662979967	3.3676412559999997	5.494309493333334	2.514705152	11.695012174999999	7.39889504	5.978647034666667	5.552880797	4.900881898	9.7498273235	10.3617767275	5.667267606	6.162987039	6.789020103	2.51076323275	5.784019804	4.2344304205	6.817736786	2.8633692293333333	6.967600331	7.81231833	9.124070331	2.710958475	5.055261279	7.234318885	8.63905244	4.594659499	3.709711119	3.505841184	4.366543772	7.473205855	6.082335225	4.353730343	7.377325728	9.621196643	3.755711978	6.494808203	2.404744462	3.3312464090000002	7.202958395	2.914973366	7.81413916	4.845581668	8.094877907	5.695481528	3.910620867	4.5419355525	9.882160599	5.987443665000001	3.266445915	8.6577686	8.6577686	8.6577686	5.8363047275	8.309319246333333	3.878384049	3.4214672445000005	5.467534822	6.115141864	8.449369991	8.468922364	3.968986349	2.635249843	3.910186467666667	4.4111469085	5.629266519	10.133249621666666	10.133249621666666	2.971218264	5.487500753	6.294575422	6.966860004	3.8797181835	5.299042483	8.923627693	2.896701985	7.892897594	5.472018876	6.698684958	5.407252391	4.0097457510000005	5.325961938000001	5.112230883	7.147480202	5.408354546	4.281523165666666	3.301966335	3.899665096	2.541532703	7.377123108	4.398188594	5.98360696	4.371852122	3.596123851	2.5172169154999997	5.648281718	3.1205519240000004	5.172532232	6.5817391635	7.642194601	2.906485086	5.80698574	5.744695409
GSM366187	3.848822464	3.848822464	3.848822464	3.567403178	2.256924049	12.44900759	3.296782949	9.483032775	5.140051306	3.1187177697142863	5.027953985	6.552462647	3.5240786	2.6197299715	3.7084365745000003	3.124557652	3.955424914	6.495711576	6.252911491	4.296222492	7.043138777	12.007647980000002	12.007647980000002	9.033234021	9.344858214	8.162099144	3.416092526666666	7.589679719	11.05973268	11.05973268	4.876802721	11.11635547	6.618451005000001	9.543661579	6.880140399	6.546444509	5.438888452	7.594291219	7.14320266	5.367278771	3.0231155745000002	11.74463233	4.511771593	6.15916573	4.279638927	6.2796253075	11.028974681666668	8.399719251	10.53321596	3.063484167	7.641778283	2.702060907	3.39852054	3.3937148366666663	4.6595468559999995	5.8424109995	6.403317638	2.584842649	7.7295218299999995	9.073110928	2.859332833	4.106384699	3.732629641	5.907942333	11.265565500000001	3.214467622	7.389365405	6.935244143	7.682004668	8.55396852	6.118131138500001	9.681735698	4.876249061	7.448996265	8.011135334	7.830424509	6.701282469	5.495696153	5.435998247	3.884746082	10.5824138	10.026388583	7.759999476	10.71563647	3.1893367535	6.845838439	6.993794481	6.432309491	7.340823658	9.5574614665	8.152852537333333	8.152852537333333	11.02743309	12.85491604	8.284910621	5.750899704	6.300641581	9.855696947	3.892355619	11.25471164	6.804210973	8.448687686333335	6.234531741	8.615455397	8.029442362	5.077739655999999	5.704771257	10.664250375	6.908587515	7.1695805005	8.593975899	7.311122299	8.583193335	3.368567524	6.950950522	5.743874255000001	8.167909283	11.44353609	7.897841861000001	9.923054424	9.230619781	11.09049126	7.722818157	5.1059529505	9.861196248	6.106134254	2.549967925	8.735599524	4.440895092	5.509878343	7.757172439	6.030900605	7.643718433	4.380788177	6.67068053175	6.486481546	7.584672649	6.040450875	4.190406712	5.787612502	7.562619854	7.338247303	4.690578937	3.772634454	6.88891217	4.35373662	5.754658694333333	4.7535707065	4.922733666600001	2.678034445	10.1017886105	10.1017886105	6.531003438	10.85788793	3.8386715904999997	6.102056573	3.283787853	11.049899400000001	7.713093415	8.638171127	8.816235474	6.979706972	10.135733685	11.335764085000001	9.885256071	4.467946177	5.466519128	2.85371924375	7.037482407	6.7150829245	6.298894591	2.8518100226666667	7.060453458	7.887076572	10.92437877	3.125364964	7.177375308	6.908322329	9.020169213	6.102003308	3.1882168269999998	4.871692103	8.438226657	10.56712787	5.251937155	4.329056138	7.212206201	6.484639164	5.596495022	5.148977883	3.531811909	3.4082114815	7.382897234	5.289954947	5.670909118	4.66180197	9.334319443	7.312135453	6.230195681	6.799445389500001	8.90669346	5.091253855666667	6.641311893	8.413712354	8.413712354	8.413712354	5.948071144	7.459934076666666	5.057577854	3.20587784075	6.173532533	7.901684284	8.894457706	8.922489968	6.786682547	5.703711191	4.149357104	6.020751726	6.542447306	11.175250975333334	11.175250975333334	3.371269347	6.047071119	7.502810962	6.133739637	5.075950357	4.888931998	10.06647616	2.579888435	6.426661835	7.472496197	5.649474338	7.040940596	5.281885598500001	7.967840922500001	6.348867427	5.410964415	3.987554841	5.294292049333333	4.053347163	8.224365249	5.40912207	8.283593202	8.497251192	7.466657228	6.250855914	5.945492171	2.649833733	5.959805972	6.998994046666667	5.588602832	4.786226011	5.193949852	3.194121305	4.31394798	6.006437914
GSM366188	3.722556066	3.722556066	3.722556066	3.738860939	2.313518297	12.29895939	3.321131963	8.534417031499999	4.788875923	3.119503072857143	6.545332711	6.247960009	6.873646786	2.4467279625	3.8174743135	3.303970048	4.364719594	4.970171275	5.824270654	4.369757151	7.873085804	11.060939959999999	11.060939959999999	8.902628463	5.473854993	8.560672303	4.467746332166667	8.249460793	9.598668459	9.598668459	4.618740039	9.845348134	6.8241866775	9.855544968	5.879022102	9.288031238	5.286011985	9.872100409	7.310638488	4.200318286	2.8220950040000004	11.13273978	3.31364337	6.561503387	4.518624661	6.2398718644999995	10.872300580666668	5.707839096	9.823801695	4.975432619	6.546936049	3.157390847	8.23120983	4.4265089663333335	5.419769137333334	4.62067143	6.270097376	2.414053224	9.0246497145	9.679488645	2.538688104	4.05308643	5.188675529	5.68819684	11.466391300000002	2.702845949	7.420211669	6.733863827	7.966847854	9.374512337	6.25886207275	10.16244858	5.173827859	6.333181402	6.420072376	5.293580558	5.640262585	4.836565655999999	4.683262618	3.767488637	8.004740224	10.233091071499999	6.909971578	11.47003908	3.1096629485	7.235651902	6.812939337	7.14358533	6.285685461	8.882049454	7.124908636499999	7.124908636499999	8.651844177	12.44634041	6.693057229	5.975761916	6.456644606	9.755749892	5.680832681	10.29605449	3.825306044	7.715678844666667	3.8279172535	10.13683371	8.378732592	6.035890986000001	3.717841518	10.636076187	8.490164373	6.1247889045	8.471523931	7.398418893	9.29469302	4.272347613	6.938101605	5.362184132333333	8.008117207	8.834471608	8.921731634333332	8.40505115	10.35817548	10.30275167	5.315807864	5.0964774675	7.593537332	5.772862284	5.170473083	8.810242022	4.183351473	4.837906616	7.141485555	6.336495162	6.694886989	5.053570803333334	4.94886278275	6.478524487	8.0203067	5.298988251	4.3767707315	5.194063114	7.182018343	5.869191023	3.444826288	4.842102896	4.83376054	2.993605975	5.525166128333333	4.9683181255	5.588553508	3.991217038	8.3298752145	8.3298752145	7.414513764	10.24678571	3.6357826685	5.309260735333333	2.921575832	10.484156710499999	5.535707502	7.661953244666667	8.517064532	7.867731307	9.923127205	9.226929367	7.967919886	5.602174245	5.844979284	5.70175184825	8.024270958	7.7201721575	3.536746336	3.4074399250000003	6.795249434	6.785941489	10.26237756	2.538856027	4.675450431	6.744687153	8.907455322	5.532265816	7.117881608999999	4.772364768	7.4949525050000005	10.90353957	4.414328738	5.039981691	6.290880481	7.019939323	4.905761479	5.98478047	2.681724654	3.485688964	6.729672693	7.135463427	4.472604437	3.59851649	9.163957304	8.327632148	7.339524047	6.8223203325	7.962355791	6.1938965989999994	6.459427504	7.412208808	7.412208808	7.412208808	4.696832525	6.820597360333333	6.147833497	5.95775454725	4.557005588	7.11895768	8.265432917	5.598295315	5.319458285	6.233318531	4.139837683	4.222097398	7.627930746	7.429571312999999	7.429571312999999	2.975870785	5.129847486	6.628350515	5.052978742	4.955712216	3.444315093	9.462922411	2.706338462	7.831848569	6.466315263	5.110194062	5.236673999	5.774512252	7.667109013	6.740806455	4.383581989	3.946261244	4.611434689666667	3.820545607	8.566193335	5.338454006	8.896864967	8.020281688	6.243077268	5.174405594	6.010504484	3.1699499915000002	4.280898646	6.101970658	5.633015096	5.9288131635	5.565386828	4.130992209	4.696709953	4.880252744
GSM366189	4.628136615	4.628136615	4.628136615	4.959171895	2.386259597	4.789945898	3.472975256	2.478784035	4.378130157	9.845277578285716	3.270289563	4.34508057	2.649730022	2.5060400095	3.8678215435	3.177372751	4.522093381	4.235312047	3.014474321	3.297107662	5.872849389	12.19253415	12.19253415	3.986947989	4.35985548	4.930341473	4.585335162666667	3.768317307	7.880367564	7.880367564	4.570925058	10.88778687	5.928370364	7.281714862	4.128435054	7.024194134	2.990774425	8.255987713	5.695977669	4.5578292	2.73019415	10.12069283	3.272863311	5.60366303	6.325493235	2.295391512	8.879372809666666	4.241636772	5.406142986	2.492987476	8.718733341	6.22569854	3.655180649	3.7417118240000007	6.537095933333333	4.1804094135	5.002113426	2.445481531	5.25343142	8.046020514	2.212089903	4.189662582	6.191602209	4.057644355	9.1686145975	7.05125705	6.798605296	3.353014624	6.942581824	6.350437743	2.878110613	6.883557181	5.742162887	4.5004960825	4.371507771	4.633703957	3.883879132	5.4298651925	6.577092887	5.214238163	10.14058775	7.3181245085	6.532527353	8.317121062	2.9686272320000002	6.451479968	2.120106403	7.254760952	5.505498249	7.833044341	8.963074769666665	8.963074769666665	9.006763385	8.9978567	8.666449734	5.452620937	5.142404066	8.252091468	4.54012863	9.291590754	2.900073623	6.664439225	5.694030358999999	7.79145731	6.093419767	4.048672288666666	3.152949861	10.138433276499999	8.698257387	6.036443241	5.893598209	4.996401595	6.58893488	3.97110155	6.068646114	6.770172716666667	8.087406791	9.84780646	6.845271651	7.039197343	8.726752353	10.93273102	2.124524347	4.772246311	7.475941789	4.136984134	3.579183287	7.257926352	3.578334151	7.370463462	3.550729147	4.707978175	6.715830715	5.15709094	6.701953108	8.396910585	6.479550659	7.077613873	4.0864634639999995	4.846369543	6.882606984	6.468187699	3.538172447	5.683526021	7.206283811	4.549076602	4.583371251666667	5.036328207	3.6266122411999993	7.054759704	9.78886628	9.78886628	5.175980441	8.564419228	3.75511608	6.101731720333333	3.730337998	10.5338119625	5.753443128	5.664709630666667	7.723131841	7.071830473	8.902284254000001	10.138607732	5.821251935	3.488273418	8.188134252	2.6574119012499997	7.830139536	5.7573906215	6.423492332	2.9398002460000003	6.828593712	7.182896038	8.436521364	2.667421302	4.844912172	7.898773743	8.364155101	5.633476647	6.58521227	3.97348128	5.698756041	9.009684431	7.069746481	4.056057711	6.698406565	7.726186373	4.671786215	7.356743941	2.457229854	3.4149481065	6.322688427	5.007718074	6.642800714	6.349380208	9.124387238	6.555902006	6.438940195	4.383675272	9.096369119	5.023922707666666	6.92816052	8.925936581	8.925936581	8.925936581	7.001702657999999	8.225742710666667	5.851796834	3.20248973275	5.376474089	7.609661677	9.509114983	5.71155492	4.973777364	4.849436831	3.9299801243333334	4.6647960610000005	6.519576849	7.801732646666667	7.801732646666667	3.041366691	5.306986534	7.830539386	7.375916341	4.952549534	2.841191167	8.594226862	2.910878163	6.565693852	6.086774763	7.182527437	4.393884044	5.1701970365	6.4920220425	8.281625792	6.888136135	6.405923091	4.7970583053333335	5.049085913	6.715081868	3.470929226	8.508593279	7.945610268	7.025940172	4.591311451	5.07827949	2.4353717625	5.895758479	3.326510366333333	4.722412139	7.0253989545	7.462273275	4.304134394	5.191648223	7.307535968
GSM366190	3.557592103	3.557592103	3.557592103	4.213697884	2.135848228	12.11399355	3.214191237	9.614734885	4.102689874	2.986469464857143	3.292490847	7.74324408	4.755037401	2.32500731	4.5572141895	5.236076719	4.122546437	5.775265896	8.764873051	3.335838705	9.658391875	12.525367656666667	12.525367656666667	8.386083958	9.381932963	10.12324544	5.675104755166667	9.673536664	9.91363116	9.91363116	4.630137425	11.09128588	8.6125547085	10.0280488	8.639009001	5.136203736	3.96493271	7.274280535	8.136114975	5.716401218	4.115917705499999	10.93812951	3.442338708	8.204084215	7.073736149	7.136228208	9.205480790666668	7.619551826	7.032420143	2.042816064	9.171505446	7.635607936	7.841613111	3.9839141306666668	6.3755165966666665	9.4786415195	7.46651092	2.40220681	9.5813856145	9.767901492	2.7521198	3.774812134	6.288057641	5.442237716	10.746917562	4.152368961	7.083141273	9.580034713	5.682753792	8.407837143	6.1197164965	10.46672958	5.35518472	6.378208389	7.903077107	5.580195438	8.247484162	9.366137744500001	8.179867161	3.713825606	10.4862818	7.187783095	8.219112975	11.01056703	3.064992589	8.847724363	5.624314705	7.833630847	7.610340399	9.4876670015	10.382993223666666	10.382993223666666	8.794477203	11.75179177	7.407918375	7.994251062	6.292895404	7.934614349	3.215126969	10.0253606	2.925725788	4.697785280333334	8.054007718	9.719799368	8.484964881	4.214476022666667	6.78740013	11.07623027	9.548506359	7.178043188	7.949857657	7.534253276	6.235546897	4.383396593	8.392287396	6.395119353666666	7.956519824	7.827533444	7.477696473333334	8.843334216	9.610660146	10.52779052	6.229121455	4.888314972	7.237594709	7.340217916	2.689151958	10.45838762	5.1685456415	7.526479567	6.745949814	5.245621853	7.159001829	5.925782344333332	6.5952152755	8.947676599	7.680021258	8.044559552	4.053703781499999	7.2326516865	8.354650755	6.510329495	3.590992982	8.456199113	4.939744211	3.240114661	6.594251997	6.1628870685	7.636811122599999	7.59303217	7.224058294	7.224058294	5.462450073	8.245228498	4.8672366325	6.305534808666667	5.318720459	9.7096233215	4.129467948	3.8942002976666665	8.670678471	6.25179788	7.328166889	8.7482655365	5.381773379	5.261479747	4.244200236	2.5256529912500003	7.995975962	4.0818576505	5.209261357	2.7604874206666667	10.00737136	6.741256436	9.19551475	6.4637044	5.789382172	8.663469624	6.783067326	6.80889989	7.4572147079999995	6.778988294	7.000402897	8.332724065	8.243071976	5.305872324	9.360227866	9.506397803	7.502328588	7.943269758	4.978634015	3.990313028	5.449516404	8.315709015	5.26121091	7.618480463	7.806594075	8.786010541	4.890785946	6.8436174675	10.30600261	6.457878098333333	3.772967961	10.56237359	10.56237359	10.56237359	7.9164974175000005	9.142925016666666	7.972618873	5.5089215110000005	7.46434186	7.555514817	10.31499676	4.721609464	6.124342332	6.895657891	3.819382940666667	8.374949122	7.418442924	8.294750379	8.294750379	4.677558566	5.918612924	7.850644798	5.031674506	6.795501113	5.598014825	9.196034359	2.436241356	6.444207242	6.630340174	7.968401241	5.42540319	7.958957032500001	8.206371228	8.279434839	8.60216293	3.775576524	4.842902456666667	6.094500314	8.210308021	4.955166918	8.258620943	6.796735714	4.481223504	6.234171187	7.759836553	3.0395147065000003	6.393797138	6.328901308666666	7.001451151	4.5982070225	7.665311513	3.060046904	5.395845269	8.391677674
GSM366191	4.106739519	4.106739519	4.106739519	4.135923681	2.629383825	5.060442063	3.798200913	2.401258542	4.272902022	8.952505821857143	3.353675245	8.004251923	2.471418149	2.5007542794999997	3.7994975464999996	3.391736385	4.903351397	5.543429473	6.613073348	3.018246069	9.461530439	12.808621996666666	12.808621996666666	6.33588956	3.776742429	8.443138542	3.4507707318333334	9.585966312	8.932233839	8.932233839	4.725746047	11.33320752	8.2418484605	10.11017093	6.672563582	6.188411814	6.465047438	9.597790641	8.404234386	4.899749694	3.330335423	11.3158797	3.59325973	7.64378352	6.211723039	2.3542356925	10.125344327666667	9.201996479	7.743469218	2.989894856	9.78115266	4.648280936	3.491491297	3.633550229333333	4.013488128666666	4.5087911725	4.501930422	2.158342789	8.2674132595	10.33453262	2.257806733	4.204534639	4.362305147	2.795389109	12.678426425000001	2.634666	7.008389265	7.151924795	8.613343108	7.756693525	2.8603259537500003	9.414429047	7.722299461	7.281310517	10.49902011	3.665050158	6.972879271	6.329265673	6.46589283	4.570329663	10.21772778	6.1228115415	6.753351115	12.00063863	3.408722477	8.856051153	7.834017024	5.921135663	7.533625187	8.525920132	10.157938161166667	10.157938161166667	7.048225691	12.80956768	6.221020718	7.254792066	7.958820539	6.512631764	2.735075318	9.921387798	3.046345092	7.116898461333334	5.941251349	9.334946152	9.744001554	3.749034630666667	3.848414658	10.7363102475	9.437486968	4.0585270179999995	9.530440875	7.636966046	6.702736042	2.300008019	6.43609998	5.7779991556666666	3.343652574	8.973095404	8.549214279	8.819668438	9.46777055	8.919788704	4.115010671	5.5357951505	8.463744366	4.054199837	2.452178874	10.790799	4.4335700735	7.274217174	3.089313822	5.319564531	6.901744072	4.144194353666666	6.7864352425	7.595285943	7.141036974	7.294514262	3.2477049975	4.8761986225	7.940300694	8.740744727	3.287035931	5.160497616	4.104939266	2.531833272	3.1827078726666667	5.8297741255	6.649769263600001	3.83853206	8.3348172025	8.3348172025	6.400893214	10.63170887	3.489139873	5.230110006333333	3.799447169	9.552652336	7.249939697	5.542128947999999	10.46743173	6.285261146	8.6339768145	8.2359781375	5.40459497	5.270523379	7.870164159	2.65669935775	7.799216374	4.912965497	6.671995631	3.057372093666667	7.362591447	6.94733068	11.52041236	4.00370692	4.926488632	6.996980133	6.91027074	4.187574404	3.8585586204999998	7.614645452	7.1157817355	9.587756056	6.89637861	5.605686994	6.964272562	8.875071844	6.47491727	5.184100812	4.938751512	3.6097355565	7.212667011	2.970296659	3.932917076	5.179825938	6.039093499	9.286554822	5.684069943	5.8403898855	8.71010255	4.8764271106666675	3.447995378	8.902399499	8.902399499	8.902399499	6.248643994	7.890634789666667	7.631315352	3.13920443025	3.744559097	8.553487689	8.487861671	7.224032569	6.568279023	6.580212185	3.9242753460000004	5.251127083	8.490571672	7.213696094666667	7.213696094666667	3.177176956	5.611414745	5.461700669	7.535763301	5.681357437	4.074413968	9.440483079	3.110613355	5.594213267	6.878203126	5.063345555	6.638089203	6.8493974390000005	7.9686004189999995	7.117522514	6.430650943	4.965523939	3.880179113	3.721262052	8.147003903	2.843763673	7.757074997	7.034121543	6.359470916	6.41419058	6.380448021	4.5166832905	4.974804978	3.214678727666666	6.717444886	6.655876882499999	6.514906537	3.402619829	4.025598246	5.512431403
GSM366192	3.505509229	3.505509229	3.505509229	3.772573495	2.268771805	5.185822295	3.462291912	2.5605868430000003	4.603744273	8.972737973857143	2.623750625	4.045628834	4.354935801	2.5442969225	4.813834035999999	3.219599954	4.314860988	5.252447389	4.910881577	4.194019586	6.308655172	12.837900196666666	12.837900196666666	6.082519418	10.47600123	7.581052184	3.5855231515000003	6.424929257	8.408250981	8.408250981	5.205787058	10.18159005	5.3674773005	5.643091929	3.824258778	5.051862476	9.684503855	8.830155543	8.313342291	5.1915282	2.6749627335	11.8282792	3.210842832	4.456972231	5.472840383	2.3645318885	7.747091671333333	5.756228663	6.818038834	2.256030449	9.700469598	2.340077921	3.414292435	3.344290859333334	3.3640592523333335	3.6153987599999997	4.597417378	2.207419534	6.496010544000001	7.172811771	2.080083068	4.196288564	2.461377793	5.199369367	8.9434320085	2.740522008	3.655367585	5.284337193	4.813315945	6.753134884	2.5972180639999998	7.047451351	9.408782804	8.058574824499999	7.755746319	3.965673796	4.625879163	3.8823314284999997	6.460090804	3.998724044	10.40607616	6.108568954000001	6.761635634	11.61312546	3.165939033	5.461957561	3.714238326	6.538689375	5.069904719	8.0053833645	9.985310069833332	9.985310069833332	8.71479204	13.23837299	8.964252272	4.779507982	7.930146826	4.404809762	3.793415816	9.600159738	7.079894491	6.5236505173333335	5.7892794645	9.566572905	7.582379816	3.5468086703333337	3.115954455	9.776826399	5.518674559	3.999808863	8.461974997	7.627575175	3.957140642	2.179700458	5.441113645	6.458760523	6.271299192	8.591157991	5.5167430746666675	5.699500232	7.754623114	10.22558738	2.369598341	5.1432523925	7.834231782	3.805862251	2.153312544	6.972007415	4.2577086915	8.294586707	3.847522479	3.93511082	5.333033856	6.7581918876666665	4.553497539	8.403611612	6.957728702	8.308088433	5.0556014625	5.8022440799999995	4.659620186	6.39150475	3.143093292	7.472074599	9.104333494	5.491170877	2.94663412	5.0443028265	3.33402442	5.902195789	10.338611295	10.338611295	4.224759544	9.47896698	3.3121367575	6.084993042333333	4.256427509	10.96211675	4.437176564	4.737845132333334	9.132537289	4.364536857	8.418997202	9.7178313685	5.813502855	3.61237726	5.546534479	2.6592935965	5.390721708	4.325455246	4.495778463	3.1410914476666663	8.842557394	6.781799598	11.30417036	2.284515978	5.997666927	7.02876103	7.544597767	5.61509879	4.7678008115	5.435334915	4.7653586995	8.248019454	9.08100344	4.765151256	8.647091449	8.532089899	3.599127818	6.003427544	2.395933717	3.579330958	6.057397289	5.820568124	6.114233348	6.664451553	6.081834348	6.179969556	3.900727266	3.7212563925	9.25325255	7.245590473333333	5.596227176	8.983650049	8.983650049	8.983650049	7.805692886999999	8.989128213666666	5.439318392	2.94606035475	6.838202457	7.783211353	8.900209209	7.701567047	6.826088594	3.373042524	3.98554779	4.0095003895	5.671399886	11.667454923333333	11.667454923333333	2.874676288	2.900923392	6.930759165	9.522044404	3.3061551375000002	5.024353733	7.537571607	2.8836769	8.062643565	7.502956455	7.601118377	4.595226125	4.502075638	6.1482367245	6.613736959	6.633844623	6.165756328	4.722134265666667	3.035147353	5.266936067	2.926699166	8.880507008	4.686937938	6.126868371	5.15489213	4.533138227	2.7919523635	7.516724778	2.5345689596666667	3.865870189	8.16276954	7.478379753	3.414332127	4.909140324	7.789624642
GSM366193	3.681619413	3.681619413	3.681619413	3.731077069	2.219277726	12.15404229	3.642110352	7.9568292419999995	4.634964155	3.1229131945714284	2.768020975	5.699259306	3.428082029	2.697534418	3.8922446465	3.159607766	4.445717757	6.237184237	6.135366261	3.373314612	6.156942515	13.320027856666668	13.320027856666668	9.5604891	9.530894706	9.066708505	3.7796997896666666	5.965098791	8.424754358	8.424754358	4.671066045	9.061131528	4.8204309855	7.903116463	4.857565475	4.498820482	3.85081361	3.120050743	7.024478459	4.211776445	2.8273684489999997	10.35799903	3.475443599	5.401860334	5.098434742	4.697398912000001	8.781235949	4.056022259	7.666361572	2.505627615	9.42587137	4.742996022	4.271457403	2.667056380333333	3.5106390320000003	3.449955875	4.054780091	2.219269337	8.0903671685	9.81231951	2.436895838	4.202605909	2.338058359	3.667735882	9.726339556500001	2.67551365	3.528011965	4.535829678	6.273403391	6.825601517	6.571033292	7.399585942	5.119962232	6.6310905995	9.166668639	3.566317403	5.041920134	4.039696728	4.793491497	3.503654928	9.63621335	6.4621777855	5.321187909	10.8607955	3.22775245	5.61183683	3.353783862	4.819226226	6.960528875	7.140488444999999	10.509132547	10.509132547	6.57518492	12.30648141	7.115066008	6.125322882	5.850182118	6.348710443	3.821143114	9.776948636	7.466001526	7.317623104666667	5.3727017085	7.385896745	7.80478307	3.4994288286666664	3.471865119	11.004446399999999	6.230875179	4.247345355	8.583034321	8.14654887	4.352967809	2.758629391	3.041415765	7.765262901333333	6.27781958	9.603029334	5.4378801616666665	6.434929123	6.265715648	9.412808318	5.920949845	5.2851447755	7.907356554	4.857053322	2.788744444	8.294702088	3.8586779655	8.026119405	6.347232411	4.709640447	3.101712595	4.487713421	3.2992456409999997	8.387287232	6.261389029	6.950968555	3.5687101825000003	5.0252462665	6.783018551	9.607009222	3.615992718	4.799522699	6.952138533	2.972642583	4.278942919666666	5.321298419	3.6644242254000003	3.709961338	9.467103716499999	9.467103716499999	3.944961285	10.08162	3.4074892915	4.180241784333333	2.545913918	9.69600918	5.554453295	7.534820783333333	9.701289634	6.14912164	9.825540304499999	9.445354349	5.903087806	3.609779258	3.938174208	3.439577362	5.713809739	4.590634168	2.7137726	3.104199207	6.456157615	8.033659866	10.7120219	2.514149889	5.065330989	7.52613369	7.099523439	5.402817624	3.364145654	6.374389794	6.351626466500001	8.591506517	6.48294066	5.471925398	6.879746152	7.60899981	4.369274859	5.468964102	2.249344443	3.696482209	7.205085629	6.472528314	5.209807874	3.766639666	6.170915061	7.56010945	3.684436806	4.3525285465	7.984329321	5.015214779666667	3.48469304	7.512639094	7.512639094	7.512639094	6.319716339999999	8.10759605	5.114467332	3.3244597505	5.618416719	5.615689401	8.629045266	5.761943604	4.260786574	3.808694454	4.1559392556666666	4.5562453195	6.261633742	8.146357837	8.146357837	3.334453308	3.179679413	5.723605673	8.785967122	3.9480640620000003	3.033101244	9.740466495	3.038417917	6.169629397	6.736406988	4.553830774	3.907804489	4.046470192	6.4071790995	5.581313117	5.243316625	5.598064332	3.289196223333333	3.397138755	7.091147208	3.227745354	6.946828834	5.516546426	5.83180106	4.857723502	5.044808915	2.8087448085	5.308814673	5.145172581000001	4.47294773	4.4463416815	6.63957323	3.205602616	4.47458441	5.61052886
GSM366194	4.331184691	4.331184691	4.331184691	3.897103133	2.305297271	12.31625143	3.066666199	9.1266812615	4.769632419	3.109316230857143	2.933293424	3.860029301	6.516445618	2.49226006	3.8669059315000003	3.377886339	4.429066204	4.892840429	7.355388867	3.49538964	6.750394591	9.802421832333332	9.802421832333332	5.785913502	4.827105863	5.575514433	3.8114258678333335	5.884083212	6.706089013	6.706089013	4.812753641	11.25407139	6.1509466495	6.326609497	3.896877676	7.507305845	6.22514681	9.995438874	7.795486949	4.151879405	2.967086702	8.89910888	2.751417424	5.4976451	6.803439817	6.2237481594999995	5.088433212	4.270635613	8.331199293	4.887524192	8.468079498	2.406972844	3.316278774	3.6458590353333338	5.594583263666667	4.36125327	4.856341792	2.511350264	5.970331709	9.818787967	2.66637929	4.121784531	4.09065543	4.785546623	11.59878457	2.904864662	6.198855067	3.833925214	6.746012825	4.982380772	6.143819011	6.882519886	7.038239936	4.608897725	8.661066962	4.654618231	3.126470767	3.734500596	5.350744351	3.806119104	10.87131537	6.1720012435000005	7.110409234	9.700415722	3.206696215	7.764387451	6.10045368	5.46007996	5.596227176	6.8956071649999995	8.993808642333333	8.993808642333333	6.128587717	10.23227559	6.417839246	6.931837338	7.618953814	7.528408101	2.846017061	8.032970025	3.173758599	4.769821343333334	5.682319273	8.959635851	7.894448589	4.287190080666667	3.496564139	10.674559809000002	8.324687049	5.3772549155	7.119621584	8.136175225	3.216048739	2.908244886	4.589329782	7.246070865333333	7.377105166	9.171263116	7.084406497	8.142657813	8.691602111	7.221418464	4.668176873	4.607077386	8.840330756	4.033816331	2.588670082	8.587831002	3.5513894825000003	6.679552752	7.55873836	5.174439195	6.341342373	4.773573919333334	8.09470706075	8.468660481	7.213389531	6.904463586	4.722320784000001	5.4425505025	8.101056376	7.372099116	3.449120652	5.260738628	4.995279729	2.916275129	5.639623098666667	5.4621011164999995	4.1322104876	3.315361613	8.2953916345	8.2953916345	5.493136208	11.21805114	3.235514678	5.444313569999999	3.442337542	10.150592518	4.297170651	6.802159606666667	7.635419344	6.136604327	8.2876643065	8.6835135815	6.168242145	4.005511076	7.521105687	2.74564298375	5.617809615	5.5995174604999995	8.191473721	3.1770127820000003	6.367961613	8.607395803	8.926158483	2.438898762	4.705386634	6.889611928	7.246512953	5.207494556	4.2748324024999995	4.335571773	6.636552995000001	9.177276349	6.52811869	4.471485273	7.399369873	8.013250873	4.265836947	7.78744049	2.565401242	3.907511412	7.732742202	7.606023278	5.713539713	5.68285914	7.811916319	7.782022134	5.084228772	4.071943212	9.130807202	4.763516947333334	3.623164695	8.13212354	8.13212354	8.13212354	6.04875624	8.071053943	6.865343272	3.791141647	6.19624473	6.895261887	8.703637455	5.88822631	5.951482568	6.196328263	3.8970088616666665	3.9228821965	7.290837143	7.761073712000001	7.761073712000001	4.066600577	2.848031018	6.728507723	6.816143637	6.101120853499999	3.213481452	10.0517617	2.971902075	7.128447545	6.797308439	4.841527271	3.709757963	5.00530769	6.461221175	6.060500242	5.75526995	4.681250691	4.243687613333333	6.794485435	6.622277119	2.374959693	6.517108618	7.684677982	6.467333097	4.93272309	5.676320233	2.583919105	5.026833438	4.469743025	6.267994029	6.609467032	7.208129687	3.41318313	5.604754581	6.6972047
GSM366195	3.4415261	3.4415261	3.4415261	3.844756863	2.266897483	11.94862413	2.976313436	9.082419732	4.244578149	3.030729112142857	2.906658454	4.513930593	9.596599481	2.4502267140000002	3.5627639469999997	2.940203023	4.532684838	4.21263029	6.592179933	2.828395941	7.293058609	9.911049275333333	9.911049275333333	4.993939741	4.334200124	5.366478798	5.860956291666667	6.843963409	6.766626581	6.766626581	4.469018854	8.750934389	6.476209941	8.962657747	4.290818032	9.500484789	7.970914523	7.402126885	4.269450477	3.07699037	3.1739404945	10.12945981	3.156790031	6.63969574	5.22714524	6.856146838000001	8.079018168333333	4.596759205	10.33819061	5.113266335	6.440551703	3.633650347	6.476121243	6.460892184333333	7.940852146	6.7031077685	5.322661004	2.187738148	7.0453396595	8.752718615	2.571437687	4.164363924	7.853449858	6.891736452	9.6361054595	7.331905967	8.691933076	6.586085665	6.953931036	4.8330851	6.2004512087500006	7.523398616	5.871483776	6.2167948724999995	7.074628328	4.503825526	5.162958719	6.0036967054999995	5.772778547	4.066690989	8.263527708	6.169267185	6.798897558	11.43533197	3.014721331	6.429522339	6.457903418	9.315705991	5.939920591	8.061205358	9.955235711333334	9.955235711333334	6.912476496	12.43150948	7.307087289	6.191150589	8.898549081	8.90314558	6.470730915	7.7719731	7.147814848	4.924920582333333	4.4882497699999995	7.290023762	8.100101909	5.013622864999999	6.936958522	10.9785997965	9.608035665	8.4335257675	8.02128056	6.610185489	5.023566584	4.903594003	6.8054017	3.0683262436666667	8.848384713	7.361242465	8.704794755666667	7.396508936	10.35758768	9.498053435	3.347414269	5.163941252	7.211499305	4.288158504	5.605536238	8.581645604	3.9716041385	5.109165445	5.388437684	6.636561889	8.327722321	6.056142941333333	6.66328097675	4.012746436	9.30357441	5.8181647	5.779348214500001	7.5100229825	5.720167799	6.832826288	3.409423558	6.322541749	5.105412283	4.078073842	7.375943168	5.5462713489999995	5.8983919708000005	4.212626616	8.305273265	8.305273265	7.57394328	8.857963605	4.536560585	5.75212118	4.462635484	10.2780457575	4.536091282	6.274007458	8.522253782	7.951711686	6.6041217670000005	8.926086144500001	4.889308924	5.211769914	8.420853523	2.5878477482499997	9.25236937	6.9325835730000005	5.193180143	3.9486617076666666	8.484176554	5.029546147	9.828764365	2.489950622	7.529090676	6.381299656	7.780965661	6.639158957	6.959566054	6.629210155	9.8167286295	10.41451788	6.176135735	4.420044786	7.428460714	6.510278137	7.205290617	4.801697728	4.05581218	3.3831345085	3.994257577	7.395804808	2.753510125	6.648177408	8.170779279	7.921912674	8.764592322	4.6809510415	6.19551849	7.098802375666668	6.248630935	9.034433705	9.034433705	9.034433705	4.9474931725	5.860732267666666	5.889234744	5.266238048750001	5.20125297	6.905000816	8.795876448	4.335571773	6.615369344	6.122805407	3.7060041946666664	4.064087231	7.904283696	8.094540172	8.094540172	2.698719627	4.243801586	7.290886204	7.990361258	5.161528522	3.99289659	8.256451356	3.280032516	7.785699352	6.308401787	7.095873816	6.096482807	7.263623804	8.620389427	7.272052513	4.398845174	4.919912752	6.427247759666667	3.39381913	8.390311293	4.465367728	8.828109098	9.33089431	6.493589324	4.224991181	6.882415945	2.414650069	5.752428479	5.395568367666667	6.978858633	4.7801863209999995	3.728779893	2.966865061	6.004737471	7.818678923
GSM366196	3.369187508	3.369187508	3.369187508	3.855170875	2.305163843	4.246873679	3.402869887	2.428622978	4.516644858	9.271374721	2.824193427	8.213460338	2.46168183	2.323046679	3.9518095855	4.735617336	4.295098022	6.031188147	6.866456983	3.30974856	9.711517061	12.834128743333332	12.834128743333332	8.382202272	4.152894212	8.380827957	4.320513819666666	9.669900645	8.48066189	8.48066189	4.216203677	10.6232196	8.9180512885	9.120049319	6.701446151	5.042911451	3.473828913	9.105751161	6.588355282	5.073242819	3.3291923555	9.530375475	3.46303895	7.629012324	5.895156939	2.5369499035	8.410152053333332	6.83431517	6.190062064	2.283624786	9.937834726	6.33305257	6.949494202	3.2187329086666665	6.755473200333334	6.632082041	5.231637591	2.278986485	9.1567786075	9.962522362	2.701993117	4.237232945	5.7202601	3.710940705	11.83002865	3.016661054	5.513603826	7.880413214	5.406948239	7.22930008	2.9193650445	9.109333329	5.446406431	6.3000379365	8.067689193	4.076447007	6.590598448	7.062637003	6.539865409	6.165268978	9.807932833	5.022124706	7.969943558	10.87891598	3.1128396585	8.453420344	4.531759136	6.984040608	7.393105161	8.229833737	10.407437863666667	10.407437863666667	6.880485867	11.2578367	7.942891842	7.313912143	5.612832271	7.342440546	4.798111953	9.863009104	6.940666793	6.201367873333333	6.301256148	7.984681078	10.14587437	4.297742893333333	3.808491255	10.99867189	9.006571959	5.100848014	7.547245306	7.618311538	4.670931917	3.892542174	5.884075357	7.313397462	5.823623549	9.111454593	6.9914348	8.307490694	9.57450354	10.35190858	6.013105622	5.835218681	8.325883003	5.79643336	2.311515969	10.27732403	4.391386139	7.505415416	3.640057099	4.900792088	5.432827459	5.4315891543333334	6.597560773	8.212381339	6.772486567	8.380028476	3.6914012615000003	4.903715244	7.583789547	7.920384868	3.418180167	5.636125419	6.796149762	3.706697137	5.606036492	5.6155891595	6.7387582718	4.215463053	9.446446541499999	9.446446541499999	4.277584898	9.714875697	3.495463731	4.145323218666667	3.512047628	10.1476200145	5.751708819	5.319545660999999	8.981809849	5.726294654	8.7113738575	9.2376264465	3.378212313	4.088590776	7.38236559	2.7621587654999997	7.542580924	4.914104454	6.425319293	3.0878087863333334	7.547245306	5.443487588	10.04194767	2.940603897	5.448674395	7.174122054	7.931421209	5.901658368	5.4765276125	7.175297881	7.386363012	7.655177152	7.460414062	4.989060175	6.612925255	8.454461783	4.275687753	6.853778738	3.490401781	3.922875873	6.029946822	6.416023638	6.375425921	5.540866487	7.664079298	8.495879312	5.301240953	7.506358565499999	9.537142069	6.168861274	5.369272491	9.111326781	9.111326781	9.111326781	7.3201122995	8.673652064666665	8.065878796	4.51235704825	6.026485048	6.020473809	9.245343297	4.904723569	5.266936067	4.73081848	4.327719597666667	4.9234968045	7.737828479	7.747840913333334	7.747840913333334	3.461783943	3.195475248	7.105209484	7.754308235	6.2796746875	3.088926167	8.841393119	2.330969911	7.14198282	6.065850396	6.15540013	5.434166057	7.404799814	8.660542023	7.178249948	6.768734215	5.644614995	4.305530864666667	4.833548218	7.45537968	3.047531866	7.803243279	6.192413916	5.278583145	6.711608217	6.890334768	3.106516127	5.42119857	2.796637949333333	5.842490514	6.885311867	7.396634676	3.100172885	4.723862726	6.421006846
GSM366197	3.838086961	3.838086961	3.838086961	3.899570856	2.193857039	12.25300802	3.429222055	9.3711957105	4.140484423	3.130138389857143	3.090354557	7.686795248	3.125512948	2.6085684005000003	3.6757774765	3.037571406	4.3772338	5.476960372	5.932290162	3.210296581	8.579272586	12.344278233333332	12.344278233333332	5.457219393	8.982245092	6.489229993	3.5536007935	8.044539267	7.812323313	7.812323313	5.091717324	9.002063206	8.3592161225	7.143221479	4.613521004	4.978434218	2.771454797	7.900434991	4.0318489	3.891787961	2.955868261	11.25584135	3.573877408	5.399393394	4.730375337	5.5988221665	7.0956632436666665	9.114801902	6.54294341	2.348681488	8.952455748	6.117663759	3.831325233	3.652448142666666	5.4942334263333334	6.251520255	5.354309234	2.483968462	6.206139524999999	9.077045153	2.477550388	4.322456423	6.651095818	5.58697001	11.107964115	2.794286641	6.797576085	6.570274991	5.38717578	4.755459413	6.25623202425	7.407654258	5.449472902	6.976536581	7.914131888	3.694650026	5.702715996	6.2518842945	6.787771062	3.698198325	9.059875446	5.1250947185	5.060010006	11.36816615	3.1247831045	7.877723739	4.664159394	8.291228015	5.3172067	7.328052022	10.0065986285	10.0065986285	7.50437564	11.81999761	7.428652819	5.374842281	6.404551335	7.405861658	4.874639221	7.502395241	3.039405561	5.405800887666667	4.723509751	5.11998134	8.188731244	4.458936812	6.322876043	11.109922565	9.084352142	6.911940404	8.335997286	6.96882258	3.774784082	4.24752635	6.350527615	5.814018490666666	7.990204418	7.860920581	7.077523060666667	7.546933538	9.725090078	9.042030151	2.914656199	5.9104741435	6.765411484	3.875299715	2.166961742	8.452743281	4.0380144655	6.390096247	4.527350541	5.871077563	6.517293846	7.241013982333333	5.49213395275	7.718321946	7.787234822	6.853703709	3.454904524	6.813676772	6.219674081	7.450161603	3.414286568	7.864944724	6.656494936	7.202051313	4.561258486	5.3494006325	5.189097024	5.507267937	9.720467374	9.720467374	5.040338916	7.823019641	3.2301699125	4.8558416609999995	3.73651661	10.686456565	3.476911321	4.460431127333334	9.59648197	5.710279873	6.6714361075	8.254519064	5.623882757	4.188574755	7.084134729	2.66364996975	7.638774465	6.0283846795	5.112233305	3.1136560716666666	8.710622381	5.5143252	9.925881207	2.725535946	6.868869654	6.836975157	7.671243847	5.183720607	5.4429926260000006	7.171270641	5.9050044975	9.363963438	8.377084361	5.190115486	8.050904606	7.576519891	4.851117074	7.12593269	2.358096397	3.565679749	4.918936381	6.45607875	4.570249931	7.584263581	6.766375594	7.878488349	4.94810488	3.6224654175	8.442470841	5.3112431330000005	4.017886336	9.684730961	9.684730961	9.684730961	7.547898653	8.570447870333334	8.014364685	3.4623955937499997	6.944024617	6.981045474	9.373893599	6.414872985	5.448135868	3.195289226	4.082446979666667	4.2024965095	6.925386561	9.510189904666667	9.510189904666667	3.399409939	3.027368564	6.139302372	7.662007876	5.4753728235	6.484895172	8.039982388	2.636060696	6.436316414	6.094288582	6.803283516	4.493075443	7.1859880515	7.133154193499999	7.257406326	6.151432491	5.014296847	4.477123420000001	4.206571888	6.985087302	3.080288165	8.342762574	7.253082655	5.496269427	4.974514917	4.478080689	2.5685057725	5.622430299	5.170356443666667	3.673262154	7.708241815000001	6.48884988	3.262129919	5.273749735	7.990204418
GSM366198	3.493531411	3.493531411	3.493531411	3.854564858	2.335165118	12.34938837	3.397835377	9.409156831499999	4.455480109	3.2168018187142855	3.097568806	5.71890762	4.31878715	2.870892477	3.8617415155000003	3.598346661	4.50077375	4.976543225	5.954661147	3.108228997	7.058784683	13.100524383333331	13.100524383333331	6.880853797	4.885212744	8.1968236	3.7703291790000004	6.919452313	7.058784683	7.058784683	4.316682748	11.43102031	6.755235654	8.001130775	4.523293172	4.662406681	4.319358551	8.960696634	5.449293716	4.018414214	3.0226300485	9.668238697	3.328399646	5.410805304	5.061504162	5.4669807765	7.4452957920000005	3.901497026	6.720236177	2.588179232	9.42281556	5.017945118	3.497393839	3.990126532	4.358111424333333	4.9033885735	5.564487795	2.231409835	8.0533824655	9.050864123	2.743863517	4.372621916	3.81527357	3.467881571	10.6596532775	2.893420098	6.67850903	6.044035816	5.369949373	7.24687958	6.140576907	8.130782027	5.170368876	6.237024494	7.374408119	3.554852458	5.597948416	5.2638631	6.934262675	4.26427176	9.834410813	5.3056147315	6.502512453	11.54979714	3.033504424	6.901138056	5.281793213	6.67002233	5.37092739	7.134597267	10.341851445	10.341851445	6.521339532	12.42616302	5.341653556	5.49159124	5.795502478	5.066545982	4.668161876	7.85715436	3.505455666	4.119754260666666	6.166501416499999	7.866078855	8.067564929	4.0370195576666665	5.942648571	10.8537506515	8.629177569	5.065866344	8.193344025	8.321115341	5.194496054	3.604787042	5.253643114	7.116684279	6.787408315	7.909682707	6.99154449	6.82040992	9.408125804	8.403886872	4.203552166	5.119284781999999	7.313987569	4.5368682	2.346964109	8.636213877	4.131986231	7.118076373	6.456874536	3.91230062	6.385105571	5.341010398666666	4.89938361175	7.45089903	6.659993115	7.719336101	3.3785491615	4.9313886125	6.707483805	7.150872229	3.502268871	6.981293698	4.930973693	3.303641076	4.097762475333333	5.037660949499999	4.1660584491999995	4.947354616	7.6242847529999995	7.6242847529999995	3.937340715	8.704595639	3.330016006	4.937390785666667	4.317025361	9.4683243315	3.922218869	5.064340161666667	9.60355111	6.389466453	7.371139668	7.7114639895	4.079238009	4.242019292	6.016307816	2.66754250425	7.670619195	5.292171917	4.591211333	3.114199147333333	8.073289632	6.670259202	10.33078659	2.650709087	6.632891093	7.970527329	6.33919846	5.237850039	4.9989718100000005	6.679761025	5.9355993645	8.699883524	7.1614442	4.539793642	6.250940819	6.944500733	5.068680431	6.797707932	3.04674795	3.3990320929999998	5.968820035	6.623310587	4.410585701	5.690841703	6.494823044	7.228571117	5.606854193	5.8616807855	9.399317726	5.469286292333333	4.608044464	9.3668399	9.3668399	9.3668399	7.036580579000001	8.497320267666666	6.30321776	3.5469052967500003	6.020995236	6.934518999	9.69910791	4.830359786	5.574312483	4.450092817	3.9293223850000003	3.9662883655	6.877075282	6.856930173666666	6.856930173666666	3.492526262	3.28897341	6.277459004	6.749914853	5.118507666	5.894958549	8.591673462	2.846017061	6.753340152	6.504411233	6.749370023	4.350560933	5.876692317	7.5451509495	7.777318235	6.137046645	4.725074909	4.547578282333333	2.90736913	7.020676642	3.143522916	8.141020071	7.140150916	4.879009694	5.171197578	5.005254051	2.65623764	5.598468319	5.169066481333334	4.203917656	5.5016043855	7.378476401	3.180912235	5.074058516	6.820209451
GSM366199	3.500978639	3.500978639	3.500978639	3.511926971	2.381073878	4.623012115	3.433122069	2.5293176969999998	4.585479272	9.347632514999999	2.847251889	2.404973085	3.582290404	2.470949113	3.9678335245	3.359366579	4.270474342	4.275785376	2.934771744	2.972634156	5.633388644	5.977555372	5.977555372	2.220519162	3.819595956	4.29940788	3.323530433	3.495866435	4.164037589	4.164037589	7.068253505	6.801524475	4.2646875694999995	5.918727735	3.538659933	8.616974495	7.811013025	7.5846958	12.42699731	8.6530554	3.0318735864999997	7.417063376	3.75983686	3.738341266	2.011512502	2.281498025	9.589181574000001	3.428764832	10.4446312	5.745650242	5.497246519	3.301404614	4.892574061	5.2591432330000005	3.172954809666667	3.2735418225	5.348869485	2.316217068	4.544202988	3.616124645	2.58994494	3.902223747	1.953670813	4.974397148	6.7960132909999995	5.058593353	3.843947923	3.758372296	7.323517739	5.401078783	2.95646288775	7.268365541	7.386015106	3.159616871	4.075329517	11.0436703	3.475290355	3.199486253	4.490928586	4.860395272	8.436119214	7.151277589	2.392240156	4.563276854	2.9771895365	4.575576003	7.762591943	5.638857289	4.18730408	5.0561852065	6.091901017333334	6.091901017333334	8.619979187	5.11852199	7.276645506	5.802118253	8.298914766	8.005241942	3.366921328	10.35056515	5.044205746	7.5434456186666665	2.593439156	13.03267832	7.73590115	3.998560762666667	7.222679831	4.044865575999999	5.617434374	4.1311439545	5.325916696	7.361637895	4.989091845	3.393803905	9.996646224	4.653414661666666	7.861249623	4.228443531	6.933166208	6.307667014	7.070779522	7.483154487	3.714917071	4.8278789675	4.203785998	3.641898715	2.38406851	6.473940943	3.481614154	4.723571293	3.809664043	3.702219186	6.019029171	4.540085410333333	6.96116636475	7.339061743	6.372194838	3.933122419	4.3289682185	5.5291265015	6.798034293	4.426638104	5.242693338	4.812698292	5.280130835	3.639869457	3.1702164426666664	4.9903695615	4.9199105632	3.293354808	8.1137290735	8.1137290735	5.928030362	9.813955466	3.192089459	6.250672101666667	3.17059435	6.7829777159999995	8.698592761	7.623441057666667	5.602830344	6.99594698	10.213643388	9.00189147	5.129466297	6.13635704	8.029970376	2.57712029875	7.795613524	5.89662921	3.495650147	3.097559726666667	6.787909795	6.576378373	5.391767749	2.529792308	8.935872007	6.08800547	7.731249528	5.161310173	2.901911734	3.568337801	8.171342826	7.25308896	4.771643624	4.585479272	8.880837012	8.740752236	3.641531358	4.304609693	2.5251282	3.4471092495	8.065570779	3.185482874	3.310565421	3.559196431	7.888848081	6.32605236	7.428507462	4.128060638	10.10904638	6.057651430666667	5.403186217	7.028289528	7.028289528	7.028289528	3.234699042	6.379382211666666	4.474470322	3.06225650625	3.702237315	7.586259031	7.138465022	6.846407988	5.911532796	2.370985368	3.8109863256666663	5.764529081999999	4.955053725	7.403035086333333	7.403035086333333	2.669374575	8.702219299	5.587291544	5.540849539	3.06644914	3.22508299	6.337702092	6.041617807	9.077926836	4.744073252	3.724569506	5.917657419	4.761107207	6.5974080725	3.641560451	2.962505809	3.651616726	6.3046935363333345	2.537489168	5.338725014	2.713238092	7.272605479	3.434334882	4.224544809	4.346150269	5.502681109	2.4796673785	4.452246505	3.1596965889999997	9.177307524	4.735859105499999	6.784240444	3.060918448	3.924173432	5.26984585
GSM366200	3.982096216	3.982096216	3.982096216	3.983036453	2.609086385	12.34386918	3.416181658	6.957668727	4.35127272	3.2498506958571434	3.207476312	2.7042842	2.654722605	2.5492409045	4.208742969499999	7.89100368	4.2848435	4.947489051	7.094720152	3.773820191	5.727972415	10.374151123333334	10.374151123333334	2.857022581	7.619098004	3.841318068	4.613866309333333	3.972600802	11.59374557	11.59374557	4.890567731	3.616383025	3.6901360515	4.864425792	3.598746108	7.67654108	10.6585264	4.682376091	3.684923934	6.007214664	2.7943556254999997	10.36672864	5.867295546	4.247552059	10.39441178	5.360453072	11.022788806	7.093824628	6.533658657	2.876581495	4.555552961	2.238846318	3.47852572	4.203918480666666	8.144196593666665	4.8695236925	4.318621763	2.272808995	4.609291896	9.334715538	2.425711579	4.331301987	2.48618875	6.470589031	8.888228303	5.417823457	5.978786069	3.772789301	4.376046275	7.450098736	6.078066559000001	7.953981784	12.73628213	11.039599915	8.094343724	3.849506095	3.85715194	3.4118624745000004	3.016148295	3.471789841	7.10060004	8.802699663999999	4.204344555	11.85804057	3.1342552855	4.63979675	6.493013843	2.612290329	4.63480068	5.582398856	9.101293281	9.101293281	8.120063424	12.60515534	6.864460621	4.830176823	12.11547394	3.048805754	9.081456611	11.09166679	3.277966184	6.901381263666667	2.8632882785	6.137351422	7.93039302	3.4182474893333334	3.666602498	11.761687285	6.943557329	6.6478629604999995	9.356815273	3.184151583	7.131024244	2.473440659	4.769660654	4.001776138666667	7.684288361	10.08458008	3.633755971	8.231802612	10.21421883	9.534007296	3.598690303	5.2474482865	9.532546111	3.625849661	2.273079968	6.406680163	4.057118856	4.433786188	6.594562526	4.354514883	8.883679329	4.560186837	3.45231622325	5.894341088	8.418981357	4.681208196	10.2738579075	4.881643764	7.701438687	7.780245912	3.436028906	3.711351175	5.192170504	2.422314004	4.536476439666667	5.367102333	3.1181374078	4.813513618	9.841029887	9.841029887	3.953934033	11.32765206	4.291728865	3.330532435	2.566679104	9.204787792000001	8.75872062	9.741358761666666	8.899937299	7.669372293	10.606678008	10.432434777000001	6.302599001	3.69933791	4.111460532	2.84632965375	5.303943396	4.907391833	5.410618927	3.080922157333333	2.938199647	3.950513631	10.08798164	2.577920616	5.537092743	4.938953791	8.708953321	5.424105852	6.2801430345	3.85715194	7.1708539055	10.78090995	3.552696432	7.162010068	6.92617549	5.995347211	8.159476424	3.683738914	2.002408418	3.3581995005	4.272902022	7.034531691	2.954794948	2.621715843	9.812727661	8.165945945	3.44109637	3.8133800625000003	4.277238546	6.072679710333333	3.1325469	4.364921609	4.364921609	4.364921609	3.00796387	4.876193029	8.034132143	6.94165828575	2.955909428	3.641122273	5.346395579	9.274438737	8.736396697	4.630879785	3.974501099333333	4.458536639	9.108070114	6.732118377	6.732118377	3.039510701	4.46258694	6.599771003	6.058065975	3.9746221845	2.665316303	10.90179568	9.766839495	4.979268359	10.06362869	4.986897005	3.473319174	3.4580561254999997	7.849547663	4.031672866	6.382160127	3.330376232	5.445245699666667	2.957936667	8.089154609	10.19873823	3.968151209	7.376776258	2.540128945	4.507056991	3.667735882	4.526030832	11.42113846	5.988767045333333	5.599926102	4.9549453275	6.264016717	3.119240929	4.165173305	3.85715194
GSM366201	3.423168938	3.423168938	3.423168938	3.698228579	2.168726823	5.185822295	3.125519384	2.684451288	4.343212145	8.93654557257143	2.661829851	6.241488923	4.271583845	2.607835621	3.880164741	3.456692478	4.369941674	4.344885973	6.873168428	3.952478959	7.814112802	13.556577886666668	13.556577886666668	4.959251009	4.561508826	6.349337641	4.990154727833333	6.853425018	4.369680472	4.369680472	5.337180883	8.480885514	7.6177797179999995	6.440026233	4.351029899	5.3647098	5.311281042	10.00415828	8.868726326	4.634308809	2.7445339100000004	9.95874729	3.386528702	5.303906186	7.02030855	2.439071779	7.663376332666668	4.002357528	7.471266426	2.121509	10.41260949	8.292867096	3.491491297	3.966345098	6.123623336333334	6.3704341375	5.422019238	2.178438716	5.291776699	9.160268985	2.436206149	4.126990946	5.129569312	5.707787416	10.821932153999999	2.546413298	5.84809178	6.696958089	3.701588995	4.516303808	2.69499238075	6.920030607	7.0991798	6.6580977274999995	6.847617415	3.570121629	4.995019184	6.300745418	7.282211723	3.457196082	9.59232781	4.7604647364999995	7.266151918	11.06334417	3.1185814284999998	6.551922095	4.092159358	7.367271111	5.30566775	7.0458161675	10.939611808333332	10.939611808333332	6.210301577	12.62072035	6.972068839	5.875351784	5.623162888	6.993432154	5.090869753	6.292299137	4.007949075	4.85968793	5.9063566745	10.00512293	7.514963267	3.9365405699999996	3.372623895	9.944254024	8.33229074	6.590176294	7.993202221	7.028172078	3.346909251	3.738410578	7.07303138	6.056589430333333	7.54858307	5.771753572	6.037117088	5.476462709	9.292373111	8.936475658	2.86489323	5.2944915004999995	5.533947067	3.926523096	2.121509	7.548915301	4.004039736	8.038654257	3.530741187	4.33620337	6.030305762	5.759431849666666	7.254026553499999	8.921179073	7.49266268	7.962282568	4.630205247999999	6.8456849035000005	5.403405427	6.141517867	3.549307932	7.978054076	5.244101336	4.19421358	5.264801583666666	5.2103530215	4.9505140196	6.552145808	7.758891884500001	7.758891884500001	4.201746319	6.062437579	3.993798705	6.7251488749999995	4.903547936	9.6666470775	3.287983141	4.219749192666667	8.034846046	6.318092797	6.745403803	6.496763790999999	3.573016006	4.770246625	7.970560405	2.59826689475	7.44889832	5.190344639999999	5.119360155	2.944208039333333	9.665617332	6.478272289	9.644872539	2.649141601	6.137740308	7.225244221	7.079741752	6.080278104	5.776980368	5.45192775	6.4207312415	8.920405571	8.993698255	4.544359149	8.757169048	8.857456739	5.218534112	7.49638789	2.734199259	3.4151422865	4.427655909	6.76080765	6.039859876	7.207384975	7.131984758	7.30966818	4.457772235	4.640681827	9.533609809	7.679003423666667	4.984718365	10.10324765	10.10324765	10.10324765	8.0105963975	8.920790207666668	5.366462466	4.2188024795	7.048069335	6.183087694	9.599066617	5.118246787	6.167639402	4.002770748	4.051441507	4.7451385255	6.8509068	7.834244212999999	7.834244212999999	3.534994746	5.131250106	7.325757387	6.366154534	5.048279037	3.990329248	7.447794899	2.964464344	8.560393108	6.123445724	7.737175008	5.127192615	5.990441269	6.99877225	7.120310922	7.433595044	3.829679388	4.917001481333333	4.04528578	6.800130317	2.413752184	8.530868979	6.340917102	3.855743986	4.184789382	5.456234474	2.555036396	6.087953516	2.859909222666667	5.786400316	7.5383282375	7.859469761	3.522603502	5.547196447	7.779483564
GSM366202	4.154278094	4.154278094	4.154278094	3.755486821	2.802193067	4.489253688	3.420929625	2.5071570415	4.34724079	9.323814131999999	2.420079573	5.239305544	8.206546255	2.477772174	4.4508315245	3.506344282	4.721266731	4.836414967	2.953899761	3.137807611	7.277717343	9.262664114333333	9.262664114333333	3.955226301	3.985096651	6.08168019	3.5461350004999996	7.051076996	6.37940403	6.37940403	5.663050819	11.0897952	6.454387576	7.473724492	4.676330486	9.740619598	7.392544839	10.15926253	8.735705069	6.277314368	2.8641195355	11.63652729	3.059755148	3.708424409	3.974271898	2.3417957525	8.734653059333333	8.491701398	11.17113032	2.795120119	7.653877612	4.078782913	8.578724562	6.457381971333334	3.5311902966666664	3.6752243955	4.537190085	2.030237132	6.4588954434999994	8.1246794	2.41252106	4.430645637	3.665678928	4.015429112	8.2148787495	2.521415425	8.438258913	4.966400617	7.969991668	4.992397354	2.7420331045	6.997605281	6.086315733	6.108871783	8.737957036	3.653749844	5.728900155	5.1490732955	4.15989155	4.312686568	8.673098526	5.490051037	6.812393558	11.29620548	3.264621026	5.20882496	8.634810497	8.37501756	5.528781266	7.452419856000001	8.6574173005	8.6574173005	6.70664243	11.75326794	6.733601205	5.776555646	8.511383406	9.209539978	3.149235042	8.427804507	7.681225795	7.206341458	3.1265127010000002	10.82758426	5.986052257	5.14898177	5.973784033	10.071347217	5.744135661	5.742021727	8.392806348	8.506770012	5.736133992	2.518140582	8.178672791	3.9372576736666667	6.784815462	6.753341022	6.276794484666667	7.449483696	9.321109771	9.648422986	2.343115347	5.1030601465	6.875905343	4.248791162	2.755141032	8.516359971	3.757549989	4.085253497	3.795738242	4.099577013	6.479350488	6.660078195333334	7.715417997249999	8.198909513	6.661285064	4.927733984	5.457482484	5.4890109875	5.22037154	7.477675266	3.22721313	5.848162276	6.799459292	3.6211822	4.799744988333334	5.0427461099999995	4.5041348948	5.446732725	9.3739975785	9.3739975785	4.229172636	9.354288678	3.2585494965	6.9435795366666655	3.217767635	9.620205922	6.663791803	6.5585165540000006	9.673929199	7.320584295	9.529795367	8.711057863499999	2.290840993	7.723312135	7.543068273	4.09532629625	7.739712615	7.766793440499999	6.229714865	2.9247882309999995	7.187736537	5.41314603	9.975565705	2.71079879	7.844099614	5.532974046	8.343218196	5.416443115	5.0521181345	6.467566416	5.3761091295	10.81040745	6.832460449	4.840027332	6.945963115	8.255636179	3.785192897	4.318992876	2.202538178	4.42161109	6.836556455	4.468776286	2.868417489	4.831783925	9.011480672	8.274351672	7.865245141	5.109888071	8.967757611	4.5569019263333335	4.015102954	7.044151113	7.044151113	7.044151113	4.8542035095	5.911803058333334	5.699726915	4.2462672595	5.273222458	4.72272943	6.943775629	6.72550568	7.343466389	6.071468247	4.040128412333334	4.2822025335	6.528247059	7.6514049953333325	7.6514049953333325	2.905764688	6.054614857	6.181375038	5.616215403	3.560838057	5.624819122	7.686825177	3.899307131	7.727138452	5.676011361	6.016992512	8.196060301	5.677722102000001	6.781886139999999	4.414942406	4.455736726	4.427546128	6.486659048666667	3.10062168	8.28343306	2.533177812	9.029336109	7.522890028	4.414572643	5.326014978	5.991217179	2.61707381	5.145761504	3.624941180333334	6.031520609	6.621890884	6.02838391	4.728981093	5.606835115	7.448559653
GSM366203	3.586087056	3.586087056	3.586087056	3.963525891	2.26231826	12.19771963	3.185794631	8.9582550295	4.906256717	3.215726956142857	3.494644613	7.874723846	2.953990399	2.684875401	3.7844244615000004	3.859831977	4.506973455	6.252795946	6.370653955	3.094066674	9.673967173	13.323060056666668	13.323060056666668	9.65213821	5.555666767	9.799082183	3.8726948963333334	9.437846685	9.512141287	9.512141287	5.179987822	8.196975482	8.246766284	9.528130219	7.341370965	4.926058121	3.242407118	9.233103456	8.189541804	5.510747755	3.223603132	10.2544417	3.277186064	7.49484068	7.354868963	5.0531169015	8.970907744333333	4.114993062	7.835365752	2.204343857	10.14157702	4.426143975	3.772722605	3.459326841333333	5.092417655999999	5.2697788985	5.992375957	2.272760774	9.475714286999999	9.662914217	2.50601342	4.274520137	6.047275465	3.852090478	10.9748536015	2.990346312	5.678705057	7.996247918	6.545557384	7.854100915	6.2197483689999995	9.109610031	5.713276181	5.703578167	6.683292563	3.475523316	7.377953813	6.8544228615	7.231072049	4.268092444	9.496357667	6.6426571254999995	9.108166394	10.65181195	3.1148900565	7.204150009	4.831576774	6.812186311	6.190556716	7.071408464499999	10.752946337166668	10.752946337166668	8.611006296	12.28647572	4.203710265	6.719939491	5.577368828	7.522850801	4.710665093	9.610589651	3.985385067	5.743250827	5.820827124	10.56255083	8.836460543	3.5375825429999996	6.66338157	10.078486617	8.603588983	5.0859766385	7.216894046	7.780942927	6.357487537	3.525460951	6.543478954	7.015108357666667	6.417237989	8.588621148	7.093675789	8.191520355	9.406403576	8.457036029	5.725664779	6.1981439465	7.908011429	4.966425332	2.453355334	9.58593463	4.8563612554999995	8.60738188	5.495779898	5.012700861	5.317115184	5.582191448333333	6.355895526249999	7.74952166	6.171365859	8.005490773	3.618353636	5.409071792	7.232310979	6.281068604	3.797724652	6.640133791	4.79389057	4.024150374	5.027998126333333	5.809208726	6.716885538200001	5.053892407	7.5984013365	7.5984013365	3.739582936	9.379379533	3.556527448	4.585868592	3.918031298	9.5202080455	4.916670183	5.275311866	8.071506197	6.747998127	8.61817769	8.429829561	4.82058729	3.999186964	8.023076745	3.15232124575	7.513873916	5.3405339545	5.10340083	3.1377722626666666	7.443628172	6.615192604	10.38780355	4.492826368	4.925490459	7.610631972	6.692862552	5.837797103	5.0305507265000005	5.755942385	6.7034160845	8.952858407	7.677257134	5.631826984	7.58031165	9.1459103	6.251507996	6.788814221	2.707996229	3.581390936	6.578723836	7.493037806	4.89171824	5.759980504	6.753718288	8.832392698	4.633111881	5.3156725730000005	9.110337488	5.364777989666667	4.522717641	8.605253969	8.605253969	8.605253969	6.850701076	8.636855036	7.880844871	4.052643456	5.34871687	8.769793581	9.299678317	4.796783639	5.140072603	5.840365489	4.139733615	6.882419157	7.226774313	7.162685637	7.162685637	4.179882393	5.569872572	6.333982275	6.021512299	5.4548889445	4.495293112	9.612087367	3.044467096	7.71944839	6.827327962	6.892475145	5.454775336	6.134509125999999	6.9936691355	7.483077624	7.116014532	4.516867885	4.3814524336666665	4.318568393	7.601134192	3.347880858	8.669899501	6.651713701	3.079008767	5.894266506	6.168087183	2.922439788	5.131248338	4.729696891333333	5.131006751	6.6768508415	7.291547719	4.052422811	4.759489491	7.206226266
GSM366204	4.256842304	4.256842304	4.256842304	4.382051592	2.644342879	4.424571563	3.083790287	2.4240345945	4.632376702	9.459729274714286	3.654276211	6.169785401	3.296576346	2.6019688370000003	4.299454431	3.037571406	4.1450414	5.839750595	5.402280734	4.517978911	6.165531596	11.225771366666669	11.225771366666669	6.918743123	4.699795278	6.036341328	3.8283491276666664	5.809817835	7.61907279	7.61907279	5.833130648	9.990617041	6.0140177415	5.167849591	3.76752624	4.935463499	3.908054429	7.225244221	7.039484274	4.474251139	3.0462535935	11.06959617	3.782725405	4.858336261	5.265310884	2.3771997975	7.759173242	7.794095662	7.954834718	2.229353063	9.534155189	5.897136128	4.955911276	3.5105136543333333	4.673027752666666	3.4890876155	4.535496569	1.958752557	5.573738316	8.042097893	3.064046591	4.177200045	2.507652405	4.744327261	9.589462116	7.402769073	6.824653803	3.622912037	3.152439693	7.040366435	2.85952394325	8.03831132	5.544878403	7.6399832965000005	8.696132946	3.546972509	5.022368008	4.474370496000001	7.603388203	4.560557271	10.39071024	6.7820568615	7.27577205	10.52167067	2.9355355100000002	5.388627048	5.36486951	6.440436924	4.208436538	8.199877359	9.997764492666667	9.997764492666667	7.609719948	11.94335106	8.119702184	5.185246498	5.158688134	8.442992736	3.443053583	7.965714909	3.122474311	6.489843673666667	7.610899773	7.071263611	6.881367712	3.152992096666667	3.438107354	10.7660791735	6.352944565	5.5706122035	8.243281313	8.873242215	3.940457969	2.892232173	5.740137938	7.012573164999999	4.86313298	9.996480016	5.819692984333333	6.267104517	8.445228986	9.817271526	3.25550241	4.639056787	8.17213909	3.877038708	2.293632149	6.434865149	3.5903729715	7.941668452	3.703356842	5.242867694	5.512436738	4.989943694666667	5.158153608	9.811698905	6.726220327	7.970984563	4.485751058	6.3429942255	5.752908668	7.762691824	3.109080427	7.941619417	8.397342757	4.68606481	4.468962217333334	4.624548772000001	2.981536659	6.472452169	9.7750789515	9.7750789515	3.037571406	8.959409532	3.5830082005	6.109575953666667	4.46256983	10.298667116	3.272420167	4.596170534333333	8.29394634	6.19197116	7.4919205805	9.3988425165	7.068344969	5.510559196	7.883896995	4.03019330275	6.465021038	3.6522549535	6.50865896	2.861043986	8.483221954	7.215547116	10.85999079	2.468667172	5.517469269	7.898558585	8.434160492	4.987463603	5.9637249225	6.135620033	5.619909944	8.564784154	8.52864307	4.823047313	8.426071904	9.304560878	4.726189675	7.75852626	2.38980932	3.445399448	6.642900792	8.312568229	6.935988725	7.530869568	7.771905083	5.678464634	5.032161996	4.736597337999999	10.41299305	6.1048937059999995	7.058884429	9.997243255	9.997243255	9.997243255	7.55938456	8.873316266666668	4.788371258	4.266308524	7.446922914	6.943047873	9.684087858	6.70500556	6.441552731	3.065860836	3.9519162530000003	3.9168597625	4.82802493	11.127969503333333	11.127969503333333	3.616366197	4.300308884	7.896763328	8.291511866	4.26703135	6.712250488	8.66917846	2.800881438	8.610835029	6.078331982	7.997690343	4.86313298	5.214274097500001	6.9742669295	7.910277708	8.127669673	7.200177078	4.044448584	3.476734906	5.704047816	2.770422434	7.885072008	5.498799847	6.282428517	4.341152518	4.780028118	2.4255660465	6.199133213	3.4804071729999997	4.193730491	7.039701422	8.037814987	2.935589556	5.33707969	8.294483475
GSM366205	3.466257803	3.466257803	3.466257803	4.175854117	2.330378283	5.270417731	3.533015013	2.5419686935000003	4.591633523	8.801636061857144	3.198238026	6.180861768	4.791281516	2.8775021165	3.945821606	3.50659539	4.439270124	5.359135027	3.842704184	2.92412494	8.061589697	13.104367136666667	13.104367136666667	5.749594415	3.996849051	8.326959127	4.257844933666667	8.398849988	8.17252057	8.17252057	5.190778066	9.09264014	7.479190821	6.775020329	4.448870763	5.953989211	3.207403477	8.80000251	6.501191204	6.20087175	2.8608577215	9.82829824	3.404518518	5.523217289	4.401588843	2.4175146455	8.128026561333334	7.791832744	6.310084091	2.337890017	9.622320309	5.533827921	3.565088161	4.060537473666667	5.685090235666667	3.8815643704999996	4.454534563	2.022255144	7.3373894195	7.240695239	2.395813373	4.269478518	4.653926467	2.885504371	10.048606835000001	6.004193308	5.88401561	6.249090211	6.853374645	7.679018156	2.9965724259999997	8.921273266	5.958792258	5.318847609500001	4.836739563	4.049716177	5.35499404	4.308286936	6.644460205	4.193273546	9.49860646	5.3092114895	6.698777666	9.657580865	3.060926815	7.149401345	6.88938352	6.047382574	5.078797529	6.9408838710000005	10.717924519833332	10.717924519833332	6.19980178	11.40770999	6.697730032	5.876030662	6.41931434	7.284453008	3.992544703	9.164190478	4.459976993	4.529840621333332	5.2251786045	5.983877683	8.55143367	3.6413687156666668	3.863515243	9.031651742000001	7.373946026	4.7816606405	6.067418614	8.178257434	6.285180145	2.895367554	4.651909889	6.951750078666667	4.035075253	8.075220169	6.059587001333334	6.435170885	8.49003047	8.626063765	3.004509544	5.2500530255	6.818610931	4.133987443	3.313131765	8.435281015	3.76155924	8.929248567	3.823660031	4.56169267	4.012448129	4.481401918666666	7.2079723934999995	7.612710255	6.285126254	8.082823621	3.0483956169999997	5.1460466765	6.473344423	5.400672034	3.413583128	6.279558235	5.273210121	4.411598745	4.353680569333333	5.095826619	4.701647710200001	4.429971195	7.8117900005	7.8117900005	3.31724828	8.757263815	3.4549863284999995	5.258415019666667	3.466846885	8.994107706	4.329414797	4.753547760333333	7.175934091	5.597467178	8.0523012125	8.5990099545	4.773806982	6.082456982	6.578799718	2.8097081227499996	6.669670745	5.761915243000001	6.503685648	2.8804318433333336	8.698156108	7.576478777	9.467889234	2.403470545	7.240695239	7.083475565	7.305023061	4.965122646	3.9436153775	4.733795304	5.9371452555	8.581302015	8.522357381	4.602592502	5.456543483	9.174965165	2.96815238	6.736518791	2.677921723	3.5150161520000003	7.333481094	4.479719307	5.618261253	6.09902326	6.765137284	7.779157195	4.254412625	4.786788675	9.245670175	5.2486268486666665	4.60503535	9.270311755	9.270311755	9.270311755	6.7987952929999995	8.339448296999999	6.298925145	3.9503827304999994	6.281930869	5.843625999	9.19231532	4.720786385	4.481130877	3.594052059	4.048996924333333	5.0467172985	5.969403391	8.078997043666666	8.078997043666666	2.632338082	4.228496322	5.971796678	7.733073511	4.8595304724999995	5.137611187	8.618373581	2.753293939	5.409799052	5.55454993	6.707603665	5.479692145	4.890806605	6.3935487105	6.895245609	6.322075058	5.468629914	3.987897446333333	2.91128952	5.506418724	3.148323383	7.686355493	5.737463942	4.035890769	5.420618047	4.99514559	2.7898806255	6.193603535	3.530663109666667	4.108370333	7.558260796	6.970810621	3.013661749	5.483071563	6.833514743
GSM366206	3.887730082	3.887730082	3.887730082	3.503472494	2.1840277	12.32541647	3.955549331	9.0654823775	4.499989519	3.115541239	2.84553751	8.443331014	2.968654624	2.5596016070000003	4.3271395025	3.611129497	4.192954401	5.912628414	7.468458743	3.086288298	9.877728098	12.441651819999999	12.441651819999999	6.064991137	8.293249274	9.311172523	5.433257421	9.897076742	9.1147205	9.1147205	4.372121265	10.97286092	8.327001104	9.553635724	7.708537186	4.432571267	3.656599707	8.144797515	6.675236175	5.09376834	3.5537903980000003	11.03259961	3.541308467	7.869788715	5.917695005	6.345160514	8.492587243666668	7.480676164	7.953570091	2.164587625	9.110722137	4.435733786	4.101653825	3.4805972616666665	7.7760877556666665	6.832474283	6.524804697	2.113158656	8.8283063505	10.54066032	2.532152235	4.326986425	6.949965007	4.545961613	12.541334710000001	2.862629658	7.791109147	8.128658478	6.005513453	9.2075781	6.369276112750001	10.33040368	5.140278369	6.9849877529999995	9.132241887	3.616676901	6.420030245	7.551280681	6.799890613	5.247853504	10.01784462	6.270935060499999	8.212729043	11.54035818	2.9769345769999997	9.919943741	5.537242649	6.826226696	6.62996328	8.609332802499999	10.132707949166667	10.132707949166667	6.203800406	11.64426542	6.733843206	7.305364634	5.618898973	6.40919301	4.560306251	9.479377916	3.41282224	5.973561475666667	6.2754897515	7.823541188	8.413243756	5.593447744333332	3.550065577	11.264698215	9.45811956	6.134692057500001	8.905018021	7.375081643	6.364675638	4.650465437	4.568594811	6.461341777	6.019798122	8.506871423	7.680551241333333	8.217983352	10.42759329	9.395487193	5.896535002	5.727763557499999	7.800505833	5.964934711	2.439924307	10.45398792	4.703851457	8.016383709	6.768766	4.810699218	6.025853746	5.273887564333333	4.963119894499999	8.571144718	6.99043397	8.163079808	3.5322787	4.782014374	8.674953902	8.170065266	3.51985321	6.795914034	4.333099958	4.391771852	6.597867818	5.961034115	7.790379535400001	5.097435538	7.3890150555	7.3890150555	6.161863549	8.893955137	5.0434082195	3.809832785333333	3.877925136	9.881056385499999	5.244206076	5.547742053333334	9.402926614	6.943301907	7.282574657	8.4554671045	4.412848345	4.942507299	7.054450214	3.24464809125	7.157699228	6.011758031	5.805091245	2.889827739	7.681478302	6.193345001	10.77550941	4.372121265	5.912021723	7.686263948	7.679706944	5.202025632	5.520070778	7.429607827	7.247547283499999	8.928406296	6.91080534	5.335092093	6.024150169	8.275400577	6.34122991	6.524348727	2.618741947	3.580827603	6.43241344	5.521088126	5.988484165	6.039334329	6.934370247	9.088217792	5.324335463	7.2205903455	9.116245564	6.722589947	4.736771564	9.103654383	9.103654383	9.103654383	6.687329807999999	8.334421894	7.738186099	5.5246096865	5.390921676	7.484862535	9.549668391	4.840928451	5.390829988	6.296230417	3.7662406790000005	5.7079016005	8.538133939	7.018094399333333	7.018094399333333	4.264358927	3.44891035	6.607646299	4.592848149	6.3343781585	4.729978596	8.759296689	2.720650931	7.736515525	7.406866883	6.525871546	5.690443361	6.7575276115000005	8.2191268085	7.322002814	6.31003308	3.789352205	3.8807605839999995	5.54064265	7.290333419	3.2954691	7.665575542	8.408866233	6.1995202	6.453123218	6.4212585	2.9896713894999998	5.715269066	6.168611718	6.029002352	6.262638495999999	7.306993725	5.098324921	5.478873368	6.358808037
GSM366207	3.470548722	3.470548722	3.470548722	3.777993458	2.890845008	12.18789607	3.85350359	9.1089198445	5.484940176	3.006079353714285	3.059400794	9.194123808	4.2131607	2.576858762	4.146075123	4.028450316	4.647062468	6.799778462	6.977099698	4.089131101	9.287698949	12.684157643333334	12.684157643333334	10.9117058	4.505519942	9.966040863	3.8686904069999994	9.579411847	9.587588614	9.587588614	4.449170471	11.18478303	7.846175369999999	9.564659591	8.086248093	4.486798055	2.710036036	9.151118058	7.223496995	4.556321384	3.115017207	10.4375197	3.434571247	7.428180911	4.610459604	5.299253262	8.786846524333333	4.080035429	6.402135538	2.209183779	9.316160053	3.587152417	3.414143873	2.9647577569999997	4.272677637	4.258410635000001	5.67393723	2.264682108	9.9644444935	9.925744194	2.533359225	4.361822878	4.547795725	2.753916295	11.990374645	6.617864986	5.561601687	8.816805569	5.7884417	9.368719742	6.22026238825	10.16735298	5.802376558	6.481412937	8.343368299	3.466828043	6.989860885	6.4009366095	6.592759108	3.84286722	9.962416482	6.5820978635	6.264099155	11.23554312	3.1279915315	8.450279136	4.975029286	5.316959662	8.163201701	8.347236619	9.3484589375	9.3484589375	8.013162227	12.85850372	6.156418531	7.273935706	4.735409289	6.756236611	3.988473284	10.95617921	4.311372073	6.238092227666667	4.963431225	8.521532188	10.36237637	3.6450347379999997	3.359387053	10.845556729	8.298809933	4.4250637909999995	7.789357042	7.312140977	6.369683335	3.116390824	4.243042449	6.727469628000001	6.174054585	9.896689019	7.056748168333333	8.906707326	8.934733279	10.32241759	7.576686243	5.987970318	9.029349811	6.82416887	2.270166227	10.01373659	4.527411797	7.392191664	5.746033058	5.676937435	5.30127407	5.310159792666666	4.72156580575	7.472685131	6.946950886	7.804491665	3.5312971205	4.689717384	7.924947015	7.422715306	3.618560585	4.456146383	5.352807447	2.556595259	4.9439970996666665	5.7761127745	6.1911343188000005	4.344702954	8.8067192415	8.8067192415	4.449170471	9.654707149	3.4431853634999996	3.6143862749999998	2.992693643	10.3653624415	5.121487562	5.214339270666667	9.336938525	5.156266879	9.18727247	9.815152043000001	4.60897315	4.110494182	4.892650226	3.8066515770000002	6.306332179	5.099412204	4.720284073	3.498295751	6.455507996	6.93169894	11.15613989	3.072850232	6.302599001	7.711693229	6.809313283	4.893317177	5.907790296	6.228708546	7.486664832	9.072180056	6.462130753	5.132993497	5.07851511	8.530766055	4.743436806	6.194694198	2.626885237	3.5502633085	6.175737007	6.90747298	6.54446286	5.033542943	6.743775067	9.012828461	4.420040167	8.299730570000001	8.746320224	5.511099848000001	5.424921371	8.321844998	8.321844998	8.321844998	5.9264378595	8.115604154	6.402098013	3.785888617	5.48409921	5.651096327	8.81563652	5.432500253	4.865315052	4.533344008	4.372053978	4.581191673999999	7.461421269	8.484906361666667	8.484906361666667	2.958459965	4.358516846	5.613107987	7.811598364	5.068148173	5.118454513	9.537379916	3.04393938	5.262772368	7.153426104	5.284810297	4.50525314	5.6090789395	8.066183394	7.363991946	5.404406193	5.11339086	3.9218294473333333	5.624122097	7.573966172	3.381223038	7.962837753	5.917171279	3.928688133	6.731350318	5.87992871	2.557741685	5.504346982	5.007501992333333	4.985094241	4.5446453655	7.265402147	2.882986176	5.16927998	5.64286223
GSM366208	3.772384762	3.772384762	3.772384762	3.981375541	2.302837968	12.28696575	3.349891551	8.467278466500002	5.313044033	3.267723280142857	3.44054143	8.092196553	3.059159029	2.953077608	4.1439858385	3.676047639	5.067731482	5.832554979	3.753183538	3.276389487	9.64527433	13.556267293333335	13.556267293333335	5.921682082	4.643131649	9.711860911	4.098301122333333	9.349759888	9.17240232	9.17240232	5.2694977	10.59166697	8.626014578	8.088425799	5.105261321	4.973727338	2.897169509	8.271767248	8.182767699	5.29945445	3.2232803514999997	10.29407439	3.197174222	6.340723168	5.081859674	4.798235548	9.353594589666669	4.605426777	7.399287707	2.430273318	10.26217963	5.531654711	4.936041004	3.119279293666667	4.8000090339999995	3.7741624125	5.618145463	2.604549661	7.4492785295	9.521740456	2.910296583	4.382384412	3.826091286	3.541520232	11.337529405	5.543246398	6.603764774	7.818625746	7.046491539	8.124940948	6.0289136295	8.731080957	5.038381078	6.016019056499999	6.693528901	4.608495068	5.985459819	4.809721806000001	6.532131066	4.129886603	8.728440536	6.2318573614999995	8.040390235	10.79835113	3.2808126475	8.180761644	5.012943785	5.983147119	5.734649868	7.2594100885	10.276593584166667	10.276593584166667	6.5638146	12.32326035	5.882324948	6.345070685	5.201852569	6.924659196	2.80607926	9.190554071	6.558398286	5.371423267666667	6.100810137	9.46759301	8.009224692	3.81185885	4.120931698	10.800088396	7.496092088	4.936975942	7.326874685	6.211165323	6.358511911	3.791892289	5.388416261	6.604343588666667	7.189534691	8.296030734	7.460309330666667	7.17309843	9.238136132	8.289266216	2.92431252	5.388649173	7.36261765	4.998783401	2.411249328	9.578720826	4.483678451	7.314946155	5.617620077	5.502887994	4.731985616	4.510314713333334	5.53006906125	6.972714212	7.314823724	7.855630531	3.3759072755000004	5.2645189420000005	7.362918085	6.484998898	3.776160865	4.70131857	4.456244779	3.95968868	4.003546194666666	5.4563125325	5.8327509584	4.73051502	7.0046551355	7.0046551355	5.609372169	9.228975525	3.5887017685	3.615014964666667	3.997593094	8.531205952	3.928425456	4.970311508666666	9.221018597	5.517328555	7.407650459500001	8.145381208	4.593892179	4.383280838	7.140515975	3.008222322	7.212440675	5.9076032255	3.126520768	3.182932825	7.790044785	5.951649264	10.33323564	5.51208519	5.54909371	7.101142552	5.116391547	5.043887448	3.6635280029999997	6.93728689	6.7981674355	9.763467567	6.471774773	4.821104115	6.225640272	7.792383642	5.1444766	7.007241896	2.511100271	3.4081821989999996	6.841114973	6.447271376	6.311204059	5.299450164	4.975091841	8.64082092	4.260788795	5.365550520499999	8.97336857	4.893593814333333	3.863476524	8.381018619	8.381018619	8.381018619	6.425283006000001	7.9867651666666655	8.087558202	3.19896651225	5.099988635	6.756870947	9.692719642	3.652379992	4.714306992	5.056219615	3.9969903499999995	7.9265176595	7.237861025	6.416482439	6.416482439	4.048099499	4.490251147	4.880630432	7.253974047	4.4840159605	4.15093911	8.928149102	3.338588086	6.667194977	6.239306459	5.566089741	6.053927813	6.210113527	7.3800779195	7.274705302	5.1431526	4.669696247	3.3588696143333334	5.0195471	6.246467729	3.720185603	8.694192322	6.594151161	5.249424486	6.933705003	5.709128562	2.5879641170000003	5.67238783	4.756586801666667	5.729052826	8.3384322455	6.797540483	3.333018953	5.267680687	5.510313743
GSM366209	3.470050456	3.470050456	3.470050456	4.042824147	2.247346087	12.13809457	3.158184514	8.6125430975	4.662434441	3.1469334692857145	2.970816561	9.168156547	4.068688129	2.9211940075	4.049089387	3.452968538	4.853463312	6.713933398	7.947197406	3.684219137	10.44375895	12.695008486666666	12.695008486666666	9.983691838	9.478254411	10.36519648	8.0085594155	10.69686484	11.23287081	11.23287081	5.270050934	9.707074067	9.6547180485	10.13269313	7.86895297	4.934106266	6.32923803	10.79496274	5.549059784	3.793415816	3.11456079	11.05384798	2.741176058	8.32573622	7.143966247	6.165766288	9.048180324333332	4.76581503	9.094302854	2.049516542	9.723514958	2.191480366	4.950263971	3.202247719666667	9.058485315333334	5.9176206785000005	6.246371796	2.60207288	10.174472209000001	11.10695614	2.562787231	4.572764901	8.312538408	4.542452058	12.583885535	3.221386073	7.541313969	8.671244079	6.852807968	9.254592299	6.12647730925	10.48058344	5.214874967	7.047230964500001	8.581859921	3.257361809	7.221221189	7.98666623	7.586582597	5.251139915	8.958150472	6.6897048485	6.827710458	10.81647443	3.4040114069999996	10.01973229	4.366911567	6.293437379	7.947256084	8.1946149555	9.991326727833334	9.991326727833334	7.712567361	12.21591124	7.912893463	8.238067483	6.807348786	7.086435503	3.85909242	10.61070799	2.92521119	6.8462594963333325	4.8523930205	7.974753936	9.394282257	5.5157238516666665	6.038133931	11.40944552	9.513572017	5.1292210485	7.68491552	5.933954164	6.883907361	7.121471246	4.019992403	5.488281812666666	7.963461776	8.515726326	7.631576208333333	9.506067158	10.17196435	8.950196859	6.602507149	5.4587248375	9.642424048	4.98981064	2.563771931	10.88465043	4.7356574565	6.882132213	6.479915291	4.925734595	5.989566955	4.559870765	7.828624196749999	6.898292796	7.551287259	7.490768012	3.3860712525	4.407227191	9.519444266	8.029665288	3.471190949	4.069679806	5.851030571	4.814406366	7.652338345	6.18206819	7.660201528600001	3.941299589	8.581724021	8.581724021	6.010381901	9.999757282	7.1648569155	4.0266378996666665	2.848762211	9.8151232805	4.727727515	6.987861292999999	9.271020609	7.293558041	8.6212898025	9.4633281555	6.409793548	4.285549912	7.480882875	3.1242102797499998	6.863776719	6.737214072	5.164654187	2.8521301240000003	7.44618507	6.837044798	10.28491398	3.308655182	6.084414364	7.864620832	7.411500335	5.813256575	6.4565115955	7.351002173	7.940129027999999	9.252638105	7.067062378	5.659353546	3.647851169	8.311060012	7.087892959	6.290184612	2.486115883	3.9603712525	6.565713447	5.486699239	3.425183448	3.65050117	6.827003648	10.01456689	5.899835933	7.3987690055	8.483308758	5.113095440333334	5.608776256	8.051335307	8.051335307	8.051335307	6.3206315355000005	7.6379572546666665	8.357618623	3.66201078425	4.982857941	6.696201494	9.007602041	4.82550126	5.749889028	6.087852913	4.325485646	7.097210347	8.55030575	6.817136976666667	6.817136976666667	5.494141227	4.045298728	5.846741239	6.57702245	7.010759629500001	2.748824879	10.09462252	2.960591194	7.257960185	7.286261174	5.400603587	4.831407256	7.9912731185000005	7.955355215000001	6.199822627	4.349415825	4.218634327	3.9373615909999997	7.559008773	7.471307283	2.827415964	6.308298375	6.649421977	6.792680431	7.691566107	7.281266952	3.3626989834999996	5.560135293	5.773984791	6.154145084	6.8190235495	5.947228553	3.16941869	4.99394305	6.328923711
GSM366210	3.338922723	3.338922723	3.338922723	3.590284183	2.288001884	12.33729098	3.418549021	8.9984451965	4.829946553	3.0740344214285713	3.07311735	8.089630882	3.529977965	2.624768123	3.899534901	3.486781773	4.341975335	4.51550901	6.979850721	2.996788561	9.966075716	13.162947430000001	13.162947430000001	9.25659234	6.682409674	9.860131469	6.665193561166667	10.31038748	8.596444743	8.596444743	5.199642983	9.798398693	8.292760377	10.78221645	8.816712928	5.45325406	5.893592674	6.635193367	6.23707102	3.690148654	3.57721938	11.39135934	3.246287914	8.064059154	5.21311004	5.603370876	8.937813433666667	5.030248424	8.097540181	2.459978358	9.884037401	5.577103357	3.571594796	3.305228523666667	7.682832387	7.0796022185	5.293198757	2.182652273	10.73039954	10.76949507	2.466121018	4.101262952	7.090259341	3.80749902	12.347780705	6.323131996	5.753184979	8.399658335	4.576557568	9.043404313	6.2613431985000005	10.7770896	6.311204059	7.2424944635	7.729004427	4.092772549	7.9603834	7.6516698285	7.213468513	3.305655182	10.06219554	6.3729825215	5.580251457	11.69770326	3.3481898230000002	8.64892286	3.97969394	5.431223467	8.160394453	8.993753902	10.705260709333333	10.705260709333333	7.721630132	11.77418343	7.193455222	7.774708151	6.245996733	5.953205237	4.768920645	9.916196182	5.282588166	5.472311929666667	6.6250710735	7.031169403	9.710502126	3.6463445956666667	3.425082788	11.030297229999999	8.999461409	5.3918071735	8.462713166	5.462028006	6.083192891	6.154114436	4.269292063	6.9330202430000005	7.490520065	8.10487166	7.702586983000001	8.528610236	9.411123616	10.45147465	6.667602499	5.6410993314999995	7.8654267	5.883354109	2.720711999	11.24840728	4.486708012999999	8.398456336	6.227055044	4.212514921	5.258892628	5.0764700613333344	5.056019296250001	7.814734149	7.079450278	8.581401511	3.739209369	5.4990274505	9.077011308	7.707866271	3.686930971	6.603762846	5.182691686	3.732395428	5.443118752	6.491687182	7.5647441664	3.285362162	8.3223950395	8.3223950395	5.13391743	9.280904471	6.337616842	4.855584750999999	4.302659501	10.381021171499999	4.913577639	5.780552902666667	9.181780664	6.785444464	8.341149893999999	8.6256322045	5.09810136	3.462784512	6.172374921	4.3317892252500005	7.545598044	5.46256719	6.024173562	2.887084267666667	8.060084434	6.412722942	10.16224024	2.993404452	6.10937125	7.322297832	7.720691287	5.806433281	3.8541084155	7.191403701	7.4491016430000005	8.706972064	7.693745999	5.463797237	5.845619679	8.03663685	7.027803101	7.012784115	2.583057603	3.5938279125	5.263166029	3.871247818	3.182775018	5.681967333	6.773536625	9.873987499	5.040052576	7.551411392	9.611584874	6.371833225666666	6.049935716	9.126678181	9.126678181	9.126678181	6.9001278845	9.004032817333334	8.329149533	3.1805246830000002	3.793496474	7.537672158	9.066959012	4.956801886	6.124006493	6.622591465	3.968603324	4.728672662999999	8.453114824	6.939306841	6.939306841	3.706753974	4.045397511	6.118718826	6.396883455	6.0438144855	3.425919402	9.64418864	2.832390247	8.000882041	7.021466053	6.39377222	4.651975233	6.889867946000001	7.9809017815	8.185163657	6.909926604	4.419721462	3.6546842463333333	5.99677756	7.753715696	3.320730861	6.811051756	7.617653226	4.552147116	7.341254003	6.429444031	3.3321323355	5.2065186	5.669137277666667	5.909341783	6.960142086	7.084299186	3.380249958	4.891027281	6.849640699
GSM366211	4.209303087	4.209303087	4.209303087	3.908986374	2.284343209	12.28018099	3.553696955	2.5833581925	4.667306229	3.288780173	2.491554503	8.506068446	3.034468239	2.4347085484999997	4.185381307	3.842455641	4.335386446	7.204472608	8.242660583	3.195787725	10.59616312	11.033862226666665	11.033862226666665	8.441682445	4.77876038	9.81055636	3.3336404268333326	9.845683908	9.190310017	9.190310017	4.681455415	8.981703175	9.16387063	9.078853925	8.183384189	5.988999181	4.745730523	8.042866832	9.577051358	5.154993345	3.1854307244999998	11.46226551	3.315135882	8.488656533	4.221860545	6.4360709535	8.432344438666666	4.746947029	5.67576175	2.327093766	9.522309243	5.656132676	3.62167242	3.854229213	4.606940347999999	7.5025754905	7.140679919	2.166536556	9.83515555	10.46145875	2.193038619	4.289350757	3.61802675	4.706442466	12.097682475	2.915130364	6.365729824	8.303074854	3.469261954	8.366556173	6.42084464325	10.76619712	5.295960568	6.2088565595	6.973464631	3.638061565	7.401654136	8.175896489	7.181291771	3.842030082	9.447830828	6.0493624275	6.696886259	10.16549052	3.3109145565	8.707915917	5.263849709	7.325208807	7.241070382	9.4549370075	10.343718335666667	10.343718335666667	8.724745895	11.16500082	7.885411543	7.308123627	6.141614399	7.1078362	2.893972502	9.602275518	4.048474409	6.367446705333333	6.3361192775	10.47692224	9.764461203	4.132131526333333	3.557375471	10.236193156	8.849128753	5.7432068055	7.238177006	6.972749235	5.914330591	2.647250022	6.799353705	6.2423856859999995	6.564200125	8.903893974	7.029296391333332	9.114725491	9.150478728	10.33525736	4.807011316	5.9672482165	8.911068256	6.179964826	2.452178874	10.60197802	4.9831568615	6.764615547	5.832642245	4.953408932	4.975446007	5.095786522	5.932710731999999	9.30110169	6.250587039	7.970189657	4.240334674	5.9798159855	8.099679825	6.982561824	3.480486841	7.104056266	6.676169337	4.289772005	4.992684083333333	5.9157360255	7.6754777676	5.514936422	9.637297368	9.637297368	3.699973857	8.637375008	3.4486539464999995	5.546394016000001	4.317025361	10.937938469	4.826655704	4.315815005	7.426732183	6.039070192	8.2209117965	9.701168542	4.000075144	3.365231693	7.902146848	2.7172400625	7.754263487	4.8521427715000005	4.416947649	2.9818752859999997	8.273062875	3.890439296	8.866718284	2.592762043	5.731131964	7.561384947	7.978344143	5.4535545	6.2242450235	5.695888817	6.8838623205000005	8.438590622	7.798496524	5.528920491	7.379283873	8.448328842	6.466711033	5.540849539	2.194712485	3.4047731885	6.240813606	5.937273767	4.986631638	6.485445023	7.212440451	9.017631007	3.995414076	6.944216023	9.342881536	6.355554841333333	5.134365284	9.648389409	9.648389409	9.648389409	6.887471245	8.416341632333333	7.463272939	3.8341713567499998	5.991345998	3.34902757	9.612120074	5.437664348	4.833972581	5.04559187	4.275387127666666	4.7511853385	8.117018211	8.202060781666667	8.202060781666667	4.610833943	5.493849006	6.609292401	7.570241463	6.5038021619999995	3.063785025	9.241483989	2.661259856	7.37870535	6.039882363	7.063525513	4.015742382	7.088114631	7.3203794465000005	6.464376766	6.495351856	6.901133958	4.921632786	5.299052831	7.904721728	2.53121188	8.612915734	5.835947213	5.482407712	6.031640946	6.94652626	2.9548835445000003	5.216515197	5.3001461	6.928289184	6.4905498784999995	7.612302948	3.049850026	6.061027626	7.597149854
GSM366212	3.947076077	3.947076077	3.947076077	4.272710591	2.321205932	12.22326801	4.047015811	9.437755087500001	4.899113931	3.2634359564285718	3.056677702	3.959340067	2.863110656	2.4045296685	4.0260575375	3.164452058	4.331437619	5.31070171	5.342411972	3.497811469	6.610180256	10.87679556	10.87679556	4.008505641	4.096713993	5.32477297	3.7239418218333333	7.026013739	6.890604902	6.890604902	4.379864232	10.73983088	5.8482469945	7.330313452	4.840502923	6.742828729	10.4761332	7.452229707	3.553668805	5.313856616	2.988327483	11.07380019	3.452452197	4.979438795	4.725356441	7.082492801000001	7.8139207483333335	4.116018175	9.587966933	4.746470089	8.725821819	6.106091661	8.734914601	3.7683026096666663	3.923900961333333	5.243371772	3.883926779	2.318579277	7.003653913000001	7.912496406	2.493928455	4.460141013	4.972332206	3.256018697	10.6683038245	3.140258079	5.652574417	4.666000607	7.10831257	6.717032922	6.0669223345	8.47484413	11.63463708	4.8995589885	8.584357161	3.838207039	6.388808771	5.5845880564999995	8.367046737	3.927397168	10.53166947	5.4147928384999995	6.045017058	10.68178748	3.1381346905000003	6.26978781	7.943758137	6.968230733	5.683658066	7.812865583500001	9.360693462833334	9.360693462833334	5.971125352	11.2875872	6.407053195	5.176240597	11.61601313	5.960257643	2.975323739	7.666811595	3.525254796	6.044522867999999	6.471923686	7.269422574	7.351908821	3.713192087	7.699438941	10.8289754795	8.276609103	6.1649143209999995	8.415690144	8.267112646	4.73603171	3.47628947	7.105073154	6.3184894646666665	5.762260156	8.174307374	6.645447360333333	6.288795157	8.282120194	9.914405383	4.738683842	4.6991441495	7.355423514	4.628029032	2.439844614	8.600176035	3.7572463105000002	6.068812439	6.810525173	4.509478493	5.953123629	6.562515733000001	5.6979286385000005	9.072969855	6.726207891	6.841090735	6.192762352000001	5.9447047585	6.964457756	7.163676669	3.371944624	7.504096039	4.803882917	4.214943518	4.215921047999999	5.0298336355	3.9526300526	3.23537984	7.627709061499999	7.627709061499999	5.595581878	8.775153486	3.41319035	5.491493669666666	4.280837952	8.1689485425	4.294914744	4.595317839333333	8.1915579	6.592421434	8.03350283	8.8189158025	4.812720347	6.915933479	8.841370694	2.62157248775	6.085876295	5.101996072	7.899604102	2.8558189833333336	9.227790928	7.065634618	9.724104862	4.318080265	7.387236334	7.668744962	7.267163742	5.374727699	4.4401077205	6.999095245	5.881454347	8.662365796	7.364240083	4.607057905	7.416595196	9.299110342	5.06343901	6.862165076	2.657940582	3.528833447	8.334455907	6.829475545	6.859127986	6.228124613	7.050364751	7.116461832	4.864429304	4.6901693895	9.611616357	5.072578790333334	4.183023167	9.800765529	9.800765529	9.800765529	6.624161344	8.226260186	7.547784329	3.0700288259999997	6.445198327	6.189782379	9.717840664	5.792558281	7.19666427	5.549737936	4.2748292013333336	6.5625666585	6.917632732	8.424118484	8.424118484	3.05390153	5.291158887	6.727120432	6.193624644	4.9728251535000005	6.227251474	9.069507479	3.010383661	6.630848745	5.779705622	7.149348115	7.032494647	5.9345463985	7.2724011055	8.437484239	6.167107519	4.299952589	4.985932486333334	3.686040855	6.343263761	2.778456686	6.526084928	7.545804736	6.295446353	5.76045797	5.674619717	2.4869032755	8.28276978	6.116421036999999	5.011710981	7.8320201255	7.051035864	3.823633399	5.029514301	7.263747309
GSM366213	3.887730082	3.887730082	3.887730082	4.385471384	2.324627602	4.906400535	3.218984468	2.286507328	4.374157907	9.392319015	3.019559849	7.073139826	2.450142563	2.4452559669999996	3.7738058105	3.512854803	4.210084541	5.600488681	3.302976599	3.015053528	7.505108721	12.397300826666665	12.397300826666665	7.236024726	9.666537609	8.841530669	3.4734104573333333	7.706906031	6.955727774	6.955727774	4.943824732	10.73547698	6.609190936	8.507644609	5.62085112	4.722127845	3.175521176	5.772071729	7.139281262	6.143580496	3.245755629	11.48801718	3.198391172	5.625362139	5.496138407	2.501824635	9.068022831333332	4.056118679	6.357836486	2.362811261	8.078690081	6.05099287	6.711432844	3.524661777	3.208459602	5.323788486	5.379951133	2.425067766	7.341716025	8.576351274	2.388911479	3.844113481	4.637398555	4.602592502	10.889849288499999	6.783187344	6.76006202	6.289313349	3.975860747	7.171564019	3.0444696352499996	8.629117501	5.001247366	6.8159849815	7.849460022	4.457047765	6.128587717	6.1577111665	6.580540977	4.532521153	9.591000291	6.907578971	8.192630947	10.44936115	2.941632986	6.793487827	6.264602758	6.169087061	5.767517394	7.979309448	8.781569083333332	8.781569083333332	7.321680193	12.63463468	6.2171812	5.695235043	5.601523058	8.753357702	3.040333926	8.805621837	3.467382241	6.679438446333333	4.5258961685	8.457353065	7.177865739	4.035790627333333	3.069233409	10.728090996999999	7.897847414	4.413026902	7.13444137	9.061631742	5.881005187	2.537489168	6.283468295	7.592376234666666	6.078668613	8.862606136	6.8481874540000005	6.645762705	8.700131775	10.25787134	5.093400711	4.9203224035	6.274590536	5.440702249	2.537489168	8.21139817	3.9790493045	6.940446235	3.65932616	4.439947531	6.354810187	6.286684287333333	4.403196857999999	9.298890269	6.090843971	7.023974088	4.3671197695	5.828385422	7.113437295	7.716125904	3.689260679	5.613338303	3.747320446	4.748533266	5.869096235666667	4.827370950500001	5.1064819194	4.965184527	6.799094461999999	6.799094461999999	4.845340723	8.484447888	3.4805694165	4.710993841	3.461783943	9.408097428000001	5.296119563	5.100616519	8.175014058	6.10874355	7.9132600415	8.404147789	3.143909992	5.931605063	7.749792558	2.55070716675	6.522534233	4.3997153915	8.032234744	2.661702539	7.494147867	2.959129208	10.50139195	2.663789233	6.622716246	8.423412507	6.918759751	4.962703971	7.105279389500001	6.306927283	5.7354337189999995	8.259565085	6.656683799	4.674889899	6.680715981	8.515712372	6.538916957	7.817941495	2.128434482	3.5169933589999998	6.267114608	7.510779938	7.386488478	6.474155532	7.248553847	7.263523825	6.128558772	6.534847296000001	9.713607869	5.328461327333334	7.053430434	8.631254614	8.631254614	8.631254614	6.380908035999999	7.493486340666666	6.456722288	5.893484096499999	6.947615534	6.580401584	8.861847127	6.963119559	5.05586182	4.849765627	4.170655754999999	3.8644762155	6.513894162	7.181270191666666	7.181270191666666	3.516839624	5.122518959	7.746293463	5.281722782	5.173029140500001	7.049833401	9.358189799	2.462136175	6.562937809	6.468833654	7.297577273	4.199767412	4.686631693500001	7.3717204335	6.819517427	6.482370872	3.992611672	4.5280273756666665	5.03924066	5.893436357	4.329169285	7.773420346	7.624655781	5.379048086	5.684880204	4.670727349	2.654363128	6.113706142	3.5359825696666665	5.326527362	5.408934066	6.822526453	3.298656484	4.967276791	6.510320943
GSM366214	3.962626666	3.962626666	3.962626666	3.901924211	2.350086732	12.21168148	3.073902437	9.667756252	4.697186921	3.245717857285714	4.212035633	6.53324528	5.936557941	2.573053067	4.3269856905	3.236817122	3.858677629	5.232477102	6.891822737	3.108439794	8.301195938	13.93675319	13.93675319	8.366980929	10.12090904	8.87742154	3.668032566166666	7.626408942	8.855620483	8.855620483	5.94475633	11.29417972	7.491444598	9.451705567	6.948494204	5.735907474	3.258155321	4.803954657	7.176956753	5.284372048	3.1665668945	11.07713761	3.301806591	6.606760684	4.234567923	6.364276293	9.592581675666667	4.148845971	6.980357597	3.682640533	10.35805883	7.858810603	8.007429717	3.4982588376666666	3.976294863333333	4.4145617665	5.405004924	2.228503163	8.4082953705	9.356654985	2.776202084	3.81898073	4.526434443	3.137562866	11.805888845	7.522810387	7.015879966	6.749620442	6.058966275	8.554517737	6.14318146075	8.873051832	7.325297262	6.3064697435	7.424352773	5.306021333	5.478146995	6.010985401	8.321501224	4.627531611	11.10724692	7.3220700225	9.911643633	10.87367133	3.0802633755	6.602308717	6.135457229	6.503536199	6.484583396	8.1336203205	11.439032565	11.439032565	7.368384092	11.40495657	6.750194259	5.915003186	5.841121094	7.777645706	3.307983498	9.679999872	3.219635611	6.823397646666667	7.867850481	8.404079631	7.674709635	4.475521816333334	7.019218714	10.168960036000001	7.330118858	4.833271483000001	8.037186554	7.143623868	6.741430445	3.103954207	6.653991831	7.269504610333333	7.999316897	8.3633606	7.146692578666666	7.919410864	9.293095939	9.494311038	5.091956986	5.586525451	8.430177507	5.307775722	2.261765528	8.941295255	4.3747818469999995	8.569646713	6.65232857	5.205263027	5.876030662	4.911289444	4.06924138225	8.46409943	7.115781852	8.335452221	3.9228938515	5.508011526	6.945628557	6.703163984	3.17946072	6.484551431	4.713127934	2.703219729	3.798622257666667	4.8041831685	4.8691424618	5.194029658	7.2935900545	7.2935900545	6.827682629	9.505739559	3.153053733	6.397351172666667	4.383551316	9.903672411999999	4.7333434	5.128209752333333	8.889370237	6.629022262	7.9004539860000005	8.297217964	7.562337657	4.868515063	7.19965735	2.6687856235	7.99256196	4.696739679	4.726900685	2.7726722223333327	8.80108987	7.935521655	9.532396991	2.744929808	4.226383195	8.486856289	7.86898681	5.257984002	4.861072921	4.855263723	5.9842705285	8.952978828	7.669072991	4.847063175	7.290382733	9.15478567	5.833687262	7.656523955	2.193596922	3.9676411070000004	6.400949233	8.322669085	7.11162989	6.237034277	6.813799048	7.825778092	6.101182284	6.0021125845	10.14669066	5.000166247	7.48344842	9.825998841	9.825998841	9.825998841	7.639977089	9.389456697666667	6.529586826	3.50082672175	6.40377794	8.165572157	10.42117959	6.64210714	5.227891009	4.625679438	3.723359590333333	4.760457413999999	6.994729754	7.291923047999998	7.291923047999998	4.306695965	5.921097519	6.795094451	5.278242922	5.881603816	3.237745767	9.340816753	2.834874622	7.678873764	7.041567832	7.973400386	5.359285184	6.2153416635	7.037995787	8.766640199	7.601232433	4.027628509	3.9242206733333336	5.946329914	7.528599394	4.661727133	7.546710849	7.402599648	5.158778537	6.168825184	4.833757323	2.8855889725	6.634698831	7.039255652666665	6.056569983	7.113605008	8.012492922	4.044340078	5.177947637	7.522338207
GSM366215	13.29210733	13.29210733	13.29210733	10.48808855	8.518644791	5.553936795	10.16388284	3.1426866029999996	8.669320407	9.480305981857143	7.302880169	10.0970862	6.596380536	5.3968433505	8.195088092	6.252739189	9.141074516	8.639744221	7.640200798	5.735761811	9.710268518	9.152705634	9.152705634	4.977173925	4.504771041	6.620974894	6.872407527	5.752549063	5.513751265	5.513751265	7.889777733	10.66309941	10.209358843499999	5.16861885	5.276269519	9.927365046	3.815699121	7.195443967	10.57113491	7.942993369	4.8115631775	8.675328356	5.896809409	6.17390092	4.379511332	2.7864959575	4.341672072000001	6.938115761	9.128190531	5.87888422	8.182478809	6.201572283	3.707704572	6.547394540333333	3.600401931	5.220039987	6.362690844	4.004766673	5.3837474325	8.424052411	3.394274834	6.189566889	3.091360488	7.77125357	10.332538874499999	3.436399324	8.882229717	4.593285819	7.979604808	4.624428668	3.1464982195	5.027389584	4.973225187	8.469134845	9.412715614	5.193040072	6.061999335	3.914346599	5.618436534	5.720292759	8.864904963	3.6555744675	5.707285355	11.95565301	4.311542671	4.572933402	9.564558992	7.500719657	4.919484842	5.4189056104999995	9.555365978166668	9.555365978166668	7.247441366	13.12330023	7.989858662	6.917828224	6.431950287	8.938580576	6.088241325	7.052562597	4.033464205	3.5411792116666665	3.747442829	8.604341592	9.769263071	5.19142093	3.521702069	8.806927244499999	5.86627844	6.997659304	9.862957435	7.732071014	4.159164042	4.306312735	9.36914258	4.143573513	9.203727567	5.326293983	7.77395555	8.121985639	9.196898108	5.770140005	2.936519431	5.4778726550000005	5.228669768	4.687555991	5.90928226	6.100154238	5.382977864	5.52853787	4.853517178	5.328021926	8.556689816	7.6400086153333335	6.43537040875	8.200215021	9.389134763	5.337416293	5.0294787095	8.314225034	4.883095948	9.351111159	4.738971194	6.775755839	7.767502851	6.868627653	5.474074588666666	5.7352013545	3.9620884716	7.231831283	12.18221716	12.18221716	6.348141379	8.197741212	4.55850198	7.902163156666667	6.934089707	7.1058701504999995	3.413330705	4.578433526	8.167872701	7.932797397	6.2927201915	5.9856929405	4.0067181	8.057630742	8.922496511	4.06567090725	7.193811083	6.425176903500001	6.658432384	4.766239179666667	10.25385767	7.517251135	10.51031062	3.105114164	7.463233304	6.614364669	9.138142187	7.230581176	7.000755742000001	6.977959234	5.4981075985	11.18423691	8.438140279	6.131138751	10.06748599	8.784983952	5.6332717	6.217392605	2.994236836	4.596538936	5.202806015	5.933438594	5.19983821	5.822095408	9.693141309	8.024672991	6.636041478	3.8253229429999998	10.05043273	8.402235974666667	6.217498325	9.363670554	9.363670554	9.363670554	6.290876583999999	6.654468261000001	8.087918543	4.23866010775	7.895148839	3.60029067	7.722972491	7.064324797	7.556146073	3.962559988	6.027201914666667	5.114731023	4.90839376	10.049910426666665	10.049910426666665	3.053042978	5.218442759	8.505402896	7.39121858	4.7027873635	3.776615028	6.232598476	3.340055146	8.783725916	9.269786188	7.728317412	7.25577397	6.3747289275	7.0303099665	5.965764025	6.265760693	5.539618112	7.422677465666666	3.027875198	7.609586956	3.257953893	8.832277129	7.442875092	5.770140005	4.891674821	5.29044177	3.5812395475	5.516675356	3.147929009333333	7.355917541	6.8793322525	5.685245664	4.244809786	5.74051658	8.87877364
GSM366216	10.81971015	10.81971015	10.81971015	10.1158168	7.826942555	12.81448001	8.840730692	8.3180529715	9.779365033	3.4817831501428573	7.092349399	10.25512024	8.973321726	5.9840767139999995	6.1945579675	5.114522626	7.817268171	8.443397413	8.10549977	6.339605794	9.975632792	10.118152907666667	10.118152907666667	4.428831831	4.059259597	6.100131255	6.149583761	7.364926326	5.608369241	5.608369241	7.684497132	5.178199381	9.665914428	5.417343579	5.268933065	8.975010142	7.586666498	7.421313655	7.823223172	6.528604129	4.878920837	5.526298127	6.396235528	6.962161145	6.165598795	5.282139302	4.375040394	8.196379879	9.453326037	5.274390349	6.875857423	2.551634677	4.427487352	7.312631969666666	4.713400656666667	5.802649689	6.267504998	4.654446425	5.194531439	10.96272146	3.085835715	6.830113321	5.596627127	7.484016807	8.20227665	3.452895734	8.731579768	4.284004116	8.233794614	4.636657663	5.6574373082500005	4.735062049	5.206516427	7.0064646085	7.85034332	4.41051703	5.248979349	4.936714964	4.201906499	5.466420492	5.457717967	4.135228587	5.421651427	12.29937707	5.1356027399999995	4.719206426	7.17701894	9.248486827	4.704791281	4.552221636500001	10.419252011833333	10.419252011833333	4.975467755	13.29617462	7.493160207	7.856956576	8.887890627	8.851386623	7.03849736	6.690241283	3.785503554	4.121360676666666	3.2922113590000004	8.415365318	9.01145112	6.464664749333333	3.812123766	11.240329500000001	8.677670639	8.1943463885	10.17300444	7.547600336	4.216290694	5.249558756	7.274316737	3.4709865030000002	9.846125505	6.183499903	8.934214864333333	6.864173058	10.74789883	6.363181932	2.883293729	6.54785107	5.866504353	4.936935094	4.902703579	7.586055973	5.1116572075	4.582807004	5.768113221	6.969430975	8.349916635	7.322960968	4.52833673675	5.523866142	9.656923947	4.638722584	6.5843415105	9.288793055500001	5.218835967	7.383173324	4.915903165	7.995849775	5.122937536	5.103279082	5.062105765333333	6.0150556134999995	4.0562818606	6.995354713	7.698966376	7.698966376	6.186017444	6.765984786	4.417873554	6.8521726203333335	7.343456279	7.6297333475	3.780135425	4.768501166333333	9.404025102	8.54795001	6.203928619	6.244678971	3.340514647	5.07294346	8.495482621	6.208905862250001	8.279368312	8.03044201	3.972849072	4.406738052333334	9.087358846	7.596925424	11.93960468	3.26510038	7.94282588	5.440514707	6.12860073	7.150376235	5.231629999	6.607380106	6.6996167255	11.99486699	7.514383526	6.107410248	8.118692814	6.042047012	5.699487604	4.623179199	5.279869688	3.7395737855	4.364960803	6.515000346	3.768481304	5.920501828	10.45145589	8.527511053	6.681058578	3.785462225	6.759111579	7.358950114	7.468869303	8.444561501	8.444561501	8.444561501	6.024188345500001	5.934824584666667	5.964886389	5.36967840325	4.534220056	6.170092717	7.689991848	5.517124695	8.831120186	6.062126195	6.073213350333333	4.5960456574999995	7.048678557	9.734707389333334	9.734707389333334	4.889029838	6.180600032	8.912130513	7.829855376	4.935592756	3.708682095	7.482595518	3.032693745	9.003538514	7.367748076	8.136311654	7.029363903	6.168426199	8.6397041485	5.856937832	5.206515059	6.870499593	6.818794514333334	3.103725433	8.345447197	3.565692481	10.22723439	8.26642257	5.118550589	4.43437158	7.009551044	3.9172199489999997	7.354067729	3.9219407016666668	7.53916471	5.033997274500001	4.56778418	5.062456762	7.232774942	8.509368151
GSM366217	11.30006494	11.30006494	11.30006494	11.56718142	8.541049864	6.362704483	8.044168911	3.3448439245	8.925461665	9.335209784714284	7.412110653	8.669254496	8.314097621	6.972872033	7.033628864	7.019466482	8.120599835	7.756993705	8.866758594	7.06116383	9.820321904	9.569984499999999	9.569984499999999	4.890083541	6.038398552	7.555129523	6.708385472333333	8.124661782	4.563815973	4.563815973	7.392402889	7.826946911	9.0344163695	5.019941364	5.797033584	7.70535343	6.832669791	9.827802449	6.55167209	7.152250838	6.6875263945	7.531092983	6.21271765	7.98888159	7.867201695	3.2619266325	5.537605784	4.05017121	8.878100617	5.516716462	6.454882344	5.517339135	5.528279902	7.014819775333334	3.60990379	6.7038678685	7.870205286	2.944173481	6.1053564205	8.107783034	3.624148251	6.496630467	3.874779614	7.029441776	8.307923963	4.449630028	8.173874412	6.17581266	6.750675864	4.88062966	3.0644632445	6.887209857	5.391404638	7.380652649	6.081622479	4.372427655	5.358724424	5.7701732775	4.283455363	7.510785383	5.861880152	5.185055153	4.638958596	12.057944	5.0904834595	5.90810633	6.705947769	8.757391034	5.984147591	5.2196173485	12.141971824999999	12.141971824999999	5.033220345	13.12987806	7.104145011	7.213140723	7.414254896	8.833566607	6.29396586	6.466888015	6.48616151	3.53340624	3.320079067	7.958387235	8.649349893	6.172708601333333	3.513462797	10.3432248685	7.195648773	8.1722316425	9.01552871	5.251332255	4.613140879	5.170790738	6.940839923	3.6270158630000005	8.056811803	7.354993962	8.206041060666665	6.841046231	10.95546531	7.293203612	3.323074336	7.3561717325	6.426095902	6.604386498	6.18556527	7.996217041	5.730487098	6.062458535	4.209867263	6.385679609	8.189227928	8.101727878333334	6.7041896125000005	5.427909147	9.799527448	6.019958759	6.645635939	8.053241276	5.993243376	5.503313426	5.205414849	7.488220826	4.479598443	5.460208916	5.646215275	6.5997118025	5.1851314614	6.096069358	8.270799406	8.270799406	5.040834644	7.078254495	4.638019905	6.481331751	6.153874228	7.6754255465	3.841806082	4.702724858333333	7.97083458	8.280116017	6.5268462215	7.0997705695	4.509122192	6.057850234	8.816093951	3.1675848037499996	8.907942908	7.202854635	3.904155113	4.769430389333333	8.723491612	5.112248986	12.61974773	3.131770028	7.987183044	5.312169453	7.066572524	7.086828794	5.336472694499999	6.17356731	6.956074556	10.64303995	7.086199126	5.329477587	7.272919853	7.663760684	5.548733754	5.356520465	5.091277542	4.2316112915	3.879511303	6.930536879	3.878480737	6.220443675	8.160257602	7.768691376	5.068620043	4.158865378	7.539882713	7.914329198333333	4.879746254	8.003174719	8.003174719	8.003174719	5.199947622	6.271832502666666	6.00023388	6.780942669250001	5.20759315	6.679854557	7.908307102	4.786362063	7.053990259	4.142908029	5.9170978110000005	4.349708819	5.944769251	8.503185193	8.503185193	4.404863371	4.589647318	7.878158192	8.327369383	5.7547035829999995	5.748224267	7.143084211	3.549069756	7.655479563	7.023239133	7.842297855	6.163942075	6.8473157695	8.8014834195	6.530339282	4.889797548	6.644762916	6.648484619666667	3.213892475	7.271405355	4.741852519	9.782829611	7.301885038	4.209867263	4.529159248	6.757060431	3.6890711449999998	6.915513179	3.0934306560000002	5.259826074	7.4532261655	5.641579426	4.170861085	7.418450751	7.960596285
GSM366218	10.75622968	10.75622968	10.75622968	9.490544652	6.575549757	6.489863624	8.475493241	3.030344846	8.755633107	9.651651520285714	5.635350238	7.627312303	7.047015482	5.0749409485	5.901932411	5.266286664	6.419300285	6.684570173	5.190813493	5.047339547	8.59880806	8.57968699	8.57968699	3.605994353	6.325215867	6.694819319	5.1438586798333334	5.941687323	3.808926919	3.808926919	6.521214558	5.421815052	8.2922982665	4.900504117	4.486923948	9.895763204	5.373075711	11.35620188	8.124880739	5.477904689	5.011799717500001	6.81905335	5.127402215	6.877542567	4.863486797	2.9036752464999998	6.132800888000001	8.345510612	11.0836449	6.192344503	5.803593558	2.935400484	5.328908156	6.476412680333333	3.796188687666666	4.6292985405	6.549243526	3.553476932	4.8920482045	7.370984481	4.152603437	5.413732113	3.149429701	7.479953407	8.1245197285	3.808926919	9.425388587	4.134345478	9.347810551	4.494691599	3.0611244202499996	5.088039054	4.994195876	6.045835344	5.298802466	7.916928471	4.799955364	4.3480601795	3.971614505	8.662052532	6.214599091	5.387216691	4.837367061	11.55230384	4.3381436045	4.961705641	7.519211591	8.681211317	5.042983141	3.9714252649999997	9.050536915	9.050536915	6.252495715	12.43233257	7.967148433	6.58027152	7.176835602	9.814178406	5.034599445	7.277423145	5.827806886	4.290593867	3.3213463165	8.574158066	7.88176733	8.361319681333333	3.339054853	9.9533404465	7.116083596	7.558153986000001	8.718615057	7.349920264	4.519290392	4.476697195	8.666881182	3.494708504	9.531369783	7.319255368	9.228200938999999	6.602033493	11.38356852	6.968385814	3.467141593	5.4714409855	5.659212222	5.079293393	3.248830468	6.863386268	4.8414855995	3.613370351	4.489526683	6.015124681	7.803962685	6.235757782666667	5.724202712	4.447990635	9.173662817	4.444589752	6.236115674	6.7455156715	5.068093481	4.973645274	4.812573377	6.295142638	5.489268964	3.680327886	4.211358758333334	5.215258563000001	3.6456962842000005	6.557424982	9.7034098335	9.7034098335	7.189114755	7.979643425	4.2134214495	7.312330763333333	5.882503009	8.1341562315	3.895461119	6.161691712	7.366807203	9.397307469	7.0401718209999995	7.470523957000001	5.006034865	6.475597451	8.371139844	3.2143891882499998	8.576578961	8.1904921465	5.328866494	3.8897667043333333	7.559009401	5.552792906	11.07032242	3.164233031	8.686422489	4.274627479	9.715954774	6.446702533	4.477288524	4.222273808	6.4799261795	11.01493021	4.501927539	4.957800619	7.212554992	5.179097284	4.732193948	3.745313827	3.5099277	3.9839935755	5.696791121	6.548524863	3.923523048	5.624069574	9.384578765	7.244919572	6.683024692	3.766655138	6.050817387	6.844231642	5.20433944	6.922687899	6.922687899	6.922687899	4.629022174499999	4.918940915666667	5.15868706	4.76407028675	3.931753475	6.309750983	6.916786863	4.60634889	7.210909889	3.339240491	5.567093349666667	4.737696132	4.755312402	7.580315303666667	7.580315303666667	3.484275419	6.533568485	8.089827133	8.728209753	4.6555767135	3.645845065	8.132986142	3.403963524	9.181296782	6.235521251	7.168121395	6.98512915	5.887708383	7.6753357085000005	6.253788012	5.020149093	6.616512235	7.016816245666667	3.012679547	8.354124365	3.676366304	9.706666501	7.657376079	4.823619935	4.712742997	5.755231666	3.514223845	4.351819251	3.071833191	5.462247751	5.224161079	4.240803431	3.89701695	7.056264909	7.402969623
GSM366219	11.43154713	11.43154713	11.43154713	9.580165212	8.351702554	12.29617657	8.88803554	9.3021818775	8.617600093	3.3478715487142856	7.281872024	8.331135901	8.234942113	5.847849483499999	7.241917409	5.498397617	6.774120728	7.555743486	7.358195839	5.479121616	9.358365973	7.024328151333333	7.024328151333333	3.638488633	4.332186354	6.633532187	6.271247178333334	6.735596113	3.560785896	3.560785896	7.124123481	10.29161513	8.8392774465	4.677891782	4.770365345	8.553248014	6.090690767	6.804365378	8.645799612	7.17018753	4.947458246	8.824253191	4.980789099	6.527627256	4.753101277	6.225110882999999	5.863055136333334	3.919327931	8.523008863	5.866016329	6.350608422	7.277316359	8.576349529	6.959501434666667	3.770583248	4.2219347585	6.177478063	4.642771157	5.0115328705	7.240352485	3.463100862	6.052508376	3.148182073	6.743222549	8.202468367	3.575542767	8.118403423	4.10723737	8.755704943	4.306050947	6.2147051522500005	5.918666249	4.863550267	6.9837310509999995	7.086635838	6.806992499	5.403107486	3.9914142425000003	4.959131451	7.587622088	7.765666743	4.764888536	5.0197785	10.82007995	5.111156917	4.800087178	8.163740321	8.149457679	5.14707036	5.2264643125	9.970071588833333	9.970071588833333	5.972393541	12.18971649	7.986540954	6.471165499	7.44734506	8.536495393	4.281476424	6.840281998	4.973448517	3.7811215333333337	3.315254923	9.865254392	8.101358452	6.53212803	3.735629526	8.4748589765	6.599889219	7.4253905504999995	7.902484616	8.593020559	3.795931623	4.742978252	7.377776193	4.050653620666667	8.107438131	6.877401844	8.079950591333334	6.778740418	9.860017314	7.651317043	3.232815182	6.3619137045	5.295231565	4.691458146	3.017632776	6.866449744	5.0259435905	5.795638163	6.135789285	4.965957072	6.243076769	7.996783271333332	6.025361231750001	8.810569427	9.062816998	5.309655306	6.0556350245	7.5128713915	5.403261687	6.036152875	4.76447088	7.772644944	6.680757214	5.840770949	5.464780937666667	5.4809403240000005	3.691534498	6.441809511	9.451328553	9.451328553	5.850969908	7.393433179	4.341715998	6.919480900333333	6.266376209	7.515383597	3.536628526	4.8318083393333335	7.763884003	7.795694364	7.408406593	7.221261072999999	4.169119159	7.610391815	8.753902089	5.0625808915	7.968817729	6.062348564500001	5.160995424	3.912416792333333	8.929523709	3.741237481	10.28801171	3.028320914	8.495830344	4.933636747	7.701124316	6.888725759	4.150014457499999	3.946290197	5.9503988585	10.36561777	7.277773665	5.095428543	8.230731544	9.236230934	4.383844953	6.235382245	3.666525308	3.798822427	5.744608062	6.538936255	4.41858842	6.350208891	9.124058059	7.089175702	6.273236227	4.139827564	9.239505101	8.122770796666666	4.398826434	7.809198926	7.809198926	7.809198926	5.6629286575	6.603084051	5.651178925	5.0609563474999995	5.907383451	7.574665021	7.531498317	4.906298072	6.881198132	4.184972066	5.7908267030000005	4.9152298299999995	5.012073836	9.341717077333334	9.341717077333334	3.628895494	5.955159823	8.435274852	7.986540954	5.126447401	5.574845541	7.61310857	3.061439686	7.942801424	6.56361862	7.850407133	7.037839559	6.484476728000001	7.3814778755	6.532823811	6.640946737	6.064066957	6.652993194666666	2.801080392	7.117123307	3.258310035	8.720033855	6.779042606	5.049133971	4.10057247	5.379192806	3.5055852715	5.815160738	4.422799815	6.348150036	7.959964498	6.361297445	3.792794913	7.083456582	7.934078006
GSM366220	12.1922883	12.1922883	12.1922883	11.90898537	9.517007158	12.72524504	10.07975207	9.5087085465	10.50064301	3.3763986104285713	9.175226672	10.33306743	6.930015016	7.189308199	7.9362181145	8.361888392	8.677955923	9.723498806	7.036999991	7.395233699	10.65926712	8.714073741666667	8.714073741666667	4.64372828	9.817745725	8.495044681	7.497988797166665	8.163547406	6.753657484	6.753657484	8.686874203	7.42364012	9.9736432275	5.784351087	7.551311629	9.035006459	5.499506873	9.930799731	9.617491486	7.616832327	5.2199015195	8.344565243	7.120643346	8.177282038	6.786896939	5.733738111999999	8.522308178333333	8.175164827	11.11772102	6.508742204	6.059452326	3.307411854	6.073198039	5.733722616333334	4.568565964333334	4.7150278445	7.388125163	3.709628856	6.042553161	9.84236588	7.001815081	6.667491816	3.548165683	5.8504876	9.78724297	3.519376964	8.363170178	4.456167565	9.392232622	4.860064272	6.37238143775	7.576304999	5.282335134	6.536748939	8.512625403	4.600166919	7.340987653	4.4526958595	3.737740292	6.677047217	7.502334096	6.392595634499999	4.378469254	10.84275651	5.960346758	5.136394767	8.835978528	6.619621881	6.786070892	5.9434388810000005	9.479354063499999	9.479354063499999	7.128550972	11.05826675	8.332835022	7.081917832	7.10815764	8.586574516	5.123026074	9.407884591	4.110231082	6.7244877883333345	3.339839435	9.294758009	9.364430157	7.331402902333333	3.573320672	10.712106906999999	6.886987246	6.779240421	8.85763962	8.710949423	4.976231403	5.281941919	6.414690359	4.635847285333333	8.14004788	9.96918078	9.414831047999998	8.457965301	10.32719681	9.024318297	3.7716104	6.3642979005	7.765030616	6.759171575	4.525269189	7.779047581	6.168526527999999	5.58991936	7.39423657	6.738339443	7.270710075	4.960703558666666	7.596934327	6.832858606	9.112715652	5.409511842	5.4181293505	5.509785751	6.817628532	7.301951118	5.093110425	4.708213654	4.845353011	4.178173548	5.879652580666668	6.6662677850000005	3.8815592758	5.943972519	9.2702552515	9.2702552515	7.35231328	10.04922209	4.767556781	6.674914848	4.984351462	7.5590543905	4.054621995	7.017558349666667	8.887549305	9.070107191	8.881349634	9.9170298925	6.227997632	6.515971757	6.697681514	3.25538357825	8.423062243	6.817986625	5.420850067	4.957627781333334	6.430416177	7.451419388	9.884642395	3.151275247	7.838930228	5.203394207	8.741446167	7.633762165	5.9943892295	5.376600918	7.409285701	11.29713461	5.311849687	6.336823578	6.69720799	7.557701378	5.018845785	6.310551028	3.133924999	6.150069032999999	6.171057522	7.078152189	5.175676438	5.131391944	8.938939154	8.315072466	7.242852436	4.294188024	7.893751583	5.918436287	6.989360208	7.054663648	7.054663648	7.054663648	4.373315065	5.715231521333333	5.537752068	4.65485708775	4.52170054	8.242711818	7.073231893	4.772280747	6.983684779	3.513359796	6.245385981333333	4.6146304695	5.330726065	7.725842346666666	7.725842346666666	4.845353011	6.482571374	8.94059823	6.626572418	5.696135655	4.258802359	9.013057256	3.677781018	7.901943054	7.131259119	6.265692333	8.184364853	5.611163873500001	8.383885552	5.356340196	5.892493659	4.834379987	6.448088573666666	2.981205159	7.919883755	3.639644658	8.329953264	7.817898024	8.208464677	4.428785061	5.906463411	4.7522664065	5.855135683	5.055196646333333	7.164210051	4.148583022	5.311934545	4.245567826	7.184647466	6.242781449
GSM366221	13.09929134	13.09929134	13.09929134	12.89878895	11.55347826	5.338309109	12.00080587	2.9488344885	11.08763444	9.828404301142857	10.31090949	9.993527873	8.177919797	9.897122701	11.074332555	10.02493911	10.10918197	10.0771544	10.95965445	9.182142951	11.57871679	7.6152703310000005	7.6152703310000005	4.965805335	4.155894118	6.846268057	9.076615505833333	9.463883149	5.389743835	5.389743835	9.613332532	6.754276975	9.997491071999999	4.560521741	7.358283638	7.654237308	5.671749865	7.688788645	4.782735576	10.04524212	7.522660791	8.173962231	6.612728784	8.436081953	6.675653501	2.6839638495	5.469852397666667	5.530262393	10.85743946	5.714376346	5.394542527	5.28850128	5.397640996	7.438331545333334	4.081306170666667	8.4143540755	9.07272285	3.657490194	5.4140892885	9.783040919	4.073674927	8.140214362	3.28489713	8.308677504	11.580327534	7.102010533	9.062014899	5.84207588	6.248105873	5.270858342	3.158185672	6.988281658	4.645797007	9.128568701	8.179967562	4.435921074	7.255230767	6.3716511535	4.846128654	5.397920139	6.732969839	6.892999224	4.623630306	11.916526	6.652756373	5.909466965	7.028436113	9.598043015	5.78029405	5.8871119075	8.784423649666666	8.784423649666666	4.918738106	12.18405102	8.410902308	8.042686534	6.57679584	8.411373428	7.239155546	8.086781639	3.778983742	3.647946197	3.3720238755	5.93172633	8.752365665	5.886200583	3.527447439	10.763250040500001	6.736837638	9.012254888000001	9.971951799	8.047677284	5.765846838	5.300829518	6.864517789	3.7553543393333335	6.585744259	7.303859877	9.819668148333335	7.451160194	11.77715015	8.225939806	3.296146632	8.59111594	6.974621517	7.24723689	3.417978546	7.427532896	6.648423392	4.185048457	4.29007379	7.680940786	8.768163179	8.731295727000001	6.3893003825	7.323035443	9.421352647	4.817805399	6.7510673075	8.5668774975	6.033381685	7.495949356	5.532851322	8.603663517	5.016170411	6.551835503	6.5891740180000005	7.116401931	5.642881987400001	5.868308238	7.562297791000001	7.562297791000001	5.695880756	6.129571521	5.483365731	7.554806749333333	6.262674013	8.4917052875	4.073827892	4.588230704333333	9.116719373	8.740079927	5.6654757595	6.1996336255	4.028860044	5.833679869	7.969568053	6.28743419425	9.881688517	7.687935941499999	3.99015159	6.487744959333334	9.462621568	6.914931895	10.80235232	2.876579956	7.86973316	5.765836342	7.495321297	8.338068005	4.839537413	4.884662859	7.6320579429999995	9.805323855	6.892987505	6.787076087	8.808639283	6.294043105	7.637291517	5.427874874	5.644242446	4.695279464	4.633213454	7.198825647	3.605389124	7.629711082	9.260753285	8.299090561	6.567967927	4.407048173	7.974226032	8.831752329333334	5.197194479	8.852828455	8.852828455	8.852828455	6.5044263785	6.818917959333334	6.108791236	5.62331038	6.593164947	7.070492613	8.656531945	4.168080114	7.143359445	4.375042399	6.618736333	4.3121062325	5.968936191	8.917346401666666	8.917346401666666	6.651202201	6.541450912	9.381835824	6.589509983	6.8673457785	6.548295528	6.813775396	3.087338694	7.215811274	7.453852267	9.050341091	6.240231525	7.46927123	9.716680291500001	8.263202331	5.844807183	4.667843375	6.512571840666666	3.435694654	8.574641247	3.771919852	8.84261712	8.168325615	6.818869755	4.864387047	7.036952378	4.731112614	6.422538678	3.360020833666667	5.240029551	5.244236176	5.153325751	7.302575871	7.641490206	8.979853939
GSM366222	11.91116532	11.91116532	11.91116532	11.2543563	8.705677779	12.76554755	9.612185528	9.2149858905	10.14395101	3.3652709155714287	7.646606745	9.167583074	9.122716364	5.981529838	7.1072313825	7.320069148	7.927698862	9.241088568	7.152070783	6.236626156	9.88873385	7.295661671666667	7.295661671666667	3.631398366	4.212182022	9.562667411	6.965392862833333	7.113303247	7.780366945	7.780366945	7.659860289	8.315876072	9.3538069595	4.563603835	6.8240093	7.557606571	4.043151206	7.495638728	8.823861156	6.137057834	5.297149602	10.51479847	7.51476076	8.267965922	5.923544991	6.173600607	5.306997905333334	8.699540603	9.34745879	4.340122438	6.339315527	2.405824432	6.176385433	6.272962961666667	3.849825339	5.246411458500001	7.322704955	4.406960537	5.4340325935	8.804891179	5.592387354	6.345360439	3.677790453	5.925467705	8.994830992	6.171006979	8.469974546	4.649085162	8.793769682	4.537154475	6.55702662225	7.371219965	5.029765847	6.7592920835	7.50397712	3.657007497	6.688243338	4.436727379500001	3.943174113	7.418419037	7.542120513	6.869167452499999	4.699878506	10.21101229	5.9409096990000005	4.933738766	7.452090697	7.453601967	6.734415465	7.092279360500001	9.636991535	9.636991535	5.575704831	12.79781231	8.022457617	7.378912567	6.952031255	8.709509891	6.114056833	9.04543489	4.474370616	5.004348852	3.4951477214999995	8.516870798	10.95041641	6.824608707333333	3.63062041	11.59149449	7.260701696	7.0745934535	8.318206712	6.660244912	5.185427341	4.85999426	6.099402176	4.246924694	6.925204307	8.840093432	8.907054755666666	7.799398888	10.74626182	9.638634128	3.973232511	6.3856722165	8.268966861	6.212666554	4.958145108	7.51017293	6.006444849	5.495523435	6.098383726	7.047059438	7.335150244	5.716853379	6.48317428825	8.573940826	9.636162912	5.133400183	5.3686537439999995	6.029753144000001	6.004801763	7.374705362	5.145684621	5.246506889	6.849591771	6.716589487	6.434941856999999	6.697535564	3.985802125	6.246016506	10.1995074085	10.1995074085	4.933503469	10.69937119	4.837640684	4.823507997	5.501301711	9.2583112525	3.824882254	5.010106074666667	8.731500951	8.118156741	6.903824787	7.871700408500001	5.043405502	6.754259736	7.820716632	5.8849538115	8.283811129	6.8451549840000006	5.823874082	4.597477894	8.009000794	7.340709703	10.8517934	3.086036417	7.152304008	5.218821916	8.70194242	6.802483868	6.943049247499999	6.168285955	7.009462683500001	10.73649095	6.840870195	5.658093988	6.725351459	8.072118996	5.225449321	5.613127766	3.312082842	5.265752677	6.005389632	6.522561235	5.701238808	5.475618369	7.84428862	7.667315811	5.868785924	4.3385441975	8.598181936	7.153976918999999	5.638146377	6.892082151	6.892082151	6.892082151	5.292759402	6.4166978079999994	5.915052989	6.411886962500001	4.502772884	7.203705728	6.819907718	4.369001224	7.302289183	4.174034232	5.946530086666667	4.3634285905	5.555513147	10.443809220333334	10.443809220333334	4.36090797	5.175743409	9.243099587	7.984784535	5.3174922405	4.363696009	7.204008369	3.143317043	8.159684849	7.196392815	6.968725163	6.659469559	5.8205343525	9.0498376985	5.918875632	6.228771385	6.310624313	6.872739108333334	3.143006341	7.280608149	3.314039206	8.739476613	7.537984495	7.187845258	4.235817308	6.048267708	5.1702715365	5.169132141	4.052172266666667	6.717345175	6.3346463165	5.402113633	3.818247946	7.687325407	6.99725203
GSM366223	13.29794226	13.29794226	13.29794226	13.38316458	12.48774621	12.53471471	13.08188006	9.015693679	13.71862649	3.4157152635714283	12.13346958	12.90685609	8.975218537	11.19192021	11.288025430000001	11.10324266	11.76361923	12.69446516	11.48405574	11.10465811	13.91332921	8.252269090333334	8.252269090333334	4.361648375	4.873105168	12.09850565	10.319643917333334	11.43320483	7.347195444	7.347195444	11.66320602	5.438466846	9.764506533999999	6.228103484	10.61312169	9.499996369	6.017513962	5.043026025	6.791005004	11.29628189	9.8267563845	11.27689078	10.13967905	11.17425741	10.04040356	5.876835808999999	6.392667957333333	4.418532729	11.32337529	7.073844149	5.853674613	2.526139939	3.537689933	8.481595934666666	5.375489951666666	9.585699724000001	11.45063869	9.851100608	7.084323755	12.23912812	8.593293522	10.74424954	3.9834805	7.112721568	12.364098725000002	6.269745354	7.367634834	8.287287545	7.847420347	4.436981952	6.0723726330000005	8.934756772	5.088306415	9.427737092000001	10.96093852	5.628936212	10.52306568	7.6908375745	3.769942645	7.266471147	5.992280338	10.0489968305	4.487865646	12.73697232	8.277366949	6.227167486	6.934440207	8.888089489	10.56174743	5.241873181	10.343439871500001	10.343439871500001	4.683919023	13.22224706	11.14633476	11.05814593	7.72660003	7.722442478	7.525369509	10.92639041	3.83877107	4.068768310666667	4.348104975	7.658615892	12.04984165	7.1185959893333335	7.28888215	11.1886047	7.739720499	7.210541059500001	10.98566542	3.99726112	5.356340506	4.278804989	6.884702429	3.6363248969999997	9.021546637	8.801662319	10.591004916666668	11.17720468	12.71336659	6.716537821	4.179682718	10.4762747125	8.650624276	9.378721374	3.687881779	10.11848556	9.718933868	5.201274093	6.019169264	10.17360812	8.039041736	6.612748398333333	4.4812512745	4.586788983	9.764754359	5.158132738	5.790680537	7.185723033	7.890527317	9.693745723	9.097251487	5.275039973	8.527011361	5.095815672	8.156572035	10.51383701	5.3711876277999995	5.026226545	12.224078435	12.224078435	6.744088687	10.08699354	8.254953983	6.681792725333334	6.707704898	8.2202435105	4.494133963	5.430875966666666	11.11453531	8.730796392	7.3849502634999995	8.2803001075	3.9887531	4.556814573	7.196636906	3.862518388	11.17456846	7.084237448	5.46366841	7.512382755000001	8.111532195	5.430469682	12.2425848	3.108837979	7.018535453	4.684956903	9.365490568	10.0331199	3.8884214024999997	7.096467418	9.048258902	10.95096164	5.532265762	10.40961544	7.733927005	5.306404548	7.541674673	3.91422673	5.542323637	9.3697824995	4.188924061	5.403377775	4.307646373	5.275352779	8.963872218	11.20127062	6.428705533	5.976942489	6.578311894	6.959287507666667	6.164126709	6.727586265	6.727586265	6.727586265	4.7993147905	5.747081965333333	8.848781348	4.58421469625	3.59679846	6.637480723	7.161809829	4.747821292	8.521480525	7.478005951	7.346059664999999	4.5558176645	5.969108754	10.587405490666667	10.587405490666667	8.197820463	5.343752211	9.326998267	8.836865419	8.956900753	3.827301692	10.96667051	3.383154613	8.959368681	10.26664709	6.096370734	5.817854268	8.457434021000001	10.7933802	5.124696038	4.999310297	6.289835867	6.480972121000001	3.976699174	9.75954212	3.985512353	8.108332826	7.734638076	6.907493033	4.626007878	9.474794003	8.258576918	6.357028694	4.705025083333333	6.176037167	5.864763432	4.092202219	6.601205639	6.829543323	7.420519493
GSM366224	10.61310413	10.61310413	10.61310413	9.832012035	6.578867141	4.970218843	8.370020602	3.153731797	7.622699745	9.662191466571427	5.563329165	7.715392903	8.371152511	4.6453883335	6.4293969365	5.539965871	6.50480383	6.797875418	5.20589568	4.497140229	8.425259187	6.8506109896666665	6.8506109896666665	3.704729269	5.094328291	6.046478042	5.335263968166667	5.945340841	4.592950727	4.592950727	6.575596557	8.498395955	8.0962649885	4.589765735	4.265425803	7.514932733	3.98373709	9.820371204	9.462782778	6.682575487	4.635154297	6.014373087	5.25298863	6.570516403	8.029922033	2.9727933895	5.596226836333333	4.367585876	9.249951655	5.339666964	6.423955384	4.133883454	5.663532759	6.293935327333333	3.740942936333333	4.1766629725	5.778703544	3.681378291	5.215103259499999	7.780999621	3.437579496	5.781929399	3.197220956	5.994934963	8.436250248	3.500980801	8.667645511	4.467398126	7.930700819	4.433775432	3.1626273515	5.291508743	4.9742641	7.1498382844999995	7.3231281	5.594387395	4.792208779	4.0325153425	3.10072142	7.22534228	7.320685734	4.0616309375	4.700624936	12.01984689	4.1537404825	5.004730676	7.717081256	7.734728557	5.437821023	4.6445261625	9.715417484	9.715417484	5.342077231	12.61175598	7.494526898	6.238561575	6.698348322	9.031168842	5.175220609	6.439064461	5.604526072	3.3850964213333334	3.159904945	9.161704004	7.708854308	6.495522558	3.863085267	10.611750429	7.051361274	7.4347234245	9.285879486	7.962927136	3.62568898	4.513110246	6.771511352	4.317632912	8.476829896	8.051416336	8.832575618999998	5.492325211	10.5592603	6.723323909	2.992173894	5.6931322005	5.442863552	5.01470493	4.997233338	7.01807469	4.826703236	5.823122094	4.466191081	5.823654791	7.614566436	6.5978868109999995	5.091591324	8.36391074	9.1078598	4.770484558	5.846730171000001	6.5774048975	4.87652463	6.976077165	4.779393401	6.747397482	4.113454912	6.426745611	5.224366843	5.0522506145	4.095620542400001	6.464507401	8.001709252	8.001709252	5.648964579	7.431807815	4.27504437	6.073036832333333	5.398306146	7.655442322000001	3.717141703	4.880498816666666	8.696385232	8.416737409	7.088894465499999	7.3226422505	4.55103484	7.352146606	9.008798449	5.348135837	7.99388581	7.18677731	5.243414622	3.955736688	8.34704792	6.096257396	11.79999061	3.239644489	8.538193866	4.941832581	6.763755125	6.526323075	4.2953749375	6.207150795	5.587201508	10.76758117	6.465124351	5.189869884	7.801521108	9.027403312	5.470634484	6.583914582	3.518918907	3.860606945	5.738613841	6.056373642	5.220450486	5.197532876	7.932929821	6.3287798	5.415530222	3.936266817	9.128831676	7.572734358999999	6.889650399	6.930440313	6.930440313	6.930440313	4.540488697500001	6.287531068666667	5.273742538	5.029229196499999	4.41364497	6.371009044	7.118058259	4.419501545	6.794296274	3.742593774	5.708686619000001	4.5549133085	5.199680709	7.391419966	7.391419966	3.257588655	6.378470993	7.922125065	8.862575339	4.504492859	6.238269042	7.795843148	3.295265022	9.37315644	6.74859016	7.003549749	6.584481626	5.315280538	8.526706930500001	6.137580687	5.780066725	6.611094548	6.391090369666667	2.5029559	6.95343949	3.549847244	8.949016064	7.369562397	6.196905115	4.83122007	5.309908892	3.480143976	4.107107805	3.1328933420000005	6.473961965	6.846153106	6.091852779	3.886611247	7.624201245	7.364322174
GSM366225	13.2571559	13.2571559	13.2571559	13.09237475	12.27701768	12.63311375	13.07392669	8.896987822	11.94540874	3.4662284011428572	10.35766796	11.50143013	10.03878567	9.5659638865	11.36226532	9.230629597	10.81740523	10.92770277	11.19081183	9.87069924	12.4921618	10.281492847	10.281492847	4.929790027	4.089562721	8.94008593	9.974585067166666	10.27575392	6.505091933	6.505091933	10.364447	4.585972777	10.087188288	5.793461556	6.839719804	7.466512159	7.481683527	8.416002057	6.69539652	10.37448473	7.982890294	10.79470384	7.290454508	9.632422487	7.721620107	6.1936407475	5.4282844216666675	3.856185794	11.43112254	5.845085952	6.703373826	3.108164897	4.001317494	7.713271621	6.999391099666666	8.669825455000002	9.219074043	5.529432133	6.9417066885	11.02431093	4.066278612	8.7366452	5.619771269	8.342248077	10.912111789499999	3.819886291	9.363131178	7.215525793	6.124508893	4.873008438	6.082930366	6.965726477	5.146326447	9.454622965999999	10.48156039	3.53781861	7.806186401	7.3697386815	3.516712712	6.51931014	6.946789023	7.068865037	4.727852403	12.55618007	6.937531652	6.325668117	5.023467529	9.570423891	6.48570776	7.2951993735	12.255704686666666	12.255704686666666	5.154125358	12.17348779	8.667661947	9.548099131	9.516239808	7.909469765	7.996626059	8.93036718	5.820590492	4.7482813046666665	3.2804426639999997	8.20262701	10.65169157	6.690040823333334	3.552541983	11.41497638	9.314077467	8.977444419000001	11.22166733	5.824135469	3.849260083	5.836217931	7.475475675	3.76510351	9.610874808	8.868207843	9.777659025666667	8.532893648	11.96591813	8.875533887	3.474431942	9.614562001	7.854282998	7.141414092	6.459011242	8.710260077	7.000597903499999	5.938626451	5.802554186	9.188187116	8.853825129	7.180564014000001	7.134870573750001	4.629996194	10.22726	5.970919061	7.469660491	8.8538775935	6.531214	9.618758978	5.846950743	7.604803293	8.326626152	5.114623922	7.519134888000001	7.9680602480000005	6.6697175122	6.877508896	10.92326328	10.92326328	5.573955053	9.121488996	5.757288797	6.3298538220000005	6.764947104	9.670695264999999	4.087325623	4.724721314333333	11.60220547	8.643929243	5.981436480999999	7.1452602505	5.261278669	4.835362105	7.961005124	5.3006131145	9.931826507	7.8074857205	3.64199269	6.37241752	8.946510952	7.181064334	10.62877743	3.148365299	8.345129259	5.452935677	9.601061099	8.355181776	7.744672853499999	7.486710558	8.3739115235	11.33140403	5.594625862	7.795072187	8.89767007	5.470989863	6.675779171	4.462811429	5.911983534	6.085924053	3.438462225	6.995251493	3.467852738	6.032070406	9.103333718	9.3984911	6.948299258	4.1678256775	5.781280886	7.768654916999999	4.052418809	8.306644536	8.306644536	8.306644536	5.0037328379999995	5.749726089999999	6.884486393	6.46664153525	4.06940331	4.931055577	7.818179196	4.706697081	8.682770326	5.125445056	7.414758305666666	4.4107338135	7.563585214	9.644606071333333	9.644606071333333	6.258152304	5.333758074	9.198578735	9.481380875	7.2558346815	3.71622221	7.57311172	3.27501815	7.457606826	8.342530398	8.151588476	6.244321899	7.9630408589999995	10.1132231005	6.401126354	4.777098961	8.654721051	7.0790691756666675	3.652234883	8.81888129	4.637386844	10.05697634	9.306766916	5.948596977	4.62180026	8.310910196	4.859661968499999	7.330454179	3.9777507570000004	6.028528567	4.6899023535	4.245414615	5.897906894	7.903407881	8.382462106
GSM366226	13.16344163	13.16344163	13.16344163	12.49635905	11.26923628	12.51666846	12.26944584	9.1735785475	11.29948942	3.516829337714286	9.378141598	10.42901397	6.442040893	8.818125707	10.829803989999998	9.052541828	9.190479814	9.897320779	11.23144517	8.827746293	11.74416724	8.929045389999999	8.929045389999999	5.598485837	4.318930176	9.088814737	9.199754674	8.636399677	3.892074856	3.892074856	8.988947806	7.869993254	9.570554503	5.261116489	7.167625298	6.663879398	3.841711885	6.225101024	9.970178697	9.395892129	8.568009268499999	8.563003747	7.3530736	9.673565893	7.247115207	5.7417723995	5.3861786186666665	4.096634368	8.011837705	3.403612086	6.261360136	2.453277959	4.242552017	6.350199758666666	3.7840621559999996	7.881325723	9.438044577	6.291922529	5.4053824575	10.18075764	4.796336936	7.597406364	3.268543072	7.570110376	9.534127680000001	4.321816881	7.029180569	6.41125298	5.132628669	4.767102748	6.21668474775	6.052145411	4.46908867	8.5396753525	8.907284707	3.784480108	7.817339651	5.7309102769999996	5.461413693	5.912175909	7.46966937	6.488943390499999	5.037161491	12.72490787	6.764318024	5.140479326	5.773109842	8.402237956	7.269978047	5.0404488225	10.663418756	10.663418756	5.372956049	13.14546491	9.186433378	8.583288109	5.823628077	7.439015537	6.60340716	8.301279824	4.154864462	3.7900243403333334	3.53348771	10.38855301	10.41350197	4.963822827333334	3.699257616	10.866834557499999	6.545172996	7.7598769015	10.82646031	7.083538461	4.312802326	4.653550292	7.800977925	3.850056739	8.443970462	7.008472457	9.06157513	8.236325682	10.94848742	7.220357591	3.17465625	8.6081448705	7.181493589	8.300202704	3.271639862	7.603577968	7.154418097500001	5.158204591	6.307330506	7.763810483	7.045333222	9.662896934666668	5.535335992	7.138987672	9.429682101	5.169763567	5.4161797565	8.3822051165	5.324323755	8.623666931	6.88923026	7.929018647	7.178888558	5.968279942	6.391663321333333	7.914062378500001	5.149341787199999	7.068889364	10.064247269500001	10.064247269500001	5.126793051	8.047965744	6.3906499815	6.746633274333333	6.655860449	7.7079793105	4.033112627	4.413970954333333	10.31769738	6.638415313	6.4226939875	6.559378485	3.55958752	4.79634171	8.458952346	5.40855322675	9.534444957	5.896695465500001	4.583456498	4.833668713666667	9.297462642	6.18440737	12.59080009	3.066196813	7.210871134	6.260458938	8.662281099	8.319462814	5.2889166815	6.530165542	7.2665562535	8.996506983	7.344713282	7.174641195	9.117668949	8.67203677	5.709958583	5.794057299	3.9902298	5.905194907	3.895663681	5.059591004	3.771284366	6.306457561	8.720523144	8.619536243	4.622613663	4.2022172415	8.810146569	8.018982452333333	6.00134869	8.930146762	8.930146762	8.930146762	6.4143781319999995	7.2025158163333325	5.991712021	5.3243508977500005	5.00674861	7.012074649	8.132126699	4.552311035	7.922576452	5.477070672	6.851837499666666	4.694141288	5.461413693	8.621973829666667	8.621973829666667	5.576321569	6.542985303	8.81837871	9.027682377	6.934054043	4.651449697	8.089966438	3.22843595	5.454062169	8.229899518	8.235735943	5.749233816	6.97536582	9.4428759975	7.069923071	6.426478933	7.127320598	6.218097384333333	2.966552957	8.192101954	3.59983187	9.828254525	6.771512228	5.114559045	4.767024511	7.662664837	5.4937140840000005	5.691647903	3.8878778696666667	7.67267366	6.7993427515	5.32683498	6.034436998	6.715589317	8.285223228
GSM366227	10.53653612	10.53653612	10.53653612	8.876654239	5.944605392	12.80431877	8.364122385	8.5986051895	6.820023742	3.377478170714286	4.613753912	6.231388943	7.267806676	4.9480692425	7.4512763215	4.427980539	6.056633476	7.310983029	7.738457846	5.059841923	7.985707516	7.8101552776666665	7.8101552776666665	5.110586033	6.806428598	7.365999673	8.260664901333334	8.192673033	7.350876564	7.350876564	5.967757853	9.456034704	7.5787675245	9.525285949	6.854084926	4.651920809	8.513303777	6.56861825	9.253877421	5.859337986	6.1817862585	9.679808651	6.389247305	6.776608575	8.004765397	5.533851349500001	8.923819168666666	7.559043591	10.65498517	4.150026859	6.968865914	2.614698265	6.265644245	4.106156923666666	9.197998355333333	9.083866963	5.290613522	3.869751522	9.655575358	10.57970298	4.152535142	4.958694679	7.133729269	7.333005554	11.4003705525	4.67675346	8.952750714	7.488963857	8.00882884	6.669147912	6.3660710179999995	10.27880276	9.614040702	9.3205174155	10.75360883	3.914092377	6.136433525	8.882897672999999	6.274921451	7.731233506	9.591329818	6.7266286865	6.195398917	12.06439986	3.7658585904999997	9.734595808	6.397942685	6.300547317	7.668259887	7.7832033575	9.854701449166667	9.854701449166667	7.759363879	11.89830798	8.049975601	6.663875808	9.347071011	8.885972679	5.843551435	10.3382035	5.767606284	7.616388943666666	4.386016216	9.474453514	11.06333743	6.018111058	5.71021694	12.583611165	10.89446238	7.679775913	10.46443754	4.463102636	6.87148224	8.451312592	5.424790513	4.462467224666667	9.568872993	7.439270479	8.763042637	7.143062663	11.42988209	9.702122715	5.322730366	5.355414714	9.09022569	6.324152209	2.931513348	9.087211312	5.490236942	6.080351786	7.633927848	6.16704911	7.230497729	4.799146672	6.68314073025	5.656052624	9.266537459	5.600640108	6.473870366	5.095609206000001	8.810998473	9.347119943	5.024985145	4.535923815	5.343825456	5.350216551	9.645240160333334	5.6574824045	5.862491736400001	4.793483405	8.023589706500001	8.023589706500001	7.755061695	11.3418678	8.0255406355	3.564460377666667	5.096291556	8.2787926005	7.266775367	9.882440733000001	10.48564362	9.006018083	9.9720356815	9.889737046	6.711425652	7.310374681	6.619791179	4.68964401975	7.377413002	8.477848409	4.062979057	3.65666543	7.271695906	6.514084532	11.27938448	10.95607148	4.983781392	6.111187902	8.077185503	5.087768604	8.2111697245	7.443223389	10.27585296	9.877458512	3.834861055	5.401441745	6.666924715	7.759924041	7.013188739	4.60094676	8.586191161	5.1273279435	7.542394318	7.89046852	4.864524308	2.936029027	8.554145237	8.496372656	5.798523827	5.8065651385	7.500405539	8.999801873333332	8.194633247	7.174616157	7.174616157	7.174616157	4.783101727	6.101837309333334	7.159206391	5.433802447	4.250642022	6.725534851	7.378549194	5.470251175	7.35111676	7.212071374	5.297524870666667	10.63160759	8.374047343	7.559453465	7.559453465	4.610464322	3.791040907	7.949706395	5.957668004	5.7926553405	3.821175803	10.31120204	3.384943001	9.470869978	6.953709383	6.971193579	7.461271314	8.981236917	10.0159968315	5.492315914	4.651920809	3.495527422	4.665894759333334	4.476798206	8.614302866	4.087369846	6.922783619	9.333457494	7.277169105	10.3808828	7.467430309	5.1153677645	7.790195309	5.61184184	8.592478025	5.539705421000001	5.885329623	3.724181772	5.380836078	5.789810179
GSM366228	8.952930522	8.952930522	8.952930522	8.423829756	4.730991904	5.440174944	6.471359815	3.09967243	6.258840749	9.691099280571427	4.162413521	5.566997153	9.291658526	3.827652323	6.0283770665	4.144464876	6.188631448	5.902893298	4.295987532	4.964887362	7.206145715	7.5940607133333335	7.5940607133333335	3.471569846	4.011397557	5.161352562	4.799332861833332	4.995518788	3.777055228	3.777055228	5.857452403	6.121894906	7.032744795999999	5.913809255	4.275170714	8.099579404	4.511449529	3.860418101	8.975016173	6.208939126	3.9573925685000004	6.896211475	4.468963847	5.236944714	6.22880726	2.769093272	7.272587079666667	4.05989939	8.425540978	4.395093409	5.663953354	4.421179819	6.38573847	7.465898005666666	4.026816664999999	3.995911947	6.638004836	3.153307445	4.950962728	8.298683554	2.914635742	4.864884445	3.298324617	6.380956676	7.02663169	3.814506919	9.521493336	4.357854855	8.594625049	4.625464943	3.4444597577500002	5.772441853	4.780220677	8.244724272	8.101319573	4.65101084	4.023674548	4.389325154	3.835123937	7.898444564	7.682525326	4.8104222675	4.962914618	12.16202119	3.7417268464999998	5.00680982	6.375866199	7.949178285	4.670515269	4.8399686685	7.615782881833334	7.615782881833334	6.000152285	12.94951638	8.950673216	5.958922369	6.034776435	8.991221551	5.366664423	6.520133264	7.375220316	4.364850622333333	3.3999722105	8.065452021	8.176182567	6.577841908	3.502507504	10.824560203	6.812673269	7.5139941100000005	9.726980195	7.852578954	4.328764625	4.850073075	7.576411755	3.837637756	8.649695486	8.806385719	8.239040569666665	6.014031512	11.03858027	7.276891469	3.231763109	4.9957421475	6.206245806	4.826820153	4.797136521	6.819895906	4.3213964145	5.225740292	3.901731918	6.111168009	8.314475609	7.251597402000001	3.6376726387500002	7.631778528	9.026843405	4.552674621	6.401216535	7.3055243855	5.180581034	7.531001307	4.35819603	7.286686987	5.769255824	7.578088646	5.586814633333333	4.716538798	3.8391453095999992	6.802938425	9.349499135	9.349499135	3.683507911	7.838148366	4.0122584465	6.2178096893333334	5.551949202	7.703401522	4.074143548	5.088964774333333	9.353533961	8.388060147	8.525711556	8.2767538445	5.219997529	4.402086352	8.014307326	3.3954167904999997	8.369255358	8.122665761	3.70761385	3.4534669706666663	7.88383228	4.361771365	12.24962895	3.124313305	7.479722048	4.23316265	8.934834465	6.452490176	6.721785669000001	6.22888159	5.9980900120000005	11.17793324	6.454336731	4.669694026	7.785332973	6.415187087	4.862394353	3.476681082	3.715277066	3.8118586625	5.765432345	5.44436595	3.749284921	5.591632168	8.919416941	7.241378109	7.359761758	3.8411255335	8.344319184	7.112558924666668	6.090729274	7.206275397	7.206275397	7.206275397	4.8967137565000005	6.685296022666667	5.158900554	5.9658486250000005	4.761767218	6.253097408	6.622694888	4.870091572	6.336819632	4.428082516	5.192520873333334	4.3271372835	4.886396743	8.457669120333334	8.457669120333334	3.334078535	6.090384231	8.361136713	7.424487036	4.520248234	5.502571465	9.503288511	2.987200376	5.297912056	7.00415368	7.274651267	5.960236123	5.621431826	7.880629688499999	6.463121895	5.30350875	4.92945764	6.337277271333334	3.131644782	7.197327364	3.903803616	10.0486762	8.246767713	4.795082082	4.302604111	5.705576728	3.2862160659999997	4.492751517	3.2291267913333335	6.584459504	5.88011305	5.642414328	4.142317096	6.890435153	7.830415324
GSM366229	13.05631904	13.05631904	13.05631904	12.84491608	11.3449907	12.70516013	12.42777915	8.576961465	12.52903996	3.530694437142857	10.16199062	11.61257946	7.312174486	8.3765821625	9.9020496715	9.329695285	10.74586933	11.97625788	8.924139356	9.004749508	12.92825156	10.080195545666667	10.080195545666667	6.309053036	8.339531684	10.28508487	9.033412382166667	10.48843781	7.055522591	7.055522591	10.12110044	7.988553278	9.9568419655	6.583390729	10.12975277	7.799604916	4.10817686	4.047880856	8.000328738	8.567334452	6.843095016	9.670636145	7.738689023	9.72905852	9.618908305	5.4522154285	9.135958056	5.425298947	11.75764282	4.056348334	7.88349243	2.643748973	4.011529964	5.9971556963333335	3.8930388943333334	5.447598719	9.772543844	6.120756774	8.1069865645	11.10539594	8.750281084	8.519559785	3.003946867	5.079090093	10.6036397795	6.22274578	5.923032272	5.09141176	8.384861514	4.805738392	6.62199200825	8.928762727	5.496858547	7.8098772935	9.346254665	4.786420511	8.913652968	5.7846197759999995	3.132786667	6.602543995	8.590364511	8.2797624435	5.007830501	12.76349998	7.228494335500001	6.161750213	6.653007104	5.40292294	10.49115562	6.382968391	13.325782969999999	13.325782969999999	5.821409563	12.84881082	10.66493299	8.838387994	6.223985915	8.450235503	6.498515618	10.99562338	4.967257799	5.801782481666667	3.3435272465	8.626808966	12.07503144	5.986790985333333	3.873924186	11.137637635	7.136667959	5.4732742430000005	10.75590431	3.642004502	8.555345804	5.654219474	5.638851354	4.217909867333334	5.433960904	10.21781759	9.082554417666666	10.92123037	11.24847812	9.600075858	7.025353094	7.7250756655	9.688543521	8.682323336	3.238254488	9.76918658	8.254690181	6.99117772	7.040153312	6.956849512	6.579637631	5.054599672999999	3.79850699525	5.754728362	8.761421496	7.082950045	4.818959456	5.418605835999999	8.223504846	8.547768635	7.938057625	4.545628666	7.882048322	4.125759193	5.274566715333333	9.37100462	4.6229349266	3.91421402	10.96196037	10.96196037	5.192395312	10.57991423	6.3794638575	4.885257788333333	3.590513272	8.297608479	5.771566967	7.665251867666666	10.25055854	7.167789923	9.1423485335	9.79421954	7.14392794	4.98871306	5.131266325	3.2757985400000003	8.845582253	6.266882518	6.331265529	7.265242067	5.237211933	7.330740441	12.68729687	3.186017799	8.133170175	5.329479786	10.64270032	7.936914312	3.8787708745	5.569128552	9.171551857499999	10.84723738	4.653466127	8.707603303	5.307402402	6.470645685	6.191114508	3.974243501	3.373807386	7.064189519999999	7.121985415	4.147618131	4.160952531	3.776038281	8.18392317	10.09158733	4.518671459	4.7984169085	8.011062733	5.421321388	5.77339699	5.963579312	5.963579312	5.963579312	4.2944433915	5.882617726666666	7.503469359	3.661264429	3.03570013	6.931808655	6.76059799	5.330808925	7.136878643	5.472260339	7.166369114999999	4.5984179245	5.607204897	8.405106496	8.405106496	6.491621411	4.501061747	7.115608	8.624723124	6.5642058885	4.330124197	10.58104287	3.240287938	5.76314369	9.010206095	5.010575106	5.912062163	5.864888865499999	9.131822277000001	4.519596329	4.983072614	6.282813928	5.458326023333334	3.092691122	8.412896451	4.813230842	8.665632411	6.454317771	7.001316191	5.180572747	6.704630451	5.9802097255	5.724486499	5.045095845666666	5.462247751	5.24502773	4.870395641	5.798906653	5.082798556	5.452006552
GSM366230	11.25003138	11.25003138	11.25003138	8.425934939	6.45547372	12.75729414	7.967225035	3.1630563625	7.523123595	3.5499552709999995	4.716141148	6.880513813	8.200295846	4.30392172	6.687237866	4.844128375	6.474886655	6.339413764	6.703129105	5.63740674	7.515760729	7.530946114	7.530946114	5.606318342	5.310293523	5.192289501	5.5471456205	5.719646547	4.754799029	4.754799029	5.631036657	7.801277279	7.6706073749999995	4.882042317	4.110389394	8.700420872	4.625602124	7.833746309	7.153825625	5.612394038	5.2269506759999995	7.943334322	5.173160356	6.005652387	3.471006186	6.2640340525	6.113221641333333	4.37653923	9.500737465	5.849943907	5.433686095	4.959307452	3.979986827	7.143341267	3.7891359629999997	5.261847716	6.143626867	3.822407669	4.8976650285000005	7.843472336	2.869540911	5.583257916	3.17146533	7.652027961	7.054167723500001	3.450663283	7.868514746	4.507233278	7.278098047	4.661237735	6.20511117625	5.310742859	4.809967072	8.539694646	6.572543934	4.949510173	4.117141725	3.961352132	4.782452144	7.106428452	7.613120136	4.790234139	4.908776916	12.48211509	4.1584026165	4.945251564	7.403657985	8.824766901	4.546283738	4.945901412	7.715194970500001	7.715194970500001	6.469879883	13.47421019	7.263382971	6.085631783	5.652822338	9.337861972	5.909302419	6.681022364	6.954722831	4.458059659333333	3.3999637060000003	8.576472636	8.108901352	6.168949295333333	6.327729612	10.421040758	5.879195054	8.143829534	9.541873652	7.973992519	3.841568979	5.094262031	7.622085021	3.700686570333333	6.783082801	7.354412684	7.346430040333334	6.511992189	10.78260813	7.733246855	3.212262794	5.1571108505000005	6.530529971	4.517863936	4.294703993	6.962836979	4.544306705	5.295814721	6.299879041	5.588216201	7.657013468	8.475182539	6.56042367525	7.253142812	9.687681375	4.504917818	5.933391009499999	8.2997521575	4.635799326	6.060006168	4.820511687	7.797291481	8.032774434	5.807964035	4.472828281333333	4.573038266	3.5063214612	6.567440449	10.085273706	10.085273706	6.463170966	8.150703448	4.486723916	7.4273884746666665	6.451228512	8.414897212	3.978022808	4.430566914000001	8.798784286	8.362553107	6.604429877499999	7.3605559715	4.316472958	6.624446586	8.9477787	4.78427522625	8.152195729	7.2487242145	5.386064799	3.582378374333333	9.005465627	5.383303638	12.67007643	3.215591626	7.897331721	5.84888191	7.807116487	6.6630183	5.393668673500001	4.189603383	5.84412211	10.78451288	7.253793417	4.678814291	7.848280919	8.136643257	5.079574187	4.454786627	3.524890435	4.0418085395	3.926449576	6.572998718	4.512757183	6.039407663	9.538690526	6.395569892	5.34686063	3.8776888175	8.668763358	8.414408029	5.047813169	9.101027526	9.101027526	9.101027526	5.944850951499999	6.866072192666667	4.903605939	4.706738125499999	5.163957477	7.105448573	8.537158192	5.05124064	8.207865437	3.956596016	5.695458778666667	4.669831869999999	4.93582257	9.076150241	9.076150241	3.530439663	4.888902059	8.968107051	9.004751976	4.179487377	5.36031069	8.042155101	3.275178526	8.649659026	7.286483765	8.063141534	6.369625335	6.132183667	8.075869187	6.145007155	6.186092333	7.730688954	6.603488549999999	2.968945799	7.533008812	3.578144458	9.921000023	7.26448969	5.245778031	4.813734367	5.424183975	3.4605397595	5.433711166	3.9262410403333328	5.428757026	7.7060506485	5.673958129	3.640716086	7.208342991	8.741490486
GSM366231	12.69314937	12.69314937	12.69314937	13.26109916	9.719883155	12.21727719	10.9612984	8.280706304999999	12.08897315	3.334119620714286	10.02344889	10.8589122	7.958308622	7.9305903849999995	8.901469953	9.242195132	10.65582097	10.06392385	10.78000204	6.428742138	11.8114867	10.739129300000002	10.739129300000002	2.976668441	5.148695867	8.31312096	8.968727094833334	9.281898149	7.04863	7.04863	9.680850459	7.004343431	10.556029364	5.252302837	7.837435881	7.9350139	6.253018477	7.675737145	9.37850607	8.163031131	7.111405539000001	7.000601319	7.933807788	10.64149993	8.354326947	6.3380756905	5.377809645333333	4.274363505	10.56849359	6.577161235	7.289218262	2.783539242	4.313912359	6.299221623333334	8.376618952	8.640000531	8.416430235	6.289262848	6.9526189775	10.28503817	4.608911213	7.126620027	7.325705518	7.046792672	8.8190857205	6.589639805	9.061656927	7.343560761	7.236365993	5.627943699	5.99646253925	7.687123557	5.076674042	7.1450695275	7.982682401	4.149602276	7.762270271	8.043318114	4.117641859	7.698760701	6.305754078	7.244927717	4.285235227	9.02480626	7.896077567999999	6.90072472	6.377362952	8.185056631	6.805405964	5.584279367000001	12.432898741666667	12.432898741666667	5.151778272	10.92087355	9.566273204	10.87434158	8.508471697	8.002598824	6.147773135	8.438463625	5.477509757	3.208683895666667	3.809265906	9.103463794	10.35965055	6.963244245333333	4.024752763	10.8321439085	8.546497276	8.106880453	7.731058071	5.678731561	7.780993538	7.853312035	6.717266165	3.637235817	8.953943754	7.013675918	10.075275712333335	7.18305055	11.39587061	7.992583619	3.568664944	8.281724889	7.003634591	5.954406519	4.689847595	9.461509962	7.7417028729999995	5.729990768	6.060214342	7.829239389	7.491771211	7.035271596666667	7.400727720749999	7.971600759	10.01527154	6.239173284	7.0212977695	8.4667568545	7.495182629	7.457266725	6.059625993	7.487810312	6.723480492	5.306165258	7.325509541999999	9.734840487	6.1685352226	6.747265742	10.222102124500001	10.222102124500001	5.799066901	7.347279315	6.939077811	6.278113925666666	6.146811825	7.465322485000001	3.735039948	6.149287713	9.183546254	8.987274635	5.679309653	7.622628929	3.99015159	5.028837003	7.758637613	6.41762577775	9.603233613	7.016161782499999	4.42158345	5.782814271666666	8.176701178	5.995344036	8.567244913	3.178528797	6.539834291	5.250981598	9.193294014	8.548665081	6.7419429325	4.332946189	8.470832765499999	10.8722357	7.349466623	6.318064963	8.309866103	6.939812465	6.41256144	6.626372447	5.304302392	6.112562594	4.102906185	6.199834566	4.306666709	5.254874498	8.79319149	8.555854679	6.724066119	5.311200627	8.304696637	7.8686117929999995	4.778609923	7.533030972	7.533030972	7.533030972	5.1564286379999995	6.308352391	7.203380525	4.2518726645	4.822980165	7.042007367	6.556176824	4.591537211	8.35645826	4.883498305	6.543502419	4.5987500945	7.550243867	9.315117188	9.315117188	6.387842671	4.693059765	9.1030711	7.94652778	6.910231638500001	4.65246835	6.469171617	3.250938242	7.411805545	7.340305784	7.106834916	6.728510468	7.9098398455000005	10.028041664	6.342775203	5.472992607	6.143875638	7.020449085	4.401991718	8.092419664	3.713139741	8.453289197	8.013263828	4.430461906	5.094758478	8.614703739	4.896956397	6.988957512	3.6960307199999995	7.040670858	6.5138600905	5.186998348	8.067406485	6.783146669	7.962236169
GSM366232	10.53193314	10.53193314	10.53193314	10.09403398	7.200668487	6.553352382	8.758696546	3.1263504695	9.522374865	9.419608854285714	7.41558914	8.958232452	9.377904894	5.2571132259999995	6.3923701115	6.846223031	6.534607987	7.27772038	7.98487417	6.100270449	9.173505681	6.79274384	6.79274384	4.961434111	4.154965983	5.892797464	5.823372373333334	7.019970504	4.027446095	4.027446095	6.613382442	6.482247634	8.598803626999999	4.33256498	4.461208552	8.795369419	4.60753969	7.991592491	6.40043639	6.517630983	5.6115952165	5.845799467	5.910212632	6.867951717	6.093211167	2.765927797	4.3322589670000005	7.339062134	6.886851831	6.523028749	4.605672422	4.254201081	6.781121802	7.291790052	3.6064021533333332	5.48444471	7.336631387	2.981018922	5.2217657405	8.004192241	3.310674847	6.45759437	2.890895992	8.392293573	7.61774555	3.660818662	8.619716175	4.417412297	7.055913859	4.058788781	3.3382092612500003	5.644480019	5.007535149	7.6919019330000005	6.44998025	3.792537613	3.877346877	4.420345499	4.551694143	7.20983002	5.610158595	5.188865359499999	3.816482686	11.61888745	5.176611123000001	5.590739425	6.860911348	8.725335997	4.745359434	4.8223394175	7.646314222666667	7.646314222666667	4.845448961	13.34698623	6.901872234	6.314285748	6.039586158	8.416833946	6.142263309	6.084226498	3.835103379	3.1526806303333337	3.3444868605	7.529445658	8.044656255	7.135548177666666	7.671526829	10.36761387	7.046088542	8.875889982	8.741764503	3.657589066	4.177656928	4.710413878	7.452592123	3.588729748	9.11288307	6.717707527	8.727805862	6.160044739	11.04803117	6.342419152	3.185045446	6.816115444499999	5.366430029	4.451963028	6.918982438	7.09388013	5.0273294459999995	4.444545245	4.031118819	6.17004899	8.43990591	8.837009478666667	6.274657592	6.324563149	9.806183231	4.44587473	6.27723224	9.2864544155	4.957577444	5.722929078	4.67760239	7.804491708	5.32096606	5.601585091	6.800883533666666	5.7007437625	3.8655281403999995	5.298344464	7.9578897585	7.9578897585	5.295906522	6.13568647	4.264651901000001	7.308993045666667	6.228434749	7.755816409	3.658849416	4.661551857999999	8.640004909	8.768529651	5.840975863500001	5.969735526	4.314063326	5.458975886	8.70954722	4.57679914825	8.567307406	6.9404723960000005	3.812868867	3.9795931180000004	9.001149841	3.883254886	11.54728806	3.14027164	7.347119296	5.868700732	6.523567235	7.361393655	6.7060448595	4.04500864	6.533469479	10.99149073	6.770877876	5.505641103	7.797805946	6.796412342	5.807928378	4.497252185	4.937313045	4.194267856	4.139583765	5.687238957	4.077973819	5.853818283	9.302521221	6.98422325	5.309250966	3.7664195915	7.484525049	8.489472063	6.685743437	8.665657815	8.665657815	8.665657815	5.537933359	6.019044150333333	4.899348126	6.835167397999999	4.704321091	5.865558458	8.279464486	5.116220118	6.784954184	3.934009069	5.693465173666667	4.682300438	5.751993305	8.805602721333335	8.805602721333335	4.006762216	5.885175517	8.562178797	8.019664602	5.4338627289999994	3.373810178	5.870987003	3.33500106	6.44503399	7.003714516	8.036405584	5.915803197	6.9170182195	8.727425158500001	7.385962904	5.482853534	6.46746973	6.748672708333333	2.9633004	7.822960592	3.911877592	10.18176533	7.465741863	5.380186752	4.369538341	5.832731793	3.687934205	5.577081656	3.166264852333333	5.075217386	7.1878192895	4.404188647	4.122071577	7.67686478	8.205663119
GSM366233	12.87655129	12.87655129	12.87655129	12.36771171	10.82764104	12.55835618	11.77656488	9.109704107999999	11.44550586	3.545144867285714	9.015716655	10.71136305	8.671755193	8.6490271965	9.067305794	8.693528457	9.341799072	10.04779529	8.969818651	8.747885839	11.95823422	9.037951406	9.037951406	4.565860827	8.877993167	10.34026853	7.835542231999999	9.823938913	7.366043629	7.366043629	9.351385921	8.670949003	9.9145870345	6.136851685	7.09212791	8.829287239	4.792168553	10.07398747	8.952610731	8.589108814	6.767009784000001	9.216258956	7.041514166	8.829812832	6.866011144	6.164971898999999	7.549247886666667	4.218656281	8.799132324	5.146170935	5.877937786	3.817175858	3.365403159	6.812419966	3.7206775593333337	6.0750626735	8.56811772	6.7846621	5.7534345085	9.93098022	6.178884841	7.900147353	2.941783341	6.480695189	9.420782238000001	3.592003836	8.446301012	5.388929194	7.488681626	4.584492269	6.532023593	7.676060843	5.0171276	7.3803652455	7.979208696	5.523417147	7.496531228	5.5314464994999994	3.734271373	7.368100452	6.818150625	6.2456767195000005	5.196528121	11.69062674	6.727803015	5.480506208	6.976327476	7.542658605	7.16311721	5.139541588	11.532025521666668	11.532025521666668	5.880271867	12.40871616	10.35917949	7.914458657	6.377593264	8.954925197	5.830573456	10.89570875	4.470064981	4.681657848	3.4250002410000002	9.241429276	10.68069437	7.233732247	3.638116025	10.6968601015	6.180534164	7.7514176545	9.582148731	8.045614373	5.972425078	5.180375991	6.990983512	3.9380285893333333	7.882802481	9.564069084	9.322865274333333	9.205214453	11.12239611	8.4419447	4.136452028	8.2656118555	7.885462513	6.86046392	3.567502434	8.427686645	6.944920827000001	4.689296002	6.73294972	6.381528304	7.660321558	6.450938455666667	7.34692283575	6.573649248	8.843347963	5.245562093	5.242099854	6.8655290375	6.567855052	7.723126411	6.726400652	6.654250291	6.900013649	6.014071875	5.947069788333333	7.964701206	4.2222973254	5.715375947	10.312227280999998	10.312227280999998	6.205783398	9.419641407	5.354411787	5.887781253666667	5.268225011	7.889661986	4.326243989	5.5526304863333324	9.605940442	8.702201794	8.4478654695	9.206739451499999	5.170166281	6.103040965	7.39101723	5.177595000749999	9.017713617	7.8518484505	4.251195761	5.697650788666667	8.058631946	7.782904925	11.39886118	2.975594174	5.189757178	4.790428704	10.31835821	8.175709025	5.7175570449999995	4.39534815	8.056332821	10.65764241	5.955749715	7.126012909	8.268091042	6.715281154	5.157880447	5.65234411	3.590656313	6.344002493	5.75545561	5.795207151	4.106948719	5.068518995	9.142076407	8.739888936	5.951603558	4.317498822	8.215076845	7.620480236333333	6.056723249	7.352095706	7.352095706	7.352095706	4.5593640529999995	5.637178578333334	7.431486054	5.476383382750001	4.06784896	6.947211725	7.344932534	5.252135718	6.8234122	4.803756745	7.101671748666668	4.5783057295	5.289363483	8.695981126000001	8.695981126000001	5.658889061	5.567128555	8.210663491	7.666700889	6.8593276785	5.024211074	8.82372423	3.546231139	7.839827663	7.965841718	6.33174444	6.189611866	6.354686021999999	8.465507370000001	5.370110089	5.001071347	5.187736702	6.029052005666667	3.331898627	7.735390314	4.165167324	9.28986247	7.327264791	5.545683916	4.797269507	6.751254637	4.575714285	6.131862435	4.3680548759999995	7.016873721	4.8911309695	4.364681113	4.395166972	7.383093459	7.07438183
GSM366234	12.99247704	12.99247704	12.99247704	12.50911865	10.72875009	12.26707607	11.47241292	8.3849193005	11.85487226	3.579575643428572	9.95413316	11.1087581	8.003427276	9.009695913	9.721012711	8.642295628	9.854995972	10.07675245	10.43913482	9.216145407	12.05383203	10.326142871666667	10.326142871666667	3.616717604	5.043348937	7.904056128	8.816703182333333	9.554077112	5.29793195	5.29793195	9.749273948	6.095265727	9.8207617575	5.076553322	6.906364343	8.663783259	5.842573119	10.42719993	8.399627515	9.060891714	6.925130789000001	7.778354539	7.504317765	8.656922901	7.069322214	6.3732409955	5.865424731666667	3.897002245	10.02610397	7.312238684	7.464414504	2.55066926	3.429522226	6.969263451333333	8.551484429333334	8.0422951015	8.987241186	7.311804965	6.6693047075	10.18227974	5.271502425	8.638133715	6.609285617	7.371661027	10.3367619005	7.229172895	8.566661272	7.655328964	7.436320389	5.021062322	6.048438483500001	7.484203964	5.195220515	7.4924519824999996	7.307203853	4.755135417	6.871045823	7.4556676655	3.916854962	7.092691901	6.853244609	6.084168719	5.41403423	10.15456004	6.434325601	6.590203028	6.499776124	8.362029296	6.094344355	6.280275674	11.637776070000001	11.637776070000001	4.814418327	12.07401107	10.05570885	8.726449313	6.734623114	8.766580646	5.979095401	7.807134712	4.692144494	3.078446329333333	3.9525376215	8.513728187	8.693397908	7.030895358333335	3.592311063	9.127768330999999	8.211815657	7.860123617999999	8.583977916	7.856505269	5.800331235	7.041698937	7.157191799	3.769132095333333	8.712680321	6.649399005	9.293780776	6.979677282	11.19813777	7.861348806	3.194348871	8.306546212	6.848598171	6.954989673	6.77172995	9.388573877	6.4013704030000005	5.40186501	6.085720763	6.588365119	7.749250392	6.265941901000001	5.338506055	6.993852594	9.063074093	5.848299746	6.318244516	7.983098384	6.678157458	7.524133385	5.662514132	7.448221789	6.041934313	5.115238067	7.201070435666666	8.095269284	7.010284092800001	6.212041209	9.576117274000001	9.576117274000001	6.403869106	6.361220438	5.923056244	6.776209630333334	6.369786715	8.4300092315	3.855366597	5.770399820000001	8.950461326	8.861922355	6.2855062615	7.492810621	3.861364626	5.1754718	7.810903814	6.68033462	9.182331679	6.96534847	4.938718586	5.734739780000001	8.325011698	4.580159088	10.31765015	3.157666979	7.507581409	4.784896854	9.621091594	8.316254233	6.2586133395	4.431548547	8.723876976500001	10.82751528	6.833442606	7.104620027	8.093939215	6.293448165	6.15282104	5.428811924	4.4544628	5.031137988	4.741298148	5.652840345	4.069378985	6.490072311	8.493384125	8.586445126	6.683858682	4.542080245	8.372013012	7.592693029666667	4.484391474	7.414479233	7.414479233	7.414479233	5.802768978	7.151965423	7.305238078	5.4426324479999995	4.594514396	6.303834003	7.150492496	5.399805098	6.730693311	5.103059238	6.728055501	4.479606844	7.397297242	8.341502382333333	8.341502382333333	5.341810843	5.442392002	8.536459791	6.872661333	7.1317232740000005	4.464910438	7.67702986	2.920214307	7.374142317	7.968397645	7.385087475	6.697317203	7.6134912675	9.400824535	6.160488696	6.583169771	4.570548218	6.5208566533333325	3.737287067	7.987513553	3.55261433	9.205205866	7.383244263	5.18348488	4.837780667	7.607000903	4.1980827935	5.807171447	3.9293249766666665	6.813466083	5.462300905499999	5.251823232	6.088677771	6.911553756	8.213412845
GSM366235	12.37352911	12.37352911	12.37352911	11.93666661	9.340141175	12.48971289	9.743882844	9.1000553045	12.25934582	3.4082973391428566	8.946469931	10.69598055	10.2394199	8.005112753	8.033654533	8.69716393	8.326462733	9.546712075	9.786453112	7.006265059	11.47905023	7.895289937333334	7.895289937333334	4.231053851	6.345415468	7.803372452	7.813111479833332	8.669798211	5.938218864	5.938218864	7.514314741	6.90293325	10.208174654	4.333413668	7.105879261	9.17095951	5.02505168	4.167675149	6.244002949	7.873528045	5.738169216	6.682823066	7.55223407	8.593196767	7.155518548	6.5288811495	5.095766329	7.347538757	8.810311916	7.393866574	6.106032174	4.242846452	5.156510657	7.800668123666667	6.138914803000001	6.6065529954999995	8.404497993	6.307014741	6.031432429500001	9.322366448	5.176563218	7.832501461	3.950632022	8.301109151	8.313863711	6.899100409	9.429140013	5.601312	8.697874438	4.881062361	6.25622749725	7.010436589	4.743080754	6.7115070545	7.724243224	5.488706575	7.152537652	5.621921496000001	3.546231139	7.145894402	6.712284187	6.5391740135	4.86324407	9.317005139	6.5330021995	5.224648599	8.099811667	8.869052346	5.88254677	4.989828501	10.794766458333333	10.794766458333333	5.342867092	9.754877189	7.371514664	8.333078096	6.703564417	9.795719533	5.658058379	7.346816391	6.551455596	3.4237340503333336	3.485251548	8.030584332	8.928046325	7.209822893333333	3.766572303	10.5496281505	7.344387723	8.4696712575	7.642311091	8.119805592	6.729912735	5.751818894	7.840832197	3.7814690300000002	7.638408406	7.004110819	9.210913803333334	7.620744843	10.90161078	7.317485804	3.114968566	7.9238913605	5.459510132	5.901317584	4.881062361	7.875389389	6.180185364	4.669030928	6.460714317	7.930555527	8.266473461	6.6188759243333335	3.84157017175	6.810468191	9.724847014	5.292931091	6.9038816405	8.178127041	5.625250399	7.266940191	5.724285751	7.426608561	5.915125823	8.131139056	6.572882858	7.355267964499999	4.822173945199999	7.559096594	8.858933082	8.858933082	6.833186555	7.411116904	4.687279015	7.330586547666667	6.769012991	7.918388596500001	3.197220956	4.827333937	9.065200767	8.646858147	6.646055412	7.158623049	4.50541859	5.368722555	8.54380965	7.285584694	9.24357031	7.950531289500001	4.367375395	4.645780775333333	8.759384441	7.439597516	8.785589438	3.129587087	4.849918732	5.410628121	8.565562086	7.738312864	5.692668981000001	5.139906961	7.637024601	11.07536719	7.063937337	6.664888275	7.137753867	5.482531913	6.296630153	5.235348669	4.825032433	5.2804885210000005	4.223966013	6.839909255	4.197627212	6.880968115	9.792412928	8.106544747	7.367039982	4.383194082	8.471931024	8.034825641333333	5.025231225	7.899711387	7.899711387	7.899711387	5.7790284005	5.714658152666666	6.63285886	5.35643267625	5.050090064	7.657742479	7.37568649	4.486477562	6.817628532	4.2686899	6.164247747	4.383625657	5.48358197	8.620840839666668	8.620840839666668	4.173291891	5.853878359	9.061210335	8.110056498	6.012252914499999	4.905467032	7.428240893	3.348102669	7.740881555	7.376774239	8.192517667	6.853485233	7.4316860235	9.067860735	6.252689496	5.232675085	5.80531105	6.854279374666667	2.846149993	8.138665922	3.849020495	9.370111432	8.564125948	4.526163032	4.80867574	7.00728207	3.9251774025	6.112537063	4.189582049666666	5.061824887	5.828651245	5.389774311	5.79767525	7.425623639	8.353705437
GSM366236	12.3760608	12.3760608	12.3760608	11.68214874	9.104895251	6.146606747	10.35863601	3.2564179805	11.14138799	9.051233483999999	8.202509257	11.48071545	5.552637323	6.4156434205	7.331719257	7.84238459	9.547590048	10.61634838	9.018195586	6.979792725	11.66500542	12.554308196666668	12.554308196666668	3.803723486	5.590167014	10.6733305	7.037660354166666	10.45222029	8.31336707	8.31336707	9.190182319	7.852372846	10.897223387	7.915599052	9.704687621	8.333790511	4.824156141	8.753211078	11.98725357	8.141487135	7.4128915335	8.92775138	7.40121098	9.439001597	9.307361404	2.8422776115	8.25994615	5.919714564	10.00319183	4.218455098	6.811511443	2.61587609	5.389469516	7.197387848999999	5.357108962999999	5.390506188	8.70235959	3.130360747	8.519526665	10.33346095	7.430067887	7.730144329	4.645476593	5.397958506	11.1981125165	6.113839721	8.537629893	7.604729242	8.940450141	4.802805333	3.68526640775	9.103741996	5.712937672	7.3680854060000005	7.901510909	5.113982642	9.21072685	5.90104365	4.365377222	6.206038344	7.407350601	5.440297301499999	3.965964554	11.97999337	5.563481639	9.531089139	5.596683915	5.924686803	10.3893526	7.1786228145	13.236617073333333	13.236617073333333	6.395048423	12.66291355	10.37924867	8.052873857	6.491787263	8.551567925	5.133975677	10.58079868	3.335223315	5.5349541486666665	3.321155362	11.31899353	11.83395241	6.219764206333333	4.092624379	10.484164759	8.634073358	4.6852871045	9.719473734	5.139957756	4.782976974	6.636714622	4.259952952	3.824626399	7.279364292	9.796147493	9.348673863666667	10.80825789	11.14977751	9.591332644	5.073916553	8.0040216435	9.739475955	7.323622137	6.513073196	10.67392058	7.9549141510000005	6.459233754	4.430223057	6.838764704	5.972213326	5.830669074333334	7.749659296750001	6.321006739	8.530287835	6.436998499	5.2414501645	5.4171031625	9.080094972	6.546428809	7.351553724	4.136530408	6.894182999	5.778478744	5.777790387666667	8.029331043000001	6.027765994399999	2.900810484	10.642708165	10.642708165	3.69863542	9.44132785	5.17169296	4.540464596333333	4.260486514	7.527087320000001	5.619207676	7.031897567666667	8.583398849	7.322726128	8.750431482	9.596227689500001	4.544979092	6.360922374	7.561994917	3.2565981435	8.822310556	7.6205954505	3.217150005	6.501553818333332	5.657519156	7.525585046	11.80934421	3.146218536	8.457041404	3.725932784	9.47223186	7.666975272	5.5184160235	4.412527064	8.48842281	11.46642164	5.928160392	7.518499167	8.142853227	7.581882954	3.762633961	3.606134398	3.580241069	7.6665010525	6.214899726	6.375196335	3.433613628	2.397852853	8.296562251	10.43690054	4.878219319	5.5230590605	5.994402076	4.857392964333333	6.40744528	5.886155419	5.886155419	5.886155419	4.283094705	5.577684928666667	7.916233335	5.166651674	4.615850416	7.377344468	5.489430239	5.088289098	6.617695471	7.17519902	6.466365011666667	4.9423467345	7.848961854	8.099107300333333	8.099107300333333	5.661483991	4.693045346	5.263000124	7.623970649	6.973889064	4.506614187	9.33785532	3.736888409	7.972738985	9.11799733	4.10260827	6.8633311	5.372495542499999	8.416910979	4.407517252	4.318095576	4.461519865	5.422559908333334	5.639511401	9.021488633	4.293069141	10.31467385	6.906512057	5.891912422	6.958386051	6.740183768	5.7187193515	4.089741614	3.275262516	8.388815712	5.190978326	5.631954021	3.903398092	7.778354539	5.071570071
GSM366237	12.68371659	12.68371659	12.68371659	12.20555387	10.85403526	5.84840527	10.84075134	3.048347717	10.7801597	9.665071690857143	10.41720806	11.13687812	7.489686481	7.335643727000001	8.948859911	8.465783391	10.58013203	10.73290262	9.018502728	8.95802021	11.7399295	11.547095503333333	11.547095503333333	6.185240112	4.711326903	8.711345412	8.809789083666667	9.125897401	8.295703555	8.295703555	9.488510365	8.373271895	10.231874023	5.99255011	8.691998421	7.554803706	4.325206726	9.680420833	10.79922973	9.214876003	6.8651303225	9.74895012	5.380263445	8.596237986	9.02481079	2.735694777	8.49477903	4.672996544	9.109574704	4.110841682	6.78615741	5.458333994	6.041509734	7.556914149333333	5.445967027999999	5.9446388255	8.476165878	6.177500307	6.635976428999999	10.31185259	7.64905429	7.83994525	4.319240807	5.923935569	9.6646809395	3.785455098	8.519865571	5.75034995	7.333430471	5.36716292	3.19298929425	8.658424978	5.091704559	7.9479051290000005	7.925637424	5.458333994	7.315884581	5.519145845	4.722453789	6.785235994	8.409350851	7.1952074245	4.811603621	11.51963862	5.8981643105	6.374131082	6.67839392	7.377366873	8.073324854	7.749119413499999	12.221811911666668	12.221811911666668	8.204304278	12.80348186	10.48765094	7.826051554	6.80288073	9.146140267	6.042388332	9.119566212	4.427597483	7.322516049666667	3.5548614765	10.89181582	10.15014889	5.950613028666666	3.759003186	10.010540499000001	6.904127574	7.129025545499999	9.514208533	8.538366254	5.651397432	5.547324486	6.633033155	4.314494877666667	8.403192138	10.68545163	8.587872214999999	9.383714834	10.74383972	11.30947284	4.705753434	8.7300813945	8.175318404	6.615866491	4.202368573	8.590058306	6.3326751864999995	5.369498578	4.148050027	7.624637419	6.819771712	6.325523321000001	5.4354669915	7.566922816	7.439070033	5.392537653	5.42935477	6.202166246	6.398851748	7.403558466	6.017160835	6.684675037	8.109382147	6.585575098	6.492601801666667	7.2328976385	4.9089879016	5.850454341	11.10351116	11.10351116	5.13024603	8.504678607	5.286080719999999	6.112420870333334	5.669786066	11.883312445000001	4.410517266	5.044661620333334	9.159326809	7.322039058	9.3980193345	10.030085360000001	4.653294084	5.581772557	9.339028946	3.2180125825	9.142746218	6.7301164085	5.300846106	6.403577195666666	7.950568088	7.687418997	11.91130013	3.019020658	6.825761012	4.84810722	9.542656345	8.082852831	6.829861576999999	5.634335498	7.7461377344999995	10.72098362	7.005330294	7.735579214	7.599184941	7.486546017	4.721650904	6.162342771	3.591331102	5.4492315415	5.171096678	7.177237246	4.846849618	6.325496191	9.230292544	9.485312974	6.241352209	4.892789199499999	9.248720902	6.878301945	4.78973172	8.059051801	8.059051801	8.059051801	5.919346549	7.178381415666666	7.244049446	7.1381327705	5.257331926	7.245046242	7.774574258	6.004623529	7.101530474	4.932376208	6.8620240453333325	4.573644078	6.309082179	8.147695542333333	8.147695542333333	5.189132991	6.648598979	8.507258649	7.837874062	6.9015973675	4.331538334	9.486577006	3.275632117	8.037553903	8.130980932	6.937404139	6.121105886	5.7698100475	8.499268787	7.506085826	7.075024895	5.860224654	6.292816674000001	3.305588204	8.002024639	5.261839154	10.48550389	7.318787308	6.815937153	5.358386353	6.772073976	4.947576424999999	5.519468221	3.2894117763333335	7.656590593	5.002203934500001	5.966994331	5.183468549	6.750925002	7.556438758
