fold,r,k,rank,gene,coupling_score
1,4,8,1,VWF,0.052082243409633834
1,4,8,2,MPL,0.049312621924819895
1,4,8,3,RBPMS2,0.04390414372941096
1,4,8,4,ESAM,0.04256794349813031
1,4,8,5,TNFSF10,0.037995698531428146
1,4,8,6,ITGA2B,0.03750063887469414
1,4,8,7,SERPINE2,0.03587375975388644
1,4,8,8,PROS1,0.03520679172922396
1,4,16,1,VWF,0.052082243409633834
1,4,16,2,MPL,0.049312621924819895
1,4,16,3,RBPMS2,0.04390414372941096
1,4,16,4,ESAM,0.04256794349813031
1,4,16,5,TNFSF10,0.037995698531428146
1,4,16,6,ITGA2B,0.03750063887469414
1,4,16,7,SERPINE2,0.03587375975388644
1,4,16,8,PROS1,0.03520679172922396
1,4,16,9,CLEC1B,0.03359662128157446
1,4,16,10,GADD45B,0.033283167200785266
1,4,16,11,GIMAP4,0.031245315158180263
1,4,16,12,ADM,0.031089416854037613
1,4,16,13,FGL2,0.030592658235799066
1,4,16,14,MAFB,0.02997027686997366
1,4,16,15,TSPAN33,0.029709863152192182
1,4,16,16,GP9,0.029500206729134327
1,4,32,1,VWF,0.052082243409633834
1,4,32,2,MPL,0.049312621924819895
1,4,32,3,RBPMS2,0.04390414372941096
1,4,32,4,ESAM,0.04256794349813031
1,4,32,5,TNFSF10,0.037995698531428146
1,4,32,6,ITGA2B,0.03750063887469414
1,4,32,7,SERPINE2,0.03587375975388644
1,4,32,8,PROS1,0.03520679172922396
1,4,32,9,CLEC1B,0.03359662128157446
1,4,32,10,GADD45B,0.033283167200785266
1,4,32,11,GIMAP4,0.031245315158180263
1,4,32,12,ADM,0.031089416854037613
1,4,32,13,FGL2,0.030592658235799066
1,4,32,14,MAFB,0.02997027686997366
1,4,32,15,TSPAN33,0.029709863152192182
1,4,32,16,GP9,0.029500206729134327
1,4,32,17,CX3CR1,0.028851708183844506
1,4,32,18,PHACTR1,0.028811220860461596
1,4,32,19,MX1,0.02868771779190926
1,4,32,20,SLC45A3,0.028524188282765168
1,4,32,21,GIMAP8,0.02841228089742493
1,4,32,22,CSF1R,0.028389622944819
1,4,32,23,LOC653610,0.028332750731666818
1,4,32,24,MGC13057,0.028044116023078637
1,4,32,25,HIST1H4E,0.0277627150612342
1,4,32,26,SNORD3C,0.027601368608739282
1,4,32,27,HIST1H1E,0.027520663895335196
1,4,32,28,GJB6,0.02732454729046864
1,4,32,29,HIST2H3A,0.02721720389270713
1,4,32,30,HOXA5,0.026939360478554143
1,4,32,31,MS4A2,0.02690732978952265
1,4,32,32,SNORD3A,0.026587810247186833
1,8,8,1,LOC644936,0.0807734311233778
1,8,8,2,DEFB1,0.06882229611828936
1,8,8,3,THBS1,0.06502745949798062
1,8,8,4,KIAA0367,0.0648622308528599
1,8,8,5,VWF,0.06479528489734133
1,8,8,6,NEU4,0.06401925628132776
1,8,8,7,VCAN,0.06348199546009987
1,8,8,8,GAPDHL6,0.057445948426961296
1,8,16,1,LOC644936,0.0807734311233778
1,8,16,2,DEFB1,0.06882229611828936
1,8,16,3,THBS1,0.06502745949798062
1,8,16,4,KIAA0367,0.0648622308528599
1,8,16,5,VWF,0.06479528489734133
1,8,16,6,NEU4,0.06401925628132776
1,8,16,7,VCAN,0.06348199546009987
1,8,16,8,GAPDHL6,0.057445948426961296
1,8,16,9,EPB42,0.05625253857804255
1,8,16,10,RAP1GAP,0.056181783774288716
1,8,16,11,PI3,0.053410538410657314
1,8,16,12,MAFB,0.052589860801047
1,8,16,13,TGFBI,0.05221535882815633
1,8,16,14,ASGR1,0.052188825775541674
1,8,16,15,MPL,0.04975686452591562
1,8,16,16,PCOLCE2,0.048472681988422237
1,8,32,1,LOC644936,0.0807734311233778
1,8,32,2,DEFB1,0.06882229611828936
1,8,32,3,THBS1,0.06502745949798062
1,8,32,4,KIAA0367,0.0648622308528599
1,8,32,5,VWF,0.06479528489734133
1,8,32,6,NEU4,0.06401925628132776
1,8,32,7,VCAN,0.06348199546009987
1,8,32,8,GAPDHL6,0.057445948426961296
1,8,32,9,EPB42,0.05625253857804255
1,8,32,10,RAP1GAP,0.056181783774288716
1,8,32,11,PI3,0.053410538410657314
1,8,32,12,MAFB,0.052589860801047
1,8,32,13,TGFBI,0.05221535882815633
1,8,32,14,ASGR1,0.052188825775541674
1,8,32,15,MPL,0.04975686452591562
1,8,32,16,PCOLCE2,0.048472681988422237
1,8,32,17,RBPMS2,0.04720039897651271
1,8,32,18,SNORD3C,0.045161836455650146
1,8,32,19,GADD45B,0.044558504467978634
1,8,32,20,ESAM,0.04448442272764902
1,8,32,21,SERPINE2,0.04427039946287194
1,8,32,22,PROS1,0.04397319295172675
1,8,32,23,CTSL1,0.04357587079258225
1,8,32,24,SPTA1,0.0435311680468432
1,8,32,25,PHACTR1,0.04341058425678728
1,8,32,26,C1orf150,0.0431988279056478
1,8,32,27,CLIC3,0.04298465722277824
1,8,32,28,RNU1A3,0.042943785719408614
1,8,32,29,RHAG,0.0425276038994535
1,8,32,30,IL8RB,0.04243269636448856
1,8,32,31,ITGA2B,0.042343800949457874
1,8,32,32,EMP1,0.042329292828738714
1,16,8,1,GTSF1,0.14790435386392842
1,16,8,2,LOC100133875,0.14359611829956048
1,16,8,3,IFI27,0.1427743606912356
1,16,8,4,GAPDHL6,0.12822523949879094
1,16,8,5,LILRA3,0.12784255568958872
1,16,8,6,LOC644936,0.1198439142514125
1,16,8,7,KIAA0367,0.11896161649003252
1,16,8,8,LOC654055,0.11029191798211244
1,16,16,1,GTSF1,0.14790435386392842
1,16,16,2,LOC100133875,0.14359611829956048
1,16,16,3,IFI27,0.1427743606912356
1,16,16,4,GAPDHL6,0.12822523949879094
1,16,16,5,LILRA3,0.12784255568958872
1,16,16,6,LOC644936,0.1198439142514125
1,16,16,7,KIAA0367,0.11896161649003252
1,16,16,8,LOC654055,0.11029191798211244
1,16,16,9,DEFB1,0.10962877898849034
1,16,16,10,TEX101,0.10938438437559231
1,16,16,11,MX1,0.10491459775410059
1,16,16,12,BAMBI,0.10324996541391573
1,16,16,13,GSTM1,0.10310397110820407
1,16,16,14,THBS1,0.10172124898230059
1,16,16,15,HBBP1,0.1007931676256957
1,16,16,16,RAP1GAP,0.09933658119756635
1,16,32,1,GTSF1,0.14790435386392842
1,16,32,2,LOC100133875,0.14359611829956048
1,16,32,3,IFI27,0.1427743606912356
1,16,32,4,GAPDHL6,0.12822523949879094
1,16,32,5,LILRA3,0.12784255568958872
1,16,32,6,LOC644936,0.1198439142514125
1,16,32,7,KIAA0367,0.11896161649003252
1,16,32,8,LOC654055,0.11029191798211244
1,16,32,9,DEFB1,0.10962877898849034
1,16,32,10,TEX101,0.10938438437559231
1,16,32,11,MX1,0.10491459775410059
1,16,32,12,BAMBI,0.10324996541391573
1,16,32,13,GSTM1,0.10310397110820407
1,16,32,14,THBS1,0.10172124898230059
1,16,32,15,HBBP1,0.1007931676256957
1,16,32,16,RAP1GAP,0.09933658119756635
1,16,32,17,C1orf150,0.09735121788135127
1,16,32,18,PI3,0.09662652659949834
1,16,32,19,LOC100132394,0.09622186542567027
1,16,32,20,LOC727908,0.09563107296561948
1,16,32,21,KIAA1324,0.09439657360670337
1,16,32,22,LOC729645,0.09369946991827406
1,16,32,23,TPSAB1,0.09349454791335615
1,16,32,24,SLC4A1,0.09323219038928184
1,16,32,25,EPB42,0.09174700722583355
1,16,32,26,HLA-A29.1,0.09076923562343805
1,16,32,27,HES4,0.09006897755747081
1,16,32,28,SPTA1,0.08989316586642505
1,16,32,29,IFIT1L,0.08947353307354762
1,16,32,30,VCAN,0.08936744068115118
1,16,32,31,RPS4Y2,0.0879995998621437
1,16,32,32,XIST,0.08718672830420614
2,4,8,1,VWF,0.050500692707629025
2,4,8,2,MPL,0.04275998240409974
2,4,8,3,MX1,0.041094987838809875
2,4,8,4,RBPMS2,0.03989181106196267
2,4,8,5,SERPINE2,0.03859788273871325
2,4,8,6,ESAM,0.038595374286313856
2,4,8,7,FGL2,0.03729372779846494
2,4,8,8,HIST1H4E,0.033599336661973234
2,4,16,1,VWF,0.050500692707629025
2,4,16,2,MPL,0.04275998240409974
2,4,16,3,MX1,0.041094987838809875
2,4,16,4,RBPMS2,0.03989181106196267
2,4,16,5,SERPINE2,0.03859788273871325
2,4,16,6,ESAM,0.038595374286313856
2,4,16,7,FGL2,0.03729372779846494
2,4,16,8,HIST1H4E,0.033599336661973234
2,4,16,9,IL8RB,0.03332488201367268
2,4,16,10,TSPAN33,0.03263956856447875
2,4,16,11,TNFSF10,0.03239645070809815
2,4,16,12,ITGA2B,0.03224063027602931
2,4,16,13,CLEC1B,0.03198358542549978
2,4,16,14,HIST1H2AH,0.03153784680951646
2,4,16,15,GP9,0.030065308729731937
2,4,16,16,IFIT3,0.029328036828661416
2,4,32,1,VWF,0.050500692707629025
2,4,32,2,MPL,0.04275998240409974
2,4,32,3,MX1,0.041094987838809875
2,4,32,4,RBPMS2,0.03989181106196267
2,4,32,5,SERPINE2,0.03859788273871325
2,4,32,6,ESAM,0.038595374286313856
2,4,32,7,FGL2,0.03729372779846494
2,4,32,8,HIST1H4E,0.033599336661973234
2,4,32,9,IL8RB,0.03332488201367268
2,4,32,10,TSPAN33,0.03263956856447875
2,4,32,11,TNFSF10,0.03239645070809815
2,4,32,12,ITGA2B,0.03224063027602931
2,4,32,13,CLEC1B,0.03198358542549978
2,4,32,14,HIST1H2AH,0.03153784680951646
2,4,32,15,GP9,0.030065308729731937
2,4,32,16,IFIT3,0.029328036828661416
2,4,32,17,MS4A2,0.02912557501152079
2,4,32,18,SNORD3C,0.028564566464368415
2,4,32,19,PROS1,0.02823070480307771
2,4,32,20,HIST2H2BF,0.027521248198244763
2,4,32,21,HOXA5,0.02722313530121988
2,4,32,22,RNU1A3,0.02686460547388698
2,4,32,23,IFIT2,0.026772933606025954
2,4,32,24,HIST1H1B,0.026639302321305562
2,4,32,25,SNORD3A,0.0263514283156014
2,4,32,26,HBM,0.02628655614086575
2,4,32,27,HIST1H2AE,0.026246511133126225
2,4,32,28,RNU1F1,0.026097233813316155
2,4,32,29,HIST1H2BG,0.025999952062653955
2,4,32,30,DEFA4,0.02543336364889341
2,4,32,31,TCN1,0.024951596040164035
2,4,32,32,HIST2H3A,0.02489037097589632
2,8,8,1,LOC644936,0.07984334410827366
2,8,8,2,GAPDHL6,0.07266529803107762
2,8,8,3,RAP1GAP,0.0686491352526713
2,8,8,4,SELENBP1,0.0680641688914274
2,8,8,5,EPB42,0.06441235239509278
2,8,8,6,SLC4A1,0.06408656506815318
2,8,8,7,KLHL15,0.06353909429052484
2,8,8,8,GYPB,0.060408559775284046
2,8,16,1,LOC644936,0.07984334410827366
2,8,16,2,GAPDHL6,0.07266529803107762
2,8,16,3,RAP1GAP,0.0686491352526713
2,8,16,4,SELENBP1,0.0680641688914274
2,8,16,5,EPB42,0.06441235239509278
2,8,16,6,SLC4A1,0.06408656506815318
2,8,16,7,KLHL15,0.06353909429052484
2,8,16,8,GYPB,0.060408559775284046
2,8,16,9,IFIT1L,0.059710070887624055
2,8,16,10,ADM,0.0596880990375062
2,8,16,11,HIST2H2BF,0.05958274560079946
2,8,16,12,HBM,0.05820683968169489
2,8,16,13,IFI27,0.05741898692491449
2,8,16,14,AHSP,0.0572883823771872
2,8,16,15,MAFB,0.05699803929776613
2,8,16,16,OSBP2,0.05669119922911003
2,8,32,1,LOC644936,0.07984334410827366
2,8,32,2,GAPDHL6,0.07266529803107762
2,8,32,3,RAP1GAP,0.0686491352526713
2,8,32,4,SELENBP1,0.0680641688914274
2,8,32,5,EPB42,0.06441235239509278
2,8,32,6,SLC4A1,0.06408656506815318
2,8,32,7,KLHL15,0.06353909429052484
2,8,32,8,GYPB,0.060408559775284046
2,8,32,9,IFIT1L,0.059710070887624055
2,8,32,10,ADM,0.0596880990375062
2,8,32,11,HIST2H2BF,0.05958274560079946
2,8,32,12,HBM,0.05820683968169489
2,8,32,13,IFI27,0.05741898692491449
2,8,32,14,AHSP,0.0572883823771872
2,8,32,15,MAFB,0.05699803929776613
2,8,32,16,OSBP2,0.05669119922911003
2,8,32,17,CA1,0.056184273682701014
2,8,32,18,VWF,0.055967108872658385
2,8,32,19,TNFSF10,0.05572252064878072
2,8,32,20,VCAN,0.0538292346592371
2,8,32,21,CD83,0.05304396907987237
2,8,32,22,GTSF1,0.052074797257745296
2,8,32,23,EMP1,0.050118637910595405
2,8,32,24,HLA-A29.1,0.049510897825200295
2,8,32,25,SPTA1,0.04940783057870106
2,8,32,26,PHACTR1,0.04872581291749904
2,8,32,27,ABP1,0.04816008644753262
2,8,32,28,MX1,0.04810179200932929
2,8,32,29,CCL4L1,0.04792620309550583
2,8,32,30,GIMAP4,0.04725046525376307
2,8,32,31,IL8RB,0.04684309246480689
2,8,32,32,MPL,0.04654020815635233
2,16,8,1,DEFB1,0.15830638178895162
2,16,8,2,BAMBI,0.14970601900946204
2,16,8,3,GTSF1,0.14498020663255973
2,16,8,4,LOC654055,0.13226821360380134
2,16,8,5,LOC644936,0.12720216044334884
2,16,8,6,THBS1,0.12271042907683065
2,16,8,7,LOC100132394,0.11478028850660467
2,16,8,8,HLA-DRB5,0.11374480131321135
2,16,16,1,DEFB1,0.15830638178895162
2,16,16,2,BAMBI,0.14970601900946204
2,16,16,3,GTSF1,0.14498020663255973
2,16,16,4,LOC654055,0.13226821360380134
2,16,16,5,LOC644936,0.12720216044334884
2,16,16,6,THBS1,0.12271042907683065
2,16,16,7,LOC100132394,0.11478028850660467
2,16,16,8,HLA-DRB5,0.11374480131321135
2,16,16,9,GAPDHL6,0.1136130011596002
2,16,16,10,HLA-DRB1,0.11301309753301778
2,16,16,11,IFI27,0.10877467891287337
2,16,16,12,HLA-A29.1,0.104790316003633
2,16,16,13,KIAA0367,0.10380088243723815
2,16,16,14,IL1B,0.1016971895164155
2,16,16,15,C1orf150,0.0986874901391551
2,16,16,16,TPSAB1,0.09710456886506107
2,16,32,1,DEFB1,0.15830638178895162
2,16,32,2,BAMBI,0.14970601900946204
2,16,32,3,GTSF1,0.14498020663255973
2,16,32,4,LOC654055,0.13226821360380134
2,16,32,5,LOC644936,0.12720216044334884
2,16,32,6,THBS1,0.12271042907683065
2,16,32,7,LOC100132394,0.11478028850660467
2,16,32,8,HLA-DRB5,0.11374480131321135
2,16,32,9,GAPDHL6,0.1136130011596002
2,16,32,10,HLA-DRB1,0.11301309753301778
2,16,32,11,IFI27,0.10877467891287337
2,16,32,12,HLA-A29.1,0.104790316003633
2,16,32,13,KIAA0367,0.10380088243723815
2,16,32,14,IL1B,0.1016971895164155
2,16,32,15,C1orf150,0.0986874901391551
2,16,32,16,TPSAB1,0.09710456886506107
2,16,32,17,LAMA5,0.09654361223809681
2,16,32,18,ABP1,0.09473461584738815
2,16,32,19,RAP1GAP,0.09366915607821849
2,16,32,20,KLHL15,0.09303351693314577
2,16,32,21,LOC729645,0.09270263946331828
2,16,32,22,MIR1974,0.09091375890800336
2,16,32,23,HES4,0.09037690593834434
2,16,32,24,CDC20,0.09017102986310342
2,16,32,25,GSTM1,0.0895734661078426
2,16,32,26,PI3,0.088369756611731
2,16,32,27,HBEGF,0.08661947820193576
2,16,32,28,LOC100008588,0.08630249998868673
2,16,32,29,LGALS2,0.08505683377907179
2,16,32,30,EBI2,0.08451957218203249
2,16,32,31,TPSB2,0.08362768760372949
2,16,32,32,IFIT2,0.08267554084614806
3,4,8,1,VWF,0.049928268485795325
3,4,8,2,MPL,0.043444436420759
3,4,8,3,ESAM,0.04120050113586493
3,4,8,4,RBPMS2,0.040508624562790814
3,4,8,5,TNFSF10,0.03980377659746275
3,4,8,6,CLEC1B,0.038141961626951375
3,4,8,7,ITGA2B,0.03719409688182058
3,4,8,8,SERPINE2,0.03602204727803323
3,4,16,1,VWF,0.049928268485795325
3,4,16,2,MPL,0.043444436420759
3,4,16,3,ESAM,0.04120050113586493
3,4,16,4,RBPMS2,0.040508624562790814
3,4,16,5,TNFSF10,0.03980377659746275
3,4,16,6,CLEC1B,0.038141961626951375
3,4,16,7,ITGA2B,0.03719409688182058
3,4,16,8,SERPINE2,0.03602204727803323
3,4,16,9,TSPAN33,0.03338515927893204
3,4,16,10,MS4A2,0.03335645240836482
3,4,16,11,FGL2,0.03304432309484346
3,4,16,12,PROS1,0.03161322506554188
3,4,16,13,HIST1H4E,0.030890078554574155
3,4,16,14,MAFB,0.030585263183645777
3,4,16,15,HIST1H2AM,0.030231633666360468
3,4,16,16,SNORD3C,0.029959446469815
3,4,32,1,VWF,0.049928268485795325
3,4,32,2,MPL,0.043444436420759
3,4,32,3,ESAM,0.04120050113586493
3,4,32,4,RBPMS2,0.040508624562790814
3,4,32,5,TNFSF10,0.03980377659746275
3,4,32,6,CLEC1B,0.038141961626951375
3,4,32,7,ITGA2B,0.03719409688182058
3,4,32,8,SERPINE2,0.03602204727803323
3,4,32,9,TSPAN33,0.03338515927893204
3,4,32,10,MS4A2,0.03335645240836482
3,4,32,11,FGL2,0.03304432309484346
3,4,32,12,PROS1,0.03161322506554188
3,4,32,13,HIST1H4E,0.030890078554574155
3,4,32,14,MAFB,0.030585263183645777
3,4,32,15,HIST1H2AM,0.030231633666360468
3,4,32,16,SNORD3C,0.029959446469815
3,4,32,17,GP9,0.02960117661378916
3,4,32,18,HIST2H3A,0.02927866821780716
3,4,32,19,MGC13057,0.028501306796694468
3,4,32,20,SNORD3A,0.02849414501114527
3,4,32,21,HBM,0.027704526503866806
3,4,32,22,ITGB3,0.02736170177229664
3,4,32,23,HIST2H2BF,0.026714102507270954
3,4,32,24,DEFA4,0.026363490539764774
3,4,32,25,RNU1A3,0.02519845551059049
3,4,32,26,VCAN,0.024789031391120722
3,4,32,27,IL8RB,0.024771255085035467
3,4,32,28,TGFBI,0.024606241513417556
3,4,32,29,TCN1,0.024405642303658524
3,4,32,30,HIST1H1B,0.024325805116098723
3,4,32,31,F13A1,0.024211673977935635
3,4,32,32,LTF,0.024160930845110104
3,8,8,1,KIAA0367,0.07625525405847856
3,8,8,2,SELENBP1,0.07308096025525886
3,8,8,3,EPB42,0.07207886725250304
3,8,8,4,SLC4A1,0.07176807437249859
3,8,8,5,HBM,0.0666788874009178
3,8,8,6,IFIT1L,0.06600939128870971
3,8,8,7,GYPB,0.06583639522176615
3,8,8,8,AHSP,0.06520982826865375
3,8,16,1,KIAA0367,0.07625525405847856
3,8,16,2,SELENBP1,0.07308096025525886
3,8,16,3,EPB42,0.07207886725250304
3,8,16,4,SLC4A1,0.07176807437249859
3,8,16,5,HBM,0.0666788874009178
3,8,16,6,IFIT1L,0.06600939128870971
3,8,16,7,GYPB,0.06583639522176615
3,8,16,8,AHSP,0.06520982826865375
3,8,16,9,OSBP2,0.0633232260688817
3,8,16,10,CA1,0.062572914551606
3,8,16,11,LGALS2,0.058991429583040406
3,8,16,12,SPTA1,0.0589829946608691
3,8,16,13,RHAG,0.05864950216355945
3,8,16,14,MAFB,0.05704233392521527
3,8,16,15,VCAN,0.05619012262368456
3,8,16,16,RAP1GAP,0.05611639748929424
3,8,32,1,KIAA0367,0.07625525405847856
3,8,32,2,SELENBP1,0.07308096025525886
3,8,32,3,EPB42,0.07207886725250304
3,8,32,4,SLC4A1,0.07176807437249859
3,8,32,5,HBM,0.0666788874009178
3,8,32,6,IFIT1L,0.06600939128870971
3,8,32,7,GYPB,0.06583639522176615
3,8,32,8,AHSP,0.06520982826865375
3,8,32,9,OSBP2,0.0633232260688817
3,8,32,10,CA1,0.062572914551606
3,8,32,11,LGALS2,0.058991429583040406
3,8,32,12,SPTA1,0.0589829946608691
3,8,32,13,RHAG,0.05864950216355945
3,8,32,14,MAFB,0.05704233392521527
3,8,32,15,VCAN,0.05619012262368456
3,8,32,16,RAP1GAP,0.05611639748929424
3,8,32,17,VWF,0.055505004167378746
3,8,32,18,TGFBI,0.05534498479350487
3,8,32,19,GJB6,0.052576648898560556
3,8,32,20,PHACTR1,0.05201484592359762
3,8,32,21,SERPINE2,0.05077260717169249
3,8,32,22,NEU4,0.05007506834013798
3,8,32,23,TNFSF10,0.049484530979163346
3,8,32,24,G0S2,0.04752928520976283
3,8,32,25,HES4,0.04700584617357935
3,8,32,26,IL8RB,0.04669164100408152
3,8,32,27,LOC654055,0.046342316104584357
3,8,32,28,CLEC11A,0.04608110588443612
3,8,32,29,MPL,0.04604171963109016
3,8,32,30,GIMAP8,0.04591627083639104
3,8,32,31,RNU1A3,0.04514031407853428
3,8,32,32,HIST2H2AB,0.045030447084131744
3,16,8,1,DEFB1,0.16294719814945846
3,16,8,2,HLA-A29.1,0.1480922100228432
3,16,8,3,GTSF1,0.13559174862544607
3,16,8,4,KIAA0367,0.11984677988457082
3,16,8,5,LOC100133875,0.11837698063847811
3,16,8,6,GSTM1,0.11698368511911675
3,16,8,7,TEX101,0.11568335464500148
3,16,8,8,LOC654055,0.11429375417316355
3,16,16,1,DEFB1,0.16294719814945846
3,16,16,2,HLA-A29.1,0.1480922100228432
3,16,16,3,GTSF1,0.13559174862544607
3,16,16,4,KIAA0367,0.11984677988457082
3,16,16,5,LOC100133875,0.11837698063847811
3,16,16,6,GSTM1,0.11698368511911675
3,16,16,7,TEX101,0.11568335464500148
3,16,16,8,LOC654055,0.11429375417316355
3,16,16,9,LILRA3,0.11112664372352189
3,16,16,10,TPSAB1,0.1098412848672838
3,16,16,11,LOC644936,0.10690908131684736
3,16,16,12,LOC100132394,0.10089619786996933
3,16,16,13,LGALS2,0.0991130981605694
3,16,16,14,LOC727908,0.09736639112249591
3,16,16,15,RAP1GAP,0.0963571435126445
3,16,16,16,TPSB2,0.095950909128302
3,16,32,1,DEFB1,0.16294719814945846
3,16,32,2,HLA-A29.1,0.1480922100228432
3,16,32,3,GTSF1,0.13559174862544607
3,16,32,4,KIAA0367,0.11984677988457082
3,16,32,5,LOC100133875,0.11837698063847811
3,16,32,6,GSTM1,0.11698368511911675
3,16,32,7,TEX101,0.11568335464500148
3,16,32,8,LOC654055,0.11429375417316355
3,16,32,9,LILRA3,0.11112664372352189
3,16,32,10,TPSAB1,0.1098412848672838
3,16,32,11,LOC644936,0.10690908131684736
3,16,32,12,LOC100132394,0.10089619786996933
3,16,32,13,LGALS2,0.0991130981605694
3,16,32,14,LOC727908,0.09736639112249591
3,16,32,15,RAP1GAP,0.0963571435126445
3,16,32,16,TPSB2,0.095950909128302
3,16,32,17,THBS1,0.09580289998695438
3,16,32,18,PI3,0.09310900031423924
3,16,32,19,SPTA1,0.0925290007557467
3,16,32,20,BEX1,0.09232372143181601
3,16,32,21,XIST,0.09195835106320173
3,16,32,22,VCAN,0.09176346268421552
3,16,32,23,IFIT1L,0.09061655757996398
3,16,32,24,IL1B,0.09050163058338025
3,16,32,25,RPS4Y2,0.08805597685546747
3,16,32,26,GAPDHL6,0.087351714014594
3,16,32,27,LOC729645,0.08658678487345534
3,16,32,28,RPS4Y1,0.08643208265160225
3,16,32,29,MIR1974,0.0862248838546574
3,16,32,30,FPR2,0.08546638194086714
3,16,32,31,C1orf150,0.08540442369915877
3,16,32,32,SLC45A3,0.08539948222611231
4,4,8,1,MAFB,0.04436935114442536
4,4,8,2,VWF,0.037481138240768264
4,4,8,3,TREM1,0.03737965138245674
4,4,8,4,HIST1H1E,0.03666417885828395
4,4,8,5,G0S2,0.036596020533116565
4,4,8,6,VCAN,0.035888664712614
4,4,8,7,MPL,0.035584048303259265
4,4,8,8,HIST1H4E,0.03429592269813204
4,4,16,1,MAFB,0.04436935114442536
4,4,16,2,VWF,0.037481138240768264
4,4,16,3,TREM1,0.03737965138245674
4,4,16,4,HIST1H1E,0.03666417885828395
4,4,16,5,G0S2,0.036596020533116565
4,4,16,6,VCAN,0.035888664712614
4,4,16,7,MPL,0.035584048303259265
4,4,16,8,HIST1H4E,0.03429592269813204
4,4,16,9,HIST1H1B,0.03411291775824574
4,4,16,10,CCL3L1,0.03394071903650412
4,4,16,11,ESAM,0.03389229255178224
4,4,16,12,CLEC1B,0.03347449970258438
4,4,16,13,TGFBI,0.03278187181200581
4,4,16,14,SERPINE2,0.0323818310087873
4,4,16,15,RBPMS2,0.03233886770145667
4,4,16,16,HIST1H1D,0.03181949723071417
4,4,32,1,MAFB,0.04436935114442536
4,4,32,2,VWF,0.037481138240768264
4,4,32,3,TREM1,0.03737965138245674
4,4,32,4,HIST1H1E,0.03666417885828395
4,4,32,5,G0S2,0.036596020533116565
4,4,32,6,VCAN,0.035888664712614
4,4,32,7,MPL,0.035584048303259265
4,4,32,8,HIST1H4E,0.03429592269813204
4,4,32,9,HIST1H1B,0.03411291775824574
4,4,32,10,CCL3L1,0.03394071903650412
4,4,32,11,ESAM,0.03389229255178224
4,4,32,12,CLEC1B,0.03347449970258438
4,4,32,13,TGFBI,0.03278187181200581
4,4,32,14,SERPINE2,0.0323818310087873
4,4,32,15,RBPMS2,0.03233886770145667
4,4,32,16,HIST1H1D,0.03181949723071417
4,4,32,17,LOC653610,0.03149859611979015
4,4,32,18,HIST1H2BG,0.031261486814700534
4,4,32,19,PROS1,0.031031048934511262
4,4,32,20,HIST1H2AH,0.03087208074670062
4,4,32,21,KIAA0367,0.030642445894576823
4,4,32,22,CCL3L3,0.030642086807705405
4,4,32,23,RNU1F1,0.02899464245690896
4,4,32,24,CCL4L1,0.0289765777236729
4,4,32,25,HOXA5,0.028857370601196378
4,4,32,26,HIST1H2AE,0.02859472138043638
4,4,32,27,ITGB3,0.027990244479730933
4,4,32,28,LTF,0.027461179602397388
4,4,32,29,LOC728835,0.02721077479124746
4,4,32,30,ITGA2B,0.02697884051061116
4,4,32,31,CCL3,0.026845665068750777
4,4,32,32,ADM,0.024868846464748254
4,8,8,1,LGALS2,0.07147642601363442
4,8,8,2,GYPB,0.06524508633609777
4,8,8,3,NEU4,0.06463002717621265
4,8,8,4,SPTA1,0.06347094041889625
4,8,8,5,GTSF1,0.06043489864771302
4,8,8,6,VCAN,0.05938224709861728
4,8,8,7,BAMBI,0.05787536707571951
4,8,8,8,CA1,0.057386619622103
4,8,16,1,LGALS2,0.07147642601363442
4,8,16,2,GYPB,0.06524508633609777
4,8,16,3,NEU4,0.06463002717621265
4,8,16,4,SPTA1,0.06347094041889625
4,8,16,5,GTSF1,0.06043489864771302
4,8,16,6,VCAN,0.05938224709861728
4,8,16,7,BAMBI,0.05787536707571951
4,8,16,8,CA1,0.057386619622103
4,8,16,9,TREM1,0.05442453100304715
4,8,16,10,HBM,0.05424666953316763
4,8,16,11,PRSSL1,0.053865673344109785
4,8,16,12,C1orf186,0.05373168754288797
4,8,16,13,MAFB,0.05333899380599146
4,8,16,14,LOC729645,0.05328466714129146
4,8,16,15,PI3,0.053038885790689674
4,8,16,16,TGFBI,0.052747662074937085
4,8,32,1,LGALS2,0.07147642601363442
4,8,32,2,GYPB,0.06524508633609777
4,8,32,3,NEU4,0.06463002717621265
4,8,32,4,SPTA1,0.06347094041889625
4,8,32,5,GTSF1,0.06043489864771302
4,8,32,6,VCAN,0.05938224709861728
4,8,32,7,BAMBI,0.05787536707571951
4,8,32,8,CA1,0.057386619622103
4,8,32,9,TREM1,0.05442453100304715
4,8,32,10,HBM,0.05424666953316763
4,8,32,11,PRSSL1,0.053865673344109785
4,8,32,12,C1orf186,0.05373168754288797
4,8,32,13,MAFB,0.05333899380599146
4,8,32,14,LOC729645,0.05328466714129146
4,8,32,15,PI3,0.053038885790689674
4,8,32,16,TGFBI,0.052747662074937085
4,8,32,17,IFIT1L,0.052418337107731486
4,8,32,18,KIAA0367,0.0511636395817292
4,8,32,19,SERPINE2,0.051035025151915006
4,8,32,20,BEX1,0.05094107105029767
4,8,32,21,RAP1GAP,0.05089627834287137
4,8,32,22,RHAG,0.05077428805852189
4,8,32,23,G0S2,0.04938801704709809
4,8,32,24,SLC4A1,0.04900811535091279
4,8,32,25,LOC653610,0.047711049892595336
4,8,32,26,CCL4L1,0.04661350633350075
4,8,32,27,MS4A2,0.04648894173944245
4,8,32,28,THBS1,0.04641639548913457
4,8,32,29,CYorf15A,0.04629424914157113
4,8,32,30,AHSP,0.04625918892347027
4,8,32,31,EPB42,0.04618458795140159
4,8,32,32,IFIT2,0.045683978185670895
4,16,8,1,BAMBI,0.1632971339400085
4,16,8,2,DEFB1,0.16197932684321104
4,16,8,3,LOC100133875,0.1507426586583559
4,16,8,4,LOC644936,0.1457904685605593
4,16,8,5,GAPDHL6,0.1390988462794912
4,16,8,6,GTSF1,0.1274758474944326
4,16,8,7,LOC729645,0.12623377015172382
4,16,8,8,LILRA3,0.12223488499468001
4,16,16,1,BAMBI,0.1632971339400085
4,16,16,2,DEFB1,0.16197932684321104
4,16,16,3,LOC100133875,0.1507426586583559
4,16,16,4,LOC644936,0.1457904685605593
4,16,16,5,GAPDHL6,0.1390988462794912
4,16,16,6,GTSF1,0.1274758474944326
4,16,16,7,LOC729645,0.12623377015172382
4,16,16,8,LILRA3,0.12223488499468001
4,16,16,9,IL1B,0.11194601178185036
4,16,16,10,LGALS2,0.11159613497114146
4,16,16,11,TPSAB1,0.11130025505197422
4,16,16,12,LOC731682,0.11016530892481059
4,16,16,13,IFI27,0.1086998934766395
4,16,16,14,CDC20,0.10739085981748493
4,16,16,15,TPSB2,0.10571288391056481
4,16,16,16,LOC100132394,0.10571167394404538
4,16,32,1,BAMBI,0.1632971339400085
4,16,32,2,DEFB1,0.16197932684321104
4,16,32,3,LOC100133875,0.1507426586583559
4,16,32,4,LOC644936,0.1457904685605593
4,16,32,5,GAPDHL6,0.1390988462794912
4,16,32,6,GTSF1,0.1274758474944326
4,16,32,7,LOC729645,0.12623377015172382
4,16,32,8,LILRA3,0.12223488499468001
4,16,32,9,IL1B,0.11194601178185036
4,16,32,10,LGALS2,0.11159613497114146
4,16,32,11,TPSAB1,0.11130025505197422
4,16,32,12,LOC731682,0.11016530892481059
4,16,32,13,IFI27,0.1086998934766395
4,16,32,14,CDC20,0.10739085981748493
4,16,32,15,TPSB2,0.10571288391056481
4,16,32,16,LOC100132394,0.10571167394404538
4,16,32,17,PI3,0.1042920845629835
4,16,32,18,HLA-A29.1,0.10160974005505588
4,16,32,19,KIAA0367,0.09685708774750898
4,16,32,20,GSTM1,0.09560216322626068
4,16,32,21,RPS4Y2,0.09412551864438409
4,16,32,22,LOC642113,0.09328761619547814
4,16,32,23,ABP1,0.09315281594516876
4,16,32,24,MX1,0.0919984826256475
4,16,32,25,SPRYD5,0.090731618220856
4,16,32,26,HOXA5,0.09021572179638765
4,16,32,27,VCAN,0.08988152578216041
4,16,32,28,CYorf15A,0.08896487246248325
4,16,32,29,C1orf186,0.08807936897069858
4,16,32,30,SOCS2,0.08742028964816753
4,16,32,31,LOC100008588,0.0865590188915152
4,16,32,32,NEU4,0.08481225921824069
5,4,8,1,VWF,0.04194550393198735
5,4,8,2,DEFB1,0.033954060576591304
5,4,8,3,MPL,0.03385797511667373
5,4,8,4,SERPINE2,0.0322002154213101
5,4,8,5,RBPMS2,0.03184531932769447
5,4,8,6,EPDR1,0.03049656395857336
5,4,8,7,RHAG,0.03000302156064225
5,4,8,8,TMCC2,0.02941208194527273
5,4,16,1,VWF,0.04194550393198735
5,4,16,2,DEFB1,0.033954060576591304
5,4,16,3,MPL,0.03385797511667373
5,4,16,4,SERPINE2,0.0322002154213101
5,4,16,5,RBPMS2,0.03184531932769447
5,4,16,6,EPDR1,0.03049656395857336
5,4,16,7,RHAG,0.03000302156064225
5,4,16,8,TMCC2,0.02941208194527273
5,4,16,9,ADM,0.029253302401322283
5,4,16,10,IFIT2,0.0287968236274046
5,4,16,11,LTF,0.028198988491382478
5,4,16,12,SPTA1,0.02779909686110752
5,4,16,13,ESAM,0.027635069581905383
5,4,16,14,PRG3,0.026888949337239267
5,4,16,15,ITGA2B,0.026815840063731167
5,4,16,16,SLC4A1,0.026710111045966704
5,4,32,1,VWF,0.04194550393198735
5,4,32,2,DEFB1,0.033954060576591304
5,4,32,3,MPL,0.03385797511667373
5,4,32,4,SERPINE2,0.0322002154213101
5,4,32,5,RBPMS2,0.03184531932769447
5,4,32,6,EPDR1,0.03049656395857336
5,4,32,7,RHAG,0.03000302156064225
5,4,32,8,TMCC2,0.02941208194527273
5,4,32,9,ADM,0.029253302401322283
5,4,32,10,IFIT2,0.0287968236274046
5,4,32,11,LTF,0.028198988491382478
5,4,32,12,SPTA1,0.02779909686110752
5,4,32,13,ESAM,0.027635069581905383
5,4,32,14,PRG3,0.026888949337239267
5,4,32,15,ITGA2B,0.026815840063731167
5,4,32,16,SLC4A1,0.026710111045966704
5,4,32,17,IL8RB,0.026230564767186212
5,4,32,18,EPB42,0.026136191946233296
5,4,32,19,HIST2H3A,0.025964045775544467
5,4,32,20,GYPB,0.02560391139799659
5,4,32,21,HIST1H4E,0.025307628530747948
5,4,32,22,HBM,0.025089092499625817
5,4,32,23,CEACAM6,0.02501615219022146
5,4,32,24,TREM1,0.024986785316842522
5,4,32,25,IFIT1L,0.02493056636350573
5,4,32,26,HMMR,0.02471744142881846
5,4,32,27,TACSTD2,0.024404288022224788
5,4,32,28,SLPI,0.02416208459772196
5,4,32,29,TCN1,0.024096102126184873
5,4,32,30,EBI2,0.02400482648655131
5,4,32,31,GADD45B,0.02395132344862901
5,4,32,32,HIST2H3C,0.023775055420842704
5,8,8,1,RPS4Y2,0.0818643082257059
5,8,8,2,LOC100133662,0.08093164699385133
5,8,8,3,RPS4Y1,0.07895434840578386
5,8,8,4,XIST,0.07708033438101783
5,8,8,5,PRKY,0.07432502718439052
5,8,8,6,CYorf15B,0.06984155823084408
5,8,8,7,JARID1D,0.06955884332889076
5,8,8,8,EIF1AY,0.06932409092913527
5,8,16,1,RPS4Y2,0.0818643082257059
5,8,16,2,LOC100133662,0.08093164699385133
5,8,16,3,RPS4Y1,0.07895434840578386
5,8,16,4,XIST,0.07708033438101783
5,8,16,5,PRKY,0.07432502718439052
5,8,16,6,CYorf15B,0.06984155823084408
5,8,16,7,JARID1D,0.06955884332889076
5,8,16,8,EIF1AY,0.06932409092913527
5,8,16,9,DEFB1,0.06866701430693252
5,8,16,10,CYorf15A,0.0683638790833185
5,8,16,11,VWF,0.06484405406219867
5,8,16,12,SELENBP1,0.06400991056761746
5,8,16,13,LOC100133875,0.06368734153394463
5,8,16,14,LILRA3,0.0610319295387674
5,8,16,15,SLC4A1,0.0606888459127807
5,8,16,16,TMCC2,0.05801557346582247
5,8,32,1,RPS4Y2,0.0818643082257059
5,8,32,2,LOC100133662,0.08093164699385133
5,8,32,3,RPS4Y1,0.07895434840578386
5,8,32,4,XIST,0.07708033438101783
5,8,32,5,PRKY,0.07432502718439052
5,8,32,6,CYorf15B,0.06984155823084408
5,8,32,7,JARID1D,0.06955884332889076
5,8,32,8,EIF1AY,0.06932409092913527
5,8,32,9,DEFB1,0.06866701430693252
5,8,32,10,CYorf15A,0.0683638790833185
5,8,32,11,VWF,0.06484405406219867
5,8,32,12,SELENBP1,0.06400991056761746
5,8,32,13,LOC100133875,0.06368734153394463
5,8,32,14,LILRA3,0.0610319295387674
5,8,32,15,SLC4A1,0.0606888459127807
5,8,32,16,TMCC2,0.05801557346582247
5,8,32,17,IFIT1L,0.05684585744387739
5,8,32,18,EPB42,0.05606073796669555
5,8,32,19,RAP1GAP,0.055014296645038326
5,8,32,20,IL8RB,0.054630142104818195
5,8,32,21,TNFSF10,0.052884023902350336
5,8,32,22,SNCA,0.0511997246894387
5,8,32,23,OSBP2,0.05109768064795571
5,8,32,24,LAMA5,0.050868224158270144
5,8,32,25,AHSP,0.050322708617184346
5,8,32,26,HBM,0.05024639476568665
5,8,32,27,C16orf75,0.04937422748546239
5,8,32,28,GJB6,0.04853280821101783
5,8,32,29,LOC100008588,0.04829268692853349
5,8,32,30,RBPMS2,0.047897923354431826
5,8,32,31,GYPB,0.04709866883336599
5,8,32,32,DLGAP5,0.047012629252962734
5,16,8,1,DEFB1,0.18014421163199518
5,16,8,2,GAPDHL6,0.1630889059671095
5,16,8,3,LOC100133875,0.15406067991630737
5,16,8,4,HLA-A29.1,0.14044588254182033
5,16,8,5,KIAA0367,0.12831691205859566
5,16,8,6,LILRA3,0.12476586573940461
5,16,8,7,BAMBI,0.12098113366401796
5,16,8,8,IFI27,0.11606271872512267
5,16,16,1,DEFB1,0.18014421163199518
5,16,16,2,GAPDHL6,0.1630889059671095
5,16,16,3,LOC100133875,0.15406067991630737
5,16,16,4,HLA-A29.1,0.14044588254182033
5,16,16,5,KIAA0367,0.12831691205859566
5,16,16,6,LILRA3,0.12476586573940461
5,16,16,7,BAMBI,0.12098113366401796
5,16,16,8,IFI27,0.11606271872512267
5,16,16,9,LOC644936,0.11454513248047525
5,16,16,10,LOC729645,0.1131245339377675
5,16,16,11,LOC654055,0.11011509842019492
5,16,16,12,ABP1,0.10750922846504564
5,16,16,13,LAMA5,0.1063847813447047
5,16,16,14,KLHL15,0.10495294912986924
5,16,16,15,HLA-DRB5,0.10411718221675775
5,16,16,16,LGALS2,0.09882178821449723
5,16,32,1,DEFB1,0.18014421163199518
5,16,32,2,GAPDHL6,0.1630889059671095
5,16,32,3,LOC100133875,0.15406067991630737
5,16,32,4,HLA-A29.1,0.14044588254182033
5,16,32,5,KIAA0367,0.12831691205859566
5,16,32,6,LILRA3,0.12476586573940461
5,16,32,7,BAMBI,0.12098113366401796
5,16,32,8,IFI27,0.11606271872512267
5,16,32,9,LOC644936,0.11454513248047525
5,16,32,10,LOC729645,0.1131245339377675
5,16,32,11,LOC654055,0.11011509842019492
5,16,32,12,ABP1,0.10750922846504564
5,16,32,13,LAMA5,0.1063847813447047
5,16,32,14,KLHL15,0.10495294912986924
5,16,32,15,HLA-DRB5,0.10411718221675775
5,16,32,16,LGALS2,0.09882178821449723
5,16,32,17,GTSF1,0.0981260264096234
5,16,32,18,RPS4Y2,0.09786663819708866
5,16,32,19,LOC100132394,0.09587386635348552
5,16,32,20,LOC731682,0.09382713634654732
5,16,32,21,HOXA5,0.09333613052025483
5,16,32,22,HLA-DRB4,0.09289258302153815
5,16,32,23,HES4,0.09284355360030178
5,16,32,24,HBBP1,0.09173724848887048
5,16,32,25,GSTM1,0.09095979167624611
5,16,32,26,TEX101,0.09070818069947019
5,16,32,27,XIST,0.0874436247753583
5,16,32,28,LOC100133662,0.08712912795617041
5,16,32,29,PRKY,0.08696500469627644
5,16,32,30,RPS4Y1,0.08556149662041057
5,16,32,31,KIAA1324,0.08489302040176416
5,16,32,32,IFIT2,0.084044036830822
6,4,8,1,VWF,0.046494662005402754
6,4,8,2,ESAM,0.03906987814345432
6,4,8,3,MPL,0.03895072363558567
6,4,8,4,RBPMS2,0.03766601058620867
6,4,8,5,SERPINE2,0.03644709570120151
6,4,8,6,MAFB,0.03539772755484005
6,4,8,7,CLEC1B,0.03422511650511239
6,4,8,8,TNFSF10,0.03332208549745209
6,4,16,1,VWF,0.046494662005402754
6,4,16,2,ESAM,0.03906987814345432
6,4,16,3,MPL,0.03895072363558567
6,4,16,4,RBPMS2,0.03766601058620867
6,4,16,5,SERPINE2,0.03644709570120151
6,4,16,6,MAFB,0.03539772755484005
6,4,16,7,CLEC1B,0.03422511650511239
6,4,16,8,TNFSF10,0.03332208549745209
6,4,16,9,MS4A2,0.03204795281624847
6,4,16,10,FGL2,0.0318266320084979
6,4,16,11,ITGA2B,0.03165018092998126
6,4,16,12,PROS1,0.03163452323432185
6,4,16,13,VCAN,0.030873456200773346
6,4,16,14,HIST1H4E,0.030521796254073585
6,4,16,15,CAMP,0.02956431553711281
6,4,16,16,TSPAN33,0.029404053055641526
6,4,32,1,VWF,0.046494662005402754
6,4,32,2,ESAM,0.03906987814345432
6,4,32,3,MPL,0.03895072363558567
6,4,32,4,RBPMS2,0.03766601058620867
6,4,32,5,SERPINE2,0.03644709570120151
6,4,32,6,MAFB,0.03539772755484005
6,4,32,7,CLEC1B,0.03422511650511239
6,4,32,8,TNFSF10,0.03332208549745209
6,4,32,9,MS4A2,0.03204795281624847
6,4,32,10,FGL2,0.0318266320084979
6,4,32,11,ITGA2B,0.03165018092998126
6,4,32,12,PROS1,0.03163452323432185
6,4,32,13,VCAN,0.030873456200773346
6,4,32,14,HIST1H4E,0.030521796254073585
6,4,32,15,CAMP,0.02956431553711281
6,4,32,16,TSPAN33,0.029404053055641526
6,4,32,17,MX1,0.0293409105976391
6,4,32,18,DEFA4,0.029115239995911143
6,4,32,19,GP9,0.02899421729908884
6,4,32,20,IFIT3,0.028211414839796903
6,4,32,21,LAMA5,0.02818111209969419
6,4,32,22,TGFBI,0.027457862280278265
6,4,32,23,LTF,0.027272497341874393
6,4,32,24,HIST1H2AM,0.027262578745719274
6,4,32,25,HIST2H3A,0.026723075520267432
6,4,32,26,IL8RB,0.026664796285593678
6,4,32,27,CEACAM8,0.026461583624798845
6,4,32,28,ITGB3,0.026448207388922753
6,4,32,29,TCN1,0.026368687158121226
6,4,32,30,HIST2H2BF,0.02529999248551942
6,4,32,31,IFIT2,0.02524675965367492
6,4,32,32,LOC100133875,0.02516115104623118
6,8,8,1,DEFB1,0.08527413819560206
6,8,8,2,GYPB,0.07194780059677848
6,8,8,3,EPB42,0.07182995319626383
6,8,8,4,IFIT1L,0.06969137745619551
6,8,8,5,SLC4A1,0.06371341997653406
6,8,8,6,KIAA0367,0.06309017141036925
6,8,8,7,RAP1GAP,0.06250768738968594
6,8,8,8,HBM,0.06220308845007856
6,8,16,1,DEFB1,0.08527413819560206
6,8,16,2,GYPB,0.07194780059677848
6,8,16,3,EPB42,0.07182995319626383
6,8,16,4,IFIT1L,0.06969137745619551
6,8,16,5,SLC4A1,0.06371341997653406
6,8,16,6,KIAA0367,0.06309017141036925
6,8,16,7,RAP1GAP,0.06250768738968594
6,8,16,8,HBM,0.06220308845007856
6,8,16,9,CA1,0.061218792266778545
6,8,16,10,AHSP,0.06076748333743158
6,8,16,11,OSBP2,0.06057461367785809
6,8,16,12,MAFB,0.060568614005169476
6,8,16,13,LOC644936,0.059627846488744606
6,8,16,14,NEU4,0.05914815119264033
6,8,16,15,SPTA1,0.058674046009336255
6,8,16,16,TNFSF10,0.05784507721272827
6,8,32,1,DEFB1,0.08527413819560206
6,8,32,2,GYPB,0.07194780059677848
6,8,32,3,EPB42,0.07182995319626383
6,8,32,4,IFIT1L,0.06969137745619551
6,8,32,5,SLC4A1,0.06371341997653406
6,8,32,6,KIAA0367,0.06309017141036925
6,8,32,7,RAP1GAP,0.06250768738968594
6,8,32,8,HBM,0.06220308845007856
6,8,32,9,CA1,0.061218792266778545
6,8,32,10,AHSP,0.06076748333743158
6,8,32,11,OSBP2,0.06057461367785809
6,8,32,12,MAFB,0.060568614005169476
6,8,32,13,LOC644936,0.059627846488744606
6,8,32,14,NEU4,0.05914815119264033
6,8,32,15,SPTA1,0.058674046009336255
6,8,32,16,TNFSF10,0.05784507721272827
6,8,32,17,LAMA5,0.05732799888623277
6,8,32,18,PI3,0.05553381024697559
6,8,32,19,CD83,0.05379260870999024
6,8,32,20,G0S2,0.053340795937136615
6,8,32,21,VWF,0.05328601575727753
6,8,32,22,LOC100133875,0.05313457830456664
6,8,32,23,HES4,0.05193710742314162
6,8,32,24,LILRA3,0.051212125266810286
6,8,32,25,RHAG,0.05120320927015874
6,8,32,26,LOC653610,0.05065644902414552
6,8,32,27,IL8RB,0.050321575718886416
6,8,32,28,CYTL1,0.0501094252399076
6,8,32,29,MIR1974,0.04896180081575776
6,8,32,30,TGFBI,0.04869684573018848
6,8,32,31,TNFAIP3,0.04752726380733046
6,8,32,32,IFIT2,0.047205966693599784
6,16,8,1,DEFB1,0.16809119761223829
6,16,8,2,GTSF1,0.1508636640398553
6,16,8,3,KIAA0367,0.1410633540058632
6,16,8,4,LOC644936,0.13370938034778937
6,16,8,5,LOC100133875,0.12998270356756628
6,16,8,6,GSTM1,0.12739544661474655
6,16,8,7,BAMBI,0.11849030774559403
6,16,8,8,LILRA3,0.11836420958645524
6,16,16,1,DEFB1,0.16809119761223829
6,16,16,2,GTSF1,0.1508636640398553
6,16,16,3,KIAA0367,0.1410633540058632
6,16,16,4,LOC644936,0.13370938034778937
6,16,16,5,LOC100133875,0.12998270356756628
6,16,16,6,GSTM1,0.12739544661474655
6,16,16,7,BAMBI,0.11849030774559403
6,16,16,8,LILRA3,0.11836420958645524
6,16,16,9,LOC731682,0.11336626772696291
6,16,16,10,HLA-A29.1,0.11060705648850223
6,16,16,11,LGALS2,0.10757110638803553
6,16,16,12,LAMA5,0.1037990411534133
6,16,16,13,HLA-DRB1,0.10332438163537061
6,16,16,14,LOC729645,0.10313125697678896
6,16,16,15,IL1B,0.10279301335260652
6,16,16,16,LOC654055,0.09998071104585037
6,16,32,1,DEFB1,0.16809119761223829
6,16,32,2,GTSF1,0.1508636640398553
6,16,32,3,KIAA0367,0.1410633540058632
6,16,32,4,LOC644936,0.13370938034778937
6,16,32,5,LOC100133875,0.12998270356756628
6,16,32,6,GSTM1,0.12739544661474655
6,16,32,7,BAMBI,0.11849030774559403
6,16,32,8,LILRA3,0.11836420958645524
6,16,32,9,LOC731682,0.11336626772696291
6,16,32,10,HLA-A29.1,0.11060705648850223
6,16,32,11,LGALS2,0.10757110638803553
6,16,32,12,LAMA5,0.1037990411534133
6,16,32,13,HLA-DRB1,0.10332438163537061
6,16,32,14,LOC729645,0.10313125697678896
6,16,32,15,IL1B,0.10279301335260652
6,16,32,16,LOC654055,0.09998071104585037
6,16,32,17,TEX101,0.09993011616605571
6,16,32,18,PI3,0.0975401420615528
6,16,32,19,MIR1974,0.0974630115778401
6,16,32,20,THBS1,0.09728570170044701
6,16,32,21,RPS4Y2,0.09712019623896473
6,16,32,22,TPSAB1,0.09648810551094346
6,16,32,23,C1orf150,0.09526828649090956
6,16,32,24,HLA-DRB4,0.09521092579004561
6,16,32,25,IFIT2,0.09496721970920656
6,16,32,26,VCAN,0.09335485475213996
6,16,32,27,NEU4,0.09335251343044547
6,16,32,28,EPB42,0.09285921777575876
6,16,32,29,EPAS1,0.09283334657270381
6,16,32,30,RPS4Y1,0.09247000012514682
6,16,32,31,RAP1GAP,0.09173076029261859
6,16,32,32,IFIT1L,0.09108393876079458
7,4,8,1,VWF,0.056999796759783714
7,4,8,2,MPL,0.048165360162458565
7,4,8,3,ESAM,0.04188371495546186
7,4,8,4,RBPMS2,0.041006409263882576
7,4,8,5,SERPINE2,0.03983656588305272
7,4,8,6,GIMAP4,0.03656582482005313
7,4,8,7,MAFB,0.03581004179477626
7,4,8,8,ITGA2B,0.03569332385223534
7,4,16,1,VWF,0.056999796759783714
7,4,16,2,MPL,0.048165360162458565
7,4,16,3,ESAM,0.04188371495546186
7,4,16,4,RBPMS2,0.041006409263882576
7,4,16,5,SERPINE2,0.03983656588305272
7,4,16,6,GIMAP4,0.03656582482005313
7,4,16,7,MAFB,0.03581004179477626
7,4,16,8,ITGA2B,0.03569332385223534
7,4,16,9,GJB6,0.03531622238567525
7,4,16,10,C15orf48,0.034573338846697124
7,4,16,11,PHACTR1,0.03454835021181396
7,4,16,12,CLEC1B,0.034188594980691635
7,4,16,13,GADD45B,0.03367074617846111
7,4,16,14,PROS1,0.033345486264534104
7,4,16,15,TSPAN33,0.033320070698488746
7,4,16,16,TNFSF10,0.03316584184548985
7,4,32,1,VWF,0.056999796759783714
7,4,32,2,MPL,0.048165360162458565
7,4,32,3,ESAM,0.04188371495546186
7,4,32,4,RBPMS2,0.041006409263882576
7,4,32,5,SERPINE2,0.03983656588305272
7,4,32,6,GIMAP4,0.03656582482005313
7,4,32,7,MAFB,0.03581004179477626
7,4,32,8,ITGA2B,0.03569332385223534
7,4,32,9,GJB6,0.03531622238567525
7,4,32,10,C15orf48,0.034573338846697124
7,4,32,11,PHACTR1,0.03454835021181396
7,4,32,12,CLEC1B,0.034188594980691635
7,4,32,13,GADD45B,0.03367074617846111
7,4,32,14,PROS1,0.033345486264534104
7,4,32,15,TSPAN33,0.033320070698488746
7,4,32,16,TNFSF10,0.03316584184548985
7,4,32,17,GIMAP8,0.032712214740499894
7,4,32,18,ITGB3,0.030802201976392687
7,4,32,19,HIST1H2AH,0.030206373644161948
7,4,32,20,HES4,0.029867079434292287
7,4,32,21,HIST1H4E,0.029722659047454077
7,4,32,22,HIST1H1E,0.02944362404383184
7,4,32,23,CX3CR1,0.02937254107035923
7,4,32,24,PRAGMIN,0.02899749673287067
7,4,32,25,FGL2,0.028791046567150546
7,4,32,26,HOXA5,0.027748551731754063
7,4,32,27,HIST1H1B,0.0272903674041596
7,4,32,28,THBS1,0.026913635725155642
7,4,32,29,SLC45A3,0.026486585516985024
7,4,32,30,GP9,0.026457348612016186
7,4,32,31,ADM,0.02605243795868994
7,4,32,32,LOC653610,0.025781572787737808
7,8,8,1,SLC4A1,0.07071507419203284
7,8,8,2,SELENBP1,0.06865758995394436
7,8,8,3,SPTA1,0.06647122369739752
7,8,8,4,EPB42,0.06574728758087765
7,8,8,5,IFIT1L,0.06344318888479537
7,8,8,6,HBM,0.06275777023827897
7,8,8,7,GYPB,0.06211418788618056
7,8,8,8,LOC100132394,0.06197514146285665
7,8,16,1,SLC4A1,0.07071507419203284
7,8,16,2,SELENBP1,0.06865758995394436
7,8,16,3,SPTA1,0.06647122369739752
7,8,16,4,EPB42,0.06574728758087765
7,8,16,5,IFIT1L,0.06344318888479537
7,8,16,6,HBM,0.06275777023827897
7,8,16,7,GYPB,0.06211418788618056
7,8,16,8,LOC100132394,0.06197514146285665
7,8,16,9,VWF,0.06032584766939711
7,8,16,10,AHSP,0.058585429319308616
7,8,16,11,CA1,0.05840817734992839
7,8,16,12,FPR2,0.05667654881833669
7,8,16,13,MAFB,0.056075200323348784
7,8,16,14,TGFBI,0.05561731726856995
7,8,16,15,RHAG,0.05430526125118298
7,8,16,16,LY86,0.05274725221730927
7,8,32,1,SLC4A1,0.07071507419203284
7,8,32,2,SELENBP1,0.06865758995394436
7,8,32,3,SPTA1,0.06647122369739752
7,8,32,4,EPB42,0.06574728758087765
7,8,32,5,IFIT1L,0.06344318888479537
7,8,32,6,HBM,0.06275777023827897
7,8,32,7,GYPB,0.06211418788618056
7,8,32,8,LOC100132394,0.06197514146285665
7,8,32,9,VWF,0.06032584766939711
7,8,32,10,AHSP,0.058585429319308616
7,8,32,11,CA1,0.05840817734992839
7,8,32,12,FPR2,0.05667654881833669
7,8,32,13,MAFB,0.056075200323348784
7,8,32,14,TGFBI,0.05561731726856995
7,8,32,15,RHAG,0.05430526125118298
7,8,32,16,LY86,0.05274725221730927
7,8,32,17,OSBP2,0.05199272229120424
7,8,32,18,CCL4L1,0.05147921378111911
7,8,32,19,MPL,0.05142885817692875
7,8,32,20,RPS4Y2,0.051411187428633286
7,8,32,21,NAPSB,0.05090694211898754
7,8,32,22,IL8RB,0.0499844449663171
7,8,32,23,TNFSF10,0.04879351382393517
7,8,32,24,RAP1GAP,0.04818110308323012
7,8,32,25,GATA2,0.048151967297148934
7,8,32,26,IFIT2,0.047692124340194327
7,8,32,27,RPS4Y1,0.04764201403128511
7,8,32,28,C15orf48,0.04726022655498309
7,8,32,29,EIF1AY,0.047117234287315124
7,8,32,30,SERPINE2,0.04693787407397806
7,8,32,31,IFI27,0.04674731582514622
7,8,32,32,HES4,0.046653398483650334
7,16,8,1,GTSF1,0.17294409833027635
7,16,8,2,DEFB1,0.14812612428630434
7,16,8,3,LOC100133875,0.13692817004561111
7,16,8,4,GAPDHL6,0.1344171509762683
7,16,8,5,KIAA0367,0.12601997138260648
7,16,8,6,HLA-A29.1,0.12165514249144527
7,16,8,7,LILRA3,0.1187032646573969
7,16,8,8,LOC100132394,0.11710208788972305
7,16,16,1,GTSF1,0.17294409833027635
7,16,16,2,DEFB1,0.14812612428630434
7,16,16,3,LOC100133875,0.13692817004561111
7,16,16,4,GAPDHL6,0.1344171509762683
7,16,16,5,KIAA0367,0.12601997138260648
7,16,16,6,HLA-A29.1,0.12165514249144527
7,16,16,7,LILRA3,0.1187032646573969
7,16,16,8,LOC100132394,0.11710208788972305
7,16,16,9,LOC644936,0.11699817175255978
7,16,16,10,BAMBI,0.11549754769650807
7,16,16,11,IL1B,0.10699891451000319
7,16,16,12,PI3,0.10675751278064026
7,16,16,13,KLHL15,0.10655996158540484
7,16,16,14,HLA-DRB1,0.10636836229830313
7,16,16,15,IFI27,0.10127385295865343
7,16,16,16,C1orf150,0.1003521291234156
7,16,32,1,GTSF1,0.17294409833027635
7,16,32,2,DEFB1,0.14812612428630434
7,16,32,3,LOC100133875,0.13692817004561111
7,16,32,4,GAPDHL6,0.1344171509762683
7,16,32,5,KIAA0367,0.12601997138260648
7,16,32,6,HLA-A29.1,0.12165514249144527
7,16,32,7,LILRA3,0.1187032646573969
7,16,32,8,LOC100132394,0.11710208788972305
7,16,32,9,LOC644936,0.11699817175255978
7,16,32,10,BAMBI,0.11549754769650807
7,16,32,11,IL1B,0.10699891451000319
7,16,32,12,PI3,0.10675751278064026
7,16,32,13,KLHL15,0.10655996158540484
7,16,32,14,HLA-DRB1,0.10636836229830313
7,16,32,15,IFI27,0.10127385295865343
7,16,32,16,C1orf150,0.1003521291234156
7,16,32,17,GSTM1,0.10034160901144702
7,16,32,18,RAP1GAP,0.1000211104133685
7,16,32,19,HBBP1,0.09809799294499312
7,16,32,20,RPS4Y2,0.09562861353269701
7,16,32,21,MIR1974,0.09537148739549388
7,16,32,22,HOXA5,0.09525711314930042
7,16,32,23,CDC20,0.09506936560707144
7,16,32,24,TPSAB1,0.09370987427382102
7,16,32,25,CCL3,0.0936109749521244
7,16,32,26,LOC729645,0.09342954514433617
7,16,32,27,PRKY,0.09012272493335334
7,16,32,28,LOC731682,0.08977015628090222
7,16,32,29,THBS1,0.08969881715523499
7,16,32,30,CYorf15A,0.08779736081257954
7,16,32,31,RPS4Y1,0.0876491948010352
7,16,32,32,LGALS2,0.08720055026630101
8,4,8,1,MMRN1,0.05303696961392989
8,4,8,2,VWF,0.040965351492820816
8,4,8,3,MPL,0.0366005791186636
8,4,8,4,RBPMS2,0.03622857247091769
8,4,8,5,ESAM,0.03553063858617164
8,4,8,6,IFI27,0.034007857845616184
8,4,8,7,HIST1H2AM,0.03340398696219901
8,4,8,8,CLEC1B,0.033379747994780766
8,4,16,1,MMRN1,0.05303696961392989
8,4,16,2,VWF,0.040965351492820816
8,4,16,3,MPL,0.0366005791186636
8,4,16,4,RBPMS2,0.03622857247091769
8,4,16,5,ESAM,0.03553063858617164
8,4,16,6,IFI27,0.034007857845616184
8,4,16,7,HIST1H2AM,0.03340398696219901
8,4,16,8,CLEC1B,0.033379747994780766
8,4,16,9,KIAA0367,0.03188868482639587
8,4,16,10,ITGA2B,0.03164255451926978
8,4,16,11,HIST1H4E,0.03144337823154171
8,4,16,12,TNFSF10,0.03082466947722313
8,4,16,13,GIMAP4,0.030529969775136567
8,4,16,14,LOC653610,0.02993245353034325
8,4,16,15,MGC13057,0.029841362793239075
8,4,16,16,TMCC2,0.029165278113157826
8,4,32,1,MMRN1,0.05303696961392989
8,4,32,2,VWF,0.040965351492820816
8,4,32,3,MPL,0.0366005791186636
8,4,32,4,RBPMS2,0.03622857247091769
8,4,32,5,ESAM,0.03553063858617164
8,4,32,6,IFI27,0.034007857845616184
8,4,32,7,HIST1H2AM,0.03340398696219901
8,4,32,8,CLEC1B,0.033379747994780766
8,4,32,9,KIAA0367,0.03188868482639587
8,4,32,10,ITGA2B,0.03164255451926978
8,4,32,11,HIST1H4E,0.03144337823154171
8,4,32,12,TNFSF10,0.03082466947722313
8,4,32,13,GIMAP4,0.030529969775136567
8,4,32,14,LOC653610,0.02993245353034325
8,4,32,15,MGC13057,0.029841362793239075
8,4,32,16,TMCC2,0.029165278113157826
8,4,32,17,PHACTR1,0.02902004289572033
8,4,32,18,HIST1H1E,0.02857589143507835
8,4,32,19,SNORD3C,0.028254882174967126
8,4,32,20,MAFB,0.02796687154936381
8,4,32,21,HIST1H2BG,0.02789627999745287
8,4,32,22,IFIT1L,0.027774262144422437
8,4,32,23,SNORD3A,0.027704019763548828
8,4,32,24,LAMA5,0.027554257002712187
8,4,32,25,BAMBI,0.027464442670609792
8,4,32,26,PROS1,0.027376194035052096
8,4,32,27,GP9,0.026978888622329986
8,4,32,28,HIST1H1B,0.026965886881227218
8,4,32,29,ADM,0.026916565801752272
8,4,32,30,TSPAN33,0.026731554348874587
8,4,32,31,ITGB3,0.0264901469870335
8,4,32,32,EPB42,0.025892654882670136
8,8,8,1,TMCC2,0.06303771190038449
8,8,8,2,SLC4A1,0.06272528643281504
8,8,8,3,SELENBP1,0.06151649540483035
8,8,8,4,GYPB,0.06099288337617564
8,8,8,5,HBM,0.060303908834481376
8,8,8,6,CA1,0.059944626018798165
8,8,8,7,AHSP,0.05903641290616272
8,8,8,8,RPS4Y2,0.05870148579710297
8,8,16,1,TMCC2,0.06303771190038449
8,8,16,2,SLC4A1,0.06272528643281504
8,8,16,3,SELENBP1,0.06151649540483035
8,8,16,4,GYPB,0.06099288337617564
8,8,16,5,HBM,0.060303908834481376
8,8,16,6,CA1,0.059944626018798165
8,8,16,7,AHSP,0.05903641290616272
8,8,16,8,RPS4Y2,0.05870148579710297
8,8,16,9,KIAA0367,0.05863351428931971
8,8,16,10,IFIT1L,0.05850687162484127
8,8,16,11,SPTA1,0.05830814952731154
8,8,16,12,EPB42,0.058024701679854275
8,8,16,13,NAPSB,0.05615379477026596
8,8,16,14,TGFBI,0.05577935892771787
8,8,16,15,MMRN1,0.0556292766531211
8,8,16,16,HBBP1,0.05521546807081754
8,8,32,1,TMCC2,0.06303771190038449
8,8,32,2,SLC4A1,0.06272528643281504
8,8,32,3,SELENBP1,0.06151649540483035
8,8,32,4,GYPB,0.06099288337617564
8,8,32,5,HBM,0.060303908834481376
8,8,32,6,CA1,0.059944626018798165
8,8,32,7,AHSP,0.05903641290616272
8,8,32,8,RPS4Y2,0.05870148579710297
8,8,32,9,KIAA0367,0.05863351428931971
8,8,32,10,IFIT1L,0.05850687162484127
8,8,32,11,SPTA1,0.05830814952731154
8,8,32,12,EPB42,0.058024701679854275
8,8,32,13,NAPSB,0.05615379477026596
8,8,32,14,TGFBI,0.05577935892771787
8,8,32,15,MMRN1,0.0556292766531211
8,8,32,16,HBBP1,0.05521546807081754
8,8,32,17,LY86,0.05428237320756269
8,8,32,18,OSBP2,0.054080986058630334
8,8,32,19,RHAG,0.052052491089938556
8,8,32,20,IL8RB,0.05200383752278073
8,8,32,21,LOC653610,0.05196555724287764
8,8,32,22,LOC100132394,0.051813450318529575
8,8,32,23,RPS4Y1,0.051754913958148574
8,8,32,24,TNFSF10,0.05136788592281949
8,8,32,25,LOC100133662,0.05109911233582686
8,8,32,26,LGALS2,0.049219419512192795
8,8,32,27,FPR2,0.04895292199670459
8,8,32,28,RAP1GAP,0.047388806300219924
8,8,32,29,FGL2,0.047240976414435594
8,8,32,30,VCAN,0.04705851152338907
8,8,32,31,GJB6,0.04618517713420893
8,8,32,32,IFI27,0.04594358349022259
8,16,8,1,DEFB1,0.17084523210182007
8,16,8,2,GAPDHL6,0.14145714312131763
8,16,8,3,LOC644936,0.13690252825549193
8,16,8,4,BAMBI,0.12554685403271953
8,16,8,5,LOC100132394,0.11455463280895697
8,16,8,6,KIAA0367,0.1128714316805489
8,16,8,7,OSM,0.11239258331672178
8,16,8,8,LOC727908,0.11061881506474786
8,16,16,1,DEFB1,0.17084523210182007
8,16,16,2,GAPDHL6,0.14145714312131763
8,16,16,3,LOC644936,0.13690252825549193
8,16,16,4,BAMBI,0.12554685403271953
8,16,16,5,LOC100132394,0.11455463280895697
8,16,16,6,KIAA0367,0.1128714316805489
8,16,16,7,OSM,0.11239258331672178
8,16,16,8,LOC727908,0.11061881506474786
8,16,16,9,GTSF1,0.10475686991290833
8,16,16,10,LOC100133875,0.10409935425662152
8,16,16,11,IL1B,0.10090011050558519
8,16,16,12,PI3,0.09985641967265267
8,16,16,13,TEX101,0.09792839951019917
8,16,16,14,ABP1,0.09750814964904449
8,16,16,15,HLA-A29.1,0.09643764623411226
8,16,16,16,THBS1,0.09590525987785457
8,16,32,1,DEFB1,0.17084523210182007
8,16,32,2,GAPDHL6,0.14145714312131763
8,16,32,3,LOC644936,0.13690252825549193
8,16,32,4,BAMBI,0.12554685403271953
8,16,32,5,LOC100132394,0.11455463280895697
8,16,32,6,KIAA0367,0.1128714316805489
8,16,32,7,OSM,0.11239258331672178
8,16,32,8,LOC727908,0.11061881506474786
8,16,32,9,GTSF1,0.10475686991290833
8,16,32,10,LOC100133875,0.10409935425662152
8,16,32,11,IL1B,0.10090011050558519
8,16,32,12,PI3,0.09985641967265267
8,16,32,13,TEX101,0.09792839951019917
8,16,32,14,ABP1,0.09750814964904449
8,16,32,15,HLA-A29.1,0.09643764623411226
8,16,32,16,THBS1,0.09590525987785457
8,16,32,17,KLHL15,0.0927435838750863
8,16,32,18,TPSB2,0.09272450622711437
8,16,32,19,RPS4Y2,0.0925007298017411
8,16,32,20,LOC731682,0.08982220757320498
8,16,32,21,HBBP1,0.08977786630450263
8,16,32,22,IFI27,0.08908917160125272
8,16,32,23,ALOX12,0.08766682601412118
8,16,32,24,LILRA3,0.08604819081037791
8,16,32,25,TPSAB1,0.08587983060254345
8,16,32,26,SPRYD5,0.08543312754020424
8,16,32,27,RAP1GAP,0.08534540383597677
8,16,32,28,XIST,0.08397228739925315
8,16,32,29,ASGR1,0.08340498584961718
8,16,32,30,VCAN,0.08328807909006439
8,16,32,31,GJB6,0.0813449523046238
8,16,32,32,FPR2,0.08103122450734085
9,4,8,1,VWF,0.0668511634183126
9,4,8,2,RBPMS2,0.05096365599696296
9,4,8,3,PHACTR1,0.04095753186513442
9,4,8,4,HES4,0.037871186580137654
9,4,8,5,GP9,0.03582290413855541
9,4,8,6,ADM,0.03557924496602654
9,4,8,7,TSPAN33,0.03304020768490776
9,4,8,8,GJB6,0.03282171157571297
9,4,16,1,VWF,0.0668511634183126
9,4,16,2,RBPMS2,0.05096365599696296
9,4,16,3,PHACTR1,0.04095753186513442
9,4,16,4,HES4,0.037871186580137654
9,4,16,5,GP9,0.03582290413855541
9,4,16,6,ADM,0.03557924496602654
9,4,16,7,TSPAN33,0.03304020768490776
9,4,16,8,GJB6,0.03282171157571297
9,4,16,9,GAPDHL6,0.0323037432017006
9,4,16,10,DUSP5,0.03134244809484429
9,4,16,11,SIK1,0.03060104147498136
9,4,16,12,MX1,0.030141413712146483
9,4,16,13,GIMAP4,0.029583978406455255
9,4,16,14,CD83,0.029449833837460075
9,4,16,15,HIST1H4E,0.029313946848634465
9,4,16,16,SNORD3C,0.02887274942350498
9,4,32,1,VWF,0.0668511634183126
9,4,32,2,RBPMS2,0.05096365599696296
9,4,32,3,PHACTR1,0.04095753186513442
9,4,32,4,HES4,0.037871186580137654
9,4,32,5,GP9,0.03582290413855541
9,4,32,6,ADM,0.03557924496602654
9,4,32,7,TSPAN33,0.03304020768490776
9,4,32,8,GJB6,0.03282171157571297
9,4,32,9,GAPDHL6,0.0323037432017006
9,4,32,10,DUSP5,0.03134244809484429
9,4,32,11,SIK1,0.03060104147498136
9,4,32,12,MX1,0.030141413712146483
9,4,32,13,GIMAP4,0.029583978406455255
9,4,32,14,CD83,0.029449833837460075
9,4,32,15,HIST1H4E,0.029313946848634465
9,4,32,16,SNORD3C,0.02887274942350498
9,4,32,17,HIST2H3A,0.02852585093304865
9,4,32,18,GIMAP8,0.02848634359873946
9,4,32,19,CLEC1B,0.02833299883192042
9,4,32,20,SNORD3A,0.027567501057144974
9,4,32,21,RNU5A,0.027525350315605553
9,4,32,22,TNFSF10,0.026931662611684105
9,4,32,23,HIST1H2AM,0.02652124422240673
9,4,32,24,LOC653610,0.02622899357948139
9,4,32,25,RNU11,0.026223809864541706
9,4,32,26,SERPINE2,0.026183725059676206
9,4,32,27,G0S2,0.026025740609766715
9,4,32,28,HOXA5,0.02592505583906731
9,4,32,29,HIST2H3C,0.025904140240033506
9,4,32,30,EMP1,0.024933217932266414
9,4,32,31,HIST1H1E,0.024764550526088943
9,4,32,32,HIST1H1B,0.024706425582981213
9,8,8,1,VWF,0.09213205703511271
9,8,8,2,GAPDHL6,0.08866939087023941
9,8,8,3,LOC644936,0.07428380777428574
9,8,8,4,RBPMS2,0.07058411423696943
9,8,8,5,CDC20,0.0659735405425979
9,8,8,6,HLA-A29.1,0.0591645939274993
9,8,8,7,GTSF1,0.05905054016815402
9,8,8,8,SELENBP1,0.0581401169738601
9,8,16,1,VWF,0.09213205703511271
9,8,16,2,GAPDHL6,0.08866939087023941
9,8,16,3,LOC644936,0.07428380777428574
9,8,16,4,RBPMS2,0.07058411423696943
9,8,16,5,CDC20,0.0659735405425979
9,8,16,6,HLA-A29.1,0.0591645939274993
9,8,16,7,GTSF1,0.05905054016815402
9,8,16,8,SELENBP1,0.0581401169738601
9,8,16,9,IFI27,0.057914905696356316
9,8,16,10,DEFB1,0.05639961249054896
9,8,16,11,TRIM58,0.05510456831084505
9,8,16,12,EPB42,0.05453487899514618
9,8,16,13,EMP1,0.0543880234436511
9,8,16,14,KLHL15,0.05344149346169355
9,8,16,15,CCL4L1,0.052232575744777014
9,8,16,16,SLC4A1,0.05179543233176164
9,8,32,1,VWF,0.09213205703511271
9,8,32,2,GAPDHL6,0.08866939087023941
9,8,32,3,LOC644936,0.07428380777428574
9,8,32,4,RBPMS2,0.07058411423696943
9,8,32,5,CDC20,0.0659735405425979
9,8,32,6,HLA-A29.1,0.0591645939274993
9,8,32,7,GTSF1,0.05905054016815402
9,8,32,8,SELENBP1,0.0581401169738601
9,8,32,9,IFI27,0.057914905696356316
9,8,32,10,DEFB1,0.05639961249054896
9,8,32,11,TRIM58,0.05510456831084505
9,8,32,12,EPB42,0.05453487899514618
9,8,32,13,EMP1,0.0543880234436511
9,8,32,14,KLHL15,0.05344149346169355
9,8,32,15,CCL4L1,0.052232575744777014
9,8,32,16,SLC4A1,0.05179543233176164
9,8,32,17,GP9,0.05142239563013401
9,8,32,18,IL8RB,0.05142076180741664
9,8,32,19,OSBP2,0.051134575277441856
9,8,32,20,CYorf15A,0.05082195984850871
9,8,32,21,SNCA,0.05035909521131755
9,8,32,22,G0S2,0.04980992811308165
9,8,32,23,PI3,0.04943856114822791
9,8,32,24,MGC13057,0.0491134373741521
9,8,32,25,IL1B,0.04879720468155459
9,8,32,26,HIST2H2BF,0.0487435998278168
9,8,32,27,PPBP,0.04830624996924055
9,8,32,28,VCAN,0.04810826780868917
9,8,32,29,MX1,0.04804323668501273
9,8,32,30,EIF1AY,0.04793317116721448
9,8,32,31,ADM,0.047797660503234904
9,8,32,32,MAFB,0.04770219724278114
9,16,8,1,DEFB1,0.1614064419568608
9,16,8,2,HLA-A29.1,0.15464169009681292
9,16,8,3,BAMBI,0.15350549707079766
9,16,8,4,GTSF1,0.14002186546707784
9,16,8,5,GAPDHL6,0.1341620491246574
9,16,8,6,LOC727908,0.13217883789632062
9,16,8,7,LOC644936,0.12469161790642012
9,16,8,8,LOC654055,0.12333063063049232
9,16,16,1,DEFB1,0.1614064419568608
9,16,16,2,HLA-A29.1,0.15464169009681292
9,16,16,3,BAMBI,0.15350549707079766
9,16,16,4,GTSF1,0.14002186546707784
9,16,16,5,GAPDHL6,0.1341620491246574
9,16,16,6,LOC727908,0.13217883789632062
9,16,16,7,LOC644936,0.12469161790642012
9,16,16,8,LOC654055,0.12333063063049232
9,16,16,9,IL1B,0.11829724331375202
9,16,16,10,VWF,0.11479092287889005
9,16,16,11,LOC100008588,0.11471731531499986
9,16,16,12,LOC100132394,0.1107335624424862
9,16,16,13,LGALS2,0.10793560944196433
9,16,16,14,LOC729645,0.10504609007761352
9,16,16,15,IFITM3,0.10420072047408391
9,16,16,16,CDC20,0.10191384381406236
9,16,32,1,DEFB1,0.1614064419568608
9,16,32,2,HLA-A29.1,0.15464169009681292
9,16,32,3,BAMBI,0.15350549707079766
9,16,32,4,GTSF1,0.14002186546707784
9,16,32,5,GAPDHL6,0.1341620491246574
9,16,32,6,LOC727908,0.13217883789632062
9,16,32,7,LOC644936,0.12469161790642012
9,16,32,8,LOC654055,0.12333063063049232
9,16,32,9,IL1B,0.11829724331375202
9,16,32,10,VWF,0.11479092287889005
9,16,32,11,LOC100008588,0.11471731531499986
9,16,32,12,LOC100132394,0.1107335624424862
9,16,32,13,LGALS2,0.10793560944196433
9,16,32,14,LOC729645,0.10504609007761352
9,16,32,15,IFITM3,0.10420072047408391
9,16,32,16,CDC20,0.10191384381406236
9,16,32,17,ABP1,0.10051658949701937
9,16,32,18,IFI27,0.09885403561070918
9,16,32,19,MIR1974,0.09476346347919909
9,16,32,20,HBBP1,0.09401603872903468
9,16,32,21,KLHL15,0.09375150239541843
9,16,32,22,CCL3,0.09315619689010661
9,16,32,23,KIAA0367,0.09171427023051869
9,16,32,24,SERPINE2,0.09057677027348376
9,16,32,25,HOXA5,0.08882375121815259
9,16,32,26,G0S2,0.08623980405546981
9,16,32,27,HBEGF,0.08529346887173044
9,16,32,28,HES4,0.08494858882331424
9,16,32,29,RPS4Y2,0.08375877629774188
9,16,32,30,RBPMS2,0.08277575385547226
9,16,32,31,EMP1,0.08266628561295496
9,16,32,32,KIAA1324,0.08266108978591116
10,4,8,1,TNFSF10,0.04449594820899607
10,4,8,2,MPL,0.03875902306196745
10,4,8,3,VWF,0.03862937491795808
10,4,8,4,GIMAP4,0.03858260763490676
10,4,8,5,RBPMS2,0.034448611375314936
10,4,8,6,ESAM,0.034199506223478914
10,4,8,7,FGL2,0.03393394106594531
10,4,8,8,HIST1H4E,0.03307177401275684
10,4,16,1,TNFSF10,0.04449594820899607
10,4,16,2,MPL,0.03875902306196745
10,4,16,3,VWF,0.03862937491795808
10,4,16,4,GIMAP4,0.03858260763490676
10,4,16,5,RBPMS2,0.034448611375314936
10,4,16,6,ESAM,0.034199506223478914
10,4,16,7,FGL2,0.03393394106594531
10,4,16,8,HIST1H4E,0.03307177401275684
10,4,16,9,VCAN,0.03161193245122069
10,4,16,10,SERPINE2,0.031424022169871654
10,4,16,11,RRM2,0.030893020398267253
10,4,16,12,MAFB,0.030825738298029832
10,4,16,13,MS4A2,0.03005690262065728
10,4,16,14,SNORD3C,0.029864246649508694
10,4,16,15,PRAGMIN,0.029845210957186258
10,4,16,16,GIMAP8,0.029675886630215066
10,4,32,1,TNFSF10,0.04449594820899607
10,4,32,2,MPL,0.03875902306196745
10,4,32,3,VWF,0.03862937491795808
10,4,32,4,GIMAP4,0.03858260763490676
10,4,32,5,RBPMS2,0.034448611375314936
10,4,32,6,ESAM,0.034199506223478914
10,4,32,7,FGL2,0.03393394106594531
10,4,32,8,HIST1H4E,0.03307177401275684
10,4,32,9,VCAN,0.03161193245122069
10,4,32,10,SERPINE2,0.031424022169871654
10,4,32,11,RRM2,0.030893020398267253
10,4,32,12,MAFB,0.030825738298029832
10,4,32,13,MS4A2,0.03005690262065728
10,4,32,14,SNORD3C,0.029864246649508694
10,4,32,15,PRAGMIN,0.029845210957186258
10,4,32,16,GIMAP8,0.029675886630215066
10,4,32,17,HOXA5,0.029637486243514127
10,4,32,18,SLC45A3,0.029408115411803156
10,4,32,19,CLEC1B,0.029194264315037025
10,4,32,20,CX3CR1,0.029146732874503888
10,4,32,21,GJB6,0.028725178733922146
10,4,32,22,PROS1,0.028472695792750396
10,4,32,23,HIST1H1E,0.028247472625203735
10,4,32,24,SNORD3A,0.028103123697256763
10,4,32,25,ITGA2B,0.028009314321872238
10,4,32,26,HBEGF,0.027756095025732067
10,4,32,27,TSPAN33,0.02757054356871901
10,4,32,28,HIST1H1B,0.027540469090775097
10,4,32,29,HIST1H2AH,0.02733737717895963
10,4,32,30,HIST2H2BF,0.027147390327520338
10,4,32,31,TGFBI,0.0269294185702458
10,4,32,32,GP9,0.024945657775830802
10,8,8,1,CDC20,0.06926339619506276
10,8,8,2,IFIT1L,0.06740896062444961
10,8,8,3,SLC4A1,0.06683668046699756
10,8,8,4,EPB42,0.06656511967585751
10,8,8,5,SPTA1,0.06619584030856399
10,8,8,6,LOC644936,0.06440222613774885
10,8,8,7,AHSP,0.06347426372233872
10,8,8,8,GYPB,0.06156807296754327
10,8,16,1,CDC20,0.06926339619506276
10,8,16,2,IFIT1L,0.06740896062444961
10,8,16,3,SLC4A1,0.06683668046699756
10,8,16,4,EPB42,0.06656511967585751
10,8,16,5,SPTA1,0.06619584030856399
10,8,16,6,LOC644936,0.06440222613774885
10,8,16,7,AHSP,0.06347426372233872
10,8,16,8,GYPB,0.06156807296754327
10,8,16,9,OSBP2,0.06081933638045993
10,8,16,10,VCAN,0.06068967886402179
10,8,16,11,MAFB,0.05991895242487436
10,8,16,12,CA1,0.05974055404727618
10,8,16,13,ABP1,0.05772608348553889
10,8,16,14,RHAG,0.05677399010515464
10,8,16,15,HBM,0.05665339553245226
10,8,16,16,SERPINE2,0.05513245286057592
10,8,32,1,CDC20,0.06926339619506276
10,8,32,2,IFIT1L,0.06740896062444961
10,8,32,3,SLC4A1,0.06683668046699756
10,8,32,4,EPB42,0.06656511967585751
10,8,32,5,SPTA1,0.06619584030856399
10,8,32,6,LOC644936,0.06440222613774885
10,8,32,7,AHSP,0.06347426372233872
10,8,32,8,GYPB,0.06156807296754327
10,8,32,9,OSBP2,0.06081933638045993
10,8,32,10,VCAN,0.06068967886402179
10,8,32,11,MAFB,0.05991895242487436
10,8,32,12,CA1,0.05974055404727618
10,8,32,13,ABP1,0.05772608348553889
10,8,32,14,RHAG,0.05677399010515464
10,8,32,15,HBM,0.05665339553245226
10,8,32,16,SERPINE2,0.05513245286057592
10,8,32,17,LILRA3,0.054948830134022325
10,8,32,18,IL1B,0.05404559167247219
10,8,32,19,LOC100133875,0.05389939784715946
10,8,32,20,ADM,0.05253791846922412
10,8,32,21,TGFBI,0.05146955634057341
10,8,32,22,LOC100008588,0.05012012209289178
10,8,32,23,CLEC11A,0.050005542410698274
10,8,32,24,HIST2H2BF,0.048828213887484116
10,8,32,25,IL8RB,0.048351697929604476
10,8,32,26,TNFSF10,0.04593962798006707
10,8,32,27,XIST,0.04580992493693744
10,8,32,28,RAP1GAP,0.04559954669765859
10,8,32,29,GJB6,0.04547843688070423
10,8,32,30,GADD45B,0.04544125197006073
10,8,32,31,KLHL15,0.044928362547511216
10,8,32,32,MPL,0.04379916267026482
10,16,8,1,GAPDHL6,0.14769534838699436
10,16,8,2,LOC100133875,0.13169853931785339
10,16,8,3,LOC644936,0.12428568848908776
10,16,8,4,BAMBI,0.12130355804641257
10,16,8,5,GSTM1,0.11513728789535593
10,16,8,6,LOC729645,0.11505543102541106
10,16,8,7,RAP1GAP,0.11397006424306613
10,16,8,8,TPSAB1,0.11153864822565564
10,16,16,1,GAPDHL6,0.14769534838699436
10,16,16,2,LOC100133875,0.13169853931785339
10,16,16,3,LOC644936,0.12428568848908776
10,16,16,4,BAMBI,0.12130355804641257
10,16,16,5,GSTM1,0.11513728789535593
10,16,16,6,LOC729645,0.11505543102541106
10,16,16,7,RAP1GAP,0.11397006424306613
10,16,16,8,TPSAB1,0.11153864822565564
10,16,16,9,HLA-DRB5,0.1112843337946521
10,16,16,10,TPSB2,0.11020025805189465
10,16,16,11,LILRA3,0.10998015165911991
10,16,16,12,LGALS2,0.10807179934479068
10,16,16,13,C1orf150,0.10766055305523188
10,16,16,14,CDC20,0.10488954538340449
10,16,16,15,DEFB1,0.10384741320226729
10,16,16,16,LOC654055,0.09876136154641961
10,16,32,1,GAPDHL6,0.14769534838699436
10,16,32,2,LOC100133875,0.13169853931785339
10,16,32,3,LOC644936,0.12428568848908776
10,16,32,4,BAMBI,0.12130355804641257
10,16,32,5,GSTM1,0.11513728789535593
10,16,32,6,LOC729645,0.11505543102541106
10,16,32,7,RAP1GAP,0.11397006424306613
10,16,32,8,TPSAB1,0.11153864822565564
10,16,32,9,HLA-DRB5,0.1112843337946521
10,16,32,10,TPSB2,0.11020025805189465
10,16,32,11,LILRA3,0.10998015165911991
10,16,32,12,LGALS2,0.10807179934479068
10,16,32,13,C1orf150,0.10766055305523188
10,16,32,14,CDC20,0.10488954538340449
10,16,32,15,DEFB1,0.10384741320226729
10,16,32,16,LOC654055,0.09876136154641961
10,16,32,17,LOC100132394,0.09839481870351216
10,16,32,18,LOC731682,0.09813167061025932
10,16,32,19,PI3,0.09806794028007247
10,16,32,20,ABP1,0.09672878837968606
10,16,32,21,RPS4Y1,0.0934437477137463
10,16,32,22,RNU5A,0.09341706463769563
10,16,32,23,KLHL15,0.09276333227230932
10,16,32,24,RPS4Y2,0.09242912691540729
10,16,32,25,LOC100133662,0.0919807372220692
10,16,32,26,SOCS2,0.09172319559912687
10,16,32,27,XIST,0.0915201094194814
10,16,32,28,SPRYD5,0.09116416746183982
10,16,32,29,CYorf15A,0.09108386822465428
10,16,32,30,HOXA5,0.08978321356445937
10,16,32,31,BEX1,0.08975963167393837
10,16,32,32,SLC4A1,0.08962837030916464
11,4,8,1,VWF,0.054703592775919754
11,4,8,2,MAFB,0.04804126034206603
11,4,8,3,ESAM,0.04726934314864774
11,4,8,4,RBPMS2,0.046649189864860274
11,4,8,5,ITGB3,0.045707033859478274
11,4,8,6,CLEC1B,0.04569393794038097
11,4,8,7,ITGA2B,0.041668579356272405
11,4,8,8,TGFBI,0.04059286169022651
11,4,16,1,VWF,0.054703592775919754
11,4,16,2,MAFB,0.04804126034206603
11,4,16,3,ESAM,0.04726934314864774
11,4,16,4,RBPMS2,0.046649189864860274
11,4,16,5,ITGB3,0.045707033859478274
11,4,16,6,CLEC1B,0.04569393794038097
11,4,16,7,ITGA2B,0.041668579356272405
11,4,16,8,TGFBI,0.04059286169022651
11,4,16,9,KIAA0367,0.036728296071497656
11,4,16,10,BAMBI,0.036032545849238984
11,4,16,11,GP9,0.03350720034950257
11,4,16,12,TSPAN33,0.03349575097457899
11,4,16,13,VCAN,0.0324982314201505
11,4,16,14,NEU4,0.03233745182481777
11,4,16,15,TNFRSF21,0.03157860313048503
11,4,16,16,SERPINE2,0.03096038330929718
11,4,32,1,VWF,0.054703592775919754
11,4,32,2,MAFB,0.04804126034206603
11,4,32,3,ESAM,0.04726934314864774
11,4,32,4,RBPMS2,0.046649189864860274
11,4,32,5,ITGB3,0.045707033859478274
11,4,32,6,CLEC1B,0.04569393794038097
11,4,32,7,ITGA2B,0.041668579356272405
11,4,32,8,TGFBI,0.04059286169022651
11,4,32,9,KIAA0367,0.036728296071497656
11,4,32,10,BAMBI,0.036032545849238984
11,4,32,11,GP9,0.03350720034950257
11,4,32,12,TSPAN33,0.03349575097457899
11,4,32,13,VCAN,0.0324982314201505
11,4,32,14,NEU4,0.03233745182481777
11,4,32,15,TNFRSF21,0.03157860313048503
11,4,32,16,SERPINE2,0.03096038330929718
11,4,32,17,XIST,0.030691352070186726
11,4,32,18,PRG3,0.030426887889485166
11,4,32,19,MGC13057,0.029959226215159597
11,4,32,20,EMP1,0.029848892636424235
11,4,32,21,HIST1H4E,0.029006085654956753
11,4,32,22,IL8RB,0.02834655358514795
11,4,32,23,HIST1H2AH,0.028049478577028105
11,4,32,24,CLIC3,0.027787380697114915
11,4,32,25,F13A1,0.02757238924997103
11,4,32,26,HLA-DRB1,0.027490293341238464
11,4,32,27,GTSF1,0.02700080377478547
11,4,32,28,HLA-DRB4,0.026757434485602017
11,4,32,29,TSPAN9,0.02658955341162198
11,4,32,30,PRKY,0.026230531916803877
11,4,32,31,HIST1H1D,0.026097262217745144
11,4,32,32,EOMES,0.025390885471751973
11,8,8,1,EPB42,0.0713749709107114
11,8,8,2,CDC20,0.0708507672361682
11,8,8,3,AHSP,0.07072374097705544
11,8,8,4,SPTA1,0.07017575433323567
11,8,8,5,RAP1GAP,0.06889663139475444
11,8,8,6,SLC4A1,0.06785217836649855
11,8,8,7,HBM,0.06756453067125208
11,8,8,8,SELENBP1,0.0665399416230685
11,8,16,1,EPB42,0.0713749709107114
11,8,16,2,CDC20,0.0708507672361682
11,8,16,3,AHSP,0.07072374097705544
11,8,16,4,SPTA1,0.07017575433323567
11,8,16,5,RAP1GAP,0.06889663139475444
11,8,16,6,SLC4A1,0.06785217836649855
11,8,16,7,HBM,0.06756453067125208
11,8,16,8,SELENBP1,0.0665399416230685
11,8,16,9,CA1,0.06465154042987699
11,8,16,10,IFIT1L,0.06459889164183481
11,8,16,11,GYPB,0.06222465387646876
11,8,16,12,VWF,0.06182169035598946
11,8,16,13,OSBP2,0.06179887648891476
11,8,16,14,RHAG,0.05989258861483667
11,8,16,15,DEFB1,0.05978872674146969
11,8,16,16,PI3,0.057772319353866154
11,8,32,1,EPB42,0.0713749709107114
11,8,32,2,CDC20,0.0708507672361682
11,8,32,3,AHSP,0.07072374097705544
11,8,32,4,SPTA1,0.07017575433323567
11,8,32,5,RAP1GAP,0.06889663139475444
11,8,32,6,SLC4A1,0.06785217836649855
11,8,32,7,HBM,0.06756453067125208
11,8,32,8,SELENBP1,0.0665399416230685
11,8,32,9,CA1,0.06465154042987699
11,8,32,10,IFIT1L,0.06459889164183481
11,8,32,11,GYPB,0.06222465387646876
11,8,32,12,VWF,0.06182169035598946
11,8,32,13,OSBP2,0.06179887648891476
11,8,32,14,RHAG,0.05989258861483667
11,8,32,15,DEFB1,0.05978872674146969
11,8,32,16,PI3,0.057772319353866154
11,8,32,17,VCAN,0.05760831299513299
11,8,32,18,IL1B,0.05738055784000122
11,8,32,19,IFI27,0.0559125198396687
11,8,32,20,XIST,0.05565295594016668
11,8,32,21,IL8RB,0.05561244825494735
11,8,32,22,PLAU,0.05456327975550793
11,8,32,23,KIAA0367,0.05432804822720255
11,8,32,24,MAFB,0.053725765057469274
11,8,32,25,ESAM,0.051966679817522475
11,8,32,26,ITGB3,0.05157094411984002
11,8,32,27,HBBP1,0.05153925545800204
11,8,32,28,RBPMS2,0.05082604569525523
11,8,32,29,CCL4L1,0.0504933393905101
11,8,32,30,CLEC1B,0.04872280267138103
11,8,32,31,TGFBI,0.04795779926748151
11,8,32,32,SERPINE2,0.047708976331222605
11,16,8,1,DEFB1,0.1670229110806956
11,16,8,2,LOC644936,0.1461529871976769
11,16,8,3,HLA-A29.1,0.13802187991275017
11,16,8,4,LOC100133875,0.13597122830119615
11,16,8,5,KIAA0367,0.13269593470333024
11,16,8,6,GAPDHL6,0.12748446236427205
11,16,8,7,GTSF1,0.11972189577882697
11,16,8,8,LOC100132394,0.11743549711807404
11,16,16,1,DEFB1,0.1670229110806956
11,16,16,2,LOC644936,0.1461529871976769
11,16,16,3,HLA-A29.1,0.13802187991275017
11,16,16,4,LOC100133875,0.13597122830119615
11,16,16,5,KIAA0367,0.13269593470333024
11,16,16,6,GAPDHL6,0.12748446236427205
11,16,16,7,GTSF1,0.11972189577882697
11,16,16,8,LOC100132394,0.11743549711807404
11,16,16,9,LILRA3,0.11570437167656225
11,16,16,10,IFI27,0.11550295351244484
11,16,16,11,CDC20,0.11062481194835547
11,16,16,12,MX1,0.10632494203342331
11,16,16,13,C1orf150,0.10457287087883507
11,16,16,14,BAMBI,0.1009020661736928
11,16,16,15,IL1B,0.10042716024035746
11,16,16,16,THBS1,0.09989653100501979
11,16,32,1,DEFB1,0.1670229110806956
11,16,32,2,LOC644936,0.1461529871976769
11,16,32,3,HLA-A29.1,0.13802187991275017
11,16,32,4,LOC100133875,0.13597122830119615
11,16,32,5,KIAA0367,0.13269593470333024
11,16,32,6,GAPDHL6,0.12748446236427205
11,16,32,7,GTSF1,0.11972189577882697
11,16,32,8,LOC100132394,0.11743549711807404
11,16,32,9,LILRA3,0.11570437167656225
11,16,32,10,IFI27,0.11550295351244484
11,16,32,11,CDC20,0.11062481194835547
11,16,32,12,MX1,0.10632494203342331
11,16,32,13,C1orf150,0.10457287087883507
11,16,32,14,BAMBI,0.1009020661736928
11,16,32,15,IL1B,0.10042716024035746
11,16,32,16,THBS1,0.09989653100501979
11,16,32,17,HOXA5,0.09936467979168505
11,16,32,18,LOC100008588,0.09759372330606683
11,16,32,19,LGALS2,0.09692242747938319
11,16,32,20,MIR1974,0.09636150952373411
11,16,32,21,IFIT1L,0.09478502407659896
11,16,32,22,RAP1GAP,0.09446452557606361
11,16,32,23,TPSAB1,0.09428629504823094
11,16,32,24,XIST,0.09366705336969558
11,16,32,25,RPS4Y2,0.09296920536787871
11,16,32,26,PI3,0.09154564248109702
11,16,32,27,VWF,0.09066161835805919
11,16,32,28,LOC731682,0.08897288863274895
11,16,32,29,EPB42,0.08875248373902478
11,16,32,30,TPSB2,0.08859586889349012
11,16,32,31,PRKY,0.08811222163960276
11,16,32,32,TNFRSF21,0.08805997999988802
12,4,8,1,VWF,0.042424336516152496
12,4,8,2,IFIT1L,0.03619911782400682
12,4,8,3,CYTL1,0.03461110677910779
12,4,8,4,MPL,0.03425257767376758
12,4,8,5,SERPINE2,0.0330934892876088
12,4,8,6,HIST1H4E,0.032882757462318835
12,4,8,7,DEFB1,0.03216025795956616
12,4,8,8,LTF,0.03209463446637645
12,4,16,1,VWF,0.042424336516152496
12,4,16,2,IFIT1L,0.03619911782400682
12,4,16,3,CYTL1,0.03461110677910779
12,4,16,4,MPL,0.03425257767376758
12,4,16,5,SERPINE2,0.0330934892876088
12,4,16,6,HIST1H4E,0.032882757462318835
12,4,16,7,DEFB1,0.03216025795956616
12,4,16,8,LTF,0.03209463446637645
12,4,16,9,TMCC2,0.03200159461966807
12,4,16,10,HIST1H2AM,0.031454267782668376
12,4,16,11,GYPB,0.03051844651737555
12,4,16,12,HIST1H1B,0.03000708568346428
12,4,16,13,ESAM,0.02993878496384463
12,4,16,14,HBM,0.029667293117753374
12,4,16,15,TCN1,0.029446486299559954
12,4,16,16,RHAG,0.02894616023859455
12,4,32,1,VWF,0.042424336516152496
12,4,32,2,IFIT1L,0.03619911782400682
12,4,32,3,CYTL1,0.03461110677910779
12,4,32,4,MPL,0.03425257767376758
12,4,32,5,SERPINE2,0.0330934892876088
12,4,32,6,HIST1H4E,0.032882757462318835
12,4,32,7,DEFB1,0.03216025795956616
12,4,32,8,LTF,0.03209463446637645
12,4,32,9,TMCC2,0.03200159461966807
12,4,32,10,HIST1H2AM,0.031454267782668376
12,4,32,11,GYPB,0.03051844651737555
12,4,32,12,HIST1H1B,0.03000708568346428
12,4,32,13,ESAM,0.02993878496384463
12,4,32,14,HBM,0.029667293117753374
12,4,32,15,TCN1,0.029446486299559954
12,4,32,16,RHAG,0.02894616023859455
12,4,32,17,HIST2H3A,0.02870389825571385
12,4,32,18,EPB42,0.028150012966531805
12,4,32,19,HIST1H1E,0.027790977095515347
12,4,32,20,RBPMS2,0.02770273041977459
12,4,32,21,GSTM1,0.027453862500116184
12,4,32,22,HIST1H2AH,0.02711970508769849
12,4,32,23,SLC4A1,0.026678906939380544
12,4,32,24,CEACAM6,0.02661234445347245
12,4,32,25,GP9,0.02639006071988419
12,4,32,26,SPTA1,0.02637123437093994
12,4,32,27,RNU1F1,0.02632491600860346
12,4,32,28,AHSP,0.026213459674682107
12,4,32,29,HIST1H2BG,0.02613450395106246
12,4,32,30,SNORD3C,0.02598435015965429
12,4,32,31,RNU1A3,0.025712854131442274
12,4,32,32,ITGA2B,0.025585214042329697
12,8,8,1,RPS4Y2,0.0792800479705342
12,8,8,2,LOC100133662,0.07885112855497622
12,8,8,3,RPS4Y1,0.07765671844972902
12,8,8,4,XIST,0.07740120158633858
12,8,8,5,JARID1D,0.07083223578816687
12,8,8,6,CYorf15A,0.07073371900787823
12,8,8,7,EIF1AY,0.07052733032219155
12,8,8,8,PRKY,0.06861918092328899
12,8,16,1,RPS4Y2,0.0792800479705342
12,8,16,2,LOC100133662,0.07885112855497622
12,8,16,3,RPS4Y1,0.07765671844972902
12,8,16,4,XIST,0.07740120158633858
12,8,16,5,JARID1D,0.07083223578816687
12,8,16,6,CYorf15A,0.07073371900787823
12,8,16,7,EIF1AY,0.07052733032219155
12,8,16,8,PRKY,0.06861918092328899
12,8,16,9,CYorf15B,0.06791259517234854
12,8,16,10,TMEM176A,0.0670468958138462
12,8,16,11,SELENBP1,0.06416610752903905
12,8,16,12,TMCC2,0.06257067002410387
12,8,16,13,EPB42,0.06224231208764068
12,8,16,14,IFIT1L,0.061048688194341914
12,8,16,15,SLC4A1,0.059443799102108265
12,8,16,16,VWF,0.058609830200356004
12,8,32,1,RPS4Y2,0.0792800479705342
12,8,32,2,LOC100133662,0.07885112855497622
12,8,32,3,RPS4Y1,0.07765671844972902
12,8,32,4,XIST,0.07740120158633858
12,8,32,5,JARID1D,0.07083223578816687
12,8,32,6,CYorf15A,0.07073371900787823
12,8,32,7,EIF1AY,0.07052733032219155
12,8,32,8,PRKY,0.06861918092328899
12,8,32,9,CYorf15B,0.06791259517234854
12,8,32,10,TMEM176A,0.0670468958138462
12,8,32,11,SELENBP1,0.06416610752903905
12,8,32,12,TMCC2,0.06257067002410387
12,8,32,13,EPB42,0.06224231208764068
12,8,32,14,IFIT1L,0.061048688194341914
12,8,32,15,SLC4A1,0.059443799102108265
12,8,32,16,VWF,0.058609830200356004
12,8,32,17,DEFB1,0.05675717574593725
12,8,32,18,TGFBI,0.05590887357446439
12,8,32,19,GYPB,0.05553033844642701
12,8,32,20,LGALS2,0.05485934519925691
12,8,32,21,OSBP2,0.0546248825404001
12,8,32,22,SNCA,0.05426843174949562
12,8,32,23,AHSP,0.05380803312078625
12,8,32,24,HBM,0.05244922328653257
12,8,32,25,CA1,0.05078126869900791
12,8,32,26,TNFRSF21,0.04823833433885568
12,8,32,27,EMP1,0.04727558245180546
12,8,32,28,SPTA1,0.04718299377918064
12,8,32,29,LOC100133875,0.046584812916291414
12,8,32,30,LY86,0.04658327187131751
12,8,32,31,DDIT4,0.046226563610080734
12,8,32,32,LAMA5,0.04610823026132355
12,16,8,1,LOC100133875,0.18518693623054905
12,16,8,2,DEFB1,0.1682684085196679
12,16,8,3,BAMBI,0.15768609901804123
12,16,8,4,GTSF1,0.15754487757509286
12,16,8,5,KIAA0367,0.12901190829295006
12,16,8,6,HLA-A29.1,0.12430028929370604
12,16,8,7,LOC644936,0.1239084660340063
12,16,8,8,GAPDHL6,0.11815940147140688
12,16,16,1,LOC100133875,0.18518693623054905
12,16,16,2,DEFB1,0.1682684085196679
12,16,16,3,BAMBI,0.15768609901804123
12,16,16,4,GTSF1,0.15754487757509286
12,16,16,5,KIAA0367,0.12901190829295006
12,16,16,6,HLA-A29.1,0.12430028929370604
12,16,16,7,LOC644936,0.1239084660340063
12,16,16,8,GAPDHL6,0.11815940147140688
12,16,16,9,GSTM1,0.1154216765465965
12,16,16,10,LAMA5,0.11158180433376126
12,16,16,11,LGALS2,0.11000523643053249
12,16,16,12,LOC727908,0.10894376373767713
12,16,16,13,ABP1,0.10741700488474001
12,16,16,14,LOC729645,0.10647796994618622
12,16,16,15,IL1B,0.10622877407667586
12,16,16,16,RPS4Y2,0.10093269208933478
12,16,32,1,LOC100133875,0.18518693623054905
12,16,32,2,DEFB1,0.1682684085196679
12,16,32,3,BAMBI,0.15768609901804123
12,16,32,4,GTSF1,0.15754487757509286
12,16,32,5,KIAA0367,0.12901190829295006
12,16,32,6,HLA-A29.1,0.12430028929370604
12,16,32,7,LOC644936,0.1239084660340063
12,16,32,8,GAPDHL6,0.11815940147140688
12,16,32,9,GSTM1,0.1154216765465965
12,16,32,10,LAMA5,0.11158180433376126
12,16,32,11,LGALS2,0.11000523643053249
12,16,32,12,LOC727908,0.10894376373767713
12,16,32,13,ABP1,0.10741700488474001
12,16,32,14,LOC729645,0.10647796994618622
12,16,32,15,IL1B,0.10622877407667586
12,16,32,16,RPS4Y2,0.10093269208933478
12,16,32,17,TPSB2,0.09956450607203919
12,16,32,18,MIR1974,0.09505674153971584
12,16,32,19,CDC20,0.09374583781521592
12,16,32,20,KLHL15,0.09216236601733997
12,16,32,21,BEX1,0.09165153995915941
12,16,32,22,IFI27,0.08999455781366254
12,16,32,23,LOC100132394,0.08823558894406845
12,16,32,24,MX1,0.08553185908670702
12,16,32,25,LOC654055,0.08489938156485193
12,16,32,26,LOC100133662,0.08466647847720181
12,16,32,27,TPSAB1,0.08426736809772838
12,16,32,28,CYorf15A,0.0839289190714415
12,16,32,29,RPS4Y1,0.08357802836232853
12,16,32,30,XIST,0.08355162660686655
12,16,32,31,IFIT1,0.08242386977398246
12,16,32,32,CYorf15B,0.08195277040498895
13,4,8,1,TNFSF10,0.048844367147521016
13,4,8,2,VWF,0.046072459183323096
13,4,8,3,MS4A2,0.04175408139532908
13,4,8,4,MPL,0.040113230156094304
13,4,8,5,ESAM,0.03849213015349719
13,4,8,6,RBPMS2,0.036427663738390174
13,4,8,7,SLC45A3,0.03609289378274998
13,4,8,8,FGL2,0.03597289848974137
13,4,16,1,TNFSF10,0.048844367147521016
13,4,16,2,VWF,0.046072459183323096
13,4,16,3,MS4A2,0.04175408139532908
13,4,16,4,MPL,0.040113230156094304
13,4,16,5,ESAM,0.03849213015349719
13,4,16,6,RBPMS2,0.036427663738390174
13,4,16,7,SLC45A3,0.03609289378274998
13,4,16,8,FGL2,0.03597289848974137
13,4,16,9,GIMAP4,0.03399817188294428
13,4,16,10,MX1,0.03388211505517538
13,4,16,11,CLEC1B,0.032344963588960336
13,4,16,12,TSPAN33,0.032142595398868434
13,4,16,13,SERPINE2,0.032025149010575835
13,4,16,14,ITGA2B,0.030345324593305197
13,4,16,15,HIST1H4E,0.029060461377860475
13,4,16,16,PROS1,0.028500096448387982
13,4,32,1,TNFSF10,0.048844367147521016
13,4,32,2,VWF,0.046072459183323096
13,4,32,3,MS4A2,0.04175408139532908
13,4,32,4,MPL,0.040113230156094304
13,4,32,5,ESAM,0.03849213015349719
13,4,32,6,RBPMS2,0.036427663738390174
13,4,32,7,SLC45A3,0.03609289378274998
13,4,32,8,FGL2,0.03597289848974137
13,4,32,9,GIMAP4,0.03399817188294428
13,4,32,10,MX1,0.03388211505517538
13,4,32,11,CLEC1B,0.032344963588960336
13,4,32,12,TSPAN33,0.032142595398868434
13,4,32,13,SERPINE2,0.032025149010575835
13,4,32,14,ITGA2B,0.030345324593305197
13,4,32,15,HIST1H4E,0.029060461377860475
13,4,32,16,PROS1,0.028500096448387982
13,4,32,17,IL8RB,0.028311060742314074
13,4,32,18,MAFB,0.028166076874815787
13,4,32,19,GP9,0.027601032500518017
13,4,32,20,SPRYD5,0.02728801391858232
13,4,32,21,HOXA5,0.02724172516688335
13,4,32,22,CX3CR1,0.026320332164417176
13,4,32,23,HIST2H3A,0.026202990818601276
13,4,32,24,TGFBI,0.025004099161527182
13,4,32,25,DEFA4,0.024848825308117498
13,4,32,26,GJB6,0.024672439000311037
13,4,32,27,HIST2H2BF,0.024516767191034797
13,4,32,28,LAMA5,0.02438704551569572
13,4,32,29,LTF,0.024266535086491965
13,4,32,30,VCAN,0.024207559318396025
13,4,32,31,SNORD3A,0.024088392651581705
13,4,32,32,HIST1H2AM,0.023994638076797085
13,8,8,1,LOC644936,0.0791346300783676
13,8,8,2,MAFB,0.060163358454230945
13,8,8,3,SLC4A1,0.0591765660881336
13,8,8,4,TMCC2,0.056999549489788456
13,8,8,5,TGFBI,0.05599555259506546
13,8,8,6,TNFSF10,0.054702574233924904
13,8,8,7,EMP1,0.05423043276380394
13,8,8,8,EPB42,0.053981670148558016
13,8,16,1,LOC644936,0.0791346300783676
13,8,16,2,MAFB,0.060163358454230945
13,8,16,3,SLC4A1,0.0591765660881336
13,8,16,4,TMCC2,0.056999549489788456
13,8,16,5,TGFBI,0.05599555259506546
13,8,16,6,TNFSF10,0.054702574233924904
13,8,16,7,EMP1,0.05423043276380394
13,8,16,8,EPB42,0.053981670148558016
13,8,16,9,HBM,0.05326961067679248
13,8,16,10,SELENBP1,0.0528570795565782
13,8,16,11,VWF,0.052805804597804484
13,8,16,12,GYPB,0.05265531666144805
13,8,16,13,GAPDHL6,0.05219897615749938
13,8,16,14,IFIT1L,0.05208188447430646
13,8,16,15,DEFB1,0.05133713364734375
13,8,16,16,RAP1GAP,0.050960127959675965
13,8,32,1,LOC644936,0.0791346300783676
13,8,32,2,MAFB,0.060163358454230945
13,8,32,3,SLC4A1,0.0591765660881336
13,8,32,4,TMCC2,0.056999549489788456
13,8,32,5,TGFBI,0.05599555259506546
13,8,32,6,TNFSF10,0.054702574233924904
13,8,32,7,EMP1,0.05423043276380394
13,8,32,8,EPB42,0.053981670148558016
13,8,32,9,HBM,0.05326961067679248
13,8,32,10,SELENBP1,0.0528570795565782
13,8,32,11,VWF,0.052805804597804484
13,8,32,12,GYPB,0.05265531666144805
13,8,32,13,GAPDHL6,0.05219897615749938
13,8,32,14,IFIT1L,0.05208188447430646
13,8,32,15,DEFB1,0.05133713364734375
13,8,32,16,RAP1GAP,0.050960127959675965
13,8,32,17,ADM,0.05045661577372958
13,8,32,18,CA1,0.04957595233351098
13,8,32,19,HIST2H2BF,0.04941044110936217
13,8,32,20,AHSP,0.049337355801838234
13,8,32,21,EPDR1,0.04889319941867595
13,8,32,22,VCAN,0.04771327211972496
13,8,32,23,IL8RB,0.04716600464982765
13,8,32,24,GJB6,0.04679653490803589
13,8,32,25,SPTA1,0.04677227660047667
13,8,32,26,IFIT2,0.046443477108020784
13,8,32,27,HBQ1,0.04639155145557043
13,8,32,28,SERPINE2,0.0457194633364765
13,8,32,29,PHACTR1,0.04571823186109921
13,8,32,30,TRIM58,0.04537454825405988
13,8,32,31,NAPSB,0.04522203411222246
13,8,32,32,CD83,0.04514495395859503
13,16,8,1,DEFB1,0.15706037331577527
13,16,8,2,GTSF1,0.14959698816799405
13,16,8,3,BAMBI,0.1435864729481214
13,16,8,4,GAPDHL6,0.13395662730054192
13,16,8,5,LOC644936,0.12660045264920428
13,16,8,6,LOC729645,0.12642561078938497
13,16,8,7,KIAA0367,0.1179130909461205
13,16,8,8,C1orf150,0.11457189219862637
13,16,16,1,DEFB1,0.15706037331577527
13,16,16,2,GTSF1,0.14959698816799405
13,16,16,3,BAMBI,0.1435864729481214
13,16,16,4,GAPDHL6,0.13395662730054192
13,16,16,5,LOC644936,0.12660045264920428
13,16,16,6,LOC729645,0.12642561078938497
13,16,16,7,KIAA0367,0.1179130909461205
13,16,16,8,C1orf150,0.11457189219862637
13,16,16,9,GSTM1,0.11173474707737374
13,16,16,10,LOC100132394,0.10869141304368685
13,16,16,11,IFI27,0.10817528538371914
13,16,16,12,LOC654055,0.10372492467115865
13,16,16,13,TEX101,0.1033095110246908
13,16,16,14,HLA-A29.1,0.10279349307824286
13,16,16,15,IL1B,0.10157448976932416
13,16,16,16,HES4,0.1009056001859602
13,16,32,1,DEFB1,0.15706037331577527
13,16,32,2,GTSF1,0.14959698816799405
13,16,32,3,BAMBI,0.1435864729481214
13,16,32,4,GAPDHL6,0.13395662730054192
13,16,32,5,LOC644936,0.12660045264920428
13,16,32,6,LOC729645,0.12642561078938497
13,16,32,7,KIAA0367,0.1179130909461205
13,16,32,8,C1orf150,0.11457189219862637
13,16,32,9,GSTM1,0.11173474707737374
13,16,32,10,LOC100132394,0.10869141304368685
13,16,32,11,IFI27,0.10817528538371914
13,16,32,12,LOC654055,0.10372492467115865
13,16,32,13,TEX101,0.1033095110246908
13,16,32,14,HLA-A29.1,0.10279349307824286
13,16,32,15,IL1B,0.10157448976932416
13,16,32,16,HES4,0.1009056001859602
13,16,32,17,PI3,0.10053437012272286
13,16,32,18,KLHL15,0.09839838594241933
13,16,32,19,THBS1,0.09807212494549655
13,16,32,20,SPRYD5,0.09626538145104854
13,16,32,21,ABP1,0.0962624755925619
13,16,32,22,HLA-DRB5,0.09338732113920466
13,16,32,23,HOXA5,0.0918821229336635
13,16,32,24,LGALS2,0.09081719771531369
13,16,32,25,LOC654101,0.0901938415527621
13,16,32,26,TPSAB1,0.08794241705573505
13,16,32,27,RAP1GAP,0.08720778196080924
13,16,32,28,LAMA5,0.0866414239318194
13,16,32,29,RPS4Y1,0.08535867014104394
13,16,32,30,RPS4Y2,0.08439516012997664
13,16,32,31,VCAN,0.08379816206502154
13,16,32,32,LOC100133662,0.08355529613784832
14,4,8,1,VWF,0.051258962510390214
14,4,8,2,SERPINE2,0.04348532477806382
14,4,8,3,MPL,0.043277903679891906
14,4,8,4,RBPMS2,0.042557192706810396
14,4,8,5,ESAM,0.04186097935029855
14,4,8,6,ITGA2B,0.034475372016941036
14,4,8,7,TSPAN33,0.03376774896183628
14,4,8,8,PROS1,0.0323977316783626
14,4,16,1,VWF,0.051258962510390214
14,4,16,2,SERPINE2,0.04348532477806382
14,4,16,3,MPL,0.043277903679891906
14,4,16,4,RBPMS2,0.042557192706810396
14,4,16,5,ESAM,0.04186097935029855
14,4,16,6,ITGA2B,0.034475372016941036
14,4,16,7,TSPAN33,0.03376774896183628
14,4,16,8,PROS1,0.0323977316783626
14,4,16,9,VCAN,0.03196532034335076
14,4,16,10,HBM,0.031665605882505686
14,4,16,11,CLEC1B,0.03166516734998103
14,4,16,12,MAFB,0.031329962593137244
14,4,16,13,SNORD3C,0.029761437122029798
14,4,16,14,ITGB3,0.028627351784376465
14,4,16,15,RNU1A3,0.028598342514732446
14,4,16,16,HIST1H2AM,0.02856427249184379
14,4,32,1,VWF,0.051258962510390214
14,4,32,2,SERPINE2,0.04348532477806382
14,4,32,3,MPL,0.043277903679891906
14,4,32,4,RBPMS2,0.042557192706810396
14,4,32,5,ESAM,0.04186097935029855
14,4,32,6,ITGA2B,0.034475372016941036
14,4,32,7,TSPAN33,0.03376774896183628
14,4,32,8,PROS1,0.0323977316783626
14,4,32,9,VCAN,0.03196532034335076
14,4,32,10,HBM,0.031665605882505686
14,4,32,11,CLEC1B,0.03166516734998103
14,4,32,12,MAFB,0.031329962593137244
14,4,32,13,SNORD3C,0.029761437122029798
14,4,32,14,ITGB3,0.028627351784376465
14,4,32,15,RNU1A3,0.028598342514732446
14,4,32,16,HIST1H2AM,0.02856427249184379
14,4,32,17,HIST2H3A,0.02855097130366529
14,4,32,18,SPTA1,0.028109468047679265
14,4,32,19,HIST1H1E,0.027664422085991177
14,4,32,20,HIST1H4E,0.027486355961957424
14,4,32,21,MGC13057,0.027218039501147578
14,4,32,22,GP9,0.02708787051141743
14,4,32,23,CA1,0.027033617595481677
14,4,32,24,HIST1H1B,0.02611580929977998
14,4,32,25,IL8RB,0.025979303544072404
14,4,32,26,SNORD3A,0.02585821093944231
14,4,32,27,DEFA4,0.025662401173668532
14,4,32,28,LTF,0.025601004852617397
14,4,32,29,RNU1F1,0.02553887513232005
14,4,32,30,AHSP,0.025126247721893608
14,4,32,31,CEACAM8,0.025089731198696657
14,4,32,32,GYPB,0.025044732159479242
14,8,8,1,DEFB1,0.0993015627310079
14,8,8,2,SPTA1,0.06653072400743337
14,8,8,3,XIST,0.06221068616414318
14,8,8,4,THBS1,0.06037511428473056
14,8,8,5,EPB42,0.058475137568150426
14,8,8,6,HBM,0.05842388376340593
14,8,8,7,VWF,0.0577544459836469
14,8,8,8,CA1,0.05756005406194918
14,8,16,1,DEFB1,0.0993015627310079
14,8,16,2,SPTA1,0.06653072400743337
14,8,16,3,XIST,0.06221068616414318
14,8,16,4,THBS1,0.06037511428473056
14,8,16,5,EPB42,0.058475137568150426
14,8,16,6,HBM,0.05842388376340593
14,8,16,7,VWF,0.0577544459836469
14,8,16,8,CA1,0.05756005406194918
14,8,16,9,CYorf15A,0.0565723560306642
14,8,16,10,IL8RB,0.05553078204671454
14,8,16,11,GYPB,0.05501013223730855
14,8,16,12,CCL4L1,0.05376567875787738
14,8,16,13,GAPDHL6,0.05303667178377104
14,8,16,14,SLC4A1,0.05266263540167108
14,8,16,15,AHSP,0.05244019949903343
14,8,16,16,LOC644936,0.05228795366642765
14,8,32,1,DEFB1,0.0993015627310079
14,8,32,2,SPTA1,0.06653072400743337
14,8,32,3,XIST,0.06221068616414318
14,8,32,4,THBS1,0.06037511428473056
14,8,32,5,EPB42,0.058475137568150426
14,8,32,6,HBM,0.05842388376340593
14,8,32,7,VWF,0.0577544459836469
14,8,32,8,CA1,0.05756005406194918
14,8,32,9,CYorf15A,0.0565723560306642
14,8,32,10,IL8RB,0.05553078204671454
14,8,32,11,GYPB,0.05501013223730855
14,8,32,12,CCL4L1,0.05376567875787738
14,8,32,13,GAPDHL6,0.05303667178377104
14,8,32,14,SLC4A1,0.05266263540167108
14,8,32,15,AHSP,0.05244019949903343
14,8,32,16,LOC644936,0.05228795366642765
14,8,32,17,OSBP2,0.05165766226565429
14,8,32,18,HBEGF,0.05039494672729389
14,8,32,19,PI3,0.05011938358283028
14,8,32,20,RHAG,0.049841909416184695
14,8,32,21,PCOLCE2,0.049618503739055235
14,8,32,22,SERPINE2,0.04950932899853024
14,8,32,23,PHACTR1,0.04939478856608436
14,8,32,24,MAFB,0.04912488859673792
14,8,32,25,RAP1GAP,0.04903186643129605
14,8,32,26,GIMAP4,0.04875541999017627
14,8,32,27,KLHL15,0.0487185649168087
14,8,32,28,VCAN,0.04870959475441389
14,8,32,29,IFIT1L,0.047775801077542326
14,8,32,30,HES4,0.047696159027545704
14,8,32,31,ADM,0.047452331142031394
14,8,32,32,MPL,0.046885632166352414
14,16,8,1,DEFB1,0.18042011672433003
14,16,8,2,HLA-A29.1,0.16497570778177767
14,16,8,3,GTSF1,0.1421254881718148
14,16,8,4,KIAA0367,0.13783477347984774
14,16,8,5,LOC100133875,0.1340875544416911
14,16,8,6,LOC654055,0.1340808210778214
14,16,8,7,BAMBI,0.13029014865785685
14,16,8,8,GAPDHL6,0.1211863591673587
14,16,16,1,DEFB1,0.18042011672433003
14,16,16,2,HLA-A29.1,0.16497570778177767
14,16,16,3,GTSF1,0.1421254881718148
14,16,16,4,KIAA0367,0.13783477347984774
14,16,16,5,LOC100133875,0.1340875544416911
14,16,16,6,LOC654055,0.1340808210778214
14,16,16,7,BAMBI,0.13029014865785685
14,16,16,8,GAPDHL6,0.1211863591673587
14,16,16,9,LILRA3,0.11988036669746263
14,16,16,10,RAP1GAP,0.11651128754134137
14,16,16,11,LOC100132394,0.11543322632200874
14,16,16,12,LOC100008588,0.11227245438061777
14,16,16,13,HLA-DRB5,0.11131297260459724
14,16,16,14,LOC727908,0.10968002383258567
14,16,16,15,TPSAB1,0.10926259742727121
14,16,16,16,HLA-DRB1,0.10528304618728083
14,16,32,1,DEFB1,0.18042011672433003
14,16,32,2,HLA-A29.1,0.16497570778177767
14,16,32,3,GTSF1,0.1421254881718148
14,16,32,4,KIAA0367,0.13783477347984774
14,16,32,5,LOC100133875,0.1340875544416911
14,16,32,6,LOC654055,0.1340808210778214
14,16,32,7,BAMBI,0.13029014865785685
14,16,32,8,GAPDHL6,0.1211863591673587
14,16,32,9,LILRA3,0.11988036669746263
14,16,32,10,RAP1GAP,0.11651128754134137
14,16,32,11,LOC100132394,0.11543322632200874
14,16,32,12,LOC100008588,0.11227245438061777
14,16,32,13,HLA-DRB5,0.11131297260459724
14,16,32,14,LOC727908,0.10968002383258567
14,16,32,15,TPSAB1,0.10926259742727121
14,16,32,16,HLA-DRB1,0.10528304618728083
14,16,32,17,THBS1,0.10428547668109697
14,16,32,18,HLA-DRB4,0.09931919899485112
14,16,32,19,LGALS2,0.09768167214764825
14,16,32,20,SLC4A1,0.09488954061621548
14,16,32,21,EPB42,0.0947762577273306
14,16,32,22,KLHL15,0.09410542321259152
14,16,32,23,OSBP2,0.09389884221894305
14,16,32,24,PI3,0.09371173577062912
14,16,32,25,XIST,0.0932095595358828
14,16,32,26,TPSB2,0.09276099013961138
14,16,32,27,LOC644936,0.09259200820344811
14,16,32,28,ABP1,0.09177697035376724
14,16,32,29,GSTM1,0.08903988987638975
14,16,32,30,IFIT1L,0.08846703917778766
14,16,32,31,VCAN,0.08766572753196553
14,16,32,32,CYorf15A,0.08760252738087089
15,4,8,1,VWF,0.048028679449045875
15,4,8,2,MPL,0.04441249006864366
15,4,8,3,RBPMS2,0.043189752960740915
15,4,8,4,SERPINE2,0.04075947618025575
15,4,8,5,ESAM,0.0370072493337152
15,4,8,6,IL8RB,0.03530826912043805
15,4,8,7,TNFSF10,0.03480050362797013
15,4,8,8,ITGA2B,0.03422963122523585
15,4,16,1,VWF,0.048028679449045875
15,4,16,2,MPL,0.04441249006864366
15,4,16,3,RBPMS2,0.043189752960740915
15,4,16,4,SERPINE2,0.04075947618025575
15,4,16,5,ESAM,0.0370072493337152
15,4,16,6,IL8RB,0.03530826912043805
15,4,16,7,TNFSF10,0.03480050362797013
15,4,16,8,ITGA2B,0.03422963122523585
15,4,16,9,IFIT3,0.03383587040115519
15,4,16,10,IFIT2,0.03374459219140243
15,4,16,11,PROS1,0.03189673622514816
15,4,16,12,VCAN,0.031477234652867
15,4,16,13,CLEC1B,0.031107705109880184
15,4,16,14,HOXA5,0.031004736417096664
15,4,16,15,MAFB,0.029960801099889644
15,4,16,16,LOC728835,0.029820497103533558
15,4,32,1,VWF,0.048028679449045875
15,4,32,2,MPL,0.04441249006864366
15,4,32,3,RBPMS2,0.043189752960740915
15,4,32,4,SERPINE2,0.04075947618025575
15,4,32,5,ESAM,0.0370072493337152
15,4,32,6,IL8RB,0.03530826912043805
15,4,32,7,TNFSF10,0.03480050362797013
15,4,32,8,ITGA2B,0.03422963122523585
15,4,32,9,IFIT3,0.03383587040115519
15,4,32,10,IFIT2,0.03374459219140243
15,4,32,11,PROS1,0.03189673622514816
15,4,32,12,VCAN,0.031477234652867
15,4,32,13,CLEC1B,0.031107705109880184
15,4,32,14,HOXA5,0.031004736417096664
15,4,32,15,MAFB,0.029960801099889644
15,4,32,16,LOC728835,0.029820497103533558
15,4,32,17,HIST1H4E,0.029488866790540483
15,4,32,18,CCL4L1,0.029090061958781697
15,4,32,19,HIST1H2BG,0.027827252702368268
15,4,32,20,HIST2H3A,0.02756656615155066
15,4,32,21,HIST1H2AE,0.026709967690641413
15,4,32,22,TSPAN33,0.026702368323192283
15,4,32,23,LTF,0.026643594961182945
15,4,32,24,DEFA4,0.02628166427567037
15,4,32,25,HIST1H2AH,0.025840046701084113
15,4,32,26,GP9,0.025584427835045245
15,4,32,27,ITGB3,0.02542001006085695
15,4,32,28,HIST2H2BF,0.025199099343301466
15,4,32,29,CEACAM8,0.025040674403380234
15,4,32,30,TCN1,0.0246845484373321
15,4,32,31,HIST1H1E,0.02389896991227293
15,4,32,32,TGFBI,0.02386758944440291
15,8,8,1,LGALS2,0.07211600019455708
15,8,8,2,VCAN,0.0714664982686038
15,8,8,3,LOC644936,0.06436465881646647
15,8,8,4,MAFB,0.06375413310816595
15,8,8,5,IFIT1L,0.060168218543267066
15,8,8,6,NEU4,0.05975740457525143
15,8,8,7,EPB42,0.059713104337355605
15,8,8,8,LOC728835,0.056971873807775776
15,8,16,1,LGALS2,0.07211600019455708
15,8,16,2,VCAN,0.0714664982686038
15,8,16,3,LOC644936,0.06436465881646647
15,8,16,4,MAFB,0.06375413310816595
15,8,16,5,IFIT1L,0.060168218543267066
15,8,16,6,NEU4,0.05975740457525143
15,8,16,7,EPB42,0.059713104337355605
15,8,16,8,LOC728835,0.056971873807775776
15,8,16,9,SPTA1,0.056541750553589544
15,8,16,10,IFI27,0.056330316919010595
15,8,16,11,ALPL,0.055744588260116586
15,8,16,12,OSBP2,0.05571974614984589
15,8,16,13,SLC4A1,0.05560905449871818
15,8,16,14,GYPB,0.05518419530781842
15,8,16,15,ADM,0.054840416169275145
15,8,16,16,AHSP,0.05477664923191432
15,8,32,1,LGALS2,0.07211600019455708
15,8,32,2,VCAN,0.0714664982686038
15,8,32,3,LOC644936,0.06436465881646647
15,8,32,4,MAFB,0.06375413310816595
15,8,32,5,IFIT1L,0.060168218543267066
15,8,32,6,NEU4,0.05975740457525143
15,8,32,7,EPB42,0.059713104337355605
15,8,32,8,LOC728835,0.056971873807775776
15,8,32,9,SPTA1,0.056541750553589544
15,8,32,10,IFI27,0.056330316919010595
15,8,32,11,ALPL,0.055744588260116586
15,8,32,12,OSBP2,0.05571974614984589
15,8,32,13,SLC4A1,0.05560905449871818
15,8,32,14,GYPB,0.05518419530781842
15,8,32,15,ADM,0.054840416169275145
15,8,32,16,AHSP,0.05477664923191432
15,8,32,17,RHAG,0.054734513887281094
15,8,32,18,TGFBI,0.05437713656853487
15,8,32,19,IL8RB,0.05420218861919747
15,8,32,20,HBM,0.05347905854055643
15,8,32,21,TNFSF10,0.05335423187761449
15,8,32,22,CCL4L1,0.05327972019264889
15,8,32,23,CA1,0.051624383253268485
15,8,32,24,HIST2H2BF,0.05112456594707584
15,8,32,25,LOC100133875,0.050550894218664294
15,8,32,26,VWF,0.050543896707174116
15,8,32,27,CLEC11A,0.049425863101029
15,8,32,28,TMEM140,0.04918351467838685
15,8,32,29,G0S2,0.04850251805129071
15,8,32,30,MPL,0.047993199751165116
15,8,32,31,LILRA3,0.04796929845516691
15,8,32,32,RAP1GAP,0.0474476776929282
15,16,8,1,GAPDHL6,0.16786697770601575
15,16,8,2,DEFB1,0.1634370292948689
15,16,8,3,IFI27,0.14932904601846655
15,16,8,4,LOC100133875,0.1420589785181056
15,16,8,5,LOC729645,0.12693033557813213
15,16,8,6,LGALS2,0.12354875174931632
15,16,8,7,HOXA5,0.12016029408459866
15,16,8,8,LILRA3,0.11944699723885445
15,16,16,1,GAPDHL6,0.16786697770601575
15,16,16,2,DEFB1,0.1634370292948689
15,16,16,3,IFI27,0.14932904601846655
15,16,16,4,LOC100133875,0.1420589785181056
15,16,16,5,LOC729645,0.12693033557813213
15,16,16,6,LGALS2,0.12354875174931632
15,16,16,7,HOXA5,0.12016029408459866
15,16,16,8,LILRA3,0.11944699723885445
15,16,16,9,RAP1GAP,0.11747259944575374
15,16,16,10,TPSAB1,0.11638660300085606
15,16,16,11,LOC100132394,0.11627246913527767
15,16,16,12,GSTM1,0.1150022356151524
15,16,16,13,HLA-A29.1,0.11292817076432736
15,16,16,14,LOC654055,0.11088105706527739
15,16,16,15,KIAA1324,0.10988647494444304
15,16,16,16,RPS4Y2,0.10948125856113906
15,16,32,1,GAPDHL6,0.16786697770601575
15,16,32,2,DEFB1,0.1634370292948689
15,16,32,3,IFI27,0.14932904601846655
15,16,32,4,LOC100133875,0.1420589785181056
15,16,32,5,LOC729645,0.12693033557813213
15,16,32,6,LGALS2,0.12354875174931632
15,16,32,7,HOXA5,0.12016029408459866
15,16,32,8,LILRA3,0.11944699723885445
15,16,32,9,RAP1GAP,0.11747259944575374
15,16,32,10,TPSAB1,0.11638660300085606
15,16,32,11,LOC100132394,0.11627246913527767
15,16,32,12,GSTM1,0.1150022356151524
15,16,32,13,HLA-A29.1,0.11292817076432736
15,16,32,14,LOC654055,0.11088105706527739
15,16,32,15,KIAA1324,0.10988647494444304
15,16,32,16,RPS4Y2,0.10948125856113906
15,16,32,17,FOLR3,0.10606839125750721
15,16,32,18,KIAA0367,0.10168337271243469
15,16,32,19,IL1B,0.10056646656965622
15,16,32,20,CDC20,0.09831096655955593
15,16,32,21,RPS4Y1,0.097743671719499
15,16,32,22,VCAN,0.09745498876722163
15,16,32,23,KLHL15,0.09705193153336848
15,16,32,24,LOC100133662,0.0959872435957066
15,16,32,25,C1orf150,0.09562930114025785
15,16,32,26,LOC644936,0.09522419246315379
15,16,32,27,TPSB2,0.09476187823224097
15,16,32,28,XIST,0.09356412267356183
15,16,32,29,CYorf15A,0.09251365260034214
15,16,32,30,BEX1,0.09250264993494679
15,16,32,31,HES4,0.09204220143120369
15,16,32,32,LOC727908,0.08978006374714605
16,4,8,1,VWF,0.05060110571953907
16,4,8,2,MPL,0.044473037434643974
16,4,8,3,ESAM,0.041643887269584005
16,4,8,4,PROS1,0.0386928076725069
16,4,8,5,RBPMS2,0.037982986747540866
16,4,8,6,ITGA2B,0.03645607462967987
16,4,8,7,ITGB3,0.03615923153523797
16,4,8,8,CLEC1B,0.03512713193692285
16,4,16,1,VWF,0.05060110571953907
16,4,16,2,MPL,0.044473037434643974
16,4,16,3,ESAM,0.041643887269584005
16,4,16,4,PROS1,0.0386928076725069
16,4,16,5,RBPMS2,0.037982986747540866
16,4,16,6,ITGA2B,0.03645607462967987
16,4,16,7,ITGB3,0.03615923153523797
16,4,16,8,CLEC1B,0.03512713193692285
16,4,16,9,SERPINE2,0.03512203459971456
16,4,16,10,MX1,0.03251349757267134
16,4,16,11,TSPAN33,0.03178495410468279
16,4,16,12,TNFSF10,0.03158348080920654
16,4,16,13,FGL2,0.03145863937071113
16,4,16,14,HIST1H4E,0.030942562134892784
16,4,16,15,LAMA5,0.029959731534847676
16,4,16,16,MS4A2,0.029810521384500934
16,4,32,1,VWF,0.05060110571953907
16,4,32,2,MPL,0.044473037434643974
16,4,32,3,ESAM,0.041643887269584005
16,4,32,4,PROS1,0.0386928076725069
16,4,32,5,RBPMS2,0.037982986747540866
16,4,32,6,ITGA2B,0.03645607462967987
16,4,32,7,ITGB3,0.03615923153523797
16,4,32,8,CLEC1B,0.03512713193692285
16,4,32,9,SERPINE2,0.03512203459971456
16,4,32,10,MX1,0.03251349757267134
16,4,32,11,TSPAN33,0.03178495410468279
16,4,32,12,TNFSF10,0.03158348080920654
16,4,32,13,FGL2,0.03145863937071113
16,4,32,14,HIST1H4E,0.030942562134892784
16,4,32,15,LAMA5,0.029959731534847676
16,4,32,16,MS4A2,0.029810521384500934
16,4,32,17,HIST1H2AM,0.029708062749452785
16,4,32,18,MAFB,0.02871029831028229
16,4,32,19,IFIT3,0.028102319936749942
16,4,32,20,IL8RB,0.027064981762498042
16,4,32,21,VCAN,0.026711499650463082
16,4,32,22,HIST2H2BF,0.02652876053527533
16,4,32,23,HIST1H2BG,0.026409534004818748
16,4,32,24,GP9,0.026391977690551356
16,4,32,25,LOC100133583,0.02620989413156994
16,4,32,26,HIST1H2AH,0.026198311722114537
16,4,32,27,DEFA4,0.026029652569755184
16,4,32,28,HIST2H3A,0.02512580374409088
16,4,32,29,LTF,0.02498447194849931
16,4,32,30,HIST1H2AE,0.024968995817470085
16,4,32,31,TGFBI,0.024922654993832193
16,4,32,32,F13A1,0.024497812505675058
16,8,8,1,DEFB1,0.08633638351209454
16,8,8,2,KIAA0367,0.07493452030456435
16,8,8,3,SELENBP1,0.06431553847247426
16,8,8,4,XIST,0.06279720202452659
16,8,8,5,SNCA,0.06174964492267359
16,8,8,6,TMCC2,0.06172993101252976
16,8,8,7,EPB42,0.06102441296623435
16,8,8,8,LOC644936,0.06007688923555157
16,8,16,1,DEFB1,0.08633638351209454
16,8,16,2,KIAA0367,0.07493452030456435
16,8,16,3,SELENBP1,0.06431553847247426
16,8,16,4,XIST,0.06279720202452659
16,8,16,5,SNCA,0.06174964492267359
16,8,16,6,TMCC2,0.06172993101252976
16,8,16,7,EPB42,0.06102441296623435
16,8,16,8,LOC644936,0.06007688923555157
16,8,16,9,NEU4,0.05843156441976786
16,8,16,10,SLC4A1,0.05799667547468346
16,8,16,11,OSBP2,0.057342755641308134
16,8,16,12,VWF,0.057137220289134795
16,8,16,13,IFIT1L,0.055781243454268
16,8,16,14,RAP1GAP,0.054973493711636144
16,8,16,15,PRSSL1,0.05490810678266893
16,8,16,16,MPL,0.05418684249841484
16,8,32,1,DEFB1,0.08633638351209454
16,8,32,2,KIAA0367,0.07493452030456435
16,8,32,3,SELENBP1,0.06431553847247426
16,8,32,4,XIST,0.06279720202452659
16,8,32,5,SNCA,0.06174964492267359
16,8,32,6,TMCC2,0.06172993101252976
16,8,32,7,EPB42,0.06102441296623435
16,8,32,8,LOC644936,0.06007688923555157
16,8,32,9,NEU4,0.05843156441976786
16,8,32,10,SLC4A1,0.05799667547468346
16,8,32,11,OSBP2,0.057342755641308134
16,8,32,12,VWF,0.057137220289134795
16,8,32,13,IFIT1L,0.055781243454268
16,8,32,14,RAP1GAP,0.054973493711636144
16,8,32,15,PRSSL1,0.05490810678266893
16,8,32,16,MPL,0.05418684249841484
16,8,32,17,SPTA1,0.05356002777078624
16,8,32,18,CYorf15A,0.05309366489097807
16,8,32,19,TNFSF10,0.05288629875964084
16,8,32,20,THBS1,0.052431341775167194
16,8,32,21,AHSP,0.052363692855364845
16,8,32,22,HBM,0.05118026903564552
16,8,32,23,SERPINE2,0.05084478864812563
16,8,32,24,GYPB,0.050702621502940345
16,8,32,25,PRKY,0.04852373234967937
16,8,32,26,PHACTR1,0.048162793402949065
16,8,32,27,IL8RB,0.04803679341120937
16,8,32,28,ADM,0.047412976229815135
16,8,32,29,MAFB,0.046922564534750806
16,8,32,30,CA1,0.04691566449369463
16,8,32,31,EMP1,0.04687907832300953
16,8,32,32,GIMAP4,0.045945710531703196
16,16,8,1,DEFB1,0.15673486829479763
16,16,8,2,GTSF1,0.15545254679481843
16,16,8,3,KIAA0367,0.1430777059484197
16,16,8,4,GSTM1,0.13262424474157744
16,16,8,5,IFI27,0.12646326001568503
16,16,8,6,LOC100133875,0.1264609755056607
16,16,8,7,KLHL15,0.11569477686587668
16,16,8,8,BAMBI,0.11390687900008345
16,16,16,1,DEFB1,0.15673486829479763
16,16,16,2,GTSF1,0.15545254679481843
16,16,16,3,KIAA0367,0.1430777059484197
16,16,16,4,GSTM1,0.13262424474157744
16,16,16,5,IFI27,0.12646326001568503
16,16,16,6,LOC100133875,0.1264609755056607
16,16,16,7,KLHL15,0.11569477686587668
16,16,16,8,BAMBI,0.11390687900008345
16,16,16,9,LOC731682,0.11028292595335729
16,16,16,10,LOC654055,0.10841196197565311
16,16,16,11,PI3,0.10807794839006557
16,16,16,12,LOC729645,0.10777890933207848
16,16,16,13,HLA-DRB5,0.10516667980104664
16,16,16,14,LILRA3,0.10513596614087242
16,16,16,15,LOC644936,0.10384356510285404
16,16,16,16,RAP1GAP,0.1011204159396039
16,16,32,1,DEFB1,0.15673486829479763
16,16,32,2,GTSF1,0.15545254679481843
16,16,32,3,KIAA0367,0.1430777059484197
16,16,32,4,GSTM1,0.13262424474157744
16,16,32,5,IFI27,0.12646326001568503
16,16,32,6,LOC100133875,0.1264609755056607
16,16,32,7,KLHL15,0.11569477686587668
16,16,32,8,BAMBI,0.11390687900008345
16,16,32,9,LOC731682,0.11028292595335729
16,16,32,10,LOC654055,0.10841196197565311
16,16,32,11,PI3,0.10807794839006557
16,16,32,12,LOC729645,0.10777890933207848
16,16,32,13,HLA-DRB5,0.10516667980104664
16,16,32,14,LILRA3,0.10513596614087242
16,16,32,15,LOC644936,0.10384356510285404
16,16,32,16,RAP1GAP,0.1011204159396039
16,16,32,17,TPSAB1,0.10050864011599639
16,16,32,18,HLA-DRB1,0.09943620161389241
16,16,32,19,LOC100132394,0.09769663143874217
16,16,32,20,RPS4Y2,0.09765509273177056
16,16,32,21,TEX101,0.09443293249878032
16,16,32,22,HBBP1,0.09401645801573119
16,16,32,23,MX1,0.09397125572416754
16,16,32,24,LOC727908,0.09263419605120543
16,16,32,25,GAPDHL6,0.09240034411369066
16,16,32,26,TPSB2,0.0916576446898292
16,16,32,27,THBS1,0.09124193289123464
16,16,32,28,FPR2,0.09088011221151499
16,16,32,29,IL1B,0.08856368859310805
16,16,32,30,LAMA5,0.08849311498111899
16,16,32,31,XIST,0.08744135744533346
16,16,32,32,NEU4,0.08597948036243959
17,4,8,1,VWF,0.05224254441447151
17,4,8,2,MPL,0.04682500612172854
17,4,8,3,ESAM,0.04681498274394962
17,4,8,4,CLEC1B,0.044626703451729796
17,4,8,5,RBPMS2,0.041918632549739064
17,4,8,6,ITGA2B,0.040532875852520384
17,4,8,7,MAFB,0.039304884837130814
17,4,8,8,ITGB3,0.038118451345724245
17,4,16,1,VWF,0.05224254441447151
17,4,16,2,MPL,0.04682500612172854
17,4,16,3,ESAM,0.04681498274394962
17,4,16,4,CLEC1B,0.044626703451729796
17,4,16,5,RBPMS2,0.041918632549739064
17,4,16,6,ITGA2B,0.040532875852520384
17,4,16,7,MAFB,0.039304884837130814
17,4,16,8,ITGB3,0.038118451345724245
17,4,16,9,TGFBI,0.0378016582447854
17,4,16,10,TSPAN33,0.032524627482485594
17,4,16,11,SERPINE2,0.03150254075378182
17,4,16,12,XIST,0.03053157951891264
17,4,16,13,CDC20,0.03045577749824237
17,4,16,14,VCAN,0.030451347252321202
17,4,16,15,HIST1H2BF,0.03027250388232108
17,4,16,16,GP9,0.03008329145886287
17,4,32,1,VWF,0.05224254441447151
17,4,32,2,MPL,0.04682500612172854
17,4,32,3,ESAM,0.04681498274394962
17,4,32,4,CLEC1B,0.044626703451729796
17,4,32,5,RBPMS2,0.041918632549739064
17,4,32,6,ITGA2B,0.040532875852520384
17,4,32,7,MAFB,0.039304884837130814
17,4,32,8,ITGB3,0.038118451345724245
17,4,32,9,TGFBI,0.0378016582447854
17,4,32,10,TSPAN33,0.032524627482485594
17,4,32,11,SERPINE2,0.03150254075378182
17,4,32,12,XIST,0.03053157951891264
17,4,32,13,CDC20,0.03045577749824237
17,4,32,14,VCAN,0.030451347252321202
17,4,32,15,HIST1H2BF,0.03027250388232108
17,4,32,16,GP9,0.03008329145886287
17,4,32,17,MGC13057,0.02861538088216884
17,4,32,18,IL8RB,0.028015803789335308
17,4,32,19,TSPAN9,0.02787604974388862
17,4,32,20,NAT8B,0.027373537199862318
17,4,32,21,CEP55,0.026733289731327152
17,4,32,22,F13A1,0.026634779142075685
17,4,32,23,CLIC3,0.026426786907540085
17,4,32,24,HIST2H3A,0.026347035286476948
17,4,32,25,CLEC11A,0.025918482735230234
17,4,32,26,NEU4,0.025809638652335987
17,4,32,27,LY86,0.025784791597523955
17,4,32,28,DLGAP5,0.025469442534586346
17,4,32,29,HIST1H4E,0.025056382620191296
17,4,32,30,EMP1,0.02476326910430873
17,4,32,31,IRF8,0.024436518383715196
17,4,32,32,HIST1H2AM,0.024420750455964344
17,8,8,1,IGF2BP2,0.0956357384563481
17,8,8,2,IL1B,0.07331926141964303
17,8,8,3,CDC20,0.06808430824920365
17,8,8,4,RPS4Y2,0.06516636409925707
17,8,8,5,SLC4A1,0.06194638074656791
17,8,8,6,LOC100133662,0.061209149300254805
17,8,8,7,VWF,0.06111637052645009
17,8,8,8,RPS4Y1,0.06048235429966112
17,8,16,1,IGF2BP2,0.0956357384563481
17,8,16,2,IL1B,0.07331926141964303
17,8,16,3,CDC20,0.06808430824920365
17,8,16,4,RPS4Y2,0.06516636409925707
17,8,16,5,SLC4A1,0.06194638074656791
17,8,16,6,LOC100133662,0.061209149300254805
17,8,16,7,VWF,0.06111637052645009
17,8,16,8,RPS4Y1,0.06048235429966112
17,8,16,9,SELENBP1,0.06041450661915935
17,8,16,10,TMCC2,0.06000171579791161
17,8,16,11,SPTA1,0.059487240364041266
17,8,16,12,XIST,0.058369645060569415
17,8,16,13,EPB42,0.057801277783018
17,8,16,14,VCAN,0.05676026660292711
17,8,16,15,JARID1D,0.0565745827433284
17,8,16,16,IFI27,0.055601468498618085
17,8,32,1,IGF2BP2,0.0956357384563481
17,8,32,2,IL1B,0.07331926141964303
17,8,32,3,CDC20,0.06808430824920365
17,8,32,4,RPS4Y2,0.06516636409925707
17,8,32,5,SLC4A1,0.06194638074656791
17,8,32,6,LOC100133662,0.061209149300254805
17,8,32,7,VWF,0.06111637052645009
17,8,32,8,RPS4Y1,0.06048235429966112
17,8,32,9,SELENBP1,0.06041450661915935
17,8,32,10,TMCC2,0.06000171579791161
17,8,32,11,SPTA1,0.059487240364041266
17,8,32,12,XIST,0.058369645060569415
17,8,32,13,EPB42,0.057801277783018
17,8,32,14,VCAN,0.05676026660292711
17,8,32,15,JARID1D,0.0565745827433284
17,8,32,16,IFI27,0.055601468498618085
17,8,32,17,PI3,0.05479916566286075
17,8,32,18,IFIT1L,0.05476952830108215
17,8,32,19,DLGAP5,0.054534554316301984
17,8,32,20,MAFB,0.05446661493510787
17,8,32,21,AHSP,0.05397657287647195
17,8,32,22,HBM,0.05345435463201636
17,8,32,23,GYPB,0.052107017384415984
17,8,32,24,SNCA,0.051889845128144735
17,8,32,25,PRKY,0.05165475090807014
17,8,32,26,CYorf15B,0.05090324860822038
17,8,32,27,GJB6,0.050546866978432
17,8,32,28,CA1,0.050480902255842466
17,8,32,29,TNFSF10,0.04969168750469691
17,8,32,30,TGFBI,0.04966036167714992
17,8,32,31,FPR2,0.049231003036407275
17,8,32,32,DEFB1,0.04879066327059432
17,16,8,1,GAPDHL6,0.13919988657360022
17,16,8,2,LOC100133875,0.13656969267105437
17,16,8,3,LOC644936,0.12729571432722137
17,16,8,4,IGF2BP2,0.12439964565665809
17,16,8,5,HLA-DRB5,0.12314197809582438
17,16,8,6,LILRA3,0.12044952714966205
17,16,8,7,IFI27,0.11783985309914392
17,16,8,8,BAMBI,0.1173799861538938
17,16,16,1,GAPDHL6,0.13919988657360022
17,16,16,2,LOC100133875,0.13656969267105437
17,16,16,3,LOC644936,0.12729571432722137
17,16,16,4,IGF2BP2,0.12439964565665809
17,16,16,5,HLA-DRB5,0.12314197809582438
17,16,16,6,LILRA3,0.12044952714966205
17,16,16,7,IFI27,0.11783985309914392
17,16,16,8,BAMBI,0.1173799861538938
17,16,16,9,TPSAB1,0.11256095801895381
17,16,16,10,DEFB1,0.11145699398713066
17,16,16,11,TPSB2,0.10696964729999076
17,16,16,12,LOC100132394,0.10463929390711138
17,16,16,13,IL1B,0.10306240686715869
17,16,16,14,LOC727908,0.1000261276665513
17,16,16,15,LGALS2,0.09919722356300195
17,16,16,16,KIAA0367,0.09771924005231365
17,16,32,1,GAPDHL6,0.13919988657360022
17,16,32,2,LOC100133875,0.13656969267105437
17,16,32,3,LOC644936,0.12729571432722137
17,16,32,4,IGF2BP2,0.12439964565665809
17,16,32,5,HLA-DRB5,0.12314197809582438
17,16,32,6,LILRA3,0.12044952714966205
17,16,32,7,IFI27,0.11783985309914392
17,16,32,8,BAMBI,0.1173799861538938
17,16,32,9,TPSAB1,0.11256095801895381
17,16,32,10,DEFB1,0.11145699398713066
17,16,32,11,TPSB2,0.10696964729999076
17,16,32,12,LOC100132394,0.10463929390711138
17,16,32,13,IL1B,0.10306240686715869
17,16,32,14,LOC727908,0.1000261276665513
17,16,32,15,LGALS2,0.09919722356300195
17,16,32,16,KIAA0367,0.09771924005231365
17,16,32,17,HES4,0.09680444515386488
17,16,32,18,MIR1974,0.0943175147330523
17,16,32,19,GTSF1,0.09430925805405338
17,16,32,20,THBS1,0.09369070462094901
17,16,32,21,KLHL15,0.09166274150865772
17,16,32,22,C1orf150,0.09048847493035539
17,16,32,23,HBBP1,0.08927852566252062
17,16,32,24,C16orf75,0.08927490372729414
17,16,32,25,BEX1,0.08764200402018336
17,16,32,26,VWF,0.08761840967384472
17,16,32,27,CCL3,0.08738099388851692
17,16,32,28,GSTM1,0.08680897036436232
17,16,32,29,LOC100008588,0.086801713451703
17,16,32,30,MX1,0.08656703902233251
17,16,32,31,PI3,0.08556880882121501
17,16,32,32,ABP1,0.08466485126480794
18,4,8,1,VWF,0.04679380863174295
18,4,8,2,MPL,0.04237872917435274
18,4,8,3,SERPINE2,0.0409292452045816
18,4,8,4,RBPMS2,0.039337079726080096
18,4,8,5,ESAM,0.03663172389457036
18,4,8,6,IL8RB,0.03405923951207498
18,4,8,7,IFIT3,0.03323861597677537
18,4,8,8,TNFSF10,0.03295358099817931
18,4,16,1,VWF,0.04679380863174295
18,4,16,2,MPL,0.04237872917435274
18,4,16,3,SERPINE2,0.0409292452045816
18,4,16,4,RBPMS2,0.039337079726080096
18,4,16,5,ESAM,0.03663172389457036
18,4,16,6,IL8RB,0.03405923951207498
18,4,16,7,IFIT3,0.03323861597677537
18,4,16,8,TNFSF10,0.03295358099817931
18,4,16,9,HIST1H4E,0.031959950883389716
18,4,16,10,ITGA2B,0.031574074549595724
18,4,16,11,IFIT2,0.031505718348092966
18,4,16,12,MAFB,0.031337648921067954
18,4,16,13,HIST2H3A,0.030874209911345433
18,4,16,14,TSPAN33,0.030010997916537167
18,4,16,15,HIST1H2AH,0.029974901764469482
18,4,16,16,CLEC1B,0.029707437772722455
18,4,32,1,VWF,0.04679380863174295
18,4,32,2,MPL,0.04237872917435274
18,4,32,3,SERPINE2,0.0409292452045816
18,4,32,4,RBPMS2,0.039337079726080096
18,4,32,5,ESAM,0.03663172389457036
18,4,32,6,IL8RB,0.03405923951207498
18,4,32,7,IFIT3,0.03323861597677537
18,4,32,8,TNFSF10,0.03295358099817931
18,4,32,9,HIST1H4E,0.031959950883389716
18,4,32,10,ITGA2B,0.031574074549595724
18,4,32,11,IFIT2,0.031505718348092966
18,4,32,12,MAFB,0.031337648921067954
18,4,32,13,HIST2H3A,0.030874209911345433
18,4,32,14,TSPAN33,0.030010997916537167
18,4,32,15,HIST1H2AH,0.029974901764469482
18,4,32,16,CLEC1B,0.029707437772722455
18,4,32,17,SNORD3C,0.029571671927057074
18,4,32,18,MS4A2,0.029451045140312562
18,4,32,19,HIST1H2AM,0.029288008075151223
18,4,32,20,HIST1H1E,0.028796929820649485
18,4,32,21,HOXA5,0.028728529467292388
18,4,32,22,HIST1H1B,0.028694368841019502
18,4,32,23,RNU1A3,0.028586634261662254
18,4,32,24,FGL2,0.028409987459414515
18,4,32,25,GP9,0.027805332163589724
18,4,32,26,RNU1F1,0.027464344179294383
18,4,32,27,HIST2H2BF,0.026932947714981264
18,4,32,28,SNORD3A,0.02663376029718031
18,4,32,29,PROS1,0.026079193642624666
18,4,32,30,DEFA4,0.025418220640972693
18,4,32,31,TCN1,0.02489304770773229
18,4,32,32,CEACAM8,0.024361222618216164
18,8,8,1,LOC644936,0.10222764940381758
18,8,8,2,GAPDHL6,0.08832150658292895
18,8,8,3,RAP1GAP,0.07391531644095084
18,8,8,4,SELENBP1,0.06777022475234133
18,8,8,5,SLC4A1,0.06665256155020288
18,8,8,6,KLHL15,0.06497861111886906
18,8,8,7,EPB42,0.06444390564413033
18,8,8,8,HIST2H2BF,0.06386482937085151
18,8,16,1,LOC644936,0.10222764940381758
18,8,16,2,GAPDHL6,0.08832150658292895
18,8,16,3,RAP1GAP,0.07391531644095084
18,8,16,4,SELENBP1,0.06777022475234133
18,8,16,5,SLC4A1,0.06665256155020288
18,8,16,6,KLHL15,0.06497861111886906
18,8,16,7,EPB42,0.06444390564413033
18,8,16,8,HIST2H2BF,0.06386482937085151
18,8,16,9,GYPB,0.062482058687729276
18,8,16,10,HBM,0.06215208663219387
18,8,16,11,IFIT1L,0.06189867382311446
18,8,16,12,VCAN,0.061177120278174624
18,8,16,13,MAFB,0.06115149175832436
18,8,16,14,ADM,0.06110511700043381
18,8,16,15,TNFSF10,0.05988025287034115
18,8,16,16,CA1,0.05944166634291645
18,8,32,1,LOC644936,0.10222764940381758
18,8,32,2,GAPDHL6,0.08832150658292895
18,8,32,3,RAP1GAP,0.07391531644095084
18,8,32,4,SELENBP1,0.06777022475234133
18,8,32,5,SLC4A1,0.06665256155020288
18,8,32,6,KLHL15,0.06497861111886906
18,8,32,7,EPB42,0.06444390564413033
18,8,32,8,HIST2H2BF,0.06386482937085151
18,8,32,9,GYPB,0.062482058687729276
18,8,32,10,HBM,0.06215208663219387
18,8,32,11,IFIT1L,0.06189867382311446
18,8,32,12,VCAN,0.061177120278174624
18,8,32,13,MAFB,0.06115149175832436
18,8,32,14,ADM,0.06110511700043381
18,8,32,15,TNFSF10,0.05988025287034115
18,8,32,16,CA1,0.05944166634291645
18,8,32,17,AHSP,0.05898714679383623
18,8,32,18,VWF,0.054632772539424675
18,8,32,19,OSBP2,0.05430140378330666
18,8,32,20,DEFB1,0.053103524918477654
18,8,32,21,SPTA1,0.05234614112414206
18,8,32,22,CD83,0.05199484809609026
18,8,32,23,PHACTR1,0.0518349476659174
18,8,32,24,PCOLCE2,0.05143829218088837
18,8,32,25,HLA-A29.1,0.049949497214999874
18,8,32,26,IL8RB,0.04965135221298292
18,8,32,27,HES4,0.04900333552338292
18,8,32,28,TGFBI,0.04817851846507816
18,8,32,29,IFI27,0.04809473012536112
18,8,32,30,CCL4L1,0.047948593865158595
18,8,32,31,PI3,0.04788250623917073
18,8,32,32,SERPINE2,0.04577306930427812
18,16,8,1,DEFB1,0.17667663441491577
18,16,8,2,BAMBI,0.1574384766790134
18,16,8,3,LOC644936,0.14784605983631527
18,16,8,4,GAPDHL6,0.14386315297223767
18,16,8,5,HLA-A29.1,0.14004479359186062
18,16,8,6,LOC654055,0.12894786104615297
18,16,8,7,KLHL15,0.11754875075161048
18,16,8,8,KIAA0367,0.1167667376143187
18,16,16,1,DEFB1,0.17667663441491577
18,16,16,2,BAMBI,0.1574384766790134
18,16,16,3,LOC644936,0.14784605983631527
18,16,16,4,GAPDHL6,0.14386315297223767
18,16,16,5,HLA-A29.1,0.14004479359186062
18,16,16,6,LOC654055,0.12894786104615297
18,16,16,7,KLHL15,0.11754875075161048
18,16,16,8,KIAA0367,0.1167667376143187
18,16,16,9,IFI27,0.11626071955542182
18,16,16,10,LOC100132394,0.11365497096386076
18,16,16,11,THBS1,0.11080560430153386
18,16,16,12,IL1B,0.11026746696817019
18,16,16,13,TEX101,0.10769029694314412
18,16,16,14,FOLR3,0.10455572065613301
18,16,16,15,LOC729645,0.1031621826244629
18,16,16,16,LGALS2,0.09904455282529412
18,16,32,1,DEFB1,0.17667663441491577
18,16,32,2,BAMBI,0.1574384766790134
18,16,32,3,LOC644936,0.14784605983631527
18,16,32,4,GAPDHL6,0.14386315297223767
18,16,32,5,HLA-A29.1,0.14004479359186062
18,16,32,6,LOC654055,0.12894786104615297
18,16,32,7,KLHL15,0.11754875075161048
18,16,32,8,KIAA0367,0.1167667376143187
18,16,32,9,IFI27,0.11626071955542182
18,16,32,10,LOC100132394,0.11365497096386076
18,16,32,11,THBS1,0.11080560430153386
18,16,32,12,IL1B,0.11026746696817019
18,16,32,13,TEX101,0.10769029694314412
18,16,32,14,FOLR3,0.10455572065613301
18,16,32,15,LOC729645,0.1031621826244629
18,16,32,16,LGALS2,0.09904455282529412
18,16,32,17,HOXA5,0.09873864933629321
18,16,32,18,LAMA5,0.09694739069746261
18,16,32,19,PI3,0.09524532308764135
18,16,32,20,HBBP1,0.09413321385295804
18,16,32,21,HES4,0.09219776283263702
18,16,32,22,GSTM1,0.0920319145577402
18,16,32,23,VCAN,0.09153423443785455
18,16,32,24,IFIT2,0.09083273583292631
18,16,32,25,EPAS1,0.09011499639846692
18,16,32,26,HBEGF,0.08913927319550906
18,16,32,27,IFIT3,0.08910503968905763
18,16,32,28,CDC20,0.0878522777780836
18,16,32,29,C1orf150,0.08748186866449725
18,16,32,30,RPS4Y2,0.08697185538157438
18,16,32,31,RPS4Y1,0.0863935949829428
18,16,32,32,SPRYD5,0.08572713126723577
19,4,8,1,VWF,0.04782034501698264
19,4,8,2,FGL2,0.039893997279314204
19,4,8,3,RBPMS2,0.03905690947795149
19,4,8,4,ESAM,0.038931736428050714
19,4,8,5,MPL,0.03858038962604661
19,4,8,6,IL8RB,0.037925278869389935
19,4,8,7,TNFSF10,0.035944477317724016
19,4,8,8,CLEC1B,0.03353120598095509
19,4,16,1,VWF,0.04782034501698264
19,4,16,2,FGL2,0.039893997279314204
19,4,16,3,RBPMS2,0.03905690947795149
19,4,16,4,ESAM,0.038931736428050714
19,4,16,5,MPL,0.03858038962604661
19,4,16,6,IL8RB,0.037925278869389935
19,4,16,7,TNFSF10,0.035944477317724016
19,4,16,8,CLEC1B,0.03353120598095509
19,4,16,9,GP9,0.03275828621916783
19,4,16,10,MAFB,0.03224171839219463
19,4,16,11,ITGA2B,0.03206195751854205
19,4,16,12,SERPINE2,0.031597901155189935
19,4,16,13,XIST,0.03127225443607214
19,4,16,14,MS4A2,0.0310502544202127
19,4,16,15,SNORD3A,0.030607516856778982
19,4,16,16,SNORD3C,0.030357556658689364
19,4,32,1,VWF,0.04782034501698264
19,4,32,2,FGL2,0.039893997279314204
19,4,32,3,RBPMS2,0.03905690947795149
19,4,32,4,ESAM,0.038931736428050714
19,4,32,5,MPL,0.03858038962604661
19,4,32,6,IL8RB,0.037925278869389935
19,4,32,7,TNFSF10,0.035944477317724016
19,4,32,8,CLEC1B,0.03353120598095509
19,4,32,9,GP9,0.03275828621916783
19,4,32,10,MAFB,0.03224171839219463
19,4,32,11,ITGA2B,0.03206195751854205
19,4,32,12,SERPINE2,0.031597901155189935
19,4,32,13,XIST,0.03127225443607214
19,4,32,14,MS4A2,0.0310502544202127
19,4,32,15,SNORD3A,0.030607516856778982
19,4,32,16,SNORD3C,0.030357556658689364
19,4,32,17,RNU4-1,0.030212302078159607
19,4,32,18,TSPAN33,0.030185954483591414
19,4,32,19,GJB6,0.029811937166558552
19,4,32,20,GIMAP4,0.028102206660722006
19,4,32,21,CX3CR1,0.027932203542018016
19,4,32,22,SLC45A3,0.02730667296369416
19,4,32,23,C1orf186,0.02729377050924443
19,4,32,24,VCAN,0.027065635563846738
19,4,32,25,PROS1,0.026943584810437543
19,4,32,26,HIST1H1E,0.026457473603450268
19,4,32,27,HOXA5,0.026412044434878688
19,4,32,28,MGC13057,0.02631949168815078
19,4,32,29,RNU12,0.026073809771406022
19,4,32,30,GIMAP8,0.02575106172991114
19,4,32,31,SNORD3D,0.02573479780065919
19,4,32,32,HIST1H2AH,0.025378578628098104
19,8,8,1,KIAA0367,0.07952515831078333
19,8,8,2,EPB42,0.07174721997378979
19,8,8,3,GYPB,0.07140503942154162
19,8,8,4,SLC4A1,0.06807573705901217
19,8,8,5,LGALS2,0.0680467539409075
19,8,8,6,IFIT1L,0.06796971173851045
19,8,8,7,AHSP,0.0667197491596136
19,8,8,8,SPTA1,0.06580236722249308
19,8,16,1,KIAA0367,0.07952515831078333
19,8,16,2,EPB42,0.07174721997378979
19,8,16,3,GYPB,0.07140503942154162
19,8,16,4,SLC4A1,0.06807573705901217
19,8,16,5,LGALS2,0.0680467539409075
19,8,16,6,IFIT1L,0.06796971173851045
19,8,16,7,AHSP,0.0667197491596136
19,8,16,8,SPTA1,0.06580236722249308
19,8,16,9,HBM,0.0656910669708313
19,8,16,10,LOC644936,0.06484851723487628
19,8,16,11,CA1,0.06352902568873572
19,8,16,12,OSBP2,0.06349482136448299
19,8,16,13,RAP1GAP,0.06235180218520159
19,8,16,14,RHAG,0.062026471526822925
19,8,16,15,VCAN,0.06163508987442403
19,8,16,16,IL8RB,0.058663307568889135
19,8,32,1,KIAA0367,0.07952515831078333
19,8,32,2,EPB42,0.07174721997378979
19,8,32,3,GYPB,0.07140503942154162
19,8,32,4,SLC4A1,0.06807573705901217
19,8,32,5,LGALS2,0.0680467539409075
19,8,32,6,IFIT1L,0.06796971173851045
19,8,32,7,AHSP,0.0667197491596136
19,8,32,8,SPTA1,0.06580236722249308
19,8,32,9,HBM,0.0656910669708313
19,8,32,10,LOC644936,0.06484851723487628
19,8,32,11,CA1,0.06352902568873572
19,8,32,12,OSBP2,0.06349482136448299
19,8,32,13,RAP1GAP,0.06235180218520159
19,8,32,14,RHAG,0.062026471526822925
19,8,32,15,VCAN,0.06163508987442403
19,8,32,16,IL8RB,0.058663307568889135
19,8,32,17,VWF,0.05630743803060314
19,8,32,18,TGFBI,0.05433307294862227
19,8,32,19,PI3,0.053582259868312464
19,8,32,20,MAFB,0.053275841007757126
19,8,32,21,DEFB1,0.053100029371187206
19,8,32,22,ADM,0.05221697123207684
19,8,32,23,CLIC3,0.049782644979739506
19,8,32,24,LOC653610,0.04882542565728548
19,8,32,25,CLEC11A,0.047463608250217094
19,8,32,26,TPSAB1,0.04550651404972629
19,8,32,27,LOC100133875,0.04546715472193359
19,8,32,28,SERPINE2,0.04544258431665304
19,8,32,29,IFIT2,0.045343625322254485
19,8,32,30,ALPL,0.04483927141124095
19,8,32,31,TREM1,0.044057335491880144
19,8,32,32,GJB6,0.04386816424357991
19,16,8,1,DEFB1,0.17361166555629226
19,16,8,2,HLA-A29.1,0.15645605022719908
19,16,8,3,LOC100133875,0.1419180488724724
19,16,8,4,LOC644936,0.130387629231957
19,16,8,5,LILRA3,0.12300952829038708
19,16,8,6,RAP1GAP,0.1227426992229537
19,16,8,7,GAPDHL6,0.12198774651844412
19,16,8,8,KIAA0367,0.11890440363758609
19,16,16,1,DEFB1,0.17361166555629226
19,16,16,2,HLA-A29.1,0.15645605022719908
19,16,16,3,LOC100133875,0.1419180488724724
19,16,16,4,LOC644936,0.130387629231957
19,16,16,5,LILRA3,0.12300952829038708
19,16,16,6,RAP1GAP,0.1227426992229537
19,16,16,7,GAPDHL6,0.12198774651844412
19,16,16,8,KIAA0367,0.11890440363758609
19,16,16,9,TPSAB1,0.11150379036931397
19,16,16,10,LOC654055,0.10826599296475273
19,16,16,11,RPS4Y2,0.10444786583060751
19,16,16,12,THBS1,0.1020065058563965
19,16,16,13,LOC100132394,0.10075397296428255
19,16,16,14,RPS4Y1,0.09688352039573535
19,16,16,15,TPSB2,0.09629109739475981
19,16,16,16,MIR1974,0.09607675285631079
19,16,32,1,DEFB1,0.17361166555629226
19,16,32,2,HLA-A29.1,0.15645605022719908
19,16,32,3,LOC100133875,0.1419180488724724
19,16,32,4,LOC644936,0.130387629231957
19,16,32,5,LILRA3,0.12300952829038708
19,16,32,6,RAP1GAP,0.1227426992229537
19,16,32,7,GAPDHL6,0.12198774651844412
19,16,32,8,KIAA0367,0.11890440363758609
19,16,32,9,TPSAB1,0.11150379036931397
19,16,32,10,LOC654055,0.10826599296475273
19,16,32,11,RPS4Y2,0.10444786583060751
19,16,32,12,THBS1,0.1020065058563965
19,16,32,13,LOC100132394,0.10075397296428255
19,16,32,14,RPS4Y1,0.09688352039573535
19,16,32,15,TPSB2,0.09629109739475981
19,16,32,16,MIR1974,0.09607675285631079
19,16,32,17,XIST,0.09543516859294145
19,16,32,18,VCAN,0.0950724759674561
19,16,32,19,C1orf150,0.09498223883741098
19,16,32,20,LOC100133662,0.09497749886314762
19,16,32,21,BAMBI,0.09419124746755116
19,16,32,22,EPB42,0.09386009463031152
19,16,32,23,PRKY,0.09277656329891937
19,16,32,24,TEX101,0.09186488986693371
19,16,32,25,SLC4A1,0.091805685969401
19,16,32,26,SPRYD5,0.09156152210898781
19,16,32,27,CYorf15A,0.09093963626421256
19,16,32,28,LGALS2,0.0906761370419017
19,16,32,29,IFIT1L,0.08974739721376336
19,16,32,30,EIF1AY,0.08971653248832197
19,16,32,31,PI3,0.08808443079049064
19,16,32,32,HOXA5,0.08789224741323186
20,4,8,1,G0S2,0.03996398723245014
20,4,8,2,TREM1,0.0380250130817537
20,4,8,3,GADD45B,0.03546819208655467
20,4,8,4,EMP1,0.035245278740935075
20,4,8,5,ADM,0.035047871788716836
20,4,8,6,GAPDHL6,0.03485752526849391
20,4,8,7,PHACTR1,0.034137368063817716
20,4,8,8,HIST1H1E,0.03326228906295736
20,4,16,1,G0S2,0.03996398723245014
20,4,16,2,TREM1,0.0380250130817537
20,4,16,3,GADD45B,0.03546819208655467
20,4,16,4,EMP1,0.035245278740935075
20,4,16,5,ADM,0.035047871788716836
20,4,16,6,GAPDHL6,0.03485752526849391
20,4,16,7,PHACTR1,0.034137368063817716
20,4,16,8,HIST1H1E,0.03326228906295736
20,4,16,9,HIST1H2AM,0.03233239819880361
20,4,16,10,LOC653610,0.032139771621643345
20,4,16,11,PI3,0.031341204292691174
20,4,16,12,HIST1H4E,0.030716562685025307
20,4,16,13,NEU4,0.030572756729059177
20,4,16,14,CD83,0.030140708688863857
20,4,16,15,RGS1,0.029635970177431914
20,4,16,16,HIST1H1D,0.029263066787636464
20,4,32,1,G0S2,0.03996398723245014
20,4,32,2,TREM1,0.0380250130817537
20,4,32,3,GADD45B,0.03546819208655467
20,4,32,4,EMP1,0.035245278740935075
20,4,32,5,ADM,0.035047871788716836
20,4,32,6,GAPDHL6,0.03485752526849391
20,4,32,7,PHACTR1,0.034137368063817716
20,4,32,8,HIST1H1E,0.03326228906295736
20,4,32,9,HIST1H2AM,0.03233239819880361
20,4,32,10,LOC653610,0.032139771621643345
20,4,32,11,PI3,0.031341204292691174
20,4,32,12,HIST1H4E,0.030716562685025307
20,4,32,13,NEU4,0.030572756729059177
20,4,32,14,CD83,0.030140708688863857
20,4,32,15,RGS1,0.029635970177431914
20,4,32,16,HIST1H1D,0.029263066787636464
20,4,32,17,HIST1H1B,0.029079057314013917
20,4,32,18,C15orf48,0.028991906832215752
20,4,32,19,IL8RB,0.028747245069678427
20,4,32,20,HES4,0.028453214142315535
20,4,32,21,HIST1H2BG,0.02840949683510656
20,4,32,22,CLIC3,0.028339121415432187
20,4,32,23,HIST2H3A,0.028098148821519765
20,4,32,24,RNU1F1,0.027549790431889935
20,4,32,25,EOMES,0.027448844685151894
20,4,32,26,GJB6,0.02678199440195592
20,4,32,27,SERPINE2,0.026230980757636118
20,4,32,28,HIST1H2AE,0.02606258670746389
20,4,32,29,PRSSL1,0.025878559411217573
20,4,32,30,ALPL,0.025784793964426376
20,4,32,31,TNFAIP3,0.025499334879162696
20,4,32,32,SIK1,0.025340231891807702
20,8,8,1,LGALS2,0.0712298608198378
20,8,8,2,CDC20,0.062445409267661206
20,8,8,3,BAMBI,0.06192304132091178
20,8,8,4,DEFB1,0.06063705957652547
20,8,8,5,HOXA5,0.06035288012947669
20,8,8,6,GAPDHL6,0.05970674733919668
20,8,8,7,VWF,0.05684335976311711
20,8,8,8,VCAN,0.05328006721459252
20,8,16,1,LGALS2,0.0712298608198378
20,8,16,2,CDC20,0.062445409267661206
20,8,16,3,BAMBI,0.06192304132091178
20,8,16,4,DEFB1,0.06063705957652547
20,8,16,5,HOXA5,0.06035288012947669
20,8,16,6,GAPDHL6,0.05970674733919668
20,8,16,7,VWF,0.05684335976311711
20,8,16,8,VCAN,0.05328006721459252
20,8,16,9,RHAG,0.052041441237213076
20,8,16,10,NEU4,0.05147238996661143
20,8,16,11,TREM1,0.05135001067373092
20,8,16,12,CA1,0.0510612616762471
20,8,16,13,KIAA0367,0.049610154032762865
20,8,16,14,TGFBI,0.04870224915441791
20,8,16,15,CYorf15A,0.048384487383808156
20,8,16,16,GYPB,0.04802411434016594
20,8,32,1,LGALS2,0.0712298608198378
20,8,32,2,CDC20,0.062445409267661206
20,8,32,3,BAMBI,0.06192304132091178
20,8,32,4,DEFB1,0.06063705957652547
20,8,32,5,HOXA5,0.06035288012947669
20,8,32,6,GAPDHL6,0.05970674733919668
20,8,32,7,VWF,0.05684335976311711
20,8,32,8,VCAN,0.05328006721459252
20,8,32,9,RHAG,0.052041441237213076
20,8,32,10,NEU4,0.05147238996661143
20,8,32,11,TREM1,0.05135001067373092
20,8,32,12,CA1,0.0510612616762471
20,8,32,13,KIAA0367,0.049610154032762865
20,8,32,14,TGFBI,0.04870224915441791
20,8,32,15,CYorf15A,0.048384487383808156
20,8,32,16,GYPB,0.04802411434016594
20,8,32,17,IL8RB,0.04764374475540258
20,8,32,18,GTSF1,0.047128221804374634
20,8,32,19,CLEC11A,0.04641957394990063
20,8,32,20,RBPMS2,0.04639421243107934
20,8,32,21,HBM,0.046261547943294
20,8,32,22,XIST,0.046249540891954606
20,8,32,23,PRSSL1,0.04606365216077457
20,8,32,24,EPB42,0.04545489564616811
20,8,32,25,AHSP,0.04542422788777539
20,8,32,26,IFIT2,0.0449620537783193
20,8,32,27,SPTA1,0.044473805444551276
20,8,32,28,SERPINE2,0.04442092027075311
20,8,32,29,RNU1A3,0.044351769911188214
20,8,32,30,IFI27,0.04428750310026891
20,8,32,31,ALPL,0.044148400849894784
20,8,32,32,SPRYD5,0.043508207585356104
20,16,8,1,GAPDHL6,0.19395045579328063
20,16,8,2,DEFB1,0.14890343987259133
20,16,8,3,LOC100133875,0.14652465421479544
20,16,8,4,BAMBI,0.1409374306336698
20,16,8,5,HLA-A29.1,0.14088538704190773
20,16,8,6,LILRA3,0.12449091884492436
20,16,8,7,LOC644936,0.12245012104156004
20,16,8,8,IFI27,0.1224365044598281
20,16,16,1,GAPDHL6,0.19395045579328063
20,16,16,2,DEFB1,0.14890343987259133
20,16,16,3,LOC100133875,0.14652465421479544
20,16,16,4,BAMBI,0.1409374306336698
20,16,16,5,HLA-A29.1,0.14088538704190773
20,16,16,6,LILRA3,0.12449091884492436
20,16,16,7,LOC644936,0.12245012104156004
20,16,16,8,IFI27,0.1224365044598281
20,16,16,9,LOC729645,0.11707131730588377
20,16,16,10,HLA-DRB5,0.11574079311157105
20,16,16,11,LGALS2,0.11337512514976054
20,16,16,12,GTSF1,0.11282046982195752
20,16,16,13,HLA-DRB1,0.11073209278495401
20,16,16,14,LOC654055,0.10410147968145873
20,16,16,15,GSTM1,0.10208620029825134
20,16,16,16,BEX1,0.10192405111294578
20,16,32,1,GAPDHL6,0.19395045579328063
20,16,32,2,DEFB1,0.14890343987259133
20,16,32,3,LOC100133875,0.14652465421479544
20,16,32,4,BAMBI,0.1409374306336698
20,16,32,5,HLA-A29.1,0.14088538704190773
20,16,32,6,LILRA3,0.12449091884492436
20,16,32,7,LOC644936,0.12245012104156004
20,16,32,8,IFI27,0.1224365044598281
20,16,32,9,LOC729645,0.11707131730588377
20,16,32,10,HLA-DRB5,0.11574079311157105
20,16,32,11,LGALS2,0.11337512514976054
20,16,32,12,GTSF1,0.11282046982195752
20,16,32,13,HLA-DRB1,0.11073209278495401
20,16,32,14,LOC654055,0.10410147968145873
20,16,32,15,GSTM1,0.10208620029825134
20,16,32,16,BEX1,0.10192405111294578
20,16,32,17,CDC20,0.10116325729823704
20,16,32,18,RPS4Y2,0.09878766112092116
20,16,32,19,HOXA5,0.0950596024609636
20,16,32,20,ABP1,0.0937941091076129
20,16,32,21,LOC100008588,0.09353745058108782
20,16,32,22,IL1B,0.09317435368634204
20,16,32,23,KIAA1324,0.09307483435332756
20,16,32,24,LOC100132394,0.09225218031987921
20,16,32,25,LOC642113,0.09164844250357895
20,16,32,26,KIAA0367,0.0897937885164838
20,16,32,27,KLHL15,0.08971912087118712
20,16,32,28,IFIT2,0.08889890326359147
20,16,32,29,C1orf150,0.08811625610248273
20,16,32,30,RNU5A,0.08785343284185658
20,16,32,31,TPSAB1,0.08543838153954302
20,16,32,32,CYorf15A,0.084330078264245
21,4,8,1,VWF,0.04359754587556974
21,4,8,2,DEFB1,0.04211523160816715
21,4,8,3,DDIT4,0.03592108393019198
21,4,8,4,MPL,0.03440168416028736
21,4,8,5,GIMAP4,0.03420465937267431
21,4,8,6,HIST2H3A,0.03353050725062207
21,4,8,7,HOXA5,0.033275179862941866
21,4,8,8,GADD45B,0.03213320485036241
21,4,16,1,VWF,0.04359754587556974
21,4,16,2,DEFB1,0.04211523160816715
21,4,16,3,DDIT4,0.03592108393019198
21,4,16,4,MPL,0.03440168416028736
21,4,16,5,GIMAP4,0.03420465937267431
21,4,16,6,HIST2H3A,0.03353050725062207
21,4,16,7,HOXA5,0.033275179862941866
21,4,16,8,GADD45B,0.03213320485036241
21,4,16,9,HIST1H4E,0.03201961725073506
21,4,16,10,PHACTR1,0.03152949617802759
21,4,16,11,PLAU,0.03130302424840332
21,4,16,12,TNFSF10,0.03122378001246402
21,4,16,13,GJB6,0.030854114784444372
21,4,16,14,HIST1H1B,0.030804048621866708
21,4,16,15,HIST1H2AM,0.030287095197890312
21,4,16,16,GIMAP8,0.029944522226860622
21,4,32,1,VWF,0.04359754587556974
21,4,32,2,DEFB1,0.04211523160816715
21,4,32,3,DDIT4,0.03592108393019198
21,4,32,4,MPL,0.03440168416028736
21,4,32,5,GIMAP4,0.03420465937267431
21,4,32,6,HIST2H3A,0.03353050725062207
21,4,32,7,HOXA5,0.033275179862941866
21,4,32,8,GADD45B,0.03213320485036241
21,4,32,9,HIST1H4E,0.03201961725073506
21,4,32,10,PHACTR1,0.03152949617802759
21,4,32,11,PLAU,0.03130302424840332
21,4,32,12,TNFSF10,0.03122378001246402
21,4,32,13,GJB6,0.030854114784444372
21,4,32,14,HIST1H1B,0.030804048621866708
21,4,32,15,HIST1H2AM,0.030287095197890312
21,4,32,16,GIMAP8,0.029944522226860622
21,4,32,17,HIST1H1E,0.02985437442715599
21,4,32,18,RBPMS2,0.029422905257793473
21,4,32,19,SNORD3C,0.028520574579195414
21,4,32,20,LOC653610,0.028097764930542956
21,4,32,21,HIST1H2AH,0.028042056118905815
21,4,32,22,ESAM,0.02781084945745239
21,4,32,23,EPDR1,0.027647139314184232
21,4,32,24,PRG3,0.02763145811988287
21,4,32,25,HIST2H2BF,0.027605705036525683
21,4,32,26,SNORD3A,0.027343429165877415
21,4,32,27,ADM,0.02703821736631188
21,4,32,28,CX3CR1,0.027033592862296927
21,4,32,29,C15orf48,0.026313892896443706
21,4,32,30,PRAGMIN,0.02613860302431866
21,4,32,31,ZMYND15,0.025495654541165716
21,4,32,32,TSPAN33,0.02529839909392767
21,8,8,1,RPS4Y2,0.07999394472592818
21,8,8,2,LOC100133662,0.07872483311711591
21,8,8,3,XIST,0.07815480585448774
21,8,8,4,RPS4Y1,0.0780087787751646
21,8,8,5,EIF1AY,0.07048463325377761
21,8,8,6,EPB42,0.07047320058142618
21,8,8,7,CYorf15A,0.06860947379484496
21,8,8,8,SELENBP1,0.06707929956164795
21,8,16,1,RPS4Y2,0.07999394472592818
21,8,16,2,LOC100133662,0.07872483311711591
21,8,16,3,XIST,0.07815480585448774
21,8,16,4,RPS4Y1,0.0780087787751646
21,8,16,5,EIF1AY,0.07048463325377761
21,8,16,6,EPB42,0.07047320058142618
21,8,16,7,CYorf15A,0.06860947379484496
21,8,16,8,SELENBP1,0.06707929956164795
21,8,16,9,SLC4A1,0.06546013537291948
21,8,16,10,JARID1D,0.06535516575269242
21,8,16,11,PRKY,0.06482133540765418
21,8,16,12,TGFBI,0.0645642585220288
21,8,16,13,TMCC2,0.06449748135475361
21,8,16,14,IFIT1L,0.0638829408764203
21,8,16,15,VWF,0.06340583954409885
21,8,16,16,DEFB1,0.06197012443166712
21,8,32,1,RPS4Y2,0.07999394472592818
21,8,32,2,LOC100133662,0.07872483311711591
21,8,32,3,XIST,0.07815480585448774
21,8,32,4,RPS4Y1,0.0780087787751646
21,8,32,5,EIF1AY,0.07048463325377761
21,8,32,6,EPB42,0.07047320058142618
21,8,32,7,CYorf15A,0.06860947379484496
21,8,32,8,SELENBP1,0.06707929956164795
21,8,32,9,SLC4A1,0.06546013537291948
21,8,32,10,JARID1D,0.06535516575269242
21,8,32,11,PRKY,0.06482133540765418
21,8,32,12,TGFBI,0.0645642585220288
21,8,32,13,TMCC2,0.06449748135475361
21,8,32,14,IFIT1L,0.0638829408764203
21,8,32,15,VWF,0.06340583954409885
21,8,32,16,DEFB1,0.06197012443166712
21,8,32,17,AHSP,0.058918420232100296
21,8,32,18,GYPB,0.058016417104214825
21,8,32,19,LY86,0.057871936826696335
21,8,32,20,HBM,0.05773560528191005
21,8,32,21,CA1,0.057109521028602006
21,8,32,22,OSBP2,0.055421360770035226
21,8,32,23,IL8RB,0.05512909432242014
21,8,32,24,VCAN,0.05372060061605819
21,8,32,25,NEU4,0.05357072460063359
21,8,32,26,SPTA1,0.05250254462513659
21,8,32,27,MAFB,0.05210333127041921
21,8,32,28,RBPMS2,0.05109727881570911
21,8,32,29,TNFSF10,0.050430383555921214
21,8,32,30,RHAG,0.04898438473157516
21,8,32,31,MPL,0.04687062861186699
21,8,32,32,HOXA5,0.04676162484051407
21,16,8,1,GSTM1,0.14880734031394183
21,16,8,2,LOC100133875,0.1452018511513256
21,16,8,3,GTSF1,0.13874153198343034
21,16,8,4,IFI27,0.13622458811799876
21,16,8,5,GAPDHL6,0.13432361145189778
21,16,8,6,LOC644936,0.12771806221626422
21,16,8,7,KIAA0367,0.12674358603810745
21,16,8,8,LILRA3,0.1251626138566266
21,16,16,1,GSTM1,0.14880734031394183
21,16,16,2,LOC100133875,0.1452018511513256
21,16,16,3,GTSF1,0.13874153198343034
21,16,16,4,IFI27,0.13622458811799876
21,16,16,5,GAPDHL6,0.13432361145189778
21,16,16,6,LOC644936,0.12771806221626422
21,16,16,7,KIAA0367,0.12674358603810745
21,16,16,8,LILRA3,0.1251626138566266
21,16,16,9,LOC729645,0.12444561528779703
21,16,16,10,DEFB1,0.11433326124205968
21,16,16,11,HBBP1,0.11358620293207913
21,16,16,12,BAMBI,0.11135225612866734
21,16,16,13,LOC654055,0.11072486274933156
21,16,16,14,KLHL15,0.107332189289145
21,16,16,15,C1orf150,0.1044216826333601
21,16,16,16,HLA-A29.1,0.10274087654964861
21,16,32,1,GSTM1,0.14880734031394183
21,16,32,2,LOC100133875,0.1452018511513256
21,16,32,3,GTSF1,0.13874153198343034
21,16,32,4,IFI27,0.13622458811799876
21,16,32,5,GAPDHL6,0.13432361145189778
21,16,32,6,LOC644936,0.12771806221626422
21,16,32,7,KIAA0367,0.12674358603810745
21,16,32,8,LILRA3,0.1251626138566266
21,16,32,9,LOC729645,0.12444561528779703
21,16,32,10,DEFB1,0.11433326124205968
21,16,32,11,HBBP1,0.11358620293207913
21,16,32,12,BAMBI,0.11135225612866734
21,16,32,13,LOC654055,0.11072486274933156
21,16,32,14,KLHL15,0.107332189289145
21,16,32,15,C1orf150,0.1044216826333601
21,16,32,16,HLA-A29.1,0.10274087654964861
21,16,32,17,LOC100132394,0.10241579028374742
21,16,32,18,LGALS2,0.10051655553345426
21,16,32,19,KIAA1324,0.09939640195232853
21,16,32,20,HOXA5,0.09867576819303295
21,16,32,21,TEX101,0.09843982235596756
21,16,32,22,TPSAB1,0.09638527715021569
21,16,32,23,RPS4Y2,0.0953246001088289
21,16,32,24,XIST,0.09452790122665834
21,16,32,25,SPRYD5,0.09378240197121764
21,16,32,26,RPS4Y1,0.09202973176107496
21,16,32,27,CYorf15A,0.09178238824336447
21,16,32,28,LOC100133662,0.09098367444162105
21,16,32,29,MIR1974,0.0888713952817379
21,16,32,30,LOC727908,0.08874535104763215
21,16,32,31,PRKY,0.08767636570827533
21,16,32,32,HLA-DRB5,0.08669957727524231
22,4,8,1,VWF,0.05122609180212837
22,4,8,2,MPL,0.042838802713696694
22,4,8,3,SERPINE2,0.04077833976684303
22,4,8,4,ESAM,0.040695660957222636
22,4,8,5,RBPMS2,0.03863908390705376
22,4,8,6,ITGA2B,0.03528213562173517
22,4,8,7,HIST1H4E,0.034301920224549455
22,4,8,8,HIST2H3A,0.03428538405938566
22,4,16,1,VWF,0.05122609180212837
22,4,16,2,MPL,0.042838802713696694
22,4,16,3,SERPINE2,0.04077833976684303
22,4,16,4,ESAM,0.040695660957222636
22,4,16,5,RBPMS2,0.03863908390705376
22,4,16,6,ITGA2B,0.03528213562173517
22,4,16,7,HIST1H4E,0.034301920224549455
22,4,16,8,HIST2H3A,0.03428538405938566
22,4,16,9,HIST1H1E,0.03363041605202646
22,4,16,10,RNU1A3,0.0336074791025344
22,4,16,11,HIST1H1B,0.032976222904295374
22,4,16,12,SNORD3C,0.032584408948494945
22,4,16,13,CLEC1B,0.03246776819482838
22,4,16,14,RNU1F1,0.03182528713403505
22,4,16,15,TSPAN33,0.03037216755386183
22,4,16,16,HIST1H2AH,0.030360346173139447
22,4,32,1,VWF,0.05122609180212837
22,4,32,2,MPL,0.042838802713696694
22,4,32,3,SERPINE2,0.04077833976684303
22,4,32,4,ESAM,0.040695660957222636
22,4,32,5,RBPMS2,0.03863908390705376
22,4,32,6,ITGA2B,0.03528213562173517
22,4,32,7,HIST1H4E,0.034301920224549455
22,4,32,8,HIST2H3A,0.03428538405938566
22,4,32,9,HIST1H1E,0.03363041605202646
22,4,32,10,RNU1A3,0.0336074791025344
22,4,32,11,HIST1H1B,0.032976222904295374
22,4,32,12,SNORD3C,0.032584408948494945
22,4,32,13,CLEC1B,0.03246776819482838
22,4,32,14,RNU1F1,0.03182528713403505
22,4,32,15,TSPAN33,0.03037216755386183
22,4,32,16,HIST1H2AH,0.030360346173139447
22,4,32,17,PROS1,0.030231114773317583
22,4,32,18,MAFB,0.029955603019138112
22,4,32,19,RNU1G2,0.02967193417333851
22,4,32,20,RNU1-3,0.02950567632875344
22,4,32,21,MS4A2,0.029044040832257954
22,4,32,22,VCAN,0.028795754934083675
22,4,32,23,FGL2,0.02844325726857843
22,4,32,24,LAMA5,0.028353568071894892
22,4,32,25,SNORD3A,0.028344286501925997
22,4,32,26,HIST2H2BF,0.02806860511245966
22,4,32,27,HIST1H2BG,0.027693312054795426
22,4,32,28,IL8RB,0.02763965500041864
22,4,32,29,RNU1-5,0.026734843848882302
22,4,32,30,HIST1H1D,0.026242497838911152
22,4,32,31,GP9,0.026190270564991035
22,4,32,32,ITGB3,0.026040189641503866
22,8,8,1,DEFB1,0.0909136501441297
22,8,8,2,RAP1GAP,0.07046043202626574
22,8,8,3,EPB42,0.06445442580486495
22,8,8,4,SPTA1,0.0639062344191335
22,8,8,5,XIST,0.06358919896185694
22,8,8,6,VWF,0.06242214270060757
22,8,8,7,PHACTR1,0.05894304408203572
22,8,8,8,SLC4A1,0.05782305799192576
22,8,16,1,DEFB1,0.0909136501441297
22,8,16,2,RAP1GAP,0.07046043202626574
22,8,16,3,EPB42,0.06445442580486495
22,8,16,4,SPTA1,0.0639062344191335
22,8,16,5,XIST,0.06358919896185694
22,8,16,6,VWF,0.06242214270060757
22,8,16,7,PHACTR1,0.05894304408203572
22,8,16,8,SLC4A1,0.05782305799192576
22,8,16,9,OSBP2,0.05733131563266685
22,8,16,10,HBM,0.055876182127754456
22,8,16,11,GYPB,0.055108904268612306
22,8,16,12,HBEGF,0.054341949680546744
22,8,16,13,GAPDHL6,0.054285968910688855
22,8,16,14,IFIT1L,0.05404132613838425
22,8,16,15,CYorf15A,0.0535712393907475
22,8,16,16,MAFB,0.053466188893463384
22,8,32,1,DEFB1,0.0909136501441297
22,8,32,2,RAP1GAP,0.07046043202626574
22,8,32,3,EPB42,0.06445442580486495
22,8,32,4,SPTA1,0.0639062344191335
22,8,32,5,XIST,0.06358919896185694
22,8,32,6,VWF,0.06242214270060757
22,8,32,7,PHACTR1,0.05894304408203572
22,8,32,8,SLC4A1,0.05782305799192576
22,8,32,9,OSBP2,0.05733131563266685
22,8,32,10,HBM,0.055876182127754456
22,8,32,11,GYPB,0.055108904268612306
22,8,32,12,HBEGF,0.054341949680546744
22,8,32,13,GAPDHL6,0.054285968910688855
22,8,32,14,IFIT1L,0.05404132613838425
22,8,32,15,CYorf15A,0.0535712393907475
22,8,32,16,MAFB,0.053466188893463384
22,8,32,17,THBS1,0.052740471840569285
22,8,32,18,CA1,0.051910498585654045
22,8,32,19,AHSP,0.05162441789793522
22,8,32,20,ADM,0.05033507147436333
22,8,32,21,LOC644936,0.04987574317841516
22,8,32,22,TNFAIP3,0.04980867649137176
22,8,32,23,VCAN,0.04937041351417315
22,8,32,24,GIMAP4,0.048154521989561064
22,8,32,25,LOC653610,0.04805122185278319
22,8,32,26,ABP1,0.04751501861585012
22,8,32,27,IL8RB,0.047338222505362466
22,8,32,28,CCL4L1,0.04715367138448074
22,8,32,29,MPL,0.04691731196020983
22,8,32,30,LAMA5,0.04648188680809711
22,8,32,31,SERPINE2,0.045668767963350156
22,8,32,32,TGFBI,0.045509055866536065
22,16,8,1,GTSF1,0.14526014741606344
22,16,8,2,DEFB1,0.1387303094383736
22,16,8,3,BAMBI,0.13784025184572082
22,16,8,4,LOC100133875,0.13403225691262516
22,16,8,5,HLA-DRB5,0.128352349607392
22,16,8,6,GAPDHL6,0.12693429453864233
22,16,8,7,LOC654055,0.12365651685177464
22,16,8,8,RAP1GAP,0.11864274053778852
22,16,16,1,GTSF1,0.14526014741606344
22,16,16,2,DEFB1,0.1387303094383736
22,16,16,3,BAMBI,0.13784025184572082
22,16,16,4,LOC100133875,0.13403225691262516
22,16,16,5,HLA-DRB5,0.128352349607392
22,16,16,6,GAPDHL6,0.12693429453864233
22,16,16,7,LOC654055,0.12365651685177464
22,16,16,8,RAP1GAP,0.11864274053778852
22,16,16,9,LOC100132394,0.11209833152891771
22,16,16,10,LOC644936,0.11131060160269722
22,16,16,11,THBS1,0.10926435331013798
22,16,16,12,HLA-A29.1,0.10911957177121753
22,16,16,13,LOC100008588,0.10906372528070139
22,16,16,14,KIAA0367,0.1087872539565293
22,16,16,15,LILRA3,0.10802439138094258
22,16,16,16,KLHL15,0.10270145957976316
22,16,32,1,GTSF1,0.14526014741606344
22,16,32,2,DEFB1,0.1387303094383736
22,16,32,3,BAMBI,0.13784025184572082
22,16,32,4,LOC100133875,0.13403225691262516
22,16,32,5,HLA-DRB5,0.128352349607392
22,16,32,6,GAPDHL6,0.12693429453864233
22,16,32,7,LOC654055,0.12365651685177464
22,16,32,8,RAP1GAP,0.11864274053778852
22,16,32,9,LOC100132394,0.11209833152891771
22,16,32,10,LOC644936,0.11131060160269722
22,16,32,11,THBS1,0.10926435331013798
22,16,32,12,HLA-A29.1,0.10911957177121753
22,16,32,13,LOC100008588,0.10906372528070139
22,16,32,14,KIAA0367,0.1087872539565293
22,16,32,15,LILRA3,0.10802439138094258
22,16,32,16,KLHL15,0.10270145957976316
22,16,32,17,OSBP2,0.10001330907178449
22,16,32,18,TPSAB1,0.09822519324190951
22,16,32,19,LOC727908,0.09666045708012937
22,16,32,20,ABP1,0.09643670949679954
22,16,32,21,SOCS2,0.09640025625642405
22,16,32,22,HLA-DRB1,0.09571249750078907
22,16,32,23,TMEM176A,0.09417671941956272
22,16,32,24,HBEGF,0.09359880064573667
22,16,32,25,PI3,0.09332464867334864
22,16,32,26,MIR1974,0.09252234701099633
22,16,32,27,RPS4Y2,0.09145054777768798
22,16,32,28,EPB42,0.08981679380404821
22,16,32,29,SLC4A1,0.08980693043779654
22,16,32,30,LAMA5,0.08967009284142749
22,16,32,31,LOC729645,0.08919973326455231
22,16,32,32,VNN1,0.0888452205967705
23,4,8,1,VWF,0.04798229679171835
23,4,8,2,TNFSF10,0.04662534255989301
23,4,8,3,MPL,0.04473975596247582
23,4,8,4,RBPMS2,0.040352179376539635
23,4,8,5,ESAM,0.03634832532243402
23,4,8,6,MS4A2,0.036158489100403944
23,4,8,7,SERPINE2,0.03595814439163161
23,4,8,8,FGL2,0.03513826269485344
23,4,16,1,VWF,0.04798229679171835
23,4,16,2,TNFSF10,0.04662534255989301
23,4,16,3,MPL,0.04473975596247582
23,4,16,4,RBPMS2,0.040352179376539635
23,4,16,5,ESAM,0.03634832532243402
23,4,16,6,MS4A2,0.036158489100403944
23,4,16,7,SERPINE2,0.03595814439163161
23,4,16,8,FGL2,0.03513826269485344
23,4,16,9,GJB6,0.03391673527311601
23,4,16,10,GIMAP4,0.03372197572614049
23,4,16,11,MAFB,0.033159793736178333
23,4,16,12,ITGA2B,0.03280499335548807
23,4,16,13,CLEC1B,0.03226442922371857
23,4,16,14,TSPAN33,0.030632967704711616
23,4,16,15,PROS1,0.028678477136523606
23,4,16,16,HIST1H4E,0.027583634557760767
23,4,32,1,VWF,0.04798229679171835
23,4,32,2,TNFSF10,0.04662534255989301
23,4,32,3,MPL,0.04473975596247582
23,4,32,4,RBPMS2,0.040352179376539635
23,4,32,5,ESAM,0.03634832532243402
23,4,32,6,MS4A2,0.036158489100403944
23,4,32,7,SERPINE2,0.03595814439163161
23,4,32,8,FGL2,0.03513826269485344
23,4,32,9,GJB6,0.03391673527311601
23,4,32,10,GIMAP4,0.03372197572614049
23,4,32,11,MAFB,0.033159793736178333
23,4,32,12,ITGA2B,0.03280499335548807
23,4,32,13,CLEC1B,0.03226442922371857
23,4,32,14,TSPAN33,0.030632967704711616
23,4,32,15,PROS1,0.028678477136523606
23,4,32,16,HIST1H4E,0.027583634557760767
23,4,32,17,PRAGMIN,0.02613123297910641
23,4,32,18,GP9,0.025985465475672802
23,4,32,19,SLC45A3,0.025686895168945956
23,4,32,20,IL8RB,0.025455868911757537
23,4,32,21,SNORD3A,0.0251627091057209
23,4,32,22,ITGB3,0.02503357069040284
23,4,32,23,SNORD3C,0.023772169178281753
23,4,32,24,HBEGF,0.023602877347594458
23,4,32,25,HIST2H3A,0.023412941770095487
23,4,32,26,XIST,0.02331554008533557
23,4,32,27,HOXA5,0.023261582806520083
23,4,32,28,VCAN,0.022916610140231598
23,4,32,29,CLDN5,0.022663756420085356
23,4,32,30,NAT8B,0.02253144996377329
23,4,32,31,TGFBI,0.022209532358552806
23,4,32,32,HIST1H2AH,0.02218809968100119
23,8,8,1,KIAA0367,0.06649811436593168
23,8,8,2,TNFRSF21,0.0657136424258237
23,8,8,3,NEU4,0.0642710980856228
23,8,8,4,LGALS2,0.06383457673767998
23,8,8,5,SPTA1,0.06099867582923868
23,8,8,6,GJB6,0.057424219993173306
23,8,8,7,HBM,0.057293913471177745
23,8,8,8,PI3,0.05569592231475955
23,8,16,1,KIAA0367,0.06649811436593168
23,8,16,2,TNFRSF21,0.0657136424258237
23,8,16,3,NEU4,0.0642710980856228
23,8,16,4,LGALS2,0.06383457673767998
23,8,16,5,SPTA1,0.06099867582923868
23,8,16,6,GJB6,0.057424219993173306
23,8,16,7,HBM,0.057293913471177745
23,8,16,8,PI3,0.05569592231475955
23,8,16,9,THBS1,0.055564335411546185
23,8,16,10,TNFSF10,0.05523278711489761
23,8,16,11,GYPB,0.0545181697411945
23,8,16,12,MAFB,0.05385163528126555
23,8,16,13,VWF,0.05175778516629365
23,8,16,14,RAP1GAP,0.05163467404642315
23,8,16,15,G0S2,0.05145582504653703
23,8,16,16,SLC4A1,0.05090276024003455
23,8,32,1,KIAA0367,0.06649811436593168
23,8,32,2,TNFRSF21,0.0657136424258237
23,8,32,3,NEU4,0.0642710980856228
23,8,32,4,LGALS2,0.06383457673767998
23,8,32,5,SPTA1,0.06099867582923868
23,8,32,6,GJB6,0.057424219993173306
23,8,32,7,HBM,0.057293913471177745
23,8,32,8,PI3,0.05569592231475955
23,8,32,9,THBS1,0.055564335411546185
23,8,32,10,TNFSF10,0.05523278711489761
23,8,32,11,GYPB,0.0545181697411945
23,8,32,12,MAFB,0.05385163528126555
23,8,32,13,VWF,0.05175778516629365
23,8,32,14,RAP1GAP,0.05163467404642315
23,8,32,15,G0S2,0.05145582504653703
23,8,32,16,SLC4A1,0.05090276024003455
23,8,32,17,HES4,0.0506343875298766
23,8,32,18,PHACTR1,0.05033941406741495
23,8,32,19,RHAG,0.05026336627176533
23,8,32,20,IL8RB,0.05001855820755968
23,8,32,21,IFIT1L,0.049307347514705974
23,8,32,22,AHSP,0.04928426438230389
23,8,32,23,GAPDHL6,0.0491893937603452
23,8,32,24,EPB42,0.04899779577080467
23,8,32,25,CA1,0.048827664782306955
23,8,32,26,IFIT2,0.04854234350699249
23,8,32,27,LOC100133875,0.048129751871874
23,8,32,28,IFIT3,0.04779703385789281
23,8,32,29,SERPINE2,0.047718938647111075
23,8,32,30,TGFBI,0.04770730117837567
23,8,32,31,ALPL,0.04738815924626047
23,8,32,32,MPL,0.04704666518057392
23,16,8,1,DEFB1,0.14796176908865938
23,16,8,2,LOC100133875,0.1383216078056978
23,16,8,3,GAPDHL6,0.12812243284080355
23,16,8,4,KIAA0367,0.12581290440820606
23,16,8,5,IFI27,0.1210046970484448
23,16,8,6,BAMBI,0.1167960940408489
23,16,8,7,HLA-A29.1,0.11499577698275465
23,16,8,8,ABP1,0.11430284930492376
23,16,16,1,DEFB1,0.14796176908865938
23,16,16,2,LOC100133875,0.1383216078056978
23,16,16,3,GAPDHL6,0.12812243284080355
23,16,16,4,KIAA0367,0.12581290440820606
23,16,16,5,IFI27,0.1210046970484448
23,16,16,6,BAMBI,0.1167960940408489
23,16,16,7,HLA-A29.1,0.11499577698275465
23,16,16,8,ABP1,0.11430284930492376
23,16,16,9,LILRA3,0.11331749271239781
23,16,16,10,TEX101,0.1124861712420471
23,16,16,11,LOC644936,0.11246006457880559
23,16,16,12,KLHL15,0.1068498700188243
23,16,16,13,LOC654055,0.10598059389734932
23,16,16,14,RAP1GAP,0.10286680476263407
23,16,16,15,LAMA5,0.10236319443174303
23,16,16,16,C1orf150,0.10117523943905853
23,16,32,1,DEFB1,0.14796176908865938
23,16,32,2,LOC100133875,0.1383216078056978
23,16,32,3,GAPDHL6,0.12812243284080355
23,16,32,4,KIAA0367,0.12581290440820606
23,16,32,5,IFI27,0.1210046970484448
23,16,32,6,BAMBI,0.1167960940408489
23,16,32,7,HLA-A29.1,0.11499577698275465
23,16,32,8,ABP1,0.11430284930492376
23,16,32,9,LILRA3,0.11331749271239781
23,16,32,10,TEX101,0.1124861712420471
23,16,32,11,LOC644936,0.11246006457880559
23,16,32,12,KLHL15,0.1068498700188243
23,16,32,13,LOC654055,0.10598059389734932
23,16,32,14,RAP1GAP,0.10286680476263407
23,16,32,15,LAMA5,0.10236319443174303
23,16,32,16,C1orf150,0.10117523943905853
23,16,32,17,IL1B,0.09892364069132321
23,16,32,18,LGALS2,0.09826511341664901
23,16,32,19,VCAN,0.09386194255072436
23,16,32,20,HES4,0.0922444296958251
23,16,32,21,TPSAB1,0.09132340564580362
23,16,32,22,EPAS1,0.09122489920658838
23,16,32,23,LOC100132394,0.09090779631009895
23,16,32,24,THBS1,0.08980648832377001
23,16,32,25,PI3,0.08979785079069044
23,16,32,26,RPS4Y2,0.08931257319123055
23,16,32,27,KIAA1324,0.08901777976753925
23,16,32,28,LOC731682,0.08877670859710193
23,16,32,29,SLC4A1,0.08867842973345373
23,16,32,30,CDC20,0.0885122411334783
23,16,32,31,HLA-DRB5,0.08713373467282086
23,16,32,32,EPB42,0.08709257629793063
24,4,8,1,VWF,0.054893993631292666
24,4,8,2,RBPMS2,0.04942553019109384
24,4,8,3,ESAM,0.04486065448341033
24,4,8,4,ITGA2B,0.038702729401590565
24,4,8,5,TNFSF10,0.03833807720521963
24,4,8,6,SERPINE2,0.03531845244520382
24,4,8,7,CLEC1B,0.03474922342282687
24,4,8,8,FGL2,0.0346492781816204
24,4,16,1,VWF,0.054893993631292666
24,4,16,2,RBPMS2,0.04942553019109384
24,4,16,3,ESAM,0.04486065448341033
24,4,16,4,ITGA2B,0.038702729401590565
24,4,16,5,TNFSF10,0.03833807720521963
24,4,16,6,SERPINE2,0.03531845244520382
24,4,16,7,CLEC1B,0.03474922342282687
24,4,16,8,FGL2,0.0346492781816204
24,4,16,9,TSPAN33,0.03395726921249562
24,4,16,10,GP9,0.03357581803072089
24,4,16,11,GJB6,0.033547799057517806
24,4,16,12,CX3CR1,0.032973502931653915
24,4,16,13,GIMAP4,0.03277565565613682
24,4,16,14,MAFB,0.03141721811931022
24,4,16,15,ADM,0.03139577141012961
24,4,16,16,GADD45B,0.03059953871317555
24,4,32,1,VWF,0.054893993631292666
24,4,32,2,RBPMS2,0.04942553019109384
24,4,32,3,ESAM,0.04486065448341033
24,4,32,4,ITGA2B,0.038702729401590565
24,4,32,5,TNFSF10,0.03833807720521963
24,4,32,6,SERPINE2,0.03531845244520382
24,4,32,7,CLEC1B,0.03474922342282687
24,4,32,8,FGL2,0.0346492781816204
24,4,32,9,TSPAN33,0.03395726921249562
24,4,32,10,GP9,0.03357581803072089
24,4,32,11,GJB6,0.033547799057517806
24,4,32,12,CX3CR1,0.032973502931653915
24,4,32,13,GIMAP4,0.03277565565613682
24,4,32,14,MAFB,0.03141721811931022
24,4,32,15,ADM,0.03139577141012961
24,4,32,16,GADD45B,0.03059953871317555
24,4,32,17,IL8RB,0.029208424585851607
24,4,32,18,PHACTR1,0.028403997464540823
24,4,32,19,KLHL15,0.027999766301089843
24,4,32,20,RNU5A,0.02755532150489597
24,4,32,21,GIMAP8,0.02747527537840967
24,4,32,22,MGC13057,0.027443196573631784
24,4,32,23,HIST1H4E,0.02717303796475255
24,4,32,24,ITGB3,0.026449711193213276
24,4,32,25,CD83,0.02615397502756036
24,4,32,26,C1orf186,0.02608680360471447
24,4,32,27,PRAGMIN,0.02573798374199743
24,4,32,28,RNU4-1,0.02525711483391086
24,4,32,29,SNORD3A,0.02518396154636928
24,4,32,30,SNORD3C,0.025106942106608222
24,4,32,31,RNU11,0.024946035655214534
24,4,32,32,IFIT2,0.02486754079684386
24,8,8,1,PI3,0.07161360216898713
24,8,8,2,SLC4A1,0.06726471218433673
24,8,8,3,SELENBP1,0.06598451760122839
24,8,8,4,VWF,0.06579825683624774
24,8,8,5,LOC644936,0.06569406247187025
24,8,8,6,EPB42,0.06483099640546391
24,8,8,7,AHSP,0.06383524885961055
24,8,8,8,IL8RB,0.06359498787512569
24,8,16,1,PI3,0.07161360216898713
24,8,16,2,SLC4A1,0.06726471218433673
24,8,16,3,SELENBP1,0.06598451760122839
24,8,16,4,VWF,0.06579825683624774
24,8,16,5,LOC644936,0.06569406247187025
24,8,16,6,EPB42,0.06483099640546391
24,8,16,7,AHSP,0.06383524885961055
24,8,16,8,IL8RB,0.06359498787512569
24,8,16,9,RAP1GAP,0.061853271281510816
24,8,16,10,HBM,0.06152164829830501
24,8,16,11,IFIT1L,0.061465349507248954
24,8,16,12,OSBP2,0.05977665091551827
24,8,16,13,CA1,0.05882664806756811
24,8,16,14,GYPB,0.05871432896725019
24,8,16,15,KIAA0367,0.05612886344847159
24,8,16,16,IFIT2,0.0554711943926454
24,8,32,1,PI3,0.07161360216898713
24,8,32,2,SLC4A1,0.06726471218433673
24,8,32,3,SELENBP1,0.06598451760122839
24,8,32,4,VWF,0.06579825683624774
24,8,32,5,LOC644936,0.06569406247187025
24,8,32,6,EPB42,0.06483099640546391
24,8,32,7,AHSP,0.06383524885961055
24,8,32,8,IL8RB,0.06359498787512569
24,8,32,9,RAP1GAP,0.061853271281510816
24,8,32,10,HBM,0.06152164829830501
24,8,32,11,IFIT1L,0.061465349507248954
24,8,32,12,OSBP2,0.05977665091551827
24,8,32,13,CA1,0.05882664806756811
24,8,32,14,GYPB,0.05871432896725019
24,8,32,15,KIAA0367,0.05612886344847159
24,8,32,16,IFIT2,0.0554711943926454
24,8,32,17,CCL4L1,0.05363447867471518
24,8,32,18,MAFB,0.052438258294848175
24,8,32,19,RBPMS2,0.05236991902533372
24,8,32,20,RHAG,0.05219062893227471
24,8,32,21,IFI27,0.05154249518376498
24,8,32,22,ESAM,0.051426745162791686
24,8,32,23,DEFB1,0.04984201930060872
24,8,32,24,VCAN,0.04961299251776097
24,8,32,25,PCOLCE2,0.049277855675956536
24,8,32,26,IFIT3,0.04796259197154624
24,8,32,27,ALPL,0.047833884058812635
24,8,32,28,TNFSF10,0.04764446529286745
24,8,32,29,SERPINE2,0.04749299463153872
24,8,32,30,CLEC1B,0.04710190426254429
24,8,32,31,TGFBI,0.04708612425015734
24,8,32,32,TPSAB1,0.04695003889746164
24,16,8,1,DEFB1,0.1746275805861707
24,16,8,2,HLA-A29.1,0.17100410187386247
24,16,8,3,GSTM1,0.13768236425538022
24,16,8,4,GTSF1,0.13312595738749458
24,16,8,5,BAMBI,0.1241118365740996
24,16,8,6,LOC100132394,0.12189684294275614
24,16,8,7,LOC644936,0.12145328630452609
24,16,8,8,KIAA0367,0.11731244137282675
24,16,16,1,DEFB1,0.1746275805861707
24,16,16,2,HLA-A29.1,0.17100410187386247
24,16,16,3,GSTM1,0.13768236425538022
24,16,16,4,GTSF1,0.13312595738749458
24,16,16,5,BAMBI,0.1241118365740996
24,16,16,6,LOC100132394,0.12189684294275614
24,16,16,7,LOC644936,0.12145328630452609
24,16,16,8,KIAA0367,0.11731244137282675
24,16,16,9,GAPDHL6,0.1147963047473015
24,16,16,10,THBS1,0.1134204067978255
24,16,16,11,C1orf150,0.10772540191553061
24,16,16,12,LOC729645,0.10648772945004586
24,16,16,13,HBBP1,0.10621525431766406
24,16,16,14,LOC727908,0.09753638720219623
24,16,16,15,RAP1GAP,0.09532409982327068
24,16,16,16,PI3,0.09442104249692578
24,16,32,1,DEFB1,0.1746275805861707
24,16,32,2,HLA-A29.1,0.17100410187386247
24,16,32,3,GSTM1,0.13768236425538022
24,16,32,4,GTSF1,0.13312595738749458
24,16,32,5,BAMBI,0.1241118365740996
24,16,32,6,LOC100132394,0.12189684294275614
24,16,32,7,LOC644936,0.12145328630452609
24,16,32,8,KIAA0367,0.11731244137282675
24,16,32,9,GAPDHL6,0.1147963047473015
24,16,32,10,THBS1,0.1134204067978255
24,16,32,11,C1orf150,0.10772540191553061
24,16,32,12,LOC729645,0.10648772945004586
24,16,32,13,HBBP1,0.10621525431766406
24,16,32,14,LOC727908,0.09753638720219623
24,16,32,15,RAP1GAP,0.09532409982327068
24,16,32,16,PI3,0.09442104249692578
24,16,32,17,TMEM176A,0.09387487418704062
24,16,32,18,RPS4Y2,0.09137078064452904
24,16,32,19,FPR2,0.09120951193571816
24,16,32,20,IFIT2,0.09046832439648063
24,16,32,21,VWF,0.09033460745871094
24,16,32,22,ABP1,0.08974763379814572
24,16,32,23,SLC4A1,0.0893975948737891
24,16,32,24,VCAN,0.0884413236070559
24,16,32,25,RPS4Y1,0.08642021231217656
24,16,32,26,IFIT1L,0.08581973069258202
24,16,32,27,LOC100133662,0.08542350637971911
24,16,32,28,CLEC11A,0.08517327268371372
24,16,32,29,OSBP2,0.08448997213343214
24,16,32,30,LOC654055,0.08381244467689732
24,16,32,31,RNU5A,0.08366217032802789
24,16,32,32,PRKY,0.08323865650169612
25,4,8,1,VWF,0.03943919685847141
25,4,8,2,MAFB,0.03644153243665943
25,4,8,3,LTF,0.03593981660048803
25,4,8,4,MPL,0.0347409916650108
25,4,8,5,ESAM,0.03463092695800916
25,4,8,6,RBPMS2,0.033510830108453196
25,4,8,7,SPTA1,0.03331220687417633
25,4,8,8,KIAA0367,0.032069907778995294
25,4,16,1,VWF,0.03943919685847141
25,4,16,2,MAFB,0.03644153243665943
25,4,16,3,LTF,0.03593981660048803
25,4,16,4,MPL,0.0347409916650108
25,4,16,5,ESAM,0.03463092695800916
25,4,16,6,RBPMS2,0.033510830108453196
25,4,16,7,SPTA1,0.03331220687417633
25,4,16,8,KIAA0367,0.032069907778995294
25,4,16,9,CLEC1B,0.03190577108452371
25,4,16,10,HIST1H4E,0.0314787755392131
25,4,16,11,MX1,0.03138062622439901
25,4,16,12,LILRA3,0.03085954440209482
25,4,16,13,PROS1,0.03081740206072211
25,4,16,14,VCAN,0.030815116354847027
25,4,16,15,TGFBI,0.030701719334478256
25,4,16,16,ITGA2B,0.030691025693151106
25,4,32,1,VWF,0.03943919685847141
25,4,32,2,MAFB,0.03644153243665943
25,4,32,3,LTF,0.03593981660048803
25,4,32,4,MPL,0.0347409916650108
25,4,32,5,ESAM,0.03463092695800916
25,4,32,6,RBPMS2,0.033510830108453196
25,4,32,7,SPTA1,0.03331220687417633
25,4,32,8,KIAA0367,0.032069907778995294
25,4,32,9,CLEC1B,0.03190577108452371
25,4,32,10,HIST1H4E,0.0314787755392131
25,4,32,11,MX1,0.03138062622439901
25,4,32,12,LILRA3,0.03085954440209482
25,4,32,13,PROS1,0.03081740206072211
25,4,32,14,VCAN,0.030815116354847027
25,4,32,15,TGFBI,0.030701719334478256
25,4,32,16,ITGA2B,0.030691025693151106
25,4,32,17,LOC100133875,0.03042604360614156
25,4,32,18,HBM,0.029087728004585516
25,4,32,19,ITGB3,0.029012165295229327
25,4,32,20,ABCA13,0.028702160187326672
25,4,32,21,MGC13057,0.02822293065603607
25,4,32,22,RHAG,0.0280484942221147
25,4,32,23,OLR1,0.028012272248939804
25,4,32,24,CA1,0.027860451778876225
25,4,32,25,GYPB,0.02779337471062399
25,4,32,26,HIST1H1E,0.02762351952072933
25,4,32,27,HIST1H2AM,0.027569913962911464
25,4,32,28,RNU1F1,0.027472681913550928
25,4,32,29,LOC100133583,0.027423337576194556
25,4,32,30,HIST1H2BG,0.02741294193157566
25,4,32,31,CEACAM1,0.02692924756722729
25,4,32,32,PGLYRP1,0.026125309719641523
25,8,8,1,GSTM1,0.06979809109016348
25,8,8,2,LGALS2,0.06513963586707425
25,8,8,3,SELENBP1,0.05908181402845743
25,8,8,4,BEX1,0.0564995287438491
25,8,8,5,TMCC2,0.05605667369696635
25,8,8,6,VCAN,0.055943000079907
25,8,8,7,BAMBI,0.05477047594173006
25,8,8,8,G0S2,0.05471672251003094
25,8,16,1,GSTM1,0.06979809109016348
25,8,16,2,LGALS2,0.06513963586707425
25,8,16,3,SELENBP1,0.05908181402845743
25,8,16,4,BEX1,0.0564995287438491
25,8,16,5,TMCC2,0.05605667369696635
25,8,16,6,VCAN,0.055943000079907
25,8,16,7,BAMBI,0.05477047594173006
25,8,16,8,G0S2,0.05471672251003094
25,8,16,9,KIAA0367,0.054668274341215246
25,8,16,10,SLC4A1,0.05359520305400049
25,8,16,11,PRSSL1,0.0529508013908624
25,8,16,12,LOC644936,0.0528864143258216
25,8,16,13,GYPB,0.05270708027703983
25,8,16,14,PHACTR1,0.052051120310431534
25,8,16,15,LTF,0.051188486897954695
25,8,16,16,SERPINE2,0.05105747670277221
25,8,32,1,GSTM1,0.06979809109016348
25,8,32,2,LGALS2,0.06513963586707425
25,8,32,3,SELENBP1,0.05908181402845743
25,8,32,4,BEX1,0.0564995287438491
25,8,32,5,TMCC2,0.05605667369696635
25,8,32,6,VCAN,0.055943000079907
25,8,32,7,BAMBI,0.05477047594173006
25,8,32,8,G0S2,0.05471672251003094
25,8,32,9,KIAA0367,0.054668274341215246
25,8,32,10,SLC4A1,0.05359520305400049
25,8,32,11,PRSSL1,0.0529508013908624
25,8,32,12,LOC644936,0.0528864143258216
25,8,32,13,GYPB,0.05270708027703983
25,8,32,14,PHACTR1,0.052051120310431534
25,8,32,15,LTF,0.051188486897954695
25,8,32,16,SERPINE2,0.05105747670277221
25,8,32,17,SPTA1,0.04994227755313497
25,8,32,18,TNFSF10,0.04989029309176057
25,8,32,19,LOC653610,0.049610161475239924
25,8,32,20,CD83,0.04944279297045154
25,8,32,21,IFIT1L,0.04881856009364271
25,8,32,22,LAMA5,0.04873848203355333
25,8,32,23,EPB42,0.04860712728398116
25,8,32,24,RHAG,0.04847235844975719
25,8,32,25,MAFB,0.04814838646260209
25,8,32,26,CA1,0.047553248507082764
25,8,32,27,SNCA,0.04731085524329039
25,8,32,28,PRTN3,0.04669701072336809
25,8,32,29,NEU4,0.04659600729582037
25,8,32,30,IL8RB,0.04655049731982377
25,8,32,31,ADM,0.04635076836438965
25,8,32,32,HBM,0.04625789418680702
25,16,8,1,DEFB1,0.1689925594897016
25,16,8,2,BAMBI,0.14896720237079256
25,16,8,3,GAPDHL6,0.14849729605500775
25,16,8,4,LOC100133875,0.14029471928899623
25,16,8,5,LOC644936,0.12273945099351546
25,16,8,6,TPSAB1,0.12242505996291514
25,16,8,7,ABP1,0.1152670388570629
25,16,8,8,LILRA3,0.11427121716171586
25,16,16,1,DEFB1,0.1689925594897016
25,16,16,2,BAMBI,0.14896720237079256
25,16,16,3,GAPDHL6,0.14849729605500775
25,16,16,4,LOC100133875,0.14029471928899623
25,16,16,5,LOC644936,0.12273945099351546
25,16,16,6,TPSAB1,0.12242505996291514
25,16,16,7,ABP1,0.1152670388570629
25,16,16,8,LILRA3,0.11427121716171586
25,16,16,9,TPSB2,0.11272797901302961
25,16,16,10,LOC729645,0.1126732840472462
25,16,16,11,IL1B,0.11230876621463012
25,16,16,12,GSTM1,0.11094835241960706
25,16,16,13,LGALS2,0.10876570240989217
25,16,16,14,KIAA0367,0.10743971405590806
25,16,16,15,PI3,0.10466344036779208
25,16,16,16,LOC100132394,0.09744147015096481
25,16,32,1,DEFB1,0.1689925594897016
25,16,32,2,BAMBI,0.14896720237079256
25,16,32,3,GAPDHL6,0.14849729605500775
25,16,32,4,LOC100133875,0.14029471928899623
25,16,32,5,LOC644936,0.12273945099351546
25,16,32,6,TPSAB1,0.12242505996291514
25,16,32,7,ABP1,0.1152670388570629
25,16,32,8,LILRA3,0.11427121716171586
25,16,32,9,TPSB2,0.11272797901302961
25,16,32,10,LOC729645,0.1126732840472462
25,16,32,11,IL1B,0.11230876621463012
25,16,32,12,GSTM1,0.11094835241960706
25,16,32,13,LGALS2,0.10876570240989217
25,16,32,14,KIAA0367,0.10743971405590806
25,16,32,15,PI3,0.10466344036779208
25,16,32,16,LOC100132394,0.09744147015096481
25,16,32,17,IFI27,0.095977756103175
25,16,32,18,RPS4Y2,0.0959404978222155
25,16,32,19,THBS1,0.09524695142217418
25,16,32,20,KLHL15,0.09330983804163619
25,16,32,21,SPRYD5,0.09292180606041613
25,16,32,22,MX1,0.09261878305127826
25,16,32,23,HOXA5,0.09020377825953683
25,16,32,24,LOC654101,0.08850116215975136
25,16,32,25,RPS4Y1,0.08837994010381006
25,16,32,26,CDC20,0.0880710907218135
25,16,32,27,LOC100008588,0.08710556233457296
25,16,32,28,CYorf15A,0.08623262183876522
25,16,32,29,HLA-A29.1,0.08564265801609927
25,16,32,30,LOC100133662,0.08522445060172824
25,16,32,31,RGS1,0.0847973619336285
25,16,32,32,XIST,0.08434908373916072
26,4,8,1,VWF,0.06908115778917752
26,4,8,2,RBPMS2,0.052135642817437856
26,4,8,3,DEFB1,0.04987921480582808
26,4,8,4,XIST,0.04737228021943192
26,4,8,5,CDC20,0.04193692801378211
26,4,8,6,ESAM,0.041224028648744006
26,4,8,7,PRKY,0.03603806030853711
26,4,8,8,GP9,0.03571737885072788
26,4,16,1,VWF,0.06908115778917752
26,4,16,2,RBPMS2,0.052135642817437856
26,4,16,3,DEFB1,0.04987921480582808
26,4,16,4,XIST,0.04737228021943192
26,4,16,5,CDC20,0.04193692801378211
26,4,16,6,ESAM,0.041224028648744006
26,4,16,7,PRKY,0.03603806030853711
26,4,16,8,GP9,0.03571737885072788
26,4,16,9,PPBP,0.03534435094652773
26,4,16,10,HIST1H1E,0.03419648177934512
26,4,16,11,RPS4Y2,0.03401356995663023
26,4,16,12,RPS4Y1,0.033903990565617506
26,4,16,13,NEU4,0.033404071220655016
26,4,16,14,LOC100133662,0.033174496427067796
26,4,16,15,HOXA5,0.033172648621038164
26,4,16,16,HIST2H3A,0.03283404958588036
26,4,32,1,VWF,0.06908115778917752
26,4,32,2,RBPMS2,0.052135642817437856
26,4,32,3,DEFB1,0.04987921480582808
26,4,32,4,XIST,0.04737228021943192
26,4,32,5,CDC20,0.04193692801378211
26,4,32,6,ESAM,0.041224028648744006
26,4,32,7,PRKY,0.03603806030853711
26,4,32,8,GP9,0.03571737885072788
26,4,32,9,PPBP,0.03534435094652773
26,4,32,10,HIST1H1E,0.03419648177934512
26,4,32,11,RPS4Y2,0.03401356995663023
26,4,32,12,RPS4Y1,0.033903990565617506
26,4,32,13,NEU4,0.033404071220655016
26,4,32,14,LOC100133662,0.033174496427067796
26,4,32,15,HOXA5,0.033172648621038164
26,4,32,16,HIST2H3A,0.03283404958588036
26,4,32,17,MAFB,0.03221406485984644
26,4,32,18,CLEC1B,0.031780591770690786
26,4,32,19,TMEM176A,0.031725393672956376
26,4,32,20,HIST1H4E,0.03137484033180183
26,4,32,21,EIF1AY,0.030815529272478596
26,4,32,22,GAPDHL6,0.03077666759774661
26,4,32,23,HIST1H1B,0.030467942855844626
26,4,32,24,LILRA3,0.029772754134928425
26,4,32,25,CYorf15A,0.029741853165636285
26,4,32,26,JARID1D,0.02843573225717092
26,4,32,27,HIST1H1D,0.02810532568627405
26,4,32,28,CEP55,0.028084562528472905
26,4,32,29,RNU1F1,0.027802391810279263
26,4,32,30,LOC100133875,0.027653796696276652
26,4,32,31,HIST1H2AH,0.027500506927087436
26,4,32,32,IL8RB,0.0274548807825596
26,8,8,1,VWF,0.08016440752866127
26,8,8,2,SLC4A1,0.07136187293821389
26,8,8,3,SELENBP1,0.06939294145354856
26,8,8,4,EPB42,0.0665635491371239
26,8,8,5,CDC20,0.06162386595763533
26,8,8,6,BAMBI,0.060929381069122886
26,8,8,7,AHSP,0.05979791418555963
26,8,8,8,RBPMS2,0.05952703012397536
26,8,16,1,VWF,0.08016440752866127
26,8,16,2,SLC4A1,0.07136187293821389
26,8,16,3,SELENBP1,0.06939294145354856
26,8,16,4,EPB42,0.0665635491371239
26,8,16,5,CDC20,0.06162386595763533
26,8,16,6,BAMBI,0.060929381069122886
26,8,16,7,AHSP,0.05979791418555963
26,8,16,8,RBPMS2,0.05952703012397536
26,8,16,9,RHAG,0.05938843230152152
26,8,16,10,SPTA1,0.058706818472328774
26,8,16,11,IFIT1L,0.05782920047952613
26,8,16,12,LOC644936,0.05763668950639843
26,8,16,13,LGALS2,0.057420562677568225
26,8,16,14,CA1,0.05676206908887724
26,8,16,15,HBM,0.05655640152992394
26,8,16,16,DEFB1,0.05599687607086991
26,8,32,1,VWF,0.08016440752866127
26,8,32,2,SLC4A1,0.07136187293821389
26,8,32,3,SELENBP1,0.06939294145354856
26,8,32,4,EPB42,0.0665635491371239
26,8,32,5,CDC20,0.06162386595763533
26,8,32,6,BAMBI,0.060929381069122886
26,8,32,7,AHSP,0.05979791418555963
26,8,32,8,RBPMS2,0.05952703012397536
26,8,32,9,RHAG,0.05938843230152152
26,8,32,10,SPTA1,0.058706818472328774
26,8,32,11,IFIT1L,0.05782920047952613
26,8,32,12,LOC644936,0.05763668950639843
26,8,32,13,LGALS2,0.057420562677568225
26,8,32,14,CA1,0.05676206908887724
26,8,32,15,HBM,0.05655640152992394
26,8,32,16,DEFB1,0.05599687607086991
26,8,32,17,XIST,0.05534198859902431
26,8,32,18,ESAM,0.05492460787738076
26,8,32,19,GYPB,0.054569335698367055
26,8,32,20,CYorf15A,0.05424936735020067
26,8,32,21,OSBP2,0.05418565073609018
26,8,32,22,ABP1,0.053302837555121406
26,8,32,23,IL8RB,0.05101450157608686
26,8,32,24,RAP1GAP,0.05079386729547982
26,8,32,25,PI3,0.049616909028811156
26,8,32,26,EIF1AY,0.0494492690124911
26,8,32,27,GP9,0.04899320637300327
26,8,32,28,RNU1A3,0.04894705013443065
26,8,32,29,PPBP,0.048120260875811324
26,8,32,30,VCAN,0.04776531815693754
26,8,32,31,HLA-A29.1,0.047056804646703566
26,8,32,32,IFIT2,0.04665400595835542
26,16,8,1,GAPDHL6,0.1523052415043877
26,16,8,2,GTSF1,0.14868110165603
26,16,8,3,LOC644936,0.14590399760795988
26,16,8,4,LOC100133875,0.14404603740408595
26,16,8,5,BAMBI,0.12934853230294976
26,16,8,6,LILRA3,0.1272479542832184
26,16,8,7,LGALS2,0.11992563531345408
26,16,8,8,LOC729645,0.1165235569061683
26,16,16,1,GAPDHL6,0.1523052415043877
26,16,16,2,GTSF1,0.14868110165603
26,16,16,3,LOC644936,0.14590399760795988
26,16,16,4,LOC100133875,0.14404603740408595
26,16,16,5,BAMBI,0.12934853230294976
26,16,16,6,LILRA3,0.1272479542832184
26,16,16,7,LGALS2,0.11992563531345408
26,16,16,8,LOC729645,0.1165235569061683
26,16,16,9,HLA-A29.1,0.112852266585401
26,16,16,10,IFI27,0.1095184717245368
26,16,16,11,GSTM1,0.10938754561359008
26,16,16,12,KIAA0367,0.10866439085921141
26,16,16,13,KLHL15,0.10853910813194947
26,16,16,14,VWF,0.10700853688888831
26,16,16,15,C1orf150,0.1063432846356357
26,16,16,16,HBBP1,0.10375331858434643
26,16,32,1,GAPDHL6,0.1523052415043877
26,16,32,2,GTSF1,0.14868110165603
26,16,32,3,LOC644936,0.14590399760795988
26,16,32,4,LOC100133875,0.14404603740408595
26,16,32,5,BAMBI,0.12934853230294976
26,16,32,6,LILRA3,0.1272479542832184
26,16,32,7,LGALS2,0.11992563531345408
26,16,32,8,LOC729645,0.1165235569061683
26,16,32,9,HLA-A29.1,0.112852266585401
26,16,32,10,IFI27,0.1095184717245368
26,16,32,11,GSTM1,0.10938754561359008
26,16,32,12,KIAA0367,0.10866439085921141
26,16,32,13,KLHL15,0.10853910813194947
26,16,32,14,VWF,0.10700853688888831
26,16,32,15,C1orf150,0.1063432846356357
26,16,32,16,HBBP1,0.10375331858434643
26,16,32,17,HOXA5,0.10315803229099484
26,16,32,18,ABP1,0.10306009176151622
26,16,32,19,LOC100132394,0.1021530602383503
26,16,32,20,TEX101,0.10121595645621369
26,16,32,21,DEFB1,0.10110438495890094
26,16,32,22,HLA-DRB1,0.09997481725167087
26,16,32,23,HLA-DRB5,0.0996143680189401
26,16,32,24,LOC654055,0.09911859682126242
26,16,32,25,CDC20,0.09897147279540466
26,16,32,26,RPS4Y1,0.09761337520606413
26,16,32,27,RPS4Y2,0.09691305852541715
26,16,32,28,PRKY,0.09673967222402605
26,16,32,29,LOC100133662,0.09630334466728083
26,16,32,30,LOC642113,0.09611525155975252
26,16,32,31,XIST,0.09565800975547352
26,16,32,32,CYorf15A,0.09438050069879186
27,4,8,1,VWF,0.04978707796885087
27,4,8,2,MPL,0.04160706679194852
27,4,8,3,RBPMS2,0.04108927238786762
27,4,8,4,ESAM,0.04030691537050154
27,4,8,5,MX1,0.03865636678974723
27,4,8,6,SERPINE2,0.036406487694236996
27,4,8,7,FGL2,0.03555319002050543
27,4,8,8,TNFSF10,0.03460487498034503
27,4,16,1,VWF,0.04978707796885087
27,4,16,2,MPL,0.04160706679194852
27,4,16,3,RBPMS2,0.04108927238786762
27,4,16,4,ESAM,0.04030691537050154
27,4,16,5,MX1,0.03865636678974723
27,4,16,6,SERPINE2,0.036406487694236996
27,4,16,7,FGL2,0.03555319002050543
27,4,16,8,TNFSF10,0.03460487498034503
27,4,16,9,TSPAN33,0.034442376882101174
27,4,16,10,ITGA2B,0.0330099189925876
27,4,16,11,CLEC1B,0.03227466224841817
27,4,16,12,GP9,0.03121700550132048
27,4,16,13,PROS1,0.030902628582382716
27,4,16,14,IL8RB,0.030484076739161797
27,4,16,15,MS4A2,0.029087584217954564
27,4,16,16,MAFB,0.027499563456524472
27,4,32,1,VWF,0.04978707796885087
27,4,32,2,MPL,0.04160706679194852
27,4,32,3,RBPMS2,0.04108927238786762
27,4,32,4,ESAM,0.04030691537050154
27,4,32,5,MX1,0.03865636678974723
27,4,32,6,SERPINE2,0.036406487694236996
27,4,32,7,FGL2,0.03555319002050543
27,4,32,8,TNFSF10,0.03460487498034503
27,4,32,9,TSPAN33,0.034442376882101174
27,4,32,10,ITGA2B,0.0330099189925876
27,4,32,11,CLEC1B,0.03227466224841817
27,4,32,12,GP9,0.03121700550132048
27,4,32,13,PROS1,0.030902628582382716
27,4,32,14,IL8RB,0.030484076739161797
27,4,32,15,MS4A2,0.029087584217954564
27,4,32,16,MAFB,0.027499563456524472
27,4,32,17,IFIT3,0.027168525109127484
27,4,32,18,XIST,0.02697413165185789
27,4,32,19,IFIT2,0.026929721143825303
27,4,32,20,CAMP,0.026524450048952052
27,4,32,21,LTF,0.0264586921037035
27,4,32,22,DEFA4,0.02587070964399793
27,4,32,23,CYorf15B,0.025421832989268277
27,4,32,24,CEACAM8,0.02469220460444978
27,4,32,25,PPBP,0.02454536474923329
27,4,32,26,HIST1H4E,0.02454243796165528
27,4,32,27,TCN1,0.02453298517345571
27,4,32,28,LOC728835,0.02452772861993459
27,4,32,29,CEACAM6,0.02419301584694235
27,4,32,30,HOXA5,0.024172011890147397
27,4,32,31,GIMAP4,0.023816561758798906
27,4,32,32,MGC13057,0.023792497776174048
27,8,8,1,RPS4Y1,0.07819287716731946
27,8,8,2,LOC100133662,0.0759221713788211
27,8,8,3,CYorf15B,0.075882754415131
27,8,8,4,RPS4Y2,0.07366651496184501
27,8,8,5,SELENBP1,0.07258595096082716
27,8,8,6,XIST,0.07074894243650698
27,8,8,7,CYorf15A,0.07004719627158609
27,8,8,8,PRKY,0.06925611394157354
27,8,16,1,RPS4Y1,0.07819287716731946
27,8,16,2,LOC100133662,0.0759221713788211
27,8,16,3,CYorf15B,0.075882754415131
27,8,16,4,RPS4Y2,0.07366651496184501
27,8,16,5,SELENBP1,0.07258595096082716
27,8,16,6,XIST,0.07074894243650698
27,8,16,7,CYorf15A,0.07004719627158609
27,8,16,8,PRKY,0.06925611394157354
27,8,16,9,JARID1D,0.06908901331140262
27,8,16,10,EIF1AY,0.06892958408633904
27,8,16,11,SLC4A1,0.06834843976845034
27,8,16,12,IFIT1L,0.06646457629197933
27,8,16,13,EPB42,0.0643358240822868
27,8,16,14,RAP1GAP,0.06432951825390223
27,8,16,15,MAFB,0.06360398811417438
27,8,16,16,OSBP2,0.06324149961414076
27,8,32,1,RPS4Y1,0.07819287716731946
27,8,32,2,LOC100133662,0.0759221713788211
27,8,32,3,CYorf15B,0.075882754415131
27,8,32,4,RPS4Y2,0.07366651496184501
27,8,32,5,SELENBP1,0.07258595096082716
27,8,32,6,XIST,0.07074894243650698
27,8,32,7,CYorf15A,0.07004719627158609
27,8,32,8,PRKY,0.06925611394157354
27,8,32,9,JARID1D,0.06908901331140262
27,8,32,10,EIF1AY,0.06892958408633904
27,8,32,11,SLC4A1,0.06834843976845034
27,8,32,12,IFIT1L,0.06646457629197933
27,8,32,13,EPB42,0.0643358240822868
27,8,32,14,RAP1GAP,0.06432951825390223
27,8,32,15,MAFB,0.06360398811417438
27,8,32,16,OSBP2,0.06324149961414076
27,8,32,17,SNCA,0.06145718837644433
27,8,32,18,AHSP,0.06034933219845796
27,8,32,19,HBM,0.05977969767170786
27,8,32,20,KIAA0367,0.05855080890611874
27,8,32,21,GYPB,0.058155220697136356
27,8,32,22,EMP1,0.05806846389544173
27,8,32,23,CA1,0.054251872554563055
27,8,32,24,SPTA1,0.052802490375933
27,8,32,25,VWF,0.05250049773767483
27,8,32,26,IL8RB,0.04989259855582549
27,8,32,27,TNFSF10,0.04840421611888812
27,8,32,28,TGFBI,0.0480767119177522
27,8,32,29,GJB6,0.047439470146573376
27,8,32,30,MX1,0.04591179341342373
27,8,32,31,ADM,0.045887648927950817
27,8,32,32,RHAG,0.045175968111719964
27,16,8,1,DEFB1,0.1499332933743894
27,16,8,2,BAMBI,0.1370283068630223
27,16,8,3,GAPDHL6,0.1344263413880699
27,16,8,4,KIAA0367,0.13196698034660248
27,16,8,5,ABP1,0.1130899829845026
27,16,8,6,LOC729645,0.11278833863538192
27,16,8,7,IFI27,0.10934601529395131
27,16,8,8,LOC644936,0.10771600304323714
27,16,16,1,DEFB1,0.1499332933743894
27,16,16,2,BAMBI,0.1370283068630223
27,16,16,3,GAPDHL6,0.1344263413880699
27,16,16,4,KIAA0367,0.13196698034660248
27,16,16,5,ABP1,0.1130899829845026
27,16,16,6,LOC729645,0.11278833863538192
27,16,16,7,IFI27,0.10934601529395131
27,16,16,8,LOC644936,0.10771600304323714
27,16,16,9,LOC727908,0.10723206416722446
27,16,16,10,LGALS2,0.1048002202776588
27,16,16,11,RAP1GAP,0.10361567948321126
27,16,16,12,C1orf150,0.10302251869872785
27,16,16,13,GTSF1,0.10100051787157971
27,16,16,14,IL1B,0.09829153631995724
27,16,16,15,TEX101,0.09333520312881137
27,16,16,16,GSTM1,0.09311603610907142
27,16,32,1,DEFB1,0.1499332933743894
27,16,32,2,BAMBI,0.1370283068630223
27,16,32,3,GAPDHL6,0.1344263413880699
27,16,32,4,KIAA0367,0.13196698034660248
27,16,32,5,ABP1,0.1130899829845026
27,16,32,6,LOC729645,0.11278833863538192
27,16,32,7,IFI27,0.10934601529395131
27,16,32,8,LOC644936,0.10771600304323714
27,16,32,9,LOC727908,0.10723206416722446
27,16,32,10,LGALS2,0.1048002202776588
27,16,32,11,RAP1GAP,0.10361567948321126
27,16,32,12,C1orf150,0.10302251869872785
27,16,32,13,GTSF1,0.10100051787157971
27,16,32,14,IL1B,0.09829153631995724
27,16,32,15,TEX101,0.09333520312881137
27,16,32,16,GSTM1,0.09311603610907142
27,16,32,17,KLHL15,0.09281150651211628
27,16,32,18,PCOLCE2,0.09119445380241
27,16,32,19,LOC100132394,0.0906378846427485
27,16,32,20,LOC654055,0.09061800920812721
27,16,32,21,LAMA5,0.08831560040549502
27,16,32,22,HES4,0.0880891239313
27,16,32,23,RPS4Y2,0.0874048489525551
27,16,32,24,HBBP1,0.08632455636313034
27,16,32,25,XIST,0.08528663885336421
27,16,32,26,BEX1,0.08507944446013518
27,16,32,27,CYorf15B,0.08412559457500478
27,16,32,28,RPS4Y1,0.08411666065881689
27,16,32,29,THBS1,0.08327990046943932
27,16,32,30,LOC100133662,0.08315866184029977
27,16,32,31,EPAS1,0.08274828510530324
27,16,32,32,MX1,0.08256963895626496
28,4,8,1,TNFSF10,0.04767428722413816
28,4,8,2,VWF,0.04753061594293133
28,4,8,3,MPL,0.04167802281432884
28,4,8,4,MS4A2,0.041029626791148334
28,4,8,5,RBPMS2,0.039171230625769306
28,4,8,6,FGL2,0.038968282146647396
28,4,8,7,ESAM,0.0387371354781365
28,4,8,8,SLC45A3,0.03751338416938019
28,4,16,1,TNFSF10,0.04767428722413816
28,4,16,2,VWF,0.04753061594293133
28,4,16,3,MPL,0.04167802281432884
28,4,16,4,MS4A2,0.041029626791148334
28,4,16,5,RBPMS2,0.039171230625769306
28,4,16,6,FGL2,0.038968282146647396
28,4,16,7,ESAM,0.0387371354781365
28,4,16,8,SLC45A3,0.03751338416938019
28,4,16,9,IFIT3,0.03708828157409211
28,4,16,10,SNORD3C,0.03561490979284997
28,4,16,11,GIMAP4,0.035216868756261975
28,4,16,12,SERPINE2,0.03375356009417841
28,4,16,13,SNORD3A,0.03361490694281732
28,4,16,14,ITGA2B,0.03334887386725269
28,4,16,15,CLEC1B,0.03234841302603709
28,4,16,16,HIST1H1B,0.031225750427822555
28,4,32,1,TNFSF10,0.04767428722413816
28,4,32,2,VWF,0.04753061594293133
28,4,32,3,MPL,0.04167802281432884
28,4,32,4,MS4A2,0.041029626791148334
28,4,32,5,RBPMS2,0.039171230625769306
28,4,32,6,FGL2,0.038968282146647396
28,4,32,7,ESAM,0.0387371354781365
28,4,32,8,SLC45A3,0.03751338416938019
28,4,32,9,IFIT3,0.03708828157409211
28,4,32,10,SNORD3C,0.03561490979284997
28,4,32,11,GIMAP4,0.035216868756261975
28,4,32,12,SERPINE2,0.03375356009417841
28,4,32,13,SNORD3A,0.03361490694281732
28,4,32,14,ITGA2B,0.03334887386725269
28,4,32,15,CLEC1B,0.03234841302603709
28,4,32,16,HIST1H1B,0.031225750427822555
28,4,32,17,GATA2,0.030822993293352943
28,4,32,18,HIST1H2BG,0.030755498641582626
28,4,32,19,IFI27,0.029927003575874946
28,4,32,20,GP9,0.02985708777289238
28,4,32,21,MGC13057,0.02962417152242256
28,4,32,22,TSPAN33,0.029306713993124445
28,4,32,23,HIST1H1E,0.02922898056643171
28,4,32,24,HIST1H2AH,0.029224577053775073
28,4,32,25,SNORD3D,0.028970458170522927
28,4,32,26,RNU11,0.02893199133597916
28,4,32,27,MAFB,0.028369801448880634
28,4,32,28,CX3CR1,0.02758061691266902
28,4,32,29,RNU4-1,0.027167029132198428
28,4,32,30,PROS1,0.02716071929765422
28,4,32,31,KIAA0367,0.026329354849676433
28,4,32,32,IL8RB,0.026070009008503002
28,8,8,1,LOC644936,0.09085543953303941
28,8,8,2,EPB42,0.07335726389037639
28,8,8,3,GYPB,0.06981794704396452
28,8,8,4,SLC4A1,0.06930445375790796
28,8,8,5,IFIT1L,0.06906697658526595
28,8,8,6,DEFB1,0.06795005063332091
28,8,8,7,HBM,0.06748316065720669
28,8,8,8,AHSP,0.0653019738062762
28,8,16,1,LOC644936,0.09085543953303941
28,8,16,2,EPB42,0.07335726389037639
28,8,16,3,GYPB,0.06981794704396452
28,8,16,4,SLC4A1,0.06930445375790796
28,8,16,5,IFIT1L,0.06906697658526595
28,8,16,6,DEFB1,0.06795005063332091
28,8,16,7,HBM,0.06748316065720669
28,8,16,8,AHSP,0.0653019738062762
28,8,16,9,SPTA1,0.06396105054577983
28,8,16,10,OSBP2,0.062416331826749605
28,8,16,11,CA1,0.06231388275459875
28,8,16,12,HIST2H2BF,0.060658535438215644
28,8,16,13,RHAG,0.059846173452015046
28,8,16,14,LAMA5,0.05866420402146183
28,8,16,15,TNFSF10,0.057390292727360445
28,8,16,16,RAP1GAP,0.057105999297047676
28,8,32,1,LOC644936,0.09085543953303941
28,8,32,2,EPB42,0.07335726389037639
28,8,32,3,GYPB,0.06981794704396452
28,8,32,4,SLC4A1,0.06930445375790796
28,8,32,5,IFIT1L,0.06906697658526595
28,8,32,6,DEFB1,0.06795005063332091
28,8,32,7,HBM,0.06748316065720669
28,8,32,8,AHSP,0.0653019738062762
28,8,32,9,SPTA1,0.06396105054577983
28,8,32,10,OSBP2,0.062416331826749605
28,8,32,11,CA1,0.06231388275459875
28,8,32,12,HIST2H2BF,0.060658535438215644
28,8,32,13,RHAG,0.059846173452015046
28,8,32,14,LAMA5,0.05866420402146183
28,8,32,15,TNFSF10,0.057390292727360445
28,8,32,16,RAP1GAP,0.057105999297047676
28,8,32,17,KIAA0367,0.05649790200783678
28,8,32,18,MAFB,0.056382546319645975
28,8,32,19,VWF,0.05451570473954166
28,8,32,20,ADM,0.052380278889849766
28,8,32,21,IL8RB,0.05218453965662039
28,8,32,22,IFI27,0.05165217607826941
28,8,32,23,TNFRSF21,0.05049047918544747
28,8,32,24,TGFBI,0.050026629043230145
28,8,32,25,IFIT2,0.04999386538192967
28,8,32,26,LOC653610,0.04935732815413617
28,8,32,27,IFIT3,0.048710546470296774
28,8,32,28,NEU4,0.04733664275868581
28,8,32,29,PI3,0.04674326178495148
28,8,32,30,CD83,0.04642000155655516
28,8,32,31,VCAN,0.04593755935508992
28,8,32,32,TNFAIP3,0.04588467744046495
28,16,8,1,GSTM1,0.13017131352268957
28,16,8,2,DEFB1,0.1282679576106894
28,16,8,3,HLA-A29.1,0.12816973719490482
28,16,8,4,LOC644936,0.1276601628959968
28,16,8,5,IFI27,0.12158658847806197
28,16,8,6,LOC100132394,0.11518400160426168
28,16,8,7,GAPDHL6,0.11506640262935934
28,16,8,8,RAP1GAP,0.11290656456674449
28,16,16,1,GSTM1,0.13017131352268957
28,16,16,2,DEFB1,0.1282679576106894
28,16,16,3,HLA-A29.1,0.12816973719490482
28,16,16,4,LOC644936,0.1276601628959968
28,16,16,5,IFI27,0.12158658847806197
28,16,16,6,LOC100132394,0.11518400160426168
28,16,16,7,GAPDHL6,0.11506640262935934
28,16,16,8,RAP1GAP,0.11290656456674449
28,16,16,9,C1orf150,0.11289703571441176
28,16,16,10,LOC100133875,0.11152129164574062
28,16,16,11,KLHL15,0.10481695772232082
28,16,16,12,KIAA0367,0.1046700871788933
28,16,16,13,RPS4Y2,0.10165724916475774
28,16,16,14,PI3,0.10083781161072956
28,16,16,15,LOC654055,0.09899176063137007
28,16,16,16,LILRA3,0.09749759468151996
28,16,32,1,GSTM1,0.13017131352268957
28,16,32,2,DEFB1,0.1282679576106894
28,16,32,3,HLA-A29.1,0.12816973719490482
28,16,32,4,LOC644936,0.1276601628959968
28,16,32,5,IFI27,0.12158658847806197
28,16,32,6,LOC100132394,0.11518400160426168
28,16,32,7,GAPDHL6,0.11506640262935934
28,16,32,8,RAP1GAP,0.11290656456674449
28,16,32,9,C1orf150,0.11289703571441176
28,16,32,10,LOC100133875,0.11152129164574062
28,16,32,11,KLHL15,0.10481695772232082
28,16,32,12,KIAA0367,0.1046700871788933
28,16,32,13,RPS4Y2,0.10165724916475774
28,16,32,14,PI3,0.10083781161072956
28,16,32,15,LOC654055,0.09899176063137007
28,16,32,16,LILRA3,0.09749759468151996
28,16,32,17,LOC727908,0.09734511415142127
28,16,32,18,IL1B,0.09717214479307043
28,16,32,19,KIAA1324,0.09467885675700029
28,16,32,20,TPSAB1,0.0941668878252037
28,16,32,21,RPS4Y1,0.09362263142067685
28,16,32,22,HES4,0.09335936669093946
28,16,32,23,VCAN,0.0932624583275948
28,16,32,24,FPR2,0.09264154156964234
28,16,32,25,XIST,0.09244950585752229
28,16,32,26,SPTA1,0.09222929578521052
28,16,32,27,IFIT1L,0.09182802901749616
28,16,32,28,LOC100133662,0.09102244390163383
28,16,32,29,CYorf15A,0.09079858256407644
28,16,32,30,THBS1,0.09073364932799993
28,16,32,31,SLC4A1,0.09066422782158047
28,16,32,32,BEX1,0.0905554119190419
29,4,8,1,VWF,0.05022548295480986
29,4,8,2,ESAM,0.04190226507462987
29,4,8,3,RBPMS2,0.04181003083788906
29,4,8,4,VCAN,0.04163615549833936
29,4,8,5,ITGB3,0.03822236337448059
29,4,8,6,MAFB,0.037175003080003086
29,4,8,7,CLEC1B,0.035278670539743935
29,4,8,8,TGFBI,0.034971869743077706
29,4,16,1,VWF,0.05022548295480986
29,4,16,2,ESAM,0.04190226507462987
29,4,16,3,RBPMS2,0.04181003083788906
29,4,16,4,VCAN,0.04163615549833936
29,4,16,5,ITGB3,0.03822236337448059
29,4,16,6,MAFB,0.037175003080003086
29,4,16,7,CLEC1B,0.035278670539743935
29,4,16,8,TGFBI,0.034971869743077706
29,4,16,9,SPTA1,0.034490550155727356
29,4,16,10,SERPINE2,0.0322309355761117
29,4,16,11,ITGA2B,0.03203453420380285
29,4,16,12,HIST1H4E,0.03133044232747322
29,4,16,13,TNFSF10,0.029653903715566945
29,4,16,14,KIAA0367,0.029418773151714876
29,4,16,15,HIST2H3A,0.029199158911665055
29,4,16,16,FGL2,0.029085874283148377
29,4,32,1,VWF,0.05022548295480986
29,4,32,2,ESAM,0.04190226507462987
29,4,32,3,RBPMS2,0.04181003083788906
29,4,32,4,VCAN,0.04163615549833936
29,4,32,5,ITGB3,0.03822236337448059
29,4,32,6,MAFB,0.037175003080003086
29,4,32,7,CLEC1B,0.035278670539743935
29,4,32,8,TGFBI,0.034971869743077706
29,4,32,9,SPTA1,0.034490550155727356
29,4,32,10,SERPINE2,0.0322309355761117
29,4,32,11,ITGA2B,0.03203453420380285
29,4,32,12,HIST1H4E,0.03133044232747322
29,4,32,13,TNFSF10,0.029653903715566945
29,4,32,14,KIAA0367,0.029418773151714876
29,4,32,15,HIST2H3A,0.029199158911665055
29,4,32,16,FGL2,0.029085874283148377
29,4,32,17,HIST1H1E,0.02811350347862243
29,4,32,18,TSPAN9,0.027349101382996874
29,4,32,19,HBM,0.02727588991676379
29,4,32,20,HIST1H2AH,0.027185069177923446
29,4,32,21,HIST1H2AM,0.02705240813078921
29,4,32,22,TSPAN33,0.026935192945852043
29,4,32,23,CA1,0.026812612509270497
29,4,32,24,IL8RB,0.02678714203444273
29,4,32,25,HIST1H1B,0.026343724362569272
29,4,32,26,MGC13057,0.026150248129349737
29,4,32,27,SNORD3C,0.02598642680672529
29,4,32,28,RHAG,0.025972727371993774
29,4,32,29,RRM2,0.025808223017713253
29,4,32,30,RNU1F1,0.025628309635000752
29,4,32,31,HIST2H3C,0.025280366483462893
29,4,32,32,RNU1A3,0.025249296970710832
29,8,8,1,DEFB1,0.09266272334776299
29,8,8,2,SNCA,0.059223531276335284
29,8,8,3,SELENBP1,0.05851917681068585
29,8,8,4,BAMBI,0.058346057030236355
29,8,8,5,SPTA1,0.05827030579683675
29,8,8,6,VWF,0.05804446678996282
29,8,8,7,XIST,0.0577059011425038
29,8,8,8,EPB42,0.056192529489651775
29,8,16,1,DEFB1,0.09266272334776299
29,8,16,2,SNCA,0.059223531276335284
29,8,16,3,SELENBP1,0.05851917681068585
29,8,16,4,BAMBI,0.058346057030236355
29,8,16,5,SPTA1,0.05827030579683675
29,8,16,6,VWF,0.05804446678996282
29,8,16,7,XIST,0.0577059011425038
29,8,16,8,EPB42,0.056192529489651775
29,8,16,9,SLC4A1,0.05616394143927128
29,8,16,10,GYPB,0.055706961478769634
29,8,16,11,CYorf15A,0.05540224293313293
29,8,16,12,TREM1,0.054997606559672764
29,8,16,13,CA1,0.05478041300096451
29,8,16,14,AHSP,0.053181949228385435
29,8,16,15,HBM,0.05277366873532534
29,8,16,16,OSBP2,0.0524462980934505
29,8,32,1,DEFB1,0.09266272334776299
29,8,32,2,SNCA,0.059223531276335284
29,8,32,3,SELENBP1,0.05851917681068585
29,8,32,4,BAMBI,0.058346057030236355
29,8,32,5,SPTA1,0.05827030579683675
29,8,32,6,VWF,0.05804446678996282
29,8,32,7,XIST,0.0577059011425038
29,8,32,8,EPB42,0.056192529489651775
29,8,32,9,SLC4A1,0.05616394143927128
29,8,32,10,GYPB,0.055706961478769634
29,8,32,11,CYorf15A,0.05540224293313293
29,8,32,12,TREM1,0.054997606559672764
29,8,32,13,CA1,0.05478041300096451
29,8,32,14,AHSP,0.053181949228385435
29,8,32,15,HBM,0.05277366873532534
29,8,32,16,OSBP2,0.0524462980934505
29,8,32,17,IFIT1L,0.05218071624638371
29,8,32,18,RAP1GAP,0.051947791875568715
29,8,32,19,RHAG,0.05165507435766684
29,8,32,20,TMCC2,0.051028199502603226
29,8,32,21,SERPINE2,0.05059554664593056
29,8,32,22,IL8RB,0.05013348797907939
29,8,32,23,TNFSF10,0.04995147443488549
29,8,32,24,ADM,0.04909454546123585
29,8,32,25,MAFB,0.04864577154758408
29,8,32,26,HOXA5,0.04864032923513283
29,8,32,27,GJB6,0.048234894066820744
29,8,32,28,HES4,0.04807265038167206
29,8,32,29,C15orf48,0.04802563561523249
29,8,32,30,PHACTR1,0.0471484853441756
29,8,32,31,ITGB3,0.04621665342524887
29,8,32,32,TGFBI,0.04604804729714058
29,16,8,1,DEFB1,0.186827987738057
29,16,8,2,BAMBI,0.15256202200440377
29,16,8,3,HLA-A29.1,0.13842240284022214
29,16,8,4,GSTM1,0.13653313788859905
29,16,8,5,LOC727908,0.13476129831365766
29,16,8,6,GTSF1,0.13079229477033083
29,16,8,7,LOC654055,0.12944783061865156
29,16,8,8,GAPDHL6,0.12538097025543266
29,16,16,1,DEFB1,0.186827987738057
29,16,16,2,BAMBI,0.15256202200440377
29,16,16,3,HLA-A29.1,0.13842240284022214
29,16,16,4,GSTM1,0.13653313788859905
29,16,16,5,LOC727908,0.13476129831365766
29,16,16,6,GTSF1,0.13079229477033083
29,16,16,7,LOC654055,0.12944783061865156
29,16,16,8,GAPDHL6,0.12538097025543266
29,16,16,9,LOC100133875,0.11788496261371227
29,16,16,10,KIAA0367,0.11072315954718581
29,16,16,11,LOC729645,0.10811507797200165
29,16,16,12,LOC644936,0.1071170383745585
29,16,16,13,LILRA3,0.1051289945864067
29,16,16,14,LOC100132394,0.10144001696684102
29,16,16,15,C1orf150,0.10088933454449212
29,16,16,16,RPS4Y2,0.0973419445694731
29,16,32,1,DEFB1,0.186827987738057
29,16,32,2,BAMBI,0.15256202200440377
29,16,32,3,HLA-A29.1,0.13842240284022214
29,16,32,4,GSTM1,0.13653313788859905
29,16,32,5,LOC727908,0.13476129831365766
29,16,32,6,GTSF1,0.13079229477033083
29,16,32,7,LOC654055,0.12944783061865156
29,16,32,8,GAPDHL6,0.12538097025543266
29,16,32,9,LOC100133875,0.11788496261371227
29,16,32,10,KIAA0367,0.11072315954718581
29,16,32,11,LOC729645,0.10811507797200165
29,16,32,12,LOC644936,0.1071170383745585
29,16,32,13,LILRA3,0.1051289945864067
29,16,32,14,LOC100132394,0.10144001696684102
29,16,32,15,C1orf150,0.10088933454449212
29,16,32,16,RPS4Y2,0.0973419445694731
29,16,32,17,TPSAB1,0.09601315898610042
29,16,32,18,XIST,0.0956763770836775
29,16,32,19,RPS4Y1,0.09362576732896877
29,16,32,20,CYorf15A,0.0931957709519853
29,16,32,21,ABP1,0.09275067765838527
29,16,32,22,PI3,0.09195449177547749
29,16,32,23,LGALS2,0.09078139524773801
29,16,32,24,RAP1GAP,0.08934720428860339
29,16,32,25,CLEC11A,0.08896445318306286
29,16,32,26,TMEM176A,0.0889238198239171
29,16,32,27,LOC100133662,0.08889281271261362
29,16,32,28,EIF1AY,0.08825093649966666
29,16,32,29,KLHL15,0.0879896466634618
29,16,32,30,THBS1,0.08649415709640863
29,16,32,31,LOC100133583,0.08547360120855926
29,16,32,32,IFIT2,0.08516239490750618
30,4,8,1,MMRN1,0.051016860390407884
30,4,8,2,GIMAP4,0.03872578636427576
30,4,8,3,VWF,0.03669655087155117
30,4,8,4,GJB6,0.035949688097372985
30,4,8,5,PHACTR1,0.0356948010647008
30,4,8,6,TNFSF10,0.03460185090250131
30,4,8,7,MPL,0.03423483274562376
30,4,8,8,MAFB,0.034027690316272945
30,4,16,1,MMRN1,0.051016860390407884
30,4,16,2,GIMAP4,0.03872578636427576
30,4,16,3,VWF,0.03669655087155117
30,4,16,4,GJB6,0.035949688097372985
30,4,16,5,PHACTR1,0.0356948010647008
30,4,16,6,TNFSF10,0.03460185090250131
30,4,16,7,MPL,0.03423483274562376
30,4,16,8,MAFB,0.034027690316272945
30,4,16,9,CLEC1B,0.03259288653413349
30,4,16,10,ESAM,0.03208727843311464
30,4,16,11,THBS1,0.031698813145469615
30,4,16,12,HIST1H2AM,0.03100751013807585
30,4,16,13,RBPMS2,0.030896216457989595
30,4,16,14,ITGA2B,0.029949766467702168
30,4,16,15,DDIT4,0.029355634520116053
30,4,16,16,C15orf48,0.02920308054182272
30,4,32,1,MMRN1,0.051016860390407884
30,4,32,2,GIMAP4,0.03872578636427576
30,4,32,3,VWF,0.03669655087155117
30,4,32,4,GJB6,0.035949688097372985
30,4,32,5,PHACTR1,0.0356948010647008
30,4,32,6,TNFSF10,0.03460185090250131
30,4,32,7,MPL,0.03423483274562376
30,4,32,8,MAFB,0.034027690316272945
30,4,32,9,CLEC1B,0.03259288653413349
30,4,32,10,ESAM,0.03208727843311464
30,4,32,11,THBS1,0.031698813145469615
30,4,32,12,HIST1H2AM,0.03100751013807585
30,4,32,13,RBPMS2,0.030896216457989595
30,4,32,14,ITGA2B,0.029949766467702168
30,4,32,15,DDIT4,0.029355634520116053
30,4,32,16,C15orf48,0.02920308054182272
30,4,32,17,CX3CR1,0.029056572692550183
30,4,32,18,PRAGMIN,0.028881745292634813
30,4,32,19,PROS1,0.02887831192584863
30,4,32,20,HIST1H4E,0.028756732576012748
30,4,32,21,LOC100133875,0.028497069546786033
30,4,32,22,GADD45B,0.02837163862375285
30,4,32,23,HIST2H3A,0.028064791666855705
30,4,32,24,CXCL2,0.02792563105346539
30,4,32,25,HIST2H3C,0.027712280202809626
30,4,32,26,ADM,0.02766096626374686
30,4,32,27,MS4A2,0.0276609514188753
30,4,32,28,C1orf186,0.027468228524924837
30,4,32,29,SNORD3C,0.027445972235768484
30,4,32,30,LOC653610,0.027228601110826957
30,4,32,31,LOC100133583,0.02684585351074128
30,4,32,32,LILRA3,0.026788288662137838
30,8,8,1,DEFB1,0.08741460777750058
30,8,8,2,LOC644936,0.07267820742260563
30,8,8,3,IL1B,0.07044241983384701
30,8,8,4,IFI27,0.06569373040898759
30,8,8,5,VCAN,0.06543494032525145
30,8,8,6,KIAA0367,0.06509268339841186
30,8,8,7,GTSF1,0.06213917877857033
30,8,8,8,LAMA5,0.06179695813214106
30,8,16,1,DEFB1,0.08741460777750058
30,8,16,2,LOC644936,0.07267820742260563
30,8,16,3,IL1B,0.07044241983384701
30,8,16,4,IFI27,0.06569373040898759
30,8,16,5,VCAN,0.06543494032525145
30,8,16,6,KIAA0367,0.06509268339841186
30,8,16,7,GTSF1,0.06213917877857033
30,8,16,8,LAMA5,0.06179695813214106
30,8,16,9,KLHL15,0.06106849285895649
30,8,16,10,OSM,0.06094464970049796
30,8,16,11,LGALS2,0.059833350041801285
30,8,16,12,CDC20,0.05784956345817071
30,8,16,13,MMRN1,0.057700676445882074
30,8,16,14,ALOX12,0.05505200844256427
30,8,16,15,HIST2H2BF,0.053442580483682264
30,8,16,16,ORM2,0.05241483347571762
30,8,32,1,DEFB1,0.08741460777750058
30,8,32,2,LOC644936,0.07267820742260563
30,8,32,3,IL1B,0.07044241983384701
30,8,32,4,IFI27,0.06569373040898759
30,8,32,5,VCAN,0.06543494032525145
30,8,32,6,KIAA0367,0.06509268339841186
30,8,32,7,GTSF1,0.06213917877857033
30,8,32,8,LAMA5,0.06179695813214106
30,8,32,9,KLHL15,0.06106849285895649
30,8,32,10,OSM,0.06094464970049796
30,8,32,11,LGALS2,0.059833350041801285
30,8,32,12,CDC20,0.05784956345817071
30,8,32,13,MMRN1,0.057700676445882074
30,8,32,14,ALOX12,0.05505200844256427
30,8,32,15,HIST2H2BF,0.053442580483682264
30,8,32,16,ORM2,0.05241483347571762
30,8,32,17,DLGAP5,0.04971038330016218
30,8,32,18,ADM,0.04940967694592312
30,8,32,19,TMEM140,0.04925926148130982
30,8,32,20,LILRA3,0.048089156160210485
30,8,32,21,LOC100133875,0.04763771291044031
30,8,32,22,TACSTD2,0.04696724661012673
30,8,32,23,TNFSF10,0.046805413876547415
30,8,32,24,XIST,0.046761047692319306
30,8,32,25,TGFBI,0.046505013810077184
30,8,32,26,VWF,0.04625735039301067
30,8,32,27,HBM,0.045791442316757726
30,8,32,28,LTF,0.04496372207744138
30,8,32,29,IFIT1L,0.04481827028268474
30,8,32,30,C1orf186,0.04450287911863385
30,8,32,31,MAFB,0.04450278332953121
30,8,32,32,DDIT4,0.04397233806580185
30,16,8,1,BAMBI,0.1467999478276153
30,16,8,2,LOC100133875,0.1465324706863656
30,16,8,3,GAPDHL6,0.14346583728310305
30,16,8,4,IFI27,0.1406666208159208
30,16,8,5,DEFB1,0.1406621400529138
30,16,8,6,LILRA3,0.12197255064361788
30,16,8,7,KIAA0367,0.11961406128507326
30,16,8,8,GTSF1,0.11835674849832407
30,16,16,1,BAMBI,0.1467999478276153
30,16,16,2,LOC100133875,0.1465324706863656
30,16,16,3,GAPDHL6,0.14346583728310305
30,16,16,4,IFI27,0.1406666208159208
30,16,16,5,DEFB1,0.1406621400529138
30,16,16,6,LILRA3,0.12197255064361788
30,16,16,7,KIAA0367,0.11961406128507326
30,16,16,8,GTSF1,0.11835674849832407
30,16,16,9,HLA-A29.1,0.1182364456082834
30,16,16,10,THBS1,0.11724998910162947
30,16,16,11,LOC644936,0.11553418596352677
30,16,16,12,OSM,0.11495977735182379
30,16,16,13,GSTM1,0.11017362552631411
30,16,16,14,LOC654055,0.10813174944209057
30,16,16,15,ABP1,0.10667254931506208
30,16,16,16,TEX101,0.10385493008012066
30,16,32,1,BAMBI,0.1467999478276153
30,16,32,2,LOC100133875,0.1465324706863656
30,16,32,3,GAPDHL6,0.14346583728310305
30,16,32,4,IFI27,0.1406666208159208
30,16,32,5,DEFB1,0.1406621400529138
30,16,32,6,LILRA3,0.12197255064361788
30,16,32,7,KIAA0367,0.11961406128507326
30,16,32,8,GTSF1,0.11835674849832407
30,16,32,9,HLA-A29.1,0.1182364456082834
30,16,32,10,THBS1,0.11724998910162947
30,16,32,11,LOC644936,0.11553418596352677
30,16,32,12,OSM,0.11495977735182379
30,16,32,13,GSTM1,0.11017362552631411
30,16,32,14,LOC654055,0.10813174944209057
30,16,32,15,ABP1,0.10667254931506208
30,16,32,16,TEX101,0.10385493008012066
30,16,32,17,LGALS2,0.10296937915828441
30,16,32,18,TMEM176A,0.10134355939101183
30,16,32,19,IL1B,0.0963513278672181
30,16,32,20,HLA-DRB5,0.09525572838688881
30,16,32,21,LAMA5,0.09379804642461717
30,16,32,22,EPAS1,0.09305259000470457
30,16,32,23,CXCL2,0.09098515472182377
30,16,32,24,LOC727908,0.0901348746548495
30,16,32,25,RGS1,0.08790247547485511
30,16,32,26,VCAN,0.08702910461977323
30,16,32,27,IFIT1L,0.08522400743021562
30,16,32,28,RAP1GAP,0.08507684635786919
30,16,32,29,SLC4A1,0.08499454942252531
30,16,32,30,KLHL15,0.08388940722640793
30,16,32,31,EPB42,0.08385252502575857
30,16,32,32,C16orf75,0.08335886596045411
31,4,8,1,VWF,0.047619248375737805
31,4,8,2,ESAM,0.04143776399888911
31,4,8,3,MPL,0.04089964578184427
31,4,8,4,TNFSF10,0.04016596355214892
31,4,8,5,FGL2,0.03868625593816299
31,4,8,6,ITGA2B,0.038297354983580785
31,4,8,7,RBPMS2,0.03780938150448933
31,4,8,8,PROS1,0.036063396852119595
31,4,16,1,VWF,0.047619248375737805
31,4,16,2,ESAM,0.04143776399888911
31,4,16,3,MPL,0.04089964578184427
31,4,16,4,TNFSF10,0.04016596355214892
31,4,16,5,FGL2,0.03868625593816299
31,4,16,6,ITGA2B,0.038297354983580785
31,4,16,7,RBPMS2,0.03780938150448933
31,4,16,8,PROS1,0.036063396852119595
31,4,16,9,CLEC1B,0.03499831468798892
31,4,16,10,MS4A2,0.0344538016943475
31,4,16,11,TSPAN33,0.0331588340119537
31,4,16,12,SLC45A3,0.03275827477666595
31,4,16,13,SERPINE2,0.03212913682221625
31,4,16,14,ITGB3,0.031599742592327035
31,4,16,15,GP9,0.03130669858634366
31,4,16,16,C1orf186,0.03093714227158288
31,4,32,1,VWF,0.047619248375737805
31,4,32,2,ESAM,0.04143776399888911
31,4,32,3,MPL,0.04089964578184427
31,4,32,4,TNFSF10,0.04016596355214892
31,4,32,5,FGL2,0.03868625593816299
31,4,32,6,ITGA2B,0.038297354983580785
31,4,32,7,RBPMS2,0.03780938150448933
31,4,32,8,PROS1,0.036063396852119595
31,4,32,9,CLEC1B,0.03499831468798892
31,4,32,10,MS4A2,0.0344538016943475
31,4,32,11,TSPAN33,0.0331588340119537
31,4,32,12,SLC45A3,0.03275827477666595
31,4,32,13,SERPINE2,0.03212913682221625
31,4,32,14,ITGB3,0.031599742592327035
31,4,32,15,GP9,0.03130669858634366
31,4,32,16,C1orf186,0.03093714227158288
31,4,32,17,MAFB,0.03054656424613737
31,4,32,18,GIMAP4,0.02973150359904953
31,4,32,19,HIST1H4E,0.029707288011974906
31,4,32,20,PRAGMIN,0.028797452810685374
31,4,32,21,GIMAP8,0.028649154077902528
31,4,32,22,SNORD3A,0.02848381067338205
31,4,32,23,SNORD3C,0.02832685518444229
31,4,32,24,HIST1H2AH,0.028060045126928373
31,4,32,25,C16orf75,0.02790165379136478
31,4,32,26,CX3CR1,0.02769345649290881
31,4,32,27,HIST1H2AM,0.027465245757786406
31,4,32,28,MGC13057,0.02663297449699089
31,4,32,29,HIST2H3A,0.02632622673500313
31,4,32,30,VCAN,0.026072631326481435
31,4,32,31,KIAA0367,0.02590611003173743
31,4,32,32,MX1,0.02580245618860042
31,8,8,1,DEFB1,0.08377691415683305
31,8,8,2,KIAA0367,0.07865674388817907
31,8,8,3,LOC644936,0.068208029119846
31,8,8,4,GYPB,0.062127702350064457
31,8,8,5,EPB42,0.06082804925488686
31,8,8,6,TMCC2,0.06067591905337823
31,8,8,7,HBM,0.059466677945350536
31,8,8,8,SLC4A1,0.05929517649699778
31,8,16,1,DEFB1,0.08377691415683305
31,8,16,2,KIAA0367,0.07865674388817907
31,8,16,3,LOC644936,0.068208029119846
31,8,16,4,GYPB,0.062127702350064457
31,8,16,5,EPB42,0.06082804925488686
31,8,16,6,TMCC2,0.06067591905337823
31,8,16,7,HBM,0.059466677945350536
31,8,16,8,SLC4A1,0.05929517649699778
31,8,16,9,SELENBP1,0.05899697780363284
31,8,16,10,IFIT1L,0.05861748604588498
31,8,16,11,PCOLCE2,0.057775700793173734
31,8,16,12,CA1,0.05718732639756178
31,8,16,13,AHSP,0.056998043315416684
31,8,16,14,OSBP2,0.056988592386770696
31,8,16,15,ADM,0.056134594719345364
31,8,16,16,IFI27,0.05560653201928451
31,8,32,1,DEFB1,0.08377691415683305
31,8,32,2,KIAA0367,0.07865674388817907
31,8,32,3,LOC644936,0.068208029119846
31,8,32,4,GYPB,0.062127702350064457
31,8,32,5,EPB42,0.06082804925488686
31,8,32,6,TMCC2,0.06067591905337823
31,8,32,7,HBM,0.059466677945350536
31,8,32,8,SLC4A1,0.05929517649699778
31,8,32,9,SELENBP1,0.05899697780363284
31,8,32,10,IFIT1L,0.05861748604588498
31,8,32,11,PCOLCE2,0.057775700793173734
31,8,32,12,CA1,0.05718732639756178
31,8,32,13,AHSP,0.056998043315416684
31,8,32,14,OSBP2,0.056988592386770696
31,8,32,15,ADM,0.056134594719345364
31,8,32,16,IFI27,0.05560653201928451
31,8,32,17,VWF,0.05520609608328306
31,8,32,18,SPTA1,0.05500037091800521
31,8,32,19,RHAG,0.053388494443173326
31,8,32,20,RAP1GAP,0.05325465967369615
31,8,32,21,GSTM1,0.05021275343653614
31,8,32,22,IL8RB,0.049142833500544526
31,8,32,23,C16orf75,0.04897113004310458
31,8,32,24,LOC653610,0.04826915562038636
31,8,32,25,TNFSF10,0.048245056333084284
31,8,32,26,TGFBI,0.04664791631070901
31,8,32,27,FGL2,0.04614032810595814
31,8,32,28,G0S2,0.045495175612955074
31,8,32,29,BEX1,0.045302885404455415
31,8,32,30,MAFB,0.04505475893630945
31,8,32,31,HIST2H2BF,0.04485013683320458
31,8,32,32,IFIT2,0.044408896466422945
31,16,8,1,HLA-A29.1,0.17359952249566585
31,16,8,2,GTSF1,0.16745064534311005
31,16,8,3,DEFB1,0.14588475131167036
31,16,8,4,LOC727908,0.14542341501409595
31,16,8,5,BAMBI,0.14499476666379907
31,16,8,6,LOC100133875,0.1257164761646835
31,16,8,7,LOC644936,0.12334485230800099
31,16,8,8,KIAA0367,0.11872584281832445
31,16,16,1,HLA-A29.1,0.17359952249566585
31,16,16,2,GTSF1,0.16745064534311005
31,16,16,3,DEFB1,0.14588475131167036
31,16,16,4,LOC727908,0.14542341501409595
31,16,16,5,BAMBI,0.14499476666379907
31,16,16,6,LOC100133875,0.1257164761646835
31,16,16,7,LOC644936,0.12334485230800099
31,16,16,8,KIAA0367,0.11872584281832445
31,16,16,9,LOC654055,0.11618844650940202
31,16,16,10,GSTM1,0.10824161890320569
31,16,16,11,LILRA3,0.1065638244371897
31,16,16,12,HBBP1,0.10590997777408692
31,16,16,13,LGALS2,0.10398367777540127
31,16,16,14,ABP1,0.1032828874378518
31,16,16,15,GAPDHL6,0.10068605339659716
31,16,16,16,LOC100132394,0.09944902757272825
31,16,32,1,HLA-A29.1,0.17359952249566585
31,16,32,2,GTSF1,0.16745064534311005
31,16,32,3,DEFB1,0.14588475131167036
31,16,32,4,LOC727908,0.14542341501409595
31,16,32,5,BAMBI,0.14499476666379907
31,16,32,6,LOC100133875,0.1257164761646835
31,16,32,7,LOC644936,0.12334485230800099
31,16,32,8,KIAA0367,0.11872584281832445
31,16,32,9,LOC654055,0.11618844650940202
31,16,32,10,GSTM1,0.10824161890320569
31,16,32,11,LILRA3,0.1065638244371897
31,16,32,12,HBBP1,0.10590997777408692
31,16,32,13,LGALS2,0.10398367777540127
31,16,32,14,ABP1,0.1032828874378518
31,16,32,15,GAPDHL6,0.10068605339659716
31,16,32,16,LOC100132394,0.09944902757272825
31,16,32,17,LOC100008588,0.09761166827160672
31,16,32,18,PI3,0.09739646187089579
31,16,32,19,RPS4Y2,0.09270432269099864
31,16,32,20,PCOLCE2,0.09080928282543466
31,16,32,21,TEX101,0.08871852497661427
31,16,32,22,RAP1GAP,0.08768232925039172
31,16,32,23,CLEC11A,0.0866814836305355
31,16,32,24,XIST,0.08664524040035086
31,16,32,25,IL1B,0.08624456121809808
31,16,32,26,HLA-DRB1,0.08602050493380374
31,16,32,27,EPAS1,0.08342378673124655
31,16,32,28,C1orf150,0.08332363625310285
31,16,32,29,VCAN,0.0825035366281214
31,16,32,30,C1orf186,0.08246166002990041
31,16,32,31,NEU4,0.08232263912110543
31,16,32,32,TMEM176A,0.08148356663594117
32,4,8,1,VWF,0.04680737323522039
32,4,8,2,MPL,0.04223095797859079
32,4,8,3,SERPINE2,0.03838751507175021
32,4,8,4,RBPMS2,0.03724609396060078
32,4,8,5,MX1,0.03713988235178797
32,4,8,6,MS4A2,0.03594401453167985
32,4,8,7,ESAM,0.035311298403807784
32,4,8,8,C1orf186,0.03457336375320058
32,4,16,1,VWF,0.04680737323522039
32,4,16,2,MPL,0.04223095797859079
32,4,16,3,SERPINE2,0.03838751507175021
32,4,16,4,RBPMS2,0.03724609396060078
32,4,16,5,MX1,0.03713988235178797
32,4,16,6,MS4A2,0.03594401453167985
32,4,16,7,ESAM,0.035311298403807784
32,4,16,8,C1orf186,0.03457336375320058
32,4,16,9,HIST1H4E,0.03328670807900892
32,4,16,10,TNFSF10,0.03259173624150621
32,4,16,11,HIST1H2AH,0.031474328378514646
32,4,16,12,FGL2,0.030569459939187114
32,4,16,13,ITGA2B,0.030252462756728448
32,4,16,14,MAFB,0.029522845083444046
32,4,16,15,TSPAN33,0.028855023534121383
32,4,16,16,CLEC1B,0.02786286650440578
32,4,32,1,VWF,0.04680737323522039
32,4,32,2,MPL,0.04223095797859079
32,4,32,3,SERPINE2,0.03838751507175021
32,4,32,4,RBPMS2,0.03724609396060078
32,4,32,5,MX1,0.03713988235178797
32,4,32,6,MS4A2,0.03594401453167985
32,4,32,7,ESAM,0.035311298403807784
32,4,32,8,C1orf186,0.03457336375320058
32,4,32,9,HIST1H4E,0.03328670807900892
32,4,32,10,TNFSF10,0.03259173624150621
32,4,32,11,HIST1H2AH,0.031474328378514646
32,4,32,12,FGL2,0.030569459939187114
32,4,32,13,ITGA2B,0.030252462756728448
32,4,32,14,MAFB,0.029522845083444046
32,4,32,15,TSPAN33,0.028855023534121383
32,4,32,16,CLEC1B,0.02786286650440578
32,4,32,17,HIST1H1B,0.02731260235533491
32,4,32,18,HIST1H2BG,0.02709208155812018
32,4,32,19,IL8RB,0.026939283003695094
32,4,32,20,HOXA5,0.02684014821274506
32,4,32,21,DEFA4,0.026533240630836567
32,4,32,22,LOC728835,0.026465012767050575
32,4,32,23,HIST1H1E,0.026342844262629596
32,4,32,24,GP9,0.02615652100528399
32,4,32,25,GIMAP4,0.02578968068062571
32,4,32,26,SNORD3C,0.025667230029847644
32,4,32,27,CSF1R,0.025524922669630322
32,4,32,28,HIST2H3A,0.025269564382891203
32,4,32,29,PROS1,0.02513714474288293
32,4,32,30,SLC45A3,0.0249363508566755
32,4,32,31,HBM,0.02464548635314498
32,4,32,32,CCL4L1,0.02431756592616952
32,8,8,1,KIAA0367,0.06994151885916007
32,8,8,2,SPTA1,0.06912451735340791
32,8,8,3,GYPB,0.0686814733420536
32,8,8,4,EPB42,0.06348108169981709
32,8,8,5,SLC4A1,0.06251144679642365
32,8,8,6,VCAN,0.0620416965109723
32,8,8,7,HBM,0.06154636023514803
32,8,8,8,MAFB,0.06070527046786157
32,8,16,1,KIAA0367,0.06994151885916007
32,8,16,2,SPTA1,0.06912451735340791
32,8,16,3,GYPB,0.0686814733420536
32,8,16,4,EPB42,0.06348108169981709
32,8,16,5,SLC4A1,0.06251144679642365
32,8,16,6,VCAN,0.0620416965109723
32,8,16,7,HBM,0.06154636023514803
32,8,16,8,MAFB,0.06070527046786157
32,8,16,9,CA1,0.059834843981975014
32,8,16,10,GAPDHL6,0.057701230879478475
32,8,16,11,AHSP,0.057605499527114384
32,8,16,12,IFIT1L,0.056723426889872405
32,8,16,13,RHAG,0.055172881823275795
32,8,16,14,CDC20,0.05452697999581379
32,8,16,15,LOC644936,0.054070997111904974
32,8,16,16,ABP1,0.053523059056161296
32,8,32,1,KIAA0367,0.06994151885916007
32,8,32,2,SPTA1,0.06912451735340791
32,8,32,3,GYPB,0.0686814733420536
32,8,32,4,EPB42,0.06348108169981709
32,8,32,5,SLC4A1,0.06251144679642365
32,8,32,6,VCAN,0.0620416965109723
32,8,32,7,HBM,0.06154636023514803
32,8,32,8,MAFB,0.06070527046786157
32,8,32,9,CA1,0.059834843981975014
32,8,32,10,GAPDHL6,0.057701230879478475
32,8,32,11,AHSP,0.057605499527114384
32,8,32,12,IFIT1L,0.056723426889872405
32,8,32,13,RHAG,0.055172881823275795
32,8,32,14,CDC20,0.05452697999581379
32,8,32,15,LOC644936,0.054070997111904974
32,8,32,16,ABP1,0.053523059056161296
32,8,32,17,CLIC3,0.052125299803467556
32,8,32,18,TGFBI,0.0514758136878176
32,8,32,19,CLEC11A,0.05119027712389463
32,8,32,20,RAP1GAP,0.05027584549896184
32,8,32,21,EMP1,0.05017280353237665
32,8,32,22,SERPINE2,0.04999094810786202
32,8,32,23,VWF,0.04986443757272091
32,8,32,24,ADM,0.049047277687738276
32,8,32,25,CCL4L1,0.04904546930271579
32,8,32,26,PHACTR1,0.04848670043289267
32,8,32,27,CD83,0.04768103822225038
32,8,32,28,BAMBI,0.047041861519594774
32,8,32,29,LOC728835,0.04585082547971967
32,8,32,30,OSBP2,0.04523166387222843
32,8,32,31,HES4,0.04491109362464627
32,8,32,32,LGALS2,0.044208338018817225
32,16,8,1,DEFB1,0.18028143627336085
32,16,8,2,BAMBI,0.1548420137942743
32,16,8,3,KIAA0367,0.1452889421083779
32,16,8,4,GAPDHL6,0.1321731653045362
32,16,8,5,LOC644936,0.1296119334085171
32,16,8,6,HLA-A29.1,0.11743952741531606
32,16,8,7,ABP1,0.11342684689899751
32,16,8,8,IL1B,0.1129355983433113
32,16,16,1,DEFB1,0.18028143627336085
32,16,16,2,BAMBI,0.1548420137942743
32,16,16,3,KIAA0367,0.1452889421083779
32,16,16,4,GAPDHL6,0.1321731653045362
32,16,16,5,LOC644936,0.1296119334085171
32,16,16,6,HLA-A29.1,0.11743952741531606
32,16,16,7,ABP1,0.11342684689899751
32,16,16,8,IL1B,0.1129355983433113
32,16,16,9,THBS1,0.10598497345226215
32,16,16,10,IFITM3,0.10520407388836468
32,16,16,11,LOC100132394,0.10391582460743153
32,16,16,12,LOC729645,0.09961720299760687
32,16,16,13,PI3,0.09778073987027866
32,16,16,14,KLHL15,0.09767467323599702
32,16,16,15,RPS4Y2,0.09692253600452329
32,16,16,16,CDC20,0.09685170571105156
32,16,32,1,DEFB1,0.18028143627336085
32,16,32,2,BAMBI,0.1548420137942743
32,16,32,3,KIAA0367,0.1452889421083779
32,16,32,4,GAPDHL6,0.1321731653045362
32,16,32,5,LOC644936,0.1296119334085171
32,16,32,6,HLA-A29.1,0.11743952741531606
32,16,32,7,ABP1,0.11342684689899751
32,16,32,8,IL1B,0.1129355983433113
32,16,32,9,THBS1,0.10598497345226215
32,16,32,10,IFITM3,0.10520407388836468
32,16,32,11,LOC100132394,0.10391582460743153
32,16,32,12,LOC729645,0.09961720299760687
32,16,32,13,PI3,0.09778073987027866
32,16,32,14,KLHL15,0.09767467323599702
32,16,32,15,RPS4Y2,0.09692253600452329
32,16,32,16,CDC20,0.09685170571105156
32,16,32,17,GSTM1,0.09642460816109422
32,16,32,18,SLC4A1,0.09335525143415643
32,16,32,19,LOC654055,0.09318005844578854
32,16,32,20,RAP1GAP,0.09289794306138663
32,16,32,21,TEX101,0.0920337771000382
32,16,32,22,LGALS2,0.09117818243926634
32,16,32,23,LAMA5,0.09017573850099969
32,16,32,24,HOXA5,0.08940382764198752
32,16,32,25,HBEGF,0.0888238618419129
32,16,32,26,LOC731682,0.08879389883848882
32,16,32,27,IFIT3,0.087582052855056
32,16,32,28,LOC100008588,0.0875646906563794
32,16,32,29,HBG1,0.0874695891476967
32,16,32,30,FPR2,0.0872630607611076
32,16,32,31,MIR1974,0.08708994724171476
32,16,32,32,SPRYD5,0.08678424005200734
33,4,8,1,VWF,0.06109788217725212
33,4,8,2,ESAM,0.05135940766698079
33,4,8,3,RBPMS2,0.05092671754870181
33,4,8,4,TNFSF10,0.04231802691348449
33,4,8,5,PHACTR1,0.0419023423683384
33,4,8,6,ITGA2B,0.04095048370090524
33,4,8,7,GIMAP4,0.039638885338527545
33,4,8,8,SERPINE2,0.03887352793392954
33,4,16,1,VWF,0.06109788217725212
33,4,16,2,ESAM,0.05135940766698079
33,4,16,3,RBPMS2,0.05092671754870181
33,4,16,4,TNFSF10,0.04231802691348449
33,4,16,5,PHACTR1,0.0419023423683384
33,4,16,6,ITGA2B,0.04095048370090524
33,4,16,7,GIMAP4,0.039638885338527545
33,4,16,8,SERPINE2,0.03887352793392954
33,4,16,9,CLEC1B,0.03865698140638683
33,4,16,10,GJB6,0.03796007453709854
33,4,16,11,FGL2,0.03543336500481809
33,4,16,12,CX3CR1,0.0343134304288687
33,4,16,13,GP9,0.03422766450443271
33,4,16,14,MAFB,0.033084367075537954
33,4,16,15,TSPAN33,0.032189304251491975
33,4,16,16,GIMAP8,0.031708095829358386
33,4,32,1,VWF,0.06109788217725212
33,4,32,2,ESAM,0.05135940766698079
33,4,32,3,RBPMS2,0.05092671754870181
33,4,32,4,TNFSF10,0.04231802691348449
33,4,32,5,PHACTR1,0.0419023423683384
33,4,32,6,ITGA2B,0.04095048370090524
33,4,32,7,GIMAP4,0.039638885338527545
33,4,32,8,SERPINE2,0.03887352793392954
33,4,32,9,CLEC1B,0.03865698140638683
33,4,32,10,GJB6,0.03796007453709854
33,4,32,11,FGL2,0.03543336500481809
33,4,32,12,CX3CR1,0.0343134304288687
33,4,32,13,GP9,0.03422766450443271
33,4,32,14,MAFB,0.033084367075537954
33,4,32,15,TSPAN33,0.032189304251491975
33,4,32,16,GIMAP8,0.031708095829358386
33,4,32,17,C1orf186,0.03025632947295807
33,4,32,18,PRAGMIN,0.030172767716431598
33,4,32,19,MS4A2,0.030125699716418267
33,4,32,20,ITGB3,0.029675273637520646
33,4,32,21,ADM,0.02924392230247094
33,4,32,22,MGC13057,0.02887467017992081
33,4,32,23,CXCL2,0.028762200111057776
33,4,32,24,SNORD3C,0.028328975668167417
33,4,32,25,MX1,0.028315620443259346
33,4,32,26,HES4,0.028236664900823386
33,4,32,27,CD83,0.02791683107282703
33,4,32,28,HIST2H3A,0.027248186462885876
33,4,32,29,SIK1,0.026791011607856362
33,4,32,30,HBEGF,0.026380071756055466
33,4,32,31,SLC45A3,0.025777641589713615
33,4,32,32,RNU1A3,0.025675626291437045
33,8,8,1,DEFB1,0.08026696591967071
33,8,8,2,VWF,0.07424736164999353
33,8,8,3,EPB42,0.07142270544737178
33,8,8,4,VCAN,0.07086557527182984
33,8,8,5,PI3,0.07080200747914707
33,8,8,6,SELENBP1,0.06787053372083679
33,8,8,7,SNCA,0.0672738210952422
33,8,8,8,SLC4A1,0.06692088571102132
33,8,16,1,DEFB1,0.08026696591967071
33,8,16,2,VWF,0.07424736164999353
33,8,16,3,EPB42,0.07142270544737178
33,8,16,4,VCAN,0.07086557527182984
33,8,16,5,PI3,0.07080200747914707
33,8,16,6,SELENBP1,0.06787053372083679
33,8,16,7,SNCA,0.0672738210952422
33,8,16,8,SLC4A1,0.06692088571102132
33,8,16,9,AHSP,0.062484470253380706
33,8,16,10,OSBP2,0.06155027061709026
33,8,16,11,IL8RB,0.06084914711832496
33,8,16,12,HBM,0.0603931646414749
33,8,16,13,LOC644936,0.060361116754011256
33,8,16,14,ESAM,0.05660385037728909
33,8,16,15,CA1,0.055924544214527624
33,8,16,16,MAFB,0.05546727656062579
33,8,32,1,DEFB1,0.08026696591967071
33,8,32,2,VWF,0.07424736164999353
33,8,32,3,EPB42,0.07142270544737178
33,8,32,4,VCAN,0.07086557527182984
33,8,32,5,PI3,0.07080200747914707
33,8,32,6,SELENBP1,0.06787053372083679
33,8,32,7,SNCA,0.0672738210952422
33,8,32,8,SLC4A1,0.06692088571102132
33,8,32,9,AHSP,0.062484470253380706
33,8,32,10,OSBP2,0.06155027061709026
33,8,32,11,IL8RB,0.06084914711832496
33,8,32,12,HBM,0.0603931646414749
33,8,32,13,LOC644936,0.060361116754011256
33,8,32,14,ESAM,0.05660385037728909
33,8,32,15,CA1,0.055924544214527624
33,8,32,16,MAFB,0.05546727656062579
33,8,32,17,IFIT1L,0.05434835383439159
33,8,32,18,RBPMS2,0.05395177996015346
33,8,32,19,CCL4L1,0.05373218260982018
33,8,32,20,TNFSF10,0.052758875156188954
33,8,32,21,RAP1GAP,0.052483971872924154
33,8,32,22,SERPINE2,0.050995757644807994
33,8,32,23,GYPB,0.05055628289310856
33,8,32,24,TGFBI,0.049797460637191225
33,8,32,25,PHACTR1,0.04876625714400409
33,8,32,26,MX1,0.047490588329955195
33,8,32,27,CLEC1B,0.04638789986904633
33,8,32,28,CYorf15A,0.04632053168772679
33,8,32,29,ITGA2B,0.045478010858497356
33,8,32,30,ADM,0.04547185553777618
33,8,32,31,HES4,0.04539930356279096
33,8,32,32,ITGB3,0.04532822050069936
33,16,8,1,LOC100133875,0.17013737673990265
33,16,8,2,DEFB1,0.1627119774311345
33,16,8,3,BAMBI,0.14423318127456844
33,16,8,4,LOC644936,0.1320339064004739
33,16,8,5,LOC654055,0.12642639404545844
33,16,8,6,GTSF1,0.1260489221803243
33,16,8,7,GAPDHL6,0.12592899828133378
33,16,8,8,IFI27,0.1179344581616571
33,16,16,1,LOC100133875,0.17013737673990265
33,16,16,2,DEFB1,0.1627119774311345
33,16,16,3,BAMBI,0.14423318127456844
33,16,16,4,LOC644936,0.1320339064004739
33,16,16,5,LOC654055,0.12642639404545844
33,16,16,6,GTSF1,0.1260489221803243
33,16,16,7,GAPDHL6,0.12592899828133378
33,16,16,8,IFI27,0.1179344581616571
33,16,16,9,THBS1,0.1155268939281325
33,16,16,10,KIAA0367,0.11445548358972435
33,16,16,11,LOC729645,0.11300858347348887
33,16,16,12,HLA-A29.1,0.11012880124044329
33,16,16,13,TPSAB1,0.10969715008617499
33,16,16,14,IL1B,0.1044305732905672
33,16,16,15,MIR1974,0.10288444700845106
33,16,16,16,KLHL15,0.1014290916048889
33,16,32,1,LOC100133875,0.17013737673990265
33,16,32,2,DEFB1,0.1627119774311345
33,16,32,3,BAMBI,0.14423318127456844
33,16,32,4,LOC644936,0.1320339064004739
33,16,32,5,LOC654055,0.12642639404545844
33,16,32,6,GTSF1,0.1260489221803243
33,16,32,7,GAPDHL6,0.12592899828133378
33,16,32,8,IFI27,0.1179344581616571
33,16,32,9,THBS1,0.1155268939281325
33,16,32,10,KIAA0367,0.11445548358972435
33,16,32,11,LOC729645,0.11300858347348887
33,16,32,12,HLA-A29.1,0.11012880124044329
33,16,32,13,TPSAB1,0.10969715008617499
33,16,32,14,IL1B,0.1044305732905672
33,16,32,15,MIR1974,0.10288444700845106
33,16,32,16,KLHL15,0.1014290916048889
33,16,32,17,GSTM1,0.1011703120757377
33,16,32,18,HBBP1,0.10087831396135895
33,16,32,19,LGALS2,0.09661988971615154
33,16,32,20,PI3,0.0963005692515985
33,16,32,21,LOC100132394,0.09579190311712217
33,16,32,22,HES4,0.09394029378286588
33,16,32,23,TPSB2,0.09176825792546543
33,16,32,24,VCAN,0.09139443430088194
33,16,32,25,MX1,0.09055574295037291
33,16,32,26,SPTA1,0.09042271162833977
33,16,32,27,HOXA5,0.09018651552355716
33,16,32,28,VWF,0.08830452546776078
33,16,32,29,XIST,0.08830438581696014
33,16,32,30,SOCS2,0.08819968945572862
33,16,32,31,IFIT1L,0.08764367953350405
33,16,32,32,SERPINE2,0.08566938905753484
34,4,8,1,VWF,0.0389704249896696
34,4,8,2,MPL,0.038465502690729736
34,4,8,3,RBPMS2,0.03663855139212127
34,4,8,4,ESAM,0.03623369085368053
34,4,8,5,CLEC1B,0.03518590812538721
34,4,8,6,TNFSF10,0.03465202431570609
34,4,8,7,MAFB,0.034174841929122436
34,4,8,8,VCAN,0.03380646662423506
34,4,16,1,VWF,0.0389704249896696
34,4,16,2,MPL,0.038465502690729736
34,4,16,3,RBPMS2,0.03663855139212127
34,4,16,4,ESAM,0.03623369085368053
34,4,16,5,CLEC1B,0.03518590812538721
34,4,16,6,TNFSF10,0.03465202431570609
34,4,16,7,MAFB,0.034174841929122436
34,4,16,8,VCAN,0.03380646662423506
34,4,16,9,HIST1H4E,0.03300960770795566
34,4,16,10,HIST2H2BF,0.03150089327479515
34,4,16,11,HIST1H1E,0.03134488575151569
34,4,16,12,PROS1,0.030776047978061303
34,4,16,13,IL8RB,0.03001158789959646
34,4,16,14,SERPINE2,0.02996046500488262
34,4,16,15,TGFBI,0.02926574442072155
34,4,16,16,FGL2,0.029013240816820225
34,4,32,1,VWF,0.0389704249896696
34,4,32,2,MPL,0.038465502690729736
34,4,32,3,RBPMS2,0.03663855139212127
34,4,32,4,ESAM,0.03623369085368053
34,4,32,5,CLEC1B,0.03518590812538721
34,4,32,6,TNFSF10,0.03465202431570609
34,4,32,7,MAFB,0.034174841929122436
34,4,32,8,VCAN,0.03380646662423506
34,4,32,9,HIST1H4E,0.03300960770795566
34,4,32,10,HIST2H2BF,0.03150089327479515
34,4,32,11,HIST1H1E,0.03134488575151569
34,4,32,12,PROS1,0.030776047978061303
34,4,32,13,IL8RB,0.03001158789959646
34,4,32,14,SERPINE2,0.02996046500488262
34,4,32,15,TGFBI,0.02926574442072155
34,4,32,16,FGL2,0.029013240816820225
34,4,32,17,TSPAN33,0.028493237453810737
34,4,32,18,ITGA2B,0.028373303951323817
34,4,32,19,RRM2,0.02806135770725966
34,4,32,20,HIST1H1B,0.027943401117781604
34,4,32,21,HOXA5,0.027566437818402723
34,4,32,22,SNORD3C,0.027310805921559614
34,4,32,23,GP9,0.027035902255474375
34,4,32,24,CKAP2L,0.02649151204248279
34,4,32,25,SPRYD5,0.02551582045649008
34,4,32,26,MGC13057,0.024658854466278326
34,4,32,27,LTF,0.02465213098071884
34,4,32,28,IRF8,0.02458760673255777
34,4,32,29,SNORD3A,0.024582994749070983
34,4,32,30,DEFA4,0.02454846140222894
34,4,32,31,ITGB3,0.024362996840241413
34,4,32,32,MX1,0.024310269409335818
34,8,8,1,LGALS2,0.06990640109424796
34,8,8,2,SLC4A1,0.0673190314774597
34,8,8,3,SELENBP1,0.0664403236492105
34,8,8,4,RAP1GAP,0.06558737183675303
34,8,8,5,IFIT1L,0.06490262133670376
34,8,8,6,VCAN,0.06313563467584596
34,8,8,7,EPB42,0.0630953852177349
34,8,8,8,AHSP,0.06079516063466868
34,8,16,1,LGALS2,0.06990640109424796
34,8,16,2,SLC4A1,0.0673190314774597
34,8,16,3,SELENBP1,0.0664403236492105
34,8,16,4,RAP1GAP,0.06558737183675303
34,8,16,5,IFIT1L,0.06490262133670376
34,8,16,6,VCAN,0.06313563467584596
34,8,16,7,EPB42,0.0630953852177349
34,8,16,8,AHSP,0.06079516063466868
34,8,16,9,NEU4,0.05919729703626825
34,8,16,10,GYPB,0.05849169009388871
34,8,16,11,CA1,0.05835775670475197
34,8,16,12,HBM,0.05833391278541197
34,8,16,13,TNFRSF21,0.05832627650918024
34,8,16,14,SPTA1,0.05746534031140997
34,8,16,15,OSBP2,0.05712000181856839
34,8,16,16,ASGR1,0.05693105430463743
34,8,32,1,LGALS2,0.06990640109424796
34,8,32,2,SLC4A1,0.0673190314774597
34,8,32,3,SELENBP1,0.0664403236492105
34,8,32,4,RAP1GAP,0.06558737183675303
34,8,32,5,IFIT1L,0.06490262133670376
34,8,32,6,VCAN,0.06313563467584596
34,8,32,7,EPB42,0.0630953852177349
34,8,32,8,AHSP,0.06079516063466868
34,8,32,9,NEU4,0.05919729703626825
34,8,32,10,GYPB,0.05849169009388871
34,8,32,11,CA1,0.05835775670475197
34,8,32,12,HBM,0.05833391278541197
34,8,32,13,TNFRSF21,0.05832627650918024
34,8,32,14,SPTA1,0.05746534031140997
34,8,32,15,OSBP2,0.05712000181856839
34,8,32,16,ASGR1,0.05693105430463743
34,8,32,17,MAFB,0.055363354646448586
34,8,32,18,GAPDHL6,0.05294893956953773
34,8,32,19,THBS1,0.052606785036691465
34,8,32,20,SERPINE2,0.05222525781702315
34,8,32,21,TGFBI,0.05046445242560201
34,8,32,22,PRSSL1,0.04951825914878299
34,8,32,23,RHAG,0.04861063801439221
34,8,32,24,RNU1A3,0.047872048447847045
34,8,32,25,PI3,0.047343184690750134
34,8,32,26,IL8RB,0.0472794957207993
34,8,32,27,HES4,0.04614421712435566
34,8,32,28,ALPL,0.046094221178342
34,8,32,29,MPL,0.045310086146294386
34,8,32,30,PRF1,0.045245369006523414
34,8,32,31,SPRYD5,0.045150154280138015
34,8,32,32,CLEC11A,0.04469861083720832
34,16,8,1,LOC100133875,0.1627278266034674
34,16,8,2,GAPDHL6,0.145800039753062
34,16,8,3,LILRA3,0.13650930154957225
34,16,8,4,DEFB1,0.1311662769449815
34,16,8,5,IFI27,0.1229582200493193
34,16,8,6,HLA-DRB5,0.12011533188930769
34,16,8,7,LOC644936,0.1194179256197503
34,16,8,8,LOC729645,0.11924086237394436
34,16,16,1,LOC100133875,0.1627278266034674
34,16,16,2,GAPDHL6,0.145800039753062
34,16,16,3,LILRA3,0.13650930154957225
34,16,16,4,DEFB1,0.1311662769449815
34,16,16,5,IFI27,0.1229582200493193
34,16,16,6,HLA-DRB5,0.12011533188930769
34,16,16,7,LOC644936,0.1194179256197503
34,16,16,8,LOC729645,0.11924086237394436
34,16,16,9,LGALS2,0.11476933383329294
34,16,16,10,KLHL15,0.11412463208302591
34,16,16,11,RAP1GAP,0.11197483910869316
34,16,16,12,HLA-DRB1,0.10885188012835194
34,16,16,13,CDC20,0.10841166897447058
34,16,16,14,C1orf150,0.10626204381722039
34,16,16,15,BAMBI,0.10603946928849912
34,16,16,16,LOC100132394,0.1059666811225796
34,16,32,1,LOC100133875,0.1627278266034674
34,16,32,2,GAPDHL6,0.145800039753062
34,16,32,3,LILRA3,0.13650930154957225
34,16,32,4,DEFB1,0.1311662769449815
34,16,32,5,IFI27,0.1229582200493193
34,16,32,6,HLA-DRB5,0.12011533188930769
34,16,32,7,LOC644936,0.1194179256197503
34,16,32,8,LOC729645,0.11924086237394436
34,16,32,9,LGALS2,0.11476933383329294
34,16,32,10,KLHL15,0.11412463208302591
34,16,32,11,RAP1GAP,0.11197483910869316
34,16,32,12,HLA-DRB1,0.10885188012835194
34,16,32,13,CDC20,0.10841166897447058
34,16,32,14,C1orf150,0.10626204381722039
34,16,32,15,BAMBI,0.10603946928849912
34,16,32,16,LOC100132394,0.1059666811225796
34,16,32,17,TPSAB1,0.10560434008827635
34,16,32,18,SOCS2,0.1020981503937522
34,16,32,19,TPSB2,0.09967468313313736
34,16,32,20,ABP1,0.09293291220626532
34,16,32,21,LOC654055,0.09255734985624559
34,16,32,22,HES4,0.09173056694318792
34,16,32,23,HOXA5,0.09136339259724968
34,16,32,24,RPS4Y1,0.09044469402404325
34,16,32,25,XIST,0.09006739610450132
34,16,32,26,HLA-DRB4,0.08821936827513881
34,16,32,27,LOC100133662,0.08821139859363325
34,16,32,28,IL1B,0.08807691635217335
34,16,32,29,CYorf15B,0.08716940993378819
34,16,32,30,IFIT2,0.08684932809606466
34,16,32,31,CYorf15A,0.08671824051524964
34,16,32,32,RPS4Y2,0.08670694042473288
35,4,8,1,TNFRSF21,0.037332872022227806
35,4,8,2,IL8RB,0.03660226680048807
35,4,8,3,CDC20,0.036272450616781166
35,4,8,4,IFIT2,0.03542832312297444
35,4,8,5,DLGAP5,0.034516854157941194
35,4,8,6,KIAA0367,0.031654334228276904
35,4,8,7,PRG3,0.03138820534335816
35,4,8,8,EMP1,0.030545776911383465
35,4,16,1,TNFRSF21,0.037332872022227806
35,4,16,2,IL8RB,0.03660226680048807
35,4,16,3,CDC20,0.036272450616781166
35,4,16,4,IFIT2,0.03542832312297444
35,4,16,5,DLGAP5,0.034516854157941194
35,4,16,6,KIAA0367,0.031654334228276904
35,4,16,7,PRG3,0.03138820534335816
35,4,16,8,EMP1,0.030545776911383465
35,4,16,9,NEU4,0.02986763216516179
35,4,16,10,PRSSL1,0.029562647539426626
35,4,16,11,HIST1H4E,0.029516852511046982
35,4,16,12,HIST1H2AM,0.029513440625369758
35,4,16,13,RGS1,0.02934672187815377
35,4,16,14,SPTA1,0.028496518344031663
35,4,16,15,HIST2H3A,0.027908362556404245
35,4,16,16,CFC1B,0.0275435819023512
35,4,32,1,TNFRSF21,0.037332872022227806
35,4,32,2,IL8RB,0.03660226680048807
35,4,32,3,CDC20,0.036272450616781166
35,4,32,4,IFIT2,0.03542832312297444
35,4,32,5,DLGAP5,0.034516854157941194
35,4,32,6,KIAA0367,0.031654334228276904
35,4,32,7,PRG3,0.03138820534335816
35,4,32,8,EMP1,0.030545776911383465
35,4,32,9,NEU4,0.02986763216516179
35,4,32,10,PRSSL1,0.029562647539426626
35,4,32,11,HIST1H4E,0.029516852511046982
35,4,32,12,HIST1H2AM,0.029513440625369758
35,4,32,13,RGS1,0.02934672187815377
35,4,32,14,SPTA1,0.028496518344031663
35,4,32,15,HIST2H3A,0.027908362556404245
35,4,32,16,CFC1B,0.0275435819023512
35,4,32,17,RHAG,0.02715338859080967
35,4,32,18,PI3,0.026690392052741634
35,4,32,19,DEFA4,0.026500451017611077
35,4,32,20,RNU1A3,0.02601324639434433
35,4,32,21,LTF,0.025605221852980083
35,4,32,22,EBI2,0.025588221465535778
35,4,32,23,HIST1H2BG,0.02551951765977863
35,4,32,24,CLEC11A,0.025402831850965254
35,4,32,25,HIST2H3C,0.02530989061252447
35,4,32,26,PRTN3,0.025191460853423293
35,4,32,27,SERPINE2,0.02512001560411426
35,4,32,28,TCN1,0.02462557797635573
35,4,32,29,RNU1F1,0.024410495407726693
35,4,32,30,HBM,0.024355376647198515
35,4,32,31,IFIT3,0.024337853871172873
35,4,32,32,CEACAM8,0.024303306962074656
35,8,8,1,VWF,0.08049097382709465
35,8,8,2,DEFB1,0.07855125939519252
35,8,8,3,XIST,0.07112973123063296
35,8,8,4,RPS4Y2,0.07048616235549623
35,8,8,5,SELENBP1,0.06861757002589162
35,8,8,6,LOC100133662,0.0660499380832101
35,8,8,7,SLC4A1,0.06437333459623877
35,8,8,8,RPS4Y1,0.06260851192200213
35,8,16,1,VWF,0.08049097382709465
35,8,16,2,DEFB1,0.07855125939519252
35,8,16,3,XIST,0.07112973123063296
35,8,16,4,RPS4Y2,0.07048616235549623
35,8,16,5,SELENBP1,0.06861757002589162
35,8,16,6,LOC100133662,0.0660499380832101
35,8,16,7,SLC4A1,0.06437333459623877
35,8,16,8,RPS4Y1,0.06260851192200213
35,8,16,9,EPB42,0.06251616034744495
35,8,16,10,TMCC2,0.06132076815946443
35,8,16,11,EIF1AY,0.060333603557917
35,8,16,12,CYorf15A,0.05886594307418461
35,8,16,13,SNCA,0.05781805242990798
35,8,16,14,TNFSF10,0.05738109827433595
35,8,16,15,RBPMS2,0.05670517863171801
35,8,16,16,CYorf15B,0.05594113007637212
35,8,32,1,VWF,0.08049097382709465
35,8,32,2,DEFB1,0.07855125939519252
35,8,32,3,XIST,0.07112973123063296
35,8,32,4,RPS4Y2,0.07048616235549623
35,8,32,5,SELENBP1,0.06861757002589162
35,8,32,6,LOC100133662,0.0660499380832101
35,8,32,7,SLC4A1,0.06437333459623877
35,8,32,8,RPS4Y1,0.06260851192200213
35,8,32,9,EPB42,0.06251616034744495
35,8,32,10,TMCC2,0.06132076815946443
35,8,32,11,EIF1AY,0.060333603557917
35,8,32,12,CYorf15A,0.05886594307418461
35,8,32,13,SNCA,0.05781805242990798
35,8,32,14,TNFSF10,0.05738109827433595
35,8,32,15,RBPMS2,0.05670517863171801
35,8,32,16,CYorf15B,0.05594113007637212
35,8,32,17,PRKY,0.05563748412237074
35,8,32,18,OSBP2,0.05465239102042016
35,8,32,19,CDC20,0.054299085432237444
35,8,32,20,IL8RB,0.05405654328008601
35,8,32,21,JARID1D,0.053293005242972015
35,8,32,22,AHSP,0.05297763001853947
35,8,32,23,IFIT1L,0.052921384294020546
35,8,32,24,GJB6,0.05241897842239627
35,8,32,25,HBM,0.05225218512310016
35,8,32,26,KIAA0367,0.05182380606462929
35,8,32,27,TGFBI,0.05096630574283335
35,8,32,28,LY86,0.049466421456625664
35,8,32,29,IFI27,0.048738664857825416
35,8,32,30,GIMAP4,0.04836163665411652
35,8,32,31,GYPB,0.04827296497624149
35,8,32,32,RAP1GAP,0.04782038275061227
35,16,8,1,GAPDHL6,0.1627773925761616
35,16,8,2,DEFB1,0.1601800916300919
35,16,8,3,LOC100133875,0.1442991129209025
35,16,8,4,IFI27,0.13773545443611668
35,16,8,5,LOC644936,0.13548399001870362
35,16,8,6,KIAA0367,0.1323912439716597
35,16,8,7,HLA-A29.1,0.1310629145671778
35,16,8,8,GTSF1,0.12919454695963095
35,16,16,1,GAPDHL6,0.1627773925761616
35,16,16,2,DEFB1,0.1601800916300919
35,16,16,3,LOC100133875,0.1442991129209025
35,16,16,4,IFI27,0.13773545443611668
35,16,16,5,LOC644936,0.13548399001870362
35,16,16,6,KIAA0367,0.1323912439716597
35,16,16,7,HLA-A29.1,0.1310629145671778
35,16,16,8,GTSF1,0.12919454695963095
35,16,16,9,LILRA3,0.12067312655668125
35,16,16,10,BAMBI,0.11408173631892078
35,16,16,11,HLA-DRB5,0.1109278835185546
35,16,16,12,LOC100132394,0.11031407735559967
35,16,16,13,HOXA5,0.10764239324150614
35,16,16,14,LOC654055,0.10582776406583093
35,16,16,15,GSTM1,0.1037705093528268
35,16,16,16,KLHL15,0.10280588293168624
35,16,32,1,GAPDHL6,0.1627773925761616
35,16,32,2,DEFB1,0.1601800916300919
35,16,32,3,LOC100133875,0.1442991129209025
35,16,32,4,IFI27,0.13773545443611668
35,16,32,5,LOC644936,0.13548399001870362
35,16,32,6,KIAA0367,0.1323912439716597
35,16,32,7,HLA-A29.1,0.1310629145671778
35,16,32,8,GTSF1,0.12919454695963095
35,16,32,9,LILRA3,0.12067312655668125
35,16,32,10,BAMBI,0.11408173631892078
35,16,32,11,HLA-DRB5,0.1109278835185546
35,16,32,12,LOC100132394,0.11031407735559967
35,16,32,13,HOXA5,0.10764239324150614
35,16,32,14,LOC654055,0.10582776406583093
35,16,32,15,GSTM1,0.1037705093528268
35,16,32,16,KLHL15,0.10280588293168624
35,16,32,17,VWF,0.09995248268978589
35,16,32,18,RPS4Y2,0.09762604462073188
35,16,32,19,LOC727908,0.09528666170683885
35,16,32,20,HES4,0.09112371081604412
35,16,32,21,TPSAB1,0.08981804224628932
35,16,32,22,MIR1974,0.08876405796553694
35,16,32,23,IL1B,0.08774875213454243
35,16,32,24,XIST,0.0876365969390003
35,16,32,25,CCL3,0.0868952928530624
35,16,32,26,LGALS2,0.08565577586178653
35,16,32,27,LOC100133662,0.08563873508829783
35,16,32,28,PRKY,0.08461186807458074
35,16,32,29,ABP1,0.08436002224985573
35,16,32,30,RPS4Y1,0.08423426328653645
35,16,32,31,CYorf15A,0.08402766680126023
35,16,32,32,TPSB2,0.08392022312650436
36,4,8,1,VWF,0.04792096842962409
36,4,8,2,MPL,0.04333852340515905
36,4,8,3,TNFSF10,0.04254146261175419
36,4,8,4,ESAM,0.040590183991116184
36,4,8,5,MS4A2,0.03984147584762567
36,4,8,6,RBPMS2,0.039144152060032605
36,4,8,7,C1orf186,0.0383245961422307
36,4,8,8,FGL2,0.03678967796377503
36,4,16,1,VWF,0.04792096842962409
36,4,16,2,MPL,0.04333852340515905
36,4,16,3,TNFSF10,0.04254146261175419
36,4,16,4,ESAM,0.040590183991116184
36,4,16,5,MS4A2,0.03984147584762567
36,4,16,6,RBPMS2,0.039144152060032605
36,4,16,7,C1orf186,0.0383245961422307
36,4,16,8,FGL2,0.03678967796377503
36,4,16,9,CLEC1B,0.03643056759384476
36,4,16,10,ITGA2B,0.034634601559539284
36,4,16,11,TSPAN33,0.03447097567401979
36,4,16,12,GIMAP4,0.03447060682919264
36,4,16,13,PROS1,0.03373318320045342
36,4,16,14,HIST1H1B,0.03158467820990851
36,4,16,15,ITGB3,0.03119357793854627
36,4,16,16,SERPINE2,0.03091467430957177
36,4,32,1,VWF,0.04792096842962409
36,4,32,2,MPL,0.04333852340515905
36,4,32,3,TNFSF10,0.04254146261175419
36,4,32,4,ESAM,0.040590183991116184
36,4,32,5,MS4A2,0.03984147584762567
36,4,32,6,RBPMS2,0.039144152060032605
36,4,32,7,C1orf186,0.0383245961422307
36,4,32,8,FGL2,0.03678967796377503
36,4,32,9,CLEC1B,0.03643056759384476
36,4,32,10,ITGA2B,0.034634601559539284
36,4,32,11,TSPAN33,0.03447097567401979
36,4,32,12,GIMAP4,0.03447060682919264
36,4,32,13,PROS1,0.03373318320045342
36,4,32,14,HIST1H1B,0.03158467820990851
36,4,32,15,ITGB3,0.03119357793854627
36,4,32,16,SERPINE2,0.03091467430957177
36,4,32,17,HIST2H3A,0.030512950794043363
36,4,32,18,HIST1H2AH,0.030429609409529858
36,4,32,19,GP9,0.029859994827359987
36,4,32,20,GIMAP8,0.02904295495272686
36,4,32,21,CX3CR1,0.028829340024303974
36,4,32,22,SLC45A3,0.028700178247308302
36,4,32,23,HIST1H1E,0.02865594650831835
36,4,32,24,PRAGMIN,0.0284399448932463
36,4,32,25,HIST1H2AM,0.027745730659545692
36,4,32,26,SPRYD5,0.02681221852508257
36,4,32,27,MGC13057,0.026242626649651317
36,4,32,28,HIST1H4E,0.02563484243035206
36,4,32,29,RNU1A3,0.024980883502378606
36,4,32,30,F13A1,0.02484218645158163
36,4,32,31,TSPAN9,0.024455907907173866
36,4,32,32,HIST1H1D,0.02436616752169534
36,8,8,1,DEFB1,0.09473093579192572
36,8,8,2,EPB42,0.07021364140043689
36,8,8,3,SPTA1,0.0673480138581788
36,8,8,4,GYPB,0.06655319145471066
36,8,8,5,HBM,0.06594132195066464
36,8,8,6,VCAN,0.06582743379908071
36,8,8,7,TMCC2,0.0647583529977916
36,8,8,8,SLC4A1,0.06205126952748414
36,8,16,1,DEFB1,0.09473093579192572
36,8,16,2,EPB42,0.07021364140043689
36,8,16,3,SPTA1,0.0673480138581788
36,8,16,4,GYPB,0.06655319145471066
36,8,16,5,HBM,0.06594132195066464
36,8,16,6,VCAN,0.06582743379908071
36,8,16,7,TMCC2,0.0647583529977916
36,8,16,8,SLC4A1,0.06205126952748414
36,8,16,9,CA1,0.06128838907636742
36,8,16,10,AHSP,0.060599712766842166
36,8,16,11,LOC100133875,0.05972440200111254
36,8,16,12,IFIT1L,0.05925480321823937
36,8,16,13,RAP1GAP,0.059223161315314986
36,8,16,14,CYorf15A,0.058468957079362324
36,8,16,15,VWF,0.05764085516442102
36,8,16,16,OSBP2,0.056644308916857664
36,8,32,1,DEFB1,0.09473093579192572
36,8,32,2,EPB42,0.07021364140043689
36,8,32,3,SPTA1,0.0673480138581788
36,8,32,4,GYPB,0.06655319145471066
36,8,32,5,HBM,0.06594132195066464
36,8,32,6,VCAN,0.06582743379908071
36,8,32,7,TMCC2,0.0647583529977916
36,8,32,8,SLC4A1,0.06205126952748414
36,8,32,9,CA1,0.06128838907636742
36,8,32,10,AHSP,0.060599712766842166
36,8,32,11,LOC100133875,0.05972440200111254
36,8,32,12,IFIT1L,0.05925480321823937
36,8,32,13,RAP1GAP,0.059223161315314986
36,8,32,14,CYorf15A,0.058468957079362324
36,8,32,15,VWF,0.05764085516442102
36,8,32,16,OSBP2,0.056644308916857664
36,8,32,17,XIST,0.05635910938524981
36,8,32,18,LOC644936,0.05457195290263751
36,8,32,19,CCL4L1,0.05404664973647225
36,8,32,20,PHACTR1,0.05357898704796657
36,8,32,21,MAFB,0.05334212307264215
36,8,32,22,LILRA3,0.05312736968461166
36,8,32,23,LOC728835,0.05264825222960198
36,8,32,24,TGFBI,0.04950801273733138
36,8,32,25,TNFSF10,0.049331652946254426
36,8,32,26,RHAG,0.04900170588651535
36,8,32,27,MPL,0.04847863609282814
36,8,32,28,CCL3L1,0.04791236189797059
36,8,32,29,PLAU,0.04784605283674741
36,8,32,30,CCL3L3,0.047599898355678454
36,8,32,31,PROS1,0.046001261847153516
36,8,32,32,RGS1,0.04597336490036224
36,16,8,1,DEFB1,0.1705395469286576
36,16,8,2,LOC100133875,0.1515390081546653
36,16,8,3,LOC644936,0.13663203328039594
36,16,8,4,GTSF1,0.13491461742990846
36,16,8,5,LILRA3,0.13178656444113676
36,16,8,6,BAMBI,0.1284126046546043
36,16,8,7,LOC729645,0.12343375741493495
36,16,8,8,MIR1974,0.11439880053283848
36,16,16,1,DEFB1,0.1705395469286576
36,16,16,2,LOC100133875,0.1515390081546653
36,16,16,3,LOC644936,0.13663203328039594
36,16,16,4,GTSF1,0.13491461742990846
36,16,16,5,LILRA3,0.13178656444113676
36,16,16,6,BAMBI,0.1284126046546043
36,16,16,7,LOC729645,0.12343375741493495
36,16,16,8,MIR1974,0.11439880053283848
36,16,16,9,PI3,0.11058642200472767
36,16,16,10,LOC100132394,0.1105083956613406
36,16,16,11,HBBP1,0.1101527554847357
36,16,16,12,IL1B,0.10564565844621557
36,16,16,13,PCOLCE2,0.10019061116012719
36,16,16,14,TEX101,0.09997858576409933
36,16,16,15,LGALS2,0.09899623193142616
36,16,16,16,HLA-A29.1,0.0974167176752982
36,16,32,1,DEFB1,0.1705395469286576
36,16,32,2,LOC100133875,0.1515390081546653
36,16,32,3,LOC644936,0.13663203328039594
36,16,32,4,GTSF1,0.13491461742990846
36,16,32,5,LILRA3,0.13178656444113676
36,16,32,6,BAMBI,0.1284126046546043
36,16,32,7,LOC729645,0.12343375741493495
36,16,32,8,MIR1974,0.11439880053283848
36,16,32,9,PI3,0.11058642200472767
36,16,32,10,LOC100132394,0.1105083956613406
36,16,32,11,HBBP1,0.1101527554847357
36,16,32,12,IL1B,0.10564565844621557
36,16,32,13,PCOLCE2,0.10019061116012719
36,16,32,14,TEX101,0.09997858576409933
36,16,32,15,LGALS2,0.09899623193142616
36,16,32,16,HLA-A29.1,0.0974167176752982
36,16,32,17,FPR2,0.09396131409838206
36,16,32,18,IFI27,0.09254527106061998
36,16,32,19,LOC654055,0.09168704490569983
36,16,32,20,GSTM1,0.09063247315663266
36,16,32,21,FOLR3,0.09053807373146872
36,16,32,22,SPTA1,0.09017273296580001
36,16,32,23,KIAA0367,0.09002197446674039
36,16,32,24,GAPDHL6,0.08875083955765638
36,16,32,25,THBS1,0.08788700265001093
36,16,32,26,RPS4Y2,0.08761165286905517
36,16,32,27,C1orf150,0.08662476780131631
36,16,32,28,IFIT1L,0.08643918142703717
36,16,32,29,XIST,0.08613672831613156
36,16,32,30,CCL3,0.0853000974492183
36,16,32,31,RNU5A,0.08503202632313754
36,16,32,32,EPB42,0.08489645658715503
37,4,8,1,VCAN,0.04718129763983464
37,4,8,2,VWF,0.042908425330339756
37,4,8,3,MAFB,0.040057000596243744
37,4,8,4,MPL,0.037054859458852875
37,4,8,5,SERPINE2,0.03625343977313369
37,4,8,6,TGFBI,0.03598433233381684
37,4,8,7,RBPMS2,0.03535660372924225
37,4,8,8,ESAM,0.03524188735763074
37,4,16,1,VCAN,0.04718129763983464
37,4,16,2,VWF,0.042908425330339756
37,4,16,3,MAFB,0.040057000596243744
37,4,16,4,MPL,0.037054859458852875
37,4,16,5,SERPINE2,0.03625343977313369
37,4,16,6,TGFBI,0.03598433233381684
37,4,16,7,RBPMS2,0.03535660372924225
37,4,16,8,ESAM,0.03524188735763074
37,4,16,9,IFIT3,0.03432567543330974
37,4,16,10,HIST1H4E,0.033024563198059194
37,4,16,11,IL8RB,0.032056273368548584
37,4,16,12,HOXA5,0.031191124011309128
37,4,16,13,HIST2H3A,0.030901601111906818
37,4,16,14,HIST1H2AM,0.030516832818888267
37,4,16,15,PROS1,0.030356468313965882
37,4,16,16,ITGA2B,0.030037695314866577
37,4,32,1,VCAN,0.04718129763983464
37,4,32,2,VWF,0.042908425330339756
37,4,32,3,MAFB,0.040057000596243744
37,4,32,4,MPL,0.037054859458852875
37,4,32,5,SERPINE2,0.03625343977313369
37,4,32,6,TGFBI,0.03598433233381684
37,4,32,7,RBPMS2,0.03535660372924225
37,4,32,8,ESAM,0.03524188735763074
37,4,32,9,IFIT3,0.03432567543330974
37,4,32,10,HIST1H4E,0.033024563198059194
37,4,32,11,IL8RB,0.032056273368548584
37,4,32,12,HOXA5,0.031191124011309128
37,4,32,13,HIST2H3A,0.030901601111906818
37,4,32,14,HIST1H2AM,0.030516832818888267
37,4,32,15,PROS1,0.030356468313965882
37,4,32,16,ITGA2B,0.030037695314866577
37,4,32,17,IFIT2,0.02959987665642373
37,4,32,18,CLEC1B,0.028857909753842302
37,4,32,19,HIST1H2BG,0.02874854308129623
37,4,32,20,IRF8,0.028597396385735375
37,4,32,21,HIST1H1B,0.027942078433189105
37,4,32,22,HIST1H1E,0.02738521115710244
37,4,32,23,LY86,0.027296204682910708
37,4,32,24,HIST1H2AE,0.027086717613711467
37,4,32,25,LTF,0.02685723098190587
37,4,32,26,TNFSF10,0.026846763321389907
37,4,32,27,HIST2H2BF,0.02606941044234154
37,4,32,28,KIAA0367,0.026020666942770436
37,4,32,29,LOC728835,0.02599163251905732
37,4,32,30,DEFA4,0.025937298962483618
37,4,32,31,CEACAM8,0.025873760285949232
37,4,32,32,SNORD3C,0.025733778672724403
37,8,8,1,KLHL15,0.09014306904227937
37,8,8,2,NEU4,0.06695971956209099
37,8,8,3,MAFB,0.06133397224128413
37,8,8,4,G0S2,0.059194004962355294
37,8,8,5,SELENBP1,0.058969854108117094
37,8,8,6,SLC4A1,0.05837741810775403
37,8,8,7,ADM,0.057357816501320553
37,8,8,8,RAP1GAP,0.057008520316678295
37,8,16,1,KLHL15,0.09014306904227937
37,8,16,2,NEU4,0.06695971956209099
37,8,16,3,MAFB,0.06133397224128413
37,8,16,4,G0S2,0.059194004962355294
37,8,16,5,SELENBP1,0.058969854108117094
37,8,16,6,SLC4A1,0.05837741810775403
37,8,16,7,ADM,0.057357816501320553
37,8,16,8,RAP1GAP,0.057008520316678295
37,8,16,9,SPTA1,0.05598713478831329
37,8,16,10,TNFSF10,0.05586470875992125
37,8,16,11,EPB42,0.05572045097213847
37,8,16,12,CDC20,0.055321580083294825
37,8,16,13,SIK1,0.054632807902457954
37,8,16,14,GAPDHL6,0.05443601191596725
37,8,16,15,IFIT1L,0.05425417654379888
37,8,16,16,IFI27,0.053850212833494816
37,8,32,1,KLHL15,0.09014306904227937
37,8,32,2,NEU4,0.06695971956209099
37,8,32,3,MAFB,0.06133397224128413
37,8,32,4,G0S2,0.059194004962355294
37,8,32,5,SELENBP1,0.058969854108117094
37,8,32,6,SLC4A1,0.05837741810775403
37,8,32,7,ADM,0.057357816501320553
37,8,32,8,RAP1GAP,0.057008520316678295
37,8,32,9,SPTA1,0.05598713478831329
37,8,32,10,TNFSF10,0.05586470875992125
37,8,32,11,EPB42,0.05572045097213847
37,8,32,12,CDC20,0.055321580083294825
37,8,32,13,SIK1,0.054632807902457954
37,8,32,14,GAPDHL6,0.05443601191596725
37,8,32,15,IFIT1L,0.05425417654379888
37,8,32,16,IFI27,0.053850212833494816
37,8,32,17,GYPB,0.05354173497876435
37,8,32,18,VCAN,0.05215912352776563
37,8,32,19,RHAG,0.05099607823316544
37,8,32,20,PI3,0.05098665681794602
37,8,32,21,SERPINE2,0.050983274693870186
37,8,32,22,AHSP,0.050735443960548667
37,8,32,23,OSBP2,0.050194224859759266
37,8,32,24,CA1,0.0492960657592528
37,8,32,25,IL8RB,0.04876865880257725
37,8,32,26,RNU5A,0.04830671837476787
37,8,32,27,TGFBI,0.048278622193005674
37,8,32,28,GIMAP4,0.04809427449085721
37,8,32,29,HBM,0.0478049590180125
37,8,32,30,HBEGF,0.04707514088320339
37,8,32,31,HLA-DRB4,0.04682403591893158
37,8,32,32,VWF,0.04664441586887045
37,16,8,1,GAPDHL6,0.17164392676070364
37,16,8,2,DEFB1,0.14858683530224623
37,16,8,3,IFI27,0.14434540696683182
37,16,8,4,LOC100133875,0.1340464157829872
37,16,8,5,LOC654055,0.1220599797512809
37,16,8,6,BAMBI,0.1173375582370053
37,16,8,7,KLHL15,0.11687355967129737
37,16,8,8,LOC729645,0.11649170172294522
37,16,16,1,GAPDHL6,0.17164392676070364
37,16,16,2,DEFB1,0.14858683530224623
37,16,16,3,IFI27,0.14434540696683182
37,16,16,4,LOC100133875,0.1340464157829872
37,16,16,5,LOC654055,0.1220599797512809
37,16,16,6,BAMBI,0.1173375582370053
37,16,16,7,KLHL15,0.11687355967129737
37,16,16,8,LOC729645,0.11649170172294522
37,16,16,9,HLA-A29.1,0.11642216278090482
37,16,16,10,GTSF1,0.11472013009976367
37,16,16,11,TPSAB1,0.11096388320964161
37,16,16,12,LILRA3,0.1109133435525707
37,16,16,13,LOC100132394,0.10799253438245784
37,16,16,14,HOXA5,0.10454994565746066
37,16,16,15,LOC644936,0.10357026316809718
37,16,16,16,HLA-DRB1,0.09978415138861017
37,16,32,1,GAPDHL6,0.17164392676070364
37,16,32,2,DEFB1,0.14858683530224623
37,16,32,3,IFI27,0.14434540696683182
37,16,32,4,LOC100133875,0.1340464157829872
37,16,32,5,LOC654055,0.1220599797512809
37,16,32,6,BAMBI,0.1173375582370053
37,16,32,7,KLHL15,0.11687355967129737
37,16,32,8,LOC729645,0.11649170172294522
37,16,32,9,HLA-A29.1,0.11642216278090482
37,16,32,10,GTSF1,0.11472013009976367
37,16,32,11,TPSAB1,0.11096388320964161
37,16,32,12,LILRA3,0.1109133435525707
37,16,32,13,LOC100132394,0.10799253438245784
37,16,32,14,HOXA5,0.10454994565746066
37,16,32,15,LOC644936,0.10357026316809718
37,16,32,16,HLA-DRB1,0.09978415138861017
37,16,32,17,GSTM1,0.0991816111766669
37,16,32,18,TPSB2,0.0984209104385533
37,16,32,19,RPS4Y2,0.09827493198851697
37,16,32,20,RNU5A,0.09748408680440475
37,16,32,21,IFIT2,0.09600647976889332
37,16,32,22,IFIT3,0.09536511257633419
37,16,32,23,PI3,0.09500522068657757
37,16,32,24,KIAA0367,0.09452638085491936
37,16,32,25,THBS1,0.09256634545654602
37,16,32,26,RAP1GAP,0.09194417251174833
37,16,32,27,HES4,0.09110959502275616
37,16,32,28,RPS4Y1,0.08958757891677889
37,16,32,29,C1orf150,0.08819412154640086
37,16,32,30,HLA-DRB5,0.08818766081986758
37,16,32,31,LOC100133662,0.08811949982508538
37,16,32,32,IL1B,0.08753201177526478
38,4,8,1,TNFSF10,0.045811411869878964
38,4,8,2,VWF,0.044200206907116395
38,4,8,3,MPL,0.04053355676839217
38,4,8,4,ESAM,0.03976320400348416
38,4,8,5,GIMAP4,0.037012953134455094
38,4,8,6,MS4A2,0.0369551536006804
38,4,8,7,RBPMS2,0.03668031569351934
38,4,8,8,CLEC1B,0.036528695927350044
38,4,16,1,TNFSF10,0.045811411869878964
38,4,16,2,VWF,0.044200206907116395
38,4,16,3,MPL,0.04053355676839217
38,4,16,4,ESAM,0.03976320400348416
38,4,16,5,GIMAP4,0.037012953134455094
38,4,16,6,MS4A2,0.0369551536006804
38,4,16,7,RBPMS2,0.03668031569351934
38,4,16,8,CLEC1B,0.036528695927350044
38,4,16,9,SLC45A3,0.03543804299258512
38,4,16,10,SERPINE2,0.03487604087541364
38,4,16,11,RRM2,0.03346087962699575
38,4,16,12,FGL2,0.03275781791620943
38,4,16,13,ITGA2B,0.03211734800855963
38,4,16,14,MAFB,0.03163263072210653
38,4,16,15,PROS1,0.031275670715969484
38,4,16,16,GP9,0.03099143786031476
38,4,32,1,TNFSF10,0.045811411869878964
38,4,32,2,VWF,0.044200206907116395
38,4,32,3,MPL,0.04053355676839217
38,4,32,4,ESAM,0.03976320400348416
38,4,32,5,GIMAP4,0.037012953134455094
38,4,32,6,MS4A2,0.0369551536006804
38,4,32,7,RBPMS2,0.03668031569351934
38,4,32,8,CLEC1B,0.036528695927350044
38,4,32,9,SLC45A3,0.03543804299258512
38,4,32,10,SERPINE2,0.03487604087541364
38,4,32,11,RRM2,0.03346087962699575
38,4,32,12,FGL2,0.03275781791620943
38,4,32,13,ITGA2B,0.03211734800855963
38,4,32,14,MAFB,0.03163263072210653
38,4,32,15,PROS1,0.031275670715969484
38,4,32,16,GP9,0.03099143786031476
38,4,32,17,GIMAP8,0.0309300359297371
38,4,32,18,SNORD3C,0.03080681932240011
38,4,32,19,PRAGMIN,0.03062440281245515
38,4,32,20,TSPAN33,0.029957476746194416
38,4,32,21,CX3CR1,0.0293902704492
38,4,32,22,RNU1F1,0.028931731397466843
38,4,32,23,GJB6,0.02887364861919939
38,4,32,24,TGFBI,0.028859302972500004
38,4,32,25,HIST1H4E,0.028816915518942148
38,4,32,26,SNORD3A,0.028454247922710334
38,4,32,27,PPBP,0.02799153423315546
38,4,32,28,VCAN,0.027841319930995825
38,4,32,29,HIST2H3A,0.02689809056495032
38,4,32,30,RNU1A3,0.026715405246260093
38,4,32,31,HIST2H2BF,0.02663667339862816
38,4,32,32,HIST1H2AM,0.026414582051398516
38,8,8,1,SLC4A1,0.07230444271560808
38,8,8,2,LOC644936,0.07192727115064879
38,8,8,3,EPB42,0.06952081652540704
38,8,8,4,GYPB,0.0686294187114744
38,8,8,5,IFIT1L,0.06833414808856296
38,8,8,6,KIAA0367,0.06725429560626542
38,8,8,7,SPTA1,0.06244538006578804
38,8,8,8,AHSP,0.06232118832388357
38,8,16,1,SLC4A1,0.07230444271560808
38,8,16,2,LOC644936,0.07192727115064879
38,8,16,3,EPB42,0.06952081652540704
38,8,16,4,GYPB,0.0686294187114744
38,8,16,5,IFIT1L,0.06833414808856296
38,8,16,6,KIAA0367,0.06725429560626542
38,8,16,7,SPTA1,0.06244538006578804
38,8,16,8,AHSP,0.06232118832388357
38,8,16,9,HBM,0.06226935096703549
38,8,16,10,CA1,0.06018174101790676
38,8,16,11,OSBP2,0.056870171311049496
38,8,16,12,IL8RB,0.056004551730615956
38,8,16,13,RHAG,0.055603990025612476
38,8,16,14,SERPINE2,0.054985794321179074
38,8,16,15,LGALS2,0.0545958368215919
38,8,16,16,PRSSL1,0.0540557137746866
38,8,32,1,SLC4A1,0.07230444271560808
38,8,32,2,LOC644936,0.07192727115064879
38,8,32,3,EPB42,0.06952081652540704
38,8,32,4,GYPB,0.0686294187114744
38,8,32,5,IFIT1L,0.06833414808856296
38,8,32,6,KIAA0367,0.06725429560626542
38,8,32,7,SPTA1,0.06244538006578804
38,8,32,8,AHSP,0.06232118832388357
38,8,32,9,HBM,0.06226935096703549
38,8,32,10,CA1,0.06018174101790676
38,8,32,11,OSBP2,0.056870171311049496
38,8,32,12,IL8RB,0.056004551730615956
38,8,32,13,RHAG,0.055603990025612476
38,8,32,14,SERPINE2,0.054985794321179074
38,8,32,15,LGALS2,0.0545958368215919
38,8,32,16,PRSSL1,0.0540557137746866
38,8,32,17,VWF,0.05372474898305599
38,8,32,18,RAP1GAP,0.05309700663228857
38,8,32,19,TGFBI,0.051771021925487416
38,8,32,20,CLIC3,0.05080134140434105
38,8,32,21,MAFB,0.050698656809392006
38,8,32,22,DEFB1,0.05049234927070312
38,8,32,23,TNFSF10,0.0503892451499121
38,8,32,24,LAMA5,0.049622445514878294
38,8,32,25,ADM,0.04940758361651225
38,8,32,26,NEU4,0.04914399570947047
38,8,32,27,SLC45A3,0.046785135252567285
38,8,32,28,VCAN,0.04634016916991407
38,8,32,29,MPL,0.046215892283261346
38,8,32,30,BEX1,0.045439353528122534
38,8,32,31,IFIT2,0.045388682248715284
38,8,32,32,MS4A2,0.04516079291944378
38,16,8,1,LOC644936,0.17853469244161183
38,16,8,2,LOC100133875,0.14604190055155802
38,16,8,3,DEFB1,0.1411066272599667
38,16,8,4,KIAA0367,0.13709899722507468
38,16,8,5,GAPDHL6,0.132630663305515
38,16,8,6,LILRA3,0.13252412707300285
38,16,8,7,GSTM1,0.13071558968359423
38,16,8,8,IFI27,0.11998534545742051
38,16,16,1,LOC644936,0.17853469244161183
38,16,16,2,LOC100133875,0.14604190055155802
38,16,16,3,DEFB1,0.1411066272599667
38,16,16,4,KIAA0367,0.13709899722507468
38,16,16,5,GAPDHL6,0.132630663305515
38,16,16,6,LILRA3,0.13252412707300285
38,16,16,7,GSTM1,0.13071558968359423
38,16,16,8,IFI27,0.11998534545742051
38,16,16,9,LGALS2,0.11680049738590942
38,16,16,10,HLA-DRB5,0.11315303323420295
38,16,16,11,LOC654055,0.11119628877529388
38,16,16,12,TPSAB1,0.10984770698538102
38,16,16,13,THBS1,0.10595262580213738
38,16,16,14,TPSB2,0.10510356969111258
38,16,16,15,IL1B,0.10173259711858003
38,16,16,16,C1orf150,0.10020135126650731
38,16,32,1,LOC644936,0.17853469244161183
38,16,32,2,LOC100133875,0.14604190055155802
38,16,32,3,DEFB1,0.1411066272599667
38,16,32,4,KIAA0367,0.13709899722507468
38,16,32,5,GAPDHL6,0.132630663305515
38,16,32,6,LILRA3,0.13252412707300285
38,16,32,7,GSTM1,0.13071558968359423
38,16,32,8,IFI27,0.11998534545742051
38,16,32,9,LGALS2,0.11680049738590942
38,16,32,10,HLA-DRB5,0.11315303323420295
38,16,32,11,LOC654055,0.11119628877529388
38,16,32,12,TPSAB1,0.10984770698538102
38,16,32,13,THBS1,0.10595262580213738
38,16,32,14,TPSB2,0.10510356969111258
38,16,32,15,IL1B,0.10173259711858003
38,16,32,16,C1orf150,0.10020135126650731
38,16,32,17,LOC729645,0.10013033845122682
38,16,32,18,KLHL15,0.09809020809332002
38,16,32,19,TEX101,0.09632935658958873
38,16,32,20,SPRYD5,0.0951562515040792
38,16,32,21,CYorf15A,0.09390316872258546
38,16,32,22,XIST,0.09199231073191391
38,16,32,23,PI3,0.09192197976599548
38,16,32,24,RAP1GAP,0.0909802339619852
38,16,32,25,RPS4Y1,0.09022383617196489
38,16,32,26,LOC100133662,0.08948897723424441
38,16,32,27,PRKY,0.0889270383182584
38,16,32,28,VCAN,0.08883305899109925
38,16,32,29,RPS4Y2,0.08882706497742719
38,16,32,30,HLA-A29.1,0.08802835272577542
38,16,32,31,LOC100132394,0.08740783133212798
38,16,32,32,LOC654101,0.08664748240178345
39,4,8,1,VWF,0.05947914443748703
39,4,8,2,RBPMS2,0.04935945578905905
39,4,8,3,GJB6,0.04602101093572612
39,4,8,4,ESAM,0.04555345988175528
39,4,8,5,ITGA2B,0.04176598336492241
39,4,8,6,SERPINE2,0.037037410879653676
39,4,8,7,PHACTR1,0.03570681853872316
39,4,8,8,HBEGF,0.033339474414928835
39,4,16,1,VWF,0.05947914443748703
39,4,16,2,RBPMS2,0.04935945578905905
39,4,16,3,GJB6,0.04602101093572612
39,4,16,4,ESAM,0.04555345988175528
39,4,16,5,ITGA2B,0.04176598336492241
39,4,16,6,SERPINE2,0.037037410879653676
39,4,16,7,PHACTR1,0.03570681853872316
39,4,16,8,HBEGF,0.033339474414928835
39,4,16,9,ADM,0.03310361879327091
39,4,16,10,TSPAN33,0.03264674993705775
39,4,16,11,CLEC1B,0.032624950185019555
39,4,16,12,KLHL15,0.03201327266180838
39,4,16,13,GP9,0.0316375125236198
39,4,16,14,HES4,0.030542958439801947
39,4,16,15,XIST,0.03042826182072189
39,4,16,16,C15orf48,0.02979807159100525
39,4,32,1,VWF,0.05947914443748703
39,4,32,2,RBPMS2,0.04935945578905905
39,4,32,3,GJB6,0.04602101093572612
39,4,32,4,ESAM,0.04555345988175528
39,4,32,5,ITGA2B,0.04176598336492241
39,4,32,6,SERPINE2,0.037037410879653676
39,4,32,7,PHACTR1,0.03570681853872316
39,4,32,8,HBEGF,0.033339474414928835
39,4,32,9,ADM,0.03310361879327091
39,4,32,10,TSPAN33,0.03264674993705775
39,4,32,11,CLEC1B,0.032624950185019555
39,4,32,12,KLHL15,0.03201327266180838
39,4,32,13,GP9,0.0316375125236198
39,4,32,14,HES4,0.030542958439801947
39,4,32,15,XIST,0.03042826182072189
39,4,32,16,C15orf48,0.02979807159100525
39,4,32,17,TNFSF10,0.029659179633965478
39,4,32,18,RNU5A,0.029568200921841647
39,4,32,19,MAFB,0.029432861106480714
39,4,32,20,LOC653610,0.02889262425126769
39,4,32,21,HIST1H4E,0.02860097704567705
39,4,32,22,HIST2H2AB,0.028504348079811472
39,4,32,23,RNU4-1,0.02845961229943376
39,4,32,24,GIMAP4,0.027753807250718715
39,4,32,25,CX3CR1,0.027586358204210217
39,4,32,26,ITGB3,0.02749692561807628
39,4,32,27,SIK1,0.02688033868810224
39,4,32,28,CYorf15A,0.026388317605133726
39,4,32,29,FGL2,0.025621789159527626
39,4,32,30,MGC13057,0.025481433785045953
39,4,32,31,PRAGMIN,0.0249663569995316
39,4,32,32,GIMAP8,0.024782240772010383
39,8,8,1,SELENBP1,0.06873094596416365
39,8,8,2,VCAN,0.06382680664582555
39,8,8,3,VWF,0.06381997058344628
39,8,8,4,SLC4A1,0.06371720325699592
39,8,8,5,SNCA,0.0632897874046073
39,8,8,6,OSBP2,0.06252954438673927
39,8,8,7,EPB42,0.06239243769120059
39,8,8,8,IFIT1L,0.06175468439657781
39,8,16,1,SELENBP1,0.06873094596416365
39,8,16,2,VCAN,0.06382680664582555
39,8,16,3,VWF,0.06381997058344628
39,8,16,4,SLC4A1,0.06371720325699592
39,8,16,5,SNCA,0.0632897874046073
39,8,16,6,OSBP2,0.06252954438673927
39,8,16,7,EPB42,0.06239243769120059
39,8,16,8,IFIT1L,0.06175468439657781
39,8,16,9,AHSP,0.06015533423937902
39,8,16,10,RAP1GAP,0.05888559799715383
39,8,16,11,CLEC11A,0.05780821865323022
39,8,16,12,IFI27,0.05650828702689082
39,8,16,13,CLIC3,0.05649866411038484
39,8,16,14,SERPINE2,0.056466164240890016
39,8,16,15,RHAG,0.05596727823053948
39,8,16,16,HBM,0.05364014300974018
39,8,32,1,SELENBP1,0.06873094596416365
39,8,32,2,VCAN,0.06382680664582555
39,8,32,3,VWF,0.06381997058344628
39,8,32,4,SLC4A1,0.06371720325699592
39,8,32,5,SNCA,0.0632897874046073
39,8,32,6,OSBP2,0.06252954438673927
39,8,32,7,EPB42,0.06239243769120059
39,8,32,8,IFIT1L,0.06175468439657781
39,8,32,9,AHSP,0.06015533423937902
39,8,32,10,RAP1GAP,0.05888559799715383
39,8,32,11,CLEC11A,0.05780821865323022
39,8,32,12,IFI27,0.05650828702689082
39,8,32,13,CLIC3,0.05649866411038484
39,8,32,14,SERPINE2,0.056466164240890016
39,8,32,15,RHAG,0.05596727823053948
39,8,32,16,HBM,0.05364014300974018
39,8,32,17,RBPMS2,0.05323220703661575
39,8,32,18,LGALS2,0.05318099009129278
39,8,32,19,CA1,0.053025103520588174
39,8,32,20,KIAA0367,0.051849050529817114
39,8,32,21,GYPB,0.05178673109303663
39,8,32,22,ESAM,0.051730084827200144
39,8,32,23,TNFRSF21,0.051239215863027314
39,8,32,24,MAFB,0.05111578004495536
39,8,32,25,CCL4L1,0.05067928012153871
39,8,32,26,ITGB3,0.05052479278057873
39,8,32,27,SPTA1,0.050305584424373356
39,8,32,28,PI3,0.05021672567536884
39,8,32,29,ADM,0.04968329080186062
39,8,32,30,IL8RB,0.04962278793582424
39,8,32,31,GJB6,0.049472607295115476
39,8,32,32,ITGA2B,0.048681911989417154
39,16,8,1,DEFB1,0.1671836100127219
39,16,8,2,BAMBI,0.14614205937957941
39,16,8,3,GAPDHL6,0.13617071461869268
39,16,8,4,HLA-A29.1,0.13545520378355969
39,16,8,5,KIAA0367,0.12547123158544565
39,16,8,6,LOC727908,0.12096950323794761
39,16,8,7,GTSF1,0.11924810102754507
39,16,8,8,HLA-DRB5,0.1186144959499072
39,16,16,1,DEFB1,0.1671836100127219
39,16,16,2,BAMBI,0.14614205937957941
39,16,16,3,GAPDHL6,0.13617071461869268
39,16,16,4,HLA-A29.1,0.13545520378355969
39,16,16,5,KIAA0367,0.12547123158544565
39,16,16,6,LOC727908,0.12096950323794761
39,16,16,7,GTSF1,0.11924810102754507
39,16,16,8,HLA-DRB5,0.1186144959499072
39,16,16,9,LOC644936,0.11589127075999757
39,16,16,10,LOC654055,0.11457645573648712
39,16,16,11,TPSAB1,0.11248023485348232
39,16,16,12,RPS4Y2,0.11219525224095084
39,16,16,13,ABP1,0.11019639484038157
39,16,16,14,LOC729645,0.1087865676136399
39,16,16,15,TPSB2,0.10626981446490197
39,16,16,16,MIR1974,0.10373380026289566
39,16,32,1,DEFB1,0.1671836100127219
39,16,32,2,BAMBI,0.14614205937957941
39,16,32,3,GAPDHL6,0.13617071461869268
39,16,32,4,HLA-A29.1,0.13545520378355969
39,16,32,5,KIAA0367,0.12547123158544565
39,16,32,6,LOC727908,0.12096950323794761
39,16,32,7,GTSF1,0.11924810102754507
39,16,32,8,HLA-DRB5,0.1186144959499072
39,16,32,9,LOC644936,0.11589127075999757
39,16,32,10,LOC654055,0.11457645573648712
39,16,32,11,TPSAB1,0.11248023485348232
39,16,32,12,RPS4Y2,0.11219525224095084
39,16,32,13,ABP1,0.11019639484038157
39,16,32,14,LOC729645,0.1087865676136399
39,16,32,15,TPSB2,0.10626981446490197
39,16,32,16,MIR1974,0.10373380026289566
39,16,32,17,IL1B,0.0994692723242129
39,16,32,18,HLA-DRB1,0.09892732808754966
39,16,32,19,C1orf150,0.09642040330616239
39,16,32,20,LOC100133662,0.09601288689180511
39,16,32,21,RPS4Y1,0.09523271163981367
39,16,32,22,RAP1GAP,0.09401786873127421
39,16,32,23,LOC100132394,0.09282761170295631
39,16,32,24,XIST,0.0925116290799473
39,16,32,25,LGALS2,0.09221889410589115
39,16,32,26,TEX101,0.09207259849848869
39,16,32,27,GSTM1,0.09139486597312581
39,16,32,28,VWF,0.0894072173657227
39,16,32,29,GATA2,0.08910748135738067
39,16,32,30,VCAN,0.0889303527968396
39,16,32,31,SERPINE2,0.08856626753008912
39,16,32,32,PRKY,0.08838786074530174
40,4,8,1,IL8RB,0.033059106451113485
40,4,8,2,HIST1H4E,0.03292254998495563
40,4,8,3,EMP1,0.03261928924751245
40,4,8,4,HIST2H3A,0.03146686925925288
40,4,8,5,LOC653610,0.030304072106624346
40,4,8,6,TMCC2,0.030265337795834502
40,4,8,7,HIST1H1E,0.029226630461156054
40,4,8,8,HIST2H2BF,0.029165160181995605
40,4,16,1,IL8RB,0.033059106451113485
40,4,16,2,HIST1H4E,0.03292254998495563
40,4,16,3,EMP1,0.03261928924751245
40,4,16,4,HIST2H3A,0.03146686925925288
40,4,16,5,LOC653610,0.030304072106624346
40,4,16,6,TMCC2,0.030265337795834502
40,4,16,7,HIST1H1E,0.029226630461156054
40,4,16,8,HIST2H2BF,0.029165160181995605
40,4,16,9,HIST1H2BG,0.028949176645882837
40,4,16,10,ADM,0.02837776301104823
40,4,16,11,IFI27,0.02802084568983796
40,4,16,12,FGFBP2,0.027361471259056032
40,4,16,13,PRG3,0.027015725774668792
40,4,16,14,HIST1H1B,0.026720133212087938
40,4,16,15,GYPB,0.026458571538364624
40,4,16,16,GADD45B,0.02645190921178872
40,4,32,1,IL8RB,0.033059106451113485
40,4,32,2,HIST1H4E,0.03292254998495563
40,4,32,3,EMP1,0.03261928924751245
40,4,32,4,HIST2H3A,0.03146686925925288
40,4,32,5,LOC653610,0.030304072106624346
40,4,32,6,TMCC2,0.030265337795834502
40,4,32,7,HIST1H1E,0.029226630461156054
40,4,32,8,HIST2H2BF,0.029165160181995605
40,4,32,9,HIST1H2BG,0.028949176645882837
40,4,32,10,ADM,0.02837776301104823
40,4,32,11,IFI27,0.02802084568983796
40,4,32,12,FGFBP2,0.027361471259056032
40,4,32,13,PRG3,0.027015725774668792
40,4,32,14,HIST1H1B,0.026720133212087938
40,4,32,15,GYPB,0.026458571538364624
40,4,32,16,GADD45B,0.02645190921178872
40,4,32,17,IFIT1L,0.025609640546706707
40,4,32,18,SNORD3C,0.025544257754946745
40,4,32,19,EPB42,0.02514010739902333
40,4,32,20,C16orf75,0.02502206216299293
40,4,32,21,HIST1H2AH,0.024999861815417104
40,4,32,22,EOMES,0.024859531259535123
40,4,32,23,RPS4Y2,0.024755775259690315
40,4,32,24,HIST1H2AE,0.024696014459644505
40,4,32,25,SNORD3A,0.024442391082727524
40,4,32,26,MX1,0.024331354676791685
40,4,32,27,CEP55,0.02430978714628435
40,4,32,28,HIST1H1D,0.02422353957607012
40,4,32,29,GTSF1,0.02414381392221796
40,4,32,30,KIAA0367,0.023947023805334016
40,4,32,31,EPDR1,0.023737040401377817
40,4,32,32,SLC4A1,0.02371090278045547
40,8,8,1,LAMA5,0.07480005280542361
40,8,8,2,DEFB1,0.0745532871351871
40,8,8,3,XIST,0.06837598985675168
40,8,8,4,PRKY,0.06419425941834496
40,8,8,5,RPS4Y2,0.06248438837559801
40,8,8,6,LOC644936,0.0621464859651432
40,8,8,7,KIAA0367,0.06153429172326957
40,8,8,8,CYorf15B,0.06056052661442268
40,8,16,1,LAMA5,0.07480005280542361
40,8,16,2,DEFB1,0.0745532871351871
40,8,16,3,XIST,0.06837598985675168
40,8,16,4,PRKY,0.06419425941834496
40,8,16,5,RPS4Y2,0.06248438837559801
40,8,16,6,LOC644936,0.0621464859651432
40,8,16,7,KIAA0367,0.06153429172326957
40,8,16,8,CYorf15B,0.06056052661442268
40,8,16,9,VWF,0.05969482546253683
40,8,16,10,LOC100133662,0.059514863506700405
40,8,16,11,RPS4Y1,0.0590691932747747
40,8,16,12,CYorf15A,0.0587933082316708
40,8,16,13,CDC20,0.058629923271766575
40,8,16,14,IFI27,0.056847187757102895
40,8,16,15,EIF1AY,0.051150589049311426
40,8,16,16,VCAN,0.05067600809842869
40,8,32,1,LAMA5,0.07480005280542361
40,8,32,2,DEFB1,0.0745532871351871
40,8,32,3,XIST,0.06837598985675168
40,8,32,4,PRKY,0.06419425941834496
40,8,32,5,RPS4Y2,0.06248438837559801
40,8,32,6,LOC644936,0.0621464859651432
40,8,32,7,KIAA0367,0.06153429172326957
40,8,32,8,CYorf15B,0.06056052661442268
40,8,32,9,VWF,0.05969482546253683
40,8,32,10,LOC100133662,0.059514863506700405
40,8,32,11,RPS4Y1,0.0590691932747747
40,8,32,12,CYorf15A,0.0587933082316708
40,8,32,13,CDC20,0.058629923271766575
40,8,32,14,IFI27,0.056847187757102895
40,8,32,15,EIF1AY,0.051150589049311426
40,8,32,16,VCAN,0.05067600809842869
40,8,32,17,HIST2H2BF,0.050424897820873844
40,8,32,18,JARID1D,0.05018392635778733
40,8,32,19,IL1B,0.04996234527949007
40,8,32,20,TGFBI,0.04968696784345359
40,8,32,21,DLGAP5,0.04901479654074272
40,8,32,22,TNFSF10,0.04794418528840735
40,8,32,23,LGALS2,0.046550943273438394
40,8,32,24,IL8RB,0.046058533801187886
40,8,32,25,OSM,0.04582152594459219
40,8,32,26,FGL2,0.04528346980540437
40,8,32,27,LTF,0.04440624588515866
40,8,32,28,TACSTD2,0.043578690360116835
40,8,32,29,HBM,0.04354538827967124
40,8,32,30,RBPMS2,0.04322084141336821
40,8,32,31,EPB42,0.042977145844762865
40,8,32,32,LY86,0.042348831661665906
40,16,8,1,DEFB1,0.15865570968911874
40,16,8,2,HLA-A29.1,0.13020188661975382
40,16,8,3,LOC100133875,0.12936865975643824
40,16,8,4,IFI27,0.1191903974338927
40,16,8,5,LOC644936,0.11747177299349039
40,16,8,6,BAMBI,0.11663396132411591
40,16,8,7,HBBP1,0.11478974184485341
40,16,8,8,GAPDHL6,0.11046404311633477
40,16,16,1,DEFB1,0.15865570968911874
40,16,16,2,HLA-A29.1,0.13020188661975382
40,16,16,3,LOC100133875,0.12936865975643824
40,16,16,4,IFI27,0.1191903974338927
40,16,16,5,LOC644936,0.11747177299349039
40,16,16,6,BAMBI,0.11663396132411591
40,16,16,7,HBBP1,0.11478974184485341
40,16,16,8,GAPDHL6,0.11046404311633477
40,16,16,9,OSM,0.10901554927793816
40,16,16,10,LILRA3,0.10633645766323681
40,16,16,11,KIAA0367,0.10485005192025629
40,16,16,12,LOC100132394,0.10468442615410091
40,16,16,13,LOC731682,0.10068739198555374
40,16,16,14,TPSAB1,0.09704288790656587
40,16,16,15,LAMA5,0.0956738193558509
40,16,16,16,IL1B,0.09541688288994504
40,16,32,1,DEFB1,0.15865570968911874
40,16,32,2,HLA-A29.1,0.13020188661975382
40,16,32,3,LOC100133875,0.12936865975643824
40,16,32,4,IFI27,0.1191903974338927
40,16,32,5,LOC644936,0.11747177299349039
40,16,32,6,BAMBI,0.11663396132411591
40,16,32,7,HBBP1,0.11478974184485341
40,16,32,8,GAPDHL6,0.11046404311633477
40,16,32,9,OSM,0.10901554927793816
40,16,32,10,LILRA3,0.10633645766323681
40,16,32,11,KIAA0367,0.10485005192025629
40,16,32,12,LOC100132394,0.10468442615410091
40,16,32,13,LOC731682,0.10068739198555374
40,16,32,14,TPSAB1,0.09704288790656587
40,16,32,15,LAMA5,0.0956738193558509
40,16,32,16,IL1B,0.09541688288994504
40,16,32,17,TEX101,0.09534116377495773
40,16,32,18,KIAA1324,0.09479817441938905
40,16,32,19,C1orf150,0.09342155860191545
40,16,32,20,LOC654055,0.09269781978236105
40,16,32,21,TPSB2,0.09261972520250088
40,16,32,22,RPS4Y2,0.08976148118190558
40,16,32,23,NEU4,0.08914458571749284
40,16,32,24,LGALS2,0.08896061524260956
40,16,32,25,ABP1,0.08724828447302589
40,16,32,26,HOXA5,0.08631213946053007
40,16,32,27,GTSF1,0.08554037572888828
40,16,32,28,SPRYD5,0.0840842685483523
40,16,32,29,LOC727908,0.08408343048006531
40,16,32,30,MX1,0.08309696896157345
40,16,32,31,IFITM3,0.08230058740834902
40,16,32,32,HLA-DRB1,0.08165789613395014
41,4,8,1,VWF,0.04456449435064347
41,4,8,2,MPL,0.039684781965202434
41,4,8,3,ESAM,0.03893371279784528
41,4,8,4,RBPMS2,0.03499085064644418
41,4,8,5,CLEC1B,0.03454151320903373
41,4,8,6,TSPAN33,0.03363576408103652
41,4,8,7,VCAN,0.03336447157364278
41,4,8,8,PROS1,0.03307915572222829
41,4,16,1,VWF,0.04456449435064347
41,4,16,2,MPL,0.039684781965202434
41,4,16,3,ESAM,0.03893371279784528
41,4,16,4,RBPMS2,0.03499085064644418
41,4,16,5,CLEC1B,0.03454151320903373
41,4,16,6,TSPAN33,0.03363576408103652
41,4,16,7,VCAN,0.03336447157364278
41,4,16,8,PROS1,0.03307915572222829
41,4,16,9,SERPINE2,0.03232373093043807
41,4,16,10,TGFBI,0.03196100798811903
41,4,16,11,MAFB,0.03180127422062589
41,4,16,12,TNFSF10,0.03125655302719997
41,4,16,13,MS4A2,0.0311560212089917
41,4,16,14,HIST1H4E,0.02942080139067196
41,4,16,15,ITGA2B,0.029228474116767936
41,4,16,16,HBM,0.028488814944342918
41,4,32,1,VWF,0.04456449435064347
41,4,32,2,MPL,0.039684781965202434
41,4,32,3,ESAM,0.03893371279784528
41,4,32,4,RBPMS2,0.03499085064644418
41,4,32,5,CLEC1B,0.03454151320903373
41,4,32,6,TSPAN33,0.03363576408103652
41,4,32,7,VCAN,0.03336447157364278
41,4,32,8,PROS1,0.03307915572222829
41,4,32,9,SERPINE2,0.03232373093043807
41,4,32,10,TGFBI,0.03196100798811903
41,4,32,11,MAFB,0.03180127422062589
41,4,32,12,TNFSF10,0.03125655302719997
41,4,32,13,MS4A2,0.0311560212089917
41,4,32,14,HIST1H4E,0.02942080139067196
41,4,32,15,ITGA2B,0.029228474116767936
41,4,32,16,HBM,0.028488814944342918
41,4,32,17,HIST2H2BF,0.0284508185768511
41,4,32,18,GP9,0.02844275794984199
41,4,32,19,ITGB3,0.028126936949491834
41,4,32,20,CAMP,0.027561386997669524
41,4,32,21,DEFA4,0.027493425969477448
41,4,32,22,HIST2H3A,0.027406293756029203
41,4,32,23,HIST1H2AM,0.026891161247512615
41,4,32,24,SNORD3C,0.026441466996952566
41,4,32,25,HIST2H3C,0.026349270947825746
41,4,32,26,LAMA5,0.026296294541319872
41,4,32,27,TCN1,0.02604623087745766
41,4,32,28,IRF8,0.025945994583923663
41,4,32,29,FGL2,0.025922232631129763
41,4,32,30,CA1,0.025681517570499898
41,4,32,31,LTF,0.02561365069241794
41,4,32,32,CEACAM8,0.02528565854962945
41,8,8,1,LOC644936,0.06616048538052041
41,8,8,2,GYPB,0.06323693077817216
41,8,8,3,EPB42,0.061473559086692754
41,8,8,4,CA1,0.057953054653918284
41,8,8,5,DEFB1,0.05785774850345983
41,8,8,6,SLC4A1,0.05723461532705927
41,8,8,7,SPTA1,0.057011961004882365
41,8,8,8,HBM,0.05647125518022547
41,8,16,1,LOC644936,0.06616048538052041
41,8,16,2,GYPB,0.06323693077817216
41,8,16,3,EPB42,0.061473559086692754
41,8,16,4,CA1,0.057953054653918284
41,8,16,5,DEFB1,0.05785774850345983
41,8,16,6,SLC4A1,0.05723461532705927
41,8,16,7,SPTA1,0.057011961004882365
41,8,16,8,HBM,0.05647125518022547
41,8,16,9,IFIT1L,0.0558200018483399
41,8,16,10,VWF,0.05284677471515611
41,8,16,11,AHSP,0.05264449191032742
41,8,16,12,TNFRSF21,0.05237391779701543
41,8,16,13,KLHL15,0.052215593035774596
41,8,16,14,RHAG,0.05119774911869154
41,8,16,15,EPDR1,0.05001326525743028
41,8,16,16,RAP1GAP,0.049405260040680646
41,8,32,1,LOC644936,0.06616048538052041
41,8,32,2,GYPB,0.06323693077817216
41,8,32,3,EPB42,0.061473559086692754
41,8,32,4,CA1,0.057953054653918284
41,8,32,5,DEFB1,0.05785774850345983
41,8,32,6,SLC4A1,0.05723461532705927
41,8,32,7,SPTA1,0.057011961004882365
41,8,32,8,HBM,0.05647125518022547
41,8,32,9,IFIT1L,0.0558200018483399
41,8,32,10,VWF,0.05284677471515611
41,8,32,11,AHSP,0.05264449191032742
41,8,32,12,TNFRSF21,0.05237391779701543
41,8,32,13,KLHL15,0.052215593035774596
41,8,32,14,RHAG,0.05119774911869154
41,8,32,15,EPDR1,0.05001326525743028
41,8,32,16,RAP1GAP,0.049405260040680646
41,8,32,17,PHACTR1,0.049165187439394686
41,8,32,18,OSBP2,0.04904056565901264
41,8,32,19,TGFBI,0.048985344837453995
41,8,32,20,TPSAB1,0.048898232914088756
41,8,32,21,MAFB,0.048829471013157856
41,8,32,22,XIST,0.04850024694798191
41,8,32,23,CD83,0.04762123550444263
41,8,32,24,TNFSF10,0.04735742673043292
41,8,32,25,LAMA5,0.04698403893385138
41,8,32,26,ADM,0.04684092433274313
41,8,32,27,CYorf15A,0.046293741658789835
41,8,32,28,BAMBI,0.04549444879053729
41,8,32,29,GIMAP4,0.045167602552747356
41,8,32,30,SERPINE2,0.04475041290105694
41,8,32,31,PRSSL1,0.044688276177149426
41,8,32,32,C1orf186,0.043824697717037786
41,16,8,1,GTSF1,0.16340047891064277
41,16,8,2,LOC100133875,0.15759444739087325
41,16,8,3,BAMBI,0.15344356449556928
41,16,8,4,DEFB1,0.13372416708416351
41,16,8,5,LOC729645,0.12558994498308396
41,16,8,6,HLA-A29.1,0.12067902731970855
41,16,8,7,GAPDHL6,0.12048003794179814
41,16,8,8,LOC644936,0.11688736807505215
41,16,16,1,GTSF1,0.16340047891064277
41,16,16,2,LOC100133875,0.15759444739087325
41,16,16,3,BAMBI,0.15344356449556928
41,16,16,4,DEFB1,0.13372416708416351
41,16,16,5,LOC729645,0.12558994498308396
41,16,16,6,HLA-A29.1,0.12067902731970855
41,16,16,7,GAPDHL6,0.12048003794179814
41,16,16,8,LOC644936,0.11688736807505215
41,16,16,9,ABP1,0.11342234703200291
41,16,16,10,LOC727908,0.11178314015318676
41,16,16,11,THBS1,0.11150381444705333
41,16,16,12,KIAA0367,0.11078719339492112
41,16,16,13,LGALS2,0.10939022625628353
41,16,16,14,GSTM1,0.10816329005786063
41,16,16,15,TPSAB1,0.10436506593361947
41,16,16,16,LOC654055,0.10307025920493325
41,16,32,1,GTSF1,0.16340047891064277
41,16,32,2,LOC100133875,0.15759444739087325
41,16,32,3,BAMBI,0.15344356449556928
41,16,32,4,DEFB1,0.13372416708416351
41,16,32,5,LOC729645,0.12558994498308396
41,16,32,6,HLA-A29.1,0.12067902731970855
41,16,32,7,GAPDHL6,0.12048003794179814
41,16,32,8,LOC644936,0.11688736807505215
41,16,32,9,ABP1,0.11342234703200291
41,16,32,10,LOC727908,0.11178314015318676
41,16,32,11,THBS1,0.11150381444705333
41,16,32,12,KIAA0367,0.11078719339492112
41,16,32,13,LGALS2,0.10939022625628353
41,16,32,14,GSTM1,0.10816329005786063
41,16,32,15,TPSAB1,0.10436506593361947
41,16,32,16,LOC654055,0.10307025920493325
41,16,32,17,TPSB2,0.10060850979173953
41,16,32,18,LOC100132394,0.0998935462704913
41,16,32,19,RAP1GAP,0.099881904766007
41,16,32,20,MIR1974,0.09948061757248643
41,16,32,21,HLA-DRB5,0.09904474902102275
41,16,32,22,TNFRSF21,0.09450686734179173
41,16,32,23,IL1B,0.09390412448026894
41,16,32,24,LAMA5,0.09280488655567135
41,16,32,25,VCAN,0.09128523966775935
41,16,32,26,SLC4A1,0.09109292033763289
41,16,32,27,EPB42,0.09024032019857488
41,16,32,28,SPRYD5,0.0896558997054902
41,16,32,29,IFIT1L,0.08950690276847031
41,16,32,30,XIST,0.08876956266317905
41,16,32,31,KLHL15,0.08874668031718363
41,16,32,32,CYorf15A,0.08714178123933437
42,4,8,1,VWF,0.05148703802478137
42,4,8,2,MPL,0.04242479185614739
42,4,8,3,ESAM,0.04236709947762549
42,4,8,4,RBPMS2,0.04091930480554818
42,4,8,5,TNFSF10,0.03611740732150121
42,4,8,6,ITGA2B,0.035790306112078285
42,4,8,7,FGL2,0.034970102580427126
42,4,8,8,SERPINE2,0.03467154780358258
42,4,16,1,VWF,0.05148703802478137
42,4,16,2,MPL,0.04242479185614739
42,4,16,3,ESAM,0.04236709947762549
42,4,16,4,RBPMS2,0.04091930480554818
42,4,16,5,TNFSF10,0.03611740732150121
42,4,16,6,ITGA2B,0.035790306112078285
42,4,16,7,FGL2,0.034970102580427126
42,4,16,8,SERPINE2,0.03467154780358258
42,4,16,9,MAFB,0.03461248738834734
42,4,16,10,CLEC1B,0.034140263030075134
42,4,16,11,GJB6,0.032031786514586075
42,4,16,12,GP9,0.03178893442540346
42,4,16,13,MGC13057,0.031381464604008716
42,4,16,14,IL8RB,0.031374438827080124
42,4,16,15,TSPAN33,0.031277969827508655
42,4,16,16,PROS1,0.03073975145596503
42,4,32,1,VWF,0.05148703802478137
42,4,32,2,MPL,0.04242479185614739
42,4,32,3,ESAM,0.04236709947762549
42,4,32,4,RBPMS2,0.04091930480554818
42,4,32,5,TNFSF10,0.03611740732150121
42,4,32,6,ITGA2B,0.035790306112078285
42,4,32,7,FGL2,0.034970102580427126
42,4,32,8,SERPINE2,0.03467154780358258
42,4,32,9,MAFB,0.03461248738834734
42,4,32,10,CLEC1B,0.034140263030075134
42,4,32,11,GJB6,0.032031786514586075
42,4,32,12,GP9,0.03178893442540346
42,4,32,13,MGC13057,0.031381464604008716
42,4,32,14,IL8RB,0.031374438827080124
42,4,32,15,TSPAN33,0.031277969827508655
42,4,32,16,PROS1,0.03073975145596503
42,4,32,17,MS4A2,0.030662307396515667
42,4,32,18,XIST,0.030600163473321097
42,4,32,19,C1orf186,0.030484036216899647
42,4,32,20,SLC45A3,0.030479629227879137
42,4,32,21,RNU11,0.030443388881266964
42,4,32,22,RNU4-1,0.029946443877263564
42,4,32,23,RNU12,0.029105341910722317
42,4,32,24,SNORD3A,0.028984015128648354
42,4,32,25,GIMAP4,0.028527213719705142
42,4,32,26,SPRYD5,0.028017447843840578
42,4,32,27,GIMAP8,0.027633251927615385
42,4,32,28,SNORD3D,0.02735011125448231
42,4,32,29,HIST1H4E,0.02731001222279947
42,4,32,30,SNORD3C,0.027195514559065367
42,4,32,31,HIST1H1E,0.02618042713605377
42,4,32,32,RNU1-3,0.02502941784743165
42,8,8,1,LOC644936,0.07394515629456516
42,8,8,2,LGALS2,0.0712159378969992
42,8,8,3,KIAA0367,0.06793441763690176
42,8,8,4,TMCC2,0.06432268117261414
42,8,8,5,IFIT1L,0.06223245993123172
42,8,8,6,HBM,0.06219068745491539
42,8,8,7,GYPB,0.061939161812248525
42,8,8,8,SPTA1,0.061746294238929744
42,8,16,1,LOC644936,0.07394515629456516
42,8,16,2,LGALS2,0.0712159378969992
42,8,16,3,KIAA0367,0.06793441763690176
42,8,16,4,TMCC2,0.06432268117261414
42,8,16,5,IFIT1L,0.06223245993123172
42,8,16,6,HBM,0.06219068745491539
42,8,16,7,GYPB,0.061939161812248525
42,8,16,8,SPTA1,0.061746294238929744
42,8,16,9,SLC4A1,0.06158025021562622
42,8,16,10,EPB42,0.061314501951338335
42,8,16,11,VWF,0.059623853510402516
42,8,16,12,VCAN,0.05950318870109707
42,8,16,13,AHSP,0.058889887795867964
42,8,16,14,IL8RB,0.05742572184019214
42,8,16,15,CA1,0.056688409573050956
42,8,16,16,MAFB,0.056550166980044655
42,8,32,1,LOC644936,0.07394515629456516
42,8,32,2,LGALS2,0.0712159378969992
42,8,32,3,KIAA0367,0.06793441763690176
42,8,32,4,TMCC2,0.06432268117261414
42,8,32,5,IFIT1L,0.06223245993123172
42,8,32,6,HBM,0.06219068745491539
42,8,32,7,GYPB,0.061939161812248525
42,8,32,8,SPTA1,0.061746294238929744
42,8,32,9,SLC4A1,0.06158025021562622
42,8,32,10,EPB42,0.061314501951338335
42,8,32,11,VWF,0.059623853510402516
42,8,32,12,VCAN,0.05950318870109707
42,8,32,13,AHSP,0.058889887795867964
42,8,32,14,IL8RB,0.05742572184019214
42,8,32,15,CA1,0.056688409573050956
42,8,32,16,MAFB,0.056550166980044655
42,8,32,17,IFI27,0.056516378546800076
42,8,32,18,IFIT2,0.05598374723315549
42,8,32,19,RAP1GAP,0.05542299224314792
42,8,32,20,RHAG,0.05527772498405848
42,8,32,21,SELENBP1,0.05521349539530515
42,8,32,22,ADM,0.05457240984257823
42,8,32,23,DEFB1,0.053357949496042216
42,8,32,24,OSBP2,0.05323473352493025
42,8,32,25,SERPINE2,0.051555654209960326
42,8,32,26,TGFBI,0.05129105298040323
42,8,32,27,SPRYD5,0.049875812910586285
42,8,32,28,CLIC3,0.049571712965889435
42,8,32,29,MPL,0.04780700909219921
42,8,32,30,HIST2H2BF,0.04731901455508411
42,8,32,31,MGC13057,0.04670565985429985
42,8,32,32,ESAM,0.04585189209489137
42,16,8,1,DEFB1,0.1878416083209293
42,16,8,2,LOC100133875,0.14587840324644993
42,16,8,3,LOC644936,0.14178213598016787
42,16,8,4,IFI27,0.13254442075121364
42,16,8,5,GAPDHL6,0.12254427179050989
42,16,8,6,LILRA3,0.11931727973742987
42,16,8,7,HLA-A29.1,0.11823043381900232
42,16,8,8,KIAA0367,0.11571624904052799
42,16,16,1,DEFB1,0.1878416083209293
42,16,16,2,LOC100133875,0.14587840324644993
42,16,16,3,LOC644936,0.14178213598016787
42,16,16,4,IFI27,0.13254442075121364
42,16,16,5,GAPDHL6,0.12254427179050989
42,16,16,6,LILRA3,0.11931727973742987
42,16,16,7,HLA-A29.1,0.11823043381900232
42,16,16,8,KIAA0367,0.11571624904052799
42,16,16,9,C1orf150,0.11292527434795822
42,16,16,10,HOXA5,0.11207092680093055
42,16,16,11,CDC20,0.11099668585749467
42,16,16,12,GSTM1,0.10997423533600427
42,16,16,13,LOC654055,0.10986108215175666
42,16,16,14,RAP1GAP,0.10573233137207423
42,16,16,15,RPS4Y2,0.10516319834393767
42,16,16,16,LGALS2,0.10366577587500722
42,16,32,1,DEFB1,0.1878416083209293
42,16,32,2,LOC100133875,0.14587840324644993
42,16,32,3,LOC644936,0.14178213598016787
42,16,32,4,IFI27,0.13254442075121364
42,16,32,5,GAPDHL6,0.12254427179050989
42,16,32,6,LILRA3,0.11931727973742987
42,16,32,7,HLA-A29.1,0.11823043381900232
42,16,32,8,KIAA0367,0.11571624904052799
42,16,32,9,C1orf150,0.11292527434795822
42,16,32,10,HOXA5,0.11207092680093055
42,16,32,11,CDC20,0.11099668585749467
42,16,32,12,GSTM1,0.10997423533600427
42,16,32,13,LOC654055,0.10986108215175666
42,16,32,14,RAP1GAP,0.10573233137207423
42,16,32,15,RPS4Y2,0.10516319834393767
42,16,32,16,LGALS2,0.10366577587500722
42,16,32,17,GTSF1,0.10231038001477766
42,16,32,18,HES4,0.10030035233308571
42,16,32,19,BEX1,0.09584702559558002
42,16,32,20,VCAN,0.09530032308987342
42,16,32,21,IL1B,0.09526285578393977
42,16,32,22,IFIT2,0.09495236106885988
42,16,32,23,TPSAB1,0.09471402112017058
42,16,32,24,LOC100132394,0.09163896837508617
42,16,32,25,MIR1974,0.09120917643913155
42,16,32,26,IFIT1L,0.08946683324911071
42,16,32,27,RPS4Y1,0.0884900227022249
42,16,32,28,XIST,0.08820218623478493
42,16,32,29,FOLR3,0.08775037708132208
42,16,32,30,LOC100133662,0.08765468908727969
42,16,32,31,TPSB2,0.08581556561489731
42,16,32,32,PI3,0.08576821165783895
43,4,8,1,VWF,0.04969382543070551
43,4,8,2,DEFB1,0.036939672963172514
43,4,8,3,RBPMS2,0.03542931816910353
43,4,8,4,IL8RB,0.034436153705752356
43,4,8,5,HIST1H4E,0.03438910762706633
43,4,8,6,MPL,0.033694284137347284
43,4,8,7,HIST2H3A,0.03359683059325636
43,4,8,8,IFIT3,0.03314094444170338
43,4,16,1,VWF,0.04969382543070551
43,4,16,2,DEFB1,0.036939672963172514
43,4,16,3,RBPMS2,0.03542931816910353
43,4,16,4,IL8RB,0.034436153705752356
43,4,16,5,HIST1H4E,0.03438910762706633
43,4,16,6,MPL,0.033694284137347284
43,4,16,7,HIST2H3A,0.03359683059325636
43,4,16,8,IFIT3,0.03314094444170338
43,4,16,9,HBM,0.032084612342613505
43,4,16,10,HOXA5,0.03177518247185608
43,4,16,11,IFIT2,0.03122347661426876
43,4,16,12,HIST1H2AM,0.03083971131814646
43,4,16,13,SERPINE2,0.030550513902494435
43,4,16,14,TNFSF10,0.029592806772947237
43,4,16,15,ESAM,0.0291282714637734
43,4,16,16,SNORD3C,0.028826114203771888
43,4,32,1,VWF,0.04969382543070551
43,4,32,2,DEFB1,0.036939672963172514
43,4,32,3,RBPMS2,0.03542931816910353
43,4,32,4,IL8RB,0.034436153705752356
43,4,32,5,HIST1H4E,0.03438910762706633
43,4,32,6,MPL,0.033694284137347284
43,4,32,7,HIST2H3A,0.03359683059325636
43,4,32,8,IFIT3,0.03314094444170338
43,4,32,9,HBM,0.032084612342613505
43,4,32,10,HOXA5,0.03177518247185608
43,4,32,11,IFIT2,0.03122347661426876
43,4,32,12,HIST1H2AM,0.03083971131814646
43,4,32,13,SERPINE2,0.030550513902494435
43,4,32,14,TNFSF10,0.029592806772947237
43,4,32,15,ESAM,0.0291282714637734
43,4,32,16,SNORD3C,0.028826114203771888
43,4,32,17,HIST2H2BF,0.028245540763001797
43,4,32,18,PRG3,0.02773949730383968
43,4,32,19,HIST1H1B,0.02670843686240287
43,4,32,20,HIST1H1E,0.026623401320349214
43,4,32,21,DEFA4,0.026497829484284665
43,4,32,22,MS4A2,0.02635988704437785
43,4,32,23,RGS1,0.026274928153928203
43,4,32,24,GP9,0.026266345394660398
43,4,32,25,GAPDHL6,0.026045520089092937
43,4,32,26,HIST1H2BG,0.0257747381917498
43,4,32,27,CA1,0.025639822274308798
43,4,32,28,CCL4L1,0.02561445656634548
43,4,32,29,TCN1,0.025381900831813128
43,4,32,30,TSPAN33,0.02536920832627043
43,4,32,31,AHSP,0.02535648299555454
43,4,32,32,SNORD3A,0.02528938086602958
43,8,8,1,EPB42,0.07878735285161179
43,8,8,2,CYorf15A,0.0772561508694532
43,8,8,3,RPS4Y1,0.07276956417453205
43,8,8,4,DEFB1,0.07259951166106347
43,8,8,5,SLC4A1,0.07240465497411878
43,8,8,6,XIST,0.07196668824873524
43,8,8,7,LOC100133662,0.0714716359857291
43,8,8,8,EIF1AY,0.07064118105934936
43,8,16,1,EPB42,0.07878735285161179
43,8,16,2,CYorf15A,0.0772561508694532
43,8,16,3,RPS4Y1,0.07276956417453205
43,8,16,4,DEFB1,0.07259951166106347
43,8,16,5,SLC4A1,0.07240465497411878
43,8,16,6,XIST,0.07196668824873524
43,8,16,7,LOC100133662,0.0714716359857291
43,8,16,8,EIF1AY,0.07064118105934936
43,8,16,9,PRKY,0.06615153435411728
43,8,16,10,OSBP2,0.06584258608994724
43,8,16,11,AHSP,0.06388778632698557
43,8,16,12,HBM,0.06324413372960014
43,8,16,13,VWF,0.06305978810830849
43,8,16,14,IFIT1L,0.06263494347416287
43,8,16,15,RPS4Y2,0.06161131697580816
43,8,16,16,GYPB,0.06153974480912923
43,8,32,1,EPB42,0.07878735285161179
43,8,32,2,CYorf15A,0.0772561508694532
43,8,32,3,RPS4Y1,0.07276956417453205
43,8,32,4,DEFB1,0.07259951166106347
43,8,32,5,SLC4A1,0.07240465497411878
43,8,32,6,XIST,0.07196668824873524
43,8,32,7,LOC100133662,0.0714716359857291
43,8,32,8,EIF1AY,0.07064118105934936
43,8,32,9,PRKY,0.06615153435411728
43,8,32,10,OSBP2,0.06584258608994724
43,8,32,11,AHSP,0.06388778632698557
43,8,32,12,HBM,0.06324413372960014
43,8,32,13,VWF,0.06305978810830849
43,8,32,14,IFIT1L,0.06263494347416287
43,8,32,15,RPS4Y2,0.06161131697580816
43,8,32,16,GYPB,0.06153974480912923
43,8,32,17,CA1,0.06046407123980847
43,8,32,18,JARID1D,0.0602690891258727
43,8,32,19,TNFSF10,0.05528228103690049
43,8,32,20,GAPDHL6,0.05462822156658476
43,8,32,21,IL8RB,0.05266045190124245
43,8,32,22,GTSF1,0.05260268591639729
43,8,32,23,PHACTR1,0.05190143501321532
43,8,32,24,RBPMS2,0.05156763609354125
43,8,32,25,LGALS2,0.05148198429469507
43,8,32,26,TGFBI,0.05067174973969141
43,8,32,27,LAMA5,0.048739869366330124
43,8,32,28,MAFB,0.04768668145846049
43,8,32,29,ADM,0.04737923312372021
43,8,32,30,SPTA1,0.0470473065150798
43,8,32,31,MS4A2,0.04694695884730723
43,8,32,32,IFI27,0.04676157382777156
43,16,8,1,DEFB1,0.17240171013655994
43,16,8,2,GAPDHL6,0.15730028600182838
43,16,8,3,GTSF1,0.15036573540363143
43,16,8,4,LOC100133875,0.15004856332484562
43,16,8,5,BAMBI,0.14635164716140767
43,16,8,6,IFI27,0.1415257835378101
43,16,8,7,HLA-DRB5,0.13997351848220307
43,16,8,8,LOC644936,0.12881166619355602
43,16,16,1,DEFB1,0.17240171013655994
43,16,16,2,GAPDHL6,0.15730028600182838
43,16,16,3,GTSF1,0.15036573540363143
43,16,16,4,LOC100133875,0.15004856332484562
43,16,16,5,BAMBI,0.14635164716140767
43,16,16,6,IFI27,0.1415257835378101
43,16,16,7,HLA-DRB5,0.13997351848220307
43,16,16,8,LOC644936,0.12881166619355602
43,16,16,9,HLA-A29.1,0.1286932449611999
43,16,16,10,LILRA3,0.12494378681511413
43,16,16,11,LOC654055,0.12285062771754786
43,16,16,12,GSTM1,0.12189608126166013
43,16,16,13,KLHL15,0.11585692485889448
43,16,16,14,KIAA0367,0.10771499484741345
43,16,16,15,HLA-DRB1,0.10760834619091349
43,16,16,16,IL1B,0.10546283239586665
43,16,32,1,DEFB1,0.17240171013655994
43,16,32,2,GAPDHL6,0.15730028600182838
43,16,32,3,GTSF1,0.15036573540363143
43,16,32,4,LOC100133875,0.15004856332484562
43,16,32,5,BAMBI,0.14635164716140767
43,16,32,6,IFI27,0.1415257835378101
43,16,32,7,HLA-DRB5,0.13997351848220307
43,16,32,8,LOC644936,0.12881166619355602
43,16,32,9,HLA-A29.1,0.1286932449611999
43,16,32,10,LILRA3,0.12494378681511413
43,16,32,11,LOC654055,0.12285062771754786
43,16,32,12,GSTM1,0.12189608126166013
43,16,32,13,KLHL15,0.11585692485889448
43,16,32,14,KIAA0367,0.10771499484741345
43,16,32,15,HLA-DRB1,0.10760834619091349
43,16,32,16,IL1B,0.10546283239586665
43,16,32,17,HOXA5,0.10501838505770975
43,16,32,18,LOC100132394,0.10401184976417326
43,16,32,19,LOC729645,0.10187284785455769
43,16,32,20,LAMA5,0.099901972404423
43,16,32,21,HBBP1,0.09967778040631178
43,16,32,22,TPSAB1,0.09769059187211433
43,16,32,23,MIR1974,0.09520733130207211
43,16,32,24,LGALS2,0.09482654408943827
43,16,32,25,TEX101,0.0938147028026539
43,16,32,26,RPS4Y2,0.09375941195106004
43,16,32,27,ABP1,0.0933822201620023
43,16,32,28,FOLR3,0.09269045975364845
43,16,32,29,SLC4A1,0.09204239488236508
43,16,32,30,HES4,0.09202354444060011
43,16,32,31,CYorf15A,0.09192884335913142
43,16,32,32,PRKY,0.0904443343929369
44,4,8,1,VWF,0.04854631872720836
44,4,8,2,RBPMS2,0.045183652732510314
44,4,8,3,ESAM,0.04458265585877005
44,4,8,4,ITGA2B,0.042789402204271736
44,4,8,5,PHACTR1,0.03843760813553088
44,4,8,6,HES4,0.03610504719729927
44,4,8,7,MAFB,0.036046351527435044
44,4,8,8,CLEC1B,0.03533446016690288
44,4,16,1,VWF,0.04854631872720836
44,4,16,2,RBPMS2,0.045183652732510314
44,4,16,3,ESAM,0.04458265585877005
44,4,16,4,ITGA2B,0.042789402204271736
44,4,16,5,PHACTR1,0.03843760813553088
44,4,16,6,HES4,0.03610504719729927
44,4,16,7,MAFB,0.036046351527435044
44,4,16,8,CLEC1B,0.03533446016690288
44,4,16,9,C15orf48,0.03403556254423728
44,4,16,10,TNFSF10,0.0336549870004657
44,4,16,11,GIMAP4,0.03301161069107391
44,4,16,12,ADM,0.03236279051503283
44,4,16,13,GJB6,0.03211335673582956
44,4,16,14,ITGB3,0.032080778745151126
44,4,16,15,FGL2,0.03105648472269854
44,4,16,16,SERPINE2,0.030940172536357797
44,4,32,1,VWF,0.04854631872720836
44,4,32,2,RBPMS2,0.045183652732510314
44,4,32,3,ESAM,0.04458265585877005
44,4,32,4,ITGA2B,0.042789402204271736
44,4,32,5,PHACTR1,0.03843760813553088
44,4,32,6,HES4,0.03610504719729927
44,4,32,7,MAFB,0.036046351527435044
44,4,32,8,CLEC1B,0.03533446016690288
44,4,32,9,C15orf48,0.03403556254423728
44,4,32,10,TNFSF10,0.0336549870004657
44,4,32,11,GIMAP4,0.03301161069107391
44,4,32,12,ADM,0.03236279051503283
44,4,32,13,GJB6,0.03211335673582956
44,4,32,14,ITGB3,0.032080778745151126
44,4,32,15,FGL2,0.03105648472269854
44,4,32,16,SERPINE2,0.030940172536357797
44,4,32,17,HIST1H1E,0.03075643468945957
44,4,32,18,CSF1R,0.030611613245622206
44,4,32,19,C1orf186,0.030502262248904028
44,4,32,20,VCAN,0.030356404489907694
44,4,32,21,CX3CR1,0.030175074146558723
44,4,32,22,HIST1H2AH,0.03005805280333838
44,4,32,23,HIST1H1B,0.029949139168150663
44,4,32,24,MGC13057,0.029650573213728597
44,4,32,25,SIK1,0.02943681804199183
44,4,32,26,GP9,0.028860765749875963
44,4,32,27,CD83,0.028756920735760676
44,4,32,28,GIMAP8,0.028702986985034085
44,4,32,29,HIST1H2AM,0.027899591426633216
44,4,32,30,HIST1H4E,0.0276973547281392
44,4,32,31,HIST2H3C,0.02753858090794597
44,4,32,32,KIAA0367,0.02747101102328765
44,8,8,1,LGALS2,0.06955822358986519
44,8,8,2,VCAN,0.06572214506601254
44,8,8,3,TNFRSF21,0.06508735278329468
44,8,8,4,SLC4A1,0.062040950529999285
44,8,8,5,SELENBP1,0.061568626896594654
44,8,8,6,NEU4,0.06091208878056878
44,8,8,7,XIST,0.06062101162149846
44,8,8,8,RPS4Y1,0.05954340570016497
44,8,16,1,LGALS2,0.06955822358986519
44,8,16,2,VCAN,0.06572214506601254
44,8,16,3,TNFRSF21,0.06508735278329468
44,8,16,4,SLC4A1,0.062040950529999285
44,8,16,5,SELENBP1,0.061568626896594654
44,8,16,6,NEU4,0.06091208878056878
44,8,16,7,XIST,0.06062101162149846
44,8,16,8,RPS4Y1,0.05954340570016497
44,8,16,9,RGPD2,0.05943452548664785
44,8,16,10,PRKY,0.058924462014083676
44,8,16,11,RPS4Y2,0.05886906070389563
44,8,16,12,SPTA1,0.05841633667620561
44,8,16,13,GTSF1,0.05804150967718535
44,8,16,14,CYorf15B,0.056469241539721514
44,8,16,15,GYPB,0.05593404068295296
44,8,16,16,CA1,0.055637744245058456
44,8,32,1,LGALS2,0.06955822358986519
44,8,32,2,VCAN,0.06572214506601254
44,8,32,3,TNFRSF21,0.06508735278329468
44,8,32,4,SLC4A1,0.062040950529999285
44,8,32,5,SELENBP1,0.061568626896594654
44,8,32,6,NEU4,0.06091208878056878
44,8,32,7,XIST,0.06062101162149846
44,8,32,8,RPS4Y1,0.05954340570016497
44,8,32,9,RGPD2,0.05943452548664785
44,8,32,10,PRKY,0.058924462014083676
44,8,32,11,RPS4Y2,0.05886906070389563
44,8,32,12,SPTA1,0.05841633667620561
44,8,32,13,GTSF1,0.05804150967718535
44,8,32,14,CYorf15B,0.056469241539721514
44,8,32,15,GYPB,0.05593404068295296
44,8,32,16,CA1,0.055637744245058456
44,8,32,17,CYorf15A,0.05561725551243033
44,8,32,18,HBM,0.055395095965426376
44,8,32,19,AHSP,0.05522547561629485
44,8,32,20,EPB42,0.054610451644032984
44,8,32,21,LOC100133662,0.054422414107651196
44,8,32,22,IFIT1L,0.05421027737537631
44,8,32,23,ASGR1,0.05372801558846911
44,8,32,24,RHAG,0.05191742483105604
44,8,32,25,EIF1AY,0.051518441878858214
44,8,32,26,VWF,0.051479593881730436
44,8,32,27,HBD,0.051389634063982774
44,8,32,28,MAFB,0.05099075037074416
44,8,32,29,JARID1D,0.05088903643358085
44,8,32,30,TGFBI,0.05071549329166619
44,8,32,31,ITGA2B,0.04954286628830625
44,8,32,32,PRSSL1,0.048803890181552144
44,16,8,1,RGPD2,0.17648024775600235
44,16,8,2,LOC100133875,0.13032255529255443
44,16,8,3,DEFB1,0.12381086413340646
44,16,8,4,LOC100132394,0.11855815924044746
44,16,8,5,GAPDHL6,0.1153147592081279
44,16,8,6,LILRA3,0.11517404178010411
44,16,8,7,PI3,0.11216649032426775
44,16,8,8,GTSF1,0.10970804040704371
44,16,16,1,RGPD2,0.17648024775600235
44,16,16,2,LOC100133875,0.13032255529255443
44,16,16,3,DEFB1,0.12381086413340646
44,16,16,4,LOC100132394,0.11855815924044746
44,16,16,5,GAPDHL6,0.1153147592081279
44,16,16,6,LILRA3,0.11517404178010411
44,16,16,7,PI3,0.11216649032426775
44,16,16,8,GTSF1,0.10970804040704371
44,16,16,9,BAMBI,0.10920361906126523
44,16,16,10,LOC727908,0.10597407825451804
44,16,16,11,LOC731682,0.104237269334192
44,16,16,12,IL1B,0.10388169448279634
44,16,16,13,LOC644936,0.10061887583475103
44,16,16,14,LOC729645,0.10059878367014076
44,16,16,15,KLHL15,0.0995217595987934
44,16,16,16,LOC100008588,0.09802449037579751
44,16,32,1,RGPD2,0.17648024775600235
44,16,32,2,LOC100133875,0.13032255529255443
44,16,32,3,DEFB1,0.12381086413340646
44,16,32,4,LOC100132394,0.11855815924044746
44,16,32,5,GAPDHL6,0.1153147592081279
44,16,32,6,LILRA3,0.11517404178010411
44,16,32,7,PI3,0.11216649032426775
44,16,32,8,GTSF1,0.10970804040704371
44,16,32,9,BAMBI,0.10920361906126523
44,16,32,10,LOC727908,0.10597407825451804
44,16,32,11,LOC731682,0.104237269334192
44,16,32,12,IL1B,0.10388169448279634
44,16,32,13,LOC644936,0.10061887583475103
44,16,32,14,LOC729645,0.10059878367014076
44,16,32,15,KLHL15,0.0995217595987934
44,16,32,16,LOC100008588,0.09802449037579751
44,16,32,17,C1orf150,0.09500294150031792
44,16,32,18,MX1,0.09433712834803698
44,16,32,19,GSTM1,0.09387988744262944
44,16,32,20,LGALS2,0.09345471351400528
44,16,32,21,IFI27,0.09061298251355138
44,16,32,22,BEX1,0.09006342064568468
44,16,32,23,TPSB2,0.08851762244529325
44,16,32,24,RPS4Y2,0.08843273875465052
44,16,32,25,HLA-A29.1,0.0876431381175519
44,16,32,26,THBS1,0.08722552235838962
44,16,32,27,RNU5A,0.08630438532487972
44,16,32,28,SPTA1,0.0842718122789546
44,16,32,29,KIAA0367,0.08399315829998319
44,16,32,30,XIST,0.08364469648363791
44,16,32,31,IFIT3,0.08317422671428146
44,16,32,32,CYorf15B,0.08272990509456672
45,4,8,1,VWF,0.04817004345857926
45,4,8,2,MPL,0.0445980461134554
45,4,8,3,SERPINE2,0.04420251326838458
45,4,8,4,MAFB,0.04059174255167502
45,4,8,5,RBPMS2,0.037836953815299716
45,4,8,6,ESAM,0.03777743601195808
45,4,8,7,LAMA5,0.03552701421961202
45,4,8,8,CLEC1B,0.03299451982120956
45,4,16,1,VWF,0.04817004345857926
45,4,16,2,MPL,0.0445980461134554
45,4,16,3,SERPINE2,0.04420251326838458
45,4,16,4,MAFB,0.04059174255167502
45,4,16,5,RBPMS2,0.037836953815299716
45,4,16,6,ESAM,0.03777743601195808
45,4,16,7,LAMA5,0.03552701421961202
45,4,16,8,CLEC1B,0.03299451982120956
45,4,16,9,ITGA2B,0.03278615852478984
45,4,16,10,LTF,0.03249092621914477
45,4,16,11,HIST1H4E,0.030785331316193567
45,4,16,12,TREM1,0.030772849036220767
45,4,16,13,ADM,0.030260804513939775
45,4,16,14,PROS1,0.030155344060167313
45,4,16,15,TSPAN33,0.029726533911468265
45,4,16,16,CEACAM8,0.029490663804601025
45,4,32,1,VWF,0.04817004345857926
45,4,32,2,MPL,0.0445980461134554
45,4,32,3,SERPINE2,0.04420251326838458
45,4,32,4,MAFB,0.04059174255167502
45,4,32,5,RBPMS2,0.037836953815299716
45,4,32,6,ESAM,0.03777743601195808
45,4,32,7,LAMA5,0.03552701421961202
45,4,32,8,CLEC1B,0.03299451982120956
45,4,32,9,ITGA2B,0.03278615852478984
45,4,32,10,LTF,0.03249092621914477
45,4,32,11,HIST1H4E,0.030785331316193567
45,4,32,12,TREM1,0.030772849036220767
45,4,32,13,ADM,0.030260804513939775
45,4,32,14,PROS1,0.030155344060167313
45,4,32,15,TSPAN33,0.029726533911468265
45,4,32,16,CEACAM8,0.029490663804601025
45,4,32,17,HIST1H2AM,0.02941514500632315
45,4,32,18,DEFA4,0.029121429735062394
45,4,32,19,PI3,0.029116735856748992
45,4,32,20,ITGB3,0.028792853774739696
45,4,32,21,PGLYRP1,0.028131144016034636
45,4,32,22,TCN1,0.027766658042631082
45,4,32,23,G0S2,0.027750361668875182
45,4,32,24,BPI,0.02681276968886781
45,4,32,25,THBS1,0.02674341218185658
45,4,32,26,CD24,0.02615740837314047
45,4,32,27,RNU1A3,0.026114728692294358
45,4,32,28,MMP8,0.025890620499784436
45,4,32,29,CLDN5,0.02579071796688282
45,4,32,30,VCAN,0.025657865794329222
45,4,32,31,HIST2H3A,0.025486339316742657
45,4,32,32,CEACAM6,0.025463529630966937
45,8,8,1,KLHL15,0.06912434530362696
45,8,8,2,RAP1GAP,0.06450941766029773
45,8,8,3,SLC4A1,0.06297870599142925
45,8,8,4,TMCC2,0.06193710970091806
45,8,8,5,IFI27,0.06150263030632706
45,8,8,6,SELENBP1,0.060970305566074655
45,8,8,7,HLA-A29.1,0.059954401454658135
45,8,8,8,SPTA1,0.058754332191336286
45,8,16,1,KLHL15,0.06912434530362696
45,8,16,2,RAP1GAP,0.06450941766029773
45,8,16,3,SLC4A1,0.06297870599142925
45,8,16,4,TMCC2,0.06193710970091806
45,8,16,5,IFI27,0.06150263030632706
45,8,16,6,SELENBP1,0.060970305566074655
45,8,16,7,HLA-A29.1,0.059954401454658135
45,8,16,8,SPTA1,0.058754332191336286
45,8,16,9,MAFB,0.058697289663068905
45,8,16,10,LOC644936,0.055977958973209604
45,8,16,11,EPB42,0.055975533816549884
45,8,16,12,KIAA0367,0.055925261731088055
45,8,16,13,GYPB,0.05511622130486693
45,8,16,14,HBM,0.05442379480951594
45,8,16,15,IFIT1L,0.0544048992221338
45,8,16,16,GAPDHL6,0.05312957024380896
45,8,32,1,KLHL15,0.06912434530362696
45,8,32,2,RAP1GAP,0.06450941766029773
45,8,32,3,SLC4A1,0.06297870599142925
45,8,32,4,TMCC2,0.06193710970091806
45,8,32,5,IFI27,0.06150263030632706
45,8,32,6,SELENBP1,0.060970305566074655
45,8,32,7,HLA-A29.1,0.059954401454658135
45,8,32,8,SPTA1,0.058754332191336286
45,8,32,9,MAFB,0.058697289663068905
45,8,32,10,LOC644936,0.055977958973209604
45,8,32,11,EPB42,0.055975533816549884
45,8,32,12,KIAA0367,0.055925261731088055
45,8,32,13,GYPB,0.05511622130486693
45,8,32,14,HBM,0.05442379480951594
45,8,32,15,IFIT1L,0.0544048992221338
45,8,32,16,GAPDHL6,0.05312957024380896
45,8,32,17,EMP1,0.05270312790865912
45,8,32,18,VWF,0.05261608204341573
45,8,32,19,NAPSB,0.05246687937140995
45,8,32,20,TGFBI,0.05201900964564136
45,8,32,21,LAMA5,0.05187953245617566
45,8,32,22,TNFSF10,0.05115797642493372
45,8,32,23,HBBP1,0.05110671125251622
45,8,32,24,AHSP,0.05104656034573085
45,8,32,25,CA1,0.05103727400760154
45,8,32,26,DDIT4,0.05051560347128093
45,8,32,27,RHAG,0.05015988242940666
45,8,32,28,IL8RB,0.04953430178808689
45,8,32,29,SERPINE2,0.04906215931833447
45,8,32,30,MPL,0.04904108025512084
45,8,32,31,GJB6,0.04894127319142092
45,8,32,32,OSBP2,0.04774344637506396
45,16,8,1,DEFB1,0.16304240756982513
45,16,8,2,KIAA0367,0.1462511088157581
45,16,8,3,LOC654055,0.1306398227631057
45,16,8,4,HLA-A29.1,0.1306104636965676
45,16,8,5,GTSF1,0.13058094728558514
45,16,8,6,LOC644936,0.12413403218952658
45,16,8,7,LOC100132394,0.12247602077789053
45,16,8,8,GAPDHL6,0.12183389686038287
45,16,16,1,DEFB1,0.16304240756982513
45,16,16,2,KIAA0367,0.1462511088157581
45,16,16,3,LOC654055,0.1306398227631057
45,16,16,4,HLA-A29.1,0.1306104636965676
45,16,16,5,GTSF1,0.13058094728558514
45,16,16,6,LOC644936,0.12413403218952658
45,16,16,7,LOC100132394,0.12247602077789053
45,16,16,8,GAPDHL6,0.12183389686038287
45,16,16,9,THBS1,0.11027278942293607
45,16,16,10,IFI27,0.10839792179703095
45,16,16,11,HBBP1,0.10588583381785333
45,16,16,12,LOC727908,0.10377853988339876
45,16,16,13,RAP1GAP,0.09837305018013495
45,16,16,14,LAMA5,0.09686719419566552
45,16,16,15,CCL3,0.09682859011357357
45,16,16,16,C1orf150,0.09616754283283095
45,16,32,1,DEFB1,0.16304240756982513
45,16,32,2,KIAA0367,0.1462511088157581
45,16,32,3,LOC654055,0.1306398227631057
45,16,32,4,HLA-A29.1,0.1306104636965676
45,16,32,5,GTSF1,0.13058094728558514
45,16,32,6,LOC644936,0.12413403218952658
45,16,32,7,LOC100132394,0.12247602077789053
45,16,32,8,GAPDHL6,0.12183389686038287
45,16,32,9,THBS1,0.11027278942293607
45,16,32,10,IFI27,0.10839792179703095
45,16,32,11,HBBP1,0.10588583381785333
45,16,32,12,LOC727908,0.10377853988339876
45,16,32,13,RAP1GAP,0.09837305018013495
45,16,32,14,LAMA5,0.09686719419566552
45,16,32,15,CCL3,0.09682859011357357
45,16,32,16,C1orf150,0.09616754283283095
45,16,32,17,TEX101,0.09595767181540725
45,16,32,18,IL1B,0.0957794367777016
45,16,32,19,HOXA5,0.09193623832696869
45,16,32,20,RPS4Y2,0.08921212373950357
45,16,32,21,KLHL15,0.08889801292519275
45,16,32,22,ALPL,0.08631544821077138
45,16,32,23,PI3,0.08550658031303005
45,16,32,24,HES4,0.0840463006771803
45,16,32,25,LOC731682,0.08288209729205112
45,16,32,26,RGS1,0.08267540035230324
45,16,32,27,EPAS1,0.08194726352060655
45,16,32,28,FOLR3,0.08152159228488212
45,16,32,29,BAMBI,0.08147537550921667
45,16,32,30,VCAN,0.08143289601563992
45,16,32,31,RNU5A,0.08139680713443183
45,16,32,32,RPS4Y1,0.08113121248142263
46,4,8,1,VWF,0.04731338549530517
46,4,8,2,TNFSF10,0.045134336380799486
46,4,8,3,FGL2,0.043074269011626094
46,4,8,4,MPL,0.04239513734602145
46,4,8,5,MAFB,0.04034416494600452
46,4,8,6,LAMA5,0.03974354134133888
46,4,8,7,IL8RB,0.039000637519305235
46,4,8,8,MX1,0.038467351218931106
46,4,16,1,VWF,0.04731338549530517
46,4,16,2,TNFSF10,0.045134336380799486
46,4,16,3,FGL2,0.043074269011626094
46,4,16,4,MPL,0.04239513734602145
46,4,16,5,MAFB,0.04034416494600452
46,4,16,6,LAMA5,0.03974354134133888
46,4,16,7,IL8RB,0.039000637519305235
46,4,16,8,MX1,0.038467351218931106
46,4,16,9,MS4A2,0.03826934426503841
46,4,16,10,ESAM,0.03762868193941089
46,4,16,11,RBPMS2,0.03723135167057646
46,4,16,12,SERPINE2,0.036173438493284166
46,4,16,13,CLEC1B,0.03601400093838414
46,4,16,14,IFIT3,0.034888024385106034
46,4,16,15,VCAN,0.03349183645276019
46,4,16,16,ITGA2B,0.03294977468234824
46,4,32,1,VWF,0.04731338549530517
46,4,32,2,TNFSF10,0.045134336380799486
46,4,32,3,FGL2,0.043074269011626094
46,4,32,4,MPL,0.04239513734602145
46,4,32,5,MAFB,0.04034416494600452
46,4,32,6,LAMA5,0.03974354134133888
46,4,32,7,IL8RB,0.039000637519305235
46,4,32,8,MX1,0.038467351218931106
46,4,32,9,MS4A2,0.03826934426503841
46,4,32,10,ESAM,0.03762868193941089
46,4,32,11,RBPMS2,0.03723135167057646
46,4,32,12,SERPINE2,0.036173438493284166
46,4,32,13,CLEC1B,0.03601400093838414
46,4,32,14,IFIT3,0.034888024385106034
46,4,32,15,VCAN,0.03349183645276019
46,4,32,16,ITGA2B,0.03294977468234824
46,4,32,17,KIAA0367,0.03179383090709788
46,4,32,18,ITGB3,0.031188430848931498
46,4,32,19,TGFBI,0.029849564330099443
46,4,32,20,HIST1H4E,0.029803164771850528
46,4,32,21,TSPAN33,0.028986332431476337
46,4,32,22,PROS1,0.02856012263590072
46,4,32,23,GIMAP4,0.02829870132601397
46,4,32,24,HIST1H2AH,0.027425280716195363
46,4,32,25,IFIT2,0.027337300370206916
46,4,32,26,SLC45A3,0.025318451801358145
46,4,32,27,IGJ,0.025145754485413768
46,4,32,28,IRF8,0.02485157527296656
46,4,32,29,CLDN5,0.024832633357273412
46,4,32,30,HIST1H2BG,0.024799550114297634
46,4,32,31,HOXA5,0.024414185317495122
46,4,32,32,HIST1H1B,0.02424781946016081
46,8,8,1,DEFB1,0.0886459880913923
46,8,8,2,KIAA0367,0.08210087194179
46,8,8,3,SPTA1,0.07049657977518041
46,8,8,4,EPB42,0.06522606482126622
46,8,8,5,IFI27,0.06419419492588604
46,8,8,6,CDC20,0.06338919178322637
46,8,8,7,GYPB,0.06139994923937729
46,8,8,8,HBM,0.06048977013938591
46,8,16,1,DEFB1,0.0886459880913923
46,8,16,2,KIAA0367,0.08210087194179
46,8,16,3,SPTA1,0.07049657977518041
46,8,16,4,EPB42,0.06522606482126622
46,8,16,5,IFI27,0.06419419492588604
46,8,16,6,CDC20,0.06338919178322637
46,8,16,7,GYPB,0.06139994923937729
46,8,16,8,HBM,0.06048977013938591
46,8,16,9,SLC4A1,0.059980668149599015
46,8,16,10,MAFB,0.05814814581317048
46,8,16,11,IFIT1L,0.05673331435767004
46,8,16,12,OSBP2,0.056659753761095326
46,8,16,13,LAMA5,0.05658757131312598
46,8,16,14,RHAG,0.05649781855695933
46,8,16,15,CA1,0.05599104336919837
46,8,16,16,DLGAP5,0.05598356553306727
46,8,32,1,DEFB1,0.0886459880913923
46,8,32,2,KIAA0367,0.08210087194179
46,8,32,3,SPTA1,0.07049657977518041
46,8,32,4,EPB42,0.06522606482126622
46,8,32,5,IFI27,0.06419419492588604
46,8,32,6,CDC20,0.06338919178322637
46,8,32,7,GYPB,0.06139994923937729
46,8,32,8,HBM,0.06048977013938591
46,8,32,9,SLC4A1,0.059980668149599015
46,8,32,10,MAFB,0.05814814581317048
46,8,32,11,IFIT1L,0.05673331435767004
46,8,32,12,OSBP2,0.056659753761095326
46,8,32,13,LAMA5,0.05658757131312598
46,8,32,14,RHAG,0.05649781855695933
46,8,32,15,CA1,0.05599104336919837
46,8,32,16,DLGAP5,0.05598356553306727
46,8,32,17,AHSP,0.055902827106315736
46,8,32,18,IL8RB,0.05496728192934474
46,8,32,19,VWF,0.0547716694123838
46,8,32,20,GJB6,0.05318330775218646
46,8,32,21,TGFBI,0.05153380362492888
46,8,32,22,TNFSF10,0.05127685801513372
46,8,32,23,RAP1GAP,0.05095761894723327
46,8,32,24,XIST,0.05066403396462953
46,8,32,25,FGL2,0.04809102260720729
46,8,32,26,ORM2,0.048072314354732186
46,8,32,27,PI3,0.04786347424996764
46,8,32,28,LOC653610,0.04773924033308328
46,8,32,29,NEU4,0.04694129487200467
46,8,32,30,IFIT2,0.04666563610277564
46,8,32,31,ADM,0.04656718556048374
46,8,32,32,FPR2,0.04544401289726887
46,16,8,1,DEFB1,0.18798474803411175
46,16,8,2,LOC644936,0.14444536130388208
46,16,8,3,KIAA0367,0.1384359657347072
46,16,8,4,GAPDHL6,0.1358337851319022
46,16,8,5,IFI27,0.13458355720250603
46,16,8,6,LOC100133875,0.12574941308447904
46,16,8,7,HLA-A29.1,0.12293872262301
46,16,8,8,C1orf150,0.11396515079655166
46,16,16,1,DEFB1,0.18798474803411175
46,16,16,2,LOC644936,0.14444536130388208
46,16,16,3,KIAA0367,0.1384359657347072
46,16,16,4,GAPDHL6,0.1358337851319022
46,16,16,5,IFI27,0.13458355720250603
46,16,16,6,LOC100133875,0.12574941308447904
46,16,16,7,HLA-A29.1,0.12293872262301
46,16,16,8,C1orf150,0.11396515079655166
46,16,16,9,TEX101,0.11032301644616417
46,16,16,10,LOC100132394,0.10945026704463441
46,16,16,11,TPSAB1,0.10739592805211834
46,16,16,12,RAP1GAP,0.10535743988158464
46,16,16,13,LILRA3,0.10396251620008769
46,16,16,14,HOXA5,0.10348534087493806
46,16,16,15,KLHL15,0.10295583362943735
46,16,16,16,RPS4Y2,0.10205631912362671
46,16,32,1,DEFB1,0.18798474803411175
46,16,32,2,LOC644936,0.14444536130388208
46,16,32,3,KIAA0367,0.1384359657347072
46,16,32,4,GAPDHL6,0.1358337851319022
46,16,32,5,IFI27,0.13458355720250603
46,16,32,6,LOC100133875,0.12574941308447904
46,16,32,7,HLA-A29.1,0.12293872262301
46,16,32,8,C1orf150,0.11396515079655166
46,16,32,9,TEX101,0.11032301644616417
46,16,32,10,LOC100132394,0.10945026704463441
46,16,32,11,TPSAB1,0.10739592805211834
46,16,32,12,RAP1GAP,0.10535743988158464
46,16,32,13,LILRA3,0.10396251620008769
46,16,32,14,HOXA5,0.10348534087493806
46,16,32,15,KLHL15,0.10295583362943735
46,16,32,16,RPS4Y2,0.10205631912362671
46,16,32,17,LOC654055,0.10016686068351938
46,16,32,18,HLA-DRB1,0.09933312888519323
46,16,32,19,LOC731682,0.09770322708278419
46,16,32,20,TPSB2,0.09753068840429902
46,16,32,21,THBS1,0.09574637421704778
46,16,32,22,VCAN,0.0947228565290169
46,16,32,23,SLC4A1,0.09415189907242184
46,16,32,24,MIR1974,0.09386317550919425
46,16,32,25,IL1B,0.09382632499050537
46,16,32,26,EPB42,0.09376115076890275
46,16,32,27,MX1,0.09264451496676096
46,16,32,28,LOC654101,0.09237915577054105
46,16,32,29,RPS4Y1,0.09050955596614514
46,16,32,30,XIST,0.09049935527428142
46,16,32,31,GSTM1,0.09046320785605383
46,16,32,32,SPRYD5,0.0903145656481237
47,4,8,1,VWF,0.04403202672021312
47,4,8,2,DEFB1,0.03602002967779776
47,4,8,3,SERPINE2,0.035231176033101566
47,4,8,4,MX1,0.034955110209769956
47,4,8,5,IL8RB,0.03438650287320078
47,4,8,6,HBM,0.03373215272784999
47,4,8,7,MPL,0.033282568781436754
47,4,8,8,RBPMS2,0.03221916675294679
47,4,16,1,VWF,0.04403202672021312
47,4,16,2,DEFB1,0.03602002967779776
47,4,16,3,SERPINE2,0.035231176033101566
47,4,16,4,MX1,0.034955110209769956
47,4,16,5,IL8RB,0.03438650287320078
47,4,16,6,HBM,0.03373215272784999
47,4,16,7,MPL,0.033282568781436754
47,4,16,8,RBPMS2,0.03221916675294679
47,4,16,9,RGS1,0.03165920976488672
47,4,16,10,HIST1H4E,0.028940558020688654
47,4,16,11,SPTA1,0.0289383730342784
47,4,16,12,SLC4A1,0.028094659271908465
47,4,16,13,GYPB,0.02807743516636347
47,4,16,14,DEFA4,0.027987237913042293
47,4,16,15,HIST1H2AM,0.027959071252459087
47,4,16,16,RHAG,0.027896365657814996
47,4,32,1,VWF,0.04403202672021312
47,4,32,2,DEFB1,0.03602002967779776
47,4,32,3,SERPINE2,0.035231176033101566
47,4,32,4,MX1,0.034955110209769956
47,4,32,5,IL8RB,0.03438650287320078
47,4,32,6,HBM,0.03373215272784999
47,4,32,7,MPL,0.033282568781436754
47,4,32,8,RBPMS2,0.03221916675294679
47,4,32,9,RGS1,0.03165920976488672
47,4,32,10,HIST1H4E,0.028940558020688654
47,4,32,11,SPTA1,0.0289383730342784
47,4,32,12,SLC4A1,0.028094659271908465
47,4,32,13,GYPB,0.02807743516636347
47,4,32,14,DEFA4,0.027987237913042293
47,4,32,15,HIST1H2AM,0.027959071252459087
47,4,32,16,RHAG,0.027896365657814996
47,4,32,17,CA1,0.027608783803539025
47,4,32,18,AHSP,0.026898973305768487
47,4,32,19,EBI2,0.026833338266441752
47,4,32,20,HIST1H1B,0.02681897505873191
47,4,32,21,IFIT2,0.026798483529772515
47,4,32,22,LTF,0.026683143248244258
47,4,32,23,FGL2,0.026504302968413336
47,4,32,24,IFIT1L,0.026489154163492314
47,4,32,25,HIST2H3A,0.026263280270404456
47,4,32,26,ESAM,0.02582542086780479
47,4,32,27,HIST1H1E,0.025799968685479367
47,4,32,28,HIST2H3C,0.025635211857260566
47,4,32,29,HIST1H2AH,0.025186491496147042
47,4,32,30,CEACAM8,0.02508380449135586
47,4,32,31,TCN1,0.024867960331116466
47,4,32,32,TNFSF10,0.024686982216587692
47,8,8,1,DEFB1,0.06592092700276571
47,8,8,2,VWF,0.06403408504747812
47,8,8,3,EPB42,0.05847854647544028
47,8,8,4,XIST,0.0568529762334327
47,8,8,5,LGALS2,0.05681800526030884
47,8,8,6,ALPL,0.0566949685293458
47,8,8,7,LOC644936,0.055578517153964196
47,8,8,8,PRTN3,0.054950210701235756
47,8,16,1,DEFB1,0.06592092700276571
47,8,16,2,VWF,0.06403408504747812
47,8,16,3,EPB42,0.05847854647544028
47,8,16,4,XIST,0.0568529762334327
47,8,16,5,LGALS2,0.05681800526030884
47,8,16,6,ALPL,0.0566949685293458
47,8,16,7,LOC644936,0.055578517153964196
47,8,16,8,PRTN3,0.054950210701235756
47,8,16,9,IL8RB,0.053813771580534187
47,8,16,10,PRSSL1,0.05284694306866513
47,8,16,11,CYorf15A,0.05271283437108392
47,8,16,12,ADM,0.052571213625818056
47,8,16,13,LAMA5,0.05249801372888074
47,8,16,14,IFIT1L,0.051622171586543565
47,8,16,15,SELENBP1,0.051445962532970846
47,8,16,16,SLC4A1,0.051349394547281775
47,8,32,1,DEFB1,0.06592092700276571
47,8,32,2,VWF,0.06403408504747812
47,8,32,3,EPB42,0.05847854647544028
47,8,32,4,XIST,0.0568529762334327
47,8,32,5,LGALS2,0.05681800526030884
47,8,32,6,ALPL,0.0566949685293458
47,8,32,7,LOC644936,0.055578517153964196
47,8,32,8,PRTN3,0.054950210701235756
47,8,32,9,IL8RB,0.053813771580534187
47,8,32,10,PRSSL1,0.05284694306866513
47,8,32,11,CYorf15A,0.05271283437108392
47,8,32,12,ADM,0.052571213625818056
47,8,32,13,LAMA5,0.05249801372888074
47,8,32,14,IFIT1L,0.051622171586543565
47,8,32,15,SELENBP1,0.051445962532970846
47,8,32,16,SLC4A1,0.051349394547281775
47,8,32,17,GYPB,0.05014233249929638
47,8,32,18,CLEC11A,0.04969471391874787
47,8,32,19,TNFSF10,0.04959624093120968
47,8,32,20,IFI27,0.04922247043942638
47,8,32,21,HBM,0.04910085398257966
47,8,32,22,RBPMS2,0.049080980119461874
47,8,32,23,IFIT2,0.048894498134605426
47,8,32,24,KIAA0367,0.04851546536494263
47,8,32,25,SPTA1,0.04779231344062337
47,8,32,26,CCL4L1,0.04722607259752663
47,8,32,27,AHSP,0.04686402859737083
47,8,32,28,CA1,0.04677540914554698
47,8,32,29,PHACTR1,0.04647339276577294
47,8,32,30,PRKY,0.04612254566909344
47,8,32,31,RHAG,0.04595630169040836
47,8,32,32,OSBP2,0.045674137837483954
47,16,8,1,GTSF1,0.14421436910332563
47,16,8,2,DEFB1,0.14018417293946803
47,16,8,3,LOC100133875,0.13991731845040487
47,16,8,4,HLA-A29.1,0.13371717285752477
47,16,8,5,HLA-DRB5,0.1259157995392391
47,16,8,6,LILRA3,0.12093212380661253
47,16,8,7,LOC654055,0.11778506595888674
47,16,8,8,IFI27,0.11726646199668134
47,16,16,1,GTSF1,0.14421436910332563
47,16,16,2,DEFB1,0.14018417293946803
47,16,16,3,LOC100133875,0.13991731845040487
47,16,16,4,HLA-A29.1,0.13371717285752477
47,16,16,5,HLA-DRB5,0.1259157995392391
47,16,16,6,LILRA3,0.12093212380661253
47,16,16,7,LOC654055,0.11778506595888674
47,16,16,8,IFI27,0.11726646199668134
47,16,16,9,LOC644936,0.11621772489754857
47,16,16,10,LOC729645,0.11487018669839051
47,16,16,11,IL1B,0.11296588306998012
47,16,16,12,GSTM1,0.11211830341440655
47,16,16,13,KIAA0367,0.10725228009600273
47,16,16,14,LOC100132394,0.10496772791125117
47,16,16,15,KLHL15,0.10451273142317706
47,16,16,16,C1orf150,0.10063293558850903
47,16,32,1,GTSF1,0.14421436910332563
47,16,32,2,DEFB1,0.14018417293946803
47,16,32,3,LOC100133875,0.13991731845040487
47,16,32,4,HLA-A29.1,0.13371717285752477
47,16,32,5,HLA-DRB5,0.1259157995392391
47,16,32,6,LILRA3,0.12093212380661253
47,16,32,7,LOC654055,0.11778506595888674
47,16,32,8,IFI27,0.11726646199668134
47,16,32,9,LOC644936,0.11621772489754857
47,16,32,10,LOC729645,0.11487018669839051
47,16,32,11,IL1B,0.11296588306998012
47,16,32,12,GSTM1,0.11211830341440655
47,16,32,13,KIAA0367,0.10725228009600273
47,16,32,14,LOC100132394,0.10496772791125117
47,16,32,15,KLHL15,0.10451273142317706
47,16,32,16,C1orf150,0.10063293558850903
47,16,32,17,KIAA1324,0.10029349531163759
47,16,32,18,RPS4Y2,0.09988450820183502
47,16,32,19,HOXA5,0.09948054172907707
47,16,32,20,HBBP1,0.09945348738135634
47,16,32,21,XIST,0.09676830719428707
47,16,32,22,IFIT2,0.09630451804584696
47,16,32,23,LOC727908,0.09413610529841783
47,16,32,24,RPS4Y1,0.09327106803371453
47,16,32,25,LOC100133662,0.09302859675113134
47,16,32,26,CYorf15A,0.09247780091480223
47,16,32,27,LGALS2,0.09204731829781038
47,16,32,28,LOC100008588,0.09133535733200189
47,16,32,29,HES4,0.09019638411638663
47,16,32,30,BEX1,0.09009693600480248
47,16,32,31,PRKY,0.09005546688100961
47,16,32,32,TEX101,0.08849061336843936
48,4,8,1,VWF,0.04727512558248047
48,4,8,2,ESAM,0.04200574346358424
48,4,8,3,MPL,0.041454639696472076
48,4,8,4,CLEC1B,0.039392450772815904
48,4,8,5,RBPMS2,0.03858459683000503
48,4,8,6,TNFSF10,0.03772338423999184
48,4,8,7,MS4A2,0.03652731598236634
48,4,8,8,PROS1,0.03494743363099034
48,4,16,1,VWF,0.04727512558248047
48,4,16,2,ESAM,0.04200574346358424
48,4,16,3,MPL,0.041454639696472076
48,4,16,4,CLEC1B,0.039392450772815904
48,4,16,5,RBPMS2,0.03858459683000503
48,4,16,6,TNFSF10,0.03772338423999184
48,4,16,7,MS4A2,0.03652731598236634
48,4,16,8,PROS1,0.03494743363099034
48,4,16,9,ITGA2B,0.03461800958709237
48,4,16,10,SERPINE2,0.033382630706566295
48,4,16,11,GP9,0.03336663270790751
48,4,16,12,ITGB3,0.03280214636341605
48,4,16,13,TSPAN33,0.032746273781577025
48,4,16,14,HIST1H4E,0.032638262499355454
48,4,16,15,MAFB,0.031896598498740006
48,4,16,16,TGFBI,0.03060163746260073
48,4,32,1,VWF,0.04727512558248047
48,4,32,2,ESAM,0.04200574346358424
48,4,32,3,MPL,0.041454639696472076
48,4,32,4,CLEC1B,0.039392450772815904
48,4,32,5,RBPMS2,0.03858459683000503
48,4,32,6,TNFSF10,0.03772338423999184
48,4,32,7,MS4A2,0.03652731598236634
48,4,32,8,PROS1,0.03494743363099034
48,4,32,9,ITGA2B,0.03461800958709237
48,4,32,10,SERPINE2,0.033382630706566295
48,4,32,11,GP9,0.03336663270790751
48,4,32,12,ITGB3,0.03280214636341605
48,4,32,13,TSPAN33,0.032746273781577025
48,4,32,14,HIST1H4E,0.032638262499355454
48,4,32,15,MAFB,0.031896598498740006
48,4,32,16,TGFBI,0.03060163746260073
48,4,32,17,PPBP,0.029696126384749177
48,4,32,18,VCAN,0.02962103454629202
48,4,32,19,HIST2H3A,0.029573668123673718
48,4,32,20,HIST1H2AM,0.029330653856000435
48,4,32,21,SLC45A3,0.02922438605183159
48,4,32,22,HIST2H2BF,0.028963827409234994
48,4,32,23,F13A1,0.028856005953559003
48,4,32,24,SNORD3C,0.028689766811405292
48,4,32,25,MGC13057,0.02845257573127248
48,4,32,26,SPRYD5,0.028343024922615763
48,4,32,27,LAMA5,0.02795817457917225
48,4,32,28,HIST1H1E,0.027905698390352732
48,4,32,29,MX1,0.027836480049552765
48,4,32,30,RNU1F1,0.027357360576084757
48,4,32,31,DEFA4,0.026965881625902355
48,4,32,32,SNORD3A,0.026217692644113777
48,8,8,1,LGALS2,0.07029336041204698
48,8,8,2,TNFRSF21,0.06758092701259702
48,8,8,3,SELENBP1,0.06727159584753561
48,8,8,4,TMCC2,0.06656326165309971
48,8,8,5,NEU4,0.06478988649608618
48,8,8,6,SLC4A1,0.06419418484895949
48,8,8,7,EPB42,0.060339222049503455
48,8,8,8,IFIT1L,0.05984683964924619
48,8,16,1,LGALS2,0.07029336041204698
48,8,16,2,TNFRSF21,0.06758092701259702
48,8,16,3,SELENBP1,0.06727159584753561
48,8,16,4,TMCC2,0.06656326165309971
48,8,16,5,NEU4,0.06478988649608618
48,8,16,6,SLC4A1,0.06419418484895949
48,8,16,7,EPB42,0.060339222049503455
48,8,16,8,IFIT1L,0.05984683964924619
48,8,16,9,GYPB,0.0561688850145861
48,8,16,10,AHSP,0.05579400014027484
48,8,16,11,HBM,0.05547894815217464
48,8,16,12,ASGR1,0.055436080831771324
48,8,16,13,OSBP2,0.05427467714875215
48,8,16,14,CA1,0.054036880906707455
48,8,16,15,MAFB,0.052403189255309464
48,8,16,16,PHACTR1,0.052206829397489905
48,8,32,1,LGALS2,0.07029336041204698
48,8,32,2,TNFRSF21,0.06758092701259702
48,8,32,3,SELENBP1,0.06727159584753561
48,8,32,4,TMCC2,0.06656326165309971
48,8,32,5,NEU4,0.06478988649608618
48,8,32,6,SLC4A1,0.06419418484895949
48,8,32,7,EPB42,0.060339222049503455
48,8,32,8,IFIT1L,0.05984683964924619
48,8,32,9,GYPB,0.0561688850145861
48,8,32,10,AHSP,0.05579400014027484
48,8,32,11,HBM,0.05547894815217464
48,8,32,12,ASGR1,0.055436080831771324
48,8,32,13,OSBP2,0.05427467714875215
48,8,32,14,CA1,0.054036880906707455
48,8,32,15,MAFB,0.052403189255309464
48,8,32,16,PHACTR1,0.052206829397489905
48,8,32,17,SPTA1,0.05106780173123655
48,8,32,18,TGFBI,0.050939458445979954
48,8,32,19,PRSSL1,0.05088214950882548
48,8,32,20,VCAN,0.05045855305037037
48,8,32,21,VWF,0.049531040141678
48,8,32,22,SERPINE2,0.04906975142798232
48,8,32,23,KIAA0367,0.04888059475703676
48,8,32,24,TNFSF10,0.048410010300570926
48,8,32,25,RHAG,0.047765838535114326
48,8,32,26,BEX1,0.04721580737305236
48,8,32,27,RAP1GAP,0.047073747787835754
48,8,32,28,MPL,0.04661515215222315
48,8,32,29,GJB6,0.04642066546424428
48,8,32,30,GIMAP8,0.04617526284399146
48,8,32,31,HES4,0.04551319206050493
48,8,32,32,CTSL1,0.04412908634908037
48,16,8,1,LOC644936,0.1491094395411463
48,16,8,2,GAPDHL6,0.14580255678594747
48,16,8,3,LOC100133875,0.14516805081705417
48,16,8,4,GTSF1,0.14149510370251644
48,16,8,5,GSTM1,0.1388384616303431
48,16,8,6,DEFB1,0.1384825194719155
48,16,8,7,LILRA3,0.12469101705277161
48,16,8,8,LOC729645,0.12267051048768855
48,16,16,1,LOC644936,0.1491094395411463
48,16,16,2,GAPDHL6,0.14580255678594747
48,16,16,3,LOC100133875,0.14516805081705417
48,16,16,4,GTSF1,0.14149510370251644
48,16,16,5,GSTM1,0.1388384616303431
48,16,16,6,DEFB1,0.1384825194719155
48,16,16,7,LILRA3,0.12469101705277161
48,16,16,8,LOC729645,0.12267051048768855
48,16,16,9,TPSAB1,0.11944866363567933
48,16,16,10,IFI27,0.11460486393476797
48,16,16,11,TPSB2,0.11166820435732933
48,16,16,12,TEX101,0.1079957123116824
48,16,16,13,IL1B,0.10797601393717181
48,16,16,14,KLHL15,0.1066715860983363
48,16,16,15,LOC100132394,0.1042964589071954
48,16,16,16,LGALS2,0.10257368967702049
48,16,32,1,LOC644936,0.1491094395411463
48,16,32,2,GAPDHL6,0.14580255678594747
48,16,32,3,LOC100133875,0.14516805081705417
48,16,32,4,GTSF1,0.14149510370251644
48,16,32,5,GSTM1,0.1388384616303431
48,16,32,6,DEFB1,0.1384825194719155
48,16,32,7,LILRA3,0.12469101705277161
48,16,32,8,LOC729645,0.12267051048768855
48,16,32,9,TPSAB1,0.11944866363567933
48,16,32,10,IFI27,0.11460486393476797
48,16,32,11,TPSB2,0.11166820435732933
48,16,32,12,TEX101,0.1079957123116824
48,16,32,13,IL1B,0.10797601393717181
48,16,32,14,KLHL15,0.1066715860983363
48,16,32,15,LOC100132394,0.1042964589071954
48,16,32,16,LGALS2,0.10257368967702049
48,16,32,17,KIAA0367,0.10254548754806625
48,16,32,18,SPRYD5,0.10205550305103606
48,16,32,19,LOC727908,0.10193834065171518
48,16,32,20,PI3,0.10055314540220299
48,16,32,21,BAMBI,0.10010702667788096
48,16,32,22,RAP1GAP,0.09226888127670685
48,16,32,23,SLC45A3,0.08963317563186851
48,16,32,24,THBS1,0.08888066881781206
48,16,32,25,ABP1,0.08822256586502716
48,16,32,26,FPR2,0.08778036024158743
48,16,32,27,SPTA1,0.0867308475304071
48,16,32,28,RPS4Y1,0.08602323545868025
48,16,32,29,XIST,0.08580800144576443
48,16,32,30,RPS4Y2,0.08541124678822336
48,16,32,31,TNFRSF21,0.08532126495984538
48,16,32,32,LOC100133662,0.08445582410619894
49,4,8,1,VWF,0.041095183811266214
49,4,8,2,MPL,0.03935254284779877
49,4,8,3,ESAM,0.0373434429617623
49,4,8,4,TNFSF10,0.037177406654913224
49,4,8,5,GIMAP4,0.03444238687513179
49,4,8,6,RBPMS2,0.03380287655870723
49,4,8,7,CLEC1B,0.03202563855174129
49,4,8,8,FGL2,0.0314467975153751
49,4,16,1,VWF,0.041095183811266214
49,4,16,2,MPL,0.03935254284779877
49,4,16,3,ESAM,0.0373434429617623
49,4,16,4,TNFSF10,0.037177406654913224
49,4,16,5,GIMAP4,0.03444238687513179
49,4,16,6,RBPMS2,0.03380287655870723
49,4,16,7,CLEC1B,0.03202563855174129
49,4,16,8,FGL2,0.0314467975153751
49,4,16,9,C1orf186,0.030874918388643112
49,4,16,10,PROS1,0.030736730227729596
49,4,16,11,MAFB,0.0303180008196995
49,4,16,12,TSPAN33,0.02989704893712666
49,4,16,13,ITGA2B,0.02919505494435705
49,4,16,14,MX1,0.029033033406563057
49,4,16,15,HBEGF,0.02849312081556451
49,4,16,16,HOXA5,0.02790206613631677
49,4,32,1,VWF,0.041095183811266214
49,4,32,2,MPL,0.03935254284779877
49,4,32,3,ESAM,0.0373434429617623
49,4,32,4,TNFSF10,0.037177406654913224
49,4,32,5,GIMAP4,0.03444238687513179
49,4,32,6,RBPMS2,0.03380287655870723
49,4,32,7,CLEC1B,0.03202563855174129
49,4,32,8,FGL2,0.0314467975153751
49,4,32,9,C1orf186,0.030874918388643112
49,4,32,10,PROS1,0.030736730227729596
49,4,32,11,MAFB,0.0303180008196995
49,4,32,12,TSPAN33,0.02989704893712666
49,4,32,13,ITGA2B,0.02919505494435705
49,4,32,14,MX1,0.029033033406563057
49,4,32,15,HBEGF,0.02849312081556451
49,4,32,16,HOXA5,0.02790206613631677
49,4,32,17,HIST1H4E,0.02786882936751062
49,4,32,18,RRM2,0.02659531446261195
49,4,32,19,GP9,0.025865313659231684
49,4,32,20,GIMAP8,0.025564490322031744
49,4,32,21,CLDN5,0.02531745898192687
49,4,32,22,MGC13057,0.02523972626877645
49,4,32,23,SNORD3C,0.025175642356770497
49,4,32,24,GJB6,0.0249331561057044
49,4,32,25,ITGB3,0.02476733524225281
49,4,32,26,CSF1R,0.02468030250936893
49,4,32,27,SNORD3A,0.024631628191292193
49,4,32,28,VCAN,0.024434688877362925
49,4,32,29,SERPINE2,0.024273558286419857
49,4,32,30,RNU5A,0.02417042722773124
49,4,32,31,PRAGMIN,0.023968717881107576
49,4,32,32,CX3CR1,0.023774597617799317
49,8,8,1,SELENBP1,0.0618240021591782
49,8,8,2,VCAN,0.06096560183393601
49,8,8,3,TNFRSF21,0.06033257750765411
49,8,8,4,IFIT1L,0.058958443970952505
49,8,8,5,SLC4A1,0.058248171333419564
49,8,8,6,OSBP2,0.05571729482218962
49,8,8,7,AHSP,0.05499978656946202
49,8,8,8,NEU4,0.05420681381630879
49,8,16,1,SELENBP1,0.0618240021591782
49,8,16,2,VCAN,0.06096560183393601
49,8,16,3,TNFRSF21,0.06033257750765411
49,8,16,4,IFIT1L,0.058958443970952505
49,8,16,5,SLC4A1,0.058248171333419564
49,8,16,6,OSBP2,0.05571729482218962
49,8,16,7,AHSP,0.05499978656946202
49,8,16,8,NEU4,0.05420681381630879
49,8,16,9,CLEC11A,0.05393318745921409
49,8,16,10,LGALS2,0.05348186961368899
49,8,16,11,SNCA,0.0533657501689345
49,8,16,12,RAP1GAP,0.05321227350916972
49,8,16,13,CLIC3,0.0531534702432172
49,8,16,14,EPB42,0.05306299694665231
49,8,16,15,SPTA1,0.052664085048072434
49,8,16,16,PRTN3,0.052527968449235886
49,8,32,1,SELENBP1,0.0618240021591782
49,8,32,2,VCAN,0.06096560183393601
49,8,32,3,TNFRSF21,0.06033257750765411
49,8,32,4,IFIT1L,0.058958443970952505
49,8,32,5,SLC4A1,0.058248171333419564
49,8,32,6,OSBP2,0.05571729482218962
49,8,32,7,AHSP,0.05499978656946202
49,8,32,8,NEU4,0.05420681381630879
49,8,32,9,CLEC11A,0.05393318745921409
49,8,32,10,LGALS2,0.05348186961368899
49,8,32,11,SNCA,0.0533657501689345
49,8,32,12,RAP1GAP,0.05321227350916972
49,8,32,13,CLIC3,0.0531534702432172
49,8,32,14,EPB42,0.05306299694665231
49,8,32,15,SPTA1,0.052664085048072434
49,8,32,16,PRTN3,0.052527968449235886
49,8,32,17,GAPDHL6,0.051756934691202586
49,8,32,18,GYPB,0.05143934434616554
49,8,32,19,IL1B,0.05092950065399008
49,8,32,20,EMP1,0.05041485948749074
49,8,32,21,SERPINE2,0.050285600873464294
49,8,32,22,HBM,0.050233621911628015
49,8,32,23,MAFB,0.04992674739348854
49,8,32,24,CA1,0.049685864951414395
49,8,32,25,ADM,0.04954338108881049
49,8,32,26,RHAG,0.04872507040618241
49,8,32,27,PRSSL1,0.047011169582801014
49,8,32,28,TREM1,0.046925035055769594
49,8,32,29,MPL,0.04689428291340689
49,8,32,30,THBS1,0.045834108766502055
49,8,32,31,RNU1A3,0.045535529801929805
49,8,32,32,VWF,0.04507647194669103
49,16,8,1,DEFB1,0.17447788142781473
49,16,8,2,BAMBI,0.1408549071372168
49,16,8,3,ABP1,0.13057974254838986
49,16,8,4,HLA-A29.1,0.1286129966629637
49,16,8,5,GAPDHL6,0.12421590989859568
49,16,8,6,IFI27,0.11399224000637549
49,16,8,7,LGALS2,0.10785580988069576
49,16,8,8,LOC644936,0.10717120438084857
49,16,16,1,DEFB1,0.17447788142781473
49,16,16,2,BAMBI,0.1408549071372168
49,16,16,3,ABP1,0.13057974254838986
49,16,16,4,HLA-A29.1,0.1286129966629637
49,16,16,5,GAPDHL6,0.12421590989859568
49,16,16,6,IFI27,0.11399224000637549
49,16,16,7,LGALS2,0.10785580988069576
49,16,16,8,LOC644936,0.10717120438084857
49,16,16,9,FOLR3,0.10530292373457252
49,16,16,10,HOXA5,0.10346208008154834
49,16,16,11,RPS4Y2,0.10278144086114208
49,16,16,12,LOC654055,0.1016354401232585
49,16,16,13,LOC729645,0.10047637997184741
49,16,16,14,LOC100132394,0.09719559724648022
49,16,16,15,CDC20,0.09634741992265307
49,16,16,16,C1orf150,0.09591609867320441
49,16,32,1,DEFB1,0.17447788142781473
49,16,32,2,BAMBI,0.1408549071372168
49,16,32,3,ABP1,0.13057974254838986
49,16,32,4,HLA-A29.1,0.1286129966629637
49,16,32,5,GAPDHL6,0.12421590989859568
49,16,32,6,IFI27,0.11399224000637549
49,16,32,7,LGALS2,0.10785580988069576
49,16,32,8,LOC644936,0.10717120438084857
49,16,32,9,FOLR3,0.10530292373457252
49,16,32,10,HOXA5,0.10346208008154834
49,16,32,11,RPS4Y2,0.10278144086114208
49,16,32,12,LOC654055,0.1016354401232585
49,16,32,13,LOC729645,0.10047637997184741
49,16,32,14,LOC100132394,0.09719559724648022
49,16,32,15,CDC20,0.09634741992265307
49,16,32,16,C1orf150,0.09591609867320441
49,16,32,17,KIAA1324,0.09524876179454128
49,16,32,18,HES4,0.09520178627204824
49,16,32,19,KLHL15,0.09447510145710186
49,16,32,20,CLEC11A,0.09375610198222842
49,16,32,21,IFIT2,0.09113740893099481
49,16,32,22,THBS1,0.08908687403446235
49,16,32,23,RAP1GAP,0.08769208230890298
49,16,32,24,LOC100133662,0.08752855508808458
49,16,32,25,RPS4Y1,0.08740178506691913
49,16,32,26,TMEM140,0.08715857422790511
49,16,32,27,LOC727908,0.0868159658771967
49,16,32,28,IFIT3,0.08409242167211775
49,16,32,29,IL1B,0.08277783277045908
49,16,32,30,SNCA,0.08231273986295357
49,16,32,31,CYorf15B,0.08210701106267111
49,16,32,32,CYorf15A,0.08188594353888658
50,4,8,1,VWF,0.060981891008179905
50,4,8,2,RBPMS2,0.05260070945974138
50,4,8,3,ESAM,0.04620910729670983
50,4,8,4,ITGA2B,0.04318172692159236
50,4,8,5,SERPINE2,0.041876690936147994
50,4,8,6,PHACTR1,0.040863779344046114
50,4,8,7,LOC100133875,0.03746228317749744
50,4,8,8,GIMAP4,0.037357153201591435
50,4,16,1,VWF,0.060981891008179905
50,4,16,2,RBPMS2,0.05260070945974138
50,4,16,3,ESAM,0.04620910729670983
50,4,16,4,ITGA2B,0.04318172692159236
50,4,16,5,SERPINE2,0.041876690936147994
50,4,16,6,PHACTR1,0.040863779344046114
50,4,16,7,LOC100133875,0.03746228317749744
50,4,16,8,GIMAP4,0.037357153201591435
50,4,16,9,TNFSF10,0.03716754390069507
50,4,16,10,KLHL15,0.03670163945335633
50,4,16,11,CLEC1B,0.03625712344030143
50,4,16,12,C16orf75,0.03607374403534377
50,4,16,13,GADD45B,0.03582604505718842
50,4,16,14,GJB6,0.03514110677670377
50,4,16,15,MAFB,0.03378501900849558
50,4,16,16,HIST1H4E,0.0327383812684884
50,4,32,1,VWF,0.060981891008179905
50,4,32,2,RBPMS2,0.05260070945974138
50,4,32,3,ESAM,0.04620910729670983
50,4,32,4,ITGA2B,0.04318172692159236
50,4,32,5,SERPINE2,0.041876690936147994
50,4,32,6,PHACTR1,0.040863779344046114
50,4,32,7,LOC100133875,0.03746228317749744
50,4,32,8,GIMAP4,0.037357153201591435
50,4,32,9,TNFSF10,0.03716754390069507
50,4,32,10,KLHL15,0.03670163945335633
50,4,32,11,CLEC1B,0.03625712344030143
50,4,32,12,C16orf75,0.03607374403534377
50,4,32,13,GADD45B,0.03582604505718842
50,4,32,14,GJB6,0.03514110677670377
50,4,32,15,MAFB,0.03378501900849558
50,4,32,16,HIST1H4E,0.0327383812684884
50,4,32,17,HIST1H1B,0.03226212654245831
50,4,32,18,SNORD3C,0.03173820917115612
50,4,32,19,GP9,0.03150246152229752
50,4,32,20,TSPAN33,0.03146467299461204
50,4,32,21,HES4,0.03141584133204604
50,4,32,22,CX3CR1,0.031392101024135415
50,4,32,23,GIMAP8,0.031380188267012
50,4,32,24,RNU1F1,0.03136716834524269
50,4,32,25,ADM,0.030764100602564782
50,4,32,26,PRAGMIN,0.030721839289485485
50,4,32,27,RNU1A3,0.030699796468461833
50,4,32,28,TPSAB1,0.03045394500331316
50,4,32,29,HBEGF,0.030232402947158364
50,4,32,30,HIST1H1E,0.029929499169723945
50,4,32,31,CD83,0.029906869912802645
50,4,32,32,HIST1H2AH,0.02970832319874147
50,8,8,1,DEFB1,0.09014456419403936
50,8,8,2,VWF,0.07276241761352119
50,8,8,3,SELENBP1,0.07123329433231909
50,8,8,4,EPB42,0.06948760970444033
50,8,8,5,VCAN,0.0662306569514185
50,8,8,6,SLC4A1,0.06616688468070392
50,8,8,7,RAP1GAP,0.06442621888081712
50,8,8,8,AHSP,0.0632625413141178
50,8,16,1,DEFB1,0.09014456419403936
50,8,16,2,VWF,0.07276241761352119
50,8,16,3,SELENBP1,0.07123329433231909
50,8,16,4,EPB42,0.06948760970444033
50,8,16,5,VCAN,0.0662306569514185
50,8,16,6,SLC4A1,0.06616688468070392
50,8,16,7,RAP1GAP,0.06442621888081712
50,8,16,8,AHSP,0.0632625413141178
50,8,16,9,OSBP2,0.06255344663477294
50,8,16,10,LOC644936,0.06158194613387887
50,8,16,11,HBM,0.06126175531251397
50,8,16,12,PI3,0.06042700203581022
50,8,16,13,LOC100133875,0.06040146433521995
50,8,16,14,CA1,0.059884116008827766
50,8,16,15,IL8RB,0.05676657588536774
50,8,16,16,GYPB,0.05646881796528508
50,8,32,1,DEFB1,0.09014456419403936
50,8,32,2,VWF,0.07276241761352119
50,8,32,3,SELENBP1,0.07123329433231909
50,8,32,4,EPB42,0.06948760970444033
50,8,32,5,VCAN,0.0662306569514185
50,8,32,6,SLC4A1,0.06616688468070392
50,8,32,7,RAP1GAP,0.06442621888081712
50,8,32,8,AHSP,0.0632625413141178
50,8,32,9,OSBP2,0.06255344663477294
50,8,32,10,LOC644936,0.06158194613387887
50,8,32,11,HBM,0.06126175531251397
50,8,32,12,PI3,0.06042700203581022
50,8,32,13,LOC100133875,0.06040146433521995
50,8,32,14,CA1,0.059884116008827766
50,8,32,15,IL8RB,0.05676657588536774
50,8,32,16,GYPB,0.05646881796528508
50,8,32,17,MAFB,0.0555580181409866
50,8,32,18,RBPMS2,0.05552790701180309
50,8,32,19,SERPINE2,0.05508804791895177
50,8,32,20,IFIT1L,0.054113748945218
50,8,32,21,GTSF1,0.05389662814785841
50,8,32,22,XIST,0.053353939623535525
50,8,32,23,TNFSF10,0.05168928755820699
50,8,32,24,GAPDHL6,0.05044695708846615
50,8,32,25,IFI27,0.05038823775218045
50,8,32,26,CYorf15A,0.05035625255743526
50,8,32,27,ESAM,0.050225088304869096
50,8,32,28,CCL4L1,0.04978820176869859
50,8,32,29,TGFBI,0.0489987667001795
50,8,32,30,ITGA2B,0.04848021461475736
50,8,32,31,TPSAB1,0.04700452672613109
50,8,32,32,RHAG,0.04640614430794787
50,16,8,1,HLA-A29.1,0.16032778567146394
50,16,8,2,DEFB1,0.1547774142424159
50,16,8,3,GTSF1,0.15166654501245214
50,16,8,4,LOC100133875,0.1507955364761071
50,16,8,5,GAPDHL6,0.13739456164828026
50,16,8,6,LOC644936,0.12786672837446078
50,16,8,7,LOC654055,0.12723159418837604
50,16,8,8,THBS1,0.1114184947745766
50,16,16,1,HLA-A29.1,0.16032778567146394
50,16,16,2,DEFB1,0.1547774142424159
50,16,16,3,GTSF1,0.15166654501245214
50,16,16,4,LOC100133875,0.1507955364761071
50,16,16,5,GAPDHL6,0.13739456164828026
50,16,16,6,LOC644936,0.12786672837446078
50,16,16,7,LOC654055,0.12723159418837604
50,16,16,8,THBS1,0.1114184947745766
50,16,16,9,LOC100132394,0.11071868759225043
50,16,16,10,LOC729645,0.11061128239634149
50,16,16,11,KIAA0367,0.11009538311309225
50,16,16,12,PI3,0.1095582004242996
50,16,16,13,HBBP1,0.10848698981410329
50,16,16,14,IL1B,0.10716241694976505
50,16,16,15,TPSAB1,0.10628495978897554
50,16,16,16,ABP1,0.10286762494661766
50,16,32,1,HLA-A29.1,0.16032778567146394
50,16,32,2,DEFB1,0.1547774142424159
50,16,32,3,GTSF1,0.15166654501245214
50,16,32,4,LOC100133875,0.1507955364761071
50,16,32,5,GAPDHL6,0.13739456164828026
50,16,32,6,LOC644936,0.12786672837446078
50,16,32,7,LOC654055,0.12723159418837604
50,16,32,8,THBS1,0.1114184947745766
50,16,32,9,LOC100132394,0.11071868759225043
50,16,32,10,LOC729645,0.11061128239634149
50,16,32,11,KIAA0367,0.11009538311309225
50,16,32,12,PI3,0.1095582004242996
50,16,32,13,HBBP1,0.10848698981410329
50,16,32,14,IL1B,0.10716241694976505
50,16,32,15,TPSAB1,0.10628495978897554
50,16,32,16,ABP1,0.10286762494661766
50,16,32,17,VCAN,0.101521275777571
50,16,32,18,TEX101,0.09928587237567814
50,16,32,19,CDC20,0.09917248990952054
50,16,32,20,LGALS2,0.09451711042307033
50,16,32,21,FPR2,0.09374553519124172
50,16,32,22,LOC100008588,0.09363870468714783
50,16,32,23,HLA-DRB1,0.09183263159068776
50,16,32,24,VWF,0.09137111172507582
50,16,32,25,GSTM1,0.08978903895194779
50,16,32,26,RNU5A,0.08873404844877275
50,16,32,27,TPSB2,0.088338979271115
50,16,32,28,SERPINE2,0.08643531833031239
50,16,32,29,SPTA1,0.0861336782131506
50,16,32,30,LOC728835,0.08565917062924315
50,16,32,31,HOXA5,0.08560878252515551
50,16,32,32,RHAG,0.08505897469558846
51,4,8,1,VWF,0.04969248163660123
51,4,8,2,RBPMS2,0.04269646169637496
51,4,8,3,GJB6,0.04119576949936203
51,4,8,4,ESAM,0.040784919251222615
51,4,8,5,PHACTR1,0.04072347274162568
51,4,8,6,TNFSF10,0.037969228326450506
51,4,8,7,ITGA2B,0.03791641379210993
51,4,8,8,GIMAP4,0.03692826130472616
51,4,16,1,VWF,0.04969248163660123
51,4,16,2,RBPMS2,0.04269646169637496
51,4,16,3,GJB6,0.04119576949936203
51,4,16,4,ESAM,0.040784919251222615
51,4,16,5,PHACTR1,0.04072347274162568
51,4,16,6,TNFSF10,0.037969228326450506
51,4,16,7,ITGA2B,0.03791641379210993
51,4,16,8,GIMAP4,0.03692826130472616
51,4,16,9,KLHL15,0.036013124716879605
51,4,16,10,MAFB,0.03558570124846085
51,4,16,11,CX3CR1,0.03468524649995226
51,4,16,12,SERPINE2,0.03424398436712402
51,4,16,13,CLEC1B,0.03335857796974352
51,4,16,14,C1orf186,0.030684411618900346
51,4,16,15,ADM,0.03064918212791203
51,4,16,16,TSPAN33,0.030609350160192582
51,4,32,1,VWF,0.04969248163660123
51,4,32,2,RBPMS2,0.04269646169637496
51,4,32,3,GJB6,0.04119576949936203
51,4,32,4,ESAM,0.040784919251222615
51,4,32,5,PHACTR1,0.04072347274162568
51,4,32,6,TNFSF10,0.037969228326450506
51,4,32,7,ITGA2B,0.03791641379210993
51,4,32,8,GIMAP4,0.03692826130472616
51,4,32,9,KLHL15,0.036013124716879605
51,4,32,10,MAFB,0.03558570124846085
51,4,32,11,CX3CR1,0.03468524649995226
51,4,32,12,SERPINE2,0.03424398436712402
51,4,32,13,CLEC1B,0.03335857796974352
51,4,32,14,C1orf186,0.030684411618900346
51,4,32,15,ADM,0.03064918212791203
51,4,32,16,TSPAN33,0.030609350160192582
51,4,32,17,HES4,0.030432109889101926
51,4,32,18,HIST1H4E,0.029808436561340204
51,4,32,19,CSF1R,0.02926183489138241
51,4,32,20,FGL2,0.029219463532374527
51,4,32,21,GIMAP8,0.02891685414833907
51,4,32,22,CD83,0.027646652078241
51,4,32,23,HIST1H2AM,0.027474908509294252
51,4,32,24,GP9,0.027142760831571022
51,4,32,25,PRAGMIN,0.027062506140701572
51,4,32,26,MS4A2,0.026871245579701754
51,4,32,27,DUSP5,0.02677033026426203
51,4,32,28,HBEGF,0.026399127207936895
51,4,32,29,HIST2H3A,0.026332288706466967
51,4,32,30,SIK1,0.025772007407997555
51,4,32,31,LOC653610,0.02570949151550544
51,4,32,32,RNU4-1,0.02532857191117409
51,8,8,1,VCAN,0.0713825536419519
51,8,8,2,KIAA0367,0.06773756610103922
51,8,8,3,THBS1,0.06518469212693001
51,8,8,4,MAFB,0.0631167935474079
51,8,8,5,CLEC11A,0.061661881561325294
51,8,8,6,PI3,0.05763676177194022
51,8,8,7,TGFBI,0.0562882727388908
51,8,8,8,SPTA1,0.055786810368863377
51,8,16,1,VCAN,0.0713825536419519
51,8,16,2,KIAA0367,0.06773756610103922
51,8,16,3,THBS1,0.06518469212693001
51,8,16,4,MAFB,0.0631167935474079
51,8,16,5,CLEC11A,0.061661881561325294
51,8,16,6,PI3,0.05763676177194022
51,8,16,7,TGFBI,0.0562882727388908
51,8,16,8,SPTA1,0.055786810368863377
51,8,16,9,IL8RB,0.05492223372673182
51,8,16,10,VWF,0.05390766328839344
51,8,16,11,ALPL,0.0535444505193064
51,8,16,12,CCL4L1,0.05311808645714795
51,8,16,13,LGALS2,0.05291345122574238
51,8,16,14,SERPINE2,0.05228318101387375
51,8,16,15,ADM,0.05203665580956757
51,8,16,16,LOC654055,0.0503913138687601
51,8,32,1,VCAN,0.0713825536419519
51,8,32,2,KIAA0367,0.06773756610103922
51,8,32,3,THBS1,0.06518469212693001
51,8,32,4,MAFB,0.0631167935474079
51,8,32,5,CLEC11A,0.061661881561325294
51,8,32,6,PI3,0.05763676177194022
51,8,32,7,TGFBI,0.0562882727388908
51,8,32,8,SPTA1,0.055786810368863377
51,8,32,9,IL8RB,0.05492223372673182
51,8,32,10,VWF,0.05390766328839344
51,8,32,11,ALPL,0.0535444505193064
51,8,32,12,CCL4L1,0.05311808645714795
51,8,32,13,LGALS2,0.05291345122574238
51,8,32,14,SERPINE2,0.05228318101387375
51,8,32,15,ADM,0.05203665580956757
51,8,32,16,LOC654055,0.0503913138687601
51,8,32,17,HES4,0.04986195852135086
51,8,32,18,GJB6,0.049564889847934675
51,8,32,19,RHAG,0.04833033174728331
51,8,32,20,PHACTR1,0.04824094177244553
51,8,32,21,CLIC3,0.04822476487262746
51,8,32,22,NEU4,0.04801738808441551
51,8,32,23,CA1,0.048005936451007036
51,8,32,24,HBM,0.047355184507060936
51,8,32,25,DEFA4,0.04709241873112308
51,8,32,26,ESAM,0.046849711184258375
51,8,32,27,RBPMS2,0.046406027618221435
51,8,32,28,LOC728835,0.046075015519303666
51,8,32,29,EMP1,0.04605712430997601
51,8,32,30,SOCS2,0.04600722641835454
51,8,32,31,PRTN3,0.04591001665898169
51,8,32,32,GYPB,0.04523541438029531
51,16,8,1,DEFB1,0.15972505288044395
51,16,8,2,GAPDHL6,0.15366040955463942
51,16,8,3,GTSF1,0.1484407878858717
51,16,8,4,HLA-A29.1,0.14622270943905885
51,16,8,5,THBS1,0.13912566802497955
51,16,8,6,KIAA0367,0.1334697066980366
51,16,8,7,RAP1GAP,0.11827778686041121
51,16,8,8,OSBP2,0.11737304070666912
51,16,16,1,DEFB1,0.15972505288044395
51,16,16,2,GAPDHL6,0.15366040955463942
51,16,16,3,GTSF1,0.1484407878858717
51,16,16,4,HLA-A29.1,0.14622270943905885
51,16,16,5,THBS1,0.13912566802497955
51,16,16,6,KIAA0367,0.1334697066980366
51,16,16,7,RAP1GAP,0.11827778686041121
51,16,16,8,OSBP2,0.11737304070666912
51,16,16,9,LOC654055,0.11211684990987644
51,16,16,10,SLC4A1,0.11007143149958458
51,16,16,11,LOC644936,0.10933745313933703
51,16,16,12,ABP1,0.10517204717728974
51,16,16,13,LOC727908,0.1028169352073694
51,16,16,14,HLA-DRB1,0.10240993335612737
51,16,16,15,LOC100132394,0.10130922910853322
51,16,16,16,IFIT1L,0.10059311261540164
51,16,32,1,DEFB1,0.15972505288044395
51,16,32,2,GAPDHL6,0.15366040955463942
51,16,32,3,GTSF1,0.1484407878858717
51,16,32,4,HLA-A29.1,0.14622270943905885
51,16,32,5,THBS1,0.13912566802497955
51,16,32,6,KIAA0367,0.1334697066980366
51,16,32,7,RAP1GAP,0.11827778686041121
51,16,32,8,OSBP2,0.11737304070666912
51,16,32,9,LOC654055,0.11211684990987644
51,16,32,10,SLC4A1,0.11007143149958458
51,16,32,11,LOC644936,0.10933745313933703
51,16,32,12,ABP1,0.10517204717728974
51,16,32,13,LOC727908,0.1028169352073694
51,16,32,14,HLA-DRB1,0.10240993335612737
51,16,32,15,LOC100132394,0.10130922910853322
51,16,32,16,IFIT1L,0.10059311261540164
51,16,32,17,BAMBI,0.09909606487571491
51,16,32,18,VCAN,0.09877805627547599
51,16,32,19,LGALS2,0.09857723316592883
51,16,32,20,RPS4Y2,0.09478853135173965
51,16,32,21,LOC731682,0.09381132668537076
51,16,32,22,AHSP,0.09373776005440367
51,16,32,23,XIST,0.09337477543436669
51,16,32,24,FPR2,0.0920910070036184
51,16,32,25,LOC728835,0.09205067882615217
51,16,32,26,ALPL,0.09154370623458258
51,16,32,27,HBM,0.0908998833952155
51,16,32,28,SPTA1,0.09018915838310457
51,16,32,29,TEX101,0.08964260182032992
51,16,32,30,LOC100008588,0.08952184370128793
51,16,32,31,HBEGF,0.08940503322619528
51,16,32,32,HLA-DRB4,0.08908074326300941
52,4,8,1,VWF,0.045613928590399075
52,4,8,2,ESAM,0.041953419807773173
52,4,8,3,TNFSF10,0.038397578545621217
52,4,8,4,GIMAP4,0.038363859028336965
52,4,8,5,RBPMS2,0.03784924805731064
52,4,8,6,MPL,0.03716072063355989
52,4,8,7,MAFB,0.035750803171491
52,4,8,8,CLEC1B,0.03546967923475365
52,4,16,1,VWF,0.045613928590399075
52,4,16,2,ESAM,0.041953419807773173
52,4,16,3,TNFSF10,0.038397578545621217
52,4,16,4,GIMAP4,0.038363859028336965
52,4,16,5,RBPMS2,0.03784924805731064
52,4,16,6,MPL,0.03716072063355989
52,4,16,7,MAFB,0.035750803171491
52,4,16,8,CLEC1B,0.03546967923475365
52,4,16,9,PHACTR1,0.03457770707630081
52,4,16,10,PROS1,0.033529819486978286
52,4,16,11,ITGA2B,0.033036808942655406
52,4,16,12,SERPINE2,0.03260588400837684
52,4,16,13,GP9,0.03210422084789873
52,4,16,14,GIMAP8,0.032027869191730444
52,4,16,15,FGL2,0.03183165398968409
52,4,16,16,CSF1R,0.03060212216121646
52,4,32,1,VWF,0.045613928590399075
52,4,32,2,ESAM,0.041953419807773173
52,4,32,3,TNFSF10,0.038397578545621217
52,4,32,4,GIMAP4,0.038363859028336965
52,4,32,5,RBPMS2,0.03784924805731064
52,4,32,6,MPL,0.03716072063355989
52,4,32,7,MAFB,0.035750803171491
52,4,32,8,CLEC1B,0.03546967923475365
52,4,32,9,PHACTR1,0.03457770707630081
52,4,32,10,PROS1,0.033529819486978286
52,4,32,11,ITGA2B,0.033036808942655406
52,4,32,12,SERPINE2,0.03260588400837684
52,4,32,13,GP9,0.03210422084789873
52,4,32,14,GIMAP8,0.032027869191730444
52,4,32,15,FGL2,0.03183165398968409
52,4,32,16,CSF1R,0.03060212216121646
52,4,32,17,MX1,0.03058739289450245
52,4,32,18,MGC13057,0.030566678452280636
52,4,32,19,TSPAN33,0.030328121853521805
52,4,32,20,SNORD3C,0.029969674617754523
52,4,32,21,CX3CR1,0.02956579803018743
52,4,32,22,ITGB3,0.02945939556523938
52,4,32,23,LAMA5,0.0292968724867751
52,4,32,24,SNORD3A,0.02826432016411879
52,4,32,25,HES4,0.028223188572421017
52,4,32,26,PRAGMIN,0.0280397803135379
52,4,32,27,HIST2H3A,0.027645550254185972
52,4,32,28,HIST1H4E,0.02763539074549599
52,4,32,29,GJB6,0.027035172658347702
52,4,32,30,EPDR1,0.02698838344746564
52,4,32,31,HIST1H2AM,0.02652280450072398
52,4,32,32,CXCL2,0.026303465998758765
52,8,8,1,LOC644936,0.08320454595133946
52,8,8,2,DEFB1,0.08262408459933526
52,8,8,3,SELENBP1,0.06755593318724396
52,8,8,4,SLC4A1,0.06133641400108625
52,8,8,5,EPB42,0.06056473569455313
52,8,8,6,LGALS2,0.05968917625462621
52,8,8,7,TMCC2,0.059429250472245024
52,8,8,8,LAMA5,0.05786620146341299
52,8,16,1,LOC644936,0.08320454595133946
52,8,16,2,DEFB1,0.08262408459933526
52,8,16,3,SELENBP1,0.06755593318724396
52,8,16,4,SLC4A1,0.06133641400108625
52,8,16,5,EPB42,0.06056473569455313
52,8,16,6,LGALS2,0.05968917625462621
52,8,16,7,TMCC2,0.059429250472245024
52,8,16,8,LAMA5,0.05786620146341299
52,8,16,9,SNCA,0.057747060307405965
52,8,16,10,HBM,0.056279044411027455
52,8,16,11,HIST2H2BF,0.0561866252388552
52,8,16,12,TNFSF10,0.054787205254848544
52,8,16,13,GSTM1,0.05449552534328279
52,8,16,14,GYPB,0.05426915915009613
52,8,16,15,AHSP,0.053562849403631145
52,8,16,16,IFIT1L,0.05332347527552375
52,8,32,1,LOC644936,0.08320454595133946
52,8,32,2,DEFB1,0.08262408459933526
52,8,32,3,SELENBP1,0.06755593318724396
52,8,32,4,SLC4A1,0.06133641400108625
52,8,32,5,EPB42,0.06056473569455313
52,8,32,6,LGALS2,0.05968917625462621
52,8,32,7,TMCC2,0.059429250472245024
52,8,32,8,LAMA5,0.05786620146341299
52,8,32,9,SNCA,0.057747060307405965
52,8,32,10,HBM,0.056279044411027455
52,8,32,11,HIST2H2BF,0.0561866252388552
52,8,32,12,TNFSF10,0.054787205254848544
52,8,32,13,GSTM1,0.05449552534328279
52,8,32,14,GYPB,0.05426915915009613
52,8,32,15,AHSP,0.053562849403631145
52,8,32,16,IFIT1L,0.05332347527552375
52,8,32,17,VWF,0.053235620840393454
52,8,32,18,OSBP2,0.05286351270070996
52,8,32,19,CA1,0.052749876843268255
52,8,32,20,ADM,0.052235334079600834
52,8,32,21,RAP1GAP,0.052007751383119194
52,8,32,22,PCOLCE2,0.050876635819762615
52,8,32,23,KLHL15,0.05065028153915759
52,8,32,24,VCAN,0.049977251677997485
52,8,32,25,KIAA0367,0.04909270623198966
52,8,32,26,FGL2,0.04778907757815428
52,8,32,27,CD83,0.04755854787644845
52,8,32,28,GTSF1,0.0462259373669173
52,8,32,29,MAFB,0.045922250542396736
52,8,32,30,MX1,0.04562996961141902
52,8,32,31,ASGR1,0.04562171798176314
52,8,32,32,SPTA1,0.04480660304039241
52,16,8,1,DEFB1,0.16864844592908834
52,16,8,2,BAMBI,0.1552102182666561
52,16,8,3,LOC100133875,0.14021264756501273
52,16,8,4,GTSF1,0.13139294910524726
52,16,8,5,KIAA0367,0.13083607880143008
52,16,8,6,LOC644936,0.12721028326099873
52,16,8,7,GAPDHL6,0.125296167225343
52,16,8,8,GSTM1,0.12123075231994272
52,16,16,1,DEFB1,0.16864844592908834
52,16,16,2,BAMBI,0.1552102182666561
52,16,16,3,LOC100133875,0.14021264756501273
52,16,16,4,GTSF1,0.13139294910524726
52,16,16,5,KIAA0367,0.13083607880143008
52,16,16,6,LOC644936,0.12721028326099873
52,16,16,7,GAPDHL6,0.125296167225343
52,16,16,8,GSTM1,0.12123075231994272
52,16,16,9,HLA-A29.1,0.12042889921446039
52,16,16,10,IL1B,0.11917156826245673
52,16,16,11,IFI27,0.11708262981897836
52,16,16,12,LOC654055,0.11625265405878385
52,16,16,13,LILRA3,0.11576494422044624
52,16,16,14,LAMA5,0.10612745518869285
52,16,16,15,ABP1,0.10601035774633372
52,16,16,16,LOC727908,0.10340781633846967
52,16,32,1,DEFB1,0.16864844592908834
52,16,32,2,BAMBI,0.1552102182666561
52,16,32,3,LOC100133875,0.14021264756501273
52,16,32,4,GTSF1,0.13139294910524726
52,16,32,5,KIAA0367,0.13083607880143008
52,16,32,6,LOC644936,0.12721028326099873
52,16,32,7,GAPDHL6,0.125296167225343
52,16,32,8,GSTM1,0.12123075231994272
52,16,32,9,HLA-A29.1,0.12042889921446039
52,16,32,10,IL1B,0.11917156826245673
52,16,32,11,IFI27,0.11708262981897836
52,16,32,12,LOC654055,0.11625265405878385
52,16,32,13,LILRA3,0.11576494422044624
52,16,32,14,LAMA5,0.10612745518869285
52,16,32,15,ABP1,0.10601035774633372
52,16,32,16,LOC727908,0.10340781633846967
52,16,32,17,THBS1,0.10330875463614743
52,16,32,18,HBBP1,0.1017026500662731
52,16,32,19,LOC729645,0.10024527404086629
52,16,32,20,TEX101,0.09797603284993947
52,16,32,21,LOC100132394,0.09413907530480686
52,16,32,22,MX1,0.09320346410156281
52,16,32,23,KLHL15,0.09262326183698788
52,16,32,24,LGALS2,0.09133444665237316
52,16,32,25,SOCS2,0.09042867523128653
52,16,32,26,HES4,0.08256197171633053
52,16,32,27,RNU5A,0.08164286600856141
52,16,32,28,TMEM176A,0.08159610249893205
52,16,32,29,C1orf150,0.08138634612937587
52,16,32,30,SLC45A3,0.08123137544811385
52,16,32,31,LOC100008588,0.08076173229643234
52,16,32,32,KIAA1324,0.08075403737136264
53,4,8,1,IL8RB,0.041548130087894
53,4,8,2,HIST2H3A,0.034835655461369505
53,4,8,3,HIST1H1E,0.03458647501832005
53,4,8,4,HIST1H2AM,0.03425549506717026
53,4,8,5,HIST1H4E,0.03307911715588154
53,4,8,6,GAPDHL6,0.03293453770100052
53,4,8,7,DLGAP5,0.03141971153047884
53,4,8,8,IFIT2,0.0313781127890811
53,4,16,1,IL8RB,0.041548130087894
53,4,16,2,HIST2H3A,0.034835655461369505
53,4,16,3,HIST1H1E,0.03458647501832005
53,4,16,4,HIST1H2AM,0.03425549506717026
53,4,16,5,HIST1H4E,0.03307911715588154
53,4,16,6,GAPDHL6,0.03293453770100052
53,4,16,7,DLGAP5,0.03141971153047884
53,4,16,8,IFIT2,0.0313781127890811
53,4,16,9,MX1,0.03101133961752487
53,4,16,10,HIST1H1B,0.030982545820388428
53,4,16,11,CLIC3,0.030660049022793682
53,4,16,12,HIST2H2BF,0.030276966821960783
53,4,16,13,EMP1,0.030053243622261493
53,4,16,14,HIST1H2BG,0.029773807945022213
53,4,16,15,CDC20,0.029687752010321547
53,4,16,16,LTF,0.02938709423607149
53,4,32,1,IL8RB,0.041548130087894
53,4,32,2,HIST2H3A,0.034835655461369505
53,4,32,3,HIST1H1E,0.03458647501832005
53,4,32,4,HIST1H2AM,0.03425549506717026
53,4,32,5,HIST1H4E,0.03307911715588154
53,4,32,6,GAPDHL6,0.03293453770100052
53,4,32,7,DLGAP5,0.03141971153047884
53,4,32,8,IFIT2,0.0313781127890811
53,4,32,9,MX1,0.03101133961752487
53,4,32,10,HIST1H1B,0.030982545820388428
53,4,32,11,CLIC3,0.030660049022793682
53,4,32,12,HIST2H2BF,0.030276966821960783
53,4,32,13,EMP1,0.030053243622261493
53,4,32,14,HIST1H2BG,0.029773807945022213
53,4,32,15,CDC20,0.029687752010321547
53,4,32,16,LTF,0.02938709423607149
53,4,32,17,DEFA4,0.029379849137779173
53,4,32,18,EOMES,0.028355293849419705
53,4,32,19,XIST,0.028126032145621198
53,4,32,20,HIST1H2AE,0.028107839224277866
53,4,32,21,LOC728835,0.027884377645513887
53,4,32,22,NEU4,0.0275730766323282
53,4,32,23,TACSTD2,0.02752411341659236
53,4,32,24,CEACAM8,0.02698356979270757
53,4,32,25,RHAG,0.02695301374232127
53,4,32,26,RNU1F1,0.026784448853465193
53,4,32,27,FPR2,0.02671141105361006
53,4,32,28,RNU1A3,0.026126955568440507
53,4,32,29,CCL4L1,0.026068559947626458
53,4,32,30,HIST1H1D,0.026005559903876714
53,4,32,31,TCN1,0.02590568124982029
53,4,32,32,IFIT3,0.025230634338748743
53,8,8,1,HOXA5,0.0810199777981359
53,8,8,2,RPS4Y2,0.07323968798197392
53,8,8,3,LOC100133662,0.07022934133795047
53,8,8,4,XIST,0.06797552138799794
53,8,8,5,RPS4Y1,0.06683943268179905
53,8,8,6,PRKY,0.06378018798395257
53,8,8,7,EIF1AY,0.06130292373637445
53,8,8,8,JARID1D,0.0605763262284982
53,8,16,1,HOXA5,0.0810199777981359
53,8,16,2,RPS4Y2,0.07323968798197392
53,8,16,3,LOC100133662,0.07022934133795047
53,8,16,4,XIST,0.06797552138799794
53,8,16,5,RPS4Y1,0.06683943268179905
53,8,16,6,PRKY,0.06378018798395257
53,8,16,7,EIF1AY,0.06130292373637445
53,8,16,8,JARID1D,0.0605763262284982
53,8,16,9,CYorf15A,0.06016369288423674
53,8,16,10,CYorf15B,0.059745566017964
53,8,16,11,DEFB1,0.05923275409960475
53,8,16,12,SLC4A1,0.05843025676037271
53,8,16,13,VWF,0.05841775529461749
53,8,16,14,EPB42,0.058201391428140986
53,8,16,15,SELENBP1,0.05729609019031224
53,8,16,16,TGFBI,0.05678097521433918
53,8,32,1,HOXA5,0.0810199777981359
53,8,32,2,RPS4Y2,0.07323968798197392
53,8,32,3,LOC100133662,0.07022934133795047
53,8,32,4,XIST,0.06797552138799794
53,8,32,5,RPS4Y1,0.06683943268179905
53,8,32,6,PRKY,0.06378018798395257
53,8,32,7,EIF1AY,0.06130292373637445
53,8,32,8,JARID1D,0.0605763262284982
53,8,32,9,CYorf15A,0.06016369288423674
53,8,32,10,CYorf15B,0.059745566017964
53,8,32,11,DEFB1,0.05923275409960475
53,8,32,12,SLC4A1,0.05843025676037271
53,8,32,13,VWF,0.05841775529461749
53,8,32,14,EPB42,0.058201391428140986
53,8,32,15,SELENBP1,0.05729609019031224
53,8,32,16,TGFBI,0.05678097521433918
53,8,32,17,CA1,0.055996704359831
53,8,32,18,SNCA,0.05563611092257439
53,8,32,19,AHSP,0.05559943475649407
53,8,32,20,IFIT1L,0.05493453870595503
53,8,32,21,GYPB,0.054914148949533184
53,8,32,22,HBEGF,0.05338894332792043
53,8,32,23,OSBP2,0.0525413231293569
53,8,32,24,GAPDHL6,0.05203404659274528
53,8,32,25,LGALS2,0.05178864075382957
53,8,32,26,LY86,0.051588392547812015
53,8,32,27,HBM,0.051014863357383346
53,8,32,28,RBPMS2,0.05069484151252552
53,8,32,29,ADM,0.04976631613092069
53,8,32,30,IL8RB,0.04909711300430872
53,8,32,31,MAFB,0.04839440785195759
53,8,32,32,CDC20,0.047940624868362654
53,16,8,1,DEFB1,0.1722793548054579
53,16,8,2,LOC100133875,0.15510919658800196
53,16,8,3,GAPDHL6,0.15281077713830926
53,16,8,4,HLA-A29.1,0.14739942589668306
53,16,8,5,GTSF1,0.14631838529890914
53,16,8,6,LILRA3,0.13430493332683835
53,16,8,7,BAMBI,0.1303620516294159
53,16,8,8,HOXA5,0.12304936888928772
53,16,16,1,DEFB1,0.1722793548054579
53,16,16,2,LOC100133875,0.15510919658800196
53,16,16,3,GAPDHL6,0.15281077713830926
53,16,16,4,HLA-A29.1,0.14739942589668306
53,16,16,5,GTSF1,0.14631838529890914
53,16,16,6,LILRA3,0.13430493332683835
53,16,16,7,BAMBI,0.1303620516294159
53,16,16,8,HOXA5,0.12304936888928772
53,16,16,9,LOC654055,0.12145455684469676
53,16,16,10,LOC729645,0.11345741429212784
53,16,16,11,C1orf150,0.11283082075057371
53,16,16,12,KLHL15,0.10732774963602303
53,16,16,13,LGALS2,0.10599641698203251
53,16,16,14,LOC644936,0.10552770217317045
53,16,16,15,GSTM1,0.10500162015873554
53,16,16,16,IFI27,0.10337002926906906
53,16,32,1,DEFB1,0.1722793548054579
53,16,32,2,LOC100133875,0.15510919658800196
53,16,32,3,GAPDHL6,0.15281077713830926
53,16,32,4,HLA-A29.1,0.14739942589668306
53,16,32,5,GTSF1,0.14631838529890914
53,16,32,6,LILRA3,0.13430493332683835
53,16,32,7,BAMBI,0.1303620516294159
53,16,32,8,HOXA5,0.12304936888928772
53,16,32,9,LOC654055,0.12145455684469676
53,16,32,10,LOC729645,0.11345741429212784
53,16,32,11,C1orf150,0.11283082075057371
53,16,32,12,KLHL15,0.10732774963602303
53,16,32,13,LGALS2,0.10599641698203251
53,16,32,14,LOC644936,0.10552770217317045
53,16,32,15,GSTM1,0.10500162015873554
53,16,32,16,IFI27,0.10337002926906906
53,16,32,17,TPSAB1,0.10015032624296859
53,16,32,18,RPS4Y2,0.0993250313954967
53,16,32,19,TPSB2,0.09726492029835293
53,16,32,20,ABP1,0.09681689323356647
53,16,32,21,SPRYD5,0.09281842588937914
53,16,32,22,KIAA0367,0.0911856309433158
53,16,32,23,SLC45A3,0.09086932187986664
53,16,32,24,LOC100132394,0.08872814149191977
53,16,32,25,IL1B,0.08796076487888968
53,16,32,26,SOCS2,0.08780344606094465
53,16,32,27,CDC20,0.08737759620361571
53,16,32,28,BEX1,0.08559235432961299
53,16,32,29,G0S2,0.0853322801049571
53,16,32,30,XIST,0.08501111719818943
53,16,32,31,RGS1,0.08458308516245358
53,16,32,32,LOC100133662,0.08421088962389729
54,4,8,1,VWF,0.04939512232246994
54,4,8,2,RBPMS2,0.04288412017661561
54,4,8,3,MPL,0.0423497775385394
54,4,8,4,ESAM,0.03981805260318939
54,4,8,5,ITGA2B,0.03626657446831969
54,4,8,6,GJB6,0.03354935577807183
54,4,8,7,LOC653610,0.03345750681695218
54,4,8,8,CLEC1B,0.032351582995989926
54,4,16,1,VWF,0.04939512232246994
54,4,16,2,RBPMS2,0.04288412017661561
54,4,16,3,MPL,0.0423497775385394
54,4,16,4,ESAM,0.03981805260318939
54,4,16,5,ITGA2B,0.03626657446831969
54,4,16,6,GJB6,0.03354935577807183
54,4,16,7,LOC653610,0.03345750681695218
54,4,16,8,CLEC1B,0.032351582995989926
54,4,16,9,MAFB,0.031530987540451416
54,4,16,10,SERPINE2,0.03130894252353904
54,4,16,11,PROS1,0.030805777436970393
54,4,16,12,GP9,0.030355784000329546
54,4,16,13,TSPAN33,0.029854619702614122
54,4,16,14,GIMAP4,0.029572255120850134
54,4,16,15,TNFSF10,0.029541208452585867
54,4,16,16,SNORD3C,0.02951081683089873
54,4,32,1,VWF,0.04939512232246994
54,4,32,2,RBPMS2,0.04288412017661561
54,4,32,3,MPL,0.0423497775385394
54,4,32,4,ESAM,0.03981805260318939
54,4,32,5,ITGA2B,0.03626657446831969
54,4,32,6,GJB6,0.03354935577807183
54,4,32,7,LOC653610,0.03345750681695218
54,4,32,8,CLEC1B,0.032351582995989926
54,4,32,9,MAFB,0.031530987540451416
54,4,32,10,SERPINE2,0.03130894252353904
54,4,32,11,PROS1,0.030805777436970393
54,4,32,12,GP9,0.030355784000329546
54,4,32,13,TSPAN33,0.029854619702614122
54,4,32,14,GIMAP4,0.029572255120850134
54,4,32,15,TNFSF10,0.029541208452585867
54,4,32,16,SNORD3C,0.02951081683089873
54,4,32,17,MGC13057,0.02899802564774983
54,4,32,18,RNU4-1,0.02892421467039465
54,4,32,19,HIST1H1E,0.028764800487311826
54,4,32,20,GADD45B,0.027916946838464855
54,4,32,21,SNORD3A,0.027777882300380537
54,4,32,22,HIST1H4E,0.02737169709166897
54,4,32,23,LAMA5,0.027248159129988583
54,4,32,24,ITGB3,0.027185647516852856
54,4,32,25,ADM,0.027039379507056073
54,4,32,26,RNU12,0.026488904900530418
54,4,32,27,RNU1-3,0.02620173551862541
54,4,32,28,HIST2H2AB,0.025871822163769105
54,4,32,29,FGL2,0.025541678555653178
54,4,32,30,IL8RB,0.025493114099819667
54,4,32,31,CX3CR1,0.02541273822458362
54,4,32,32,SNORD3D,0.02453238140354024
54,8,8,1,DEFB1,0.08121704895078741
54,8,8,2,LOC644936,0.06674275482575966
54,8,8,3,LGALS2,0.06295791809650074
54,8,8,4,IFIT1L,0.061955110308792014
54,8,8,5,HBM,0.06139858640467503
54,8,8,6,TMCC2,0.06110766613142064
54,8,8,7,KIAA0367,0.060600650117250535
54,8,8,8,EPB42,0.05949781026091674
54,8,16,1,DEFB1,0.08121704895078741
54,8,16,2,LOC644936,0.06674275482575966
54,8,16,3,LGALS2,0.06295791809650074
54,8,16,4,IFIT1L,0.061955110308792014
54,8,16,5,HBM,0.06139858640467503
54,8,16,6,TMCC2,0.06110766613142064
54,8,16,7,KIAA0367,0.060600650117250535
54,8,16,8,EPB42,0.05949781026091674
54,8,16,9,GYPB,0.058445180667796554
54,8,16,10,VCAN,0.057819070791754405
54,8,16,11,SPTA1,0.05766694127173946
54,8,16,12,AHSP,0.05754574505030376
54,8,16,13,TNFSF10,0.05752607108515918
54,8,16,14,SLC4A1,0.05733728652028094
54,8,16,15,CA1,0.056520332050038875
54,8,16,16,HIST2H2BF,0.055882136749153606
54,8,32,1,DEFB1,0.08121704895078741
54,8,32,2,LOC644936,0.06674275482575966
54,8,32,3,LGALS2,0.06295791809650074
54,8,32,4,IFIT1L,0.061955110308792014
54,8,32,5,HBM,0.06139858640467503
54,8,32,6,TMCC2,0.06110766613142064
54,8,32,7,KIAA0367,0.060600650117250535
54,8,32,8,EPB42,0.05949781026091674
54,8,32,9,GYPB,0.058445180667796554
54,8,32,10,VCAN,0.057819070791754405
54,8,32,11,SPTA1,0.05766694127173946
54,8,32,12,AHSP,0.05754574505030376
54,8,32,13,TNFSF10,0.05752607108515918
54,8,32,14,SLC4A1,0.05733728652028094
54,8,32,15,CA1,0.056520332050038875
54,8,32,16,HIST2H2BF,0.055882136749153606
54,8,32,17,IL8RB,0.055659678336284345
54,8,32,18,OSBP2,0.054876423217372516
54,8,32,19,TGFBI,0.05487396704584889
54,8,32,20,LAMA5,0.05457750412705919
54,8,32,21,SELENBP1,0.05448583981969748
54,8,32,22,VWF,0.05426543305636533
54,8,32,23,RAP1GAP,0.05387598715747499
54,8,32,24,MAFB,0.0530307312751583
54,8,32,25,GJB6,0.051089963510400085
54,8,32,26,RHAG,0.050015520022168386
54,8,32,27,IFI27,0.04859926926566667
54,8,32,28,LOC653610,0.04725616064070604
54,8,32,29,IFIT2,0.045025277934042846
54,8,32,30,TNFRSF21,0.04501736862088062
54,8,32,31,FGL2,0.044934869554405586
54,8,32,32,ADM,0.04489776272420167
54,16,8,1,DEFB1,0.1852867302879937
54,16,8,2,LOC100133875,0.14286897082541009
54,16,8,3,IFI27,0.1308329641153957
54,16,8,4,GSTM1,0.1268711403079364
54,16,8,5,HBBP1,0.1254288446689744
54,16,8,6,LOC644936,0.1253860032649359
54,16,8,7,LOC729645,0.12406384191736342
54,16,8,8,HLA-A29.1,0.1196481710132607
54,16,16,1,DEFB1,0.1852867302879937
54,16,16,2,LOC100133875,0.14286897082541009
54,16,16,3,IFI27,0.1308329641153957
54,16,16,4,GSTM1,0.1268711403079364
54,16,16,5,HBBP1,0.1254288446689744
54,16,16,6,LOC644936,0.1253860032649359
54,16,16,7,LOC729645,0.12406384191736342
54,16,16,8,HLA-A29.1,0.1196481710132607
54,16,16,9,LILRA3,0.11674851834361512
54,16,16,10,GAPDHL6,0.11282540557180126
54,16,16,11,LOC654055,0.10966825266190032
54,16,16,12,LOC100132394,0.10954045471292506
54,16,16,13,KIAA1324,0.10953075652794758
54,16,16,14,KLHL15,0.10730487027582257
54,16,16,15,RPS4Y2,0.10696271073662864
54,16,16,16,RAP1GAP,0.10446448069263962
54,16,32,1,DEFB1,0.1852867302879937
54,16,32,2,LOC100133875,0.14286897082541009
54,16,32,3,IFI27,0.1308329641153957
54,16,32,4,GSTM1,0.1268711403079364
54,16,32,5,HBBP1,0.1254288446689744
54,16,32,6,LOC644936,0.1253860032649359
54,16,32,7,LOC729645,0.12406384191736342
54,16,32,8,HLA-A29.1,0.1196481710132607
54,16,32,9,LILRA3,0.11674851834361512
54,16,32,10,GAPDHL6,0.11282540557180126
54,16,32,11,LOC654055,0.10966825266190032
54,16,32,12,LOC100132394,0.10954045471292506
54,16,32,13,KIAA1324,0.10953075652794758
54,16,32,14,KLHL15,0.10730487027582257
54,16,32,15,RPS4Y2,0.10696271073662864
54,16,32,16,RAP1GAP,0.10446448069263962
54,16,32,17,C1orf150,0.10062462518664297
54,16,32,18,XIST,0.09987056433201306
54,16,32,19,RPS4Y1,0.09701972284018053
54,16,32,20,TEX101,0.09457809097861881
54,16,32,21,LOC100133662,0.09453936925503623
54,16,32,22,IL1B,0.09448388835441487
54,16,32,23,TPSAB1,0.09437594899272554
54,16,32,24,VCAN,0.09308768196079643
54,16,32,25,HOXA5,0.09299626251671685
54,16,32,26,HES4,0.09237369713246564
54,16,32,27,PRKY,0.09146355714771673
54,16,32,28,KIAA0367,0.09129740392866861
54,16,32,29,GTSF1,0.09106353793877446
54,16,32,30,CYorf15A,0.08990287293600943
54,16,32,31,TNFRSF21,0.08963277405278675
54,16,32,32,LGALS2,0.0878166995194467
55,4,8,1,VWF,0.05722226928847159
55,4,8,2,MPL,0.04798984754062797
55,4,8,3,RBPMS2,0.04444481281049914
55,4,8,4,ESAM,0.042701382482147075
55,4,8,5,SERPINE2,0.04064996346014163
55,4,8,6,ITGA2B,0.03789367911289887
55,4,8,7,PROS1,0.03669896884159151
55,4,8,8,MS4A2,0.036474850713600696
55,4,16,1,VWF,0.05722226928847159
55,4,16,2,MPL,0.04798984754062797
55,4,16,3,RBPMS2,0.04444481281049914
55,4,16,4,ESAM,0.042701382482147075
55,4,16,5,SERPINE2,0.04064996346014163
55,4,16,6,ITGA2B,0.03789367911289887
55,4,16,7,PROS1,0.03669896884159151
55,4,16,8,MS4A2,0.036474850713600696
55,4,16,9,CLEC1B,0.03618678851222679
55,4,16,10,TSPAN33,0.0346172968215477
55,4,16,11,ITGB3,0.031239923731365266
55,4,16,12,HIST1H1E,0.030949449259482217
55,4,16,13,HIST1H2AM,0.030045152711124044
55,4,16,14,HIST1H1B,0.029928580584992568
55,4,16,15,HIST2H3A,0.029560337902079098
55,4,16,16,HIST1H2AH,0.029368036274714255
55,4,32,1,VWF,0.05722226928847159
55,4,32,2,MPL,0.04798984754062797
55,4,32,3,RBPMS2,0.04444481281049914
55,4,32,4,ESAM,0.042701382482147075
55,4,32,5,SERPINE2,0.04064996346014163
55,4,32,6,ITGA2B,0.03789367911289887
55,4,32,7,PROS1,0.03669896884159151
55,4,32,8,MS4A2,0.036474850713600696
55,4,32,9,CLEC1B,0.03618678851222679
55,4,32,10,TSPAN33,0.0346172968215477
55,4,32,11,ITGB3,0.031239923731365266
55,4,32,12,HIST1H1E,0.030949449259482217
55,4,32,13,HIST1H2AM,0.030045152711124044
55,4,32,14,HIST1H1B,0.029928580584992568
55,4,32,15,HIST2H3A,0.029560337902079098
55,4,32,16,HIST1H2AH,0.029368036274714255
55,4,32,17,VCAN,0.029320787638350276
55,4,32,18,HIST1H4E,0.029152966783811064
55,4,32,19,RNU1F1,0.02913840268794903
55,4,32,20,MAFB,0.02880693912872649
55,4,32,21,GP9,0.027374355826096326
55,4,32,22,RNU1A3,0.027343901361799615
55,4,32,23,DEFA4,0.02708352173663724
55,4,32,24,LTF,0.026761498635657056
55,4,32,25,TNFSF10,0.02645562923021393
55,4,32,26,SLC45A3,0.026219665062207548
55,4,32,27,HIST1H1D,0.02595511827017092
55,4,32,28,CEACAM8,0.02563307263539068
55,4,32,29,TGFBI,0.02558266293338307
55,4,32,30,TCN1,0.025328921489661017
55,4,32,31,CEACAM6,0.025291054533462476
55,4,32,32,FGL2,0.025211109958093697
55,8,8,1,DEFB1,0.07345962942991553
55,8,8,2,EPB42,0.06778989808892096
55,8,8,3,VWF,0.06749452755532728
55,8,8,4,CDC20,0.06702445957610427
55,8,8,5,SLC4A1,0.06640055947441319
55,8,8,6,SELENBP1,0.06610893625182883
55,8,8,7,TMCC2,0.06451109024773577
55,8,8,8,IFI27,0.060946703391502696
55,8,16,1,DEFB1,0.07345962942991553
55,8,16,2,EPB42,0.06778989808892096
55,8,16,3,VWF,0.06749452755532728
55,8,16,4,CDC20,0.06702445957610427
55,8,16,5,SLC4A1,0.06640055947441319
55,8,16,6,SELENBP1,0.06610893625182883
55,8,16,7,TMCC2,0.06451109024773577
55,8,16,8,IFI27,0.060946703391502696
55,8,16,9,XIST,0.06073687683987139
55,8,16,10,IFIT1L,0.060035679238661384
55,8,16,11,OSBP2,0.05721762275546048
55,8,16,12,SPTA1,0.05705617304533664
55,8,16,13,AHSP,0.056498918156859514
55,8,16,14,GYPB,0.056114345589649714
55,8,16,15,HBM,0.054668332793419934
55,8,16,16,RAP1GAP,0.05428754562384144
55,8,32,1,DEFB1,0.07345962942991553
55,8,32,2,EPB42,0.06778989808892096
55,8,32,3,VWF,0.06749452755532728
55,8,32,4,CDC20,0.06702445957610427
55,8,32,5,SLC4A1,0.06640055947441319
55,8,32,6,SELENBP1,0.06610893625182883
55,8,32,7,TMCC2,0.06451109024773577
55,8,32,8,IFI27,0.060946703391502696
55,8,32,9,XIST,0.06073687683987139
55,8,32,10,IFIT1L,0.060035679238661384
55,8,32,11,OSBP2,0.05721762275546048
55,8,32,12,SPTA1,0.05705617304533664
55,8,32,13,AHSP,0.056498918156859514
55,8,32,14,GYPB,0.056114345589649714
55,8,32,15,HBM,0.054668332793419934
55,8,32,16,RAP1GAP,0.05428754562384144
55,8,32,17,MAFB,0.0541423102323042
55,8,32,18,IL1B,0.05328884525862114
55,8,32,19,CA1,0.052287968047828454
55,8,32,20,RPS4Y2,0.05169214510002672
55,8,32,21,NEU4,0.051533933506985354
55,8,32,22,MPL,0.05146027859900834
55,8,32,23,SERPINE2,0.048326666399643455
55,8,32,24,RBPMS2,0.048234386252867634
55,8,32,25,ORM2,0.047554873434648696
55,8,32,26,RHAG,0.04750149322247384
55,8,32,27,SLC45A3,0.04725875164442528
55,8,32,28,ADM,0.04694840757567148
55,8,32,29,VCAN,0.045901197339613314
55,8,32,30,TGFBI,0.04552521715438665
55,8,32,31,CYorf15A,0.044982853009188896
55,8,32,32,TNFSF10,0.044572150238601234
55,16,8,1,LOC644936,0.15457954769934268
55,16,8,2,GTSF1,0.15317738248779714
55,16,8,3,GAPDHL6,0.14607755290472604
55,16,8,4,IFI27,0.1425598540571381
55,16,8,5,LOC100133875,0.13473270594549247
55,16,8,6,DEFB1,0.13072826388981543
55,16,8,7,BAMBI,0.13062905390832547
55,16,8,8,HLA-A29.1,0.12259789669516796
55,16,16,1,LOC644936,0.15457954769934268
55,16,16,2,GTSF1,0.15317738248779714
55,16,16,3,GAPDHL6,0.14607755290472604
55,16,16,4,IFI27,0.1425598540571381
55,16,16,5,LOC100133875,0.13473270594549247
55,16,16,6,DEFB1,0.13072826388981543
55,16,16,7,BAMBI,0.13062905390832547
55,16,16,8,HLA-A29.1,0.12259789669516796
55,16,16,9,GSTM1,0.11721578196543488
55,16,16,10,KIAA0367,0.1123143811203492
55,16,16,11,LOC100132394,0.11072581341199592
55,16,16,12,LILRA3,0.11056832387546757
55,16,16,13,LOC729645,0.10861509695806036
55,16,16,14,C1orf150,0.10844623154146506
55,16,16,15,KLHL15,0.10373853944052436
55,16,16,16,PI3,0.1014907825080333
55,16,32,1,LOC644936,0.15457954769934268
55,16,32,2,GTSF1,0.15317738248779714
55,16,32,3,GAPDHL6,0.14607755290472604
55,16,32,4,IFI27,0.1425598540571381
55,16,32,5,LOC100133875,0.13473270594549247
55,16,32,6,DEFB1,0.13072826388981543
55,16,32,7,BAMBI,0.13062905390832547
55,16,32,8,HLA-A29.1,0.12259789669516796
55,16,32,9,GSTM1,0.11721578196543488
55,16,32,10,KIAA0367,0.1123143811203492
55,16,32,11,LOC100132394,0.11072581341199592
55,16,32,12,LILRA3,0.11056832387546757
55,16,32,13,LOC729645,0.10861509695806036
55,16,32,14,C1orf150,0.10844623154146506
55,16,32,15,KLHL15,0.10373853944052436
55,16,32,16,PI3,0.1014907825080333
55,16,32,17,ABP1,0.0991644140176945
55,16,32,18,HES4,0.09910026968403372
55,16,32,19,THBS1,0.09556289360103556
55,16,32,20,TPSAB1,0.09352573918993676
55,16,32,21,HOXA5,0.09349423500194746
55,16,32,22,XIST,0.09212976568398527
55,16,32,23,CDC20,0.09191038257973515
55,16,32,24,MIR1974,0.09148231014758304
55,16,32,25,HBBP1,0.0907294791257617
55,16,32,26,CD177,0.09023645300944455
55,16,32,27,CYorf15A,0.0897088837010772
55,16,32,28,RAP1GAP,0.08797554750490215
55,16,32,29,RPS4Y1,0.08592881121129221
55,16,32,30,RPS4Y2,0.08587244420878357
55,16,32,31,VWF,0.0856567943702928
55,16,32,32,TPSB2,0.08553044588968464
56,4,8,1,GJB6,0.055138822311294626
56,4,8,2,VWF,0.05051429402181566
56,4,8,3,MPL,0.04582808084160441
56,4,8,4,TNFSF10,0.04356108366219214
56,4,8,5,RBPMS2,0.042954554295630505
56,4,8,6,ESAM,0.04015279400124385
56,4,8,7,CLEC1B,0.03706103429238326
56,4,8,8,PROS1,0.03498085604331431
56,4,16,1,GJB6,0.055138822311294626
56,4,16,2,VWF,0.05051429402181566
56,4,16,3,MPL,0.04582808084160441
56,4,16,4,TNFSF10,0.04356108366219214
56,4,16,5,RBPMS2,0.042954554295630505
56,4,16,6,ESAM,0.04015279400124385
56,4,16,7,CLEC1B,0.03706103429238326
56,4,16,8,PROS1,0.03498085604331431
56,4,16,9,ITGA2B,0.03497926625683208
56,4,16,10,KLHL15,0.03488393106755706
56,4,16,11,GIMAP8,0.034653571021700566
56,4,16,12,TSPAN33,0.034316678529196315
56,4,16,13,GIMAP4,0.03303735629388046
56,4,16,14,FGL2,0.032189165932781094
56,4,16,15,C1orf186,0.03151786560854236
56,4,16,16,CX3CR1,0.03104604423313567
56,4,32,1,GJB6,0.055138822311294626
56,4,32,2,VWF,0.05051429402181566
56,4,32,3,MPL,0.04582808084160441
56,4,32,4,TNFSF10,0.04356108366219214
56,4,32,5,RBPMS2,0.042954554295630505
56,4,32,6,ESAM,0.04015279400124385
56,4,32,7,CLEC1B,0.03706103429238326
56,4,32,8,PROS1,0.03498085604331431
56,4,32,9,ITGA2B,0.03497926625683208
56,4,32,10,KLHL15,0.03488393106755706
56,4,32,11,GIMAP8,0.034653571021700566
56,4,32,12,TSPAN33,0.034316678529196315
56,4,32,13,GIMAP4,0.03303735629388046
56,4,32,14,FGL2,0.032189165932781094
56,4,32,15,C1orf186,0.03151786560854236
56,4,32,16,CX3CR1,0.03104604423313567
56,4,32,17,SERPINE2,0.030781011630634215
56,4,32,18,MAFB,0.030626434782685515
56,4,32,19,ITGB3,0.02979534105179159
56,4,32,20,PHACTR1,0.029581039499369754
56,4,32,21,GP9,0.029502929719508596
56,4,32,22,HBEGF,0.02836719690487117
56,4,32,23,HIST1H4E,0.028068808924681516
56,4,32,24,SNORD3C,0.02708401130553343
56,4,32,25,SNORD3A,0.02704089295044748
56,4,32,26,RNU4-1,0.026727134753118695
56,4,32,27,NAT8B,0.026572400818331354
56,4,32,28,HES4,0.026269134818380474
56,4,32,29,C16orf75,0.02601537437098108
56,4,32,30,HIST1H2AM,0.025120709394702526
56,4,32,31,RNU11,0.024969263503794224
56,4,32,32,HIST2H3A,0.024967879742928283
56,8,8,1,LGALS2,0.06868624156075769
56,8,8,2,TNFRSF21,0.06116835656302716
56,8,8,3,GJB6,0.06083995074157463
56,8,8,4,SELENBP1,0.05889814350101352
56,8,8,5,C16orf75,0.05871176352313269
56,8,8,6,VCAN,0.05856225963160224
56,8,8,7,RAP1GAP,0.05835490191606622
56,8,8,8,KIAA0367,0.05781486616127152
56,8,16,1,LGALS2,0.06868624156075769
56,8,16,2,TNFRSF21,0.06116835656302716
56,8,16,3,GJB6,0.06083995074157463
56,8,16,4,SELENBP1,0.05889814350101352
56,8,16,5,C16orf75,0.05871176352313269
56,8,16,6,VCAN,0.05856225963160224
56,8,16,7,RAP1GAP,0.05835490191606622
56,8,16,8,KIAA0367,0.05781486616127152
56,8,16,9,EPB42,0.05741691258524612
56,8,16,10,TMCC2,0.05708565807580458
56,8,16,11,SLC4A1,0.05618208227182435
56,8,16,12,OSBP2,0.05597083587884487
56,8,16,13,IFIT1L,0.0556816891344359
56,8,16,14,HBM,0.05568127300431172
56,8,16,15,NEU4,0.05488523265984093
56,8,16,16,AHSP,0.05389662619938155
56,8,32,1,LGALS2,0.06868624156075769
56,8,32,2,TNFRSF21,0.06116835656302716
56,8,32,3,GJB6,0.06083995074157463
56,8,32,4,SELENBP1,0.05889814350101352
56,8,32,5,C16orf75,0.05871176352313269
56,8,32,6,VCAN,0.05856225963160224
56,8,32,7,RAP1GAP,0.05835490191606622
56,8,32,8,KIAA0367,0.05781486616127152
56,8,32,9,EPB42,0.05741691258524612
56,8,32,10,TMCC2,0.05708565807580458
56,8,32,11,SLC4A1,0.05618208227182435
56,8,32,12,OSBP2,0.05597083587884487
56,8,32,13,IFIT1L,0.0556816891344359
56,8,32,14,HBM,0.05568127300431172
56,8,32,15,NEU4,0.05488523265984093
56,8,32,16,AHSP,0.05389662619938155
56,8,32,17,IL8RB,0.05320449209933593
56,8,32,18,TNFSF10,0.053111718685570485
56,8,32,19,GYPB,0.052752654345073216
56,8,32,20,VWF,0.05218273048314515
56,8,32,21,ASGR1,0.05190254187826476
56,8,32,22,SPTA1,0.05167178640645616
56,8,32,23,CA1,0.051512108553645235
56,8,32,24,HBQ1,0.05112541119482513
56,8,32,25,IFI27,0.051033856359048696
56,8,32,26,SNCA,0.04988110621054419
56,8,32,27,MAFB,0.049262159646683804
56,8,32,28,PRSSL1,0.0489613545745944
56,8,32,29,MPL,0.04827205650529513
56,8,32,30,GAPDHL6,0.04795688274369028
56,8,32,31,SERPINE2,0.04786876172279255
56,8,32,32,THBS1,0.04779230384072874
56,16,8,1,DEFB1,0.1589570598871478
56,16,8,2,GAPDHL6,0.15173214010944036
56,16,8,3,HLA-A29.1,0.14483031816401584
56,16,8,4,BAMBI,0.13921507548771386
56,16,8,5,KIAA0367,0.13246204710225937
56,16,8,6,LOC100133875,0.13221331906890632
56,16,8,7,LILRA3,0.1135275323746509
56,16,8,8,LOC727908,0.11203269490041709
56,16,16,1,DEFB1,0.1589570598871478
56,16,16,2,GAPDHL6,0.15173214010944036
56,16,16,3,HLA-A29.1,0.14483031816401584
56,16,16,4,BAMBI,0.13921507548771386
56,16,16,5,KIAA0367,0.13246204710225937
56,16,16,6,LOC100133875,0.13221331906890632
56,16,16,7,LILRA3,0.1135275323746509
56,16,16,8,LOC727908,0.11203269490041709
56,16,16,9,ABP1,0.1105649571453667
56,16,16,10,LGALS2,0.11048689436442741
56,16,16,11,HBBP1,0.1093565980012766
56,16,16,12,LOC644936,0.1088326783559121
56,16,16,13,LOC654055,0.10492080183770437
56,16,16,14,RPS4Y2,0.10459353104871576
56,16,16,15,IFIT2,0.10220854270047239
56,16,16,16,TEX101,0.10113380517500868
56,16,32,1,DEFB1,0.1589570598871478
56,16,32,2,GAPDHL6,0.15173214010944036
56,16,32,3,HLA-A29.1,0.14483031816401584
56,16,32,4,BAMBI,0.13921507548771386
56,16,32,5,KIAA0367,0.13246204710225937
56,16,32,6,LOC100133875,0.13221331906890632
56,16,32,7,LILRA3,0.1135275323746509
56,16,32,8,LOC727908,0.11203269490041709
56,16,32,9,ABP1,0.1105649571453667
56,16,32,10,LGALS2,0.11048689436442741
56,16,32,11,HBBP1,0.1093565980012766
56,16,32,12,LOC644936,0.1088326783559121
56,16,32,13,LOC654055,0.10492080183770437
56,16,32,14,RPS4Y2,0.10459353104871576
56,16,32,15,IFIT2,0.10220854270047239
56,16,32,16,TEX101,0.10113380517500868
56,16,32,17,RAP1GAP,0.10032832307159331
56,16,32,18,LOC100132394,0.09729070945889014
56,16,32,19,RPS4Y1,0.09723846141202568
56,16,32,20,CCL3,0.09643298138518264
56,16,32,21,LOC100133662,0.09567719391964252
56,16,32,22,XIST,0.09493944237601544
56,16,32,23,PRKY,0.09403898394264867
56,16,32,24,LOC728835,0.09402377593008589
56,16,32,25,C1orf150,0.0928027392794343
56,16,32,26,THBS1,0.08978547314409933
56,16,32,27,RNU5A,0.08878254261303517
56,16,32,28,CYorf15A,0.08874718562168916
56,16,32,29,CCL4L1,0.08750656232415661
56,16,32,30,FPR2,0.08695647033564363
56,16,32,31,EIF1AY,0.08646073710959608
56,16,32,32,JARID1D,0.08578486075029514
57,4,8,1,IL8RB,0.04100836045556562
57,4,8,2,VWF,0.03922469705494057
57,4,8,3,HIST1H1E,0.033062389997514444
57,4,8,4,HIST1H4E,0.032270890994857054
57,4,8,5,HIST1H1B,0.03109789284549315
57,4,8,6,HIST1H2BG,0.030993410927173805
57,4,8,7,RGS1,0.03038349074709383
57,4,8,8,DEFA4,0.029987419018510854
57,4,16,1,IL8RB,0.04100836045556562
57,4,16,2,VWF,0.03922469705494057
57,4,16,3,HIST1H1E,0.033062389997514444
57,4,16,4,HIST1H4E,0.032270890994857054
57,4,16,5,HIST1H1B,0.03109789284549315
57,4,16,6,HIST1H2BG,0.030993410927173805
57,4,16,7,RGS1,0.03038349074709383
57,4,16,8,DEFA4,0.029987419018510854
57,4,16,9,IFIT2,0.029468770409218713
57,4,16,10,CCL4L1,0.029428948708303884
57,4,16,11,CCL3L1,0.029087063581051377
57,4,16,12,MPL,0.029058338949842697
57,4,16,13,HIST1H2AH,0.028825449946206855
57,4,16,14,HOXA5,0.02830574394694181
57,4,16,15,LTF,0.02822579063242496
57,4,16,16,CCL3L3,0.02808577734884256
57,4,32,1,IL8RB,0.04100836045556562
57,4,32,2,VWF,0.03922469705494057
57,4,32,3,HIST1H1E,0.033062389997514444
57,4,32,4,HIST1H4E,0.032270890994857054
57,4,32,5,HIST1H1B,0.03109789284549315
57,4,32,6,HIST1H2BG,0.030993410927173805
57,4,32,7,RGS1,0.03038349074709383
57,4,32,8,DEFA4,0.029987419018510854
57,4,32,9,IFIT2,0.029468770409218713
57,4,32,10,CCL4L1,0.029428948708303884
57,4,32,11,CCL3L1,0.029087063581051377
57,4,32,12,MPL,0.029058338949842697
57,4,32,13,HIST1H2AH,0.028825449946206855
57,4,32,14,HOXA5,0.02830574394694181
57,4,32,15,LTF,0.02822579063242496
57,4,32,16,CCL3L3,0.02808577734884256
57,4,32,17,LOC728835,0.02749328562462267
57,4,32,18,CEACAM8,0.027423445037861555
57,4,32,19,TCN1,0.027407596315698703
57,4,32,20,HBM,0.027293728746063457
57,4,32,21,PI3,0.027054549786135786
57,4,32,22,IFIT3,0.026847490260896816
57,4,32,23,HIST1H1D,0.02652481437963144
57,4,32,24,HIST1H2AE,0.026462536294341973
57,4,32,25,DEFB1,0.02580281842746136
57,4,32,26,GYPB,0.025468466807951194
57,4,32,27,LOC653610,0.0254192281966934
57,4,32,28,GAPDHL6,0.025265146132763344
57,4,32,29,RBPMS2,0.024834319030642683
57,4,32,30,EMP1,0.024601474165067656
57,4,32,31,EBI2,0.02460033813595218
57,4,32,32,G0S2,0.02447868752633328
57,8,8,1,DEFB1,0.0771387189353042
57,8,8,2,VWF,0.06729544380189523
57,8,8,3,LGALS2,0.05938879666723969
57,8,8,4,XIST,0.05868473070628125
57,8,8,5,LAMA5,0.05864543163565795
57,8,8,6,IL8RB,0.056707445709261076
57,8,8,7,LOC644936,0.054276195133326655
57,8,8,8,GYPB,0.054220708373380146
57,8,16,1,DEFB1,0.0771387189353042
57,8,16,2,VWF,0.06729544380189523
57,8,16,3,LGALS2,0.05938879666723969
57,8,16,4,XIST,0.05868473070628125
57,8,16,5,LAMA5,0.05864543163565795
57,8,16,6,IL8RB,0.056707445709261076
57,8,16,7,LOC644936,0.054276195133326655
57,8,16,8,GYPB,0.054220708373380146
57,8,16,9,HBM,0.05394776939880683
57,8,16,10,TNFSF10,0.0532052096999329
57,8,16,11,VCAN,0.05276147429259734
57,8,16,12,HOXA5,0.05249653014083718
57,8,16,13,CDC20,0.05207166342000541
57,8,16,14,KIAA0367,0.05158450245100328
57,8,16,15,ADM,0.051564057815065206
57,8,16,16,SLC4A1,0.051373655940024424
57,8,32,1,DEFB1,0.0771387189353042
57,8,32,2,VWF,0.06729544380189523
57,8,32,3,LGALS2,0.05938879666723969
57,8,32,4,XIST,0.05868473070628125
57,8,32,5,LAMA5,0.05864543163565795
57,8,32,6,IL8RB,0.056707445709261076
57,8,32,7,LOC644936,0.054276195133326655
57,8,32,8,GYPB,0.054220708373380146
57,8,32,9,HBM,0.05394776939880683
57,8,32,10,TNFSF10,0.0532052096999329
57,8,32,11,VCAN,0.05276147429259734
57,8,32,12,HOXA5,0.05249653014083718
57,8,32,13,CDC20,0.05207166342000541
57,8,32,14,KIAA0367,0.05158450245100328
57,8,32,15,ADM,0.051564057815065206
57,8,32,16,SLC4A1,0.051373655940024424
57,8,32,17,EPB42,0.051298461157959475
57,8,32,18,RBPMS2,0.05100016685007615
57,8,32,19,CYorf15A,0.0502745132588795
57,8,32,20,RPS4Y2,0.04997661128572826
57,8,32,21,LOC653610,0.04939897341552994
57,8,32,22,IFI27,0.048850143056243106
57,8,32,23,RPS4Y1,0.04859284303015172
57,8,32,24,CA1,0.04846771833830613
57,8,32,25,MS4A2,0.04837327134568966
57,8,32,26,IFIT1L,0.04836819802271158
57,8,32,27,BAMBI,0.04825799486052416
57,8,32,28,LOC728835,0.04805626347058202
57,8,32,29,RHAG,0.04803884357583785
57,8,32,30,GIMAP4,0.04769798551005964
57,8,32,31,SPTA1,0.04751882310732078
57,8,32,32,CCL4L1,0.04748942547658315
57,16,8,1,BAMBI,0.16874331970753237
57,16,8,2,DEFB1,0.1637555389796094
57,16,8,3,HLA-A29.1,0.15297114465668346
57,16,8,4,LOC100133875,0.1431750508738967
57,16,8,5,HLA-DRB1,0.14125891636367277
57,16,8,6,LOC644936,0.1403417947661655
57,16,8,7,HLA-DRB5,0.13447768257866
57,16,8,8,GAPDHL6,0.1334403717547218
57,16,16,1,BAMBI,0.16874331970753237
57,16,16,2,DEFB1,0.1637555389796094
57,16,16,3,HLA-A29.1,0.15297114465668346
57,16,16,4,LOC100133875,0.1431750508738967
57,16,16,5,HLA-DRB1,0.14125891636367277
57,16,16,6,LOC644936,0.1403417947661655
57,16,16,7,HLA-DRB5,0.13447768257866
57,16,16,8,GAPDHL6,0.1334403717547218
57,16,16,9,IFI27,0.1299309466563535
57,16,16,10,KIAA0367,0.12802160580265046
57,16,16,11,LOC100132394,0.11984633517740896
57,16,16,12,LGALS2,0.119729963920278
57,16,16,13,LILRA3,0.11810293081531512
57,16,16,14,ABP1,0.1151062500953085
57,16,16,15,LOC100008588,0.11186258316594781
57,16,16,16,HOXA5,0.11065584193675071
57,16,32,1,BAMBI,0.16874331970753237
57,16,32,2,DEFB1,0.1637555389796094
57,16,32,3,HLA-A29.1,0.15297114465668346
57,16,32,4,LOC100133875,0.1431750508738967
57,16,32,5,HLA-DRB1,0.14125891636367277
57,16,32,6,LOC644936,0.1403417947661655
57,16,32,7,HLA-DRB5,0.13447768257866
57,16,32,8,GAPDHL6,0.1334403717547218
57,16,32,9,IFI27,0.1299309466563535
57,16,32,10,KIAA0367,0.12802160580265046
57,16,32,11,LOC100132394,0.11984633517740896
57,16,32,12,LGALS2,0.119729963920278
57,16,32,13,LILRA3,0.11810293081531512
57,16,32,14,ABP1,0.1151062500953085
57,16,32,15,LOC100008588,0.11186258316594781
57,16,32,16,HOXA5,0.11065584193675071
57,16,32,17,RPS4Y2,0.11057659563943083
57,16,32,18,IL1B,0.10538798042607325
57,16,32,19,MIR1974,0.10494419682282052
57,16,32,20,LAMA5,0.10132321831688873
57,16,32,21,LOC731682,0.10031237034395785
57,16,32,22,TPSAB1,0.09745321391625263
57,16,32,23,XIST,0.0971415878188903
57,16,32,24,RPS4Y1,0.09650511527836853
57,16,32,25,LOC100133662,0.09542866643709073
57,16,32,26,LOC654055,0.0934008620854267
57,16,32,27,CYorf15A,0.09327970962269327
57,16,32,28,PRKY,0.09244086984812111
57,16,32,29,CDC20,0.09176661251429882
57,16,32,30,LOC727908,0.09094881614057926
57,16,32,31,EIF1AY,0.08962397208943886
57,16,32,32,RNU5A,0.08847196574240247
58,4,8,1,LRRC32,0.047461607773233924
58,4,8,2,MMRN1,0.04249469001282148
58,4,8,3,VWF,0.03841422415560824
58,4,8,4,ESAM,0.03662654420544158
58,4,8,5,PHACTR1,0.03520480487574868
58,4,8,6,DDIT4,0.03397209661916085
58,4,8,7,MX1,0.03380424011610343
58,4,8,8,C15orf48,0.033466045080279186
58,4,16,1,LRRC32,0.047461607773233924
58,4,16,2,MMRN1,0.04249469001282148
58,4,16,3,VWF,0.03841422415560824
58,4,16,4,ESAM,0.03662654420544158
58,4,16,5,PHACTR1,0.03520480487574868
58,4,16,6,DDIT4,0.03397209661916085
58,4,16,7,MX1,0.03380424011610343
58,4,16,8,C15orf48,0.033466045080279186
58,4,16,9,HES4,0.033307669812704506
58,4,16,10,TSPAN33,0.03253581537585063
58,4,16,11,RBPMS2,0.03202707019537282
58,4,16,12,MPL,0.032007003208150475
58,4,16,13,TNFSF10,0.031715525517376456
58,4,16,14,CLEC1B,0.03054103747472866
58,4,16,15,MAFB,0.030207150716602828
58,4,16,16,GJB6,0.029984301797930553
58,4,32,1,LRRC32,0.047461607773233924
58,4,32,2,MMRN1,0.04249469001282148
58,4,32,3,VWF,0.03841422415560824
58,4,32,4,ESAM,0.03662654420544158
58,4,32,5,PHACTR1,0.03520480487574868
58,4,32,6,DDIT4,0.03397209661916085
58,4,32,7,MX1,0.03380424011610343
58,4,32,8,C15orf48,0.033466045080279186
58,4,32,9,HES4,0.033307669812704506
58,4,32,10,TSPAN33,0.03253581537585063
58,4,32,11,RBPMS2,0.03202707019537282
58,4,32,12,MPL,0.032007003208150475
58,4,32,13,TNFSF10,0.031715525517376456
58,4,32,14,CLEC1B,0.03054103747472866
58,4,32,15,MAFB,0.030207150716602828
58,4,32,16,GJB6,0.029984301797930553
58,4,32,17,GIMAP4,0.029495717800114764
58,4,32,18,GP9,0.028370696291201064
58,4,32,19,HIST1H2BF,0.027969554774043393
58,4,32,20,ITGA2B,0.027834699601278733
58,4,32,21,ADM,0.027502709201817216
58,4,32,22,ZMYND15,0.027453813585586576
58,4,32,23,PROS1,0.02735241591498717
58,4,32,24,MGC13057,0.026996983437522725
58,4,32,25,HIST1H4E,0.026689983406466083
58,4,32,26,GIMAP8,0.02651688994042558
58,4,32,27,C1orf186,0.026313578104568077
58,4,32,28,PLAU,0.026301988539602666
58,4,32,29,KIAA0367,0.025871361270165573
58,4,32,30,HIST2H3A,0.025844645216067257
58,4,32,31,IFIT3,0.025269509496115315
58,4,32,32,SIK1,0.02458862608633889
58,8,8,1,LOC644936,0.08993702942291282
58,8,8,2,EMP1,0.06294454777436868
58,8,8,3,SELENBP1,0.058120820439541816
58,8,8,4,SLC4A1,0.0580877402078197
58,8,8,5,GAPDHL6,0.05745550945442229
58,8,8,6,VCAN,0.0566803060633856
58,8,8,7,DEFB1,0.05643954591941961
58,8,8,8,LTF,0.0560118052980974
58,8,16,1,LOC644936,0.08993702942291282
58,8,16,2,EMP1,0.06294454777436868
58,8,16,3,SELENBP1,0.058120820439541816
58,8,16,4,SLC4A1,0.0580877402078197
58,8,16,5,GAPDHL6,0.05745550945442229
58,8,16,6,VCAN,0.0566803060633856
58,8,16,7,DEFB1,0.05643954591941961
58,8,16,8,LTF,0.0560118052980974
58,8,16,9,MAFB,0.0560005445848044
58,8,16,10,PGLYRP1,0.05481312461574982
58,8,16,11,ADM,0.05403252281417259
58,8,16,12,RAP1GAP,0.05310925534891009
58,8,16,13,LRRC32,0.05268603559047826
58,8,16,14,HBM,0.05165593923914303
58,8,16,15,TMCC2,0.051098692756361315
58,8,16,16,EPB42,0.0507802326047456
58,8,32,1,LOC644936,0.08993702942291282
58,8,32,2,EMP1,0.06294454777436868
58,8,32,3,SELENBP1,0.058120820439541816
58,8,32,4,SLC4A1,0.0580877402078197
58,8,32,5,GAPDHL6,0.05745550945442229
58,8,32,6,VCAN,0.0566803060633856
58,8,32,7,DEFB1,0.05643954591941961
58,8,32,8,LTF,0.0560118052980974
58,8,32,9,MAFB,0.0560005445848044
58,8,32,10,PGLYRP1,0.05481312461574982
58,8,32,11,ADM,0.05403252281417259
58,8,32,12,RAP1GAP,0.05310925534891009
58,8,32,13,LRRC32,0.05268603559047826
58,8,32,14,HBM,0.05165593923914303
58,8,32,15,TMCC2,0.051098692756361315
58,8,32,16,EPB42,0.0507802326047456
58,8,32,17,IFIT1L,0.05058553985534368
58,8,32,18,NAPSB,0.05056757218884897
58,8,32,19,OSM,0.05037093448284826
58,8,32,20,GYPB,0.049769072644518644
58,8,32,21,HP,0.04972553901532373
58,8,32,22,MMP8,0.04971798590728886
58,8,32,23,SNCA,0.04917392053891073
58,8,32,24,AHSP,0.048483264589670186
58,8,32,25,TGFBI,0.0476731417546839
58,8,32,26,PCOLCE2,0.04766776824921874
58,8,32,27,GTSF1,0.04703555057920991
58,8,32,28,IL1B,0.046868319655448736
58,8,32,29,CA1,0.04641590110220296
58,8,32,30,ABCA13,0.04616380111969376
58,8,32,31,HIST2H2BF,0.04613619933294418
58,8,32,32,MMRN1,0.045204564098315185
58,16,8,1,DEFB1,0.14828037107891787
58,16,8,2,BAMBI,0.14000588490678167
58,16,8,3,GAPDHL6,0.12787672602449407
58,16,8,4,LOC441763,0.1269756006461793
58,16,8,5,GTSF1,0.11708570943511332
58,16,8,6,IL1B,0.11271853199332495
58,16,8,7,LOC644936,0.11190640273258697
58,16,8,8,OSM,0.11105675624179324
58,16,16,1,DEFB1,0.14828037107891787
58,16,16,2,BAMBI,0.14000588490678167
58,16,16,3,GAPDHL6,0.12787672602449407
58,16,16,4,LOC441763,0.1269756006461793
58,16,16,5,GTSF1,0.11708570943511332
58,16,16,6,IL1B,0.11271853199332495
58,16,16,7,LOC644936,0.11190640273258697
58,16,16,8,OSM,0.11105675624179324
58,16,16,9,EMP1,0.10775965198896509
58,16,16,10,KIAA0367,0.10473776679624931
58,16,16,11,USMG5,0.10369634873539195
58,16,16,12,THBS1,0.10155437614309983
58,16,16,13,LOC727908,0.10019506267193179
58,16,16,14,ABP1,0.09807251373501537
58,16,16,15,LOC100132394,0.0976759472870488
58,16,16,16,IFI27,0.0967084250512595
58,16,32,1,DEFB1,0.14828037107891787
58,16,32,2,BAMBI,0.14000588490678167
58,16,32,3,GAPDHL6,0.12787672602449407
58,16,32,4,LOC441763,0.1269756006461793
58,16,32,5,GTSF1,0.11708570943511332
58,16,32,6,IL1B,0.11271853199332495
58,16,32,7,LOC644936,0.11190640273258697
58,16,32,8,OSM,0.11105675624179324
58,16,32,9,EMP1,0.10775965198896509
58,16,32,10,KIAA0367,0.10473776679624931
58,16,32,11,USMG5,0.10369634873539195
58,16,32,12,THBS1,0.10155437614309983
58,16,32,13,LOC727908,0.10019506267193179
58,16,32,14,ABP1,0.09807251373501537
58,16,32,15,LOC100132394,0.0976759472870488
58,16,32,16,IFI27,0.0967084250512595
58,16,32,17,LRRC32,0.09596640292840954
58,16,32,18,LAMA5,0.09436180646230334
58,16,32,19,LOC654055,0.09336707985809284
58,16,32,20,HLA-A29.1,0.09329020886258405
58,16,32,21,GSTM1,0.09301307732566129
58,16,32,22,LOC729645,0.0929303492580674
58,16,32,23,LGALS2,0.09157614740691562
58,16,32,24,MX1,0.08518220080117155
58,16,32,25,HBBP1,0.08165519451941868
58,16,32,26,CYorf15B,0.08148863439005918
58,16,32,27,FOLR3,0.08116084350183142
58,16,32,28,LOC100008588,0.08061368392529983
58,16,32,29,IFIT1,0.07979032557541285
58,16,32,30,IFIT3,0.0797727025756555
58,16,32,31,CXCL2,0.07970448955520343
58,16,32,32,RPS4Y1,0.07925713953078176
59,4,8,1,TNFSF10,0.04590901854393225
59,4,8,2,MPL,0.04194934648681435
59,4,8,3,VWF,0.04001730031332088
59,4,8,4,ESAM,0.03631516705522142
59,4,8,5,RBPMS2,0.03583189118439876
59,4,8,6,FGL2,0.03562669463183196
59,4,8,7,SERPINE2,0.034002221403932456
59,4,8,8,HIST1H4E,0.03388661630111035
59,4,16,1,TNFSF10,0.04590901854393225
59,4,16,2,MPL,0.04194934648681435
59,4,16,3,VWF,0.04001730031332088
59,4,16,4,ESAM,0.03631516705522142
59,4,16,5,RBPMS2,0.03583189118439876
59,4,16,6,FGL2,0.03562669463183196
59,4,16,7,SERPINE2,0.034002221403932456
59,4,16,8,HIST1H4E,0.03388661630111035
59,4,16,9,MX1,0.03380230702922825
59,4,16,10,MS4A2,0.03253501696484245
59,4,16,11,ITGA2B,0.03211065879407476
59,4,16,12,VCAN,0.032052859600274784
59,4,16,13,CLEC1B,0.031998730594482376
59,4,16,14,GIMAP4,0.03194467210746546
59,4,16,15,HOXA5,0.031893411171807474
59,4,16,16,IL8RB,0.031185869420076076
59,4,32,1,TNFSF10,0.04590901854393225
59,4,32,2,MPL,0.04194934648681435
59,4,32,3,VWF,0.04001730031332088
59,4,32,4,ESAM,0.03631516705522142
59,4,32,5,RBPMS2,0.03583189118439876
59,4,32,6,FGL2,0.03562669463183196
59,4,32,7,SERPINE2,0.034002221403932456
59,4,32,8,HIST1H4E,0.03388661630111035
59,4,32,9,MX1,0.03380230702922825
59,4,32,10,MS4A2,0.03253501696484245
59,4,32,11,ITGA2B,0.03211065879407476
59,4,32,12,VCAN,0.032052859600274784
59,4,32,13,CLEC1B,0.031998730594482376
59,4,32,14,GIMAP4,0.03194467210746546
59,4,32,15,HOXA5,0.031893411171807474
59,4,32,16,IL8RB,0.031185869420076076
59,4,32,17,HIST2H3A,0.030642673735122368
59,4,32,18,HIST2H2BF,0.030564800226585573
59,4,32,19,SNORD3C,0.029772553422146866
59,4,32,20,PROS1,0.029707468259553088
59,4,32,21,HIST1H1E,0.029683752569108532
59,4,32,22,MAFB,0.02939611989830537
59,4,32,23,SPRYD5,0.029184865555712217
59,4,32,24,HIST1H1B,0.028752518785911934
59,4,32,25,SNORD3A,0.028335133702857018
59,4,32,26,SLC45A3,0.028122289857724664
59,4,32,27,TGFBI,0.02745171077902901
59,4,32,28,DEFA4,0.02689282889662723
59,4,32,29,RNU1F1,0.026384451231620427
59,4,32,30,RNU1A3,0.02601326623248935
59,4,32,31,HIST1H2AH,0.025803007280874847
59,4,32,32,HIST1H2BG,0.025560971184574365
59,8,8,1,VCAN,0.07034587358182087
59,8,8,2,EPB42,0.06286706846172391
59,8,8,3,SPTA1,0.06119534870838784
59,8,8,4,MAFB,0.059957851722470965
59,8,8,5,SERPINE2,0.0599285248032754
59,8,8,6,GYPB,0.05753501587008141
59,8,8,7,AHSP,0.056372352837400025
59,8,8,8,IFIT1L,0.056206156116011534
59,8,16,1,VCAN,0.07034587358182087
59,8,16,2,EPB42,0.06286706846172391
59,8,16,3,SPTA1,0.06119534870838784
59,8,16,4,MAFB,0.059957851722470965
59,8,16,5,SERPINE2,0.0599285248032754
59,8,16,6,GYPB,0.05753501587008141
59,8,16,7,AHSP,0.056372352837400025
59,8,16,8,IFIT1L,0.056206156116011534
59,8,16,9,TGFBI,0.05563583017968415
59,8,16,10,CA1,0.054989548197090225
59,8,16,11,XIST,0.0542760891563983
59,8,16,12,OSBP2,0.053723672543268625
59,8,16,13,TNFSF10,0.05306711306652535
59,8,16,14,CLEC11A,0.05223909715674896
59,8,16,15,SLC4A1,0.051813417602925925
59,8,16,16,HBM,0.051656447802161054
59,8,32,1,VCAN,0.07034587358182087
59,8,32,2,EPB42,0.06286706846172391
59,8,32,3,SPTA1,0.06119534870838784
59,8,32,4,MAFB,0.059957851722470965
59,8,32,5,SERPINE2,0.0599285248032754
59,8,32,6,GYPB,0.05753501587008141
59,8,32,7,AHSP,0.056372352837400025
59,8,32,8,IFIT1L,0.056206156116011534
59,8,32,9,TGFBI,0.05563583017968415
59,8,32,10,CA1,0.054989548197090225
59,8,32,11,XIST,0.0542760891563983
59,8,32,12,OSBP2,0.053723672543268625
59,8,32,13,TNFSF10,0.05306711306652535
59,8,32,14,CLEC11A,0.05223909715674896
59,8,32,15,SLC4A1,0.051813417602925925
59,8,32,16,HBM,0.051656447802161054
59,8,32,17,NEU4,0.051147959590804454
59,8,32,18,SPRYD5,0.05104018987215066
59,8,32,19,CDC20,0.050690455568253516
59,8,32,20,ADM,0.05066110294953935
59,8,32,21,IL8RB,0.05021220279151144
59,8,32,22,IFI27,0.05015703960064248
59,8,32,23,CLIC3,0.05009082700223074
59,8,32,24,PRSSL1,0.04972131889583967
59,8,32,25,MPL,0.04882615693504932
59,8,32,26,RNU1A3,0.047867764099679376
59,8,32,27,IL1B,0.047032457621034515
59,8,32,28,RHAG,0.04688406564630226
59,8,32,29,TREM1,0.04674458740547571
59,8,32,30,RAP1GAP,0.0465238517351812
59,8,32,31,GIMAP4,0.04629887302432957
59,8,32,32,RPS4Y2,0.046225533199708665
59,16,8,1,IFI27,0.14589616199362473
59,16,8,2,LOC100133875,0.14321187296157067
59,16,8,3,GSTM1,0.14266199909433963
59,16,8,4,LOC729645,0.13853091463041683
59,16,8,5,GAPDHL6,0.13814948108435668
59,16,8,6,GTSF1,0.13164153441949597
59,16,8,7,LOC654055,0.12309268568528817
59,16,8,8,KLHL15,0.12141447733160392
59,16,16,1,IFI27,0.14589616199362473
59,16,16,2,LOC100133875,0.14321187296157067
59,16,16,3,GSTM1,0.14266199909433963
59,16,16,4,LOC729645,0.13853091463041683
59,16,16,5,GAPDHL6,0.13814948108435668
59,16,16,6,GTSF1,0.13164153441949597
59,16,16,7,LOC654055,0.12309268568528817
59,16,16,8,KLHL15,0.12141447733160392
59,16,16,9,LILRA3,0.12096572800365545
59,16,16,10,TPSAB1,0.11891710861805868
59,16,16,11,RAP1GAP,0.11812081842627054
59,16,16,12,LOC100132394,0.1127770917606287
59,16,16,13,LOC644936,0.10847243793531776
59,16,16,14,TPSB2,0.10763064913723269
59,16,16,15,C1orf150,0.10729654498101926
59,16,16,16,HOXA5,0.10285359534380069
59,16,32,1,IFI27,0.14589616199362473
59,16,32,2,LOC100133875,0.14321187296157067
59,16,32,3,GSTM1,0.14266199909433963
59,16,32,4,LOC729645,0.13853091463041683
59,16,32,5,GAPDHL6,0.13814948108435668
59,16,32,6,GTSF1,0.13164153441949597
59,16,32,7,LOC654055,0.12309268568528817
59,16,32,8,KLHL15,0.12141447733160392
59,16,32,9,LILRA3,0.12096572800365545
59,16,32,10,TPSAB1,0.11891710861805868
59,16,32,11,RAP1GAP,0.11812081842627054
59,16,32,12,LOC100132394,0.1127770917606287
59,16,32,13,LOC644936,0.10847243793531776
59,16,32,14,TPSB2,0.10763064913723269
59,16,32,15,C1orf150,0.10729654498101926
59,16,32,16,HOXA5,0.10285359534380069
59,16,32,17,LGALS2,0.10267424707731945
59,16,32,18,DEFB1,0.09952858114769664
59,16,32,19,XIST,0.09725109075481035
59,16,32,20,BEX1,0.09694587897228016
59,16,32,21,PI3,0.09650676161672135
59,16,32,22,RPS4Y2,0.09549838320256668
59,16,32,23,HLA-DRB1,0.09457642389385014
59,16,32,24,THBS1,0.09388221537566731
59,16,32,25,SOCS2,0.09256519829255958
59,16,32,26,LOC727908,0.09225952760724701
59,16,32,27,CYorf15A,0.09213894830322557
59,16,32,28,SPRYD5,0.09192816758207072
59,16,32,29,HES4,0.09177308650371754
59,16,32,30,RPS4Y1,0.09159652228572808
59,16,32,31,HLA-A29.1,0.09116759981279066
59,16,32,32,MX1,0.0895925780305048
60,4,8,1,VWF,0.05197116595442595
60,4,8,2,SERPINE2,0.04950016082656825
60,4,8,3,MPL,0.047313072135536566
60,4,8,4,ESAM,0.04313199808451812
60,4,8,5,RBPMS2,0.04298351360449436
60,4,8,6,KIAA0367,0.042176271881355525
60,4,8,7,PRSSL1,0.04164693304402538
60,4,8,8,ITGA2B,0.04064254218420494
60,4,16,1,VWF,0.05197116595442595
60,4,16,2,SERPINE2,0.04950016082656825
60,4,16,3,MPL,0.047313072135536566
60,4,16,4,ESAM,0.04313199808451812
60,4,16,5,RBPMS2,0.04298351360449436
60,4,16,6,KIAA0367,0.042176271881355525
60,4,16,7,PRSSL1,0.04164693304402538
60,4,16,8,ITGA2B,0.04064254218420494
60,4,16,9,PROS1,0.040403947744312364
60,4,16,10,MAFB,0.03742111280964048
60,4,16,11,CDC20,0.03626043310853989
60,4,16,12,TGFBI,0.03580999929031728
60,4,16,13,THBS1,0.03562475731336311
60,4,16,14,VCAN,0.03514576363231359
60,4,16,15,IFIT2,0.03414076758685949
60,4,16,16,ITGB3,0.03411542520585452
60,4,32,1,VWF,0.05197116595442595
60,4,32,2,SERPINE2,0.04950016082656825
60,4,32,3,MPL,0.047313072135536566
60,4,32,4,ESAM,0.04313199808451812
60,4,32,5,RBPMS2,0.04298351360449436
60,4,32,6,KIAA0367,0.042176271881355525
60,4,32,7,PRSSL1,0.04164693304402538
60,4,32,8,ITGA2B,0.04064254218420494
60,4,32,9,PROS1,0.040403947744312364
60,4,32,10,MAFB,0.03742111280964048
60,4,32,11,CDC20,0.03626043310853989
60,4,32,12,TGFBI,0.03580999929031728
60,4,32,13,THBS1,0.03562475731336311
60,4,32,14,VCAN,0.03514576363231359
60,4,32,15,IFIT2,0.03414076758685949
60,4,32,16,ITGB3,0.03411542520585452
60,4,32,17,NEU4,0.03406522774711465
60,4,32,18,HIST1H4E,0.03386125622147608
60,4,32,19,SNORD3C,0.033715647820580154
60,4,32,20,CLEC1B,0.03355714202407278
60,4,32,21,HIST1H1B,0.03285286338781306
60,4,32,22,GSTM1,0.032692422975735456
60,4,32,23,BEX1,0.030530273378252128
60,4,32,24,TSPAN33,0.030509300049350697
60,4,32,25,HIST1H2BG,0.029813785496752506
60,4,32,26,HIST1H1E,0.029679462862884365
60,4,32,27,HIST1H2AH,0.02966401209305511
60,4,32,28,CLEC11A,0.02919344426899375
60,4,32,29,XIST,0.028604983008192815
60,4,32,30,PRG3,0.02822262354576277
60,4,32,31,RNU1A3,0.0268920183921823
60,4,32,32,HIST1H1D,0.026690698229197916
60,8,8,1,DEFB1,0.09025570306714817
60,8,8,2,SPTA1,0.07144431387055226
60,8,8,3,EPB42,0.07078443615379783
60,8,8,4,KIAA0367,0.06957608814191926
60,8,8,5,SLC4A1,0.06939247137524748
60,8,8,6,CDC20,0.06629601658036657
60,8,8,7,AHSP,0.06580888119579832
60,8,8,8,VWF,0.06530520190131571
60,8,16,1,DEFB1,0.09025570306714817
60,8,16,2,SPTA1,0.07144431387055226
60,8,16,3,EPB42,0.07078443615379783
60,8,16,4,KIAA0367,0.06957608814191926
60,8,16,5,SLC4A1,0.06939247137524748
60,8,16,6,CDC20,0.06629601658036657
60,8,16,7,AHSP,0.06580888119579832
60,8,16,8,VWF,0.06530520190131571
60,8,16,9,HBM,0.06471175623428718
60,8,16,10,IFIT1L,0.06427942067073335
60,8,16,11,CA1,0.06322754519902295
60,8,16,12,GYPB,0.06234228915799284
60,8,16,13,PI3,0.061346575824446116
60,8,16,14,RHAG,0.059647955509052636
60,8,16,15,OSBP2,0.05944852617592098
60,8,16,16,SERPINE2,0.05921540673683127
60,8,32,1,DEFB1,0.09025570306714817
60,8,32,2,SPTA1,0.07144431387055226
60,8,32,3,EPB42,0.07078443615379783
60,8,32,4,KIAA0367,0.06957608814191926
60,8,32,5,SLC4A1,0.06939247137524748
60,8,32,6,CDC20,0.06629601658036657
60,8,32,7,AHSP,0.06580888119579832
60,8,32,8,VWF,0.06530520190131571
60,8,32,9,HBM,0.06471175623428718
60,8,32,10,IFIT1L,0.06427942067073335
60,8,32,11,CA1,0.06322754519902295
60,8,32,12,GYPB,0.06234228915799284
60,8,32,13,PI3,0.061346575824446116
60,8,32,14,RHAG,0.059647955509052636
60,8,32,15,OSBP2,0.05944852617592098
60,8,32,16,SERPINE2,0.05921540673683127
60,8,32,17,RAP1GAP,0.05856124918433403
60,8,32,18,IFI27,0.05690489277874289
60,8,32,19,IL8RB,0.05509180005944101
60,8,32,20,MAFB,0.05461541866019371
60,8,32,21,XIST,0.05271146076812534
60,8,32,22,MX1,0.04961394525052383
60,8,32,23,IFIT2,0.04937934605439233
60,8,32,24,MPL,0.048592823127618576
60,8,32,25,RBPMS2,0.048082491492839025
60,8,32,26,ESAM,0.04792734305623253
60,8,32,27,ADM,0.047799946100427704
60,8,32,28,HES4,0.04730654220237121
60,8,32,29,IFIT3,0.047210431259408284
60,8,32,30,DEFA4,0.04635716383378166
60,8,32,31,PRSSL1,0.045884682466175886
60,8,32,32,PHACTR1,0.0457333570583658
60,16,8,1,DEFB1,0.17179623019769094
60,16,8,2,LOC100133875,0.14441105465925066
60,16,8,3,GTSF1,0.13472181613180478
60,16,8,4,LILRA3,0.12380059217100534
60,16,8,5,LOC727908,0.12104372741577067
60,16,8,6,IFI27,0.11804716341284532
60,16,8,7,LOC100132394,0.11680319651573634
60,16,8,8,GSTM1,0.11581453950891249
60,16,16,1,DEFB1,0.17179623019769094
60,16,16,2,LOC100133875,0.14441105465925066
60,16,16,3,GTSF1,0.13472181613180478
60,16,16,4,LILRA3,0.12380059217100534
60,16,16,5,LOC727908,0.12104372741577067
60,16,16,6,IFI27,0.11804716341284532
60,16,16,7,LOC100132394,0.11680319651573634
60,16,16,8,GSTM1,0.11581453950891249
60,16,16,9,GAPDHL6,0.11187268123324891
60,16,16,10,LOC644936,0.11086137823514283
60,16,16,11,TPSAB1,0.10731192343594759
60,16,16,12,HBBP1,0.10408428112115518
60,16,16,13,KIAA0367,0.10351879728141207
60,16,16,14,BAMBI,0.1027102974596116
60,16,16,15,TPSB2,0.10148540615407042
60,16,16,16,KLHL15,0.10131499346184228
60,16,32,1,DEFB1,0.17179623019769094
60,16,32,2,LOC100133875,0.14441105465925066
60,16,32,3,GTSF1,0.13472181613180478
60,16,32,4,LILRA3,0.12380059217100534
60,16,32,5,LOC727908,0.12104372741577067
60,16,32,6,IFI27,0.11804716341284532
60,16,32,7,LOC100132394,0.11680319651573634
60,16,32,8,GSTM1,0.11581453950891249
60,16,32,9,GAPDHL6,0.11187268123324891
60,16,32,10,LOC644936,0.11086137823514283
60,16,32,11,TPSAB1,0.10731192343594759
60,16,32,12,HBBP1,0.10408428112115518
60,16,32,13,KIAA0367,0.10351879728141207
60,16,32,14,BAMBI,0.1027102974596116
60,16,32,15,TPSB2,0.10148540615407042
60,16,32,16,KLHL15,0.10131499346184228
60,16,32,17,LOC731682,0.1005904260365228
60,16,32,18,THBS1,0.10013363608722019
60,16,32,19,PI3,0.09748494863605629
60,16,32,20,HLA-DRB4,0.09453790147490992
60,16,32,21,RAP1GAP,0.09420011041787905
60,16,32,22,CDC20,0.0930584797388243
60,16,32,23,TEX101,0.09294432905789872
60,16,32,24,SLC4A1,0.09278209926863774
60,16,32,25,LOC729645,0.09173740542232571
60,16,32,26,C1orf150,0.09103989688374396
60,16,32,27,IL1B,0.08994559546166966
60,16,32,28,EPB42,0.08979836935319525
60,16,32,29,HES4,0.08914767126017924
60,16,32,30,RPS4Y2,0.08773257448987377
60,16,32,31,SPRYD5,0.08634596469028555
60,16,32,32,FPR2,0.08609976911269389
61,4,8,1,VWF,0.046576056808214715
61,4,8,2,MPL,0.04224030152146625
61,4,8,3,RBPMS2,0.03704526930577826
61,4,8,4,SERPINE2,0.03572776092947699
61,4,8,5,ESAM,0.03460950021975456
61,4,8,6,MS4A2,0.03305823904298957
61,4,8,7,ITGA2B,0.03215527320581999
61,4,8,8,HIST1H4E,0.031773297401016774
61,4,16,1,VWF,0.046576056808214715
61,4,16,2,MPL,0.04224030152146625
61,4,16,3,RBPMS2,0.03704526930577826
61,4,16,4,SERPINE2,0.03572776092947699
61,4,16,5,ESAM,0.03460950021975456
61,4,16,6,MS4A2,0.03305823904298957
61,4,16,7,ITGA2B,0.03215527320581999
61,4,16,8,HIST1H4E,0.031773297401016774
61,4,16,9,HIST1H1B,0.031643600016737994
61,4,16,10,HIST1H1E,0.0314211522559823
61,4,16,11,DEFA4,0.030231478150016474
61,4,16,12,TNFSF10,0.029928339981822445
61,4,16,13,CLEC1B,0.029889735381568014
61,4,16,14,C1orf186,0.02988849719176165
61,4,16,15,SNORD3C,0.02922206359649302
61,4,16,16,TSPAN33,0.028612355519051353
61,4,32,1,VWF,0.046576056808214715
61,4,32,2,MPL,0.04224030152146625
61,4,32,3,RBPMS2,0.03704526930577826
61,4,32,4,SERPINE2,0.03572776092947699
61,4,32,5,ESAM,0.03460950021975456
61,4,32,6,MS4A2,0.03305823904298957
61,4,32,7,ITGA2B,0.03215527320581999
61,4,32,8,HIST1H4E,0.031773297401016774
61,4,32,9,HIST1H1B,0.031643600016737994
61,4,32,10,HIST1H1E,0.0314211522559823
61,4,32,11,DEFA4,0.030231478150016474
61,4,32,12,TNFSF10,0.029928339981822445
61,4,32,13,CLEC1B,0.029889735381568014
61,4,32,14,C1orf186,0.02988849719176165
61,4,32,15,SNORD3C,0.02922206359649302
61,4,32,16,TSPAN33,0.028612355519051353
61,4,32,17,RNU1F1,0.02827350482131664
61,4,32,18,HIST1H1D,0.02820858512762685
61,4,32,19,MAFB,0.02730516560643727
61,4,32,20,HIST1H2AH,0.02717153221499838
61,4,32,21,PROS1,0.02709164980717179
61,4,32,22,TCN1,0.027035686788569664
61,4,32,23,CEACAM8,0.02700831960659004
61,4,32,24,SLC45A3,0.026959606529307536
61,4,32,25,HIST1H2BG,0.02690587732133985
61,4,32,26,LTF,0.026795701297976083
61,4,32,27,TGFBI,0.026698755375058104
61,4,32,28,GP9,0.026470494958405873
61,4,32,29,RNU1A3,0.026040071181004387
61,4,32,30,VCAN,0.02593019870908974
61,4,32,31,CEACAM6,0.025832830851499025
61,4,32,32,SNORD3A,0.025644964234092182
61,8,8,1,TMCC2,0.06407472960253588
61,8,8,2,SLC4A1,0.06198072234123709
61,8,8,3,TGFBI,0.059770491338198554
61,8,8,4,EPB42,0.059186701044523476
61,8,8,5,SELENBP1,0.05799393404733014
61,8,8,6,NEU4,0.05756191015984888
61,8,8,7,GYPB,0.05732125177410619
61,8,8,8,MAFB,0.05611650978030415
61,8,16,1,TMCC2,0.06407472960253588
61,8,16,2,SLC4A1,0.06198072234123709
61,8,16,3,TGFBI,0.059770491338198554
61,8,16,4,EPB42,0.059186701044523476
61,8,16,5,SELENBP1,0.05799393404733014
61,8,16,6,NEU4,0.05756191015984888
61,8,16,7,GYPB,0.05732125177410619
61,8,16,8,MAFB,0.05611650978030415
61,8,16,9,BAMBI,0.054637883695867404
61,8,16,10,IFIT1L,0.054585825253789716
61,8,16,11,HBM,0.05387552231828894
61,8,16,12,LOC644936,0.05325976539910879
61,8,16,13,CA1,0.052303285261376016
61,8,16,14,AHSP,0.052129735328090475
61,8,16,15,VWF,0.05211686768011843
61,8,16,16,IL8RB,0.05080664267645885
61,8,32,1,TMCC2,0.06407472960253588
61,8,32,2,SLC4A1,0.06198072234123709
61,8,32,3,TGFBI,0.059770491338198554
61,8,32,4,EPB42,0.059186701044523476
61,8,32,5,SELENBP1,0.05799393404733014
61,8,32,6,NEU4,0.05756191015984888
61,8,32,7,GYPB,0.05732125177410619
61,8,32,8,MAFB,0.05611650978030415
61,8,32,9,BAMBI,0.054637883695867404
61,8,32,10,IFIT1L,0.054585825253789716
61,8,32,11,HBM,0.05387552231828894
61,8,32,12,LOC644936,0.05325976539910879
61,8,32,13,CA1,0.052303285261376016
61,8,32,14,AHSP,0.052129735328090475
61,8,32,15,VWF,0.05211686768011843
61,8,32,16,IL8RB,0.05080664267645885
61,8,32,17,VCAN,0.050220892510037134
61,8,32,18,G0S2,0.04963246005243922
61,8,32,19,CYorf15A,0.04896314339311509
61,8,32,20,PHACTR1,0.048403110195944746
61,8,32,21,SPTA1,0.048303909650833525
61,8,32,22,CD83,0.04736510343332473
61,8,32,23,SNCA,0.046787844388897264
61,8,32,24,RHAG,0.046779157095185944
61,8,32,25,OSBP2,0.046687141815254796
61,8,32,26,LOC653610,0.04645852423795223
61,8,32,27,XK,0.04644689493531146
61,8,32,28,RAP1GAP,0.045888773496793545
61,8,32,29,TNFAIP3,0.04579438397142846
61,8,32,30,ADM,0.04508509080410999
61,8,32,31,ALPL,0.04477391406028701
61,8,32,32,PRTN3,0.044659208352108216
61,16,8,1,GAPDHL6,0.15059071582087083
61,16,8,2,LOC100133875,0.13354792279517452
61,16,8,3,KIAA0367,0.12789578458868814
61,16,8,4,LOC644936,0.1278112764789073
61,16,8,5,BAMBI,0.12536669651448287
61,16,8,6,PI3,0.11846405777805515
61,16,8,7,TPSAB1,0.11349461710894101
61,16,8,8,GSTM1,0.11136936844358017
61,16,16,1,GAPDHL6,0.15059071582087083
61,16,16,2,LOC100133875,0.13354792279517452
61,16,16,3,KIAA0367,0.12789578458868814
61,16,16,4,LOC644936,0.1278112764789073
61,16,16,5,BAMBI,0.12536669651448287
61,16,16,6,PI3,0.11846405777805515
61,16,16,7,TPSAB1,0.11349461710894101
61,16,16,8,GSTM1,0.11136936844358017
61,16,16,9,LILRA3,0.11104154294408644
61,16,16,10,IFI27,0.10785073568604354
61,16,16,11,IL1B,0.10763615629107307
61,16,16,12,LOC100132394,0.10681752818729963
61,16,16,13,DEFB1,0.10631520506206628
61,16,16,14,HLA-DRB1,0.10463727187218659
61,16,16,15,LGALS2,0.10357648471330591
61,16,16,16,LOC731682,0.10348797017327865
61,16,32,1,GAPDHL6,0.15059071582087083
61,16,32,2,LOC100133875,0.13354792279517452
61,16,32,3,KIAA0367,0.12789578458868814
61,16,32,4,LOC644936,0.1278112764789073
61,16,32,5,BAMBI,0.12536669651448287
61,16,32,6,PI3,0.11846405777805515
61,16,32,7,TPSAB1,0.11349461710894101
61,16,32,8,GSTM1,0.11136936844358017
61,16,32,9,LILRA3,0.11104154294408644
61,16,32,10,IFI27,0.10785073568604354
61,16,32,11,IL1B,0.10763615629107307
61,16,32,12,LOC100132394,0.10681752818729963
61,16,32,13,DEFB1,0.10631520506206628
61,16,32,14,HLA-DRB1,0.10463727187218659
61,16,32,15,LGALS2,0.10357648471330591
61,16,32,16,LOC731682,0.10348797017327865
61,16,32,17,HBBP1,0.10064987685066556
61,16,32,18,TPSB2,0.10037406247821176
61,16,32,19,HES4,0.09446083429886468
61,16,32,20,HOXA5,0.09431870777426979
61,16,32,21,LOC729645,0.09219556230818493
61,16,32,22,HLA-A29.1,0.09200098581473724
61,16,32,23,PCOLCE2,0.0910119410479847
61,16,32,24,TEX101,0.09087550392489065
61,16,32,25,SPRYD5,0.09083046761511232
61,16,32,26,THBS1,0.09033908604759669
61,16,32,27,HBEGF,0.08901036047345401
61,16,32,28,HLA-DRB5,0.08670723073084856
61,16,32,29,VCAN,0.08531712097822809
61,16,32,30,MIR1974,0.08523651172819957
61,16,32,31,MX1,0.08479100214644286
61,16,32,32,RAP1GAP,0.08401091343051927
62,4,8,1,VWF,0.046531169437057596
62,4,8,2,ESAM,0.042281005039534005
62,4,8,3,RBPMS2,0.041245632518109664
62,4,8,4,TNFSF10,0.038947530222965564
62,4,8,5,CLEC1B,0.03881705399926999
62,4,8,6,MPL,0.03840716578645744
62,4,8,7,GJB6,0.03828811596776261
62,4,8,8,KLHL15,0.03672294385861438
62,4,16,1,VWF,0.046531169437057596
62,4,16,2,ESAM,0.042281005039534005
62,4,16,3,RBPMS2,0.041245632518109664
62,4,16,4,TNFSF10,0.038947530222965564
62,4,16,5,CLEC1B,0.03881705399926999
62,4,16,6,MPL,0.03840716578645744
62,4,16,7,GJB6,0.03828811596776261
62,4,16,8,KLHL15,0.03672294385861438
62,4,16,9,GIMAP4,0.03583675930201393
62,4,16,10,GIMAP8,0.035114573765877774
62,4,16,11,ITGA2B,0.03463488007605897
62,4,16,12,PROS1,0.03407141382989098
62,4,16,13,ITGB3,0.032434434018646666
62,4,16,14,PHACTR1,0.03239406189131876
62,4,16,15,GP9,0.0323194047213987
62,4,16,16,MAFB,0.03162212540968768
62,4,32,1,VWF,0.046531169437057596
62,4,32,2,ESAM,0.042281005039534005
62,4,32,3,RBPMS2,0.041245632518109664
62,4,32,4,TNFSF10,0.038947530222965564
62,4,32,5,CLEC1B,0.03881705399926999
62,4,32,6,MPL,0.03840716578645744
62,4,32,7,GJB6,0.03828811596776261
62,4,32,8,KLHL15,0.03672294385861438
62,4,32,9,GIMAP4,0.03583675930201393
62,4,32,10,GIMAP8,0.035114573765877774
62,4,32,11,ITGA2B,0.03463488007605897
62,4,32,12,PROS1,0.03407141382989098
62,4,32,13,ITGB3,0.032434434018646666
62,4,32,14,PHACTR1,0.03239406189131876
62,4,32,15,GP9,0.0323194047213987
62,4,32,16,MAFB,0.03162212540968768
62,4,32,17,CX3CR1,0.031261783763360466
62,4,32,18,HIST1H4E,0.03096834748053687
62,4,32,19,HES4,0.030813258034072203
62,4,32,20,TSPAN33,0.03058455015334133
62,4,32,21,FGL2,0.030342919015350793
62,4,32,22,GADD45B,0.03008617840867865
62,4,32,23,SERPINE2,0.02928073773960603
62,4,32,24,MGC13057,0.029265352403629874
62,4,32,25,SLC45A3,0.028578271466421907
62,4,32,26,C16orf75,0.028516900543012754
62,4,32,27,LAMA5,0.028379001579897437
62,4,32,28,SNORD3C,0.028197400984690032
62,4,32,29,C15orf48,0.02808375969917595
62,4,32,30,HIST1H2AM,0.027939571030367337
62,4,32,31,HIST2H3A,0.02761641947650869
62,4,32,32,SNORD3A,0.027334642225904593
62,8,8,1,DEFB1,0.0800256391735337
62,8,8,2,SELENBP1,0.06559167117256563
62,8,8,3,KIAA0367,0.06370612395931526
62,8,8,4,LOC644936,0.061980230510764504
62,8,8,5,SLC4A1,0.06184709615802116
62,8,8,6,TNFRSF21,0.060983576957043324
62,8,8,7,HBM,0.0579445376707074
62,8,8,8,TMCC2,0.05744203305057458
62,8,16,1,DEFB1,0.0800256391735337
62,8,16,2,SELENBP1,0.06559167117256563
62,8,16,3,KIAA0367,0.06370612395931526
62,8,16,4,LOC644936,0.061980230510764504
62,8,16,5,SLC4A1,0.06184709615802116
62,8,16,6,TNFRSF21,0.060983576957043324
62,8,16,7,HBM,0.0579445376707074
62,8,16,8,TMCC2,0.05744203305057458
62,8,16,9,AHSP,0.05693225023530135
62,8,16,10,EPB42,0.05655606814242095
62,8,16,11,CA1,0.05648507884794737
62,8,16,12,GYPB,0.05607145563266274
62,8,16,13,LAMA5,0.055987583257572526
62,8,16,14,OSBP2,0.054815771172965634
62,8,16,15,IFIT1L,0.05447866801882426
62,8,16,16,GSTM1,0.054150221378411204
62,8,32,1,DEFB1,0.0800256391735337
62,8,32,2,SELENBP1,0.06559167117256563
62,8,32,3,KIAA0367,0.06370612395931526
62,8,32,4,LOC644936,0.061980230510764504
62,8,32,5,SLC4A1,0.06184709615802116
62,8,32,6,TNFRSF21,0.060983576957043324
62,8,32,7,HBM,0.0579445376707074
62,8,32,8,TMCC2,0.05744203305057458
62,8,32,9,AHSP,0.05693225023530135
62,8,32,10,EPB42,0.05655606814242095
62,8,32,11,CA1,0.05648507884794737
62,8,32,12,GYPB,0.05607145563266274
62,8,32,13,LAMA5,0.055987583257572526
62,8,32,14,OSBP2,0.054815771172965634
62,8,32,15,IFIT1L,0.05447866801882426
62,8,32,16,GSTM1,0.054150221378411204
62,8,32,17,VWF,0.05217680211603688
62,8,32,18,LGALS2,0.0512445038185197
62,8,32,19,HBBP1,0.05118655866236844
62,8,32,20,RHAG,0.05054980680522633
62,8,32,21,PRSSL1,0.05037198973153892
62,8,32,22,TNFSF10,0.04887828362895896
62,8,32,23,IFI27,0.047663683726201174
62,8,32,24,SPTA1,0.04687136698010697
62,8,32,25,SERPINE2,0.04635025252759124
62,8,32,26,FGL2,0.04599061207816797
62,8,32,27,C16orf75,0.04477459776460094
62,8,32,28,IL8RB,0.04457898416848173
62,8,32,29,HIST2H2BF,0.0443956258925926
62,8,32,30,LTF,0.04433965415225323
62,8,32,31,GIMAP8,0.04398603916689316
62,8,32,32,BEX1,0.043924953487106795
62,16,8,1,DEFB1,0.17504128895385587
62,16,8,2,BAMBI,0.16789049512423213
62,16,8,3,LOC644936,0.14833105781319855
62,16,8,4,GTSF1,0.14043391539004177
62,16,8,5,LOC727908,0.1389750377255395
62,16,8,6,LOC100133875,0.13369022732263022
62,16,8,7,LOC654055,0.1239986363905946
62,16,8,8,LILRA3,0.12237183471734409
62,16,16,1,DEFB1,0.17504128895385587
62,16,16,2,BAMBI,0.16789049512423213
62,16,16,3,LOC644936,0.14833105781319855
62,16,16,4,GTSF1,0.14043391539004177
62,16,16,5,LOC727908,0.1389750377255395
62,16,16,6,LOC100133875,0.13369022732263022
62,16,16,7,LOC654055,0.1239986363905946
62,16,16,8,LILRA3,0.12237183471734409
62,16,16,9,KIAA0367,0.11951465128119991
62,16,16,10,GSTM1,0.11377995643618817
62,16,16,11,HLA-A29.1,0.1119548831074337
62,16,16,12,LOC729645,0.11132396177755742
62,16,16,13,ABP1,0.10597989477125581
62,16,16,14,LAMA5,0.10454678497640692
62,16,16,15,LOC100132394,0.10437941031510299
62,16,16,16,BEX1,0.1033703377870305
62,16,32,1,DEFB1,0.17504128895385587
62,16,32,2,BAMBI,0.16789049512423213
62,16,32,3,LOC644936,0.14833105781319855
62,16,32,4,GTSF1,0.14043391539004177
62,16,32,5,LOC727908,0.1389750377255395
62,16,32,6,LOC100133875,0.13369022732263022
62,16,32,7,LOC654055,0.1239986363905946
62,16,32,8,LILRA3,0.12237183471734409
62,16,32,9,KIAA0367,0.11951465128119991
62,16,32,10,GSTM1,0.11377995643618817
62,16,32,11,HLA-A29.1,0.1119548831074337
62,16,32,12,LOC729645,0.11132396177755742
62,16,32,13,ABP1,0.10597989477125581
62,16,32,14,LAMA5,0.10454678497640692
62,16,32,15,LOC100132394,0.10437941031510299
62,16,32,16,BEX1,0.1033703377870305
62,16,32,17,LGALS2,0.10222845081634187
62,16,32,18,HBBP1,0.09817784458650589
62,16,32,19,PI3,0.09344732402591494
62,16,32,20,GAPDHL6,0.09344722442570258
62,16,32,21,SLC45A3,0.08684361450885135
62,16,32,22,ASGR1,0.08454522025837452
62,16,32,23,FPR2,0.08433629422211665
62,16,32,24,RPS4Y2,0.08419448282256667
62,16,32,25,LOC731682,0.08396485674759283
62,16,32,26,FOLR3,0.08274007640179035
62,16,32,27,HLA-DRB4,0.08254904225762391
62,16,32,28,TMEM176A,0.08245715484318593
62,16,32,29,IL1B,0.08214000460606857
62,16,32,30,TNFRSF21,0.08207276963179362
62,16,32,31,XIST,0.08167194963841147
62,16,32,32,CD177,0.07958150983606238
63,4,8,1,PHACTR1,0.048179882955681486
63,4,8,2,GJB6,0.04378810916408681
63,4,8,3,GIMAP4,0.04260825566082297
63,4,8,4,TNFSF10,0.04140852331407951
63,4,8,5,ADM,0.03711287931337574
63,4,8,6,VWF,0.03559160460953104
63,4,8,7,CX3CR1,0.0352993572350132
63,4,8,8,GIMAP8,0.03465677499362966
63,4,16,1,PHACTR1,0.048179882955681486
63,4,16,2,GJB6,0.04378810916408681
63,4,16,3,GIMAP4,0.04260825566082297
63,4,16,4,TNFSF10,0.04140852331407951
63,4,16,5,ADM,0.03711287931337574
63,4,16,6,VWF,0.03559160460953104
63,4,16,7,CX3CR1,0.0352993572350132
63,4,16,8,GIMAP8,0.03465677499362966
63,4,16,9,HES4,0.033444619919244904
63,4,16,10,KLHL15,0.03147432234099217
63,4,16,11,EMP1,0.031369663179274705
63,4,16,12,LOC653610,0.03076090497258214
63,4,16,13,HIST1H4E,0.030269118541504103
63,4,16,14,IL8RB,0.030215441466029523
63,4,16,15,CLIC3,0.03017800423164106
63,4,16,16,HIST1H2AM,0.02963741553538624
63,4,32,1,PHACTR1,0.048179882955681486
63,4,32,2,GJB6,0.04378810916408681
63,4,32,3,GIMAP4,0.04260825566082297
63,4,32,4,TNFSF10,0.04140852331407951
63,4,32,5,ADM,0.03711287931337574
63,4,32,6,VWF,0.03559160460953104
63,4,32,7,CX3CR1,0.0352993572350132
63,4,32,8,GIMAP8,0.03465677499362966
63,4,32,9,HES4,0.033444619919244904
63,4,32,10,KLHL15,0.03147432234099217
63,4,32,11,EMP1,0.031369663179274705
63,4,32,12,LOC653610,0.03076090497258214
63,4,32,13,HIST1H4E,0.030269118541504103
63,4,32,14,IL8RB,0.030215441466029523
63,4,32,15,CLIC3,0.03017800423164106
63,4,32,16,HIST1H2AM,0.02963741553538624
63,4,32,17,CD83,0.029509316164204474
63,4,32,18,PRAGMIN,0.02894264976561176
63,4,32,19,MX1,0.028845995602299394
63,4,32,20,SIK1,0.028430433722087665
63,4,32,21,HIST2H3A,0.027382798273726652
63,4,32,22,PRF1,0.027339179333045038
63,4,32,23,HBEGF,0.027047735832657228
63,4,32,24,HIST1H1E,0.026793086564753633
63,4,32,25,SNORD3A,0.026434999909254634
63,4,32,26,RNU5A,0.026388921151203334
63,4,32,27,SNORD3C,0.02627607732604207
63,4,32,28,RNU11,0.02598696216519049
63,4,32,29,HIST2H2AB,0.02567924336466695
63,4,32,30,FGFBP2,0.025634799784683526
63,4,32,31,RNU4-1,0.025430823406220642
63,4,32,32,DUSP5,0.025248404277923544
63,8,8,1,VWF,0.08039022701869374
63,8,8,2,RPS4Y2,0.07723346252979602
63,8,8,3,XIST,0.07514038507994329
63,8,8,4,SELENBP1,0.07430994653595581
63,8,8,5,EPB42,0.07367139654247735
63,8,8,6,LOC100133662,0.07352145658897144
63,8,8,7,SLC4A1,0.07250071746510496
63,8,8,8,RPS4Y1,0.0697576398865382
63,8,16,1,VWF,0.08039022701869374
63,8,16,2,RPS4Y2,0.07723346252979602
63,8,16,3,XIST,0.07514038507994329
63,8,16,4,SELENBP1,0.07430994653595581
63,8,16,5,EPB42,0.07367139654247735
63,8,16,6,LOC100133662,0.07352145658897144
63,8,16,7,SLC4A1,0.07250071746510496
63,8,16,8,RPS4Y1,0.0697576398865382
63,8,16,9,AHSP,0.06749893823774752
63,8,16,10,IFIT1L,0.06649529957382586
63,8,16,11,DEFB1,0.0660114925697013
63,8,16,12,EIF1AY,0.06532075421662517
63,8,16,13,PRKY,0.06399580641966167
63,8,16,14,CYorf15B,0.06331249538345074
63,8,16,15,HBM,0.06265580507965413
63,8,16,16,CA1,0.06192290311646896
63,8,32,1,VWF,0.08039022701869374
63,8,32,2,RPS4Y2,0.07723346252979602
63,8,32,3,XIST,0.07514038507994329
63,8,32,4,SELENBP1,0.07430994653595581
63,8,32,5,EPB42,0.07367139654247735
63,8,32,6,LOC100133662,0.07352145658897144
63,8,32,7,SLC4A1,0.07250071746510496
63,8,32,8,RPS4Y1,0.0697576398865382
63,8,32,9,AHSP,0.06749893823774752
63,8,32,10,IFIT1L,0.06649529957382586
63,8,32,11,DEFB1,0.0660114925697013
63,8,32,12,EIF1AY,0.06532075421662517
63,8,32,13,PRKY,0.06399580641966167
63,8,32,14,CYorf15B,0.06331249538345074
63,8,32,15,HBM,0.06265580507965413
63,8,32,16,CA1,0.06192290311646896
63,8,32,17,RBPMS2,0.06185960022929695
63,8,32,18,IL8RB,0.061659332482121645
63,8,32,19,CYorf15A,0.06121929122335085
63,8,32,20,OSBP2,0.060655733229930585
63,8,32,21,JARID1D,0.05997258915819794
63,8,32,22,GYPB,0.056740189712027156
63,8,32,23,TGFBI,0.05656530691008523
63,8,32,24,CDC20,0.054712611034651915
63,8,32,25,SPTA1,0.05395842187402511
63,8,32,26,LOC100133875,0.05309297856814605
63,8,32,27,GJB6,0.05309196502053445
63,8,32,28,MAFB,0.05227147814162546
63,8,32,29,LGALS2,0.052069373491333365
63,8,32,30,PI3,0.051408845749747925
63,8,32,31,TNFSF10,0.05117633662232215
63,8,32,32,PHACTR1,0.05096996314940946
63,16,8,1,LOC100133875,0.19598524946359266
63,16,8,2,DEFB1,0.1398610787653339
63,16,8,3,GTSF1,0.1364208899696286
63,16,8,4,GAPDHL6,0.1326842098121416
63,16,8,5,IFI27,0.12753625911974495
63,16,8,6,C1orf150,0.1187909279065086
63,16,8,7,LOC644936,0.11540879199974571
63,16,8,8,BAMBI,0.115089580604582
63,16,16,1,LOC100133875,0.19598524946359266
63,16,16,2,DEFB1,0.1398610787653339
63,16,16,3,GTSF1,0.1364208899696286
63,16,16,4,GAPDHL6,0.1326842098121416
63,16,16,5,IFI27,0.12753625911974495
63,16,16,6,C1orf150,0.1187909279065086
63,16,16,7,LOC644936,0.11540879199974571
63,16,16,8,BAMBI,0.115089580604582
63,16,16,9,VWF,0.11326120948799813
63,16,16,10,KLHL15,0.11231249573733314
63,16,16,11,LOC100132394,0.11142039865847715
63,16,16,12,THBS1,0.10816939556295721
63,16,16,13,TPSB2,0.10599689253777915
63,16,16,14,HLA-A29.1,0.10535024368210091
63,16,16,15,TPSAB1,0.10423648595296672
63,16,16,16,HOXA5,0.10301108247718148
63,16,32,1,LOC100133875,0.19598524946359266
63,16,32,2,DEFB1,0.1398610787653339
63,16,32,3,GTSF1,0.1364208899696286
63,16,32,4,GAPDHL6,0.1326842098121416
63,16,32,5,IFI27,0.12753625911974495
63,16,32,6,C1orf150,0.1187909279065086
63,16,32,7,LOC644936,0.11540879199974571
63,16,32,8,BAMBI,0.115089580604582
63,16,32,9,VWF,0.11326120948799813
63,16,32,10,KLHL15,0.11231249573733314
63,16,32,11,LOC100132394,0.11142039865847715
63,16,32,12,THBS1,0.10816939556295721
63,16,32,13,TPSB2,0.10599689253777915
63,16,32,14,HLA-A29.1,0.10535024368210091
63,16,32,15,TPSAB1,0.10423648595296672
63,16,32,16,HOXA5,0.10301108247718148
63,16,32,17,HES4,0.10211233360018974
63,16,32,18,KIAA0367,0.10085773828867042
63,16,32,19,IL1B,0.10068348249500442
63,16,32,20,MX1,0.10039128654628521
63,16,32,21,MIR1974,0.09466562703239167
63,16,32,22,LGALS2,0.09387114165954744
63,16,32,23,TEX101,0.09304187286922248
63,16,32,24,KIAA1324,0.0902057142376296
63,16,32,25,ABP1,0.09011711800256009
63,16,32,26,HBEGF,0.09000049940575104
63,16,32,27,RPS4Y2,0.08926599955831473
63,16,32,28,HLA-DRB5,0.0888485045160952
63,16,32,29,LOC727908,0.08666170279007428
63,16,32,30,CCL4L1,0.08497940388839328
63,16,32,31,CLEC11A,0.08458041952820772
63,16,32,32,SLC4A1,0.08420534457392771
64,4,8,1,VWF,0.04153012685064718
64,4,8,2,KIAA0367,0.0398543957855656
64,4,8,3,MPL,0.03972484991946599
64,4,8,4,ESAM,0.03962062238379143
64,4,8,5,RBPMS2,0.03795115568331715
64,4,8,6,IFI27,0.037925311192842065
64,4,8,7,TMCC2,0.03540923643903154
64,4,8,8,HIST2H3A,0.03465177905945357
64,4,16,1,VWF,0.04153012685064718
64,4,16,2,KIAA0367,0.0398543957855656
64,4,16,3,MPL,0.03972484991946599
64,4,16,4,ESAM,0.03962062238379143
64,4,16,5,RBPMS2,0.03795115568331715
64,4,16,6,IFI27,0.037925311192842065
64,4,16,7,TMCC2,0.03540923643903154
64,4,16,8,HIST2H3A,0.03465177905945357
64,4,16,9,ITGA2B,0.03373956928767451
64,4,16,10,PROS1,0.033013761510798705
64,4,16,11,GYPB,0.032434670789580546
64,4,16,12,EPDR1,0.03215221765914647
64,4,16,13,ADM,0.03215212300583927
64,4,16,14,LOC653610,0.03181435849921307
64,4,16,15,CLEC1B,0.03165426781526288
64,4,16,16,HIST1H2AM,0.030786495794002267
64,4,32,1,VWF,0.04153012685064718
64,4,32,2,KIAA0367,0.0398543957855656
64,4,32,3,MPL,0.03972484991946599
64,4,32,4,ESAM,0.03962062238379143
64,4,32,5,RBPMS2,0.03795115568331715
64,4,32,6,IFI27,0.037925311192842065
64,4,32,7,TMCC2,0.03540923643903154
64,4,32,8,HIST2H3A,0.03465177905945357
64,4,32,9,ITGA2B,0.03373956928767451
64,4,32,10,PROS1,0.033013761510798705
64,4,32,11,GYPB,0.032434670789580546
64,4,32,12,EPDR1,0.03215221765914647
64,4,32,13,ADM,0.03215212300583927
64,4,32,14,LOC653610,0.03181435849921307
64,4,32,15,CLEC1B,0.03165426781526288
64,4,32,16,HIST1H2AM,0.030786495794002267
64,4,32,17,HIST1H1E,0.030497615756655404
64,4,32,18,SERPINE2,0.030407783958994305
64,4,32,19,HIST1H4E,0.030376896430128263
64,4,32,20,SNORD3C,0.02996843693720908
64,4,32,21,EPB42,0.02909627711838024
64,4,32,22,VCAN,0.028944872192259125
64,4,32,23,MGC13057,0.028787560627297714
64,4,32,24,HIST1H1B,0.02849750571499503
64,4,32,25,SPTA1,0.028373895515448732
64,4,32,26,TSPAN33,0.02807327321174842
64,4,32,27,HIST2H3C,0.027753708714430652
64,4,32,28,GP9,0.027562156871610993
64,4,32,29,IFIT1L,0.02755126557059078
64,4,32,30,RHAG,0.02741680832128977
64,4,32,31,SNORD3A,0.02731376726045579
64,4,32,32,HIST1H2AH,0.027086101867946265
64,8,8,1,LOC644936,0.09180863142191595
64,8,8,2,VCAN,0.07709768177775138
64,8,8,3,IFI27,0.0701151002952778
64,8,8,4,TNFSF10,0.06490305999889182
64,8,8,5,EPB42,0.06422680071195097
64,8,8,6,HBM,0.0618881252811466
64,8,8,7,CA1,0.058637220990439116
64,8,8,8,KIAA0367,0.05845168338488101
64,8,16,1,LOC644936,0.09180863142191595
64,8,16,2,VCAN,0.07709768177775138
64,8,16,3,IFI27,0.0701151002952778
64,8,16,4,TNFSF10,0.06490305999889182
64,8,16,5,EPB42,0.06422680071195097
64,8,16,6,HBM,0.0618881252811466
64,8,16,7,CA1,0.058637220990439116
64,8,16,8,KIAA0367,0.05845168338488101
64,8,16,9,GYPB,0.05842339813809259
64,8,16,10,MAFB,0.05809658800639746
64,8,16,11,TMCC2,0.05747449142437474
64,8,16,12,SPTA1,0.05725794804935482
64,8,16,13,AHSP,0.056836102557300476
64,8,16,14,SELENBP1,0.05661425433620744
64,8,16,15,KLHL15,0.056344870710248664
64,8,16,16,SLC4A1,0.05604136714736702
64,8,32,1,LOC644936,0.09180863142191595
64,8,32,2,VCAN,0.07709768177775138
64,8,32,3,IFI27,0.0701151002952778
64,8,32,4,TNFSF10,0.06490305999889182
64,8,32,5,EPB42,0.06422680071195097
64,8,32,6,HBM,0.0618881252811466
64,8,32,7,CA1,0.058637220990439116
64,8,32,8,KIAA0367,0.05845168338488101
64,8,32,9,GYPB,0.05842339813809259
64,8,32,10,MAFB,0.05809658800639746
64,8,32,11,TMCC2,0.05747449142437474
64,8,32,12,SPTA1,0.05725794804935482
64,8,32,13,AHSP,0.056836102557300476
64,8,32,14,SELENBP1,0.05661425433620744
64,8,32,15,KLHL15,0.056344870710248664
64,8,32,16,SLC4A1,0.05604136714736702
64,8,32,17,IFIT1L,0.05552322006325249
64,8,32,18,OSBP2,0.055170857115578835
64,8,32,19,IFIT3,0.05448544488456137
64,8,32,20,RNU5A,0.05406331325974882
64,8,32,21,TGFBI,0.052993524695470376
64,8,32,22,CDC20,0.05262158568980094
64,8,32,23,RAP1GAP,0.051868427720938505
64,8,32,24,ADM,0.05181065648120095
64,8,32,25,IFIT2,0.0515005328293981
64,8,32,26,HLA-A29.1,0.0513820203605177
64,8,32,27,RHAG,0.05063721930476472
64,8,32,28,HIST2H2BF,0.050516598700752896
64,8,32,29,LGALS2,0.049385990673295986
64,8,32,30,ABP1,0.04908603961710273
64,8,32,31,GIMAP4,0.04857245963001869
64,8,32,32,FGL2,0.04803028889653851
64,16,8,1,DEFB1,0.174976995707978
64,16,8,2,HLA-A29.1,0.16066814114693265
64,16,8,3,BAMBI,0.15610645823374222
64,16,8,4,LOC644936,0.15039620149673205
64,16,8,5,IFI27,0.1301428579771264
64,16,8,6,LOC100133875,0.1267264400773509
64,16,8,7,LOC654055,0.11833997465245757
64,16,8,8,PI3,0.1141823828018539
64,16,16,1,DEFB1,0.174976995707978
64,16,16,2,HLA-A29.1,0.16066814114693265
64,16,16,3,BAMBI,0.15610645823374222
64,16,16,4,LOC644936,0.15039620149673205
64,16,16,5,IFI27,0.1301428579771264
64,16,16,6,LOC100133875,0.1267264400773509
64,16,16,7,LOC654055,0.11833997465245757
64,16,16,8,PI3,0.1141823828018539
64,16,16,9,TPSAB1,0.1133880111797084
64,16,16,10,LOC729645,0.1103368625081005
64,16,16,11,CLEC11A,0.11008994162846712
64,16,16,12,LILRA3,0.10866964570554323
64,16,16,13,TPSB2,0.10638099377103256
64,16,16,14,SPRYD5,0.10465650622078072
64,16,16,15,GAPDHL6,0.10217554647096384
64,16,16,16,VCAN,0.1018690477223173
64,16,32,1,DEFB1,0.174976995707978
64,16,32,2,HLA-A29.1,0.16066814114693265
64,16,32,3,BAMBI,0.15610645823374222
64,16,32,4,LOC644936,0.15039620149673205
64,16,32,5,IFI27,0.1301428579771264
64,16,32,6,LOC100133875,0.1267264400773509
64,16,32,7,LOC654055,0.11833997465245757
64,16,32,8,PI3,0.1141823828018539
64,16,32,9,TPSAB1,0.1133880111797084
64,16,32,10,LOC729645,0.1103368625081005
64,16,32,11,CLEC11A,0.11008994162846712
64,16,32,12,LILRA3,0.10866964570554323
64,16,32,13,TPSB2,0.10638099377103256
64,16,32,14,SPRYD5,0.10465650622078072
64,16,32,15,GAPDHL6,0.10217554647096384
64,16,32,16,VCAN,0.1018690477223173
64,16,32,17,THBS1,0.10015050507968652
64,16,32,18,LOC100132394,0.09927809872855078
64,16,32,19,HOXA5,0.09914699059177276
64,16,32,20,LGALS2,0.09879849898509288
64,16,32,21,KLHL15,0.09869135745172837
64,16,32,22,RPS4Y2,0.09829655729050492
64,16,32,23,XIST,0.09456379093807618
64,16,32,24,ABP1,0.09455174944996128
64,16,32,25,EPAS1,0.09436062755997482
64,16,32,26,CDC20,0.09428895794543714
64,16,32,27,LOC727908,0.09425038963856153
64,16,32,28,GTSF1,0.09423443243780451
64,16,32,29,RPS4Y1,0.09348923129152038
64,16,32,30,CYorf15A,0.09163126558524269
64,16,32,31,LOC100133662,0.09048847771087493
64,16,32,32,KIAA1324,0.0895378674557699
65,4,8,1,VWF,0.05338168091330544
65,4,8,2,MPL,0.04769490575775572
65,4,8,3,RBPMS2,0.041939948857195625
65,4,8,4,ESAM,0.04168015952934547
65,4,8,5,SERPINE2,0.04076694376501221
65,4,8,6,TSPAN33,0.03453296461132355
65,4,8,7,ITGA2B,0.03446355666711688
65,4,8,8,MAFB,0.03310806265875337
65,4,16,1,VWF,0.05338168091330544
65,4,16,2,MPL,0.04769490575775572
65,4,16,3,RBPMS2,0.041939948857195625
65,4,16,4,ESAM,0.04168015952934547
65,4,16,5,SERPINE2,0.04076694376501221
65,4,16,6,TSPAN33,0.03453296461132355
65,4,16,7,ITGA2B,0.03446355666711688
65,4,16,8,MAFB,0.03310806265875337
65,4,16,9,PROS1,0.03282327407409741
65,4,16,10,CLEC1B,0.03234903075834967
65,4,16,11,FGL2,0.032332983992558344
65,4,16,12,TNFSF10,0.030125500737075747
65,4,16,13,MS4A2,0.029490782908970718
65,4,16,14,MX1,0.028602533562644486
65,4,16,15,HIST1H4E,0.02837819957200063
65,4,16,16,IL8RB,0.027984163531243878
65,4,32,1,VWF,0.05338168091330544
65,4,32,2,MPL,0.04769490575775572
65,4,32,3,RBPMS2,0.041939948857195625
65,4,32,4,ESAM,0.04168015952934547
65,4,32,5,SERPINE2,0.04076694376501221
65,4,32,6,TSPAN33,0.03453296461132355
65,4,32,7,ITGA2B,0.03446355666711688
65,4,32,8,MAFB,0.03310806265875337
65,4,32,9,PROS1,0.03282327407409741
65,4,32,10,CLEC1B,0.03234903075834967
65,4,32,11,FGL2,0.032332983992558344
65,4,32,12,TNFSF10,0.030125500737075747
65,4,32,13,MS4A2,0.029490782908970718
65,4,32,14,MX1,0.028602533562644486
65,4,32,15,HIST1H4E,0.02837819957200063
65,4,32,16,IL8RB,0.027984163531243878
65,4,32,17,VCAN,0.027886167524479717
65,4,32,18,C1orf186,0.027795763907312712
65,4,32,19,THBS1,0.02752925081638293
65,4,32,20,ITGB3,0.027461584718926974
65,4,32,21,DEFA4,0.02632094720554402
65,4,32,22,SPTA1,0.025965020810211237
65,4,32,23,GP9,0.025667470900098906
65,4,32,24,HIST1H2AH,0.025653907645425567
65,4,32,25,CEACAM6,0.025222994275428956
65,4,32,26,LTF,0.025070209348801758
65,4,32,27,HIST2H3A,0.02500374988879518
65,4,32,28,CEACAM8,0.024742219676790633
65,4,32,29,MGC13057,0.024487702408660165
65,4,32,30,RNU1A3,0.023726496939510486
65,4,32,31,TCN1,0.02367342838540198
65,4,32,32,HIST1H1B,0.02298307266934732
65,8,8,1,KLHL15,0.078006939002831
65,8,8,2,RAP1GAP,0.07193468212722434
65,8,8,3,LOC644936,0.0698194430574624
65,8,8,4,SPTA1,0.06344335935121537
65,8,8,5,NEU4,0.06202602665155969
65,8,8,6,SLC4A1,0.0619530896361717
65,8,8,7,ADM,0.059125042962094546
65,8,8,8,GAPDHL6,0.05885159412403484
65,8,16,1,KLHL15,0.078006939002831
65,8,16,2,RAP1GAP,0.07193468212722434
65,8,16,3,LOC644936,0.0698194430574624
65,8,16,4,SPTA1,0.06344335935121537
65,8,16,5,NEU4,0.06202602665155969
65,8,16,6,SLC4A1,0.0619530896361717
65,8,16,7,ADM,0.059125042962094546
65,8,16,8,GAPDHL6,0.05885159412403484
65,8,16,9,VWF,0.057733655202730716
65,8,16,10,GYPB,0.056725331839858305
65,8,16,11,EMP1,0.05669888935567148
65,8,16,12,THBS1,0.05560402376731316
65,8,16,13,G0S2,0.05534308921801092
65,8,16,14,KIAA0367,0.054252838242020464
65,8,16,15,MAFB,0.05422819960110436
65,8,16,16,EPB42,0.05422049247425552
65,8,32,1,KLHL15,0.078006939002831
65,8,32,2,RAP1GAP,0.07193468212722434
65,8,32,3,LOC644936,0.0698194430574624
65,8,32,4,SPTA1,0.06344335935121537
65,8,32,5,NEU4,0.06202602665155969
65,8,32,6,SLC4A1,0.0619530896361717
65,8,32,7,ADM,0.059125042962094546
65,8,32,8,GAPDHL6,0.05885159412403484
65,8,32,9,VWF,0.057733655202730716
65,8,32,10,GYPB,0.056725331839858305
65,8,32,11,EMP1,0.05669888935567148
65,8,32,12,THBS1,0.05560402376731316
65,8,32,13,G0S2,0.05534308921801092
65,8,32,14,KIAA0367,0.054252838242020464
65,8,32,15,MAFB,0.05422819960110436
65,8,32,16,EPB42,0.05422049247425552
65,8,32,17,SIK1,0.05413183418716176
65,8,32,18,IFIT1L,0.05368302977650688
65,8,32,19,IL8RB,0.052647414236532956
65,8,32,20,GJB6,0.05188315758023871
65,8,32,21,MPL,0.050901189100279465
65,8,32,22,ABP1,0.05084103934841045
65,8,32,23,TNFSF10,0.050615873887671345
65,8,32,24,HBM,0.05025583654341832
65,8,32,25,RHAG,0.0500985912321755
65,8,32,26,PI3,0.049636231007452895
65,8,32,27,PHACTR1,0.04915869389132929
65,8,32,28,CA1,0.0490682139048226
65,8,32,29,CCL4L1,0.048451169480066086
65,8,32,30,RBPMS2,0.047702063643127735
65,8,32,31,SERPINE2,0.04714905653364994
65,8,32,32,HES4,0.04658803961858912
65,16,8,1,DEFB1,0.1837930255941363
65,16,8,2,KIAA0367,0.1547959283061223
65,16,8,3,LOC644936,0.14217046060837882
65,16,8,4,GAPDHL6,0.14124379912033103
65,16,8,5,BAMBI,0.12639071520501033
65,16,8,6,GTSF1,0.12339237322920948
65,16,8,7,ABP1,0.12012534827927905
65,16,8,8,KLHL15,0.111634195300987
65,16,16,1,DEFB1,0.1837930255941363
65,16,16,2,KIAA0367,0.1547959283061223
65,16,16,3,LOC644936,0.14217046060837882
65,16,16,4,GAPDHL6,0.14124379912033103
65,16,16,5,BAMBI,0.12639071520501033
65,16,16,6,GTSF1,0.12339237322920948
65,16,16,7,ABP1,0.12012534827927905
65,16,16,8,KLHL15,0.111634195300987
65,16,16,9,HLA-A29.1,0.11151999558541144
65,16,16,10,LOC654055,0.10897503904461021
65,16,16,11,RAP1GAP,0.10570837930320622
65,16,16,12,LOC729645,0.10567252874020057
65,16,16,13,HOXA5,0.1020010036706524
65,16,16,14,MIR1974,0.10044684777110738
65,16,16,15,GSTM1,0.10000833876221783
65,16,16,16,IL1B,0.09994942230933622
65,16,32,1,DEFB1,0.1837930255941363
65,16,32,2,KIAA0367,0.1547959283061223
65,16,32,3,LOC644936,0.14217046060837882
65,16,32,4,GAPDHL6,0.14124379912033103
65,16,32,5,BAMBI,0.12639071520501033
65,16,32,6,GTSF1,0.12339237322920948
65,16,32,7,ABP1,0.12012534827927905
65,16,32,8,KLHL15,0.111634195300987
65,16,32,9,HLA-A29.1,0.11151999558541144
65,16,32,10,LOC654055,0.10897503904461021
65,16,32,11,RAP1GAP,0.10570837930320622
65,16,32,12,LOC729645,0.10567252874020057
65,16,32,13,HOXA5,0.1020010036706524
65,16,32,14,MIR1974,0.10044684777110738
65,16,32,15,GSTM1,0.10000833876221783
65,16,32,16,IL1B,0.09994942230933622
65,16,32,17,RPS4Y2,0.09852511200367647
65,16,32,18,CDC20,0.09512042745913822
65,16,32,19,LGALS2,0.09511064339599416
65,16,32,20,RPS4Y1,0.09244812630591684
65,16,32,21,THBS1,0.0920965477387996
65,16,32,22,IFIT1L,0.09205115348074319
65,16,32,23,SLC4A1,0.09196215543362507
65,16,32,24,EPB42,0.0915884546034238
65,16,32,25,XIST,0.09032690040471793
65,16,32,26,LOC100133662,0.08962655817899923
65,16,32,27,VWF,0.08957482206897388
65,16,32,28,C1orf150,0.08816788524892398
65,16,32,29,HES4,0.08796766909507231
65,16,32,30,EIF1AY,0.08717039311006686
65,16,32,31,CCL2,0.08702741950838193
65,16,32,32,FPR2,0.0860551846261219
66,4,8,1,VWF,0.04581125761253029
66,4,8,2,TNFSF10,0.0448746855081109
66,4,8,3,GJB6,0.044680508166734224
66,4,8,4,MPL,0.041331941115718605
66,4,8,5,ESAM,0.040271937756804106
66,4,8,6,RBPMS2,0.039517677937981284
66,4,8,7,CLEC1B,0.03894341392612735
66,4,8,8,MS4A2,0.036485926069514125
66,4,16,1,VWF,0.04581125761253029
66,4,16,2,TNFSF10,0.0448746855081109
66,4,16,3,GJB6,0.044680508166734224
66,4,16,4,MPL,0.041331941115718605
66,4,16,5,ESAM,0.040271937756804106
66,4,16,6,RBPMS2,0.039517677937981284
66,4,16,7,CLEC1B,0.03894341392612735
66,4,16,8,MS4A2,0.036485926069514125
66,4,16,9,FGL2,0.03423601402380989
66,4,16,10,TSPAN33,0.03375435434070626
66,4,16,11,MAFB,0.033665604480445546
66,4,16,12,ITGA2B,0.03182741553741747
66,4,16,13,PROS1,0.03149132327621419
66,4,16,14,SERPINE2,0.030574682091379868
66,4,16,15,KLHL15,0.030234019254299617
66,4,16,16,HBEGF,0.029997613046000973
66,4,32,1,VWF,0.04581125761253029
66,4,32,2,TNFSF10,0.0448746855081109
66,4,32,3,GJB6,0.044680508166734224
66,4,32,4,MPL,0.041331941115718605
66,4,32,5,ESAM,0.040271937756804106
66,4,32,6,RBPMS2,0.039517677937981284
66,4,32,7,CLEC1B,0.03894341392612735
66,4,32,8,MS4A2,0.036485926069514125
66,4,32,9,FGL2,0.03423601402380989
66,4,32,10,TSPAN33,0.03375435434070626
66,4,32,11,MAFB,0.033665604480445546
66,4,32,12,ITGA2B,0.03182741553741747
66,4,32,13,PROS1,0.03149132327621419
66,4,32,14,SERPINE2,0.030574682091379868
66,4,32,15,KLHL15,0.030234019254299617
66,4,32,16,HBEGF,0.029997613046000973
66,4,32,17,GIMAP4,0.029456657256714217
66,4,32,18,SNORD3A,0.029029277673032396
66,4,32,19,PRAGMIN,0.028330770669227713
66,4,32,20,HIST1H4E,0.027963423019270624
66,4,32,21,GP9,0.027911531393462283
66,4,32,22,ITGB3,0.027904125150656028
66,4,32,23,SNORD3C,0.027890146905675952
66,4,32,24,SLC45A3,0.027349709711295935
66,4,32,25,MGC13057,0.026874867219510098
66,4,32,26,GIMAP8,0.026795921718330517
66,4,32,27,LAMA5,0.02606874430442459
66,4,32,28,NAT8B,0.02522150406431118
66,4,32,29,CX3CR1,0.024155943678411996
66,4,32,30,SNORD3D,0.02390011780644725
66,4,32,31,IL8RB,0.023787752355838132
66,4,32,32,HIST2H3A,0.023716937753571674
66,8,8,1,KIAA0367,0.07060622346349171
66,8,8,2,NEU4,0.06496703119039696
66,8,8,3,LGALS2,0.06280251359520259
66,8,8,4,SELENBP1,0.06077080485008721
66,8,8,5,IFIT1L,0.06058173860044741
66,8,8,6,TMCC2,0.0602580697669175
66,8,8,7,SLC4A1,0.057219214001912155
66,8,8,8,GJB6,0.05668038406607677
66,8,16,1,KIAA0367,0.07060622346349171
66,8,16,2,NEU4,0.06496703119039696
66,8,16,3,LGALS2,0.06280251359520259
66,8,16,4,SELENBP1,0.06077080485008721
66,8,16,5,IFIT1L,0.06058173860044741
66,8,16,6,TMCC2,0.0602580697669175
66,8,16,7,SLC4A1,0.057219214001912155
66,8,16,8,GJB6,0.05668038406607677
66,8,16,9,EPB42,0.056175683625548166
66,8,16,10,HBM,0.05610122933252072
66,8,16,11,GYPB,0.05527236637192048
66,8,16,12,VCAN,0.05525233836440346
66,8,16,13,RAP1GAP,0.05497293167361839
66,8,16,14,OSBP2,0.05491409161845748
66,8,16,15,LAMA5,0.05478324080628902
66,8,16,16,AHSP,0.05464892501201907
66,8,32,1,KIAA0367,0.07060622346349171
66,8,32,2,NEU4,0.06496703119039696
66,8,32,3,LGALS2,0.06280251359520259
66,8,32,4,SELENBP1,0.06077080485008721
66,8,32,5,IFIT1L,0.06058173860044741
66,8,32,6,TMCC2,0.0602580697669175
66,8,32,7,SLC4A1,0.057219214001912155
66,8,32,8,GJB6,0.05668038406607677
66,8,32,9,EPB42,0.056175683625548166
66,8,32,10,HBM,0.05610122933252072
66,8,32,11,GYPB,0.05527236637192048
66,8,32,12,VCAN,0.05525233836440346
66,8,32,13,RAP1GAP,0.05497293167361839
66,8,32,14,OSBP2,0.05491409161845748
66,8,32,15,LAMA5,0.05478324080628902
66,8,32,16,AHSP,0.05464892501201907
66,8,32,17,TNFSF10,0.053849653160413
66,8,32,18,MAFB,0.052816109338791904
66,8,32,19,IFI27,0.05245463138720658
66,8,32,20,CA1,0.05235702382874053
66,8,32,21,SNCA,0.05021719603152731
66,8,32,22,VWF,0.05010593101173739
66,8,32,23,THBS1,0.04896697355535821
66,8,32,24,SPTA1,0.048789172200469064
66,8,32,25,KLHL15,0.04860343176430169
66,8,32,26,LOC100133875,0.04810677282843732
66,8,32,27,HBBP1,0.04794796034372703
66,8,32,28,IL8RB,0.04780874316190126
66,8,32,29,CLIC3,0.046250364979386165
66,8,32,30,RHAG,0.04599640680724679
66,8,32,31,LOC728835,0.045341393557059434
66,8,32,32,HIST2H2AB,0.04521188177319675
66,16,8,1,BAMBI,0.1513256220604374
66,16,8,2,HLA-A29.1,0.14575972458360315
66,16,8,3,LOC100133875,0.14436764164324123
66,16,8,4,DEFB1,0.14323172117380734
66,16,8,5,KIAA0367,0.13343250170803167
66,16,8,6,GAPDHL6,0.13126430473742418
66,16,8,7,LILRA3,0.12821319285282903
66,16,8,8,LGALS2,0.11976768710366681
66,16,16,1,BAMBI,0.1513256220604374
66,16,16,2,HLA-A29.1,0.14575972458360315
66,16,16,3,LOC100133875,0.14436764164324123
66,16,16,4,DEFB1,0.14323172117380734
66,16,16,5,KIAA0367,0.13343250170803167
66,16,16,6,GAPDHL6,0.13126430473742418
66,16,16,7,LILRA3,0.12821319285282903
66,16,16,8,LGALS2,0.11976768710366681
66,16,16,9,LOC100132394,0.11421372494155328
66,16,16,10,RAP1GAP,0.11347476625905281
66,16,16,11,HBBP1,0.10885776607367842
66,16,16,12,LOC727908,0.10867294370988799
66,16,16,13,LOC100008588,0.10854848427003616
66,16,16,14,GTSF1,0.10617409357677696
66,16,16,15,LOC654055,0.10596719178755791
66,16,16,16,LOC644936,0.10124400090110194
66,16,32,1,BAMBI,0.1513256220604374
66,16,32,2,HLA-A29.1,0.14575972458360315
66,16,32,3,LOC100133875,0.14436764164324123
66,16,32,4,DEFB1,0.14323172117380734
66,16,32,5,KIAA0367,0.13343250170803167
66,16,32,6,GAPDHL6,0.13126430473742418
66,16,32,7,LILRA3,0.12821319285282903
66,16,32,8,LGALS2,0.11976768710366681
66,16,32,9,LOC100132394,0.11421372494155328
66,16,32,10,RAP1GAP,0.11347476625905281
66,16,32,11,HBBP1,0.10885776607367842
66,16,32,12,LOC727908,0.10867294370988799
66,16,32,13,LOC100008588,0.10854848427003616
66,16,32,14,GTSF1,0.10617409357677696
66,16,32,15,LOC654055,0.10596719178755791
66,16,32,16,LOC644936,0.10124400090110194
66,16,32,17,LAMA5,0.10080329158127838
66,16,32,18,RPS4Y2,0.09713503974542625
66,16,32,19,THBS1,0.09447277617218461
66,16,32,20,TPSAB1,0.09436920269316545
66,16,32,21,CCL3,0.0943528722303991
66,16,32,22,IFIT2,0.09412178890242623
66,16,32,23,NEU4,0.09202496413275844
66,16,32,24,VCAN,0.0918107178492323
66,16,32,25,LOC731682,0.08971630463706655
66,16,32,26,XIST,0.08834819808155062
66,16,32,27,ABP1,0.08751681734970701
66,16,32,28,RNU5A,0.08722034795925318
66,16,32,29,LOC100133662,0.08610013642190392
66,16,32,30,KIAA1324,0.0854895946541583
66,16,32,31,IL1B,0.08542982635167126
66,16,32,32,RPS4Y1,0.08437304976757959
67,4,8,1,VWF,0.06057315827476309
67,4,8,2,RBPMS2,0.051943018030343485
67,4,8,3,ESAM,0.05004082093531442
67,4,8,4,ITGA2B,0.04591111804189386
67,4,8,5,CLEC1B,0.03772101536434446
67,4,8,6,TNFSF10,0.036959854138451306
67,4,8,7,MX1,0.036825334067903
67,4,8,8,SERPINE2,0.03600491941059679
67,4,16,1,VWF,0.06057315827476309
67,4,16,2,RBPMS2,0.051943018030343485
67,4,16,3,ESAM,0.05004082093531442
67,4,16,4,ITGA2B,0.04591111804189386
67,4,16,5,CLEC1B,0.03772101536434446
67,4,16,6,TNFSF10,0.036959854138451306
67,4,16,7,MX1,0.036825334067903
67,4,16,8,SERPINE2,0.03600491941059679
67,4,16,9,SNORD3C,0.03567176450850395
67,4,16,10,GP9,0.035143373463668
67,4,16,11,GIMAP4,0.03417654179251301
67,4,16,12,TSPAN33,0.03405678881239855
67,4,16,13,SNORD3A,0.03403407912397313
67,4,16,14,ITGB3,0.03212910517874644
67,4,16,15,ADM,0.031556941544079564
67,4,16,16,KIAA0367,0.03145119188520865
67,4,32,1,VWF,0.06057315827476309
67,4,32,2,RBPMS2,0.051943018030343485
67,4,32,3,ESAM,0.05004082093531442
67,4,32,4,ITGA2B,0.04591111804189386
67,4,32,5,CLEC1B,0.03772101536434446
67,4,32,6,TNFSF10,0.036959854138451306
67,4,32,7,MX1,0.036825334067903
67,4,32,8,SERPINE2,0.03600491941059679
67,4,32,9,SNORD3C,0.03567176450850395
67,4,32,10,GP9,0.035143373463668
67,4,32,11,GIMAP4,0.03417654179251301
67,4,32,12,TSPAN33,0.03405678881239855
67,4,32,13,SNORD3A,0.03403407912397313
67,4,32,14,ITGB3,0.03212910517874644
67,4,32,15,ADM,0.031556941544079564
67,4,32,16,KIAA0367,0.03145119188520865
67,4,32,17,MGC13057,0.03093840273915001
67,4,32,18,HIST1H4E,0.03037398528071368
67,4,32,19,HIST1H2AH,0.030105970564593576
67,4,32,20,MAFB,0.030004505714457595
67,4,32,21,HIST1H1B,0.02958864591219405
67,4,32,22,SNORD3D,0.029448022394785132
67,4,32,23,RNU11,0.02903003957899714
67,4,32,24,CX3CR1,0.02871802087475857
67,4,32,25,C16orf75,0.02859236815866619
67,4,32,26,HIST1H1E,0.028159031070020654
67,4,32,27,GIMAP8,0.028090346298425543
67,4,32,28,CXCL2,0.02747183803119469
67,4,32,29,IFI27,0.027308837315084218
67,4,32,30,RNU4-1,0.026691966539710472
67,4,32,31,CD83,0.026349141043761008
67,4,32,32,PHACTR1,0.026292456183452557
67,8,8,1,LOC644936,0.08402143425735818
67,8,8,2,EPB42,0.07669482140625938
67,8,8,3,SLC4A1,0.07294681384868272
67,8,8,4,AHSP,0.07128159123632742
67,8,8,5,HBM,0.06928859457433215
67,8,8,6,SELENBP1,0.06840989702354142
67,8,8,7,CA1,0.06800073944402568
67,8,8,8,VWF,0.06609916562245736
67,8,16,1,LOC644936,0.08402143425735818
67,8,16,2,EPB42,0.07669482140625938
67,8,16,3,SLC4A1,0.07294681384868272
67,8,16,4,AHSP,0.07128159123632742
67,8,16,5,HBM,0.06928859457433215
67,8,16,6,SELENBP1,0.06840989702354142
67,8,16,7,CA1,0.06800073944402568
67,8,16,8,VWF,0.06609916562245736
67,8,16,9,PI3,0.06507667631714674
67,8,16,10,IFI27,0.06376277310117627
67,8,16,11,OSBP2,0.06356567344639871
67,8,16,12,GYPB,0.061103973801241086
67,8,16,13,IFIT1L,0.060386964271495466
67,8,16,14,IL8RB,0.056730961559147496
67,8,16,15,ADM,0.05601871737095163
67,8,16,16,GAPDHL6,0.05564502684876364
67,8,32,1,LOC644936,0.08402143425735818
67,8,32,2,EPB42,0.07669482140625938
67,8,32,3,SLC4A1,0.07294681384868272
67,8,32,4,AHSP,0.07128159123632742
67,8,32,5,HBM,0.06928859457433215
67,8,32,6,SELENBP1,0.06840989702354142
67,8,32,7,CA1,0.06800073944402568
67,8,32,8,VWF,0.06609916562245736
67,8,32,9,PI3,0.06507667631714674
67,8,32,10,IFI27,0.06376277310117627
67,8,32,11,OSBP2,0.06356567344639871
67,8,32,12,GYPB,0.061103973801241086
67,8,32,13,IFIT1L,0.060386964271495466
67,8,32,14,IL8RB,0.056730961559147496
67,8,32,15,ADM,0.05601871737095163
67,8,32,16,GAPDHL6,0.05564502684876364
67,8,32,17,RHAG,0.055378338316327415
67,8,32,18,PCOLCE2,0.054974109233404025
67,8,32,19,KLHL15,0.054667918247310196
67,8,32,20,RAP1GAP,0.05459698053784228
67,8,32,21,ESAM,0.054197803451993605
67,8,32,22,VCAN,0.053851662434251206
67,8,32,23,RBPMS2,0.05269435907525031
67,8,32,24,MAFB,0.05218006500231892
67,8,32,25,SPTA1,0.05199596437694241
67,8,32,26,CCL4L1,0.051823044813134225
67,8,32,27,HIST2H2BF,0.051206606048970094
67,8,32,28,MX1,0.05112851026638044
67,8,32,29,TNFSF10,0.05001335563642137
67,8,32,30,CD83,0.04937177873671428
67,8,32,31,ITGA2B,0.04876777886440883
67,8,32,32,TMEM140,0.04709246628516669
67,16,8,1,LOC100133875,0.15246931896160132
67,16,8,2,DEFB1,0.14462834727192925
67,16,8,3,IFI27,0.1331073538101645
67,16,8,4,LILRA3,0.13296452414843551
67,16,8,5,THBS1,0.13027032423905655
67,16,8,6,HLA-A29.1,0.12708424157434092
67,16,8,7,LOC644936,0.12178846860365852
67,16,8,8,TPSAB1,0.11917720807504503
67,16,16,1,LOC100133875,0.15246931896160132
67,16,16,2,DEFB1,0.14462834727192925
67,16,16,3,IFI27,0.1331073538101645
67,16,16,4,LILRA3,0.13296452414843551
67,16,16,5,THBS1,0.13027032423905655
67,16,16,6,HLA-A29.1,0.12708424157434092
67,16,16,7,LOC644936,0.12178846860365852
67,16,16,8,TPSAB1,0.11917720807504503
67,16,16,9,TPSB2,0.11495531512406551
67,16,16,10,GAPDHL6,0.11278598031301153
67,16,16,11,GTSF1,0.11003719240546733
67,16,16,12,LOC654055,0.10897464933147107
67,16,16,13,IL1B,0.10561585769288194
67,16,16,14,LOC100132394,0.103860369036223
67,16,16,15,MIR1974,0.10338781217405169
67,16,16,16,PI3,0.1021692490939361
67,16,32,1,LOC100133875,0.15246931896160132
67,16,32,2,DEFB1,0.14462834727192925
67,16,32,3,IFI27,0.1331073538101645
67,16,32,4,LILRA3,0.13296452414843551
67,16,32,5,THBS1,0.13027032423905655
67,16,32,6,HLA-A29.1,0.12708424157434092
67,16,32,7,LOC644936,0.12178846860365852
67,16,32,8,TPSAB1,0.11917720807504503
67,16,32,9,TPSB2,0.11495531512406551
67,16,32,10,GAPDHL6,0.11278598031301153
67,16,32,11,GTSF1,0.11003719240546733
67,16,32,12,LOC654055,0.10897464933147107
67,16,32,13,IL1B,0.10561585769288194
67,16,32,14,LOC100132394,0.103860369036223
67,16,32,15,MIR1974,0.10338781217405169
67,16,32,16,PI3,0.1021692490939361
67,16,32,17,RAP1GAP,0.10005969767150356
67,16,32,18,CDC20,0.09877138518590951
67,16,32,19,KLHL15,0.09836773413953163
67,16,32,20,HLA-DRB5,0.09729395553474034
67,16,32,21,MX1,0.0948003676726673
67,16,32,22,HLA-DRB1,0.0947511667773303
67,16,32,23,VWF,0.09117048454120355
67,16,32,24,SLC4A1,0.09029521871065324
67,16,32,25,LOC100008588,0.08778220791059187
67,16,32,26,LOC727908,0.08755709802687948
67,16,32,27,VCAN,0.0873885456237655
67,16,32,28,CXCL2,0.08655090590031651
67,16,32,29,SELENBP1,0.08635682019561042
67,16,32,30,EPB42,0.08618586636031558
67,16,32,31,PCOLCE2,0.08461612457547087
67,16,32,32,OSBP2,0.08446205417497944
68,4,8,1,VWF,0.04913782741946116
68,4,8,2,MPL,0.04278774947196944
68,4,8,3,RBPMS2,0.03921033398877741
68,4,8,4,ESAM,0.036709202005395854
68,4,8,5,LTF,0.03524773279308323
68,4,8,6,SERPINE2,0.034214762960698565
68,4,8,7,ITGA2B,0.03249815804069939
68,4,8,8,HIST1H4E,0.03170298327086094
68,4,16,1,VWF,0.04913782741946116
68,4,16,2,MPL,0.04278774947196944
68,4,16,3,RBPMS2,0.03921033398877741
68,4,16,4,ESAM,0.036709202005395854
68,4,16,5,LTF,0.03524773279308323
68,4,16,6,SERPINE2,0.034214762960698565
68,4,16,7,ITGA2B,0.03249815804069939
68,4,16,8,HIST1H4E,0.03170298327086094
68,4,16,9,LOC653610,0.031556347482913076
68,4,16,10,CLEC1B,0.030947613132414214
68,4,16,11,ADM,0.030198003310694443
68,4,16,12,G0S2,0.029816061346561784
68,4,16,13,HIST1H2AM,0.028997563606403497
68,4,16,14,TREM1,0.028445427849634494
68,4,16,15,GP9,0.028104154784624146
68,4,16,16,PROS1,0.02792888344516605
68,4,32,1,VWF,0.04913782741946116
68,4,32,2,MPL,0.04278774947196944
68,4,32,3,RBPMS2,0.03921033398877741
68,4,32,4,ESAM,0.036709202005395854
68,4,32,5,LTF,0.03524773279308323
68,4,32,6,SERPINE2,0.034214762960698565
68,4,32,7,ITGA2B,0.03249815804069939
68,4,32,8,HIST1H4E,0.03170298327086094
68,4,32,9,LOC653610,0.031556347482913076
68,4,32,10,CLEC1B,0.030947613132414214
68,4,32,11,ADM,0.030198003310694443
68,4,32,12,G0S2,0.029816061346561784
68,4,32,13,HIST1H2AM,0.028997563606403497
68,4,32,14,TREM1,0.028445427849634494
68,4,32,15,GP9,0.028104154784624146
68,4,32,16,PROS1,0.02792888344516605
68,4,32,17,HIST2H3A,0.027830627052150968
68,4,32,18,HOXA5,0.027802272796553305
68,4,32,19,TSPAN33,0.027514660301909376
68,4,32,20,HIST2H2BF,0.027082074266097378
68,4,32,21,PGLYRP1,0.02705712999060868
68,4,32,22,HIST2H3C,0.0269596181970104
68,4,32,23,BPI,0.02694720070169655
68,4,32,24,HIST1H1E,0.026037600531168985
68,4,32,25,HIST1H2BG,0.02565620653518944
68,4,32,26,HIST1H2AH,0.02565256509207056
68,4,32,27,MGC13057,0.025391033478280003
68,4,32,28,CD24,0.025038860349266896
68,4,32,29,CEACAM6,0.024989509559917855
68,4,32,30,LAMA5,0.024954780598493133
68,4,32,31,SLPI,0.02477341528523412
68,4,32,32,HIST1H1B,0.024650797858237317
68,8,8,1,LOC644936,0.11078979515109223
68,8,8,2,DEFB1,0.0799708356979233
68,8,8,3,KIAA0367,0.0650916438296319
68,8,8,4,HIST2H2BF,0.06123874392228857
68,8,8,5,TNFSF10,0.057663969026333604
68,8,8,6,CYorf15A,0.05563974276357505
68,8,8,7,TGFBI,0.05543248663402708
68,8,8,8,VWF,0.05500620278128366
68,8,16,1,LOC644936,0.11078979515109223
68,8,16,2,DEFB1,0.0799708356979233
68,8,16,3,KIAA0367,0.0650916438296319
68,8,16,4,HIST2H2BF,0.06123874392228857
68,8,16,5,TNFSF10,0.057663969026333604
68,8,16,6,CYorf15A,0.05563974276357505
68,8,16,7,TGFBI,0.05543248663402708
68,8,16,8,VWF,0.05500620278128366
68,8,16,9,IFIT1L,0.05397677537132487
68,8,16,10,SLC4A1,0.05384335825084875
68,8,16,11,ADM,0.05337227177876765
68,8,16,12,LAMA5,0.05248748620503999
68,8,16,13,OSM,0.052440367722131294
68,8,16,14,RPS4Y1,0.05223206539313457
68,8,16,15,KLHL15,0.05221761480267173
68,8,16,16,CYorf15B,0.05212497244823614
68,8,32,1,LOC644936,0.11078979515109223
68,8,32,2,DEFB1,0.0799708356979233
68,8,32,3,KIAA0367,0.0650916438296319
68,8,32,4,HIST2H2BF,0.06123874392228857
68,8,32,5,TNFSF10,0.057663969026333604
68,8,32,6,CYorf15A,0.05563974276357505
68,8,32,7,TGFBI,0.05543248663402708
68,8,32,8,VWF,0.05500620278128366
68,8,32,9,IFIT1L,0.05397677537132487
68,8,32,10,SLC4A1,0.05384335825084875
68,8,32,11,ADM,0.05337227177876765
68,8,32,12,LAMA5,0.05248748620503999
68,8,32,13,OSM,0.052440367722131294
68,8,32,14,RPS4Y1,0.05223206539313457
68,8,32,15,KLHL15,0.05221761480267173
68,8,32,16,CYorf15B,0.05212497244823614
68,8,32,17,EIF1AY,0.05164407184894265
68,8,32,18,RPS4Y2,0.051402642035907255
68,8,32,19,NEU4,0.05134649578818135
68,8,32,20,MAFB,0.05073171350148815
68,8,32,21,LOC100133662,0.050326814386967726
68,8,32,22,EPB42,0.05013243544813306
68,8,32,23,PRKY,0.050035075781126856
68,8,32,24,XIST,0.04907884117479819
68,8,32,25,EMP1,0.048210668627890564
68,8,32,26,VCAN,0.04808037369277394
68,8,32,27,HLA-DRB4,0.04773347198124356
68,8,32,28,MS4A2,0.047718769199576135
68,8,32,29,JARID1D,0.047066317327148395
68,8,32,30,GIMAP4,0.04676661571503309
68,8,32,31,RAP1GAP,0.04676572947559429
68,8,32,32,MX1,0.046584196137092956
68,16,8,1,DEFB1,0.18536119951310645
68,16,8,2,GTSF1,0.14986664287035453
68,16,8,3,LOC644936,0.138649623829607
68,16,8,4,GSTM1,0.12530780601058358
68,16,8,5,LOC727908,0.12383789403904573
68,16,8,6,KIAA0367,0.12340090817001051
68,16,8,7,HLA-A29.1,0.12170873822665693
68,16,8,8,LAMA5,0.12078252473002303
68,16,16,1,DEFB1,0.18536119951310645
68,16,16,2,GTSF1,0.14986664287035453
68,16,16,3,LOC644936,0.138649623829607
68,16,16,4,GSTM1,0.12530780601058358
68,16,16,5,LOC727908,0.12383789403904573
68,16,16,6,KIAA0367,0.12340090817001051
68,16,16,7,HLA-A29.1,0.12170873822665693
68,16,16,8,LAMA5,0.12078252473002303
68,16,16,9,LOC729645,0.11955840780336056
68,16,16,10,IFI27,0.11589258305659601
68,16,16,11,IL1B,0.11420786371967372
68,16,16,12,THBS1,0.11177190610074751
68,16,16,13,LOC654055,0.11116124680548611
68,16,16,14,LOC100132394,0.10826396084552474
68,16,16,15,OSM,0.10570994791251065
68,16,16,16,RAP1GAP,0.10205452913248379
68,16,32,1,DEFB1,0.18536119951310645
68,16,32,2,GTSF1,0.14986664287035453
68,16,32,3,LOC644936,0.138649623829607
68,16,32,4,GSTM1,0.12530780601058358
68,16,32,5,LOC727908,0.12383789403904573
68,16,32,6,KIAA0367,0.12340090817001051
68,16,32,7,HLA-A29.1,0.12170873822665693
68,16,32,8,LAMA5,0.12078252473002303
68,16,32,9,LOC729645,0.11955840780336056
68,16,32,10,IFI27,0.11589258305659601
68,16,32,11,IL1B,0.11420786371967372
68,16,32,12,THBS1,0.11177190610074751
68,16,32,13,LOC654055,0.11116124680548611
68,16,32,14,LOC100132394,0.10826396084552474
68,16,32,15,OSM,0.10570994791251065
68,16,32,16,RAP1GAP,0.10205452913248379
68,16,32,17,TPSAB1,0.10150983297868003
68,16,32,18,GAPDHL6,0.09836249581508653
68,16,32,19,RPS4Y2,0.09438935603600389
68,16,32,20,LGALS2,0.09391835904072675
68,16,32,21,TPSB2,0.09380375937429326
68,16,32,22,LOC731682,0.09359916255092511
68,16,32,23,PI3,0.0922577036803017
68,16,32,24,KLHL15,0.09166330143812136
68,16,32,25,TEX101,0.09157082163030592
68,16,32,26,FPR2,0.09069196202053117
68,16,32,27,IFIT1L,0.08962576898426416
68,16,32,28,SPTA1,0.0892806905161291
68,16,32,29,HOXA5,0.08838788692148677
68,16,32,30,VCAN,0.08616700805690845
68,16,32,31,RPS4Y1,0.08570331996325123
68,16,32,32,MX1,0.0853703610490215
69,4,8,1,VWF,0.04318060091147507
69,4,8,2,IL8RB,0.03777181654150887
69,4,8,3,SERPINE2,0.036158625791980856
69,4,8,4,MPL,0.034046284598768135
69,4,8,5,IFIT2,0.031198283447326426
69,4,8,6,HBM,0.03020900580289435
69,4,8,7,FGL2,0.029960873762298536
69,4,8,8,HIST1H2AH,0.029539714677521454
69,4,16,1,VWF,0.04318060091147507
69,4,16,2,IL8RB,0.03777181654150887
69,4,16,3,SERPINE2,0.036158625791980856
69,4,16,4,MPL,0.034046284598768135
69,4,16,5,IFIT2,0.031198283447326426
69,4,16,6,HBM,0.03020900580289435
69,4,16,7,FGL2,0.029960873762298536
69,4,16,8,HIST1H2AH,0.029539714677521454
69,4,16,9,RBPMS2,0.028629612266580205
69,4,16,10,MS4A2,0.028549627882985328
69,4,16,11,HIST1H4E,0.027833648674171558
69,4,16,12,CFC1B,0.02779605060324086
69,4,16,13,CCL3L3,0.027778704940241487
69,4,16,14,LOC728835,0.027627679127206973
69,4,16,15,HIST1H2AM,0.027087762371612912
69,4,16,16,HIST1H1E,0.026902068193509994
69,4,32,1,VWF,0.04318060091147507
69,4,32,2,IL8RB,0.03777181654150887
69,4,32,3,SERPINE2,0.036158625791980856
69,4,32,4,MPL,0.034046284598768135
69,4,32,5,IFIT2,0.031198283447326426
69,4,32,6,HBM,0.03020900580289435
69,4,32,7,FGL2,0.029960873762298536
69,4,32,8,HIST1H2AH,0.029539714677521454
69,4,32,9,RBPMS2,0.028629612266580205
69,4,32,10,MS4A2,0.028549627882985328
69,4,32,11,HIST1H4E,0.027833648674171558
69,4,32,12,CFC1B,0.02779605060324086
69,4,32,13,CCL3L3,0.027778704940241487
69,4,32,14,LOC728835,0.027627679127206973
69,4,32,15,HIST1H2AM,0.027087762371612912
69,4,32,16,HIST1H1E,0.026902068193509994
69,4,32,17,DEFB1,0.026763520181892916
69,4,32,18,RGS1,0.026762843230492748
69,4,32,19,DEFA4,0.02666236450242761
69,4,32,20,GAPDHL6,0.026532701028443326
69,4,32,21,HIST1H1B,0.02625912773245734
69,4,32,22,PRG3,0.02553999579447719
69,4,32,23,PRTN3,0.025296997837062893
69,4,32,24,CCL3L1,0.025043825459063584
69,4,32,25,SPTA1,0.024956063833025864
69,4,32,26,EBI2,0.02470679882822177
69,4,32,27,CEACAM6,0.024657290366089428
69,4,32,28,HIST2H3A,0.024650165348471535
69,4,32,29,ESAM,0.024186941880409464
69,4,32,30,IFIT3,0.02417213564321924
69,4,32,31,CEACAM8,0.02368618387747252
69,4,32,32,HIST1H2BG,0.023561229208465206
69,8,8,1,KLHL15,0.07529072757630556
69,8,8,2,VWF,0.07065306478420348
69,8,8,3,CDC20,0.06430498784244658
69,8,8,4,DEFB1,0.0641612062563128
69,8,8,5,TNFRSF21,0.06310644065123149
69,8,8,6,XIST,0.06148485230874199
69,8,8,7,IL8RB,0.061153134420147595
69,8,8,8,GAPDHL6,0.05853667809792013
69,8,16,1,KLHL15,0.07529072757630556
69,8,16,2,VWF,0.07065306478420348
69,8,16,3,CDC20,0.06430498784244658
69,8,16,4,DEFB1,0.0641612062563128
69,8,16,5,TNFRSF21,0.06310644065123149
69,8,16,6,XIST,0.06148485230874199
69,8,16,7,IL8RB,0.061153134420147595
69,8,16,8,GAPDHL6,0.05853667809792013
69,8,16,9,PI3,0.0575223526350872
69,8,16,10,LOC644936,0.05509526165977932
69,8,16,11,NEU4,0.05378421795454368
69,8,16,12,RBPMS2,0.05341184643905902
69,8,16,13,CYorf15A,0.05271671185541443
69,8,16,14,RPS4Y1,0.052434317918666595
69,8,16,15,GJB6,0.051743069302445516
69,8,16,16,LOC100133662,0.05155024953951183
69,8,32,1,KLHL15,0.07529072757630556
69,8,32,2,VWF,0.07065306478420348
69,8,32,3,CDC20,0.06430498784244658
69,8,32,4,DEFB1,0.0641612062563128
69,8,32,5,TNFRSF21,0.06310644065123149
69,8,32,6,XIST,0.06148485230874199
69,8,32,7,IL8RB,0.061153134420147595
69,8,32,8,GAPDHL6,0.05853667809792013
69,8,32,9,PI3,0.0575223526350872
69,8,32,10,LOC644936,0.05509526165977932
69,8,32,11,NEU4,0.05378421795454368
69,8,32,12,RBPMS2,0.05341184643905902
69,8,32,13,CYorf15A,0.05271671185541443
69,8,32,14,RPS4Y1,0.052434317918666595
69,8,32,15,GJB6,0.051743069302445516
69,8,32,16,LOC100133662,0.05155024953951183
69,8,32,17,IFI27,0.05038248515891562
69,8,32,18,PRSSL1,0.04987893467130003
69,8,32,19,RNU5A,0.048891971253928856
69,8,32,20,G0S2,0.04866473566724027
69,8,32,21,PRKY,0.04860958516463838
69,8,32,22,MPL,0.048422765112059674
69,8,32,23,LOC642113,0.0481872397079047
69,8,32,24,IFIT2,0.048122706895740865
69,8,32,25,TGFBI,0.047791158182899536
69,8,32,26,GIMAP4,0.04747804821936697
69,8,32,27,ALPL,0.047430205263996814
69,8,32,28,EPB42,0.04742065266751132
69,8,32,29,PCOLCE2,0.04727435591417247
69,8,32,30,SERPINE2,0.04683768569578397
69,8,32,31,PHACTR1,0.04668026809011313
69,8,32,32,EIF1AY,0.04599461552584665
69,16,8,1,GAPDHL6,0.17082036220437938
69,16,8,2,DEFB1,0.16835761925510642
69,16,8,3,HLA-A29.1,0.15494668851238058
69,16,8,4,GTSF1,0.15296324410814996
69,16,8,5,LOC644936,0.1410637407338761
69,16,8,6,LOC100133875,0.1377940859329852
69,16,8,7,IFI27,0.1361104155394073
69,16,8,8,BAMBI,0.13574178717259802
69,16,16,1,GAPDHL6,0.17082036220437938
69,16,16,2,DEFB1,0.16835761925510642
69,16,16,3,HLA-A29.1,0.15494668851238058
69,16,16,4,GTSF1,0.15296324410814996
69,16,16,5,LOC644936,0.1410637407338761
69,16,16,6,LOC100133875,0.1377940859329852
69,16,16,7,IFI27,0.1361104155394073
69,16,16,8,BAMBI,0.13574178717259802
69,16,16,9,KIAA0367,0.12294378162981792
69,16,16,10,LOC729645,0.11728613169900166
69,16,16,11,LILRA3,0.11724470046999794
69,16,16,12,HBBP1,0.11421436043894889
69,16,16,13,KLHL15,0.11172818058228831
69,16,16,14,LOC100132394,0.11054766564160226
69,16,16,15,HOXA5,0.10724118515684794
69,16,16,16,RPS4Y2,0.10573647407378874
69,16,32,1,GAPDHL6,0.17082036220437938
69,16,32,2,DEFB1,0.16835761925510642
69,16,32,3,HLA-A29.1,0.15494668851238058
69,16,32,4,GTSF1,0.15296324410814996
69,16,32,5,LOC644936,0.1410637407338761
69,16,32,6,LOC100133875,0.1377940859329852
69,16,32,7,IFI27,0.1361104155394073
69,16,32,8,BAMBI,0.13574178717259802
69,16,32,9,KIAA0367,0.12294378162981792
69,16,32,10,LOC729645,0.11728613169900166
69,16,32,11,LILRA3,0.11724470046999794
69,16,32,12,HBBP1,0.11421436043894889
69,16,32,13,KLHL15,0.11172818058228831
69,16,32,14,LOC100132394,0.11054766564160226
69,16,32,15,HOXA5,0.10724118515684794
69,16,32,16,RPS4Y2,0.10573647407378874
69,16,32,17,GSTM1,0.0981627190155727
69,16,32,18,TEX101,0.09813371849841053
69,16,32,19,PRKY,0.09781424071864321
69,16,32,20,IL1B,0.09760116407931266
69,16,32,21,CYorf15A,0.09741835395469918
69,16,32,22,RPS4Y1,0.09736872569190042
69,16,32,23,LOC654055,0.0969963042281621
69,16,32,24,LOC100133662,0.09641484027503563
69,16,32,25,C1orf150,0.09609573322777931
69,16,32,26,LOC642113,0.09548600465187004
69,16,32,27,ABP1,0.09382452375606462
69,16,32,28,XIST,0.09372474905541421
69,16,32,29,LOC731682,0.09115408474893054
69,16,32,30,JARID1D,0.09001924300992488
69,16,32,31,CCL3,0.0892633658994041
69,16,32,32,SLC4A1,0.08925653224990741
70,4,8,1,TGFBI,0.038656477659261015
70,4,8,2,VWF,0.03848483563558853
70,4,8,3,MPL,0.03813681484198008
70,4,8,4,VCAN,0.03699602393338388
70,4,8,5,ESAM,0.036596873481935854
70,4,8,6,MAFB,0.035913434546546844
70,4,8,7,HIST1H4E,0.03492022088619108
70,4,8,8,TNFSF10,0.03480438204364303
70,4,16,1,TGFBI,0.038656477659261015
70,4,16,2,VWF,0.03848483563558853
70,4,16,3,MPL,0.03813681484198008
70,4,16,4,VCAN,0.03699602393338388
70,4,16,5,ESAM,0.036596873481935854
70,4,16,6,MAFB,0.035913434546546844
70,4,16,7,HIST1H4E,0.03492022088619108
70,4,16,8,TNFSF10,0.03480438204364303
70,4,16,9,CLEC1B,0.034272357332459806
70,4,16,10,PROS1,0.03399257765348329
70,4,16,11,HIST2H3A,0.03241088503546975
70,4,16,12,CSF1R,0.03211855680330686
70,4,16,13,RBPMS2,0.032097580418230125
70,4,16,14,HIST1H2AM,0.03118383559972143
70,4,16,15,HIST2H2BF,0.031077492122262306
70,4,16,16,HIST1H1B,0.030242729727003988
70,4,32,1,TGFBI,0.038656477659261015
70,4,32,2,VWF,0.03848483563558853
70,4,32,3,MPL,0.03813681484198008
70,4,32,4,VCAN,0.03699602393338388
70,4,32,5,ESAM,0.036596873481935854
70,4,32,6,MAFB,0.035913434546546844
70,4,32,7,HIST1H4E,0.03492022088619108
70,4,32,8,TNFSF10,0.03480438204364303
70,4,32,9,CLEC1B,0.034272357332459806
70,4,32,10,PROS1,0.03399257765348329
70,4,32,11,HIST2H3A,0.03241088503546975
70,4,32,12,CSF1R,0.03211855680330686
70,4,32,13,RBPMS2,0.032097580418230125
70,4,32,14,HIST1H2AM,0.03118383559972143
70,4,32,15,HIST2H2BF,0.031077492122262306
70,4,32,16,HIST1H1B,0.030242729727003988
70,4,32,17,FGL2,0.030213760169583083
70,4,32,18,ITGA2B,0.030098954750208448
70,4,32,19,HIST1H1E,0.030053975163966525
70,4,32,20,SERPINE2,0.029670814592511266
70,4,32,21,IRF8,0.028998721176688076
70,4,32,22,SPRYD5,0.028556834918676253
70,4,32,23,RNU1F1,0.028164944223255755
70,4,32,24,SNORD3C,0.027857656979830246
70,4,32,25,RNU1A3,0.027693235795606355
70,4,32,26,MS4A2,0.027686331561597916
70,4,32,27,LY86,0.027454349078020048
70,4,32,28,HIST1H2BG,0.02740414208828854
70,4,32,29,ITGB3,0.027309250958578474
70,4,32,30,C1orf186,0.02688580603716597
70,4,32,31,TSPAN33,0.02675170331783082
70,4,32,32,HOXA5,0.026707228606790256
70,8,8,1,NEU4,0.07002949943914662
70,8,8,2,MAFB,0.0532204369849741
70,8,8,3,RAP1GAP,0.05232285440594432
70,8,8,4,BEX1,0.051494524926169793
70,8,8,5,TGFBI,0.05138247322135673
70,8,8,6,ASGR1,0.051207076125905346
70,8,8,7,GYPB,0.0505540214802507
70,8,8,8,TMCC2,0.05047347237271282
70,8,16,1,NEU4,0.07002949943914662
70,8,16,2,MAFB,0.0532204369849741
70,8,16,3,RAP1GAP,0.05232285440594432
70,8,16,4,BEX1,0.051494524926169793
70,8,16,5,TGFBI,0.05138247322135673
70,8,16,6,ASGR1,0.051207076125905346
70,8,16,7,GYPB,0.0505540214802507
70,8,16,8,TMCC2,0.05047347237271282
70,8,16,9,SELENBP1,0.049805281646959736
70,8,16,10,SPTA1,0.04926191019199374
70,8,16,11,VCAN,0.04912429556395304
70,8,16,12,THBS1,0.049094077331921046
70,8,16,13,OSM,0.048923989923450366
70,8,16,14,LGALS2,0.048362273839436
70,8,16,15,SLC4A1,0.0482374495778363
70,8,16,16,IFIT1L,0.04805848108295845
70,8,32,1,NEU4,0.07002949943914662
70,8,32,2,MAFB,0.0532204369849741
70,8,32,3,RAP1GAP,0.05232285440594432
70,8,32,4,BEX1,0.051494524926169793
70,8,32,5,TGFBI,0.05138247322135673
70,8,32,6,ASGR1,0.051207076125905346
70,8,32,7,GYPB,0.0505540214802507
70,8,32,8,TMCC2,0.05047347237271282
70,8,32,9,SELENBP1,0.049805281646959736
70,8,32,10,SPTA1,0.04926191019199374
70,8,32,11,VCAN,0.04912429556395304
70,8,32,12,THBS1,0.049094077331921046
70,8,32,13,OSM,0.048923989923450366
70,8,32,14,LGALS2,0.048362273839436
70,8,32,15,SLC4A1,0.0482374495778363
70,8,32,16,IFIT1L,0.04805848108295845
70,8,32,17,KLHL15,0.047855117590084054
70,8,32,18,EPB42,0.04671366686943473
70,8,32,19,KIAA0367,0.04607293043418668
70,8,32,20,PI3,0.04586354314372758
70,8,32,21,CA1,0.04526666299993864
70,8,32,22,EMP1,0.045206673433886894
70,8,32,23,CLEC11A,0.04507344276833586
70,8,32,24,SERPINE2,0.044972618789953185
70,8,32,25,IL8RB,0.04490331730911708
70,8,32,26,G0S2,0.04485720660487676
70,8,32,27,PRSSL1,0.04458654798178809
70,8,32,28,PRTN3,0.044548901051202405
70,8,32,29,C1orf186,0.04450551368861799
70,8,32,30,XK,0.044335079766566705
70,8,32,31,MPL,0.04404246683119725
70,8,32,32,HBQ1,0.0430823615848704
70,16,8,1,LOC100133875,0.16038145430376205
70,16,8,2,TPSAB1,0.14012027628489593
70,16,8,3,BAMBI,0.1332285650275458
70,16,8,4,GAPDHL6,0.12444949771812608
70,16,8,5,LOC644936,0.12138814162570537
70,16,8,6,ABP1,0.12087888781737256
70,16,8,7,LOC729645,0.12014768808545989
70,16,8,8,TPSB2,0.11952134196138274
70,16,16,1,LOC100133875,0.16038145430376205
70,16,16,2,TPSAB1,0.14012027628489593
70,16,16,3,BAMBI,0.1332285650275458
70,16,16,4,GAPDHL6,0.12444949771812608
70,16,16,5,LOC644936,0.12138814162570537
70,16,16,6,ABP1,0.12087888781737256
70,16,16,7,LOC729645,0.12014768808545989
70,16,16,8,TPSB2,0.11952134196138274
70,16,16,9,DEFB1,0.11502760873285818
70,16,16,10,IFI27,0.11408460759829303
70,16,16,11,LOC727908,0.11195497828767421
70,16,16,12,LGALS2,0.1102148960774798
70,16,16,13,LOC100132394,0.1026547166585188
70,16,16,14,CLEC11A,0.1026471509499806
70,16,16,15,CDC20,0.10060706829250943
70,16,16,16,KLHL15,0.09972252344487217
70,16,32,1,LOC100133875,0.16038145430376205
70,16,32,2,TPSAB1,0.14012027628489593
70,16,32,3,BAMBI,0.1332285650275458
70,16,32,4,GAPDHL6,0.12444949771812608
70,16,32,5,LOC644936,0.12138814162570537
70,16,32,6,ABP1,0.12087888781737256
70,16,32,7,LOC729645,0.12014768808545989
70,16,32,8,TPSB2,0.11952134196138274
70,16,32,9,DEFB1,0.11502760873285818
70,16,32,10,IFI27,0.11408460759829303
70,16,32,11,LOC727908,0.11195497828767421
70,16,32,12,LGALS2,0.1102148960774798
70,16,32,13,LOC100132394,0.1026547166585188
70,16,32,14,CLEC11A,0.1026471509499806
70,16,32,15,CDC20,0.10060706829250943
70,16,32,16,KLHL15,0.09972252344487217
70,16,32,17,OSM,0.09852886318646538
70,16,32,18,SPRYD5,0.09771762492405098
70,16,32,19,GSTM1,0.09370496288684962
70,16,32,20,C1orf150,0.09233739789545958
70,16,32,21,LOC654055,0.08970430434226116
70,16,32,22,THBS1,0.08825770590158705
70,16,32,23,IL1B,0.0881599535783932
70,16,32,24,HES4,0.0868902713338549
70,16,32,25,LOC642113,0.08666286048668567
70,16,32,26,C1orf186,0.08429689502079225
70,16,32,27,FPR2,0.08309246346118547
70,16,32,28,NEU4,0.08270061061756175
70,16,32,29,HOXA5,0.08215440649942876
70,16,32,30,VCAN,0.08135217315640755
70,16,32,31,TMEM140,0.08120065113719728
70,16,32,32,RPS4Y2,0.08117815676949461
71,4,8,1,TNFSF10,0.04114640560892736
71,4,8,2,VWF,0.03947267302499692
71,4,8,3,MAFB,0.03780614486051244
71,4,8,4,ESAM,0.037530020828768884
71,4,8,5,CLEC1B,0.03708359675689905
71,4,8,6,MPL,0.03608424860122012
71,4,8,7,RBPMS2,0.034871486554165734
71,4,8,8,ITGB3,0.033308777838628914
71,4,16,1,TNFSF10,0.04114640560892736
71,4,16,2,VWF,0.03947267302499692
71,4,16,3,MAFB,0.03780614486051244
71,4,16,4,ESAM,0.037530020828768884
71,4,16,5,CLEC1B,0.03708359675689905
71,4,16,6,MPL,0.03608424860122012
71,4,16,7,RBPMS2,0.034871486554165734
71,4,16,8,ITGB3,0.033308777838628914
71,4,16,9,PROS1,0.032141429632944245
71,4,16,10,MS4A2,0.03155950620758552
71,4,16,11,HIST1H2BF,0.030887105393900185
71,4,16,12,ITGA2B,0.03077968631288852
71,4,16,13,GIMAP4,0.030367355648477236
71,4,16,14,C1orf186,0.029970578598061067
71,4,16,15,CSF1R,0.029769609354179556
71,4,16,16,GJB6,0.029645746580401398
71,4,32,1,TNFSF10,0.04114640560892736
71,4,32,2,VWF,0.03947267302499692
71,4,32,3,MAFB,0.03780614486051244
71,4,32,4,ESAM,0.037530020828768884
71,4,32,5,CLEC1B,0.03708359675689905
71,4,32,6,MPL,0.03608424860122012
71,4,32,7,RBPMS2,0.034871486554165734
71,4,32,8,ITGB3,0.033308777838628914
71,4,32,9,PROS1,0.032141429632944245
71,4,32,10,MS4A2,0.03155950620758552
71,4,32,11,HIST1H2BF,0.030887105393900185
71,4,32,12,ITGA2B,0.03077968631288852
71,4,32,13,GIMAP4,0.030367355648477236
71,4,32,14,C1orf186,0.029970578598061067
71,4,32,15,CSF1R,0.029769609354179556
71,4,32,16,GJB6,0.029645746580401398
71,4,32,17,PRAGMIN,0.02850563649077131
71,4,32,18,TSPAN33,0.02825185592698161
71,4,32,19,LAMA5,0.027975641536353065
71,4,32,20,FGL2,0.02776793641871573
71,4,32,21,TGFBI,0.027584983707773562
71,4,32,22,CLDN5,0.027547490918670193
71,4,32,23,NAT8B,0.02751667430598938
71,4,32,24,MGC13057,0.02722200173307481
71,4,32,25,GP9,0.026852359593220982
71,4,32,26,HIST1H4E,0.026378037295001395
71,4,32,27,TPSAB1,0.026153661896421605
71,4,32,28,CEBPE,0.025961164167915107
71,4,32,29,VCAN,0.02592216226531249
71,4,32,30,ABCA13,0.02574823831467466
71,4,32,31,LOC100133583,0.02567374712152138
71,4,32,32,ACRBP,0.02564134393642284
71,8,8,1,KIAA0367,0.07840776900234038
71,8,8,2,SELENBP1,0.06664518478105452
71,8,8,3,TNFRSF21,0.06445684533210908
71,8,8,4,HBBP1,0.05997459949673806
71,8,8,5,SLC4A1,0.059727341649044564
71,8,8,6,LGALS2,0.05864478327358256
71,8,8,7,TMCC2,0.05827371556044872
71,8,8,8,GYPB,0.05655065075989919
71,8,16,1,KIAA0367,0.07840776900234038
71,8,16,2,SELENBP1,0.06664518478105452
71,8,16,3,TNFRSF21,0.06445684533210908
71,8,16,4,HBBP1,0.05997459949673806
71,8,16,5,SLC4A1,0.059727341649044564
71,8,16,6,LGALS2,0.05864478327358256
71,8,16,7,TMCC2,0.05827371556044872
71,8,16,8,GYPB,0.05655065075989919
71,8,16,9,HBM,0.05516434042638988
71,8,16,10,LAMA5,0.05475917935247361
71,8,16,11,AHSP,0.054199515162683565
71,8,16,12,IFIT1L,0.05413662892082325
71,8,16,13,CA1,0.05367768162483918
71,8,16,14,EPB42,0.053672133387035074
71,8,16,15,OSBP2,0.052960437864591106
71,8,16,16,TNFSF10,0.05202726645163193
71,8,32,1,KIAA0367,0.07840776900234038
71,8,32,2,SELENBP1,0.06664518478105452
71,8,32,3,TNFRSF21,0.06445684533210908
71,8,32,4,HBBP1,0.05997459949673806
71,8,32,5,SLC4A1,0.059727341649044564
71,8,32,6,LGALS2,0.05864478327358256
71,8,32,7,TMCC2,0.05827371556044872
71,8,32,8,GYPB,0.05655065075989919
71,8,32,9,HBM,0.05516434042638988
71,8,32,10,LAMA5,0.05475917935247361
71,8,32,11,AHSP,0.054199515162683565
71,8,32,12,IFIT1L,0.05413662892082325
71,8,32,13,CA1,0.05367768162483918
71,8,32,14,EPB42,0.053672133387035074
71,8,32,15,OSBP2,0.052960437864591106
71,8,32,16,TNFSF10,0.05202726645163193
71,8,32,17,IFI27,0.05035341224924407
71,8,32,18,PRSSL1,0.04998195395560238
71,8,32,19,MAFB,0.04818962506006935
71,8,32,20,DEFB1,0.046536964313074185
71,8,32,21,GJB6,0.04587343417233704
71,8,32,22,TACSTD2,0.045796624618633895
71,8,32,23,G0S2,0.045717873438568826
71,8,32,24,CLEC11A,0.045287742125946114
71,8,32,25,BEX1,0.04483371097211102
71,8,32,26,IL8RB,0.04463934108514869
71,8,32,27,KLHL15,0.044496222077295026
71,8,32,28,RHAG,0.04445567425371105
71,8,32,29,VCAN,0.04440877466947101
71,8,32,30,NEU4,0.04392067549089101
71,8,32,31,LTF,0.043915868458929454
71,8,32,32,LOC653610,0.04390465858198527
71,16,8,1,DEFB1,0.1646879572462004
71,16,8,2,GAPDHL6,0.14872396873909438
71,16,8,3,GTSF1,0.1401813866793506
71,16,8,4,BAMBI,0.13867131085813836
71,16,8,5,KIAA0367,0.13083308627091855
71,16,8,6,HLA-A29.1,0.12809451798049373
71,16,8,7,LOC100133875,0.11964484710147369
71,16,8,8,GSTM1,0.11779094764915139
71,16,16,1,DEFB1,0.1646879572462004
71,16,16,2,GAPDHL6,0.14872396873909438
71,16,16,3,GTSF1,0.1401813866793506
71,16,16,4,BAMBI,0.13867131085813836
71,16,16,5,KIAA0367,0.13083308627091855
71,16,16,6,HLA-A29.1,0.12809451798049373
71,16,16,7,LOC100133875,0.11964484710147369
71,16,16,8,GSTM1,0.11779094764915139
71,16,16,9,LGALS2,0.10966538743909363
71,16,16,10,LOC727908,0.1094628712177907
71,16,16,11,ABP1,0.10902013031021832
71,16,16,12,LOC644936,0.10826407439508456
71,16,16,13,LOC731682,0.10373690702133634
71,16,16,14,LILRA3,0.10362063951419796
71,16,16,15,HBBP1,0.10355745315597718
71,16,16,16,LAMA5,0.10349005767561978
71,16,32,1,DEFB1,0.1646879572462004
71,16,32,2,GAPDHL6,0.14872396873909438
71,16,32,3,GTSF1,0.1401813866793506
71,16,32,4,BAMBI,0.13867131085813836
71,16,32,5,KIAA0367,0.13083308627091855
71,16,32,6,HLA-A29.1,0.12809451798049373
71,16,32,7,LOC100133875,0.11964484710147369
71,16,32,8,GSTM1,0.11779094764915139
71,16,32,9,LGALS2,0.10966538743909363
71,16,32,10,LOC727908,0.1094628712177907
71,16,32,11,ABP1,0.10902013031021832
71,16,32,12,LOC644936,0.10826407439508456
71,16,32,13,LOC731682,0.10373690702133634
71,16,32,14,LILRA3,0.10362063951419796
71,16,32,15,HBBP1,0.10355745315597718
71,16,32,16,LAMA5,0.10349005767561978
71,16,32,17,TEX101,0.09981299383131619
71,16,32,18,LOC100132394,0.0967244480276624
71,16,32,19,LOC654055,0.09190421786421576
71,16,32,20,IL1B,0.09188056927082493
71,16,32,21,CLEC11A,0.09146320072226391
71,16,32,22,THBS1,0.08932684793020393
71,16,32,23,VCAN,0.08594592097708767
71,16,32,24,FPR2,0.08523558191646811
71,16,32,25,EPAS1,0.08462005164832875
71,16,32,26,CDC20,0.08339500843441802
71,16,32,27,BEX1,0.0825076449159726
71,16,32,28,TNFRSF21,0.08249009619856112
71,16,32,29,LOC729645,0.08233289271412617
71,16,32,30,SPTA1,0.0819943121076815
71,16,32,31,C1orf150,0.08198003519288495
71,16,32,32,RPS4Y2,0.08029252640140074
72,4,8,1,VWF,0.05269686088792272
72,4,8,2,MX1,0.04419820802123543
72,4,8,3,MPL,0.044027313275209624
72,4,8,4,ESAM,0.04302511704052547
72,4,8,5,RBPMS2,0.042017749382453354
72,4,8,6,FGL2,0.04009658749219188
72,4,8,7,SERPINE2,0.03989441638997012
72,4,8,8,TNFSF10,0.039025164418108715
72,4,16,1,VWF,0.05269686088792272
72,4,16,2,MX1,0.04419820802123543
72,4,16,3,MPL,0.044027313275209624
72,4,16,4,ESAM,0.04302511704052547
72,4,16,5,RBPMS2,0.042017749382453354
72,4,16,6,FGL2,0.04009658749219188
72,4,16,7,SERPINE2,0.03989441638997012
72,4,16,8,TNFSF10,0.039025164418108715
72,4,16,9,ITGA2B,0.037462637002042554
72,4,16,10,MS4A2,0.03692613178721681
72,4,16,11,MAFB,0.03439436574620173
72,4,16,12,CLEC1B,0.03435347660558943
72,4,16,13,PROS1,0.03406568928735558
72,4,16,14,IL8RB,0.032142707358525036
72,4,16,15,TSPAN33,0.031946214223461444
72,4,16,16,IFIT3,0.031797125236456635
72,4,32,1,VWF,0.05269686088792272
72,4,32,2,MX1,0.04419820802123543
72,4,32,3,MPL,0.044027313275209624
72,4,32,4,ESAM,0.04302511704052547
72,4,32,5,RBPMS2,0.042017749382453354
72,4,32,6,FGL2,0.04009658749219188
72,4,32,7,SERPINE2,0.03989441638997012
72,4,32,8,TNFSF10,0.039025164418108715
72,4,32,9,ITGA2B,0.037462637002042554
72,4,32,10,MS4A2,0.03692613178721681
72,4,32,11,MAFB,0.03439436574620173
72,4,32,12,CLEC1B,0.03435347660558943
72,4,32,13,PROS1,0.03406568928735558
72,4,32,14,IL8RB,0.032142707358525036
72,4,32,15,TSPAN33,0.031946214223461444
72,4,32,16,IFIT3,0.031797125236456635
72,4,32,17,HIST1H4E,0.02913543220050902
72,4,32,18,LAMA5,0.028596168611112017
72,4,32,19,ITGB3,0.027486931716740395
72,4,32,20,VCAN,0.02706332992164402
72,4,32,21,GP9,0.0270109649388074
72,4,32,22,GIMAP4,0.026730074741823685
72,4,32,23,SNORD3C,0.026525651531073193
72,4,32,24,CSF1R,0.026128465059787307
72,4,32,25,HIST2H3A,0.025923741051511972
72,4,32,26,DEFA4,0.02579177258989786
72,4,32,27,SLC45A3,0.025699185293795446
72,4,32,28,HIST1H2AM,0.024769294354724417
72,4,32,29,MGC13057,0.02447624285366267
72,4,32,30,RNU1A3,0.024347646452597592
72,4,32,31,SNORD3A,0.02425222017758353
72,4,32,32,HIST2H3C,0.024222892814307034
72,8,8,1,RAP1GAP,0.08070629581676511
72,8,8,2,LOC644936,0.07924673070961166
72,8,8,3,KLHL15,0.07027668669002438
72,8,8,4,EPB42,0.0679577836987121
72,8,8,5,SLC4A1,0.06752990193087689
72,8,8,6,MAFB,0.060816738678336264
72,8,8,7,IFIT1L,0.06013949774560641
72,8,8,8,VWF,0.060113803210061274
72,8,16,1,RAP1GAP,0.08070629581676511
72,8,16,2,LOC644936,0.07924673070961166
72,8,16,3,KLHL15,0.07027668669002438
72,8,16,4,EPB42,0.0679577836987121
72,8,16,5,SLC4A1,0.06752990193087689
72,8,16,6,MAFB,0.060816738678336264
72,8,16,7,IFIT1L,0.06013949774560641
72,8,16,8,VWF,0.060113803210061274
72,8,16,9,OSBP2,0.059966907987028174
72,8,16,10,PCOLCE2,0.05668124905548502
72,8,16,11,ADM,0.05649102188921353
72,8,16,12,DEFB1,0.05538957515604847
72,8,16,13,HBM,0.05534392895820641
72,8,16,14,GAPDHL6,0.05528372909664941
72,8,16,15,THBS1,0.05519194225603053
72,8,16,16,AHSP,0.054877698864722504
72,8,32,1,RAP1GAP,0.08070629581676511
72,8,32,2,LOC644936,0.07924673070961166
72,8,32,3,KLHL15,0.07027668669002438
72,8,32,4,EPB42,0.0679577836987121
72,8,32,5,SLC4A1,0.06752990193087689
72,8,32,6,MAFB,0.060816738678336264
72,8,32,7,IFIT1L,0.06013949774560641
72,8,32,8,VWF,0.060113803210061274
72,8,32,9,OSBP2,0.059966907987028174
72,8,32,10,PCOLCE2,0.05668124905548502
72,8,32,11,ADM,0.05649102188921353
72,8,32,12,DEFB1,0.05538957515604847
72,8,32,13,HBM,0.05534392895820641
72,8,32,14,GAPDHL6,0.05528372909664941
72,8,32,15,THBS1,0.05519194225603053
72,8,32,16,AHSP,0.054877698864722504
72,8,32,17,NEU4,0.05414330897209209
72,8,32,18,SERPINE2,0.05366043932302258
72,8,32,19,GYPB,0.05193098202319593
72,8,32,20,KIAA0367,0.05029672809544003
72,8,32,21,MPL,0.05028082555472384
72,8,32,22,TNFSF10,0.05014378607065565
72,8,32,23,CA1,0.04947401623785444
72,8,32,24,CD83,0.048395246998730594
72,8,32,25,XIST,0.04837601209077877
72,8,32,26,SPTA1,0.04820133217396149
72,8,32,27,SIK1,0.048028664142789494
72,8,32,28,EMP1,0.04758623656422305
72,8,32,29,HIST2H2BF,0.04752929618425021
72,8,32,30,G0S2,0.047110682913299964
72,8,32,31,PHACTR1,0.04625652226534618
72,8,32,32,ITGA2B,0.04609028556096189
72,16,8,1,DEFB1,0.17162055770212525
72,16,8,2,GTSF1,0.1555343000177944
72,16,8,3,GAPDHL6,0.1363305807617552
72,16,8,4,BAMBI,0.13471588809789323
72,16,8,5,KIAA0367,0.1346783473567702
72,16,8,6,LOC654055,0.12634837039984265
72,16,8,7,LOC729645,0.12548303102934344
72,16,8,8,GSTM1,0.12504154088058025
72,16,16,1,DEFB1,0.17162055770212525
72,16,16,2,GTSF1,0.1555343000177944
72,16,16,3,GAPDHL6,0.1363305807617552
72,16,16,4,BAMBI,0.13471588809789323
72,16,16,5,KIAA0367,0.1346783473567702
72,16,16,6,LOC654055,0.12634837039984265
72,16,16,7,LOC729645,0.12548303102934344
72,16,16,8,GSTM1,0.12504154088058025
72,16,16,9,HLA-A29.1,0.12261519498579501
72,16,16,10,LOC644936,0.12097348693144006
72,16,16,11,RAP1GAP,0.11371386922423488
72,16,16,12,C1orf150,0.1123006335602991
72,16,16,13,LOC100132394,0.1108345106902015
72,16,16,14,MX1,0.1092744127706501
72,16,16,15,KLHL15,0.10580043196859518
72,16,16,16,THBS1,0.10470423286293186
72,16,32,1,DEFB1,0.17162055770212525
72,16,32,2,GTSF1,0.1555343000177944
72,16,32,3,GAPDHL6,0.1363305807617552
72,16,32,4,BAMBI,0.13471588809789323
72,16,32,5,KIAA0367,0.1346783473567702
72,16,32,6,LOC654055,0.12634837039984265
72,16,32,7,LOC729645,0.12548303102934344
72,16,32,8,GSTM1,0.12504154088058025
72,16,32,9,HLA-A29.1,0.12261519498579501
72,16,32,10,LOC644936,0.12097348693144006
72,16,32,11,RAP1GAP,0.11371386922423488
72,16,32,12,C1orf150,0.1123006335602991
72,16,32,13,LOC100132394,0.1108345106902015
72,16,32,14,MX1,0.1092744127706501
72,16,32,15,KLHL15,0.10580043196859518
72,16,32,16,THBS1,0.10470423286293186
72,16,32,17,HES4,0.10416369165086961
72,16,32,18,RPS4Y2,0.10276396809485706
72,16,32,19,IFIT3,0.10188919657045564
72,16,32,20,OSBP2,0.09607097414920773
72,16,32,21,HBBP1,0.09488308619475547
72,16,32,22,PI3,0.09476928137598274
72,16,32,23,SLC4A1,0.09454911247506
72,16,32,24,EPB42,0.0924662417564585
72,16,32,25,IFIT2,0.0922697663300689
72,16,32,26,FPR2,0.09119774806686357
72,16,32,27,LAMA5,0.09060195211348179
72,16,32,28,LOC100133662,0.09056948613785962
72,16,32,29,MIR1974,0.09047241065954542
72,16,32,30,RPS4Y1,0.08965408904853141
72,16,32,31,LOC731682,0.08896438763477511
72,16,32,32,HOXA5,0.08819413272504288
73,4,8,1,VWF,0.04990040268667831
73,4,8,2,MPL,0.04248015197991793
73,4,8,3,RBPMS2,0.04152667690251366
73,4,8,4,SERPINE2,0.038485216890708544
73,4,8,5,ESAM,0.038270114395036074
73,4,8,6,ITGA2B,0.034820807886691896
73,4,8,7,CLEC1B,0.03310144804421436
73,4,8,8,TSPAN33,0.03076657926900401
73,4,16,1,VWF,0.04990040268667831
73,4,16,2,MPL,0.04248015197991793
73,4,16,3,RBPMS2,0.04152667690251366
73,4,16,4,SERPINE2,0.038485216890708544
73,4,16,5,ESAM,0.038270114395036074
73,4,16,6,ITGA2B,0.034820807886691896
73,4,16,7,CLEC1B,0.03310144804421436
73,4,16,8,TSPAN33,0.03076657926900401
73,4,16,9,DEFA4,0.03017759308025537
73,4,16,10,LTF,0.03017124421484902
73,4,16,11,GP9,0.030031364534783996
73,4,16,12,IL8RB,0.029688287578598316
73,4,16,13,PROS1,0.0293926820884323
73,4,16,14,HIST1H4E,0.029213030466719463
73,4,16,15,TCN1,0.02857454207564501
73,4,16,16,CEACAM8,0.027958551787817636
73,4,32,1,VWF,0.04990040268667831
73,4,32,2,MPL,0.04248015197991793
73,4,32,3,RBPMS2,0.04152667690251366
73,4,32,4,SERPINE2,0.038485216890708544
73,4,32,5,ESAM,0.038270114395036074
73,4,32,6,ITGA2B,0.034820807886691896
73,4,32,7,CLEC1B,0.03310144804421436
73,4,32,8,TSPAN33,0.03076657926900401
73,4,32,9,DEFA4,0.03017759308025537
73,4,32,10,LTF,0.03017124421484902
73,4,32,11,GP9,0.030031364534783996
73,4,32,12,IL8RB,0.029688287578598316
73,4,32,13,PROS1,0.0293926820884323
73,4,32,14,HIST1H4E,0.029213030466719463
73,4,32,15,TCN1,0.02857454207564501
73,4,32,16,CEACAM8,0.027958551787817636
73,4,32,17,MAFB,0.02784048079248349
73,4,32,18,IFIT2,0.026956557169304333
73,4,32,19,ITGB3,0.02657528293991252
73,4,32,20,HIST2H3A,0.02644912020442209
73,4,32,21,MX1,0.025748914935085188
73,4,32,22,HOXA5,0.02541376767773208
73,4,32,23,LAMA5,0.025200114490501607
73,4,32,24,HIST1H1E,0.024984739591035393
73,4,32,25,HIST1H2AH,0.024626070070483532
73,4,32,26,F13A1,0.024413528442347017
73,4,32,27,BPI,0.024349565018098516
73,4,32,28,CEACAM6,0.024007592729478784
73,4,32,29,HIST2H2BF,0.023958312500666948
73,4,32,30,THBS1,0.023786902730480394
73,4,32,31,IFIT3,0.023768257580122486
73,4,32,32,PPBP,0.023676769008730565
73,8,8,1,OSM,0.08104553936117326
73,8,8,2,DEFB1,0.07469814156988919
73,8,8,3,RAP1GAP,0.0688808992562059
73,8,8,4,LOC644936,0.0683004360625089
73,8,8,5,KLHL15,0.06476165779404292
73,8,8,6,HIST2H2BF,0.06432003664374014
73,8,8,7,PCOLCE2,0.06424674049151423
73,8,8,8,EPB42,0.06344995516795604
73,8,16,1,OSM,0.08104553936117326
73,8,16,2,DEFB1,0.07469814156988919
73,8,16,3,RAP1GAP,0.0688808992562059
73,8,16,4,LOC644936,0.0683004360625089
73,8,16,5,KLHL15,0.06476165779404292
73,8,16,6,HIST2H2BF,0.06432003664374014
73,8,16,7,PCOLCE2,0.06424674049151423
73,8,16,8,EPB42,0.06344995516795604
73,8,16,9,SPTA1,0.06261841090644346
73,8,16,10,NEU4,0.06184901794084292
73,8,16,11,GYPB,0.06184503019984268
73,8,16,12,IFIT1L,0.06142077614892449
73,8,16,13,HBM,0.0584068055852703
73,8,16,14,SLC4A1,0.05811852553398152
73,8,16,15,VWF,0.05648561997390968
73,8,16,16,AHSP,0.056442742609468924
73,8,32,1,OSM,0.08104553936117326
73,8,32,2,DEFB1,0.07469814156988919
73,8,32,3,RAP1GAP,0.0688808992562059
73,8,32,4,LOC644936,0.0683004360625089
73,8,32,5,KLHL15,0.06476165779404292
73,8,32,6,HIST2H2BF,0.06432003664374014
73,8,32,7,PCOLCE2,0.06424674049151423
73,8,32,8,EPB42,0.06344995516795604
73,8,32,9,SPTA1,0.06261841090644346
73,8,32,10,NEU4,0.06184901794084292
73,8,32,11,GYPB,0.06184503019984268
73,8,32,12,IFIT1L,0.06142077614892449
73,8,32,13,HBM,0.0584068055852703
73,8,32,14,SLC4A1,0.05811852553398152
73,8,32,15,VWF,0.05648561997390968
73,8,32,16,AHSP,0.056442742609468924
73,8,32,17,CA1,0.056272301686860766
73,8,32,18,LAMA5,0.05622615186999592
73,8,32,19,IL8RB,0.0530999804313277
73,8,32,20,SIK1,0.052224033483105115
73,8,32,21,IFI27,0.05175389364154338
73,8,32,22,ADM,0.051399218712252705
73,8,32,23,OSBP2,0.05118709818403285
73,8,32,24,TGFBI,0.05103386362395029
73,8,32,25,RHAG,0.05068385754006108
73,8,32,26,MAFB,0.05049049022173791
73,8,32,27,GJB6,0.050100463592723896
73,8,32,28,IFIT2,0.04988253196659556
73,8,32,29,PI3,0.048563452089327386
73,8,32,30,G0S2,0.04600523189429635
73,8,32,31,RBPMS2,0.045649536201434755
73,8,32,32,MPL,0.04529600901425207
73,16,8,1,DEFB1,0.15267984351701683
73,16,8,2,LOC100133875,0.14834848074898938
73,16,8,3,LOC644936,0.14500171433649103
73,16,8,4,KIAA0367,0.14194618862525718
73,16,8,5,IFI27,0.13553422671578355
73,16,8,6,BAMBI,0.13253864491663775
73,16,8,7,LILRA3,0.12300267620473378
73,16,8,8,LGALS2,0.12254619885539013
73,16,16,1,DEFB1,0.15267984351701683
73,16,16,2,LOC100133875,0.14834848074898938
73,16,16,3,LOC644936,0.14500171433649103
73,16,16,4,KIAA0367,0.14194618862525718
73,16,16,5,IFI27,0.13553422671578355
73,16,16,6,BAMBI,0.13253864491663775
73,16,16,7,LILRA3,0.12300267620473378
73,16,16,8,LGALS2,0.12254619885539013
73,16,16,9,LOC654055,0.12146511103468852
73,16,16,10,GTSF1,0.11970615918043671
73,16,16,11,GAPDHL6,0.11762827695894146
73,16,16,12,HLA-A29.1,0.11716831341696009
73,16,16,13,OSM,0.11501710299923582
73,16,16,14,LAMA5,0.10862134824135923
73,16,16,15,KLHL15,0.10570730440308139
73,16,16,16,RAP1GAP,0.10551932168811995
73,16,32,1,DEFB1,0.15267984351701683
73,16,32,2,LOC100133875,0.14834848074898938
73,16,32,3,LOC644936,0.14500171433649103
73,16,32,4,KIAA0367,0.14194618862525718
73,16,32,5,IFI27,0.13553422671578355
73,16,32,6,BAMBI,0.13253864491663775
73,16,32,7,LILRA3,0.12300267620473378
73,16,32,8,LGALS2,0.12254619885539013
73,16,32,9,LOC654055,0.12146511103468852
73,16,32,10,GTSF1,0.11970615918043671
73,16,32,11,GAPDHL6,0.11762827695894146
73,16,32,12,HLA-A29.1,0.11716831341696009
73,16,32,13,OSM,0.11501710299923582
73,16,32,14,LAMA5,0.10862134824135923
73,16,32,15,KLHL15,0.10570730440308139
73,16,32,16,RAP1GAP,0.10551932168811995
73,16,32,17,IL1B,0.10250506622901452
73,16,32,18,HOXA5,0.10236209898987113
73,16,32,19,RPS4Y2,0.0993381247702136
73,16,32,20,FOLR3,0.09311883902884431
73,16,32,21,NEU4,0.09299126533030218
73,16,32,22,TPSAB1,0.09154812012637945
73,16,32,23,IFIT2,0.09146949704603208
73,16,32,24,RPS4Y1,0.09066685326245251
73,16,32,25,XIST,0.09031447420210534
73,16,32,26,LOC100132394,0.09031000253845747
73,16,32,27,CYorf15B,0.0899650900628464
73,16,32,28,CDC20,0.08971738258543434
73,16,32,29,LOC727908,0.08964664042396966
73,16,32,30,LOC100133662,0.08916272938040919
73,16,32,31,PCOLCE2,0.08815018480348706
73,16,32,32,CYorf15A,0.0880408583096602
74,4,8,1,VCAN,0.0582217064637884
74,4,8,2,VWF,0.05093760020295444
74,4,8,3,RBPMS2,0.04451946528377695
74,4,8,4,MAFB,0.04413979744451898
74,4,8,5,TGFBI,0.043593471998629514
74,4,8,6,ESAM,0.04228121018221334
74,4,8,7,HIST1H1B,0.04129797538042024
74,4,8,8,GTSF1,0.04063760183803078
74,4,16,1,VCAN,0.0582217064637884
74,4,16,2,VWF,0.05093760020295444
74,4,16,3,RBPMS2,0.04451946528377695
74,4,16,4,MAFB,0.04413979744451898
74,4,16,5,TGFBI,0.043593471998629514
74,4,16,6,ESAM,0.04228121018221334
74,4,16,7,HIST1H1B,0.04129797538042024
74,4,16,8,GTSF1,0.04063760183803078
74,4,16,9,ITGA2B,0.037930859578301564
74,4,16,10,EOMES,0.03746556017588649
74,4,16,11,HIST1H1E,0.035915254419841114
74,4,16,12,SNORD3C,0.03582775701019207
74,4,16,13,HIST1H2AH,0.03574649649630175
74,4,16,14,HIST1H4E,0.035223463343639745
74,4,16,15,CLEC1B,0.034199158143698956
74,4,16,16,XIST,0.033386869014004575
74,4,32,1,VCAN,0.0582217064637884
74,4,32,2,VWF,0.05093760020295444
74,4,32,3,RBPMS2,0.04451946528377695
74,4,32,4,MAFB,0.04413979744451898
74,4,32,5,TGFBI,0.043593471998629514
74,4,32,6,ESAM,0.04228121018221334
74,4,32,7,HIST1H1B,0.04129797538042024
74,4,32,8,GTSF1,0.04063760183803078
74,4,32,9,ITGA2B,0.037930859578301564
74,4,32,10,EOMES,0.03746556017588649
74,4,32,11,HIST1H1E,0.035915254419841114
74,4,32,12,SNORD3C,0.03582775701019207
74,4,32,13,HIST1H2AH,0.03574649649630175
74,4,32,14,HIST1H4E,0.035223463343639745
74,4,32,15,CLEC1B,0.034199158143698956
74,4,32,16,XIST,0.033386869014004575
74,4,32,17,ITGB3,0.03184779249643479
74,4,32,18,GAPDHL6,0.03173192626701033
74,4,32,19,HIST1H2BG,0.031143813879817413
74,4,32,20,SNORD3A,0.030962900484867113
74,4,32,21,CLIC3,0.03070568538937485
74,4,32,22,HLA-A29.1,0.029199937220041782
74,4,32,23,LY86,0.02902091765031062
74,4,32,24,LGALS2,0.028611833796141767
74,4,32,25,KIAA0367,0.028363309017983153
74,4,32,26,HIST1H1D,0.02796893156952499
74,4,32,27,HOXA5,0.027888914080957856
74,4,32,28,HIST1H2AE,0.027851230072219128
74,4,32,29,TACSTD2,0.027539206277969745
74,4,32,30,RNU1A3,0.027391720752227205
74,4,32,31,IRF8,0.027291149686812042
74,4,32,32,TSPAN33,0.027107023233123605
74,8,8,1,VCAN,0.07412896081604806
74,8,8,2,LOC644936,0.07300391599567173
74,8,8,3,EPB42,0.07005881347325346
74,8,8,4,PI3,0.0693960044449189
74,8,8,5,SLC4A1,0.0675769749738362
74,8,8,6,HBM,0.0663567559745858
74,8,8,7,AHSP,0.06505669420893885
74,8,8,8,CA1,0.06433053918006547
74,8,16,1,VCAN,0.07412896081604806
74,8,16,2,LOC644936,0.07300391599567173
74,8,16,3,EPB42,0.07005881347325346
74,8,16,4,PI3,0.0693960044449189
74,8,16,5,SLC4A1,0.0675769749738362
74,8,16,6,HBM,0.0663567559745858
74,8,16,7,AHSP,0.06505669420893885
74,8,16,8,CA1,0.06433053918006547
74,8,16,9,SELENBP1,0.062628686780714
74,8,16,10,IFIT1L,0.058702988440010186
74,8,16,11,IL8RB,0.05824135729131837
74,8,16,12,OSBP2,0.058166501071695374
74,8,16,13,GJB6,0.057605579738726646
74,8,16,14,GYPB,0.057340939456131244
74,8,16,15,VWF,0.05650442790594938
74,8,16,16,KLHL15,0.05593954389986155
74,8,32,1,VCAN,0.07412896081604806
74,8,32,2,LOC644936,0.07300391599567173
74,8,32,3,EPB42,0.07005881347325346
74,8,32,4,PI3,0.0693960044449189
74,8,32,5,SLC4A1,0.0675769749738362
74,8,32,6,HBM,0.0663567559745858
74,8,32,7,AHSP,0.06505669420893885
74,8,32,8,CA1,0.06433053918006547
74,8,32,9,SELENBP1,0.062628686780714
74,8,32,10,IFIT1L,0.058702988440010186
74,8,32,11,IL8RB,0.05824135729131837
74,8,32,12,OSBP2,0.058166501071695374
74,8,32,13,GJB6,0.057605579738726646
74,8,32,14,GYPB,0.057340939456131244
74,8,32,15,VWF,0.05650442790594938
74,8,32,16,KLHL15,0.05593954389986155
74,8,32,17,RHAG,0.05464933153726355
74,8,32,18,RAP1GAP,0.054450983842778175
74,8,32,19,MAFB,0.05388358809747695
74,8,32,20,PHACTR1,0.053839548039800546
74,8,32,21,C15orf48,0.053523845930565354
74,8,32,22,BAMBI,0.053507543801307
74,8,32,23,IFI27,0.05292112088750188
74,8,32,24,CCL4L1,0.05269477867817034
74,8,32,25,SPTA1,0.052194127693063544
74,8,32,26,SNCA,0.051901892649658735
74,8,32,27,HIST2H2BF,0.051577137371911025
74,8,32,28,ADM,0.05131544896089661
74,8,32,29,HES4,0.05071146182276602
74,8,32,30,TGFBI,0.05068684073255783
74,8,32,31,ESAM,0.050084585251979986
74,8,32,32,TNFSF10,0.04967250828924371
74,16,8,1,DEFB1,0.16455953853887853
74,16,8,2,BAMBI,0.15583007647301367
74,16,8,3,LOC100133875,0.15095484977230542
74,16,8,4,LILRA3,0.1318022001088106
74,16,8,5,HLA-A29.1,0.12929903750241326
74,16,8,6,LOC644936,0.12854470306507837
74,16,8,7,LOC729645,0.12387618182055343
74,16,8,8,LOC100132394,0.11520157783552036
74,16,16,1,DEFB1,0.16455953853887853
74,16,16,2,BAMBI,0.15583007647301367
74,16,16,3,LOC100133875,0.15095484977230542
74,16,16,4,LILRA3,0.1318022001088106
74,16,16,5,HLA-A29.1,0.12929903750241326
74,16,16,6,LOC644936,0.12854470306507837
74,16,16,7,LOC729645,0.12387618182055343
74,16,16,8,LOC100132394,0.11520157783552036
74,16,16,9,LOC727908,0.1151309223070105
74,16,16,10,LOC654055,0.11502594550333489
74,16,16,11,THBS1,0.11483548165333408
74,16,16,12,LGALS2,0.11426714020531899
74,16,16,13,IFI27,0.11338000880019383
74,16,16,14,GTSF1,0.10728567819910874
74,16,16,15,GSTM1,0.10616077891842841
74,16,16,16,RAP1GAP,0.10296187564144584
74,16,32,1,DEFB1,0.16455953853887853
74,16,32,2,BAMBI,0.15583007647301367
74,16,32,3,LOC100133875,0.15095484977230542
74,16,32,4,LILRA3,0.1318022001088106
74,16,32,5,HLA-A29.1,0.12929903750241326
74,16,32,6,LOC644936,0.12854470306507837
74,16,32,7,LOC729645,0.12387618182055343
74,16,32,8,LOC100132394,0.11520157783552036
74,16,32,9,LOC727908,0.1151309223070105
74,16,32,10,LOC654055,0.11502594550333489
74,16,32,11,THBS1,0.11483548165333408
74,16,32,12,LGALS2,0.11426714020531899
74,16,32,13,IFI27,0.11338000880019383
74,16,32,14,GTSF1,0.10728567819910874
74,16,32,15,GSTM1,0.10616077891842841
74,16,32,16,RAP1GAP,0.10296187564144584
74,16,32,17,VCAN,0.1026273914059046
74,16,32,18,GAPDHL6,0.10253613209150293
74,16,32,19,ABP1,0.09946058385838288
74,16,32,20,HOXA5,0.09803469398595813
74,16,32,21,TPSAB1,0.09455844281053626
74,16,32,22,KLHL15,0.09317757110371348
74,16,32,23,LOC100008588,0.09180849117403832
74,16,32,24,PI3,0.08978453166360903
74,16,32,25,SOCS2,0.08877527186053681
74,16,32,26,XIST,0.08811498182410897
74,16,32,27,SPTA1,0.08544487795898874
74,16,32,28,HLA-DRB4,0.08524768772892874
74,16,32,29,HES4,0.08310423468718912
74,16,32,30,RPS4Y2,0.08302637475102308
74,16,32,31,KIAA0367,0.08215138986112124
74,16,32,32,SLC4A1,0.08210111922666165
75,4,8,1,TNFSF10,0.04035610214602772
75,4,8,2,DEFB1,0.03999620762907011
75,4,8,3,IL8RB,0.03789562056572639
75,4,8,4,MS4A2,0.03789162036428103
75,4,8,5,VWF,0.03601840299393253
75,4,8,6,SLC45A3,0.0340609262397969
75,4,8,7,PRG3,0.03315404458203746
75,4,8,8,GIMAP4,0.032813692274852674
75,4,16,1,TNFSF10,0.04035610214602772
75,4,16,2,DEFB1,0.03999620762907011
75,4,16,3,IL8RB,0.03789562056572639
75,4,16,4,MS4A2,0.03789162036428103
75,4,16,5,VWF,0.03601840299393253
75,4,16,6,SLC45A3,0.0340609262397969
75,4,16,7,PRG3,0.03315404458203746
75,4,16,8,GIMAP4,0.032813692274852674
75,4,16,9,FGL2,0.03250574901559131
75,4,16,10,SPRYD5,0.03248190707804239
75,4,16,11,HIST1H4E,0.03214312456782624
75,4,16,12,MX1,0.03078474427535647
75,4,16,13,HIST1H1E,0.030567313423266573
75,4,16,14,MPL,0.03040326958544801
75,4,16,15,HIST1H2AH,0.030287865554992698
75,4,16,16,HIST1H1B,0.029042666246550886
75,4,32,1,TNFSF10,0.04035610214602772
75,4,32,2,DEFB1,0.03999620762907011
75,4,32,3,IL8RB,0.03789562056572639
75,4,32,4,MS4A2,0.03789162036428103
75,4,32,5,VWF,0.03601840299393253
75,4,32,6,SLC45A3,0.0340609262397969
75,4,32,7,PRG3,0.03315404458203746
75,4,32,8,GIMAP4,0.032813692274852674
75,4,32,9,FGL2,0.03250574901559131
75,4,32,10,SPRYD5,0.03248190707804239
75,4,32,11,HIST1H4E,0.03214312456782624
75,4,32,12,MX1,0.03078474427535647
75,4,32,13,HIST1H1E,0.030567313423266573
75,4,32,14,MPL,0.03040326958544801
75,4,32,15,HIST1H2AH,0.030287865554992698
75,4,32,16,HIST1H1B,0.029042666246550886
75,4,32,17,C1orf186,0.028285415299621208
75,4,32,18,TSPAN33,0.026930304772348704
75,4,32,19,HIST1H1D,0.026787427960930893
75,4,32,20,HIST2H3A,0.026438751358385183
75,4,32,21,SERPINE2,0.02601908003098363
75,4,32,22,HBM,0.025941681707929726
75,4,32,23,RNU4-1,0.025910150992077156
75,4,32,24,GATA2,0.0259011601781422
75,4,32,25,RNU1F1,0.025586358875566942
75,4,32,26,CKAP2L,0.02539233554215469
75,4,32,27,GAPDHL6,0.025372172577885606
75,4,32,28,DEFA4,0.02488081491714197
75,4,32,29,ESAM,0.024627486120088887
75,4,32,30,HIST1H2BG,0.02452811408678766
75,4,32,31,RNU1A3,0.02421073159699795
75,4,32,32,EMP1,0.0241865235536383
75,8,8,1,DEFB1,0.08286965041024019
75,8,8,2,RPS4Y2,0.0757200947598293
75,8,8,3,LOC100133662,0.07473047371356258
75,8,8,4,XIST,0.07238254663577336
75,8,8,5,SLC4A1,0.07125095085801461
75,8,8,6,RPS4Y1,0.07062637707929159
75,8,8,7,SELENBP1,0.06972827215684763
75,8,8,8,EPB42,0.06968580930440525
75,8,16,1,DEFB1,0.08286965041024019
75,8,16,2,RPS4Y2,0.0757200947598293
75,8,16,3,LOC100133662,0.07473047371356258
75,8,16,4,XIST,0.07238254663577336
75,8,16,5,SLC4A1,0.07125095085801461
75,8,16,6,RPS4Y1,0.07062637707929159
75,8,16,7,SELENBP1,0.06972827215684763
75,8,16,8,EPB42,0.06968580930440525
75,8,16,9,EIF1AY,0.06837020316205084
75,8,16,10,CYorf15A,0.06610932557158827
75,8,16,11,IFIT1L,0.06537285401234821
75,8,16,12,PRKY,0.06340624684764243
75,8,16,13,VWF,0.06325938713188198
75,8,16,14,JARID1D,0.06261175145400473
75,8,16,15,TGFBI,0.061640084291017194
75,8,16,16,LY86,0.06106140514997806
75,8,32,1,DEFB1,0.08286965041024019
75,8,32,2,RPS4Y2,0.0757200947598293
75,8,32,3,LOC100133662,0.07473047371356258
75,8,32,4,XIST,0.07238254663577336
75,8,32,5,SLC4A1,0.07125095085801461
75,8,32,6,RPS4Y1,0.07062637707929159
75,8,32,7,SELENBP1,0.06972827215684763
75,8,32,8,EPB42,0.06968580930440525
75,8,32,9,EIF1AY,0.06837020316205084
75,8,32,10,CYorf15A,0.06610932557158827
75,8,32,11,IFIT1L,0.06537285401234821
75,8,32,12,PRKY,0.06340624684764243
75,8,32,13,VWF,0.06325938713188198
75,8,32,14,JARID1D,0.06261175145400473
75,8,32,15,TGFBI,0.061640084291017194
75,8,32,16,LY86,0.06106140514997806
75,8,32,17,HBM,0.060998324246617976
75,8,32,18,GYPB,0.06086445675262841
75,8,32,19,AHSP,0.06076271931170073
75,8,32,20,CA1,0.05804419558716536
75,8,32,21,IL8RB,0.054105973087900675
75,8,32,22,OSBP2,0.05398411572221498
75,8,32,23,MAFB,0.05385063536831014
75,8,32,24,LGALS2,0.05252848409761126
75,8,32,25,CDC20,0.051584067159670885
75,8,32,26,VCAN,0.051530930744926186
75,8,32,27,SPTA1,0.048428176323592836
75,8,32,28,TNFSF10,0.04714368546392721
75,8,32,29,RBPMS2,0.04705896189827974
75,8,32,30,TMEM176A,0.04694003285924386
75,8,32,31,PI3,0.045590022260262666
75,8,32,32,HBEGF,0.04522264216276903
75,16,8,1,GAPDHL6,0.16175060071900854
75,16,8,2,HLA-DRB5,0.15736335072482058
75,16,8,3,GTSF1,0.15176559557484998
75,16,8,4,DEFB1,0.1510496154060909
75,16,8,5,LOC100133875,0.14657609158071847
75,16,8,6,LOC644936,0.14010258571319562
75,16,8,7,HLA-A29.1,0.12591327480130368
75,16,8,8,IFI27,0.1257776664738034
75,16,16,1,GAPDHL6,0.16175060071900854
75,16,16,2,HLA-DRB5,0.15736335072482058
75,16,16,3,GTSF1,0.15176559557484998
75,16,16,4,DEFB1,0.1510496154060909
75,16,16,5,LOC100133875,0.14657609158071847
75,16,16,6,LOC644936,0.14010258571319562
75,16,16,7,HLA-A29.1,0.12591327480130368
75,16,16,8,IFI27,0.1257776664738034
75,16,16,9,BAMBI,0.1207715726700207
75,16,16,10,HLA-DRB1,0.12063010182653928
75,16,16,11,LILRA3,0.11862864545692568
75,16,16,12,KIAA0367,0.10818774745945224
75,16,16,13,LOC654055,0.10793857953364724
75,16,16,14,LGALS2,0.1067089336120538
75,16,16,15,GSTM1,0.10553035264922037
75,16,16,16,CDC20,0.105029203003995
75,16,32,1,GAPDHL6,0.16175060071900854
75,16,32,2,HLA-DRB5,0.15736335072482058
75,16,32,3,GTSF1,0.15176559557484998
75,16,32,4,DEFB1,0.1510496154060909
75,16,32,5,LOC100133875,0.14657609158071847
75,16,32,6,LOC644936,0.14010258571319562
75,16,32,7,HLA-A29.1,0.12591327480130368
75,16,32,8,IFI27,0.1257776664738034
75,16,32,9,BAMBI,0.1207715726700207
75,16,32,10,HLA-DRB1,0.12063010182653928
75,16,32,11,LILRA3,0.11862864545692568
75,16,32,12,KIAA0367,0.10818774745945224
75,16,32,13,LOC654055,0.10793857953364724
75,16,32,14,LGALS2,0.1067089336120538
75,16,32,15,GSTM1,0.10553035264922037
75,16,32,16,CDC20,0.105029203003995
75,16,32,17,BEX1,0.10298459941384426
75,16,32,18,KLHL15,0.1002071413424361
75,16,32,19,LOC729645,0.09902794426325623
75,16,32,20,C1orf150,0.0976123810137983
75,16,32,21,IL1B,0.0954908841426598
75,16,32,22,ABP1,0.09412557256097398
75,16,32,23,PRKY,0.09379506283730552
75,16,32,24,RPS4Y2,0.09166715066344087
75,16,32,25,LOC100132394,0.09152530434252855
75,16,32,26,HOXA5,0.09131693220201874
75,16,32,27,CYorf15A,0.09079384553858766
75,16,32,28,TPSAB1,0.0899659935860524
75,16,32,29,XIST,0.08966463820206513
75,16,32,30,RPS4Y1,0.08956050745501415
75,16,32,31,LOC100133662,0.08853961955126739
75,16,32,32,LOC642113,0.08817758163833382
76,4,8,1,VWF,0.07071268621732237
76,4,8,2,RBPMS2,0.06153641804530499
76,4,8,3,ESAM,0.049111332157308056
76,4,8,4,PHACTR1,0.04656815798865816
76,4,8,5,HES4,0.043993769206575974
76,4,8,6,ADM,0.04032604222313773
76,4,8,7,MAFB,0.039453788711218185
76,4,8,8,CLEC1B,0.03855354903336104
76,4,16,1,VWF,0.07071268621732237
76,4,16,2,RBPMS2,0.06153641804530499
76,4,16,3,ESAM,0.049111332157308056
76,4,16,4,PHACTR1,0.04656815798865816
76,4,16,5,HES4,0.043993769206575974
76,4,16,6,ADM,0.04032604222313773
76,4,16,7,MAFB,0.039453788711218185
76,4,16,8,CLEC1B,0.03855354903336104
76,4,16,9,GJB6,0.03750346929879756
76,4,16,10,KLHL15,0.03503045348627197
76,4,16,11,TSPAN33,0.03459932184348638
76,4,16,12,GP9,0.034495564908387594
76,4,16,13,CD83,0.033781471868742766
76,4,16,14,CX3CR1,0.0328444859435867
76,4,16,15,PRAGMIN,0.03258133461979141
76,4,16,16,GIMAP8,0.032561336532242816
76,4,32,1,VWF,0.07071268621732237
76,4,32,2,RBPMS2,0.06153641804530499
76,4,32,3,ESAM,0.049111332157308056
76,4,32,4,PHACTR1,0.04656815798865816
76,4,32,5,HES4,0.043993769206575974
76,4,32,6,ADM,0.04032604222313773
76,4,32,7,MAFB,0.039453788711218185
76,4,32,8,CLEC1B,0.03855354903336104
76,4,32,9,GJB6,0.03750346929879756
76,4,32,10,KLHL15,0.03503045348627197
76,4,32,11,TSPAN33,0.03459932184348638
76,4,32,12,GP9,0.034495564908387594
76,4,32,13,CD83,0.033781471868742766
76,4,32,14,CX3CR1,0.0328444859435867
76,4,32,15,PRAGMIN,0.03258133461979141
76,4,32,16,GIMAP8,0.032561336532242816
76,4,32,17,GIMAP4,0.032006133642666065
76,4,32,18,ITGB3,0.03163238959169883
76,4,32,19,HIST1H4E,0.03153587116956586
76,4,32,20,SNORD3C,0.031345820462566246
76,4,32,21,TREM1,0.02994119693266362
76,4,32,22,DUSP5,0.029498928923236266
76,4,32,23,HIST2H3A,0.028579091016757232
76,4,32,24,HBEGF,0.0284953041326997
76,4,32,25,SIK1,0.02837553568460994
76,4,32,26,SNORD3A,0.028295600018468814
76,4,32,27,LOC653610,0.02809105060507066
76,4,32,28,HIST1H1E,0.028029762513792723
76,4,32,29,RNU1F1,0.027860535420965886
76,4,32,30,HIST1H1B,0.027799199076569924
76,4,32,31,CA4,0.027780250565051953
76,4,32,32,RNU1A3,0.027550620786178624
76,8,8,1,GAPDHL6,0.08285178004139737
76,8,8,2,VWF,0.07952893448594517
76,8,8,3,LOC644936,0.07040652490135212
76,8,8,4,RBPMS2,0.06529195816607027
76,8,8,5,SELENBP1,0.06510003125022477
76,8,8,6,EPB42,0.06339759506543748
76,8,8,7,DEFB1,0.06339735559182834
76,8,8,8,SLC4A1,0.06272703561946012
76,8,16,1,GAPDHL6,0.08285178004139737
76,8,16,2,VWF,0.07952893448594517
76,8,16,3,LOC644936,0.07040652490135212
76,8,16,4,RBPMS2,0.06529195816607027
76,8,16,5,SELENBP1,0.06510003125022477
76,8,16,6,EPB42,0.06339759506543748
76,8,16,7,DEFB1,0.06339735559182834
76,8,16,8,SLC4A1,0.06272703561946012
76,8,16,9,IL8RB,0.061255997637218874
76,8,16,10,CCL4L1,0.061221974703187285
76,8,16,11,OSBP2,0.06047609646254765
76,8,16,12,VCAN,0.059344799301203253
76,8,16,13,PI3,0.058497929390992826
76,8,16,14,AHSP,0.05848734851110193
76,8,16,15,KLHL15,0.05741373489155185
76,8,16,16,MAFB,0.057009933938433864
76,8,32,1,GAPDHL6,0.08285178004139737
76,8,32,2,VWF,0.07952893448594517
76,8,32,3,LOC644936,0.07040652490135212
76,8,32,4,RBPMS2,0.06529195816607027
76,8,32,5,SELENBP1,0.06510003125022477
76,8,32,6,EPB42,0.06339759506543748
76,8,32,7,DEFB1,0.06339735559182834
76,8,32,8,SLC4A1,0.06272703561946012
76,8,32,9,IL8RB,0.061255997637218874
76,8,32,10,CCL4L1,0.061221974703187285
76,8,32,11,OSBP2,0.06047609646254765
76,8,32,12,VCAN,0.059344799301203253
76,8,32,13,PI3,0.058497929390992826
76,8,32,14,AHSP,0.05848734851110193
76,8,32,15,KLHL15,0.05741373489155185
76,8,32,16,MAFB,0.057009933938433864
76,8,32,17,HIST2H2BF,0.0559886117253814
76,8,32,18,CA1,0.055850550405756386
76,8,32,19,ESAM,0.055531993650296124
76,8,32,20,HBM,0.055527000754926094
76,8,32,21,RAP1GAP,0.054927323064145314
76,8,32,22,GTSF1,0.05285887861851606
76,8,32,23,IFIT1L,0.05205981365925321
76,8,32,24,CLEC1B,0.0504398758323218
76,8,32,25,ADM,0.04999211683512347
76,8,32,26,ITGB3,0.04884387632516805
76,8,32,27,GYPB,0.048752065436221216
76,8,32,28,RHAG,0.04836969801272023
76,8,32,29,LOC728835,0.04792424523199671
76,8,32,30,PHACTR1,0.04754272116509193
76,8,32,31,MS4A2,0.0474194622869868
76,8,32,32,CD83,0.04693003169028161
76,16,8,1,DEFB1,0.1650633887853219
76,16,8,2,HLA-A29.1,0.1570799270978969
76,16,8,3,GTSF1,0.15252704120080524
76,16,8,4,BAMBI,0.1430137191726029
76,16,8,5,LOC100008588,0.13024188237459497
76,16,8,6,GAPDHL6,0.12956776174811668
76,16,8,7,LOC654055,0.12762040221231932
76,16,8,8,THBS1,0.12692516164026227
76,16,16,1,DEFB1,0.1650633887853219
76,16,16,2,HLA-A29.1,0.1570799270978969
76,16,16,3,GTSF1,0.15252704120080524
76,16,16,4,BAMBI,0.1430137191726029
76,16,16,5,LOC100008588,0.13024188237459497
76,16,16,6,GAPDHL6,0.12956776174811668
76,16,16,7,LOC654055,0.12762040221231932
76,16,16,8,THBS1,0.12692516164026227
76,16,16,9,LOC100132394,0.12338507522338721
76,16,16,10,HLA-DRB1,0.11312953101138554
76,16,16,11,LOC644936,0.11292689459862475
76,16,16,12,HLA-DRB5,0.11109655320729762
76,16,16,13,GSTM1,0.10496755756611602
76,16,16,14,KIAA0367,0.10467205003469839
76,16,16,15,VWF,0.10441918578441173
76,16,16,16,HBBP1,0.09977028669290816
76,16,32,1,DEFB1,0.1650633887853219
76,16,32,2,HLA-A29.1,0.1570799270978969
76,16,32,3,GTSF1,0.15252704120080524
76,16,32,4,BAMBI,0.1430137191726029
76,16,32,5,LOC100008588,0.13024188237459497
76,16,32,6,GAPDHL6,0.12956776174811668
76,16,32,7,LOC654055,0.12762040221231932
76,16,32,8,THBS1,0.12692516164026227
76,16,32,9,LOC100132394,0.12338507522338721
76,16,32,10,HLA-DRB1,0.11312953101138554
76,16,32,11,LOC644936,0.11292689459862475
76,16,32,12,HLA-DRB5,0.11109655320729762
76,16,32,13,GSTM1,0.10496755756611602
76,16,32,14,KIAA0367,0.10467205003469839
76,16,32,15,VWF,0.10441918578441173
76,16,32,16,HBBP1,0.09977028669290816
76,16,32,17,HLA-DRB4,0.09855629470981975
76,16,32,18,MIR1974,0.09782710381295237
76,16,32,19,VCAN,0.09663783427872889
76,16,32,20,LOC729645,0.09444029376682997
76,16,32,21,TEX101,0.09408281725822427
76,16,32,22,FPR2,0.09339410023179463
76,16,32,23,LOC727908,0.09327429820294758
76,16,32,24,IFIT2,0.09304791284985797
76,16,32,25,IL1B,0.09120323115154298
76,16,32,26,ABP1,0.09116446171836809
76,16,32,27,KLHL15,0.08871964223047814
76,16,32,28,TPSAB1,0.08558994439049303
76,16,32,29,RAP1GAP,0.08501930821808677
76,16,32,30,OSBP2,0.0849097108927839
76,16,32,31,CCL4L1,0.08477029425741361
76,16,32,32,TMEM176A,0.0837540894574844
77,4,8,1,MMRN1,0.04921073289367061
77,4,8,2,VWF,0.04340110184234731
77,4,8,3,MPL,0.03670215331127916
77,4,8,4,HBM,0.03624699347345476
77,4,8,5,ESAM,0.03518433860064271
77,4,8,6,RBPMS2,0.035168384321955
77,4,8,7,SPTA1,0.0344997071138672
77,4,8,8,GYPB,0.03329049907993689
77,4,16,1,MMRN1,0.04921073289367061
77,4,16,2,VWF,0.04340110184234731
77,4,16,3,MPL,0.03670215331127916
77,4,16,4,HBM,0.03624699347345476
77,4,16,5,ESAM,0.03518433860064271
77,4,16,6,RBPMS2,0.035168384321955
77,4,16,7,SPTA1,0.0344997071138672
77,4,16,8,GYPB,0.03329049907993689
77,4,16,9,HLA-DRB4,0.032644503245940634
77,4,16,10,IFIT1L,0.03220571664792144
77,4,16,11,TMCC2,0.03185497824224396
77,4,16,12,LTF,0.03179867500168424
77,4,16,13,CA1,0.0313626797638825
77,4,16,14,AHSP,0.030055513445672526
77,4,16,15,SERPINE2,0.029814275620051216
77,4,16,16,RHAG,0.02963377881945715
77,4,32,1,MMRN1,0.04921073289367061
77,4,32,2,VWF,0.04340110184234731
77,4,32,3,MPL,0.03670215331127916
77,4,32,4,HBM,0.03624699347345476
77,4,32,5,ESAM,0.03518433860064271
77,4,32,6,RBPMS2,0.035168384321955
77,4,32,7,SPTA1,0.0344997071138672
77,4,32,8,GYPB,0.03329049907993689
77,4,32,9,HLA-DRB4,0.032644503245940634
77,4,32,10,IFIT1L,0.03220571664792144
77,4,32,11,TMCC2,0.03185497824224396
77,4,32,12,LTF,0.03179867500168424
77,4,32,13,CA1,0.0313626797638825
77,4,32,14,AHSP,0.030055513445672526
77,4,32,15,SERPINE2,0.029814275620051216
77,4,32,16,RHAG,0.02963377881945715
77,4,32,17,SLC4A1,0.029345025003956724
77,4,32,18,CLEC1B,0.029170812083696606
77,4,32,19,ITGA2B,0.02916257519152044
77,4,32,20,MAFB,0.02915468987626821
77,4,32,21,HIST1H2AH,0.028947435286098663
77,4,32,22,TSPAN33,0.028147019833251172
77,4,32,23,HLA-DRB1,0.028040319374688073
77,4,32,24,EPB42,0.027874389804152966
77,4,32,25,HIST1H1E,0.02780458949195309
77,4,32,26,LAMA5,0.027608921712579965
77,4,32,27,LOC100133875,0.02759462398640442
77,4,32,28,HIST1H1B,0.02757771997525547
77,4,32,29,MX1,0.02718088623958656
77,4,32,30,GP9,0.02639898443952814
77,4,32,31,PROS1,0.025969118756388705
77,4,32,32,MGC13057,0.025844518962981105
77,8,8,1,DEFB1,0.09081356684768113
77,8,8,2,TMCC2,0.062142140839357714
77,8,8,3,KIAA0367,0.06162963444046676
77,8,8,4,LOC644936,0.06047218196018226
77,8,8,5,HBM,0.058535626645967946
77,8,8,6,GYPB,0.05852488077510049
77,8,8,7,SELENBP1,0.056064159072416034
77,8,8,8,SLC4A1,0.05602027408015092
77,8,16,1,DEFB1,0.09081356684768113
77,8,16,2,TMCC2,0.062142140839357714
77,8,16,3,KIAA0367,0.06162963444046676
77,8,16,4,LOC644936,0.06047218196018226
77,8,16,5,HBM,0.058535626645967946
77,8,16,6,GYPB,0.05852488077510049
77,8,16,7,SELENBP1,0.056064159072416034
77,8,16,8,SLC4A1,0.05602027408015092
77,8,16,9,CA1,0.05573508612576628
77,8,16,10,LAMA5,0.05517344912463135
77,8,16,11,LOC653610,0.054429828936129944
77,8,16,12,EPB42,0.05415436280977765
77,8,16,13,RAP1GAP,0.05324313463717874
77,8,16,14,IFIT1L,0.05319728434541401
77,8,16,15,AHSP,0.0531553287644387
77,8,16,16,MMRN1,0.0517627011399051
77,8,32,1,DEFB1,0.09081356684768113
77,8,32,2,TMCC2,0.062142140839357714
77,8,32,3,KIAA0367,0.06162963444046676
77,8,32,4,LOC644936,0.06047218196018226
77,8,32,5,HBM,0.058535626645967946
77,8,32,6,GYPB,0.05852488077510049
77,8,32,7,SELENBP1,0.056064159072416034
77,8,32,8,SLC4A1,0.05602027408015092
77,8,32,9,CA1,0.05573508612576628
77,8,32,10,LAMA5,0.05517344912463135
77,8,32,11,LOC653610,0.054429828936129944
77,8,32,12,EPB42,0.05415436280977765
77,8,32,13,RAP1GAP,0.05324313463717874
77,8,32,14,IFIT1L,0.05319728434541401
77,8,32,15,AHSP,0.0531553287644387
77,8,32,16,MMRN1,0.0517627011399051
77,8,32,17,SPTA1,0.05137671702714987
77,8,32,18,PHACTR1,0.04986224490055268
77,8,32,19,OSBP2,0.04903245291327451
77,8,32,20,RHAG,0.04849307985395087
77,8,32,21,TNFRSF21,0.04841927137061985
77,8,32,22,HIST2H2AB,0.04814724694597333
77,8,32,23,VWF,0.04807151467018533
77,8,32,24,IFI27,0.04804350826028655
77,8,32,25,G0S2,0.047840440380075434
77,8,32,26,ADM,0.047245482009004434
77,8,32,27,XK,0.045805346922797176
77,8,32,28,XIST,0.045511878509874405
77,8,32,29,LOC100133875,0.04543311925652913
77,8,32,30,IL8RB,0.04540450090337685
77,8,32,31,PRG3,0.04504910429937075
77,8,32,32,SNCA,0.04466377203539684
77,16,8,1,DEFB1,0.191437554608226
77,16,8,2,LOC644936,0.1398887595233319
77,16,8,3,LOC100133875,0.1345269363262156
77,16,8,4,HLA-A29.1,0.13269589350895342
77,16,8,5,GAPDHL6,0.12436759948068714
77,16,8,6,LOC100132394,0.12224913482555197
77,16,8,7,GTSF1,0.11500424815720091
77,16,8,8,LILRA3,0.11208164648397523
77,16,16,1,DEFB1,0.191437554608226
77,16,16,2,LOC644936,0.1398887595233319
77,16,16,3,LOC100133875,0.1345269363262156
77,16,16,4,HLA-A29.1,0.13269589350895342
77,16,16,5,GAPDHL6,0.12436759948068714
77,16,16,6,LOC100132394,0.12224913482555197
77,16,16,7,GTSF1,0.11500424815720091
77,16,16,8,LILRA3,0.11208164648397523
77,16,16,9,BAMBI,0.10993310271007063
77,16,16,10,HOXA5,0.10246174816039251
77,16,16,11,TPSAB1,0.09828677543236469
77,16,16,12,TPSB2,0.097247786247322
77,16,16,13,IL1B,0.09627678488933583
77,16,16,14,PI3,0.0960407435269892
77,16,16,15,CDC20,0.09556827354754086
77,16,16,16,RPS4Y2,0.09483797165273036
77,16,32,1,DEFB1,0.191437554608226
77,16,32,2,LOC644936,0.1398887595233319
77,16,32,3,LOC100133875,0.1345269363262156
77,16,32,4,HLA-A29.1,0.13269589350895342
77,16,32,5,GAPDHL6,0.12436759948068714
77,16,32,6,LOC100132394,0.12224913482555197
77,16,32,7,GTSF1,0.11500424815720091
77,16,32,8,LILRA3,0.11208164648397523
77,16,32,9,BAMBI,0.10993310271007063
77,16,32,10,HOXA5,0.10246174816039251
77,16,32,11,TPSAB1,0.09828677543236469
77,16,32,12,TPSB2,0.097247786247322
77,16,32,13,IL1B,0.09627678488933583
77,16,32,14,PI3,0.0960407435269892
77,16,32,15,CDC20,0.09556827354754086
77,16,32,16,RPS4Y2,0.09483797165273036
77,16,32,17,IFI27,0.09437771185019597
77,16,32,18,TEX101,0.09390370550933827
77,16,32,19,LOC731682,0.09169502201403526
77,16,32,20,HLA-DRB4,0.0914313846952869
77,16,32,21,KIAA0367,0.0904835557285171
77,16,32,22,THBS1,0.09040660846800137
77,16,32,23,LOC100008588,0.08937621943402944
77,16,32,24,HBBP1,0.08513267677283927
77,16,32,25,XIST,0.08504334495169762
77,16,32,26,HLA-DRB1,0.08337702375332198
77,16,32,27,SPRYD5,0.0826422472535014
77,16,32,28,ABP1,0.08164896402071162
77,16,32,29,DLGAP5,0.08099092597692381
77,16,32,30,TNFRSF21,0.08055318482368054
77,16,32,31,LOC727908,0.08036907182838304
77,16,32,32,RPS4Y1,0.07987530301277729
78,4,8,1,PHACTR1,0.03708106243050863
78,4,8,2,G0S2,0.036655392833008275
78,4,8,3,TNFSF10,0.03651145566638666
78,4,8,4,MX1,0.03601338854190192
78,4,8,5,GIMAP8,0.03504655433867153
78,4,8,6,CA4,0.03375439849969165
78,4,8,7,GJB6,0.033161508375952206
78,4,8,8,FGL2,0.033077559843844244
78,4,16,1,PHACTR1,0.03708106243050863
78,4,16,2,G0S2,0.036655392833008275
78,4,16,3,TNFSF10,0.03651145566638666
78,4,16,4,MX1,0.03601338854190192
78,4,16,5,GIMAP8,0.03504655433867153
78,4,16,6,CA4,0.03375439849969165
78,4,16,7,GJB6,0.033161508375952206
78,4,16,8,FGL2,0.033077559843844244
78,4,16,9,FFAR2,0.032345513030306194
78,4,16,10,HIST1H4E,0.03131838003162081
78,4,16,11,ADM,0.03109422826861161
78,4,16,12,IL8RB,0.03033314878824009
78,4,16,13,LOC653610,0.0296797530614594
78,4,16,14,GIMAP4,0.029526951344270067
78,4,16,15,HES4,0.028661599129266666
78,4,16,16,PRAGMIN,0.028294397896327667
78,4,32,1,PHACTR1,0.03708106243050863
78,4,32,2,G0S2,0.036655392833008275
78,4,32,3,TNFSF10,0.03651145566638666
78,4,32,4,MX1,0.03601338854190192
78,4,32,5,GIMAP8,0.03504655433867153
78,4,32,6,CA4,0.03375439849969165
78,4,32,7,GJB6,0.033161508375952206
78,4,32,8,FGL2,0.033077559843844244
78,4,32,9,FFAR2,0.032345513030306194
78,4,32,10,HIST1H4E,0.03131838003162081
78,4,32,11,ADM,0.03109422826861161
78,4,32,12,IL8RB,0.03033314878824009
78,4,32,13,LOC653610,0.0296797530614594
78,4,32,14,GIMAP4,0.029526951344270067
78,4,32,15,HES4,0.028661599129266666
78,4,32,16,PRAGMIN,0.028294397896327667
78,4,32,17,DEFA4,0.028165201974855145
78,4,32,18,LTF,0.02786704260239875
78,4,32,19,HIST1H2AM,0.02767856283447794
78,4,32,20,HIST2H3A,0.027531069620519964
78,4,32,21,HIST2H3C,0.027460012936601816
78,4,32,22,TCN1,0.02744808360270057
78,4,32,23,IFIT3,0.027134731413755653
78,4,32,24,CEACAM8,0.027010770444019783
78,4,32,25,CD83,0.026897460135138815
78,4,32,26,HIST1H2BG,0.02680730097187871
78,4,32,27,IFIT2,0.026524418348140292
78,4,32,28,FCGR3B,0.02643988782237894
78,4,32,29,HIST1H1B,0.026400836355491803
78,4,32,30,ALPL,0.02582640614429138
78,4,32,31,HIST1H1E,0.02568706720409713
78,4,32,32,CX3CR1,0.025639258926839863
78,8,8,1,RPS4Y2,0.08543796308817618
78,8,8,2,LOC100133662,0.08176341723581128
78,8,8,3,RPS4Y1,0.08051779513003997
78,8,8,4,XIST,0.08022001999705093
78,8,8,5,CYorf15B,0.07486997918923903
78,8,8,6,PRKY,0.07318813902711958
78,8,8,7,JARID1D,0.07269444908539066
78,8,8,8,HOXA5,0.0710631630091826
78,8,16,1,RPS4Y2,0.08543796308817618
78,8,16,2,LOC100133662,0.08176341723581128
78,8,16,3,RPS4Y1,0.08051779513003997
78,8,16,4,XIST,0.08022001999705093
78,8,16,5,CYorf15B,0.07486997918923903
78,8,16,6,PRKY,0.07318813902711958
78,8,16,7,JARID1D,0.07269444908539066
78,8,16,8,HOXA5,0.0710631630091826
78,8,16,9,CYorf15A,0.07050973079735826
78,8,16,10,TGFBI,0.06523361468947896
78,8,16,11,EIF1AY,0.06359719427527256
78,8,16,12,VWF,0.05647039487814678
78,8,16,13,IFI27,0.055420678270301525
78,8,16,14,ADM,0.05242812254554898
78,8,16,15,EPB42,0.051858221216128916
78,8,16,16,KIAA0367,0.05175121649627803
78,8,32,1,RPS4Y2,0.08543796308817618
78,8,32,2,LOC100133662,0.08176341723581128
78,8,32,3,RPS4Y1,0.08051779513003997
78,8,32,4,XIST,0.08022001999705093
78,8,32,5,CYorf15B,0.07486997918923903
78,8,32,6,PRKY,0.07318813902711958
78,8,32,7,JARID1D,0.07269444908539066
78,8,32,8,HOXA5,0.0710631630091826
78,8,32,9,CYorf15A,0.07050973079735826
78,8,32,10,TGFBI,0.06523361468947896
78,8,32,11,EIF1AY,0.06359719427527256
78,8,32,12,VWF,0.05647039487814678
78,8,32,13,IFI27,0.055420678270301525
78,8,32,14,ADM,0.05242812254554898
78,8,32,15,EPB42,0.051858221216128916
78,8,32,16,KIAA0367,0.05175121649627803
78,8,32,17,MAFB,0.05071329807389442
78,8,32,18,CA1,0.05071242136260063
78,8,32,19,DEFB1,0.05062105005413772
78,8,32,20,GYPB,0.05023634850829801
78,8,32,21,RBPMS2,0.04963038383091182
78,8,32,22,RHAG,0.04934750912255679
78,8,32,23,LILRA3,0.04925410779748735
78,8,32,24,LY86,0.049000651057990514
78,8,32,25,HBEGF,0.04866003931378024
78,8,32,26,G0S2,0.04862749997506581
78,8,32,27,TNFSF10,0.04845821976505953
78,8,32,28,OSBP2,0.04843866813136593
78,8,32,29,EMP1,0.048321763765632124
78,8,32,30,LGALS2,0.04808189911060149
78,8,32,31,VCAN,0.047762024958129506
78,8,32,32,IL8RB,0.04705317384382818
78,16,8,1,DEFB1,0.1595168593087752
78,16,8,2,HLA-A29.1,0.15412306636586026
78,16,8,3,IFI27,0.14689584982871767
78,16,8,4,BAMBI,0.1382508095960089
78,16,8,5,LOC644936,0.13279107497314074
78,16,8,6,LOC100133875,0.13262281024631947
78,16,8,7,LOC654055,0.12169599076596126
78,16,8,8,HOXA5,0.12000563413001293
78,16,16,1,DEFB1,0.1595168593087752
78,16,16,2,HLA-A29.1,0.15412306636586026
78,16,16,3,IFI27,0.14689584982871767
78,16,16,4,BAMBI,0.1382508095960089
78,16,16,5,LOC644936,0.13279107497314074
78,16,16,6,LOC100133875,0.13262281024631947
78,16,16,7,LOC654055,0.12169599076596126
78,16,16,8,HOXA5,0.12000563413001293
78,16,16,9,LOC729645,0.11791928666158234
78,16,16,10,TPSAB1,0.11519557949578313
78,16,16,11,LILRA3,0.11334656263273388
78,16,16,12,C1orf150,0.11269773431746849
78,16,16,13,GAPDHL6,0.11116542733520741
78,16,16,14,GTSF1,0.10829933761405576
78,16,16,15,TPSB2,0.10683940944357807
78,16,16,16,LGALS2,0.10648557841643026
78,16,32,1,DEFB1,0.1595168593087752
78,16,32,2,HLA-A29.1,0.15412306636586026
78,16,32,3,IFI27,0.14689584982871767
78,16,32,4,BAMBI,0.1382508095960089
78,16,32,5,LOC644936,0.13279107497314074
78,16,32,6,LOC100133875,0.13262281024631947
78,16,32,7,LOC654055,0.12169599076596126
78,16,32,8,HOXA5,0.12000563413001293
78,16,32,9,LOC729645,0.11791928666158234
78,16,32,10,TPSAB1,0.11519557949578313
78,16,32,11,LILRA3,0.11334656263273388
78,16,32,12,C1orf150,0.11269773431746849
78,16,32,13,GAPDHL6,0.11116542733520741
78,16,32,14,GTSF1,0.10829933761405576
78,16,32,15,TPSB2,0.10683940944357807
78,16,32,16,LGALS2,0.10648557841643026
78,16,32,17,GSTM1,0.10504037927819644
78,16,32,18,KLHL15,0.10400844498337392
78,16,32,19,SPRYD5,0.10112996693070897
78,16,32,20,ABP1,0.10060659010368443
78,16,32,21,BEX1,0.0985274804375887
78,16,32,22,RPS4Y2,0.0984534771918917
78,16,32,23,CLEC11A,0.09480799136441834
78,16,32,24,EPAS1,0.09247706881119659
78,16,32,25,CDC20,0.09074444014795387
78,16,32,26,IFIT1L,0.089217486294559
78,16,32,27,FOLR3,0.08817724004397119
78,16,32,28,XIST,0.08774925243439301
78,16,32,29,CYorf15A,0.08752956858504576
78,16,32,30,KIAA0367,0.08705577833178056
78,16,32,31,CYorf15B,0.0865632086153626
78,16,32,32,LOC100133662,0.0859883837816981
79,4,8,1,VWF,0.04899504607392465
79,4,8,2,ESAM,0.044273615738666
79,4,8,3,TNFSF10,0.042188413883700766
79,4,8,4,MPL,0.04175147922513686
79,4,8,5,RBPMS2,0.03892952975087984
79,4,8,6,PROS1,0.03797986803559865
79,4,8,7,FGL2,0.03763706538807535
79,4,8,8,ITGA2B,0.03756773169383038
79,4,16,1,VWF,0.04899504607392465
79,4,16,2,ESAM,0.044273615738666
79,4,16,3,TNFSF10,0.042188413883700766
79,4,16,4,MPL,0.04175147922513686
79,4,16,5,RBPMS2,0.03892952975087984
79,4,16,6,PROS1,0.03797986803559865
79,4,16,7,FGL2,0.03763706538807535
79,4,16,8,ITGA2B,0.03756773169383038
79,4,16,9,MS4A2,0.03733347217042954
79,4,16,10,ITGB3,0.03654903684204481
79,4,16,11,CLEC1B,0.03580596347121806
79,4,16,12,SERPINE2,0.03564194021376857
79,4,16,13,LAMA5,0.03469233951554147
79,4,16,14,VCAN,0.03282564511212531
79,4,16,15,TSPAN33,0.031963642892312696
79,4,16,16,MAFB,0.03138659780837752
79,4,32,1,VWF,0.04899504607392465
79,4,32,2,ESAM,0.044273615738666
79,4,32,3,TNFSF10,0.042188413883700766
79,4,32,4,MPL,0.04175147922513686
79,4,32,5,RBPMS2,0.03892952975087984
79,4,32,6,PROS1,0.03797986803559865
79,4,32,7,FGL2,0.03763706538807535
79,4,32,8,ITGA2B,0.03756773169383038
79,4,32,9,MS4A2,0.03733347217042954
79,4,32,10,ITGB3,0.03654903684204481
79,4,32,11,CLEC1B,0.03580596347121806
79,4,32,12,SERPINE2,0.03564194021376857
79,4,32,13,LAMA5,0.03469233951554147
79,4,32,14,VCAN,0.03282564511212531
79,4,32,15,TSPAN33,0.031963642892312696
79,4,32,16,MAFB,0.03138659780837752
79,4,32,17,IFIT3,0.0310988290323877
79,4,32,18,HIST1H4E,0.02865331639980196
79,4,32,19,HIST1H2AM,0.028601049372820993
79,4,32,20,GP9,0.027981330205644583
79,4,32,21,GIMAP4,0.027675122109939686
79,4,32,22,DEFA4,0.027361513463176515
79,4,32,23,IL8RB,0.027261853919526038
79,4,32,24,TGFBI,0.027245844503532256
79,4,32,25,HIST2H3A,0.02689803369959474
79,4,32,26,SLC45A3,0.02631039307889929
79,4,32,27,HIST2H2BF,0.025798356666103698
79,4,32,28,HIST1H2BG,0.025478708630637482
79,4,32,29,HIST1H2AH,0.02541733798074386
79,4,32,30,HIST2H3C,0.024907567848645007
79,4,32,31,MGC13057,0.02458776234346759
79,4,32,32,SNORD3C,0.024568590727215824
79,8,8,1,DEFB1,0.08942403245631755
79,8,8,2,KIAA0367,0.07112978564307021
79,8,8,3,SELENBP1,0.06617033307893475
79,8,8,4,LOC644936,0.06521505197042442
79,8,8,5,EPB42,0.06313522764330216
79,8,8,6,TMCC2,0.06298368144058747
79,8,8,7,NEU4,0.06145236707485342
79,8,8,8,XIST,0.06134830212287396
79,8,16,1,DEFB1,0.08942403245631755
79,8,16,2,KIAA0367,0.07112978564307021
79,8,16,3,SELENBP1,0.06617033307893475
79,8,16,4,LOC644936,0.06521505197042442
79,8,16,5,EPB42,0.06313522764330216
79,8,16,6,TMCC2,0.06298368144058747
79,8,16,7,NEU4,0.06145236707485342
79,8,16,8,XIST,0.06134830212287396
79,8,16,9,SNCA,0.060603630708862315
79,8,16,10,SLC4A1,0.05948201712636261
79,8,16,11,SPTA1,0.0593278803944225
79,8,16,12,VWF,0.05747705905919602
79,8,16,13,IFIT1L,0.057348769071871426
79,8,16,14,OSBP2,0.056972419561699204
79,8,16,15,RAP1GAP,0.05658270864733952
79,8,16,16,TNFSF10,0.05571391707336253
79,8,32,1,DEFB1,0.08942403245631755
79,8,32,2,KIAA0367,0.07112978564307021
79,8,32,3,SELENBP1,0.06617033307893475
79,8,32,4,LOC644936,0.06521505197042442
79,8,32,5,EPB42,0.06313522764330216
79,8,32,6,TMCC2,0.06298368144058747
79,8,32,7,NEU4,0.06145236707485342
79,8,32,8,XIST,0.06134830212287396
79,8,32,9,SNCA,0.060603630708862315
79,8,32,10,SLC4A1,0.05948201712636261
79,8,32,11,SPTA1,0.0593278803944225
79,8,32,12,VWF,0.05747705905919602
79,8,32,13,IFIT1L,0.057348769071871426
79,8,32,14,OSBP2,0.056972419561699204
79,8,32,15,RAP1GAP,0.05658270864733952
79,8,32,16,TNFSF10,0.05571391707336253
79,8,32,17,GYPB,0.05419629726749186
79,8,32,18,LAMA5,0.0538211229341503
79,8,32,19,AHSP,0.05294678311861648
79,8,32,20,PRSSL1,0.05232410678212921
79,8,32,21,HBM,0.05189676613841067
79,8,32,22,THBS1,0.05169678582126862
79,8,32,23,MAFB,0.05031199175413801
79,8,32,24,CYorf15A,0.049192388165819154
79,8,32,25,ADM,0.04910950359940428
79,8,32,26,MPL,0.048935826052339565
79,8,32,27,CA1,0.0488904150370933
79,8,32,28,SERPINE2,0.04821546797671379
79,8,32,29,IL8RB,0.04793360634872996
79,8,32,30,IFIT2,0.04689271721451791
79,8,32,31,RHAG,0.046547873270787805
79,8,32,32,PRKY,0.04555144628784347
79,16,8,1,DEFB1,0.1587789588286685
79,16,8,2,GTSF1,0.15291608145879934
79,16,8,3,GSTM1,0.1370511545499872
79,16,8,4,KIAA0367,0.13619859863320327
79,16,8,5,LOC100133875,0.13246394696904829
79,16,8,6,IFI27,0.12220083608491941
79,16,8,7,LOC100132394,0.11547509208367933
79,16,8,8,LOC729645,0.11313657775642114
79,16,16,1,DEFB1,0.1587789588286685
79,16,16,2,GTSF1,0.15291608145879934
79,16,16,3,GSTM1,0.1370511545499872
79,16,16,4,KIAA0367,0.13619859863320327
79,16,16,5,LOC100133875,0.13246394696904829
79,16,16,6,IFI27,0.12220083608491941
79,16,16,7,LOC100132394,0.11547509208367933
79,16,16,8,LOC729645,0.11313657775642114
79,16,16,9,GAPDHL6,0.11213109251209265
79,16,16,10,TPSAB1,0.11205170094701011
79,16,16,11,LOC654055,0.11030455804477653
79,16,16,12,IL1B,0.10997444695058335
79,16,16,13,LILRA3,0.1096974356088563
79,16,16,14,LOC727908,0.10847167293015254
79,16,16,15,LOC644936,0.108341040386583
79,16,16,16,RPS4Y2,0.10765441974995446
79,16,32,1,DEFB1,0.1587789588286685
79,16,32,2,GTSF1,0.15291608145879934
79,16,32,3,GSTM1,0.1370511545499872
79,16,32,4,KIAA0367,0.13619859863320327
79,16,32,5,LOC100133875,0.13246394696904829
79,16,32,6,IFI27,0.12220083608491941
79,16,32,7,LOC100132394,0.11547509208367933
79,16,32,8,LOC729645,0.11313657775642114
79,16,32,9,GAPDHL6,0.11213109251209265
79,16,32,10,TPSAB1,0.11205170094701011
79,16,32,11,LOC654055,0.11030455804477653
79,16,32,12,IL1B,0.10997444695058335
79,16,32,13,LILRA3,0.1096974356088563
79,16,32,14,LOC727908,0.10847167293015254
79,16,32,15,LOC644936,0.108341040386583
79,16,32,16,RPS4Y2,0.10765441974995446
79,16,32,17,LOC731682,0.10730330123801995
79,16,32,18,HLA-DRB5,0.10648744108217784
79,16,32,19,KLHL15,0.1036145988636165
79,16,32,20,HLA-A29.1,0.10209962265971519
79,16,32,21,BAMBI,0.10168100153639271
79,16,32,22,HOXA5,0.10131400870765558
79,16,32,23,TPSB2,0.10121875536146804
79,16,32,24,PI3,0.10117527790729473
79,16,32,25,TEX101,0.10080609560635495
79,16,32,26,LAMA5,0.1007808814451777
79,16,32,27,THBS1,0.09846824282422958
79,16,32,28,HBBP1,0.09705454074706762
79,16,32,29,XIST,0.09489564944344323
79,16,32,30,HES4,0.09315082715999128
79,16,32,31,HLA-DRB1,0.09314714090910524
79,16,32,32,LOC100133662,0.09139007803050972
80,4,8,1,GJB6,0.045724541168808946
80,4,8,2,TNFSF10,0.043854678265554864
80,4,8,3,VWF,0.04024654881419399
80,4,8,4,MPL,0.03845109957518755
80,4,8,5,GIMAP4,0.03690830018749769
80,4,8,6,MAFB,0.035323241522273466
80,4,8,7,RBPMS2,0.03508440643142815
80,4,8,8,ESAM,0.03496384859742751
80,4,16,1,GJB6,0.045724541168808946
80,4,16,2,TNFSF10,0.043854678265554864
80,4,16,3,VWF,0.04024654881419399
80,4,16,4,MPL,0.03845109957518755
80,4,16,5,GIMAP4,0.03690830018749769
80,4,16,6,MAFB,0.035323241522273466
80,4,16,7,RBPMS2,0.03508440643142815
80,4,16,8,ESAM,0.03496384859742751
80,4,16,9,CLEC1B,0.03382673579518537
80,4,16,10,GIMAP8,0.03218738570784419
80,4,16,11,HIST1H4E,0.0321297235197368
80,4,16,12,HBEGF,0.03189169226725853
80,4,16,13,CSF1R,0.03171784184349972
80,4,16,14,TSPAN33,0.030314979676807418
80,4,16,15,FGL2,0.02951716482727171
80,4,16,16,ITGA2B,0.02943529576148154
80,4,32,1,GJB6,0.045724541168808946
80,4,32,2,TNFSF10,0.043854678265554864
80,4,32,3,VWF,0.04024654881419399
80,4,32,4,MPL,0.03845109957518755
80,4,32,5,GIMAP4,0.03690830018749769
80,4,32,6,MAFB,0.035323241522273466
80,4,32,7,RBPMS2,0.03508440643142815
80,4,32,8,ESAM,0.03496384859742751
80,4,32,9,CLEC1B,0.03382673579518537
80,4,32,10,GIMAP8,0.03218738570784419
80,4,32,11,HIST1H4E,0.0321297235197368
80,4,32,12,HBEGF,0.03189169226725853
80,4,32,13,CSF1R,0.03171784184349972
80,4,32,14,TSPAN33,0.030314979676807418
80,4,32,15,FGL2,0.02951716482727171
80,4,32,16,ITGA2B,0.02943529576148154
80,4,32,17,PRAGMIN,0.029406756691427022
80,4,32,18,PHACTR1,0.02832319209572275
80,4,32,19,MS4A2,0.027918139782674278
80,4,32,20,HIST2H2BF,0.027826393840425376
80,4,32,21,SIK1,0.027576743056659216
80,4,32,22,HIST2H3A,0.02730523357959182
80,4,32,23,PROS1,0.027184189597196897
80,4,32,24,HES4,0.027178573897985565
80,4,32,25,SERPINE2,0.027062231958837696
80,4,32,26,C1orf186,0.026860831243964448
80,4,32,27,GP9,0.026808026943113572
80,4,32,28,SLC45A3,0.026549188285421948
80,4,32,29,CX3CR1,0.026283484817707828
80,4,32,30,SNORD3A,0.02591510540900859
80,4,32,31,SNORD3C,0.024934562167250353
80,4,32,32,THBS1,0.024362637696184773
80,8,8,1,CDC20,0.07521918864801515
80,8,8,2,IL1B,0.06927344539471143
80,8,8,3,VCAN,0.06479017090147828
80,8,8,4,LOC100133875,0.06207091976216202
80,8,8,5,LGALS2,0.06157492372759553
80,8,8,6,THBS1,0.06068394652352325
80,8,8,7,MAFB,0.05904276261491655
80,8,8,8,LILRA3,0.05826622768690013
80,8,16,1,CDC20,0.07521918864801515
80,8,16,2,IL1B,0.06927344539471143
80,8,16,3,VCAN,0.06479017090147828
80,8,16,4,LOC100133875,0.06207091976216202
80,8,16,5,LGALS2,0.06157492372759553
80,8,16,6,THBS1,0.06068394652352325
80,8,16,7,MAFB,0.05904276261491655
80,8,16,8,LILRA3,0.05826622768690013
80,8,16,9,DEFB1,0.057388107643771016
80,8,16,10,TGFBI,0.05690232760624811
80,8,16,11,GJB6,0.05426103610762866
80,8,16,12,EMP1,0.0538602147183501
80,8,16,13,ASGR1,0.05261633260159406
80,8,16,14,ORM2,0.05259496961422227
80,8,16,15,KIAA0367,0.04955617162631056
80,8,16,16,ABP1,0.049150733818620757
80,8,32,1,CDC20,0.07521918864801515
80,8,32,2,IL1B,0.06927344539471143
80,8,32,3,VCAN,0.06479017090147828
80,8,32,4,LOC100133875,0.06207091976216202
80,8,32,5,LGALS2,0.06157492372759553
80,8,32,6,THBS1,0.06068394652352325
80,8,32,7,MAFB,0.05904276261491655
80,8,32,8,LILRA3,0.05826622768690013
80,8,32,9,DEFB1,0.057388107643771016
80,8,32,10,TGFBI,0.05690232760624811
80,8,32,11,GJB6,0.05426103610762866
80,8,32,12,EMP1,0.0538602147183501
80,8,32,13,ASGR1,0.05261633260159406
80,8,32,14,ORM2,0.05259496961422227
80,8,32,15,KIAA0367,0.04955617162631056
80,8,32,16,ABP1,0.049150733818620757
80,8,32,17,IL8RB,0.048351439703880485
80,8,32,18,CD177,0.047811643826136195
80,8,32,19,GAPDHL6,0.04690321657499829
80,8,32,20,SERPINE2,0.046888559654639284
80,8,32,21,TNFSF10,0.04687577068301478
80,8,32,22,LAMA5,0.046873715996568185
80,8,32,23,CLIC3,0.045605356667739405
80,8,32,24,TREM1,0.04502232223049845
80,8,32,25,VWF,0.04419494479646159
80,8,32,26,XIST,0.04365842707794787
80,8,32,27,CLEC11A,0.04339638075691661
80,8,32,28,PRSSL1,0.04338949812711449
80,8,32,29,LOC642113,0.043286778571379976
80,8,32,30,PI3,0.04309111625807955
80,8,32,31,RNU1A3,0.04281652152185862
80,8,32,32,G0S2,0.04150141987889033
80,16,8,1,GAPDHL6,0.15855407164612997
80,16,8,2,LOC100133875,0.1565099513987499
80,16,8,3,LILRA3,0.1361650607490695
80,16,8,4,LOC644936,0.1347937727611317
80,16,8,5,KIAA0367,0.12591250249564206
80,16,8,6,LGALS2,0.12328484796150434
80,16,8,7,RAP1GAP,0.1119840213181617
80,16,8,8,DEFB1,0.11132989784498178
80,16,16,1,GAPDHL6,0.15855407164612997
80,16,16,2,LOC100133875,0.1565099513987499
80,16,16,3,LILRA3,0.1361650607490695
80,16,16,4,LOC644936,0.1347937727611317
80,16,16,5,KIAA0367,0.12591250249564206
80,16,16,6,LGALS2,0.12328484796150434
80,16,16,7,RAP1GAP,0.1119840213181617
80,16,16,8,DEFB1,0.11132989784498178
80,16,16,9,LOC727908,0.11020523430391724
80,16,16,10,CDC20,0.10683309579925843
80,16,16,11,BAMBI,0.10635867527497932
80,16,16,12,KLHL15,0.10315068149498122
80,16,16,13,ABP1,0.10300602243939026
80,16,16,14,C1orf150,0.10224293559587293
80,16,16,15,LOC654055,0.10086204834799789
80,16,16,16,TPSAB1,0.09694361285047019
80,16,32,1,GAPDHL6,0.15855407164612997
80,16,32,2,LOC100133875,0.1565099513987499
80,16,32,3,LILRA3,0.1361650607490695
80,16,32,4,LOC644936,0.1347937727611317
80,16,32,5,KIAA0367,0.12591250249564206
80,16,32,6,LGALS2,0.12328484796150434
80,16,32,7,RAP1GAP,0.1119840213181617
80,16,32,8,DEFB1,0.11132989784498178
80,16,32,9,LOC727908,0.11020523430391724
80,16,32,10,CDC20,0.10683309579925843
80,16,32,11,BAMBI,0.10635867527497932
80,16,32,12,KLHL15,0.10315068149498122
80,16,32,13,ABP1,0.10300602243939026
80,16,32,14,C1orf150,0.10224293559587293
80,16,32,15,LOC654055,0.10086204834799789
80,16,32,16,TPSAB1,0.09694361285047019
80,16,32,17,SLC4A1,0.09616578877789339
80,16,32,18,GTSF1,0.09501130935315956
80,16,32,19,TPSB2,0.09473516080036543
80,16,32,20,TEX101,0.09302910995143397
80,16,32,21,IL1B,0.09226485668440708
80,16,32,22,EPB42,0.09185994698418343
80,16,32,23,THBS1,0.09130371541733724
80,16,32,24,IFIT1L,0.09116007103355601
80,16,32,25,LAMA5,0.09065014408839206
80,16,32,26,HES4,0.08877298193329332
80,16,32,27,CYorf15B,0.08872197533693701
80,16,32,28,XIST,0.0882748866047473
80,16,32,29,SPRYD5,0.08716847991027349
80,16,32,30,RPS4Y1,0.08706406294805318
80,16,32,31,PI3,0.08683184683474443
80,16,32,32,PRKY,0.08678077995195584
81,4,8,1,VWF,0.05302840368748998
81,4,8,2,TNFSF10,0.03830849882324773
81,4,8,3,RBPMS2,0.03791714776719118
81,4,8,4,MS4A2,0.0363382142137866
81,4,8,5,HBM,0.03587670226841341
81,4,8,6,MX1,0.035632987537752854
81,4,8,7,IL8RB,0.035171920290219816
81,4,8,8,FGL2,0.0341721769818764
81,4,16,1,VWF,0.05302840368748998
81,4,16,2,TNFSF10,0.03830849882324773
81,4,16,3,RBPMS2,0.03791714776719118
81,4,16,4,MS4A2,0.0363382142137866
81,4,16,5,HBM,0.03587670226841341
81,4,16,6,MX1,0.035632987537752854
81,4,16,7,IL8RB,0.035171920290219816
81,4,16,8,FGL2,0.0341721769818764
81,4,16,9,HIST1H4E,0.031072931262206907
81,4,16,10,ESAM,0.030863169772915162
81,4,16,11,SLC45A3,0.029815665448086948
81,4,16,12,GIMAP4,0.02893441197050843
81,4,16,13,ITGA2B,0.028742508420907257
81,4,16,14,GAPDHL6,0.027665851967354865
81,4,16,15,GP9,0.027553490080971237
81,4,16,16,IFIT2,0.027443225997702724
81,4,32,1,VWF,0.05302840368748998
81,4,32,2,TNFSF10,0.03830849882324773
81,4,32,3,RBPMS2,0.03791714776719118
81,4,32,4,MS4A2,0.0363382142137866
81,4,32,5,HBM,0.03587670226841341
81,4,32,6,MX1,0.035632987537752854
81,4,32,7,IL8RB,0.035171920290219816
81,4,32,8,FGL2,0.0341721769818764
81,4,32,9,HIST1H4E,0.031072931262206907
81,4,32,10,ESAM,0.030863169772915162
81,4,32,11,SLC45A3,0.029815665448086948
81,4,32,12,GIMAP4,0.02893441197050843
81,4,32,13,ITGA2B,0.028742508420907257
81,4,32,14,GAPDHL6,0.027665851967354865
81,4,32,15,GP9,0.027553490080971237
81,4,32,16,IFIT2,0.027443225997702724
81,4,32,17,CA1,0.02722349820952424
81,4,32,18,SERPINE2,0.026125316445728023
81,4,32,19,TSPAN33,0.0261094828509338
81,4,32,20,HIST1H2AM,0.025735107422564744
81,4,32,21,DEFB1,0.025589856389475134
81,4,32,22,CX3CR1,0.02534364934059216
81,4,32,23,AHSP,0.02517808343759513
81,4,32,24,PRAGMIN,0.024169987440243207
81,4,32,25,HIST2H3A,0.02391663879705606
81,4,32,26,SNORD3A,0.023875646642084847
81,4,32,27,PRG3,0.02376464340880077
81,4,32,28,IFIT3,0.023588404265878965
81,4,32,29,CEACAM6,0.023577933617851914
81,4,32,30,GYPB,0.023312654545940892
81,4,32,31,PRTN3,0.023206832769852397
81,4,32,32,HIST2H3C,0.02312365545778911
81,8,8,1,RPS4Y2,0.0819175075749086
81,8,8,2,LOC100133662,0.08110855534831457
81,8,8,3,RPS4Y1,0.08088081744350692
81,8,8,4,XIST,0.07819107559736162
81,8,8,5,PRKY,0.0761015238262332
81,8,8,6,EIF1AY,0.07302041103125781
81,8,8,7,LGALS2,0.07216204637101709
81,8,8,8,JARID1D,0.07079216153324562
81,8,16,1,RPS4Y2,0.0819175075749086
81,8,16,2,LOC100133662,0.08110855534831457
81,8,16,3,RPS4Y1,0.08088081744350692
81,8,16,4,XIST,0.07819107559736162
81,8,16,5,PRKY,0.0761015238262332
81,8,16,6,EIF1AY,0.07302041103125781
81,8,16,7,LGALS2,0.07216204637101709
81,8,16,8,JARID1D,0.07079216153324562
81,8,16,9,CYorf15A,0.07007890568566755
81,8,16,10,VWF,0.06790660299888995
81,8,16,11,DEFB1,0.06658476178290561
81,8,16,12,TMEM176A,0.06520019984070573
81,8,16,13,C16orf75,0.06500213740170802
81,8,16,14,LOC644936,0.05964789856779348
81,8,16,15,VCAN,0.054291782539307804
81,8,16,16,KLHL15,0.05405319842120434
81,8,32,1,RPS4Y2,0.0819175075749086
81,8,32,2,LOC100133662,0.08110855534831457
81,8,32,3,RPS4Y1,0.08088081744350692
81,8,32,4,XIST,0.07819107559736162
81,8,32,5,PRKY,0.0761015238262332
81,8,32,6,EIF1AY,0.07302041103125781
81,8,32,7,LGALS2,0.07216204637101709
81,8,32,8,JARID1D,0.07079216153324562
81,8,32,9,CYorf15A,0.07007890568566755
81,8,32,10,VWF,0.06790660299888995
81,8,32,11,DEFB1,0.06658476178290561
81,8,32,12,TMEM176A,0.06520019984070573
81,8,32,13,C16orf75,0.06500213740170802
81,8,32,14,LOC644936,0.05964789856779348
81,8,32,15,VCAN,0.054291782539307804
81,8,32,16,KLHL15,0.05405319842120434
81,8,32,17,ADM,0.05296602381700576
81,8,32,18,LAMA5,0.05058652495513444
81,8,32,19,HIST2H2BF,0.05039311048499362
81,8,32,20,RBPMS2,0.04997071826359479
81,8,32,21,PCOLCE2,0.04935011115096028
81,8,32,22,TGFBI,0.048177421894439396
81,8,32,23,EMP1,0.04615035178420661
81,8,32,24,NEU4,0.045861738822833356
81,8,32,25,SERPINE2,0.04553156525958031
81,8,32,26,TNFSF10,0.04484676096858242
81,8,32,27,IL1B,0.04432996656405026
81,8,32,28,EPB42,0.04419899892249586
81,8,32,29,MAFB,0.044122083436753425
81,8,32,30,EPDR1,0.043490142788249225
81,8,32,31,TREM1,0.043041136791749125
81,8,32,32,GAPDHL6,0.04248430970803735
81,16,8,1,HLA-A29.1,0.1695760964758979
81,16,8,2,DEFB1,0.16168528629700252
81,16,8,3,GTSF1,0.16075257467622323
81,16,8,4,BAMBI,0.14709033976440522
81,16,8,5,ABP1,0.12714858466146992
81,16,8,6,GAPDHL6,0.12628328045049453
81,16,8,7,LOC100132394,0.12352270206649528
81,16,8,8,LOC729645,0.12165873955040424
81,16,16,1,HLA-A29.1,0.1695760964758979
81,16,16,2,DEFB1,0.16168528629700252
81,16,16,3,GTSF1,0.16075257467622323
81,16,16,4,BAMBI,0.14709033976440522
81,16,16,5,ABP1,0.12714858466146992
81,16,16,6,GAPDHL6,0.12628328045049453
81,16,16,7,LOC100132394,0.12352270206649528
81,16,16,8,LOC729645,0.12165873955040424
81,16,16,9,LOC727908,0.12102749186405728
81,16,16,10,LOC644936,0.11551744921453748
81,16,16,11,LOC100008588,0.11541124680653843
81,16,16,12,GSTM1,0.10695596044818935
81,16,16,13,RPS4Y2,0.1053885228130563
81,16,16,14,KIAA0367,0.10405591306670599
81,16,16,15,RAP1GAP,0.10172986922879639
81,16,16,16,LAMA5,0.10021485550359543
81,16,32,1,HLA-A29.1,0.1695760964758979
81,16,32,2,DEFB1,0.16168528629700252
81,16,32,3,GTSF1,0.16075257467622323
81,16,32,4,BAMBI,0.14709033976440522
81,16,32,5,ABP1,0.12714858466146992
81,16,32,6,GAPDHL6,0.12628328045049453
81,16,32,7,LOC100132394,0.12352270206649528
81,16,32,8,LOC729645,0.12165873955040424
81,16,32,9,LOC727908,0.12102749186405728
81,16,32,10,LOC644936,0.11551744921453748
81,16,32,11,LOC100008588,0.11541124680653843
81,16,32,12,GSTM1,0.10695596044818935
81,16,32,13,RPS4Y2,0.1053885228130563
81,16,32,14,KIAA0367,0.10405591306670599
81,16,32,15,RAP1GAP,0.10172986922879639
81,16,32,16,LAMA5,0.10021485550359543
81,16,32,17,LGALS2,0.0988466406582055
81,16,32,18,SPRYD5,0.09808754363029397
81,16,32,19,TPSAB1,0.09734905184360763
81,16,32,20,XIST,0.09557394395646013
81,16,32,21,LOC100133662,0.09306957073561971
81,16,32,22,EIF1AY,0.09296779761494862
81,16,32,23,BEX1,0.09293027973871432
81,16,32,24,LOC654055,0.09274933682888392
81,16,32,25,RPS4Y1,0.09200514575543642
81,16,32,26,EPAS1,0.08964230934755861
81,16,32,27,TPSB2,0.0891704315185975
81,16,32,28,SLC4A1,0.08881011893224335
81,16,32,29,PRKY,0.08776143861251974
81,16,32,30,OSBP2,0.08721167279061949
81,16,32,31,IFIT2,0.08644752613899752
81,16,32,32,TEX101,0.08592732052953946
82,4,8,1,VWF,0.05099926310639933
82,4,8,2,MPL,0.04305641174868522
82,4,8,3,SERPINE2,0.042202856773675516
82,4,8,4,ESAM,0.039733146468807067
82,4,8,5,RBPMS2,0.03776699179135411
82,4,8,6,MAFB,0.03588597560307982
82,4,8,7,ITGA2B,0.03430198824554536
82,4,8,8,HIST1H2AH,0.03198103156852776
82,4,16,1,VWF,0.05099926310639933
82,4,16,2,MPL,0.04305641174868522
82,4,16,3,SERPINE2,0.042202856773675516
82,4,16,4,ESAM,0.039733146468807067
82,4,16,5,RBPMS2,0.03776699179135411
82,4,16,6,MAFB,0.03588597560307982
82,4,16,7,ITGA2B,0.03430198824554536
82,4,16,8,HIST1H2AH,0.03198103156852776
82,4,16,9,LAMA5,0.031901588313615885
82,4,16,10,CLEC1B,0.030814200306743617
82,4,16,11,TSPAN33,0.030652503463324838
82,4,16,12,HIST1H1E,0.030576223549806516
82,4,16,13,HIST1H4E,0.030526524577571577
82,4,16,14,HIST1H1B,0.030188145305515054
82,4,16,15,RNU1A3,0.03015673110166705
82,4,16,16,RNU1F1,0.02948404635374165
82,4,32,1,VWF,0.05099926310639933
82,4,32,2,MPL,0.04305641174868522
82,4,32,3,SERPINE2,0.042202856773675516
82,4,32,4,ESAM,0.039733146468807067
82,4,32,5,RBPMS2,0.03776699179135411
82,4,32,6,MAFB,0.03588597560307982
82,4,32,7,ITGA2B,0.03430198824554536
82,4,32,8,HIST1H2AH,0.03198103156852776
82,4,32,9,LAMA5,0.031901588313615885
82,4,32,10,CLEC1B,0.030814200306743617
82,4,32,11,TSPAN33,0.030652503463324838
82,4,32,12,HIST1H1E,0.030576223549806516
82,4,32,13,HIST1H4E,0.030526524577571577
82,4,32,14,HIST1H1B,0.030188145305515054
82,4,32,15,RNU1A3,0.03015673110166705
82,4,32,16,RNU1F1,0.02948404635374165
82,4,32,17,PROS1,0.029224695094001215
82,4,32,18,VCAN,0.02869910299632304
82,4,32,19,DEFA4,0.028398667353440668
82,4,32,20,SPTA1,0.027885088001446894
82,4,32,21,HIST1H2BG,0.027689484027124664
82,4,32,22,THBS1,0.027635520530598465
82,4,32,23,LTF,0.026746376145400493
82,4,32,24,CEACAM8,0.026504753207407413
82,4,32,25,RNU1G2,0.025601856819666625
82,4,32,26,HBM,0.02558628558504998
82,4,32,27,HOXA5,0.025505434552518667
82,4,32,28,HIST1H1D,0.025428131153389023
82,4,32,29,TCN1,0.024895486523693566
82,4,32,30,CEACAM6,0.024784613861404865
82,4,32,31,RNU1-3,0.024689376590209824
82,4,32,32,GP9,0.024622384660310827
82,8,8,1,DEFB1,0.08248676912961529
82,8,8,2,EPB42,0.06883039935269389
82,8,8,3,SLC4A1,0.06853252543703152
82,8,8,4,SELENBP1,0.06499250784156715
82,8,8,5,SPTA1,0.06469019113864163
82,8,8,6,MAFB,0.06421570486076729
82,8,8,7,IFIT1L,0.06227790180010006
82,8,8,8,CDC20,0.06164948285271172
82,8,16,1,DEFB1,0.08248676912961529
82,8,16,2,EPB42,0.06883039935269389
82,8,16,3,SLC4A1,0.06853252543703152
82,8,16,4,SELENBP1,0.06499250784156715
82,8,16,5,SPTA1,0.06469019113864163
82,8,16,6,MAFB,0.06421570486076729
82,8,16,7,IFIT1L,0.06227790180010006
82,8,16,8,CDC20,0.06164948285271172
82,8,16,9,GYPB,0.06113555580335778
82,8,16,10,OSBP2,0.05812121977371238
82,8,16,11,HBM,0.05786625964528381
82,8,16,12,AHSP,0.057787767543370616
82,8,16,13,VWF,0.0561186476066424
82,8,16,14,CA1,0.05607131268244218
82,8,16,15,TGFBI,0.053684374401587
82,8,16,16,RHAG,0.053361517747922804
82,8,32,1,DEFB1,0.08248676912961529
82,8,32,2,EPB42,0.06883039935269389
82,8,32,3,SLC4A1,0.06853252543703152
82,8,32,4,SELENBP1,0.06499250784156715
82,8,32,5,SPTA1,0.06469019113864163
82,8,32,6,MAFB,0.06421570486076729
82,8,32,7,IFIT1L,0.06227790180010006
82,8,32,8,CDC20,0.06164948285271172
82,8,32,9,GYPB,0.06113555580335778
82,8,32,10,OSBP2,0.05812121977371238
82,8,32,11,HBM,0.05786625964528381
82,8,32,12,AHSP,0.057787767543370616
82,8,32,13,VWF,0.0561186476066424
82,8,32,14,CA1,0.05607131268244218
82,8,32,15,TGFBI,0.053684374401587
82,8,32,16,RHAG,0.053361517747922804
82,8,32,17,XIST,0.05250920238235682
82,8,32,18,LAMA5,0.05208673433769003
82,8,32,19,LOC100133875,0.05203502923692304
82,8,32,20,EMP1,0.050700955690339757
82,8,32,21,SERPINE2,0.0505759477619854
82,8,32,22,RAP1GAP,0.049864475966001735
82,8,32,23,MPL,0.049555007649617004
82,8,32,24,NEU4,0.047973043419885876
82,8,32,25,IFI27,0.047529082640330865
82,8,32,26,CYorf15A,0.04581326207381851
82,8,32,27,PHACTR1,0.04551271356988912
82,8,32,28,HES4,0.04447268440779353
82,8,32,29,IL8RB,0.04428766868587668
82,8,32,30,VCAN,0.04394469208649431
82,8,32,31,TNFAIP3,0.04361991107890044
82,8,32,32,ESAM,0.04351009764590815
82,16,8,1,DEFB1,0.16688682429413743
82,16,8,2,GAPDHL6,0.14948618950932835
82,16,8,3,HLA-A29.1,0.1479123376234056
82,16,8,4,BAMBI,0.14447159357605682
82,16,8,5,LOC644936,0.13049438917355785
82,16,8,6,KIAA0367,0.12934120775987215
82,16,8,7,LOC654055,0.11658594288299003
82,16,8,8,LOC100133875,0.11624545714290484
82,16,16,1,DEFB1,0.16688682429413743
82,16,16,2,GAPDHL6,0.14948618950932835
82,16,16,3,HLA-A29.1,0.1479123376234056
82,16,16,4,BAMBI,0.14447159357605682
82,16,16,5,LOC644936,0.13049438917355785
82,16,16,6,KIAA0367,0.12934120775987215
82,16,16,7,LOC654055,0.11658594288299003
82,16,16,8,LOC100133875,0.11624545714290484
82,16,16,9,IFI27,0.11037505934448884
82,16,16,10,ABP1,0.10890727130239114
82,16,16,11,LAMA5,0.1042418672043489
82,16,16,12,CDC20,0.10394130914175635
82,16,16,13,C1orf150,0.10376550063780003
82,16,16,14,KLHL15,0.10332933086817385
82,16,16,15,HLA-DRB1,0.10248657965589901
82,16,16,16,LOC729645,0.10143318073208481
82,16,32,1,DEFB1,0.16688682429413743
82,16,32,2,GAPDHL6,0.14948618950932835
82,16,32,3,HLA-A29.1,0.1479123376234056
82,16,32,4,BAMBI,0.14447159357605682
82,16,32,5,LOC644936,0.13049438917355785
82,16,32,6,KIAA0367,0.12934120775987215
82,16,32,7,LOC654055,0.11658594288299003
82,16,32,8,LOC100133875,0.11624545714290484
82,16,32,9,IFI27,0.11037505934448884
82,16,32,10,ABP1,0.10890727130239114
82,16,32,11,LAMA5,0.1042418672043489
82,16,32,12,CDC20,0.10394130914175635
82,16,32,13,C1orf150,0.10376550063780003
82,16,32,14,KLHL15,0.10332933086817385
82,16,32,15,HLA-DRB1,0.10248657965589901
82,16,32,16,LOC729645,0.10143318073208481
82,16,32,17,HLA-DRB5,0.10065639049899297
82,16,32,18,THBS1,0.10000256041530038
82,16,32,19,RPS4Y2,0.09825373612462551
82,16,32,20,PI3,0.09644033105655958
82,16,32,21,MIR1974,0.09547539003389083
82,16,32,22,LOC100132394,0.09470313143921347
82,16,32,23,IL1B,0.09242810810960038
82,16,32,24,RNU5A,0.09179464338881681
82,16,32,25,CYorf15A,0.08963113498798665
82,16,32,26,HES4,0.08933109199829112
82,16,32,27,RPS4Y1,0.08860267661480131
82,16,32,28,XIST,0.08619910502942563
82,16,32,29,SOCS2,0.08551896502721408
82,16,32,30,LOC100133662,0.08536285060671298
82,16,32,31,LOC642113,0.084633463681634
82,16,32,32,CYorf15B,0.0845510994542645
83,4,8,1,VWF,0.047166575899501025
83,4,8,2,MPL,0.04329104433457081
83,4,8,3,RBPMS2,0.04072269006962431
83,4,8,4,TNFSF10,0.0403325553384026
83,4,8,5,ESAM,0.037998679199543604
83,4,8,6,CLEC1B,0.03606464566537674
83,4,8,7,MS4A2,0.03550052465892463
83,4,8,8,ITGA2B,0.031789729668250645
83,4,16,1,VWF,0.047166575899501025
83,4,16,2,MPL,0.04329104433457081
83,4,16,3,RBPMS2,0.04072269006962431
83,4,16,4,TNFSF10,0.0403325553384026
83,4,16,5,ESAM,0.037998679199543604
83,4,16,6,CLEC1B,0.03606464566537674
83,4,16,7,MS4A2,0.03550052465892463
83,4,16,8,ITGA2B,0.031789729668250645
83,4,16,9,SERPINE2,0.03146801849476466
83,4,16,10,TSPAN33,0.03145861903529819
83,4,16,11,HIST1H4E,0.030826928391841053
83,4,16,12,MAFB,0.03057870265611468
83,4,16,13,C1orf186,0.030430060648804793
83,4,16,14,PROS1,0.030399424604409035
83,4,16,15,ITGB3,0.029536965951573846
83,4,16,16,GP9,0.028233755911813013
83,4,32,1,VWF,0.047166575899501025
83,4,32,2,MPL,0.04329104433457081
83,4,32,3,RBPMS2,0.04072269006962431
83,4,32,4,TNFSF10,0.0403325553384026
83,4,32,5,ESAM,0.037998679199543604
83,4,32,6,CLEC1B,0.03606464566537674
83,4,32,7,MS4A2,0.03550052465892463
83,4,32,8,ITGA2B,0.031789729668250645
83,4,32,9,SERPINE2,0.03146801849476466
83,4,32,10,TSPAN33,0.03145861903529819
83,4,32,11,HIST1H4E,0.030826928391841053
83,4,32,12,MAFB,0.03057870265611468
83,4,32,13,C1orf186,0.030430060648804793
83,4,32,14,PROS1,0.030399424604409035
83,4,32,15,ITGB3,0.029536965951573846
83,4,32,16,GP9,0.028233755911813013
83,4,32,17,IL8RB,0.028062927516201902
83,4,32,18,SNORD3C,0.026670200870557603
83,4,32,19,LAMA5,0.025942874200251893
83,4,32,20,SNORD3A,0.025872993878506573
83,4,32,21,GJB6,0.025829948169002723
83,4,32,22,MGC13057,0.0257434074381714
83,4,32,23,VCAN,0.025717329239010635
83,4,32,24,DEFA4,0.025401717785852495
83,4,32,25,CLDN5,0.025233955749968492
83,4,32,26,F13A1,0.02516585441828531
83,4,32,27,TGFBI,0.024567561954846485
83,4,32,28,LOC100133875,0.02434084736911912
83,4,32,29,LTF,0.024260568517154715
83,4,32,30,IFIT3,0.024093815551559174
83,4,32,31,TCN1,0.02402841067010738
83,4,32,32,IFIT2,0.02386218998620434
83,8,8,1,KIAA0367,0.07234585780346711
83,8,8,2,SELENBP1,0.06740716970646553
83,8,8,3,SLC4A1,0.06708032536175301
83,8,8,4,SPTA1,0.06512535450141564
83,8,8,5,EPB42,0.06418930212339907
83,8,8,6,LGALS2,0.06366792531041149
83,8,8,7,IFIT1L,0.06350463069096988
83,8,8,8,HBM,0.061242231635341954
83,8,16,1,KIAA0367,0.07234585780346711
83,8,16,2,SELENBP1,0.06740716970646553
83,8,16,3,SLC4A1,0.06708032536175301
83,8,16,4,SPTA1,0.06512535450141564
83,8,16,5,EPB42,0.06418930212339907
83,8,16,6,LGALS2,0.06366792531041149
83,8,16,7,IFIT1L,0.06350463069096988
83,8,16,8,HBM,0.061242231635341954
83,8,16,9,GYPB,0.06025189030689923
83,8,16,10,OSBP2,0.05962235801223263
83,8,16,11,AHSP,0.058116110034762095
83,8,16,12,RHAG,0.05545616858577347
83,8,16,13,LAMA5,0.055342938498958515
83,8,16,14,GJB6,0.055285530389242395
83,8,16,15,RAP1GAP,0.05451983808146274
83,8,16,16,IL8RB,0.05406298529174937
83,8,32,1,KIAA0367,0.07234585780346711
83,8,32,2,SELENBP1,0.06740716970646553
83,8,32,3,SLC4A1,0.06708032536175301
83,8,32,4,SPTA1,0.06512535450141564
83,8,32,5,EPB42,0.06418930212339907
83,8,32,6,LGALS2,0.06366792531041149
83,8,32,7,IFIT1L,0.06350463069096988
83,8,32,8,HBM,0.061242231635341954
83,8,32,9,GYPB,0.06025189030689923
83,8,32,10,OSBP2,0.05962235801223263
83,8,32,11,AHSP,0.058116110034762095
83,8,32,12,RHAG,0.05545616858577347
83,8,32,13,LAMA5,0.055342938498958515
83,8,32,14,GJB6,0.055285530389242395
83,8,32,15,RAP1GAP,0.05451983808146274
83,8,32,16,IL8RB,0.05406298529174937
83,8,32,17,LOC100133875,0.05396046364445427
83,8,32,18,CA1,0.05353623829533443
83,8,32,19,VWF,0.05223518595098899
83,8,32,20,NEU4,0.05165258887459603
83,8,32,21,TNFSF10,0.050484693589447405
83,8,32,22,THBS1,0.04997722620226478
83,8,32,23,VCAN,0.04985084088795929
83,8,32,24,MPL,0.04777913135116145
83,8,32,25,PI3,0.04730418695228348
83,8,32,26,MAFB,0.0470685215660159
83,8,32,27,SERPINE2,0.046426082275204866
83,8,32,28,LOC653610,0.04639885407941087
83,8,32,29,IFIT2,0.046380592718969375
83,8,32,30,TGFBI,0.04634095473913599
83,8,32,31,CLIC3,0.04619833901248089
83,8,32,32,G0S2,0.04613339124682203
83,16,8,1,DEFB1,0.19958782517617824
83,16,8,2,LOC100133875,0.15892757258905926
83,16,8,3,LOC644936,0.14200975687241338
83,16,8,4,BAMBI,0.1409496908391999
83,16,8,5,GAPDHL6,0.14034029152305286
83,16,8,6,LILRA3,0.12776602621933505
83,16,8,7,IFI27,0.12330853162532776
83,16,8,8,KIAA0367,0.12323296457138917
83,16,16,1,DEFB1,0.19958782517617824
83,16,16,2,LOC100133875,0.15892757258905926
83,16,16,3,LOC644936,0.14200975687241338
83,16,16,4,BAMBI,0.1409496908391999
83,16,16,5,GAPDHL6,0.14034029152305286
83,16,16,6,LILRA3,0.12776602621933505
83,16,16,7,IFI27,0.12330853162532776
83,16,16,8,KIAA0367,0.12323296457138917
83,16,16,9,GTSF1,0.11536984370724544
83,16,16,10,HLA-A29.1,0.1153115554629424
83,16,16,11,CDC20,0.10690574400609815
83,16,16,12,LGALS2,0.10669043155859152
83,16,16,13,RAP1GAP,0.10204534257529217
83,16,16,14,THBS1,0.1016514045623608
83,16,16,15,TPSAB1,0.10160926356487616
83,16,16,16,LAMA5,0.10160135226637344
83,16,32,1,DEFB1,0.19958782517617824
83,16,32,2,LOC100133875,0.15892757258905926
83,16,32,3,LOC644936,0.14200975687241338
83,16,32,4,BAMBI,0.1409496908391999
83,16,32,5,GAPDHL6,0.14034029152305286
83,16,32,6,LILRA3,0.12776602621933505
83,16,32,7,IFI27,0.12330853162532776
83,16,32,8,KIAA0367,0.12323296457138917
83,16,32,9,GTSF1,0.11536984370724544
83,16,32,10,HLA-A29.1,0.1153115554629424
83,16,32,11,CDC20,0.10690574400609815
83,16,32,12,LGALS2,0.10669043155859152
83,16,32,13,RAP1GAP,0.10204534257529217
83,16,32,14,THBS1,0.1016514045623608
83,16,32,15,TPSAB1,0.10160926356487616
83,16,32,16,LAMA5,0.10160135226637344
83,16,32,17,KIAA1324,0.10066541671405488
83,16,32,18,RPS4Y2,0.09719188254036962
83,16,32,19,HES4,0.09691234033783253
83,16,32,20,LOC100132394,0.09594271688029556
83,16,32,21,XIST,0.09339242826727572
83,16,32,22,ABP1,0.09318774970008473
83,16,32,23,RPS4Y1,0.09306311555826813
83,16,32,24,C1orf150,0.09271117947126394
83,16,32,25,VCAN,0.09153258074828408
83,16,32,26,TPSB2,0.08958070605155898
83,16,32,27,LOC100133662,0.08863437523413893
83,16,32,28,HOXA5,0.0876110817168821
83,16,32,29,FPR2,0.08740818799362926
83,16,32,30,MIR1974,0.08738437285496119
83,16,32,31,BEX1,0.08701442551089487
83,16,32,32,IL1B,0.08691284145546582
84,4,8,1,TNFSF10,0.05029539356995794
84,4,8,2,VWF,0.04871193129202489
84,4,8,3,RBPMS2,0.045709834361968994
84,4,8,4,ESAM,0.04431038465860647
84,4,8,5,GIMAP4,0.0442442124508419
84,4,8,6,ITGA2B,0.04170291774631177
84,4,8,7,PHACTR1,0.03776272235042579
84,4,8,8,CX3CR1,0.03661665376632235
84,4,16,1,TNFSF10,0.05029539356995794
84,4,16,2,VWF,0.04871193129202489
84,4,16,3,RBPMS2,0.045709834361968994
84,4,16,4,ESAM,0.04431038465860647
84,4,16,5,GIMAP4,0.0442442124508419
84,4,16,6,ITGA2B,0.04170291774631177
84,4,16,7,PHACTR1,0.03776272235042579
84,4,16,8,CX3CR1,0.03661665376632235
84,4,16,9,VCAN,0.03583890385079362
84,4,16,10,FGL2,0.035332354088210755
84,4,16,11,CLEC1B,0.03499440815847097
84,4,16,12,GJB6,0.034650867328995534
84,4,16,13,HOXA5,0.03444955755487663
84,4,16,14,SNORD3C,0.03100840928509967
84,4,16,15,ITGB3,0.02989535916583804
84,4,16,16,GADD45B,0.029146909690265906
84,4,32,1,TNFSF10,0.05029539356995794
84,4,32,2,VWF,0.04871193129202489
84,4,32,3,RBPMS2,0.045709834361968994
84,4,32,4,ESAM,0.04431038465860647
84,4,32,5,GIMAP4,0.0442442124508419
84,4,32,6,ITGA2B,0.04170291774631177
84,4,32,7,PHACTR1,0.03776272235042579
84,4,32,8,CX3CR1,0.03661665376632235
84,4,32,9,VCAN,0.03583890385079362
84,4,32,10,FGL2,0.035332354088210755
84,4,32,11,CLEC1B,0.03499440815847097
84,4,32,12,GJB6,0.034650867328995534
84,4,32,13,HOXA5,0.03444955755487663
84,4,32,14,SNORD3C,0.03100840928509967
84,4,32,15,ITGB3,0.02989535916583804
84,4,32,16,GADD45B,0.029146909690265906
84,4,32,17,GP9,0.029061000939780396
84,4,32,18,TSPAN33,0.028986480164084262
84,4,32,19,SLC45A3,0.02879606126198189
84,4,32,20,HIST1H4E,0.02867761238475577
84,4,32,21,MAFB,0.028591007670915557
84,4,32,22,HIST2H3A,0.028487887467983614
84,4,32,23,SNORD3A,0.028231989722274982
84,4,32,24,SPRYD5,0.027885772609137462
84,4,32,25,HES4,0.027194240918101197
84,4,32,26,HIST1H2AM,0.026933787618179123
84,4,32,27,RNU1A3,0.026779569403202117
84,4,32,28,C15orf48,0.026713329708210155
84,4,32,29,TGFBI,0.026632961071162184
84,4,32,30,RNU1F1,0.02632072274713756
84,4,32,31,HIST1H1E,0.026010563957136097
84,4,32,32,MS4A2,0.02598035094419406
84,8,8,1,VCAN,0.07409246576900146
84,8,8,2,SLC4A1,0.07074650503329774
84,8,8,3,CA1,0.0682665896900585
84,8,8,4,SELENBP1,0.06743959999401399
84,8,8,5,AHSP,0.06493631347670341
84,8,8,6,FPR2,0.0647118030735366
84,8,8,7,HBM,0.0637873222939953
84,8,8,8,EPB42,0.06312980152129521
84,8,16,1,VCAN,0.07409246576900146
84,8,16,2,SLC4A1,0.07074650503329774
84,8,16,3,CA1,0.0682665896900585
84,8,16,4,SELENBP1,0.06743959999401399
84,8,16,5,AHSP,0.06493631347670341
84,8,16,6,FPR2,0.0647118030735366
84,8,16,7,HBM,0.0637873222939953
84,8,16,8,EPB42,0.06312980152129521
84,8,16,9,RPS4Y2,0.06280855282244592
84,8,16,10,TGFBI,0.061949582607577935
84,8,16,11,RPS4Y1,0.06067280174614706
84,8,16,12,PRKY,0.0606677068357088
84,8,16,13,TNFSF10,0.05965615905066588
84,8,16,14,PI3,0.05918729566772205
84,8,16,15,LOC100133662,0.05898901560348467
84,8,16,16,XIST,0.05849336201401675
84,8,32,1,VCAN,0.07409246576900146
84,8,32,2,SLC4A1,0.07074650503329774
84,8,32,3,CA1,0.0682665896900585
84,8,32,4,SELENBP1,0.06743959999401399
84,8,32,5,AHSP,0.06493631347670341
84,8,32,6,FPR2,0.0647118030735366
84,8,32,7,HBM,0.0637873222939953
84,8,32,8,EPB42,0.06312980152129521
84,8,32,9,RPS4Y2,0.06280855282244592
84,8,32,10,TGFBI,0.061949582607577935
84,8,32,11,RPS4Y1,0.06067280174614706
84,8,32,12,PRKY,0.0606677068357088
84,8,32,13,TNFSF10,0.05965615905066588
84,8,32,14,PI3,0.05918729566772205
84,8,32,15,LOC100133662,0.05898901560348467
84,8,32,16,XIST,0.05849336201401675
84,8,32,17,MAFB,0.05837964916598612
84,8,32,18,GYPB,0.05812162162266096
84,8,32,19,GAPDHL6,0.0572945482366468
84,8,32,20,IL8RB,0.0564262110510083
84,8,32,21,SPTA1,0.05620868799638843
84,8,32,22,GTSF1,0.05610212972879918
84,8,32,23,CYorf15B,0.05573662784379179
84,8,32,24,LGALS2,0.055150090718002705
84,8,32,25,GIMAP4,0.05477714462813783
84,8,32,26,IFIT1L,0.05438458620052339
84,8,32,27,LY86,0.05233867363307748
84,8,32,28,JARID1D,0.052067199784055156
84,8,32,29,PHACTR1,0.05121970909009525
84,8,32,30,OSBP2,0.050843243399166405
84,8,32,31,GJB6,0.05036439311460368
84,8,32,32,VWF,0.050049783234763286
84,16,8,1,LOC100133875,0.1487480582777624
84,16,8,2,LOC644936,0.1427997178537817
84,16,8,3,GAPDHL6,0.14040849576187123
84,16,8,4,LILRA3,0.13499537558900102
84,16,8,5,DEFB1,0.13047794532943477
84,16,8,6,TPSAB1,0.1300521668391864
84,16,8,7,BAMBI,0.12489245120997493
84,16,8,8,TPSB2,0.12320038224962573
84,16,16,1,LOC100133875,0.1487480582777624
84,16,16,2,LOC644936,0.1427997178537817
84,16,16,3,GAPDHL6,0.14040849576187123
84,16,16,4,LILRA3,0.13499537558900102
84,16,16,5,DEFB1,0.13047794532943477
84,16,16,6,TPSAB1,0.1300521668391864
84,16,16,7,BAMBI,0.12489245120997493
84,16,16,8,TPSB2,0.12320038224962573
84,16,16,9,LOC727908,0.1231477880374971
84,16,16,10,LGALS2,0.12108328583459844
84,16,16,11,IFI27,0.11931153324110723
84,16,16,12,LOC729645,0.11337221047526183
84,16,16,13,LOC100132394,0.1065007664087428
84,16,16,14,KLHL15,0.10537979612866841
84,16,16,15,GTSF1,0.10513138523567366
84,16,16,16,ABP1,0.10249447046534484
84,16,32,1,LOC100133875,0.1487480582777624
84,16,32,2,LOC644936,0.1427997178537817
84,16,32,3,GAPDHL6,0.14040849576187123
84,16,32,4,LILRA3,0.13499537558900102
84,16,32,5,DEFB1,0.13047794532943477
84,16,32,6,TPSAB1,0.1300521668391864
84,16,32,7,BAMBI,0.12489245120997493
84,16,32,8,TPSB2,0.12320038224962573
84,16,32,9,LOC727908,0.1231477880374971
84,16,32,10,LGALS2,0.12108328583459844
84,16,32,11,IFI27,0.11931153324110723
84,16,32,12,LOC729645,0.11337221047526183
84,16,32,13,LOC100132394,0.1065007664087428
84,16,32,14,KLHL15,0.10537979612866841
84,16,32,15,GTSF1,0.10513138523567366
84,16,32,16,ABP1,0.10249447046534484
84,16,32,17,THBS1,0.10196239530824866
84,16,32,18,PI3,0.10124829087143859
84,16,32,19,VCAN,0.100277779154932
84,16,32,20,LOC654055,0.0995553949990017
84,16,32,21,LOC100008588,0.09910669656503704
84,16,32,22,GSTM1,0.09890618731508792
84,16,32,23,IL1B,0.09750941068072225
84,16,32,24,HOXA5,0.09562528899701842
84,16,32,25,TMEM176A,0.09201068580453993
84,16,32,26,RAP1GAP,0.08994837065526515
84,16,32,27,SPRYD5,0.08953659602563332
84,16,32,28,KIAA1324,0.08774295454726418
84,16,32,29,FPR2,0.08710869347771515
84,16,32,30,XIST,0.08710379782738344
84,16,32,31,C1orf186,0.08614215564949514
84,16,32,32,SLC4A1,0.08577746627705214
85,4,8,1,VWF,0.04519222314025365
85,4,8,2,ESAM,0.04060155903086189
85,4,8,3,MPL,0.038497901326134946
85,4,8,4,RBPMS2,0.03759363509249277
85,4,8,5,CLEC1B,0.035431875339325944
85,4,8,6,SERPINE2,0.034645543425623065
85,4,8,7,PROS1,0.033898312185167215
85,4,8,8,MAFB,0.03365519832748472
85,4,16,1,VWF,0.04519222314025365
85,4,16,2,ESAM,0.04060155903086189
85,4,16,3,MPL,0.038497901326134946
85,4,16,4,RBPMS2,0.03759363509249277
85,4,16,5,CLEC1B,0.035431875339325944
85,4,16,6,SERPINE2,0.034645543425623065
85,4,16,7,PROS1,0.033898312185167215
85,4,16,8,MAFB,0.03365519832748472
85,4,16,9,ITGA2B,0.031348942386984775
85,4,16,10,MGC13057,0.030686016144039402
85,4,16,11,TSPAN33,0.03065321092044108
85,4,16,12,HIST1H4E,0.030527648863303072
85,4,16,13,GP9,0.03022839105293977
85,4,16,14,TNFSF10,0.030122406145525863
85,4,16,15,HIST1H2AH,0.029812137750798162
85,4,16,16,HIST1H2AM,0.029711199483439515
85,4,32,1,VWF,0.04519222314025365
85,4,32,2,ESAM,0.04060155903086189
85,4,32,3,MPL,0.038497901326134946
85,4,32,4,RBPMS2,0.03759363509249277
85,4,32,5,CLEC1B,0.035431875339325944
85,4,32,6,SERPINE2,0.034645543425623065
85,4,32,7,PROS1,0.033898312185167215
85,4,32,8,MAFB,0.03365519832748472
85,4,32,9,ITGA2B,0.031348942386984775
85,4,32,10,MGC13057,0.030686016144039402
85,4,32,11,TSPAN33,0.03065321092044108
85,4,32,12,HIST1H4E,0.030527648863303072
85,4,32,13,GP9,0.03022839105293977
85,4,32,14,TNFSF10,0.030122406145525863
85,4,32,15,HIST1H2AH,0.029812137750798162
85,4,32,16,HIST1H2AM,0.029711199483439515
85,4,32,17,HIST1H1B,0.02936763670815135
85,4,32,18,IFI27,0.028408164150108904
85,4,32,19,HIST1H1E,0.028189036969961508
85,4,32,20,GIMAP4,0.027942942254944734
85,4,32,21,SNORD3C,0.0267710502594668
85,4,32,22,ITGB3,0.02672629020478832
85,4,32,23,GIMAP8,0.02599258169063772
85,4,32,24,HIST1H2BG,0.025917796229574422
85,4,32,25,SNORD3A,0.025042050490950405
85,4,32,26,PPBP,0.025024332952459205
85,4,32,27,ADM,0.024956977259891974
85,4,32,28,FGL2,0.024803034803701347
85,4,32,29,RNU11,0.024595969664923507
85,4,32,30,MX1,0.02452726107100053
85,4,32,31,HIST1H1D,0.02443350527365807
85,4,32,32,RNU5A,0.023950312195862855
85,8,8,1,KIAA0367,0.07611861751611114
85,8,8,2,DEFB1,0.06980341000015457
85,8,8,3,LOC644936,0.061802125579364674
85,8,8,4,GYPB,0.05844083699470249
85,8,8,5,TMCC2,0.056851634591997144
85,8,8,6,PI3,0.05656232107215409
85,8,8,7,MAFB,0.05648395430229136
85,8,8,8,IFIT1L,0.053874747813715734
85,8,16,1,KIAA0367,0.07611861751611114
85,8,16,2,DEFB1,0.06980341000015457
85,8,16,3,LOC644936,0.061802125579364674
85,8,16,4,GYPB,0.05844083699470249
85,8,16,5,TMCC2,0.056851634591997144
85,8,16,6,PI3,0.05656232107215409
85,8,16,7,MAFB,0.05648395430229136
85,8,16,8,IFIT1L,0.053874747813715734
85,8,16,9,IL8RB,0.05327532243152336
85,8,16,10,EPB42,0.05321428688945874
85,8,16,11,VWF,0.05311117853275946
85,8,16,12,HBM,0.052589635153068255
85,8,16,13,SPTA1,0.05255188048107182
85,8,16,14,TGFBI,0.05203963888100189
85,8,16,15,SLC4A1,0.05129446767693581
85,8,16,16,HES4,0.05102540012872195
85,8,32,1,KIAA0367,0.07611861751611114
85,8,32,2,DEFB1,0.06980341000015457
85,8,32,3,LOC644936,0.061802125579364674
85,8,32,4,GYPB,0.05844083699470249
85,8,32,5,TMCC2,0.056851634591997144
85,8,32,6,PI3,0.05656232107215409
85,8,32,7,MAFB,0.05648395430229136
85,8,32,8,IFIT1L,0.053874747813715734
85,8,32,9,IL8RB,0.05327532243152336
85,8,32,10,EPB42,0.05321428688945874
85,8,32,11,VWF,0.05311117853275946
85,8,32,12,HBM,0.052589635153068255
85,8,32,13,SPTA1,0.05255188048107182
85,8,32,14,TGFBI,0.05203963888100189
85,8,32,15,SLC4A1,0.05129446767693581
85,8,32,16,HES4,0.05102540012872195
85,8,32,17,RAP1GAP,0.050922488188133073
85,8,32,18,CA1,0.05029884416531419
85,8,32,19,ALPL,0.049274539874668774
85,8,32,20,SELENBP1,0.04909235611707241
85,8,32,21,AHSP,0.04883810788250447
85,8,32,22,TREM1,0.04843942544134882
85,8,32,23,IFIT2,0.048282637697845666
85,8,32,24,TNFSF10,0.047999119706415884
85,8,32,25,IFIT3,0.04785350940716567
85,8,32,26,ADM,0.04656205627827514
85,8,32,27,CYTL1,0.04647167571370172
85,8,32,28,CYorf15A,0.04543503451654448
85,8,32,29,VCAN,0.0451493684026047
85,8,32,30,EMP1,0.0451472358695675
85,8,32,31,OSBP2,0.044308767526760766
85,8,32,32,HIST2H2BF,0.043786089798629135
85,16,8,1,DEFB1,0.14509099575148637
85,16,8,2,LOC100133875,0.14121583687419217
85,16,8,3,KIAA0367,0.12542898367665806
85,16,8,4,LILRA3,0.12288529011339008
85,16,8,5,IFI27,0.11847144889670819
85,16,8,6,GSTM1,0.1109651437768411
85,16,8,7,LOC644936,0.11092588483301645
85,16,8,8,TPSAB1,0.10769885436844395
85,16,16,1,DEFB1,0.14509099575148637
85,16,16,2,LOC100133875,0.14121583687419217
85,16,16,3,KIAA0367,0.12542898367665806
85,16,16,4,LILRA3,0.12288529011339008
85,16,16,5,IFI27,0.11847144889670819
85,16,16,6,GSTM1,0.1109651437768411
85,16,16,7,LOC644936,0.11092588483301645
85,16,16,8,TPSAB1,0.10769885436844395
85,16,16,9,IL1B,0.1038942631553868
85,16,16,10,GTSF1,0.10176314605075108
85,16,16,11,C1orf150,0.09871956847054753
85,16,16,12,LOC100132394,0.09784654512820416
85,16,16,13,TPSB2,0.09623680716062827
85,16,16,14,HLA-DRB5,0.09598645889560767
85,16,16,15,LOC731682,0.0945312085143159
85,16,16,16,HLA-A29.1,0.09384468066746497
85,16,32,1,DEFB1,0.14509099575148637
85,16,32,2,LOC100133875,0.14121583687419217
85,16,32,3,KIAA0367,0.12542898367665806
85,16,32,4,LILRA3,0.12288529011339008
85,16,32,5,IFI27,0.11847144889670819
85,16,32,6,GSTM1,0.1109651437768411
85,16,32,7,LOC644936,0.11092588483301645
85,16,32,8,TPSAB1,0.10769885436844395
85,16,32,9,IL1B,0.1038942631553868
85,16,32,10,GTSF1,0.10176314605075108
85,16,32,11,C1orf150,0.09871956847054753
85,16,32,12,LOC100132394,0.09784654512820416
85,16,32,13,TPSB2,0.09623680716062827
85,16,32,14,HLA-DRB5,0.09598645889560767
85,16,32,15,LOC731682,0.0945312085143159
85,16,32,16,HLA-A29.1,0.09384468066746497
85,16,32,17,KLHL15,0.09375865422516683
85,16,32,18,PI3,0.0936788683624798
85,16,32,19,HBBP1,0.09296449698500925
85,16,32,20,THBS1,0.09173712736316984
85,16,32,21,KIAA1324,0.09099074232145403
85,16,32,22,TEX101,0.09008047591680425
85,16,32,23,HOXA5,0.08914627949784576
85,16,32,24,EBI2,0.08799416268199121
85,16,32,25,EPAS1,0.08747584386030009
85,16,32,26,RPS4Y2,0.08716417813541796
85,16,32,27,IFITM3,0.08657453175005506
85,16,32,28,IFIT2,0.08647026686049225
85,16,32,29,FOLR3,0.0860430930945734
85,16,32,30,GAPDHL6,0.08541810809092178
85,16,32,31,XIST,0.08498984938540285
85,16,32,32,CLEC11A,0.08462548244908025
86,4,8,1,VWF,0.055506553513182205
86,4,8,2,RBPMS2,0.04553902285514817
86,4,8,3,ESAM,0.04507351345019494
86,4,8,4,ITGA2B,0.04489129803302532
86,4,8,5,SERPINE2,0.039808509596825116
86,4,8,6,CLEC1B,0.03699018475867411
86,4,8,7,PHACTR1,0.03577076837648037
86,4,8,8,GJB6,0.03444091948800871
86,4,16,1,VWF,0.055506553513182205
86,4,16,2,RBPMS2,0.04553902285514817
86,4,16,3,ESAM,0.04507351345019494
86,4,16,4,ITGA2B,0.04489129803302532
86,4,16,5,SERPINE2,0.039808509596825116
86,4,16,6,CLEC1B,0.03699018475867411
86,4,16,7,PHACTR1,0.03577076837648037
86,4,16,8,GJB6,0.03444091948800871
86,4,16,9,DDIT4,0.03438034748748585
86,4,16,10,GP9,0.033798723479683095
86,4,16,11,TSPAN33,0.032244770918970794
86,4,16,12,C15orf48,0.031166834157785556
86,4,16,13,ITGB3,0.03030917478904013
86,4,16,14,GIMAP4,0.02937947407951248
86,4,16,15,MAFB,0.02922420210666418
86,4,16,16,ADM,0.028418717083233413
86,4,32,1,VWF,0.055506553513182205
86,4,32,2,RBPMS2,0.04553902285514817
86,4,32,3,ESAM,0.04507351345019494
86,4,32,4,ITGA2B,0.04489129803302532
86,4,32,5,SERPINE2,0.039808509596825116
86,4,32,6,CLEC1B,0.03699018475867411
86,4,32,7,PHACTR1,0.03577076837648037
86,4,32,8,GJB6,0.03444091948800871
86,4,32,9,DDIT4,0.03438034748748585
86,4,32,10,GP9,0.033798723479683095
86,4,32,11,TSPAN33,0.032244770918970794
86,4,32,12,C15orf48,0.031166834157785556
86,4,32,13,ITGB3,0.03030917478904013
86,4,32,14,GIMAP4,0.02937947407951248
86,4,32,15,MAFB,0.02922420210666418
86,4,32,16,ADM,0.028418717083233413
86,4,32,17,HIST1H2AH,0.02833005771215395
86,4,32,18,MGC13057,0.027521848754856706
86,4,32,19,HES4,0.027125764556967108
86,4,32,20,THBS1,0.026750011483488066
86,4,32,21,HBEGF,0.026545349428754583
86,4,32,22,LILRA3,0.026523994942426948
86,4,32,23,TNFSF10,0.026497450541038952
86,4,32,24,GIMAP8,0.026425250575780844
86,4,32,25,LOC100133875,0.02567585336897693
86,4,32,26,CXCL2,0.02520462730840503
86,4,32,27,CD83,0.025186577799486735
86,4,32,28,PPBP,0.024759176698228046
86,4,32,29,CSF1R,0.02456180932262658
86,4,32,30,NAT8B,0.02444944695750786
86,4,32,31,SIK1,0.024029788451557902
86,4,32,32,C16orf75,0.023899891873950103
86,8,8,1,CDC20,0.08057020864279256
86,8,8,2,SLC4A1,0.07956070386701904
86,8,8,3,EPB42,0.07623456008683632
86,8,8,4,AHSP,0.07080452195736901
86,8,8,5,LOC441763,0.07059691889856047
86,8,8,6,IFI27,0.06854693176505854
86,8,8,7,DLGAP5,0.06729659956895405
86,8,8,8,IFIT1L,0.066919159416188
86,8,16,1,CDC20,0.08057020864279256
86,8,16,2,SLC4A1,0.07956070386701904
86,8,16,3,EPB42,0.07623456008683632
86,8,16,4,AHSP,0.07080452195736901
86,8,16,5,LOC441763,0.07059691889856047
86,8,16,6,IFI27,0.06854693176505854
86,8,16,7,DLGAP5,0.06729659956895405
86,8,16,8,IFIT1L,0.066919159416188
86,8,16,9,OSBP2,0.06562227159918721
86,8,16,10,HBM,0.0655940263248186
86,8,16,11,VCAN,0.06498167730080145
86,8,16,12,IL1B,0.06459824619201707
86,8,16,13,CA1,0.06193862121272485
86,8,16,14,VWF,0.061336139191922406
86,8,16,15,GYPB,0.06011529631207944
86,8,16,16,SPTA1,0.05757979332245906
86,8,32,1,CDC20,0.08057020864279256
86,8,32,2,SLC4A1,0.07956070386701904
86,8,32,3,EPB42,0.07623456008683632
86,8,32,4,AHSP,0.07080452195736901
86,8,32,5,LOC441763,0.07059691889856047
86,8,32,6,IFI27,0.06854693176505854
86,8,32,7,DLGAP5,0.06729659956895405
86,8,32,8,IFIT1L,0.066919159416188
86,8,32,9,OSBP2,0.06562227159918721
86,8,32,10,HBM,0.0655940263248186
86,8,32,11,VCAN,0.06498167730080145
86,8,32,12,IL1B,0.06459824619201707
86,8,32,13,CA1,0.06193862121272485
86,8,32,14,VWF,0.061336139191922406
86,8,32,15,GYPB,0.06011529631207944
86,8,32,16,SPTA1,0.05757979332245906
86,8,32,17,ABP1,0.05726864952717206
86,8,32,18,CYorf15B,0.05693148270677254
86,8,32,19,RAP1GAP,0.0561891806222046
86,8,32,20,LOC100133875,0.05478071621252774
86,8,32,21,LILRA3,0.05385407090526524
86,8,32,22,RBPMS2,0.05295007432055127
86,8,32,23,CYorf15A,0.05197158675615659
86,8,32,24,EMP1,0.051583587432315746
86,8,32,25,IL8RB,0.050263257679234986
86,8,32,26,RPS4Y1,0.05022541041338338
86,8,32,27,THBS1,0.050066003866478186
86,8,32,28,ITGA2B,0.05005835352063474
86,8,32,29,MAFB,0.04979933260337794
86,8,32,30,LOC100133662,0.04946835272671951
86,8,32,31,ALPL,0.04883568206274353
86,8,32,32,ESAM,0.048009818466571874
86,16,8,1,BAMBI,0.16079782402249898
86,16,8,2,DEFB1,0.160041503293304
86,16,8,3,LOC100133875,0.1504083760990036
86,16,8,4,LOC644936,0.14792470558365994
86,16,8,5,IFI27,0.14262583656622113
86,16,8,6,LILRA3,0.13648529691561534
86,16,8,7,HBBP1,0.1286519467656708
86,16,8,8,GAPDHL6,0.1195257436106749
86,16,16,1,BAMBI,0.16079782402249898
86,16,16,2,DEFB1,0.160041503293304
86,16,16,3,LOC100133875,0.1504083760990036
86,16,16,4,LOC644936,0.14792470558365994
86,16,16,5,IFI27,0.14262583656622113
86,16,16,6,LILRA3,0.13648529691561534
86,16,16,7,HBBP1,0.1286519467656708
86,16,16,8,GAPDHL6,0.1195257436106749
86,16,16,9,HLA-A29.1,0.11948363346218223
86,16,16,10,LOC654055,0.10962159326346961
86,16,16,11,KIAA0367,0.10635901618265461
86,16,16,12,ABP1,0.10410647353985678
86,16,16,13,LOC441763,0.10226282187100134
86,16,16,14,KLHL15,0.09626351984747272
86,16,16,15,LOC729645,0.09355138031747726
86,16,16,16,CDC20,0.09274476069359096
86,16,32,1,BAMBI,0.16079782402249898
86,16,32,2,DEFB1,0.160041503293304
86,16,32,3,LOC100133875,0.1504083760990036
86,16,32,4,LOC644936,0.14792470558365994
86,16,32,5,IFI27,0.14262583656622113
86,16,32,6,LILRA3,0.13648529691561534
86,16,32,7,HBBP1,0.1286519467656708
86,16,32,8,GAPDHL6,0.1195257436106749
86,16,32,9,HLA-A29.1,0.11948363346218223
86,16,32,10,LOC654055,0.10962159326346961
86,16,32,11,KIAA0367,0.10635901618265461
86,16,32,12,ABP1,0.10410647353985678
86,16,32,13,LOC441763,0.10226282187100134
86,16,32,14,KLHL15,0.09626351984747272
86,16,32,15,LOC729645,0.09355138031747726
86,16,32,16,CDC20,0.09274476069359096
86,16,32,17,SLC4A1,0.09183388358859575
86,16,32,18,GSTM1,0.09160995555236424
86,16,32,19,GTSF1,0.09135370873390516
86,16,32,20,THBS1,0.0906643398289004
86,16,32,21,IL1B,0.09062569639663655
86,16,32,22,LGALS2,0.08761906078563167
86,16,32,23,VWF,0.0875634109808283
86,16,32,24,PI3,0.08688561472600452
86,16,32,25,PCOLCE2,0.0856337812790695
86,16,32,26,MX1,0.08445197771139563
86,16,32,27,RAP1GAP,0.08393450154816659
86,16,32,28,TEX101,0.08368556515768037
86,16,32,29,EPB42,0.08357266518449522
86,16,32,30,HOXA5,0.08348993806024542
86,16,32,31,SPTA1,0.08262352462376472
86,16,32,32,AHSP,0.08254414089771701
87,4,8,1,VCAN,0.044575744833834606
87,4,8,2,VWF,0.04037798933128791
87,4,8,3,IL8RB,0.03893187758843044
87,4,8,4,MAFB,0.037922036329493036
87,4,8,5,MPL,0.037087922291081994
87,4,8,6,IFIT3,0.03674384169981989
87,4,8,7,ESAM,0.034433444229732074
87,4,8,8,RBPMS2,0.03421157471148877
87,4,16,1,VCAN,0.044575744833834606
87,4,16,2,VWF,0.04037798933128791
87,4,16,3,IL8RB,0.03893187758843044
87,4,16,4,MAFB,0.037922036329493036
87,4,16,5,MPL,0.037087922291081994
87,4,16,6,IFIT3,0.03674384169981989
87,4,16,7,ESAM,0.034433444229732074
87,4,16,8,RBPMS2,0.03421157471148877
87,4,16,9,IFIT2,0.03414784039617697
87,4,16,10,TGFBI,0.03377801464406416
87,4,16,11,LOC728835,0.03215395051416316
87,4,16,12,SERPINE2,0.031743721138046674
87,4,16,13,TNFSF10,0.031477444436342414
87,4,16,14,PROS1,0.031165653680968297
87,4,16,15,CLEC1B,0.0299195903404082
87,4,16,16,KIAA0367,0.029661220085531168
87,4,32,1,VCAN,0.044575744833834606
87,4,32,2,VWF,0.04037798933128791
87,4,32,3,IL8RB,0.03893187758843044
87,4,32,4,MAFB,0.037922036329493036
87,4,32,5,MPL,0.037087922291081994
87,4,32,6,IFIT3,0.03674384169981989
87,4,32,7,ESAM,0.034433444229732074
87,4,32,8,RBPMS2,0.03421157471148877
87,4,32,9,IFIT2,0.03414784039617697
87,4,32,10,TGFBI,0.03377801464406416
87,4,32,11,LOC728835,0.03215395051416316
87,4,32,12,SERPINE2,0.031743721138046674
87,4,32,13,TNFSF10,0.031477444436342414
87,4,32,14,PROS1,0.031165653680968297
87,4,32,15,CLEC1B,0.0299195903404082
87,4,32,16,KIAA0367,0.029661220085531168
87,4,32,17,ITGB3,0.029657177012364352
87,4,32,18,FGL2,0.02933410983582823
87,4,32,19,HOXA5,0.02932542981564311
87,4,32,20,HIST1H4E,0.028977207596088808
87,4,32,21,ITGA2B,0.027477743948350036
87,4,32,22,CCL4L1,0.027153720100331295
87,4,32,23,HIST1H2AM,0.027067460627484
87,4,32,24,HIST2H3A,0.026639583973073068
87,4,32,25,CCL3L1,0.02629500868812915
87,4,32,26,CCL3L3,0.026272552176418124
87,4,32,27,HIST2H3C,0.025392281753614424
87,4,32,28,IRF8,0.025304330958086846
87,4,32,29,LTF,0.02508983868737294
87,4,32,30,HIST1H1E,0.024800894400839754
87,4,32,31,LY86,0.024793086511651068
87,4,32,32,HIST1H2BG,0.02475998222601371
87,8,8,1,KLHL15,0.07722302066949871
87,8,8,2,TNFSF10,0.06879307474971084
87,8,8,3,SPTA1,0.06742827667012742
87,8,8,4,LOC644936,0.06613935675132761
87,8,8,5,RAP1GAP,0.06408295717730912
87,8,8,6,ADM,0.05580182405413758
87,8,8,7,EPB42,0.05576022858334203
87,8,8,8,GJB6,0.05507833986696783
87,8,16,1,KLHL15,0.07722302066949871
87,8,16,2,TNFSF10,0.06879307474971084
87,8,16,3,SPTA1,0.06742827667012742
87,8,16,4,LOC644936,0.06613935675132761
87,8,16,5,RAP1GAP,0.06408295717730912
87,8,16,6,ADM,0.05580182405413758
87,8,16,7,EPB42,0.05576022858334203
87,8,16,8,GJB6,0.05507833986696783
87,8,16,9,SLC4A1,0.05505794573162144
87,8,16,10,IL8RB,0.05431309226544396
87,8,16,11,CA1,0.054144459198307064
87,8,16,12,GYPB,0.05364435906739861
87,8,16,13,GAPDHL6,0.05281860540000047
87,8,16,14,GIMAP4,0.05252979175950121
87,8,16,15,MAFB,0.05226625489436631
87,8,16,16,PCOLCE2,0.05181560795177328
87,8,32,1,KLHL15,0.07722302066949871
87,8,32,2,TNFSF10,0.06879307474971084
87,8,32,3,SPTA1,0.06742827667012742
87,8,32,4,LOC644936,0.06613935675132761
87,8,32,5,RAP1GAP,0.06408295717730912
87,8,32,6,ADM,0.05580182405413758
87,8,32,7,EPB42,0.05576022858334203
87,8,32,8,GJB6,0.05507833986696783
87,8,32,9,SLC4A1,0.05505794573162144
87,8,32,10,IL8RB,0.05431309226544396
87,8,32,11,CA1,0.054144459198307064
87,8,32,12,GYPB,0.05364435906739861
87,8,32,13,GAPDHL6,0.05281860540000047
87,8,32,14,GIMAP4,0.05252979175950121
87,8,32,15,MAFB,0.05226625489436631
87,8,32,16,PCOLCE2,0.05181560795177328
87,8,32,17,TNFRSF21,0.05054378651076753
87,8,32,18,VCAN,0.04990571593503147
87,8,32,19,HBM,0.049824823182490145
87,8,32,20,HOXA5,0.04955862792183092
87,8,32,21,AHSP,0.04944956345613874
87,8,32,22,PHACTR1,0.04935011118332587
87,8,32,23,IFIT1L,0.04928620189346842
87,8,32,24,THBS1,0.049152164996556634
87,8,32,25,FGL2,0.049044412007381064
87,8,32,26,VWF,0.04872597318368497
87,8,32,27,RHAG,0.04869731747412975
87,8,32,28,PI3,0.04843606508853488
87,8,32,29,SERPINE2,0.04842374226360593
87,8,32,30,C16orf75,0.04838124435345559
87,8,32,31,MPL,0.047589150349938956
87,8,32,32,OSBP2,0.04711524914031586
87,16,8,1,DEFB1,0.2008224731265449
87,16,8,2,LOC100133875,0.1450224705086967
87,16,8,3,BAMBI,0.1414550340249927
87,16,8,4,GAPDHL6,0.14051780243355236
87,16,8,5,KLHL15,0.13079375086580597
87,16,8,6,GTSF1,0.12869392940429228
87,16,8,7,HLA-A29.1,0.12614758480703966
87,16,8,8,IFI27,0.1259769760812514
87,16,16,1,DEFB1,0.2008224731265449
87,16,16,2,LOC100133875,0.1450224705086967
87,16,16,3,BAMBI,0.1414550340249927
87,16,16,4,GAPDHL6,0.14051780243355236
87,16,16,5,KLHL15,0.13079375086580597
87,16,16,6,GTSF1,0.12869392940429228
87,16,16,7,HLA-A29.1,0.12614758480703966
87,16,16,8,IFI27,0.1259769760812514
87,16,16,9,LOC729645,0.12428891440590321
87,16,16,10,LOC654055,0.11943888438706614
87,16,16,11,LILRA3,0.11607644473315937
87,16,16,12,HOXA5,0.11419518555295836
87,16,16,13,RPS4Y2,0.10812924778417105
87,16,16,14,GSTM1,0.10519706884521707
87,16,16,15,HLA-DRB1,0.10367597248731482
87,16,16,16,TPSAB1,0.10256110429836605
87,16,32,1,DEFB1,0.2008224731265449
87,16,32,2,LOC100133875,0.1450224705086967
87,16,32,3,BAMBI,0.1414550340249927
87,16,32,4,GAPDHL6,0.14051780243355236
87,16,32,5,KLHL15,0.13079375086580597
87,16,32,6,GTSF1,0.12869392940429228
87,16,32,7,HLA-A29.1,0.12614758480703966
87,16,32,8,IFI27,0.1259769760812514
87,16,32,9,LOC729645,0.12428891440590321
87,16,32,10,LOC654055,0.11943888438706614
87,16,32,11,LILRA3,0.11607644473315937
87,16,32,12,HOXA5,0.11419518555295836
87,16,32,13,RPS4Y2,0.10812924778417105
87,16,32,14,GSTM1,0.10519706884521707
87,16,32,15,HLA-DRB1,0.10367597248731482
87,16,32,16,TPSAB1,0.10256110429836605
87,16,32,17,HLA-DRB5,0.1016697239132189
87,16,32,18,LOC644936,0.10100875531585558
87,16,32,19,RAP1GAP,0.09923827789394105
87,16,32,20,LOC100132394,0.09913078605735554
87,16,32,21,IFIT2,0.09857854138435383
87,16,32,22,RPS4Y1,0.09430124462050198
87,16,32,23,IFIT3,0.09408386731025581
87,16,32,24,CYorf15A,0.093855535526529
87,16,32,25,TPSB2,0.09350331932850584
87,16,32,26,LOC731682,0.09342575147711293
87,16,32,27,LOC100133662,0.09337654176722002
87,16,32,28,XIST,0.09148759200171541
87,16,32,29,C1orf150,0.09088464223999204
87,16,32,30,VCAN,0.08909588948974936
87,16,32,31,THBS1,0.08877965399124348
87,16,32,32,KIAA0367,0.08864417546815279
88,4,8,1,VWF,0.0414944802201316
88,4,8,2,AQP9,0.03397343237286037
88,4,8,3,MPL,0.032567349480617055
88,4,8,4,ADM,0.03145277017056621
88,4,8,5,TREM1,0.030307531791437956
88,4,8,6,LTF,0.030013135391949997
88,4,8,7,TCN1,0.02953943090400961
88,4,8,8,GADD45B,0.02951679474471111
88,4,16,1,VWF,0.0414944802201316
88,4,16,2,AQP9,0.03397343237286037
88,4,16,3,MPL,0.032567349480617055
88,4,16,4,ADM,0.03145277017056621
88,4,16,5,TREM1,0.030307531791437956
88,4,16,6,LTF,0.030013135391949997
88,4,16,7,TCN1,0.02953943090400961
88,4,16,8,GADD45B,0.02951679474471111
88,4,16,9,HIST1H4E,0.029470017754030898
88,4,16,10,RBPMS2,0.029225718638775197
88,4,16,11,G0S2,0.02857606038326871
88,4,16,12,HIST2H3A,0.02806380837293657
88,4,16,13,IL8RB,0.02800312288346033
88,4,16,14,RGS1,0.027770484477603764
88,4,16,15,HIST1H2AM,0.027693751462507472
88,4,16,16,ESAM,0.027604696495065858
88,4,32,1,VWF,0.0414944802201316
88,4,32,2,AQP9,0.03397343237286037
88,4,32,3,MPL,0.032567349480617055
88,4,32,4,ADM,0.03145277017056621
88,4,32,5,TREM1,0.030307531791437956
88,4,32,6,LTF,0.030013135391949997
88,4,32,7,TCN1,0.02953943090400961
88,4,32,8,GADD45B,0.02951679474471111
88,4,32,9,HIST1H4E,0.029470017754030898
88,4,32,10,RBPMS2,0.029225718638775197
88,4,32,11,G0S2,0.02857606038326871
88,4,32,12,HIST2H3A,0.02806380837293657
88,4,32,13,IL8RB,0.02800312288346033
88,4,32,14,RGS1,0.027770484477603764
88,4,32,15,HIST1H2AM,0.027693751462507472
88,4,32,16,ESAM,0.027604696495065858
88,4,32,17,LOC653610,0.027163760112710142
88,4,32,18,SERPINE2,0.02706213516304996
88,4,32,19,CEACAM8,0.026842685701194288
88,4,32,20,HIST1H2AH,0.026752886281900527
88,4,32,21,HIST2H2BF,0.026383733935042977
88,4,32,22,EMP1,0.026367823318113832
88,4,32,23,CD24,0.026067402170576046
88,4,32,24,EPDR1,0.025899726308325065
88,4,32,25,HIST2H3C,0.025542480597035466
88,4,32,26,PGLYRP1,0.025518529878553027
88,4,32,27,DEFA4,0.025500782473776257
88,4,32,28,TSPAN33,0.025496423133517108
88,4,32,29,HIST1H2BG,0.02548756680852989
88,4,32,30,TACSTD2,0.025407782328841572
88,4,32,31,PI3,0.025364713261635533
88,4,32,32,EBI2,0.02534458436493994
88,8,8,1,RPS4Y2,0.07250852348023042
88,8,8,2,LOC100133662,0.06798494815598963
88,8,8,3,VWF,0.06741517941410928
88,8,8,4,RPS4Y1,0.06489105736712977
88,8,8,5,XIST,0.06441792085711787
88,8,8,6,SLC4A1,0.061303213586220096
88,8,8,7,SELENBP1,0.060981695891693104
88,8,8,8,DEFB1,0.05990845171298133
88,8,16,1,RPS4Y2,0.07250852348023042
88,8,16,2,LOC100133662,0.06798494815598963
88,8,16,3,VWF,0.06741517941410928
88,8,16,4,RPS4Y1,0.06489105736712977
88,8,16,5,XIST,0.06441792085711787
88,8,16,6,SLC4A1,0.061303213586220096
88,8,16,7,SELENBP1,0.060981695891693104
88,8,16,8,DEFB1,0.05990845171298133
88,8,16,9,PRKY,0.05972349812887729
88,8,16,10,EPB42,0.059658228910040766
88,8,16,11,EIF1AY,0.058983409377708095
88,8,16,12,JARID1D,0.05733352284801892
88,8,16,13,CYorf15A,0.0567058841414007
88,8,16,14,TRIM58,0.056271051551845544
88,8,16,15,TMCC2,0.05598697344855342
88,8,16,16,IFIT1L,0.0545895202237913
88,8,32,1,RPS4Y2,0.07250852348023042
88,8,32,2,LOC100133662,0.06798494815598963
88,8,32,3,VWF,0.06741517941410928
88,8,32,4,RPS4Y1,0.06489105736712977
88,8,32,5,XIST,0.06441792085711787
88,8,32,6,SLC4A1,0.061303213586220096
88,8,32,7,SELENBP1,0.060981695891693104
88,8,32,8,DEFB1,0.05990845171298133
88,8,32,9,PRKY,0.05972349812887729
88,8,32,10,EPB42,0.059658228910040766
88,8,32,11,EIF1AY,0.058983409377708095
88,8,32,12,JARID1D,0.05733352284801892
88,8,32,13,CYorf15A,0.0567058841414007
88,8,32,14,TRIM58,0.056271051551845544
88,8,32,15,TMCC2,0.05598697344855342
88,8,32,16,IFIT1L,0.0545895202237913
88,8,32,17,HBM,0.05401900760506058
88,8,32,18,CYorf15B,0.0539245427776647
88,8,32,19,OSBP2,0.05278485093986848
88,8,32,20,SNCA,0.05235657635384967
88,8,32,21,MX1,0.05214956374349716
88,8,32,22,AHSP,0.05158317573405889
88,8,32,23,GYPB,0.050877824800962645
88,8,32,24,CA1,0.05027391317871405
88,8,32,25,RBPMS2,0.049783094284433324
88,8,32,26,IL8RB,0.04961062879670988
88,8,32,27,HOXA5,0.04762318657145855
88,8,32,28,MAFB,0.0470258851682826
88,8,32,29,ESAM,0.046439828754464174
88,8,32,30,TGFBI,0.04615838719716748
88,8,32,31,TNFSF10,0.04614917078535046
88,8,32,32,NAPSB,0.0458286046879006
88,16,8,1,DEFB1,0.16765283588654945
88,16,8,2,BAMBI,0.15255387862784317
88,16,8,3,HLA-A29.1,0.14800591932689927
88,16,8,4,GTSF1,0.14324944881815108
88,16,8,5,LOC644936,0.1357011398728393
88,16,8,6,HLA-DRB5,0.13044251798949205
88,16,8,7,KIAA0367,0.12795832325082118
88,16,8,8,LOC729645,0.12029330893390248
88,16,16,1,DEFB1,0.16765283588654945
88,16,16,2,BAMBI,0.15255387862784317
88,16,16,3,HLA-A29.1,0.14800591932689927
88,16,16,4,GTSF1,0.14324944881815108
88,16,16,5,LOC644936,0.1357011398728393
88,16,16,6,HLA-DRB5,0.13044251798949205
88,16,16,7,KIAA0367,0.12795832325082118
88,16,16,8,LOC729645,0.12029330893390248
88,16,16,9,LOC654055,0.11683864089209432
88,16,16,10,C1orf150,0.11513629163009816
88,16,16,11,GAPDHL6,0.1096691208510367
88,16,16,12,HLA-DRB1,0.10769177427468567
88,16,16,13,HOXA5,0.10565092522001876
88,16,16,14,LOC100132394,0.10347131110364706
88,16,16,15,SPRYD5,0.10338806213571007
88,16,16,16,GSTM1,0.10270984942279408
88,16,32,1,DEFB1,0.16765283588654945
88,16,32,2,BAMBI,0.15255387862784317
88,16,32,3,HLA-A29.1,0.14800591932689927
88,16,32,4,GTSF1,0.14324944881815108
88,16,32,5,LOC644936,0.1357011398728393
88,16,32,6,HLA-DRB5,0.13044251798949205
88,16,32,7,KIAA0367,0.12795832325082118
88,16,32,8,LOC729645,0.12029330893390248
88,16,32,9,LOC654055,0.11683864089209432
88,16,32,10,C1orf150,0.11513629163009816
88,16,32,11,GAPDHL6,0.1096691208510367
88,16,32,12,HLA-DRB1,0.10769177427468567
88,16,32,13,HOXA5,0.10565092522001876
88,16,32,14,LOC100132394,0.10347131110364706
88,16,32,15,SPRYD5,0.10338806213571007
88,16,32,16,GSTM1,0.10270984942279408
88,16,32,17,IL1B,0.1023887303596477
88,16,32,18,IFI27,0.10120888295449923
88,16,32,19,LGALS2,0.09859773433934665
88,16,32,20,KIAA1324,0.09210201356731014
88,16,32,21,RPS4Y2,0.09187276852597077
88,16,32,22,ABP1,0.09079142904109654
88,16,32,23,KLHL15,0.09018723087967596
88,16,32,24,NEU4,0.0879909251352386
88,16,32,25,BEX1,0.08719824963803303
88,16,32,26,FOLR3,0.08606822343709968
88,16,32,27,MIR1974,0.08557435572405932
88,16,32,28,SLC45A3,0.08510023337496322
88,16,32,29,VWF,0.08429646509106302
88,16,32,30,HBBP1,0.08385333043971466
88,16,32,31,EBI2,0.08248420007885203
88,16,32,32,LOC731682,0.08196390934728306
89,4,8,1,TNFSF10,0.047151575227023845
89,4,8,2,VWF,0.04685710925289869
89,4,8,3,MS4A2,0.04198799431536087
89,4,8,4,ESAM,0.03982641297989131
89,4,8,5,MPL,0.03906022062810843
89,4,8,6,RBPMS2,0.03821030746665833
89,4,8,7,SLC45A3,0.03748538389491871
89,4,8,8,SERPINE2,0.036386300492000964
89,4,16,1,TNFSF10,0.047151575227023845
89,4,16,2,VWF,0.04685710925289869
89,4,16,3,MS4A2,0.04198799431536087
89,4,16,4,ESAM,0.03982641297989131
89,4,16,5,MPL,0.03906022062810843
89,4,16,6,RBPMS2,0.03821030746665833
89,4,16,7,SLC45A3,0.03748538389491871
89,4,16,8,SERPINE2,0.036386300492000964
89,4,16,9,FGL2,0.035994174953560096
89,4,16,10,CLEC1B,0.035324127153269
89,4,16,11,MAFB,0.03447359309086087
89,4,16,12,ITGA2B,0.033364678728031304
89,4,16,13,PROS1,0.0327190012594785
89,4,16,14,TSPAN33,0.03209213054359198
89,4,16,15,GIMAP4,0.031693986022646545
89,4,16,16,VCAN,0.031620833209086825
89,4,32,1,TNFSF10,0.047151575227023845
89,4,32,2,VWF,0.04685710925289869
89,4,32,3,MS4A2,0.04198799431536087
89,4,32,4,ESAM,0.03982641297989131
89,4,32,5,MPL,0.03906022062810843
89,4,32,6,RBPMS2,0.03821030746665833
89,4,32,7,SLC45A3,0.03748538389491871
89,4,32,8,SERPINE2,0.036386300492000964
89,4,32,9,FGL2,0.035994174953560096
89,4,32,10,CLEC1B,0.035324127153269
89,4,32,11,MAFB,0.03447359309086087
89,4,32,12,ITGA2B,0.033364678728031304
89,4,32,13,PROS1,0.0327190012594785
89,4,32,14,TSPAN33,0.03209213054359198
89,4,32,15,GIMAP4,0.031693986022646545
89,4,32,16,VCAN,0.031620833209086825
89,4,32,17,C1orf186,0.031300110262156455
89,4,32,18,TGFBI,0.03115994943321688
89,4,32,19,SPRYD5,0.030895962570110555
89,4,32,20,HIST1H4E,0.03080145267419153
89,4,32,21,HIST2H3A,0.030249978432855925
89,4,32,22,GP9,0.030144838072218443
89,4,32,23,SNORD3C,0.029466484670000338
89,4,32,24,LAMA5,0.028403803645771736
89,4,32,25,SNORD3A,0.02791209532777434
89,4,32,26,HIST1H1E,0.027488999846009696
89,4,32,27,MX1,0.02742327022279315
89,4,32,28,ITGB3,0.026698222731715078
89,4,32,29,HIST1H1B,0.026257504267079824
89,4,32,30,PRAGMIN,0.02615729497360412
89,4,32,31,GIMAP8,0.025929193146778558
89,4,32,32,F13A1,0.025879068158912204
89,8,8,1,GYPB,0.07241749166136152
89,8,8,2,SPTA1,0.06919149902616745
89,8,8,3,IFIT1L,0.06719138109431531
89,8,8,4,HBM,0.06656456632449913
89,8,8,5,KIAA0367,0.0626875478108095
89,8,8,6,EPB42,0.061886227636945755
89,8,8,7,CA1,0.060750579256225054
89,8,8,8,AHSP,0.058767304508311066
89,8,16,1,GYPB,0.07241749166136152
89,8,16,2,SPTA1,0.06919149902616745
89,8,16,3,IFIT1L,0.06719138109431531
89,8,16,4,HBM,0.06656456632449913
89,8,16,5,KIAA0367,0.0626875478108095
89,8,16,6,EPB42,0.061886227636945755
89,8,16,7,CA1,0.060750579256225054
89,8,16,8,AHSP,0.058767304508311066
89,8,16,9,SLC4A1,0.05827770073469953
89,8,16,10,NEU4,0.05652760872714179
89,8,16,11,VWF,0.054724972470535545
89,8,16,12,RHAG,0.05400274264742148
89,8,16,13,RAP1GAP,0.05356214279209518
89,8,16,14,G0S2,0.05258478137956475
89,8,16,15,MAFB,0.05226459660937471
89,8,16,16,PI3,0.05171985591269743
89,8,32,1,GYPB,0.07241749166136152
89,8,32,2,SPTA1,0.06919149902616745
89,8,32,3,IFIT1L,0.06719138109431531
89,8,32,4,HBM,0.06656456632449913
89,8,32,5,KIAA0367,0.0626875478108095
89,8,32,6,EPB42,0.061886227636945755
89,8,32,7,CA1,0.060750579256225054
89,8,32,8,AHSP,0.058767304508311066
89,8,32,9,SLC4A1,0.05827770073469953
89,8,32,10,NEU4,0.05652760872714179
89,8,32,11,VWF,0.054724972470535545
89,8,32,12,RHAG,0.05400274264742148
89,8,32,13,RAP1GAP,0.05356214279209518
89,8,32,14,G0S2,0.05258478137956475
89,8,32,15,MAFB,0.05226459660937471
89,8,32,16,PI3,0.05171985591269743
89,8,32,17,XIST,0.05098899454259887
89,8,32,18,OSBP2,0.050243205281796856
89,8,32,19,TGFBI,0.05010804735554095
89,8,32,20,LOC653610,0.04901499366433342
89,8,32,21,ADM,0.047656034798844366
89,8,32,22,LAMA5,0.047573209245010746
89,8,32,23,TNFSF10,0.047421229964227804
89,8,32,24,HES4,0.04677122384321492
89,8,32,25,SLC45A3,0.046433759719254515
89,8,32,26,C1orf186,0.04637469070511936
89,8,32,27,DEFB1,0.045815308126078376
89,8,32,28,PHACTR1,0.045198977918426614
89,8,32,29,IL8RB,0.04495015329377773
89,8,32,30,MS4A2,0.04437673970529325
89,8,32,31,IFI27,0.04423318905977933
89,8,32,32,EMP1,0.044002710199625095
89,16,8,1,LOC100133875,0.15393725054669147
89,16,8,2,LOC644936,0.15177762101858708
89,16,8,3,LILRA3,0.13378934365452375
89,16,8,4,DEFB1,0.13112471084645685
89,16,8,5,LOC100132394,0.11984081225202463
89,16,8,6,LOC727908,0.11908209209687505
89,16,8,7,GTSF1,0.11795424886087072
89,16,8,8,GAPDHL6,0.11302412270061525
89,16,16,1,LOC100133875,0.15393725054669147
89,16,16,2,LOC644936,0.15177762101858708
89,16,16,3,LILRA3,0.13378934365452375
89,16,16,4,DEFB1,0.13112471084645685
89,16,16,5,LOC100132394,0.11984081225202463
89,16,16,6,LOC727908,0.11908209209687505
89,16,16,7,GTSF1,0.11795424886087072
89,16,16,8,GAPDHL6,0.11302412270061525
89,16,16,9,IFI27,0.10996688304191118
89,16,16,10,GSTM1,0.10966806105357618
89,16,16,11,BAMBI,0.1087022803133298
89,16,16,12,HBBP1,0.10491742828976766
89,16,16,13,TPSAB1,0.10416368976416174
89,16,16,14,ABP1,0.10318194863220367
89,16,16,15,MIR1974,0.10254330433645632
89,16,16,16,THBS1,0.10251868675449209
89,16,32,1,LOC100133875,0.15393725054669147
89,16,32,2,LOC644936,0.15177762101858708
89,16,32,3,LILRA3,0.13378934365452375
89,16,32,4,DEFB1,0.13112471084645685
89,16,32,5,LOC100132394,0.11984081225202463
89,16,32,6,LOC727908,0.11908209209687505
89,16,32,7,GTSF1,0.11795424886087072
89,16,32,8,GAPDHL6,0.11302412270061525
89,16,32,9,IFI27,0.10996688304191118
89,16,32,10,GSTM1,0.10966806105357618
89,16,32,11,BAMBI,0.1087022803133298
89,16,32,12,HBBP1,0.10491742828976766
89,16,32,13,TPSAB1,0.10416368976416174
89,16,32,14,ABP1,0.10318194863220367
89,16,32,15,MIR1974,0.10254330433645632
89,16,32,16,THBS1,0.10251868675449209
89,16,32,17,TEX101,0.10038157836217658
89,16,32,18,VCAN,0.09849535934358437
89,16,32,19,EPAS1,0.0984214220354635
89,16,32,20,IL1B,0.09800961013300971
89,16,32,21,TPSB2,0.09794640524062105
89,16,32,22,LOC100008588,0.09615282214252834
89,16,32,23,RAP1GAP,0.09549756525279675
89,16,32,24,KIAA0367,0.09439173871457665
89,16,32,25,LGALS2,0.09384050902496706
89,16,32,26,SLC4A1,0.09281560572811254
89,16,32,27,SPRYD5,0.09201876797985267
89,16,32,28,KLHL15,0.09101860301346187
89,16,32,29,LOC729645,0.08998942214194967
89,16,32,30,IFIT1L,0.08878863923987783
89,16,32,31,XIST,0.08776012100285414
89,16,32,32,PI3,0.08767768149108959
90,4,8,1,VWF,0.04437849870147614
90,4,8,2,MPL,0.041481808218033434
90,4,8,3,RBPMS2,0.03914809863232461
90,4,8,4,TNFSF10,0.03835228030861303
90,4,8,5,ESAM,0.035942875554259
90,4,8,6,FGL2,0.03512171559932126
90,4,8,7,SNORD3C,0.033980573238293434
90,4,8,8,MS4A2,0.033933266113712404
90,4,16,1,VWF,0.04437849870147614
90,4,16,2,MPL,0.041481808218033434
90,4,16,3,RBPMS2,0.03914809863232461
90,4,16,4,TNFSF10,0.03835228030861303
90,4,16,5,ESAM,0.035942875554259
90,4,16,6,FGL2,0.03512171559932126
90,4,16,7,SNORD3C,0.033980573238293434
90,4,16,8,MS4A2,0.033933266113712404
90,4,16,9,ITGA2B,0.033897192765058176
90,4,16,10,CLEC1B,0.03344957640713597
90,4,16,11,SERPINE2,0.033015834838228245
90,4,16,12,HIST1H1B,0.03200763775787478
90,4,16,13,MAFB,0.03163719970469278
90,4,16,14,SNORD3A,0.03152438412893615
90,4,16,15,HIST1H1E,0.030874804145342917
90,4,16,16,TSPAN33,0.03013817426043512
90,4,32,1,VWF,0.04437849870147614
90,4,32,2,MPL,0.041481808218033434
90,4,32,3,RBPMS2,0.03914809863232461
90,4,32,4,TNFSF10,0.03835228030861303
90,4,32,5,ESAM,0.035942875554259
90,4,32,6,FGL2,0.03512171559932126
90,4,32,7,SNORD3C,0.033980573238293434
90,4,32,8,MS4A2,0.033933266113712404
90,4,32,9,ITGA2B,0.033897192765058176
90,4,32,10,CLEC1B,0.03344957640713597
90,4,32,11,SERPINE2,0.033015834838228245
90,4,32,12,HIST1H1B,0.03200763775787478
90,4,32,13,MAFB,0.03163719970469278
90,4,32,14,SNORD3A,0.03152438412893615
90,4,32,15,HIST1H1E,0.030874804145342917
90,4,32,16,TSPAN33,0.03013817426043512
90,4,32,17,RRM2,0.02910767108818268
90,4,32,18,HIST2H2BF,0.02874183717194395
90,4,32,19,RNU1F1,0.028398119198928484
90,4,32,20,RNU1A3,0.02821081766860673
90,4,32,21,HIST1H2BG,0.02798231116026392
90,4,32,22,HIST1H2AH,0.02786768741827197
90,4,32,23,PROS1,0.027657346371947285
90,4,32,24,SLC45A3,0.02754688833721529
90,4,32,25,GJB6,0.026911068816566203
90,4,32,26,GP9,0.02635118938575155
90,4,32,27,GIMAP4,0.025824115687850428
90,4,32,28,RNU1-3,0.025742681764607023
90,4,32,29,PRAGMIN,0.025714674261408863
90,4,32,30,SNORD3D,0.025476911503580776
90,4,32,31,HIST1H1D,0.025106897488754144
90,4,32,32,RNU1G2,0.02499548901120016
90,8,8,1,VCAN,0.0677705980919104
90,8,8,2,SELENBP1,0.06674811128503262
90,8,8,3,MAFB,0.066048265511831
90,8,8,4,EPB42,0.06583387767857496
90,8,8,5,NEU4,0.06460355664791337
90,8,8,6,IFIT1L,0.06386667980982395
90,8,8,7,GYPB,0.061899412537756125
90,8,8,8,LGALS2,0.061717230916955
90,8,16,1,VCAN,0.0677705980919104
90,8,16,2,SELENBP1,0.06674811128503262
90,8,16,3,MAFB,0.066048265511831
90,8,16,4,EPB42,0.06583387767857496
90,8,16,5,NEU4,0.06460355664791337
90,8,16,6,IFIT1L,0.06386667980982395
90,8,16,7,GYPB,0.061899412537756125
90,8,16,8,LGALS2,0.061717230916955
90,8,16,9,SLC4A1,0.06130009867345753
90,8,16,10,OSBP2,0.06091391019082736
90,8,16,11,AHSP,0.06083443633576948
90,8,16,12,TGFBI,0.05925082860632366
90,8,16,13,HBM,0.05823581879870093
90,8,16,14,CA1,0.05709691666950633
90,8,16,15,RAP1GAP,0.05480952230135119
90,8,16,16,IFI27,0.05450096874172273
90,8,32,1,VCAN,0.0677705980919104
90,8,32,2,SELENBP1,0.06674811128503262
90,8,32,3,MAFB,0.066048265511831
90,8,32,4,EPB42,0.06583387767857496
90,8,32,5,NEU4,0.06460355664791337
90,8,32,6,IFIT1L,0.06386667980982395
90,8,32,7,GYPB,0.061899412537756125
90,8,32,8,LGALS2,0.061717230916955
90,8,32,9,SLC4A1,0.06130009867345753
90,8,32,10,OSBP2,0.06091391019082736
90,8,32,11,AHSP,0.06083443633576948
90,8,32,12,TGFBI,0.05925082860632366
90,8,32,13,HBM,0.05823581879870093
90,8,32,14,CA1,0.05709691666950633
90,8,32,15,RAP1GAP,0.05480952230135119
90,8,32,16,IFI27,0.05450096874172273
90,8,32,17,SPTA1,0.05411216784241955
90,8,32,18,RHAG,0.05394386218964961
90,8,32,19,CLEC11A,0.05199491422445228
90,8,32,20,PRSSL1,0.05190552488419242
90,8,32,21,SERPINE2,0.051869133186002225
90,8,32,22,RNU1A3,0.05135371612742796
90,8,32,23,ADM,0.04978457445547553
90,8,32,24,LAMA5,0.049670314740118446
90,8,32,25,PI3,0.04956469392947335
90,8,32,26,IL8RB,0.04925913914881338
90,8,32,27,IFIT2,0.049221584794712794
90,8,32,28,HES4,0.04887351334629
90,8,32,29,SNORD3C,0.04736589528442073
90,8,32,30,VWF,0.04666814196517945
90,8,32,31,LOC653610,0.04654850710721426
90,8,32,32,G0S2,0.04621391986106868
90,16,8,1,GAPDHL6,0.14941892894734216
90,16,8,2,DEFB1,0.142590944037759
90,16,8,3,GTSF1,0.14145352234161024
90,16,8,4,GSTM1,0.13480025090444275
90,16,8,5,KIAA0367,0.13325563272890442
90,16,8,6,HLA-A29.1,0.12613915074102472
90,16,8,7,LOC644936,0.11893181764513724
90,16,8,8,LGALS2,0.11814387717946827
90,16,16,1,GAPDHL6,0.14941892894734216
90,16,16,2,DEFB1,0.142590944037759
90,16,16,3,GTSF1,0.14145352234161024
90,16,16,4,GSTM1,0.13480025090444275
90,16,16,5,KIAA0367,0.13325563272890442
90,16,16,6,HLA-A29.1,0.12613915074102472
90,16,16,7,LOC644936,0.11893181764513724
90,16,16,8,LGALS2,0.11814387717946827
90,16,16,9,BAMBI,0.11805960695635202
90,16,16,10,LOC100133875,0.10815123348464734
90,16,16,11,IL1B,0.10757768260948578
90,16,16,12,RAP1GAP,0.10424100436483301
90,16,16,13,LOC100132394,0.10340991549342671
90,16,16,14,LOC727908,0.10193371376040475
90,16,16,15,TPSAB1,0.1013381986859381
90,16,16,16,LAMA5,0.10002620149271468
90,16,32,1,GAPDHL6,0.14941892894734216
90,16,32,2,DEFB1,0.142590944037759
90,16,32,3,GTSF1,0.14145352234161024
90,16,32,4,GSTM1,0.13480025090444275
90,16,32,5,KIAA0367,0.13325563272890442
90,16,32,6,HLA-A29.1,0.12613915074102472
90,16,32,7,LOC644936,0.11893181764513724
90,16,32,8,LGALS2,0.11814387717946827
90,16,32,9,BAMBI,0.11805960695635202
90,16,32,10,LOC100133875,0.10815123348464734
90,16,32,11,IL1B,0.10757768260948578
90,16,32,12,RAP1GAP,0.10424100436483301
90,16,32,13,LOC100132394,0.10340991549342671
90,16,32,14,LOC727908,0.10193371376040475
90,16,32,15,TPSAB1,0.1013381986859381
90,16,32,16,LAMA5,0.10002620149271468
90,16,32,17,RPS4Y2,0.09841233336765129
90,16,32,18,C1orf150,0.09823302023251729
90,16,32,19,LILRA3,0.09811732499135806
90,16,32,20,XIST,0.09663022400132443
90,16,32,21,IFIT1L,0.0960210922504442
90,16,32,22,PI3,0.09539618841659907
90,16,32,23,EPAS1,0.09425700186634633
90,16,32,24,TPSB2,0.09213480591484041
90,16,32,25,HLA-DRB5,0.09137648176130767
90,16,32,26,TEX101,0.09053422884086249
90,16,32,27,CYorf15A,0.09046125285818454
90,16,32,28,LOC654055,0.0902499467516257
90,16,32,29,NEU4,0.08828765680749087
90,16,32,30,HOXA5,0.08809038415924192
90,16,32,31,RPS4Y1,0.08713933529940542
90,16,32,32,FOLR3,0.08648389482340044
91,4,8,1,VWF,0.047983030252776664
91,4,8,2,HIST1H1B,0.0409131047645023
91,4,8,3,ESAM,0.040131491597201516
91,4,8,4,MPL,0.039675998283097584
91,4,8,5,RBPMS2,0.038412828028053944
91,4,8,6,SNORD3C,0.03552351176547485
91,4,8,7,HIST1H2AH,0.03462302764108727
91,4,8,8,HIST1H1E,0.0345061406714005
91,4,16,1,VWF,0.047983030252776664
91,4,16,2,HIST1H1B,0.0409131047645023
91,4,16,3,ESAM,0.040131491597201516
91,4,16,4,MPL,0.039675998283097584
91,4,16,5,RBPMS2,0.038412828028053944
91,4,16,6,SNORD3C,0.03552351176547485
91,4,16,7,HIST1H2AH,0.03462302764108727
91,4,16,8,HIST1H1E,0.0345061406714005
91,4,16,9,SERPINE2,0.033270244736961434
91,4,16,10,CLEC1B,0.033210258051777526
91,4,16,11,TSPAN33,0.03304301690793189
91,4,16,12,SNORD3A,0.03256313538077677
91,4,16,13,ITGA2B,0.03217446006769645
91,4,16,14,GP9,0.03133011190829603
91,4,16,15,MS4A2,0.03127341199716953
91,4,16,16,PROS1,0.029811644184417733
91,4,32,1,VWF,0.047983030252776664
91,4,32,2,HIST1H1B,0.0409131047645023
91,4,32,3,ESAM,0.040131491597201516
91,4,32,4,MPL,0.039675998283097584
91,4,32,5,RBPMS2,0.038412828028053944
91,4,32,6,SNORD3C,0.03552351176547485
91,4,32,7,HIST1H2AH,0.03462302764108727
91,4,32,8,HIST1H1E,0.0345061406714005
91,4,32,9,SERPINE2,0.033270244736961434
91,4,32,10,CLEC1B,0.033210258051777526
91,4,32,11,TSPAN33,0.03304301690793189
91,4,32,12,SNORD3A,0.03256313538077677
91,4,32,13,ITGA2B,0.03217446006769645
91,4,32,14,GP9,0.03133011190829603
91,4,32,15,MS4A2,0.03127341199716953
91,4,32,16,PROS1,0.029811644184417733
91,4,32,17,LOC100133875,0.029595683788686666
91,4,32,18,IL8RB,0.029333589917630416
91,4,32,19,FGL2,0.028769164922911126
91,4,32,20,KIAA0367,0.028241700113536335
91,4,32,21,TNFSF10,0.028002645292705956
91,4,32,22,DEFA4,0.027778656771927795
91,4,32,23,RNU1A3,0.027130550108556806
91,4,32,24,HIST1H1D,0.02709066330408756
91,4,32,25,HIST1H2BG,0.02694840855166498
91,4,32,26,MAFB,0.026793305203732333
91,4,32,27,SNORD3D,0.02657375162183344
91,4,32,28,PRG3,0.02614771281744312
91,4,32,29,TCN1,0.025937289181758694
91,4,32,30,SPRYD5,0.0257694624142252
91,4,32,31,ITGB3,0.02527970020354197
91,4,32,32,CEACAM8,0.025279514128029854
91,8,8,1,DEFB1,0.09826621531616093
91,8,8,2,LOC644936,0.07322686935274064
91,8,8,3,EPB42,0.07163573246567441
91,8,8,4,GYPB,0.06998686777572273
91,8,8,5,RAP1GAP,0.0698334743649792
91,8,8,6,HBM,0.06906734293882619
91,8,8,7,CA1,0.0664777946055522
91,8,8,8,SPTA1,0.06579845560746782
91,8,16,1,DEFB1,0.09826621531616093
91,8,16,2,LOC644936,0.07322686935274064
91,8,16,3,EPB42,0.07163573246567441
91,8,16,4,GYPB,0.06998686777572273
91,8,16,5,RAP1GAP,0.0698334743649792
91,8,16,6,HBM,0.06906734293882619
91,8,16,7,CA1,0.0664777946055522
91,8,16,8,SPTA1,0.06579845560746782
91,8,16,9,AHSP,0.06244522856412416
91,8,16,10,SLC4A1,0.06132176458872595
91,8,16,11,VWF,0.06009544504809794
91,8,16,12,OSBP2,0.05896882564747247
91,8,16,13,RHAG,0.05629807538982933
91,8,16,14,IFIT1L,0.05511472503053333
91,8,16,15,PCOLCE2,0.054588999396105516
91,8,16,16,ADM,0.05332225683844358
91,8,32,1,DEFB1,0.09826621531616093
91,8,32,2,LOC644936,0.07322686935274064
91,8,32,3,EPB42,0.07163573246567441
91,8,32,4,GYPB,0.06998686777572273
91,8,32,5,RAP1GAP,0.0698334743649792
91,8,32,6,HBM,0.06906734293882619
91,8,32,7,CA1,0.0664777946055522
91,8,32,8,SPTA1,0.06579845560746782
91,8,32,9,AHSP,0.06244522856412416
91,8,32,10,SLC4A1,0.06132176458872595
91,8,32,11,VWF,0.06009544504809794
91,8,32,12,OSBP2,0.05896882564747247
91,8,32,13,RHAG,0.05629807538982933
91,8,32,14,IFIT1L,0.05511472503053333
91,8,32,15,PCOLCE2,0.054588999396105516
91,8,32,16,ADM,0.05332225683844358
91,8,32,17,VCAN,0.052176121626135656
91,8,32,18,HIST2H2BF,0.051960615197965083
91,8,32,19,AQP9,0.05100267193250563
91,8,32,20,MAFB,0.04977251641622125
91,8,32,21,PI3,0.049299580360034644
91,8,32,22,KIAA0367,0.04859640389819072
91,8,32,23,GAPDHL6,0.04788988332521128
91,8,32,24,HES4,0.04758650202655498
91,8,32,25,PHACTR1,0.046549075002286645
91,8,32,26,TGFBI,0.045633507561645165
91,8,32,27,PRG3,0.043892359313044874
91,8,32,28,LOC100133875,0.04374474417908559
91,8,32,29,RBPMS2,0.04359506796136706
91,8,32,30,CD83,0.04324978198506707
91,8,32,31,G0S2,0.04288068770877908
91,8,32,32,TPSAB1,0.04275761728585541
91,16,8,1,DEFB1,0.1877955395244269
91,16,8,2,HLA-A29.1,0.15786375093976687
91,16,8,3,LOC100133875,0.1507846153896559
91,16,8,4,GTSF1,0.14817380534411698
91,16,8,5,LOC727908,0.14392978593650435
91,16,8,6,BAMBI,0.12906747470742835
91,16,8,7,LOC644936,0.1283123310816724
91,16,8,8,LILRA3,0.1244834031454897
91,16,16,1,DEFB1,0.1877955395244269
91,16,16,2,HLA-A29.1,0.15786375093976687
91,16,16,3,LOC100133875,0.1507846153896559
91,16,16,4,GTSF1,0.14817380534411698
91,16,16,5,LOC727908,0.14392978593650435
91,16,16,6,BAMBI,0.12906747470742835
91,16,16,7,LOC644936,0.1283123310816724
91,16,16,8,LILRA3,0.1244834031454897
91,16,16,9,GSTM1,0.12402665640057652
91,16,16,10,TMEM176A,0.11431958333408901
91,16,16,11,LOC654055,0.1128987333195534
91,16,16,12,RAP1GAP,0.10948875252581601
91,16,16,13,LGALS2,0.10589878508201299
91,16,16,14,SLC4A1,0.10388040042075249
91,16,16,15,TPSAB1,0.10040479006722419
91,16,16,16,KIAA0367,0.1002936592485829
91,16,32,1,DEFB1,0.1877955395244269
91,16,32,2,HLA-A29.1,0.15786375093976687
91,16,32,3,LOC100133875,0.1507846153896559
91,16,32,4,GTSF1,0.14817380534411698
91,16,32,5,LOC727908,0.14392978593650435
91,16,32,6,BAMBI,0.12906747470742835
91,16,32,7,LOC644936,0.1283123310816724
91,16,32,8,LILRA3,0.1244834031454897
91,16,32,9,GSTM1,0.12402665640057652
91,16,32,10,TMEM176A,0.11431958333408901
91,16,32,11,LOC654055,0.1128987333195534
91,16,32,12,RAP1GAP,0.10948875252581601
91,16,32,13,LGALS2,0.10589878508201299
91,16,32,14,SLC4A1,0.10388040042075249
91,16,32,15,TPSAB1,0.10040479006722419
91,16,32,16,KIAA0367,0.1002936592485829
91,16,32,17,HOXA5,0.09981467074356887
91,16,32,18,EPB42,0.09932198404767155
91,16,32,19,IFIT1L,0.09765955545407909
91,16,32,20,LOC100132394,0.09318769476994669
91,16,32,21,TPSB2,0.09168524099794434
91,16,32,22,ABP1,0.09079905898030366
91,16,32,23,PI3,0.08991611515302236
91,16,32,24,IL1B,0.08909979722106603
91,16,32,25,LOC100008588,0.08730619616056289
91,16,32,26,SPTA1,0.08712501167475194
91,16,32,27,OSBP2,0.08573993963367392
91,16,32,28,CDC20,0.08446038263268668
91,16,32,29,AHSP,0.08433024610745284
91,16,32,30,EPAS1,0.0836309429559554
91,16,32,31,VCAN,0.08352984649316597
91,16,32,32,HLA-DRB4,0.08328686573917354
92,4,8,1,MMRN1,0.04523358618939102
92,4,8,2,VWF,0.04085932521552349
92,4,8,3,MPL,0.03717750477596474
92,4,8,4,TNFSF10,0.035775945972787264
92,4,8,5,ESAM,0.03572600209086352
92,4,8,6,RBPMS2,0.032691957588322516
92,4,8,7,FGL2,0.03241837573908091
92,4,8,8,XIST,0.030288110339234935
92,4,16,1,MMRN1,0.04523358618939102
92,4,16,2,VWF,0.04085932521552349
92,4,16,3,MPL,0.03717750477596474
92,4,16,4,TNFSF10,0.035775945972787264
92,4,16,5,ESAM,0.03572600209086352
92,4,16,6,RBPMS2,0.032691957588322516
92,4,16,7,FGL2,0.03241837573908091
92,4,16,8,XIST,0.030288110339234935
92,4,16,9,TSPAN33,0.029980032980071517
92,4,16,10,CLEC1B,0.02947762206367174
92,4,16,11,ITGA2B,0.02911270400778416
92,4,16,12,MS4A2,0.028750225210486046
92,4,16,13,SERPINE2,0.028602894939892688
92,4,16,14,GP9,0.028152198645518635
92,4,16,15,GIMAP4,0.02786867989004557
92,4,16,16,IFIT2,0.027556935819818107
92,4,32,1,MMRN1,0.04523358618939102
92,4,32,2,VWF,0.04085932521552349
92,4,32,3,MPL,0.03717750477596474
92,4,32,4,TNFSF10,0.035775945972787264
92,4,32,5,ESAM,0.03572600209086352
92,4,32,6,RBPMS2,0.032691957588322516
92,4,32,7,FGL2,0.03241837573908091
92,4,32,8,XIST,0.030288110339234935
92,4,32,9,TSPAN33,0.029980032980071517
92,4,32,10,CLEC1B,0.02947762206367174
92,4,32,11,ITGA2B,0.02911270400778416
92,4,32,12,MS4A2,0.028750225210486046
92,4,32,13,SERPINE2,0.028602894939892688
92,4,32,14,GP9,0.028152198645518635
92,4,32,15,GIMAP4,0.02786867989004557
92,4,32,16,IFIT2,0.027556935819818107
92,4,32,17,IFIT3,0.027329025191651042
92,4,32,18,CYorf15A,0.02723010302077836
92,4,32,19,IL8RB,0.026910290115085285
92,4,32,20,HBM,0.026409554769985393
92,4,32,21,MAFB,0.026189195907030557
92,4,32,22,CEACAM6,0.02594626368912305
92,4,32,23,SNORD3A,0.02589014205262648
92,4,32,24,LTF,0.02551138282716557
92,4,32,25,PROS1,0.025470060355631395
92,4,32,26,GJB6,0.025421354736633484
92,4,32,27,CEBPE,0.02481441709761947
92,4,32,28,ABCA13,0.024515127602832143
92,4,32,29,SNORD3C,0.024480052285139425
92,4,32,30,SLC45A3,0.024378403599898152
92,4,32,31,RNU5A,0.024186285658269406
92,4,32,32,NAT8B,0.023916175315660097
92,8,8,1,LOC644936,0.08396259470885127
92,8,8,2,ADM,0.06011121455716595
92,8,8,3,IFIT1L,0.05977756907036529
92,8,8,4,SELENBP1,0.05885495337246787
92,8,8,5,TMCC2,0.058573021589615935
92,8,8,6,IFI27,0.05719329202829149
92,8,8,7,KLHL15,0.055337541001121725
92,8,8,8,RAP1GAP,0.05520829285962876
92,8,16,1,LOC644936,0.08396259470885127
92,8,16,2,ADM,0.06011121455716595
92,8,16,3,IFIT1L,0.05977756907036529
92,8,16,4,SELENBP1,0.05885495337246787
92,8,16,5,TMCC2,0.058573021589615935
92,8,16,6,IFI27,0.05719329202829149
92,8,16,7,KLHL15,0.055337541001121725
92,8,16,8,RAP1GAP,0.05520829285962876
92,8,16,9,SLC4A1,0.055050024506450995
92,8,16,10,IL8RB,0.05436934374487773
92,8,16,11,TNFSF10,0.053416157071424504
92,8,16,12,TMEM140,0.05276255272797069
92,8,16,13,MMRN1,0.05213076011783355
92,8,16,14,KIAA0367,0.05181522327350653
92,8,16,15,GYPB,0.05149468405551567
92,8,16,16,HBM,0.05140050865319205
92,8,32,1,LOC644936,0.08396259470885127
92,8,32,2,ADM,0.06011121455716595
92,8,32,3,IFIT1L,0.05977756907036529
92,8,32,4,SELENBP1,0.05885495337246787
92,8,32,5,TMCC2,0.058573021589615935
92,8,32,6,IFI27,0.05719329202829149
92,8,32,7,KLHL15,0.055337541001121725
92,8,32,8,RAP1GAP,0.05520829285962876
92,8,32,9,SLC4A1,0.055050024506450995
92,8,32,10,IL8RB,0.05436934374487773
92,8,32,11,TNFSF10,0.053416157071424504
92,8,32,12,TMEM140,0.05276255272797069
92,8,32,13,MMRN1,0.05213076011783355
92,8,32,14,KIAA0367,0.05181522327350653
92,8,32,15,GYPB,0.05149468405551567
92,8,32,16,HBM,0.05140050865319205
92,8,32,17,EPB42,0.05130803591287315
92,8,32,18,AHSP,0.051175124724277626
92,8,32,19,G0S2,0.050554998740800855
92,8,32,20,OSBP2,0.05050627116744281
92,8,32,21,IL1B,0.04963979942342105
92,8,32,22,CLIC3,0.04926174139053827
92,8,32,23,CLEC11A,0.04848033176751419
92,8,32,24,HIST2H2BF,0.047478692409232706
92,8,32,25,MAFB,0.04740108552351631
92,8,32,26,CA1,0.0471940427769164
92,8,32,27,RNU5A,0.04702695443699453
92,8,32,28,DEFB1,0.047022477533042076
92,8,32,29,FGL2,0.046588102885695315
92,8,32,30,GAPDHL6,0.04641502927304362
92,8,32,31,XK,0.046412085067547654
92,8,32,32,PRTN3,0.04628714461477252
92,16,8,1,DEFB1,0.20040048152273715
92,16,8,2,BAMBI,0.15652375540583296
92,16,8,3,LOC644936,0.13246916755253016
92,16,8,4,GTSF1,0.12494638444784162
92,16,8,5,KIAA0367,0.1239990736351535
92,16,8,6,GAPDHL6,0.1207679631274786
92,16,8,7,IFI27,0.1151890213283012
92,16,8,8,HES4,0.11461679346005477
92,16,16,1,DEFB1,0.20040048152273715
92,16,16,2,BAMBI,0.15652375540583296
92,16,16,3,LOC644936,0.13246916755253016
92,16,16,4,GTSF1,0.12494638444784162
92,16,16,5,KIAA0367,0.1239990736351535
92,16,16,6,GAPDHL6,0.1207679631274786
92,16,16,7,IFI27,0.1151890213283012
92,16,16,8,HES4,0.11461679346005477
92,16,16,9,ABP1,0.11331051938792681
92,16,16,10,LOC100132394,0.11069354438448276
92,16,16,11,HOXA5,0.1047662355918001
92,16,16,12,C1orf150,0.1012527288680521
92,16,16,13,HLA-A29.1,0.10071321963169103
92,16,16,14,IL1B,0.10040442493815643
92,16,16,15,LAMA5,0.10033987139050358
92,16,16,16,LOC654055,0.09832420630376146
92,16,32,1,DEFB1,0.20040048152273715
92,16,32,2,BAMBI,0.15652375540583296
92,16,32,3,LOC644936,0.13246916755253016
92,16,32,4,GTSF1,0.12494638444784162
92,16,32,5,KIAA0367,0.1239990736351535
92,16,32,6,GAPDHL6,0.1207679631274786
92,16,32,7,IFI27,0.1151890213283012
92,16,32,8,HES4,0.11461679346005477
92,16,32,9,ABP1,0.11331051938792681
92,16,32,10,LOC100132394,0.11069354438448276
92,16,32,11,HOXA5,0.1047662355918001
92,16,32,12,C1orf150,0.1012527288680521
92,16,32,13,HLA-A29.1,0.10071321963169103
92,16,32,14,IL1B,0.10040442493815643
92,16,32,15,LAMA5,0.10033987139050358
92,16,32,16,LOC654055,0.09832420630376146
92,16,32,17,LGALS2,0.0969852197632673
92,16,32,18,RPS4Y2,0.09627966008681961
92,16,32,19,KIAA1324,0.09425823097424428
92,16,32,20,PI3,0.0931954819734548
92,16,32,21,GSTM1,0.0923482323413304
92,16,32,22,CDC20,0.09224394006882777
92,16,32,23,BEX1,0.09118411384280734
92,16,32,24,LOC729645,0.0911778840368311
92,16,32,25,IFIT2,0.09011067806614687
92,16,32,26,KLHL15,0.08952793154096783
92,16,32,27,RPS4Y1,0.08936822430374738
92,16,32,28,LOC727908,0.08752580423775726
92,16,32,29,LOC100133662,0.0874774999652445
92,16,32,30,TPSB2,0.08722543328049218
92,16,32,31,RAP1GAP,0.08705363227992755
92,16,32,32,IFIT3,0.08689037516844063
93,4,8,1,IL8RB,0.04992243786504506
93,4,8,2,GAPDHL6,0.03727365940139522
93,4,8,3,IFIT2,0.03628217238470153
93,4,8,4,EOMES,0.033171980027815115
93,4,8,5,HIST2H2BF,0.03168150546490623
93,4,8,6,TNFSF10,0.030659423608806545
93,4,8,7,IFIT3,0.030628756003125843
93,4,8,8,HIST1H4E,0.030451245441888757
93,4,16,1,IL8RB,0.04992243786504506
93,4,16,2,GAPDHL6,0.03727365940139522
93,4,16,3,IFIT2,0.03628217238470153
93,4,16,4,EOMES,0.033171980027815115
93,4,16,5,HIST2H2BF,0.03168150546490623
93,4,16,6,TNFSF10,0.030659423608806545
93,4,16,7,IFIT3,0.030628756003125843
93,4,16,8,HIST1H4E,0.030451245441888757
93,4,16,9,HIST2H3A,0.030338106168125316
93,4,16,10,FPR2,0.029520290984884984
93,4,16,11,HIST1H2AM,0.029448255644359097
93,4,16,12,PI3,0.02909409244334704
93,4,16,13,FGL2,0.028673716797389337
93,4,16,14,NEU4,0.02867331847148911
93,4,16,15,XIST,0.02846433614079057
93,4,16,16,EMP1,0.028063103898747176
93,4,32,1,IL8RB,0.04992243786504506
93,4,32,2,GAPDHL6,0.03727365940139522
93,4,32,3,IFIT2,0.03628217238470153
93,4,32,4,EOMES,0.033171980027815115
93,4,32,5,HIST2H2BF,0.03168150546490623
93,4,32,6,TNFSF10,0.030659423608806545
93,4,32,7,IFIT3,0.030628756003125843
93,4,32,8,HIST1H4E,0.030451245441888757
93,4,32,9,HIST2H3A,0.030338106168125316
93,4,32,10,FPR2,0.029520290984884984
93,4,32,11,HIST1H2AM,0.029448255644359097
93,4,32,12,PI3,0.02909409244334704
93,4,32,13,FGL2,0.028673716797389337
93,4,32,14,NEU4,0.02867331847148911
93,4,32,15,XIST,0.02846433614079057
93,4,32,16,EMP1,0.028063103898747176
93,4,32,17,HIST2H3C,0.027639742707281943
93,4,32,18,RHAG,0.027617982788993863
93,4,32,19,CCL4L1,0.02722299191068928
93,4,32,20,TREM1,0.02721447098060795
93,4,32,21,LOC728835,0.027061726879407298
93,4,32,22,LOC653610,0.02703004568415972
93,4,32,23,G0S2,0.026977245187712603
93,4,32,24,HIST1H2BG,0.02669900755429377
93,4,32,25,HIST1H1E,0.026372513485570466
93,4,32,26,HIST1H1B,0.026101722451147086
93,4,32,27,HBM,0.02607941412846836
93,4,32,28,LTF,0.02598650217391202
93,4,32,29,DEFA4,0.025754768541794464
93,4,32,30,TACSTD2,0.025667320860778824
93,4,32,31,CDC20,0.025562691326667525
93,4,32,32,DLGAP5,0.025203147030503345
93,8,8,1,HOXA5,0.08206760603630503
93,8,8,2,RPS4Y2,0.07267430250139849
93,8,8,3,LOC100133662,0.06991179247534854
93,8,8,4,EPB42,0.06686382499836388
93,8,8,5,XIST,0.06639462316066631
93,8,8,6,RPS4Y1,0.06562206386728825
93,8,8,7,SELENBP1,0.06559982096998898
93,8,8,8,SLC4A1,0.06557176497472941
93,8,16,1,HOXA5,0.08206760603630503
93,8,16,2,RPS4Y2,0.07267430250139849
93,8,16,3,LOC100133662,0.06991179247534854
93,8,16,4,EPB42,0.06686382499836388
93,8,16,5,XIST,0.06639462316066631
93,8,16,6,RPS4Y1,0.06562206386728825
93,8,16,7,SELENBP1,0.06559982096998898
93,8,16,8,SLC4A1,0.06557176497472941
93,8,16,9,EIF1AY,0.06556204009242157
93,8,16,10,CA1,0.06544187157308944
93,8,16,11,AHSP,0.06504544125070855
93,8,16,12,DEFB1,0.06315335578435298
93,8,16,13,HBM,0.06277825827269813
93,8,16,14,TNFSF10,0.0615339552643007
93,8,16,15,CYorf15A,0.061324455991644045
93,8,16,16,GYPB,0.06132267475492965
93,8,32,1,HOXA5,0.08206760603630503
93,8,32,2,RPS4Y2,0.07267430250139849
93,8,32,3,LOC100133662,0.06991179247534854
93,8,32,4,EPB42,0.06686382499836388
93,8,32,5,XIST,0.06639462316066631
93,8,32,6,RPS4Y1,0.06562206386728825
93,8,32,7,SELENBP1,0.06559982096998898
93,8,32,8,SLC4A1,0.06557176497472941
93,8,32,9,EIF1AY,0.06556204009242157
93,8,32,10,CA1,0.06544187157308944
93,8,32,11,AHSP,0.06504544125070855
93,8,32,12,DEFB1,0.06315335578435298
93,8,32,13,HBM,0.06277825827269813
93,8,32,14,TNFSF10,0.0615339552643007
93,8,32,15,CYorf15A,0.061324455991644045
93,8,32,16,GYPB,0.06132267475492965
93,8,32,17,IFIT1L,0.06078895766340772
93,8,32,18,OSBP2,0.059158884247307614
93,8,32,19,JARID1D,0.05890803259409427
93,8,32,20,GAPDHL6,0.05810638148267201
93,8,32,21,VWF,0.057547423155342635
93,8,32,22,IL8RB,0.057162712699691434
93,8,32,23,PRKY,0.05669672769470209
93,8,32,24,TGFBI,0.0527140075678498
93,8,32,25,SPTA1,0.05219498892988894
93,8,32,26,RHAG,0.05088146911534023
93,8,32,27,RBPMS2,0.049995546398216135
93,8,32,28,GIMAP4,0.04917973473117879
93,8,32,29,PHACTR1,0.04909860821449466
93,8,32,30,LY86,0.04892476644660538
93,8,32,31,GJB6,0.04877048628868357
93,8,32,32,ADM,0.04825444104244513
93,16,8,1,HLA-A29.1,0.16824899922931186
93,16,8,2,DEFB1,0.16160927945801057
93,16,8,3,BAMBI,0.15729177882887127
93,16,8,4,LOC100133875,0.14346136797417236
93,16,8,5,GAPDHL6,0.1412128730785283
93,16,8,6,LOC644936,0.138088904694901
93,16,8,7,LOC654055,0.1368392023468572
93,16,8,8,IFI27,0.13366609578122474
93,16,16,1,HLA-A29.1,0.16824899922931186
93,16,16,2,DEFB1,0.16160927945801057
93,16,16,3,BAMBI,0.15729177882887127
93,16,16,4,LOC100133875,0.14346136797417236
93,16,16,5,GAPDHL6,0.1412128730785283
93,16,16,6,LOC644936,0.138088904694901
93,16,16,7,LOC654055,0.1368392023468572
93,16,16,8,IFI27,0.13366609578122474
93,16,16,9,HOXA5,0.12364496500027335
93,16,16,10,LOC729645,0.12332253924020553
93,16,16,11,ABP1,0.12311030893837903
93,16,16,12,LILRA3,0.12233891956563511
93,16,16,13,SPRYD5,0.11379089009646744
93,16,16,14,GTSF1,0.11290572581802949
93,16,16,15,KLHL15,0.11137970589743101
93,16,16,16,GSTM1,0.10890861299308692
93,16,32,1,HLA-A29.1,0.16824899922931186
93,16,32,2,DEFB1,0.16160927945801057
93,16,32,3,BAMBI,0.15729177882887127
93,16,32,4,LOC100133875,0.14346136797417236
93,16,32,5,GAPDHL6,0.1412128730785283
93,16,32,6,LOC644936,0.138088904694901
93,16,32,7,LOC654055,0.1368392023468572
93,16,32,8,IFI27,0.13366609578122474
93,16,32,9,HOXA5,0.12364496500027335
93,16,32,10,LOC729645,0.12332253924020553
93,16,32,11,ABP1,0.12311030893837903
93,16,32,12,LILRA3,0.12233891956563511
93,16,32,13,SPRYD5,0.11379089009646744
93,16,32,14,GTSF1,0.11290572581802949
93,16,32,15,KLHL15,0.11137970589743101
93,16,32,16,GSTM1,0.10890861299308692
93,16,32,17,RPS4Y2,0.10717372897130194
93,16,32,18,LOC100132394,0.1055051470459071
93,16,32,19,C1orf150,0.10536316730463209
93,16,32,20,TPSAB1,0.10099270222132624
93,16,32,21,TEX101,0.09808648289788473
93,16,32,22,TPSB2,0.09603316333158095
93,16,32,23,KIAA1324,0.09395135921327766
93,16,32,24,CYorf15A,0.09317892354392535
93,16,32,25,LGALS2,0.0925493305164416
93,16,32,26,LOC100133662,0.09252104373874905
93,16,32,27,RPS4Y1,0.09231637002056332
93,16,32,28,XIST,0.09112428430955014
93,16,32,29,IFIT2,0.09072592783755784
93,16,32,30,PRKY,0.0898797456181547
93,16,32,31,SLC45A3,0.08793392006229922
93,16,32,32,LOC100008588,0.08667888307828349
94,4,8,1,VWF,0.05660520118670216
94,4,8,2,RBPMS2,0.04790946835007253
94,4,8,3,SERPINE2,0.045528020115991524
94,4,8,4,ESAM,0.04527119354231369
94,4,8,5,PHACTR1,0.044169363667415425
94,4,8,6,ITGA2B,0.042111868203958916
94,4,8,7,CLEC1B,0.04030023268254949
94,4,8,8,GJB6,0.039613028409347814
94,4,16,1,VWF,0.05660520118670216
94,4,16,2,RBPMS2,0.04790946835007253
94,4,16,3,SERPINE2,0.045528020115991524
94,4,16,4,ESAM,0.04527119354231369
94,4,16,5,PHACTR1,0.044169363667415425
94,4,16,6,ITGA2B,0.042111868203958916
94,4,16,7,CLEC1B,0.04030023268254949
94,4,16,8,GJB6,0.039613028409347814
94,4,16,9,GADD45B,0.039124975903960385
94,4,16,10,C15orf48,0.0370428982389523
94,4,16,11,GIMAP4,0.0357641853732024
94,4,16,12,MAFB,0.0351225070803287
94,4,16,13,HES4,0.033455117982944496
94,4,16,14,ITGB3,0.03344731611531942
94,4,16,15,TNFSF10,0.032688595973899705
94,4,16,16,CD83,0.03251769412447147
94,4,32,1,VWF,0.05660520118670216
94,4,32,2,RBPMS2,0.04790946835007253
94,4,32,3,SERPINE2,0.045528020115991524
94,4,32,4,ESAM,0.04527119354231369
94,4,32,5,PHACTR1,0.044169363667415425
94,4,32,6,ITGA2B,0.042111868203958916
94,4,32,7,CLEC1B,0.04030023268254949
94,4,32,8,GJB6,0.039613028409347814
94,4,32,9,GADD45B,0.039124975903960385
94,4,32,10,C15orf48,0.0370428982389523
94,4,32,11,GIMAP4,0.0357641853732024
94,4,32,12,MAFB,0.0351225070803287
94,4,32,13,HES4,0.033455117982944496
94,4,32,14,ITGB3,0.03344731611531942
94,4,32,15,TNFSF10,0.032688595973899705
94,4,32,16,CD83,0.03251769412447147
94,4,32,17,CX3CR1,0.0324216658380154
94,4,32,18,PRAGMIN,0.0320034733514147
94,4,32,19,GP9,0.03194862664574455
94,4,32,20,TREM1,0.031929518136700294
94,4,32,21,RNU1F1,0.03170607549142872
94,4,32,22,ADM,0.031057933538337485
94,4,32,23,LOC653610,0.030886502147569373
94,4,32,24,VCAN,0.030581245676605178
94,4,32,25,SIK1,0.030181244392137558
94,4,32,26,HIST1H4E,0.03011543645661916
94,4,32,27,TSPAN33,0.02988123724342735
94,4,32,28,HIST1H1E,0.029443452325995854
94,4,32,29,THBS1,0.029161621290596115
94,4,32,30,TGFBI,0.02901311737643543
94,4,32,31,RRM2,0.02855583195518524
94,4,32,32,HIST1H2AM,0.02835699216554227
94,8,8,1,SLC4A1,0.07608743428228341
94,8,8,2,SELENBP1,0.07041421498151813
94,8,8,3,EPB42,0.06635130684997191
94,8,8,4,TNFRSF21,0.06582541458628231
94,8,8,5,VWF,0.06432939940546997
94,8,8,6,CA1,0.063556786474078
94,8,8,7,AHSP,0.0634774453644188
94,8,8,8,SERPINE2,0.06260569610734434
94,8,16,1,SLC4A1,0.07608743428228341
94,8,16,2,SELENBP1,0.07041421498151813
94,8,16,3,EPB42,0.06635130684997191
94,8,16,4,TNFRSF21,0.06582541458628231
94,8,16,5,VWF,0.06432939940546997
94,8,16,6,CA1,0.063556786474078
94,8,16,7,AHSP,0.0634774453644188
94,8,16,8,SERPINE2,0.06260569610734434
94,8,16,9,HBM,0.06235547846039387
94,8,16,10,RHAG,0.06109462961377293
94,8,16,11,GYPB,0.059832744203733225
94,8,16,12,SPTA1,0.05964976842590974
94,8,16,13,IFIT1L,0.059368324966686134
94,8,16,14,LGALS2,0.05667206348764466
94,8,16,15,OSBP2,0.05430388947112577
94,8,16,16,PI3,0.05340184321923603
94,8,32,1,SLC4A1,0.07608743428228341
94,8,32,2,SELENBP1,0.07041421498151813
94,8,32,3,EPB42,0.06635130684997191
94,8,32,4,TNFRSF21,0.06582541458628231
94,8,32,5,VWF,0.06432939940546997
94,8,32,6,CA1,0.063556786474078
94,8,32,7,AHSP,0.0634774453644188
94,8,32,8,SERPINE2,0.06260569610734434
94,8,32,9,HBM,0.06235547846039387
94,8,32,10,RHAG,0.06109462961377293
94,8,32,11,GYPB,0.059832744203733225
94,8,32,12,SPTA1,0.05964976842590974
94,8,32,13,IFIT1L,0.059368324966686134
94,8,32,14,LGALS2,0.05667206348764466
94,8,32,15,OSBP2,0.05430388947112577
94,8,32,16,PI3,0.05340184321923603
94,8,32,17,IL8RB,0.05246993895579444
94,8,32,18,PRSSL1,0.05216608583698625
94,8,32,19,KIAA0367,0.05204999051589972
94,8,32,20,RBPMS2,0.05064656892682054
94,8,32,21,TNFSF10,0.04997275105844018
94,8,32,22,MAFB,0.049225891852172146
94,8,32,23,ESAM,0.048502659032531585
94,8,32,24,TGFBI,0.04827742785999566
94,8,32,25,ITGA2B,0.04732508122799712
94,8,32,26,MS4A2,0.04682026793476263
94,8,32,27,VCAN,0.04677217277789173
94,8,32,28,CLEC1B,0.04601237925376778
94,8,32,29,PHACTR1,0.04516832588323813
94,8,32,30,DEFA4,0.045039040548689104
94,8,32,31,GADD45B,0.04447805559201603
94,8,32,32,NEU4,0.04392395275064809
94,16,8,1,LOC644936,0.15463352964783902
94,16,8,2,GTSF1,0.14906721546553217
94,16,8,3,LOC100133875,0.13803891343421026
94,16,8,4,GSTM1,0.13054247033224087
94,16,8,5,GAPDHL6,0.12908592091966983
94,16,8,6,IL1B,0.1232281614952289
94,16,8,7,LILRA3,0.12045176291299756
94,16,8,8,LOC100132394,0.11796061658912733
94,16,16,1,LOC644936,0.15463352964783902
94,16,16,2,GTSF1,0.14906721546553217
94,16,16,3,LOC100133875,0.13803891343421026
94,16,16,4,GSTM1,0.13054247033224087
94,16,16,5,GAPDHL6,0.12908592091966983
94,16,16,6,IL1B,0.1232281614952289
94,16,16,7,LILRA3,0.12045176291299756
94,16,16,8,LOC100132394,0.11796061658912733
94,16,16,9,BAMBI,0.11793007877023985
94,16,16,10,TPSAB1,0.11707766906704839
94,16,16,11,LGALS2,0.11469544636312402
94,16,16,12,KIAA0367,0.11337382615700838
94,16,16,13,LOC729645,0.11270385411306195
94,16,16,14,TPSB2,0.1088791313181176
94,16,16,15,DEFB1,0.10758878483679957
94,16,16,16,THBS1,0.10517114596574254
94,16,32,1,LOC644936,0.15463352964783902
94,16,32,2,GTSF1,0.14906721546553217
94,16,32,3,LOC100133875,0.13803891343421026
94,16,32,4,GSTM1,0.13054247033224087
94,16,32,5,GAPDHL6,0.12908592091966983
94,16,32,6,IL1B,0.1232281614952289
94,16,32,7,LILRA3,0.12045176291299756
94,16,32,8,LOC100132394,0.11796061658912733
94,16,32,9,BAMBI,0.11793007877023985
94,16,32,10,TPSAB1,0.11707766906704839
94,16,32,11,LGALS2,0.11469544636312402
94,16,32,12,KIAA0367,0.11337382615700838
94,16,32,13,LOC729645,0.11270385411306195
94,16,32,14,TPSB2,0.1088791313181176
94,16,32,15,DEFB1,0.10758878483679957
94,16,32,16,THBS1,0.10517114596574254
94,16,32,17,PI3,0.09889721993104249
94,16,32,18,VCAN,0.09859272162943757
94,16,32,19,ABP1,0.0967198529739608
94,16,32,20,HBBP1,0.09337851661505835
94,16,32,21,HLA-DRB5,0.09230912602026652
94,16,32,22,TEX101,0.09229476451228982
94,16,32,23,IFI27,0.09039467898244824
94,16,32,24,BEX1,0.08959488692325625
94,16,32,25,LOC731682,0.08872378145946544
94,16,32,26,SOCS2,0.08596543631359567
94,16,32,27,LOC727908,0.08562828392045982
94,16,32,28,TNFRSF21,0.08552709518033871
94,16,32,29,SLC4A1,0.08484406926163134
94,16,32,30,LOC642113,0.08415038483231907
94,16,32,31,C1orf150,0.08349974802286005
94,16,32,32,VWF,0.08280901856769593
95,4,8,1,VWF,0.05141094293565003
95,4,8,2,MPL,0.045697891534488284
95,4,8,3,TNFSF10,0.04368201330377686
95,4,8,4,RBPMS2,0.04344554712912389
95,4,8,5,ESAM,0.041178359839838356
95,4,8,6,ITGA2B,0.040261391761010415
95,4,8,7,ITGB3,0.0396448440166041
95,4,8,8,PROS1,0.03892056607655136
95,4,16,1,VWF,0.05141094293565003
95,4,16,2,MPL,0.045697891534488284
95,4,16,3,TNFSF10,0.04368201330377686
95,4,16,4,RBPMS2,0.04344554712912389
95,4,16,5,ESAM,0.041178359839838356
95,4,16,6,ITGA2B,0.040261391761010415
95,4,16,7,ITGB3,0.0396448440166041
95,4,16,8,PROS1,0.03892056607655136
95,4,16,9,C1orf186,0.03734378937626413
95,4,16,10,FGL2,0.03681725447368595
95,4,16,11,CLEC1B,0.03629545398141716
95,4,16,12,MS4A2,0.035892439067363
95,4,16,13,MAFB,0.035270640891107784
95,4,16,14,GIMAP4,0.03447994347551508
95,4,16,15,LAMA5,0.03392759264131504
95,4,16,16,TSPAN33,0.03305627348503344
95,4,32,1,VWF,0.05141094293565003
95,4,32,2,MPL,0.045697891534488284
95,4,32,3,TNFSF10,0.04368201330377686
95,4,32,4,RBPMS2,0.04344554712912389
95,4,32,5,ESAM,0.041178359839838356
95,4,32,6,ITGA2B,0.040261391761010415
95,4,32,7,ITGB3,0.0396448440166041
95,4,32,8,PROS1,0.03892056607655136
95,4,32,9,C1orf186,0.03734378937626413
95,4,32,10,FGL2,0.03681725447368595
95,4,32,11,CLEC1B,0.03629545398141716
95,4,32,12,MS4A2,0.035892439067363
95,4,32,13,MAFB,0.035270640891107784
95,4,32,14,GIMAP4,0.03447994347551508
95,4,32,15,LAMA5,0.03392759264131504
95,4,32,16,TSPAN33,0.03305627348503344
95,4,32,17,GJB6,0.03265095656810026
95,4,32,18,SERPINE2,0.032457644526079514
95,4,32,19,HIST1H2AM,0.0321628913657498
95,4,32,20,HIST1H4E,0.03206098588176473
95,4,32,21,VCAN,0.031327137867210544
95,4,32,22,GIMAP8,0.0283451105992821
95,4,32,23,HIST2H3A,0.027714581087354993
95,4,32,24,MX1,0.027381580407363163
95,4,32,25,PRAGMIN,0.027252044629365098
95,4,32,26,SLC45A3,0.02655594437419894
95,4,32,27,CX3CR1,0.026535352360835186
95,4,32,28,HIST2H3C,0.026480369891059962
95,4,32,29,MGC13057,0.02596595131556566
95,4,32,30,TGFBI,0.025588093391609144
95,4,32,31,THBS1,0.02542308133821161
95,4,32,32,HIST1H2BG,0.025145121060572546
95,8,8,1,DEFB1,0.07304005626563125
95,8,8,2,EPB42,0.06813832487309801
95,8,8,3,TMCC2,0.06802381183673044
95,8,8,4,XIST,0.06567060424340632
95,8,8,5,MAFB,0.06436459170757418
95,8,8,6,OSBP2,0.063717992067688
95,8,8,7,SLC4A1,0.06296106074867625
95,8,8,8,IFIT1L,0.062172653745088506
95,8,16,1,DEFB1,0.07304005626563125
95,8,16,2,EPB42,0.06813832487309801
95,8,16,3,TMCC2,0.06802381183673044
95,8,16,4,XIST,0.06567060424340632
95,8,16,5,MAFB,0.06436459170757418
95,8,16,6,OSBP2,0.063717992067688
95,8,16,7,SLC4A1,0.06296106074867625
95,8,16,8,IFIT1L,0.062172653745088506
95,8,16,9,SPTA1,0.061628712895895325
95,8,16,10,LAMA5,0.06122254127553782
95,8,16,11,VWF,0.06094171750727866
95,8,16,12,TGFBI,0.05958326481608081
95,8,16,13,GYPB,0.059451356613154885
95,8,16,14,LOC100133875,0.058708356460439225
95,8,16,15,KIAA0367,0.0581185986385003
95,8,16,16,AHSP,0.05788764274073365
95,8,32,1,DEFB1,0.07304005626563125
95,8,32,2,EPB42,0.06813832487309801
95,8,32,3,TMCC2,0.06802381183673044
95,8,32,4,XIST,0.06567060424340632
95,8,32,5,MAFB,0.06436459170757418
95,8,32,6,OSBP2,0.063717992067688
95,8,32,7,SLC4A1,0.06296106074867625
95,8,32,8,IFIT1L,0.062172653745088506
95,8,32,9,SPTA1,0.061628712895895325
95,8,32,10,LAMA5,0.06122254127553782
95,8,32,11,VWF,0.06094171750727866
95,8,32,12,TGFBI,0.05958326481608081
95,8,32,13,GYPB,0.059451356613154885
95,8,32,14,LOC100133875,0.058708356460439225
95,8,32,15,KIAA0367,0.0581185986385003
95,8,32,16,AHSP,0.05788764274073365
95,8,32,17,LILRA3,0.055684975983300924
95,8,32,18,HBM,0.05560555917361506
95,8,32,19,EMP1,0.054077073742480414
95,8,32,20,MPL,0.053849389308331
95,8,32,21,RAP1GAP,0.052738489849593694
95,8,32,22,CA1,0.05147085165298662
95,8,32,23,RHAG,0.04980814663291647
95,8,32,24,CYorf15A,0.04952763079400257
95,8,32,25,IL8RB,0.04934965546983816
95,8,32,26,VCAN,0.04890135458315218
95,8,32,27,CYorf15B,0.04801816357247603
95,8,32,28,RBPMS2,0.047259989586102745
95,8,32,29,ITGB3,0.046794144781408364
95,8,32,30,GJB6,0.04642102489010247
95,8,32,31,TNFSF10,0.045606902553372075
95,8,32,32,LY86,0.045317182861911734
95,16,8,1,DEFB1,0.16223170481774546
95,16,8,2,IFI27,0.15054920474540984
95,16,8,3,LOC100133875,0.1405911229166524
95,16,8,4,KIAA0367,0.13361356488035564
95,16,8,5,GTSF1,0.12768864641461553
95,16,8,6,LOC644936,0.11957265319489208
95,16,8,7,LILRA3,0.11869552340047847
95,16,8,8,HLA-A29.1,0.1174874602979823
95,16,16,1,DEFB1,0.16223170481774546
95,16,16,2,IFI27,0.15054920474540984
95,16,16,3,LOC100133875,0.1405911229166524
95,16,16,4,KIAA0367,0.13361356488035564
95,16,16,5,GTSF1,0.12768864641461553
95,16,16,6,LOC644936,0.11957265319489208
95,16,16,7,LILRA3,0.11869552340047847
95,16,16,8,HLA-A29.1,0.1174874602979823
95,16,16,9,GAPDHL6,0.11510269988385206
95,16,16,10,KLHL15,0.10862585560600642
95,16,16,11,GSTM1,0.1081111455218303
95,16,16,12,RAP1GAP,0.10470965800502842
95,16,16,13,TPSAB1,0.10428781277892142
95,16,16,14,TEX101,0.10427544269816608
95,16,16,15,HBG1,0.10281745504920278
95,16,16,16,HOXA5,0.10111184677010411
95,16,32,1,DEFB1,0.16223170481774546
95,16,32,2,IFI27,0.15054920474540984
95,16,32,3,LOC100133875,0.1405911229166524
95,16,32,4,KIAA0367,0.13361356488035564
95,16,32,5,GTSF1,0.12768864641461553
95,16,32,6,LOC644936,0.11957265319489208
95,16,32,7,LILRA3,0.11869552340047847
95,16,32,8,HLA-A29.1,0.1174874602979823
95,16,32,9,GAPDHL6,0.11510269988385206
95,16,32,10,KLHL15,0.10862585560600642
95,16,32,11,GSTM1,0.1081111455218303
95,16,32,12,RAP1GAP,0.10470965800502842
95,16,32,13,TPSAB1,0.10428781277892142
95,16,32,14,TEX101,0.10427544269816608
95,16,32,15,HBG1,0.10281745504920278
95,16,32,16,HOXA5,0.10111184677010411
95,16,32,17,LOC100132394,0.09904102319848435
95,16,32,18,HBG2,0.09644359878325422
95,16,32,19,IL1B,0.09525814646716613
95,16,32,20,C1orf150,0.09450468153390856
95,16,32,21,RPS4Y2,0.09441702491192845
95,16,32,22,THBS1,0.09429021745682044
95,16,32,23,HES4,0.09281188749418312
95,16,32,24,XIST,0.09250916860367316
95,16,32,25,TPSB2,0.09051159140355781
95,16,32,26,SPTA1,0.08908201566373873
95,16,32,27,RPS4Y1,0.0888404983687249
95,16,32,28,MIR1974,0.08837137740391673
95,16,32,29,CYorf15B,0.08782059944508575
95,16,32,30,MX1,0.08693856091591579
95,16,32,31,FPR2,0.08671408331113992
95,16,32,32,PRKY,0.08670494217007833
96,4,8,1,TNFSF10,0.04476448996444673
96,4,8,2,MAFB,0.04117277205798305
96,4,8,3,VCAN,0.03809991231187182
96,4,8,4,FGL2,0.0360540625445333
96,4,8,5,MX1,0.034501558914212575
96,4,8,6,TGFBI,0.03431370315287271
96,4,8,7,MPL,0.032792379572788195
96,4,8,8,KIAA0367,0.03257357941129291
96,4,16,1,TNFSF10,0.04476448996444673
96,4,16,2,MAFB,0.04117277205798305
96,4,16,3,VCAN,0.03809991231187182
96,4,16,4,FGL2,0.0360540625445333
96,4,16,5,MX1,0.034501558914212575
96,4,16,6,TGFBI,0.03431370315287271
96,4,16,7,MPL,0.032792379572788195
96,4,16,8,KIAA0367,0.03257357941129291
96,4,16,9,CLEC1B,0.03240745658794042
96,4,16,10,IL8RB,0.03212836311524863
96,4,16,11,GIMAP4,0.031244311906899164
96,4,16,12,VWF,0.03094601287132008
96,4,16,13,IFIT2,0.030839211785935836
96,4,16,14,ESAM,0.030801724236214512
96,4,16,15,HIST1H4E,0.029438091076767783
96,4,16,16,RBPMS2,0.02935043067492398
96,4,32,1,TNFSF10,0.04476448996444673
96,4,32,2,MAFB,0.04117277205798305
96,4,32,3,VCAN,0.03809991231187182
96,4,32,4,FGL2,0.0360540625445333
96,4,32,5,MX1,0.034501558914212575
96,4,32,6,TGFBI,0.03431370315287271
96,4,32,7,MPL,0.032792379572788195
96,4,32,8,KIAA0367,0.03257357941129291
96,4,32,9,CLEC1B,0.03240745658794042
96,4,32,10,IL8RB,0.03212836311524863
96,4,32,11,GIMAP4,0.031244311906899164
96,4,32,12,VWF,0.03094601287132008
96,4,32,13,IFIT2,0.030839211785935836
96,4,32,14,ESAM,0.030801724236214512
96,4,32,15,HIST1H4E,0.029438091076767783
96,4,32,16,RBPMS2,0.02935043067492398
96,4,32,17,CLDN5,0.02911261520622365
96,4,32,18,PROS1,0.02876138787516666
96,4,32,19,HIST2H2BF,0.02800969612278699
96,4,32,20,IFIT3,0.027476262425405143
96,4,32,21,IRF8,0.027011113981043656
96,4,32,22,LTF,0.02669698686959738
96,4,32,23,TMEM140,0.026552616129471723
96,4,32,24,SNORD3C,0.02651594391350924
96,4,32,25,HIST1H2AM,0.02623087496113473
96,4,32,26,ITGB3,0.02620955043729242
96,4,32,27,ABCA13,0.025969809485521054
96,4,32,28,FOLR3,0.02591934831262373
96,4,32,29,CSF1R,0.02550229715599727
96,4,32,30,TPSAB1,0.02544491938306681
96,4,32,31,SNORD3A,0.02541299795493156
96,4,32,32,OLR1,0.025371433130668992
96,8,8,1,NEU4,0.07689135892801527
96,8,8,2,KLHL15,0.07330751343169123
96,8,8,3,MAFB,0.06247802868184983
96,8,8,4,TPSAB1,0.06206117150676123
96,8,8,5,PI3,0.061553930527331435
96,8,8,6,LOC100133875,0.06110067647311275
96,8,8,7,LOC642113,0.059187959314553354
96,8,8,8,PHACTR1,0.05731008557329336
96,8,16,1,NEU4,0.07689135892801527
96,8,16,2,KLHL15,0.07330751343169123
96,8,16,3,MAFB,0.06247802868184983
96,8,16,4,TPSAB1,0.06206117150676123
96,8,16,5,PI3,0.061553930527331435
96,8,16,6,LOC100133875,0.06110067647311275
96,8,16,7,LOC642113,0.059187959314553354
96,8,16,8,PHACTR1,0.05731008557329336
96,8,16,9,GYPB,0.05517715887807113
96,8,16,10,XIST,0.05421084309631254
96,8,16,11,IFIT1L,0.0541971940969157
96,8,16,12,SPTA1,0.05367568869217095
96,8,16,13,LILRA3,0.05315173106967918
96,8,16,14,IL8RB,0.05198738739771193
96,8,16,15,TGFBI,0.05126110878938868
96,8,16,16,TNFSF10,0.051019286913719784
96,8,32,1,NEU4,0.07689135892801527
96,8,32,2,KLHL15,0.07330751343169123
96,8,32,3,MAFB,0.06247802868184983
96,8,32,4,TPSAB1,0.06206117150676123
96,8,32,5,PI3,0.061553930527331435
96,8,32,6,LOC100133875,0.06110067647311275
96,8,32,7,LOC642113,0.059187959314553354
96,8,32,8,PHACTR1,0.05731008557329336
96,8,32,9,GYPB,0.05517715887807113
96,8,32,10,XIST,0.05421084309631254
96,8,32,11,IFIT1L,0.0541971940969157
96,8,32,12,SPTA1,0.05367568869217095
96,8,32,13,LILRA3,0.05315173106967918
96,8,32,14,IL8RB,0.05198738739771193
96,8,32,15,TGFBI,0.05126110878938868
96,8,32,16,TNFSF10,0.051019286913719784
96,8,32,17,GJB6,0.05091230179663626
96,8,32,18,HES4,0.05088300094174427
96,8,32,19,EMP1,0.05056704565010164
96,8,32,20,VCAN,0.04923923856120946
96,8,32,21,CYorf15A,0.04833524620169364
96,8,32,22,TPSB2,0.04671854860868444
96,8,32,23,RAP1GAP,0.046658296612124325
96,8,32,24,LOC653610,0.046654945559547314
96,8,32,25,EPB42,0.04654884281473995
96,8,32,26,CYorf15B,0.045828667885560614
96,8,32,27,AHSP,0.045811083679838736
96,8,32,28,RHAG,0.04502602126823737
96,8,32,29,IFIT2,0.04449840705054649
96,8,32,30,KIAA0367,0.04444583392661659
96,8,32,31,SLC4A1,0.044118005533708884
96,8,32,32,CD83,0.04406310095494856
96,16,8,1,GAPDHL6,0.16247952510567265
96,16,8,2,HLA-A29.1,0.14083264006420537
96,16,8,3,DEFB1,0.1402816536345503
96,16,8,4,GTSF1,0.12729126454305129
96,16,8,5,BAMBI,0.12719715641198273
96,16,8,6,LOC100133875,0.12693720426253177
96,16,8,7,GSTM1,0.12611128369691482
96,16,8,8,TPSAB1,0.11920286989644605
96,16,16,1,GAPDHL6,0.16247952510567265
96,16,16,2,HLA-A29.1,0.14083264006420537
96,16,16,3,DEFB1,0.1402816536345503
96,16,16,4,GTSF1,0.12729126454305129
96,16,16,5,BAMBI,0.12719715641198273
96,16,16,6,LOC100133875,0.12693720426253177
96,16,16,7,GSTM1,0.12611128369691482
96,16,16,8,TPSAB1,0.11920286989644605
96,16,16,9,LILRA3,0.11741415065882578
96,16,16,10,THBS1,0.11344226687577037
96,16,16,11,RAP1GAP,0.11002406615639179
96,16,16,12,PI3,0.10936532089448806
96,16,16,13,LOC654055,0.10825424630030782
96,16,16,14,LGALS2,0.10687028621913408
96,16,16,15,LOC100132394,0.10457124352806406
96,16,16,16,TPSB2,0.10193509293081306
96,16,32,1,GAPDHL6,0.16247952510567265
96,16,32,2,HLA-A29.1,0.14083264006420537
96,16,32,3,DEFB1,0.1402816536345503
96,16,32,4,GTSF1,0.12729126454305129
96,16,32,5,BAMBI,0.12719715641198273
96,16,32,6,LOC100133875,0.12693720426253177
96,16,32,7,GSTM1,0.12611128369691482
96,16,32,8,TPSAB1,0.11920286989644605
96,16,32,9,LILRA3,0.11741415065882578
96,16,32,10,THBS1,0.11344226687577037
96,16,32,11,RAP1GAP,0.11002406615639179
96,16,32,12,PI3,0.10936532089448806
96,16,32,13,LOC654055,0.10825424630030782
96,16,32,14,LGALS2,0.10687028621913408
96,16,32,15,LOC100132394,0.10457124352806406
96,16,32,16,TPSB2,0.10193509293081306
96,16,32,17,RPS4Y2,0.09936689193348168
96,16,32,18,KIAA0367,0.0983635937470172
96,16,32,19,FOLR3,0.09820464122643255
96,16,32,20,IL1B,0.09575019935521834
96,16,32,21,LOC729645,0.0947761017498116
96,16,32,22,KLHL15,0.09413207852064939
96,16,32,23,LOC644936,0.09255224494147006
96,16,32,24,VCAN,0.09161337171963405
96,16,32,25,CLEC11A,0.0912583656348714
96,16,32,26,EPAS1,0.09070060726277257
96,16,32,27,NEU4,0.08916254752241576
96,16,32,28,EPB42,0.08865644251604424
96,16,32,29,LOC731682,0.08841359468633299
96,16,32,30,OSBP2,0.08794084672176658
96,16,32,31,SLC4A1,0.08768826783502819
96,16,32,32,XIST,0.08762537360404092
97,4,8,1,VWF,0.045115417310579095
97,4,8,2,RBPMS2,0.03575893937727314
97,4,8,3,DEFB1,0.03472645989819026
97,4,8,4,DDIT4,0.03368946486114149
97,4,8,5,MPL,0.03343968741855975
97,4,8,6,TMCC2,0.033426293101078315
97,4,8,7,ADM,0.03260237335168938
97,4,8,8,ESAM,0.032538179660653525
97,4,16,1,VWF,0.045115417310579095
97,4,16,2,RBPMS2,0.03575893937727314
97,4,16,3,DEFB1,0.03472645989819026
97,4,16,4,DDIT4,0.03368946486114149
97,4,16,5,MPL,0.03343968741855975
97,4,16,6,TMCC2,0.033426293101078315
97,4,16,7,ADM,0.03260237335168938
97,4,16,8,ESAM,0.032538179660653525
97,4,16,9,EPB42,0.0314934598122091
97,4,16,10,EPDR1,0.03147507335116825
97,4,16,11,SERPINE2,0.030365423124214388
97,4,16,12,HOXA5,0.029224767957911388
97,4,16,13,C16orf75,0.029123307552282412
97,4,16,14,HIST1H2BF,0.02885613990729653
97,4,16,15,HIST1H4E,0.02846927303079113
97,4,16,16,IFI27,0.028308417595199812
97,4,32,1,VWF,0.045115417310579095
97,4,32,2,RBPMS2,0.03575893937727314
97,4,32,3,DEFB1,0.03472645989819026
97,4,32,4,DDIT4,0.03368946486114149
97,4,32,5,MPL,0.03343968741855975
97,4,32,6,TMCC2,0.033426293101078315
97,4,32,7,ADM,0.03260237335168938
97,4,32,8,ESAM,0.032538179660653525
97,4,32,9,EPB42,0.0314934598122091
97,4,32,10,EPDR1,0.03147507335116825
97,4,32,11,SERPINE2,0.030365423124214388
97,4,32,12,HOXA5,0.029224767957911388
97,4,32,13,C16orf75,0.029123307552282412
97,4,32,14,HIST1H2BF,0.02885613990729653
97,4,32,15,HIST1H4E,0.02846927303079113
97,4,32,16,IFI27,0.028308417595199812
97,4,32,17,HIST2H3A,0.02825760885205643
97,4,32,18,GP9,0.028085739368606946
97,4,32,19,IFIT1L,0.027923210628205908
97,4,32,20,SNORD3C,0.027619630933122395
97,4,32,21,TREM1,0.0272811153632839
97,4,32,22,SNORD3A,0.02713639021888661
97,4,32,23,GYPB,0.026533424238260078
97,4,32,24,SELENBP1,0.026047126744421795
97,4,32,25,TSPAN33,0.026013534797234485
97,4,32,26,HIST2H3C,0.025831490144381044
97,4,32,27,PHACTR1,0.025696278532149144
97,4,32,28,HIST1H2AM,0.02560043608093138
97,4,32,29,SLC4A1,0.025455037238652705
97,4,32,30,G0S2,0.025446484650997473
97,4,32,31,ITGA2B,0.025345081476644216
97,4,32,32,MGC13057,0.024744274753254157
97,8,8,1,CYorf15A,0.07458618757485497
97,8,8,2,CYorf15B,0.07262350606888264
97,8,8,3,RPS4Y1,0.07189927098328167
97,8,8,4,LOC100133662,0.0713256018214604
97,8,8,5,XIST,0.07069360738908939
97,8,8,6,DEFB1,0.06801806386013416
97,8,8,7,EIF1AY,0.06719749530970255
97,8,8,8,PRKY,0.06449282672669364
97,8,16,1,CYorf15A,0.07458618757485497
97,8,16,2,CYorf15B,0.07262350606888264
97,8,16,3,RPS4Y1,0.07189927098328167
97,8,16,4,LOC100133662,0.0713256018214604
97,8,16,5,XIST,0.07069360738908939
97,8,16,6,DEFB1,0.06801806386013416
97,8,16,7,EIF1AY,0.06719749530970255
97,8,16,8,PRKY,0.06449282672669364
97,8,16,9,SELENBP1,0.06331226246249533
97,8,16,10,SLC4A1,0.06171481469137881
97,8,16,11,RPS4Y2,0.061508772461803786
97,8,16,12,JARID1D,0.06141433632986741
97,8,16,13,EPB42,0.059653856895590995
97,8,16,14,IL8RB,0.05912522389854968
97,8,16,15,TGFBI,0.05635820537090086
97,8,16,16,VWF,0.05627891315798532
97,8,32,1,CYorf15A,0.07458618757485497
97,8,32,2,CYorf15B,0.07262350606888264
97,8,32,3,RPS4Y1,0.07189927098328167
97,8,32,4,LOC100133662,0.0713256018214604
97,8,32,5,XIST,0.07069360738908939
97,8,32,6,DEFB1,0.06801806386013416
97,8,32,7,EIF1AY,0.06719749530970255
97,8,32,8,PRKY,0.06449282672669364
97,8,32,9,SELENBP1,0.06331226246249533
97,8,32,10,SLC4A1,0.06171481469137881
97,8,32,11,RPS4Y2,0.061508772461803786
97,8,32,12,JARID1D,0.06141433632986741
97,8,32,13,EPB42,0.059653856895590995
97,8,32,14,IL8RB,0.05912522389854968
97,8,32,15,TGFBI,0.05635820537090086
97,8,32,16,VWF,0.05627891315798532
97,8,32,17,IFIT1L,0.056047634419433924
97,8,32,18,LGALS2,0.05597352011359583
97,8,32,19,HBM,0.05594608169602857
97,8,32,20,TMCC2,0.05517894493404341
97,8,32,21,AHSP,0.05415692005236162
97,8,32,22,GYPB,0.05363909358230454
97,8,32,23,TNFSF10,0.05340919775628223
97,8,32,24,CA1,0.053372255693987354
97,8,32,25,SNCA,0.05220043277202625
97,8,32,26,OSBP2,0.050100156847654204
97,8,32,27,VCAN,0.049732992397727493
97,8,32,28,LAMA5,0.04950348892403512
97,8,32,29,MAFB,0.049439549503003465
97,8,32,30,MX1,0.04863559453248135
97,8,32,31,RBPMS2,0.04776168850557853
97,8,32,32,LY86,0.047036187809989055
97,16,8,1,RGPD2,0.17425970148527697
97,16,8,2,BAMBI,0.15723209370228491
97,16,8,3,DEFB1,0.14573460286906118
97,16,8,4,LOC100133875,0.1312467464470092
97,16,8,5,GAPDHL6,0.126390671157566
97,16,8,6,LOC644936,0.12514492757628282
97,16,8,7,IFI27,0.12397112525619972
97,16,8,8,GTSF1,0.12111469478149658
97,16,16,1,RGPD2,0.17425970148527697
97,16,16,2,BAMBI,0.15723209370228491
97,16,16,3,DEFB1,0.14573460286906118
97,16,16,4,LOC100133875,0.1312467464470092
97,16,16,5,GAPDHL6,0.126390671157566
97,16,16,6,LOC644936,0.12514492757628282
97,16,16,7,IFI27,0.12397112525619972
97,16,16,8,GTSF1,0.12111469478149658
97,16,16,9,HLA-A29.1,0.11536204389313334
97,16,16,10,LILRA3,0.11204025922758927
97,16,16,11,KIAA0367,0.11148689614747744
97,16,16,12,LOC100132394,0.10778119584368093
97,16,16,13,LAMA5,0.10427148859061129
97,16,16,14,LOC729645,0.10255384525408143
97,16,16,15,ABP1,0.10223765230197988
97,16,16,16,LOC654055,0.10109590715480042
97,16,32,1,RGPD2,0.17425970148527697
97,16,32,2,BAMBI,0.15723209370228491
97,16,32,3,DEFB1,0.14573460286906118
97,16,32,4,LOC100133875,0.1312467464470092
97,16,32,5,GAPDHL6,0.126390671157566
97,16,32,6,LOC644936,0.12514492757628282
97,16,32,7,IFI27,0.12397112525619972
97,16,32,8,GTSF1,0.12111469478149658
97,16,32,9,HLA-A29.1,0.11536204389313334
97,16,32,10,LILRA3,0.11204025922758927
97,16,32,11,KIAA0367,0.11148689614747744
97,16,32,12,LOC100132394,0.10778119584368093
97,16,32,13,LAMA5,0.10427148859061129
97,16,32,14,LOC729645,0.10255384525408143
97,16,32,15,ABP1,0.10223765230197988
97,16,32,16,LOC654055,0.10109590715480042
97,16,32,17,IL1B,0.09896503721024694
97,16,32,18,LOC100008588,0.09688074153960088
97,16,32,19,MX1,0.09672464820828372
97,16,32,20,HBBP1,0.09503057074499056
97,16,32,21,KLHL15,0.09421236261291359
97,16,32,22,SPRYD5,0.09324503432033947
97,16,32,23,IFIT2,0.09235781106946983
97,16,32,24,TEX101,0.0915401214786089
97,16,32,25,LOC654101,0.09122895252404148
97,16,32,26,TPSAB1,0.08922237775700967
97,16,32,27,LGALS2,0.08842725980028499
97,16,32,28,TPSB2,0.08829298505895317
97,16,32,29,C1orf150,0.08635884398706553
97,16,32,30,IFIT3,0.08382103076066776
97,16,32,31,SLC45A3,0.08380160479599807
97,16,32,32,MIR1974,0.08375281408203548
98,4,8,1,VWF,0.050409643425659977
98,4,8,2,MPL,0.045781822077718526
98,4,8,3,SERPINE2,0.04265843361362891
98,4,8,4,RBPMS2,0.038762374431296105
98,4,8,5,ESAM,0.03746678601818064
98,4,8,6,ITGA2B,0.03722642285130301
98,4,8,7,MAFB,0.03302046223411922
98,4,8,8,TSPAN33,0.031422043365989194
98,4,16,1,VWF,0.050409643425659977
98,4,16,2,MPL,0.045781822077718526
98,4,16,3,SERPINE2,0.04265843361362891
98,4,16,4,RBPMS2,0.038762374431296105
98,4,16,5,ESAM,0.03746678601818064
98,4,16,6,ITGA2B,0.03722642285130301
98,4,16,7,MAFB,0.03302046223411922
98,4,16,8,TSPAN33,0.031422043365989194
98,4,16,9,IL8RB,0.03125970777128368
98,4,16,10,HIST1H2AH,0.029584115910807892
98,4,16,11,PROS1,0.02956631432554083
98,4,16,12,HIST1H4E,0.02953034251522345
98,4,16,13,CLEC1B,0.028738157991927436
98,4,16,14,THBS1,0.028689386275879136
98,4,16,15,LAMA5,0.028621019493750455
98,4,16,16,HIST1H1E,0.02737030632082137
98,4,32,1,VWF,0.050409643425659977
98,4,32,2,MPL,0.045781822077718526
98,4,32,3,SERPINE2,0.04265843361362891
98,4,32,4,RBPMS2,0.038762374431296105
98,4,32,5,ESAM,0.03746678601818064
98,4,32,6,ITGA2B,0.03722642285130301
98,4,32,7,MAFB,0.03302046223411922
98,4,32,8,TSPAN33,0.031422043365989194
98,4,32,9,IL8RB,0.03125970777128368
98,4,32,10,HIST1H2AH,0.029584115910807892
98,4,32,11,PROS1,0.02956631432554083
98,4,32,12,HIST1H4E,0.02953034251522345
98,4,32,13,CLEC1B,0.028738157991927436
98,4,32,14,THBS1,0.028689386275879136
98,4,32,15,LAMA5,0.028621019493750455
98,4,32,16,HIST1H1E,0.02737030632082137
98,4,32,17,DEFA4,0.026754870228853065
98,4,32,18,SPTA1,0.026739803226394424
98,4,32,19,HIST1H1B,0.02661989608490138
98,4,32,20,LTF,0.02646899181327511
98,4,32,21,VCAN,0.026396828084783486
98,4,32,22,ITGB3,0.026274404408019137
98,4,32,23,PI3,0.02591558827782185
98,4,32,24,HIST2H3A,0.025821940253435025
98,4,32,25,CEACAM8,0.02538242177471142
98,4,32,26,HOXA5,0.0251973795124886
98,4,32,27,TCN1,0.02436604684616594
98,4,32,28,HIST1H2BG,0.024284808115729216
98,4,32,29,MS4A2,0.023782726588988275
98,4,32,30,MX1,0.023696781322673777
98,4,32,31,GP9,0.02349749128172093
98,4,32,32,CCL4L1,0.023455388027943364
98,8,8,1,KLHL15,0.07714305690571326
98,8,8,2,LOC100133875,0.07109716237569876
98,8,8,3,TMCC2,0.06782514736405965
98,8,8,4,SLC4A1,0.06519407763721417
98,8,8,5,SELENBP1,0.06492978576493005
98,8,8,6,LILRA3,0.06214172817081725
98,8,8,7,MAFB,0.06187437064230261
98,8,8,8,EPB42,0.06147565002832561
98,8,16,1,KLHL15,0.07714305690571326
98,8,16,2,LOC100133875,0.07109716237569876
98,8,16,3,TMCC2,0.06782514736405965
98,8,16,4,SLC4A1,0.06519407763721417
98,8,16,5,SELENBP1,0.06492978576493005
98,8,16,6,LILRA3,0.06214172817081725
98,8,16,7,MAFB,0.06187437064230261
98,8,16,8,EPB42,0.06147565002832561
98,8,16,9,IFIT1L,0.06106942968431798
98,8,16,10,GJB6,0.0599491541301458
98,8,16,11,SPTA1,0.05900095684604857
98,8,16,12,HBM,0.057952094465235415
98,8,16,13,CDC20,0.057236009761829264
98,8,16,14,ABP1,0.05665076244841303
98,8,16,15,OSBP2,0.05597518974545975
98,8,16,16,AHSP,0.05573978231818652
98,8,32,1,KLHL15,0.07714305690571326
98,8,32,2,LOC100133875,0.07109716237569876
98,8,32,3,TMCC2,0.06782514736405965
98,8,32,4,SLC4A1,0.06519407763721417
98,8,32,5,SELENBP1,0.06492978576493005
98,8,32,6,LILRA3,0.06214172817081725
98,8,32,7,MAFB,0.06187437064230261
98,8,32,8,EPB42,0.06147565002832561
98,8,32,9,IFIT1L,0.06106942968431798
98,8,32,10,GJB6,0.0599491541301458
98,8,32,11,SPTA1,0.05900095684604857
98,8,32,12,HBM,0.057952094465235415
98,8,32,13,CDC20,0.057236009761829264
98,8,32,14,ABP1,0.05665076244841303
98,8,32,15,OSBP2,0.05597518974545975
98,8,32,16,AHSP,0.05573978231818652
98,8,32,17,GYPB,0.05493106649643146
98,8,32,18,CA1,0.05407130126779682
98,8,32,19,IFI27,0.053638955218736704
98,8,32,20,ADM,0.05333297574061312
98,8,32,21,IL8RB,0.053072418151520695
98,8,32,22,RHAG,0.05280299706999884
98,8,32,23,VWF,0.05269492795909267
98,8,32,24,G0S2,0.05266346188531862
98,8,32,25,RAP1GAP,0.05181823734627795
98,8,32,26,EMP1,0.05133825792236082
98,8,32,27,TGFBI,0.0498972880158531
98,8,32,28,TNFSF10,0.0484069466370453
98,8,32,29,PHACTR1,0.04813447123493629
98,8,32,30,MPL,0.047516301608866204
98,8,32,31,KIAA0367,0.04749371434502294
98,8,32,32,THBS1,0.04737760102996227
98,16,8,1,DEFB1,0.18137610000420784
98,16,8,2,LOC100133875,0.16848050630644243
98,16,8,3,BAMBI,0.15229086337585757
98,16,8,4,GAPDHL6,0.1519440883010892
98,16,8,5,LILRA3,0.13668246356462255
98,16,8,6,KIAA0367,0.13516690281173624
98,16,8,7,LOC644936,0.13220326556862935
98,16,8,8,IFI27,0.1176206479143855
98,16,16,1,DEFB1,0.18137610000420784
98,16,16,2,LOC100133875,0.16848050630644243
98,16,16,3,BAMBI,0.15229086337585757
98,16,16,4,GAPDHL6,0.1519440883010892
98,16,16,5,LILRA3,0.13668246356462255
98,16,16,6,KIAA0367,0.13516690281173624
98,16,16,7,LOC644936,0.13220326556862935
98,16,16,8,IFI27,0.1176206479143855
98,16,16,9,HOXA5,0.11590716235312781
98,16,16,10,LOC654055,0.11016287429039387
98,16,16,11,HLA-A29.1,0.11003614152441533
98,16,16,12,CDC20,0.1086553562834711
98,16,16,13,ABP1,0.10636811129945886
98,16,16,14,RAP1GAP,0.10481311766682243
98,16,16,15,LOC729645,0.10465651535590352
98,16,16,16,RPS4Y2,0.10424549504816591
98,16,32,1,DEFB1,0.18137610000420784
98,16,32,2,LOC100133875,0.16848050630644243
98,16,32,3,BAMBI,0.15229086337585757
98,16,32,4,GAPDHL6,0.1519440883010892
98,16,32,5,LILRA3,0.13668246356462255
98,16,32,6,KIAA0367,0.13516690281173624
98,16,32,7,LOC644936,0.13220326556862935
98,16,32,8,IFI27,0.1176206479143855
98,16,32,9,HOXA5,0.11590716235312781
98,16,32,10,LOC654055,0.11016287429039387
98,16,32,11,HLA-A29.1,0.11003614152441533
98,16,32,12,CDC20,0.1086553562834711
98,16,32,13,ABP1,0.10636811129945886
98,16,32,14,RAP1GAP,0.10481311766682243
98,16,32,15,LOC729645,0.10465651535590352
98,16,32,16,RPS4Y2,0.10424549504816591
98,16,32,17,LOC100132394,0.10386381576755702
98,16,32,18,KLHL15,0.10169333251892132
98,16,32,19,C1orf150,0.09822422641933008
98,16,32,20,XIST,0.09765239028679408
98,16,32,21,RPS4Y1,0.09700619528906418
98,16,32,22,LAMA5,0.09641913016618595
98,16,32,23,LOC100133662,0.09503884109436055
98,16,32,24,PRKY,0.09346217894534117
98,16,32,25,HES4,0.09328457503132681
98,16,32,26,LGALS2,0.09262092330986375
98,16,32,27,CYorf15A,0.0906001459219748
98,16,32,28,TPSAB1,0.08746523232748536
98,16,32,29,MIR1974,0.08696464684795588
98,16,32,30,LOC727908,0.08691226359169182
98,16,32,31,LOC731682,0.08595292481137141
98,16,32,32,JARID1D,0.08556488158901639
99,4,8,1,VWF,0.05499852758684574
99,4,8,2,TNFSF10,0.049478932556447516
99,4,8,3,RBPMS2,0.04504958368890503
99,4,8,4,MPL,0.044886712386482945
99,4,8,5,ESAM,0.04241880954889415
99,4,8,6,MS4A2,0.04034424257212197
99,4,8,7,FGL2,0.038690140923332235
99,4,8,8,SLC45A3,0.0379140572412048
99,4,16,1,VWF,0.05499852758684574
99,4,16,2,TNFSF10,0.049478932556447516
99,4,16,3,RBPMS2,0.04504958368890503
99,4,16,4,MPL,0.044886712386482945
99,4,16,5,ESAM,0.04241880954889415
99,4,16,6,MS4A2,0.04034424257212197
99,4,16,7,FGL2,0.038690140923332235
99,4,16,8,SLC45A3,0.0379140572412048
99,4,16,9,TSPAN33,0.036440489797214586
99,4,16,10,ITGA2B,0.03636565924906568
99,4,16,11,GP9,0.035139802928174785
99,4,16,12,CLEC1B,0.03460668007663308
99,4,16,13,GIMAP4,0.034150342087314836
99,4,16,14,C1orf186,0.033455795968605255
99,4,16,15,SERPINE2,0.033339373496169125
99,4,16,16,HIST1H4E,0.03317352798110531
99,4,32,1,VWF,0.05499852758684574
99,4,32,2,TNFSF10,0.049478932556447516
99,4,32,3,RBPMS2,0.04504958368890503
99,4,32,4,MPL,0.044886712386482945
99,4,32,5,ESAM,0.04241880954889415
99,4,32,6,MS4A2,0.04034424257212197
99,4,32,7,FGL2,0.038690140923332235
99,4,32,8,SLC45A3,0.0379140572412048
99,4,32,9,TSPAN33,0.036440489797214586
99,4,32,10,ITGA2B,0.03636565924906568
99,4,32,11,GP9,0.035139802928174785
99,4,32,12,CLEC1B,0.03460668007663308
99,4,32,13,GIMAP4,0.034150342087314836
99,4,32,14,C1orf186,0.033455795968605255
99,4,32,15,SERPINE2,0.033339373496169125
99,4,32,16,HIST1H4E,0.03317352798110531
99,4,32,17,PROS1,0.0328745527568019
99,4,32,18,SPRYD5,0.031154441344583773
99,4,32,19,IL8RB,0.030904786674194735
99,4,32,20,PPBP,0.030349872782634155
99,4,32,21,SNORD3C,0.029563745636975742
99,4,32,22,CX3CR1,0.029522905684684436
99,4,32,23,CSF1R,0.028999638207460435
99,4,32,24,SNORD3A,0.02865335507996667
99,4,32,25,HIST1H2AH,0.028407077576523644
99,4,32,26,MGC13057,0.028220085333812244
99,4,32,27,HIST1H1E,0.027495016890572148
99,4,32,28,ITGB3,0.027402601691275064
99,4,32,29,GATA2,0.026875791881663034
99,4,32,30,GIMAP8,0.026803176652659137
99,4,32,31,HIST1H1B,0.02613508252261822
99,4,32,32,PRAGMIN,0.025529969216702413
99,8,8,1,RAP1GAP,0.07328370295082409
99,8,8,2,SPTA1,0.07295533775701821
99,8,8,3,GYPB,0.06695439791314685
99,8,8,4,EPB42,0.06582048242506518
99,8,8,5,IFIT1L,0.0647465560800213
99,8,8,6,VCAN,0.0644783941465367
99,8,8,7,IFI27,0.06444840254441091
99,8,8,8,HBM,0.06316055663987659
99,8,16,1,RAP1GAP,0.07328370295082409
99,8,16,2,SPTA1,0.07295533775701821
99,8,16,3,GYPB,0.06695439791314685
99,8,16,4,EPB42,0.06582048242506518
99,8,16,5,IFIT1L,0.0647465560800213
99,8,16,6,VCAN,0.0644783941465367
99,8,16,7,IFI27,0.06444840254441091
99,8,16,8,HBM,0.06316055663987659
99,8,16,9,AHSP,0.06280607844026324
99,8,16,10,OSBP2,0.0617575728837152
99,8,16,11,KIAA0367,0.0614946895705082
99,8,16,12,CA1,0.0601201566488448
99,8,16,13,SLC4A1,0.0591629759856091
99,8,16,14,TNFRSF21,0.05850775485947724
99,8,16,15,VWF,0.05800717306439262
99,8,16,16,RHAG,0.05612574094294913
99,8,32,1,RAP1GAP,0.07328370295082409
99,8,32,2,SPTA1,0.07295533775701821
99,8,32,3,GYPB,0.06695439791314685
99,8,32,4,EPB42,0.06582048242506518
99,8,32,5,IFIT1L,0.0647465560800213
99,8,32,6,VCAN,0.0644783941465367
99,8,32,7,IFI27,0.06444840254441091
99,8,32,8,HBM,0.06316055663987659
99,8,32,9,AHSP,0.06280607844026324
99,8,32,10,OSBP2,0.0617575728837152
99,8,32,11,KIAA0367,0.0614946895705082
99,8,32,12,CA1,0.0601201566488448
99,8,32,13,SLC4A1,0.0591629759856091
99,8,32,14,TNFRSF21,0.05850775485947724
99,8,32,15,VWF,0.05800717306439262
99,8,32,16,RHAG,0.05612574094294913
99,8,32,17,ADM,0.05428505099835761
99,8,32,18,SERPINE2,0.053432424190062694
99,8,32,19,LGALS2,0.052600868154145795
99,8,32,20,TGFBI,0.05040631993903428
99,8,32,21,IL8RB,0.050121159674058585
99,8,32,22,TNFSF10,0.04989163835242255
99,8,32,23,IFIT2,0.049758406441890994
99,8,32,24,RNU1A3,0.04933910783659125
99,8,32,25,GAPDHL6,0.04899341408796533
99,8,32,26,RBPMS2,0.04898630797052063
99,8,32,27,CLIC3,0.04817592600110174
99,8,32,28,MPL,0.04798785773916969
99,8,32,29,SNORD3C,0.047182306718569
99,8,32,30,PRF1,0.04681569072365237
99,8,32,31,MAFB,0.04625794960204871
99,8,32,32,PI3,0.04609301051553358
99,16,8,1,DEFB1,0.17110284194851466
99,16,8,2,LOC644936,0.1579576292586972
99,16,8,3,IFI27,0.1458978539870495
99,16,8,4,GAPDHL6,0.1283868068382983
99,16,8,5,BAMBI,0.12065648278834865
99,16,8,6,LOC654055,0.12053741113072289
99,16,8,7,RAP1GAP,0.11778384689918311
99,16,8,8,HLA-A29.1,0.11765521228291581
99,16,16,1,DEFB1,0.17110284194851466
99,16,16,2,LOC644936,0.1579576292586972
99,16,16,3,IFI27,0.1458978539870495
99,16,16,4,GAPDHL6,0.1283868068382983
99,16,16,5,BAMBI,0.12065648278834865
99,16,16,6,LOC654055,0.12053741113072289
99,16,16,7,RAP1GAP,0.11778384689918311
99,16,16,8,HLA-A29.1,0.11765521228291581
99,16,16,9,LOC727908,0.11530386859542548
99,16,16,10,ABP1,0.10743742885647829
99,16,16,11,LOC100132394,0.1073533222858016
99,16,16,12,KLHL15,0.10636384408125533
99,16,16,13,GTSF1,0.10598484609406203
99,16,16,14,GSTM1,0.10554741688955793
99,16,16,15,C1orf150,0.1037001658089967
99,16,16,16,MIR1974,0.09852526068753474
99,16,32,1,DEFB1,0.17110284194851466
99,16,32,2,LOC644936,0.1579576292586972
99,16,32,3,IFI27,0.1458978539870495
99,16,32,4,GAPDHL6,0.1283868068382983
99,16,32,5,BAMBI,0.12065648278834865
99,16,32,6,LOC654055,0.12053741113072289
99,16,32,7,RAP1GAP,0.11778384689918311
99,16,32,8,HLA-A29.1,0.11765521228291581
99,16,32,9,LOC727908,0.11530386859542548
99,16,32,10,ABP1,0.10743742885647829
99,16,32,11,LOC100132394,0.1073533222858016
99,16,32,12,KLHL15,0.10636384408125533
99,16,32,13,GTSF1,0.10598484609406203
99,16,32,14,GSTM1,0.10554741688955793
99,16,32,15,C1orf150,0.1037001658089967
99,16,32,16,MIR1974,0.09852526068753474
99,16,32,17,KIAA0367,0.09698775682851415
99,16,32,18,IL1B,0.09523249367040759
99,16,32,19,SLC4A1,0.09510479455529657
99,16,32,20,SPRYD5,0.0949619067573501
99,16,32,21,IFIT1L,0.0944734074336664
99,16,32,22,RPS4Y2,0.09436667864834283
99,16,32,23,THBS1,0.09423407894659128
99,16,32,24,TPSAB1,0.0939873528357677
99,16,32,25,RPS4Y1,0.09388920687804202
99,16,32,26,LGALS2,0.09210593388124129
99,16,32,27,VWF,0.091864620579956
99,16,32,28,PI3,0.09181499541364145
99,16,32,29,LOC100133662,0.09127896592370453
99,16,32,30,HBG1,0.09061766959174118
99,16,32,31,SPTA1,0.09008264650402377
99,16,32,32,TMEM176A,0.08995658874192218
100,4,8,1,VWF,0.055975882991903196
100,4,8,2,ESAM,0.046799961411463316
100,4,8,3,RBPMS2,0.043797655930118605
100,4,8,4,SERPINE2,0.042375791296257584
100,4,8,5,CLEC1B,0.040457100847026854
100,4,8,6,ITGA2B,0.04000369773151849
100,4,8,7,PHACTR1,0.03771819136573788
100,4,8,8,HES4,0.03752436126609587
100,4,16,1,VWF,0.055975882991903196
100,4,16,2,ESAM,0.046799961411463316
100,4,16,3,RBPMS2,0.043797655930118605
100,4,16,4,SERPINE2,0.042375791296257584
100,4,16,5,CLEC1B,0.040457100847026854
100,4,16,6,ITGA2B,0.04000369773151849
100,4,16,7,PHACTR1,0.03771819136573788
100,4,16,8,HES4,0.03752436126609587
100,4,16,9,CD83,0.036196008579708616
100,4,16,10,ADM,0.03615931958327658
100,4,16,11,SIK1,0.03613294505455328
100,4,16,12,RNU1F1,0.035949918485614914
100,4,16,13,MAFB,0.035363350748825934
100,4,16,14,G0S2,0.034987886451037155
100,4,16,15,ITGB3,0.03456084642648479
100,4,16,16,GJB6,0.0340562310528332
100,4,32,1,VWF,0.055975882991903196
100,4,32,2,ESAM,0.046799961411463316
100,4,32,3,RBPMS2,0.043797655930118605
100,4,32,4,SERPINE2,0.042375791296257584
100,4,32,5,CLEC1B,0.040457100847026854
100,4,32,6,ITGA2B,0.04000369773151849
100,4,32,7,PHACTR1,0.03771819136573788
100,4,32,8,HES4,0.03752436126609587
100,4,32,9,CD83,0.036196008579708616
100,4,32,10,ADM,0.03615931958327658
100,4,32,11,SIK1,0.03613294505455328
100,4,32,12,RNU1F1,0.035949918485614914
100,4,32,13,MAFB,0.035363350748825934
100,4,32,14,G0S2,0.034987886451037155
100,4,32,15,ITGB3,0.03456084642648479
100,4,32,16,GJB6,0.0340562310528332
100,4,32,17,HIST1H1B,0.033785979996345326
100,4,32,18,HIST1H4E,0.03325282384190867
100,4,32,19,GIMAP4,0.03301995078768933
100,4,32,20,HIST1H1E,0.032884415849875344
100,4,32,21,GIMAP8,0.032721857570972866
100,4,32,22,TSPAN33,0.03262099738123197
100,4,32,23,RNU1A3,0.031943711109215074
100,4,32,24,GP9,0.03134850490511036
100,4,32,25,TNFAIP3,0.03133273412812265
100,4,32,26,HIST1H2BG,0.030046219363413826
100,4,32,27,KLHL15,0.029735147646921607
100,4,32,28,HIST1H2AH,0.029217237722290065
100,4,32,29,SNORD3C,0.02921191244015956
100,4,32,30,HIST1H1D,0.02868787632954718
100,4,32,31,PRAGMIN,0.028671534939623766
100,4,32,32,CX3CR1,0.028468017118346144
100,8,8,1,TNFRSF21,0.07025692088714584
100,8,8,2,SELENBP1,0.06652224634625378
100,8,8,3,SLC4A1,0.06628898656994073
100,8,8,4,VWF,0.0611267912516797
100,8,8,5,EPB42,0.061062556841096155
100,8,8,6,HBM,0.0591027205910069
100,8,8,7,AHSP,0.05854761267484449
100,8,8,8,SERPINE2,0.05738064405217493
100,8,16,1,TNFRSF21,0.07025692088714584
100,8,16,2,SELENBP1,0.06652224634625378
100,8,16,3,SLC4A1,0.06628898656994073
100,8,16,4,VWF,0.0611267912516797
100,8,16,5,EPB42,0.061062556841096155
100,8,16,6,HBM,0.0591027205910069
100,8,16,7,AHSP,0.05854761267484449
100,8,16,8,SERPINE2,0.05738064405217493
100,8,16,9,CA1,0.05695861290635185
100,8,16,10,PI3,0.05565504284812456
100,8,16,11,IFIT1L,0.05546712203201773
100,8,16,12,GYPB,0.05541962054007676
100,8,16,13,NEU4,0.054888181767072455
100,8,16,14,SNCA,0.05484885875019223
100,8,16,15,OSBP2,0.05214264652389488
100,8,16,16,RHAG,0.05196438206714688
100,8,32,1,TNFRSF21,0.07025692088714584
100,8,32,2,SELENBP1,0.06652224634625378
100,8,32,3,SLC4A1,0.06628898656994073
100,8,32,4,VWF,0.0611267912516797
100,8,32,5,EPB42,0.061062556841096155
100,8,32,6,HBM,0.0591027205910069
100,8,32,7,AHSP,0.05854761267484449
100,8,32,8,SERPINE2,0.05738064405217493
100,8,32,9,CA1,0.05695861290635185
100,8,32,10,PI3,0.05565504284812456
100,8,32,11,IFIT1L,0.05546712203201773
100,8,32,12,GYPB,0.05541962054007676
100,8,32,13,NEU4,0.054888181767072455
100,8,32,14,SNCA,0.05484885875019223
100,8,32,15,OSBP2,0.05214264652389488
100,8,32,16,RHAG,0.05196438206714688
100,8,32,17,VCAN,0.051216008089453355
100,8,32,18,ESAM,0.05065590939618017
100,8,32,19,SPTA1,0.05006119278690131
100,8,32,20,IL8RB,0.049524843569818344
100,8,32,21,PRSSL1,0.04901215843588018
100,8,32,22,HMOX1,0.04879802908614347
100,8,32,23,MAFB,0.048641310828524194
100,8,32,24,LGALS2,0.04787915975012532
100,8,32,25,KIAA0367,0.04701506931953516
100,8,32,26,LOC100132394,0.04686192439911239
100,8,32,27,RBPMS2,0.046453438808282045
100,8,32,28,LOC100133875,0.046128327894326304
100,8,32,29,BAMBI,0.0460658078639495
100,8,32,30,CLEC1B,0.045998520581136994
100,8,32,31,CCL4L1,0.04598001277322801
100,8,32,32,HES4,0.04544996614670157
100,16,8,1,GTSF1,0.16053606134299234
100,16,8,2,LOC100133875,0.14967733722344403
100,16,8,3,DEFB1,0.12967959344797447
100,16,8,4,LOC644936,0.1270325475628612
100,16,8,5,KIAA0367,0.12006015306799787
100,16,8,6,LOC729645,0.11107958246353176
100,16,8,7,THBS1,0.10605177546311786
100,16,8,8,KLHL15,0.10600174395965661
100,16,16,1,GTSF1,0.16053606134299234
100,16,16,2,LOC100133875,0.14967733722344403
100,16,16,3,DEFB1,0.12967959344797447
100,16,16,4,LOC644936,0.1270325475628612
100,16,16,5,KIAA0367,0.12006015306799787
100,16,16,6,LOC729645,0.11107958246353176
100,16,16,7,THBS1,0.10605177546311786
100,16,16,8,KLHL15,0.10600174395965661
100,16,16,9,BAMBI,0.10394481499009438
100,16,16,10,IL1B,0.1025673696783802
100,16,16,11,LOC100132394,0.10245916506542807
100,16,16,12,GSTM1,0.10184757645327411
100,16,16,13,PI3,0.09860144440571804
100,16,16,14,HLA-A29.1,0.0985071297117148
100,16,16,15,LOC731682,0.09725941726985088
100,16,16,16,LOC654055,0.09575682181543237
100,16,32,1,GTSF1,0.16053606134299234
100,16,32,2,LOC100133875,0.14967733722344403
100,16,32,3,DEFB1,0.12967959344797447
100,16,32,4,LOC644936,0.1270325475628612
100,16,32,5,KIAA0367,0.12006015306799787
100,16,32,6,LOC729645,0.11107958246353176
100,16,32,7,THBS1,0.10605177546311786
100,16,32,8,KLHL15,0.10600174395965661
100,16,32,9,BAMBI,0.10394481499009438
100,16,32,10,IL1B,0.1025673696783802
100,16,32,11,LOC100132394,0.10245916506542807
100,16,32,12,GSTM1,0.10184757645327411
100,16,32,13,PI3,0.09860144440571804
100,16,32,14,HLA-A29.1,0.0985071297117148
100,16,32,15,LOC731682,0.09725941726985088
100,16,32,16,LOC654055,0.09575682181543237
100,16,32,17,BEX1,0.09470692331416951
100,16,32,18,HLA-DRB1,0.09394345068431265
100,16,32,19,TEX101,0.09230445129064252
100,16,32,20,HBBP1,0.09204325465363203
100,16,32,21,GAPDHL6,0.09140308823008009
100,16,32,22,VCAN,0.08977032775487827
100,16,32,23,PCOLCE2,0.08954993174102194
100,16,32,24,LGALS2,0.08901143376913472
100,16,32,25,RPS4Y2,0.08884659585257006
100,16,32,26,CDC20,0.08748949255732186
100,16,32,27,TNFRSF21,0.08748186255042972
100,16,32,28,IFITM3,0.08717920590709581
100,16,32,29,IFI27,0.08715980513320588
100,16,32,30,TPSAB1,0.08704859862538837
100,16,32,31,SPTA1,0.08538518315009881
100,16,32,32,SERPINE2,0.08465105937865161
