geometry_angstrom,method,seed,k,captured_probability_mass,absolute_energy_error_hartree,selected_subspace_energy_hartree,exact_sector_energy_hartree,precision_at_k,recall_at_k,ndcg_at_k,selection_efficiency,overlap_with_real
0.75,REAL,,2,0.989523320134482,0.024741825871426038,-5.177837151074798,-5.202578976946224,0.5,1.0,1.0,0.494761660067241,
0.75,NULL,25043000,2,1.3691020386021222e-06,3.2709683642656433,-1.9316106126805812,-5.202578976946224,0.0,0.0,9.780434558798034e-07,6.845510193010611e-07,0
0.75,RANDOM,25043000,2,0.016405486275795324,1.1552684977944443,-4.04731047915178,-5.202578976946224,0.0,0.0,0.007436419077879568,0.008202743137897662,1
0.75,NULL,25043001,2,9.880914396500463e-06,1.4920981086097345,-3.71048086833649,-5.202578976946224,0.0,0.0,7.058635441611025e-06,4.940457198250232e-06,0
0.75,RANDOM,25043001,2,0.0010710849784235342,2.1198015193234006,-3.0827774576228237,-5.202578976946224,0.0,0.0,0.0006316485346949488,0.0005355424892117671,0
0.75,NULL,25043002,2,3.832129257748749e-08,2.9921753563211677,-2.2104036206250566,-5.202578976946224,0.0,0.0,2.2323769935215543e-08,1.9160646288743746e-08,0
0.75,RANDOM,25043002,2,1.3691020386022069e-06,1.4477319255905008,-3.7548470513557235,-5.202578976946224,0.0,0.0,6.170767166004211e-07,6.845510193011034e-07,0
0.75,NULL,25043003,2,0.0007592171454950025,0.8989468315413793,-4.303632145404845,-5.202578976946224,0.0,0.0,0.00035192214976856545,0.00037960857274750126,0
0.75,RANDOM,25043003,2,0.0021406265027825878,0.581631586946366,-4.620947389999858,-5.202578976946224,0.0,0.0,0.000965531109052911,0.0010703132513912939,0
0.75,NULL,25043004,2,3.8765968753898596e-33,1.4477319255905008,-3.7548470513557235,-5.202578976946224,0.0,0.0,0.0,1.9382984376949298e-33,0
0.75,RANDOM,25043004,2,1.1904379210384726e-32,2.5869780537991995,-2.6156009231470247,-5.202578976946224,0.0,0.0,0.0,5.952189605192363e-33,0
0.75,NULL,25043005,2,0.0012294229013363712,2.206117649097696,-2.9964613278485284,-5.202578976946224,0.0,0.0,0.0007448105753056425,0.0006147114506681856,0
0.75,RANDOM,25043005,2,2.905501063651059e-32,2.026724157773633,-3.1758548191725913,-5.202578976946224,0.0,0.0,0.0,1.4527505318255294e-32,0
0.75,NULL,25043006,2,0.0013295014999120732,2.2149319189218426,-2.9876470580243817,-5.202578976946224,0.0,0.0,0.0008163418455762791,0.0006647507499560366,0
0.75,RANDOM,25043006,2,1.4028525964410822e-29,0.581631586946366,-4.620947389999858,-5.202578976946224,0.0,0.0,0.0,7.014262982205411e-30,0
0.75,NULL,25043007,2,0.0013869815719037449,2.311430079308047,-2.8911488976381774,-5.202578976946224,0.0,0.0,0.0007740938563666884,0.0006934907859518724,0
0.75,RANDOM,25043007,2,1.4229063289712485e-29,0.5723112160568986,-4.630267760889326,-5.202578976946224,0.0,0.0,0.0,7.114531644856243e-30,0
0.75,NULL,25043008,2,1.0965192488274298e-30,0.5808286001777763,-4.621750376768448,-5.202578976946224,0.0,0.0,0.0,5.482596244137149e-31,0
0.75,RANDOM,25043008,2,1.3691020386022069e-06,3.2709683642656433,-1.9316106126805812,-5.202578976946224,0.0,0.0,9.780434558798034e-07,6.845510193011034e-07,0
0.75,NULL,25043009,2,1.0975526134130278e-30,0.5689603343876417,-4.633618642558583,-5.202578976946224,0.0,0.0,0.0,5.487763067065139e-31,0
0.75,RANDOM,25043009,2,2.6025785458086932e-33,2.6354275157491993,-2.567151461197025,-5.202578976946224,0.0,0.0,0.0,1.3012892729043466e-33,0
0.75,NULL,25043010,2,0.0005642825252076033,0.581631586946366,-4.620947389999858,-5.202578976946224,0.0,0.0,0.0002543810020696957,0.0002821412626038016,0
0.75,RANDOM,25043010,2,0.0021406456634288766,2.296326229532123,-2.906252747414101,-5.202578976946224,0.0,0.0,0.0015303392371416407,0.0010703228317144383,0
0.75,NULL,25043011,2,1.1005459881885653e-32,2.777235994707351,-2.4253429822388735,-5.202578976946224,0.0,0.0,0.0,5.502729940942827e-33,0
0.75,RANDOM,25043011,2,0.0005642825252076029,2.0659694888665503,-3.136609488079674,-5.202578976946224,0.0,0.0,0.0004031843491763384,0.00028214126260380146,0
0.75,REAL,,4,0.9940097475542857,0.015001254255440521,-5.187577722690784,-5.202578976946224,0.25,1.0,1.0,0.24850243688857143,
0.75,NULL,25043000,4,0.0005081715552545334,2.215776966412139,-2.986802010534085,-5.202578976946224,0.0,0.0,0.0001566944395516183,0.00012704288881363335,0
0.75,RANDOM,25043000,4,0.016405486275795324,0.5803979358747808,-4.6221810410714435,-5.202578976946224,0.0,0.0,0.007425298639550574,0.004101371568948831,1
0.75,NULL,25043001,4,0.0008325799610926424,1.4909657518764092,-3.711613225069815,-5.202578976946224,0.0,0.0,0.00030054735316277514,0.0002081449902731606,0
0.75,RANDOM,25043001,4,0.0015778874316394482,2.093004575152643,-3.1095744017935814,-5.202578976946224,0.0,0.0,0.0007864218246759979,0.00039447185790986205,0
0.75,NULL,25043002,4,6.644306364814647e-05,2.992175356321167,-2.2104036206250575,-5.202578976946224,0.0,0.0,2.0422400980683416e-05,1.661076591203662e-05,0
0.75,RANDOM,25043002,4,1.3691020386022069e-06,1.4304093677111354,-3.772169609235089,-5.202578976946224,0.0,0.0,6.161539386478411e-07,3.422755096505517e-07,0
0.75,NULL,25043003,4,0.0008269909898891737,0.895375280042388,-4.307203696903836,-5.202578976946224,0.0,0.0,0.0003755002700284512,0.00020674774747229342,0
0.75,RANDOM,25043003,4,0.0029999222468532747,0.581631586946366,-4.620947389999858,-5.202578976946224,0.0,0.0,0.0012299461420346616,0.0007499805617133187,0
0.75,NULL,25043004,4,1.4033570071426202e-29,0.5801158487658231,-4.622463128180401,-5.202578976946224,0.0,0.0,0.0,3.5083925178565506e-30,0
0.75,RANDOM,25043004,4,2.2243839943779755e-32,1.4331887223741875,-3.769390254572037,-5.202578976946224,0.0,0.0,0.0,5.560959985944939e-33,0
0.75,NULL,25043005,4,0.003370049404118964,2.0659694888665507,-3.1366094880796735,-5.202578976946224,0.0,0.0,0.0014017887138076826,0.000842512351029741,1
0.75,RANDOM,25043005,4,0.0007325013625169593,1.4862304084659383,-3.716348568480286,-5.202578976946224,0.0,0.0,0.00026082256490971034,0.0001831253406292398,0
0.75,NULL,25043006,4,0.0013295014999120732,1.2926523367720142,-3.90992664017421,-5.202578976946224,0.0,0.0,0.00081512108608787,0.0003323753749780183,0
0.75,RANDOM,25043006,4,3.659669737454523e-05,0.5688288504727135,-4.633750126473511,-5.202578976946224,0.0,0.0,1.1242705485731681e-05,9.149174343636307e-06,0
0.75,NULL,25043007,4,0.0013869815719037449,0.5809691490568056,-4.621609827889419,-5.202578976946224,0.0,0.0,0.0007729362746192874,0.0003467453929759362,0
0.75,RANDOM,25043007,4,1.4232979196819967e-29,0.5713713895961599,-4.631207587350064,-5.202578976946224,0.0,0.0,0.0,3.558244799204992e-30,0
0.75,NULL,25043008,4,1.5126078577823847e-29,0.4391653973577192,-4.763413579588505,-5.202578976946224,0.0,0.0,0.0,3.7815196444559616e-30,0
0.75,RANDOM,25043008,4,1.2619118473704792e-05,1.487155847333983,-3.7154231296122413,-5.202578976946224,0.0,0.0,4.500314141506494e-06,3.154779618426198e-06,0
0.75,NULL,25043009,4,0.016912288729011238,0.5689603343876417,-4.633618642558583,-5.202578976946224,0.0,0.0,0.005249337682719622,0.0042280721822528095,1
0.75,RANDOM,25043009,4,3.6596697374530986e-05,0.581631586946366,-4.620947389999858,-5.202578976946224,0.0,0.0,1.1242705485633271e-05,9.149174343632747e-06,0
0.75,NULL,25043010,4,0.0005741634396041052,0.5807629543714299,-4.621816022574794,-5.202578976946224,0.0,0.0,0.00025752464010037014,0.0001435408599010263,0
0.75,RANDOM,25043010,4,0.002684044814019353,0.8861461260076346,-4.31643285093859,-5.202578976946224,0.0,0.0,0.0016968209998277388,0.0006710112035048382,0
0.75,NULL,25043011,4,9.880914396500463e-06,1.430792818813034,-3.77178615813319,-5.202578976946224,0.0,0.0,3.5240399709037634e-06,2.470228599125116e-06,0
0.75,RANDOM,25043011,4,0.0027049281886364846,2.0659694888665507,-3.1366094880796735,-5.202578976946224,0.0,0.0,0.0010606801899730102,0.0006762320471591211,1
0.75,REAL,,8,0.9982024960051008,0.0037794029454794043,-5.198799574000745,-5.202578976946224,0.125,1.0,0.9999854432197623,0.1247753120006376,
0.75,NULL,25043000,8,0.002900450084046743,0.8895848512507056,-4.312994125695519,-5.202578976946224,0.0,0.0,0.0006968218883111978,0.00036255626050584285,1
0.75,RANDOM,25043000,8,0.9922648258598467,0.018466057781721723,-5.184112919164503,-5.202578976946224,0.125,1.0,0.33809487064727684,0.12403310323248083,3
0.75,NULL,25043001,8,0.0013968816469465345,1.4885863176689345,-3.71399265927729,-5.202578976946224,0.0,0.0,0.00043426817851993025,0.00017461020586831682,1
0.75,RANDOM,25043001,8,0.0016158532310525957,0.888266755799231,-4.314312221146993,-5.202578976946224,0.0,0.0,0.0007941619040810563,0.00020198165388157446,1
0.75,NULL,25043002,8,0.002216950480827236,1.406518159321116,-3.7960608176251083,-5.202578976946224,0.0,0.0,0.0005046379593684264,0.0002771188101034045,1
0.75,RANDOM,25043002,8,0.002208400347176764,1.398661650525323,-3.803917326420901,-5.202578976946224,0.0,0.0,0.0005243300651605504,0.0002760500433970955,1
0.75,NULL,25043003,8,0.9760854513513584,0.034457402720045494,-5.168121574226179,-5.202578976946224,0.125,1.0,0.33096263996349606,0.1220106814189198,3
0.75,RANDOM,25043003,8,0.019969691047856203,0.5807574866855383,-4.621821490260686,-5.202578976946224,0.0,0.0,0.005092737896105481,0.0024962113809820254,3
0.75,NULL,25043004,8,0.004349026849959352,0.5801158487658231,-4.622463128180401,-5.202578976946224,0.0,0.0,0.0011145404804497338,0.000543628356244919,2
0.75,RANDOM,25043004,8,0.016406855377833925,1.1544361366604,-4.048142840285824,-5.202578976946224,0.0,0.0,0.003918980563165796,0.0020508569222292407,1
0.75,NULL,25043005,8,0.006333374953597693,2.064760951563746,-3.137818025382478,-5.202578976946224,0.0,0.0,0.002175702261437652,0.0007916718691997116,5
0.75,RANDOM,25043005,8,0.003447291304903651,1.3835682742810866,-3.8190107026651376,-5.202578976946224,0.0,0.0,0.0008989088431659424,0.00043091141311295635,2
0.75,NULL,25043006,8,0.0034714971047332685,1.2857567662065215,-3.916822210739703,-5.202578976946224,0.0,0.0,0.0014050520800559553,0.00043393713809165857,2
0.75,RANDOM,25043006,8,0.9895599168318565,0.024550221235482006,-5.178028755710742,-5.202578976946224,0.125,1.0,0.3337168772028678,0.12369498960398206,2
0.75,NULL,25043007,8,0.0021194829344207025,0.5653444396605973,-4.637234537285627,-5.202578976946224,0.0,0.0,0.0009578840956975223,0.0002649353668025878,2
0.75,RANDOM,25043007,8,1.388262684890863e-06,0.5713358400652444,-4.63124313688098,-5.202578976946224,0.0,0.0,3.2947639131161203e-07,1.7353283561135787e-07,0
0.75,NULL,25043008,8,0.9768506163476116,0.03238064516569317,-5.170198331780531,-5.202578976946224,0.125,1.0,0.3536114207012725,0.12210632704345145,3
0.75,RANDOM,25043008,8,0.0013450434595401902,0.8904327095299056,-4.312146267416319,-5.202578976946224,0.0,0.0,0.00032887724291747757,0.00016813043244252377,2
0.75,NULL,25043009,8,0.9900667192850725,0.022963762121709586,-5.179615214824515,-5.202578976946224,0.125,1.0,0.31756112061818664,0.12375833991063406,3
0.75,RANDOM,25043009,8,0.0005532800649869469,0.5807424772290659,-4.621836499717158,-5.202578976946224,0.0,0.0,0.00013384091573572667,6.916000812336836e-05,1
0.75,NULL,25043010,8,0.0034732444216122415,0.5807629543714299,-4.621816022574794,-5.202578976946224,0.0,0.0,0.0009250124601068023,0.0004341555527015302,2
0.75,RANDOM,25043010,8,0.004900956973554017,0.8702797314480524,-4.332299245498172,-5.202578976946224,0.0,0.0,0.002196050238679144,0.0006126196216942521,2
0.75,NULL,25043011,8,4.6477611771045697e-05,0.894585666955412,-4.307993309990812,-5.202578976946224,0.0,0.0,1.174626282049786e-05,5.809701471380712e-06,0
0.75,RANDOM,25043011,8,0.00327057981588269,1.908092305689761,-3.2944866712564633,-5.202578976946224,0.0,0.0,0.001203085828185331,0.00040882247698533625,1
0.75,REAL,,12,0.9998744602061064,0.00036521728580751756,-5.202213759660417,-5.202578976946224,0.08333333333333333,1.0,0.9999906449429804,0.0833228716838422,
0.75,NULL,25043000,12,0.005605359112036939,0.570743123231269,-4.631835853714955,-5.202578976946224,0.0,0.0,0.001229942923848019,0.00046711325933641157,4
0.75,RANDOM,25043000,12,0.9923014608785138,0.018327025697012722,-5.184251951249212,-5.202578976946224,0.08333333333333333,1.0,0.3379878420353928,0.08269178840654282,5
0.75,NULL,25043001,12,0.018377900464384565,1.1002907521145593,-4.102288224831665,-5.202578976946224,0.0,0.0,0.004090178998092786,0.0015314917053653803,4
0.75,RANDOM,25043001,12,0.0022364942824277326,0.7534857955612262,-4.449093181384998,-5.202578976946224,0.0,0.0,0.0009175844185983407,0.0001863745235356444,5
0.75,NULL,25043002,12,0.005428661962033363,1.4051718453736863,-3.797407131572538,-5.202578976946224,0.0,0.0,0.001133310850871209,0.0004523884968361136,4
0.75,RANDOM,25043002,12,0.005477591900374558,0.5728379578259126,-4.629741019120312,-5.202578976946224,0.0,0.0,0.0011869967120647982,0.0004564659916978799,4
0.75,NULL,25043003,12,0.976602153879617,0.033408983437412054,-5.169169993508812,-5.202578976946224,0.08333333333333333,1.0,0.3309501761745664,0.08138351282330142,5
0.75,RANDOM,25043003,12,0.01996971020850249,0.5660342490711301,-4.636544727875094,-5.202578976946224,0.0,0.0,0.005091015905156943,0.0016641425173752075,5
0.75,NULL,25043004,12,0.00434904601060564,0.5764437435119669,-4.626135233434257,-5.202578976946224,0.0,0.0,0.0011141668997057,0.00036242050088380336,2
0.75,RANDOM,25043004,12,0.016483160195232282,1.1223973648735601,-4.080181612072664,-5.202578976946224,0.0,0.0,0.003932752430585339,0.0013735966829360234,1
0.75,NULL,25043005,12,0.9794512088122843,0.026852471513091558,-5.175726505433133,-5.202578976946224,0.08333333333333333,1.0,0.26961770514036,0.08162093406769036,6
0.75,RANDOM,25043005,12,0.007933757045999999,1.36771750674108,-3.8348614702051442,-5.202578976946224,0.0,0.0,0.0017761330220356483,0.0006611464204999999,5
0.75,NULL,25043006,12,0.01987700254117488,1.1345149424618963,-4.068064034484328,-5.202578976946224,0.0,0.0,0.004801645035826982,0.00165641687843124,4
0.75,RANDOM,25043006,12,0.9917005624952854,0.0191872856000872,-5.183391691346137,-5.202578976946224,0.08333333333333333,1.0,0.3340631188891085,0.08264171354127378,4
0.75,NULL,25043007,12,0.97737794329589,0.031279921973543345,-5.171299054972681,-5.202578976946224,0.08333333333333333,1.0,0.26884136844677325,0.08144816194132416,5
0.75,RANDOM,25043007,12,0.01954170064597742,0.5713358400652444,-4.63124313688098,-5.202578976946224,0.0,0.0,0.004017213745530747,0.0016284750538314516,3
0.75,NULL,25043008,12,0.9774261488892543,0.0313082975032426,-5.171270679442982,-5.202578976946224,0.08333333333333333,1.0,0.35360253392623486,0.08145217907410453,5
0.75,RANDOM,25043008,12,0.00138165931756101,0.771007716678791,-4.431571260267433,-5.202578976946224,0.0,0.0,0.0003363047290674998,0.0001151382764634175,3
0.75,NULL,25043009,12,0.9950599491580921,0.012728294827364373,-5.18985068211886,-5.202578976946224,0.08333333333333333,1.0,0.31846909532547807,0.08292166242984102,7
0.75,RANDOM,25043009,12,0.002908981057050913,0.5800335196136057,-4.622545457332619,-5.202578976946224,0.0,0.0,0.0006190799442052084,0.0002424150880875761,2
0.75,NULL,25043010,12,0.019878730697407566,0.5740358646267891,-4.628543112319435,-5.202578976946224,0.0,0.0,0.004462378059554355,0.0016565608914506306,5
0.75,RANDOM,25043010,12,0.004937553670928548,0.7697344585249262,-4.432844518421298,-5.202578976946224,0.0,0.0,0.0022023504213103634,0.0004114628059107123,4
0.75,NULL,25043011,12,9.297438418836734e-05,0.7582682413755419,-4.444310735570682,-5.202578976946224,0.0,0.0,2.082518383749518e-05,7.747865349030612e-06,1
0.75,RANDOM,25043011,12,0.9784405356226019,0.02937415616579564,-5.173204820780429,-5.202578976946224,0.08333333333333333,1.0,0.2876914354277093,0.08153671130188349,7
0.75,REAL,,16,0.999930818732274,0.00030573929190502724,-5.202273237654319,-5.202578976946224,0.0625,1.0,0.9999840526719046,0.06249567617076712,
0.75,NULL,25043000,16,0.9795122181611997,0.025973493926317204,-5.176605483019907,-5.202578976946224,0.0625,1.0,0.24348643159855546,0.06121951363507498,9
0.75,RANDOM,25043000,16,0.9928096324337683,0.016804737051320906,-5.185774239894903,-5.202578976946224,0.0625,1.0,0.338074751262011,0.06205060202711052,7
0.75,NULL,25043001,16,0.9938429043421311,0.015178306080940729,-5.187400670865284,-5.202578976946224,0.0625,1.0,0.24664525505160126,0.06211518152138319,9
0.75,RANDOM,25043001,16,0.005371320389924935,0.7534828392603918,-4.4490961376858325,-5.202578976946224,0.0,0.0,0.001486707720966742,0.00033570752437030844,10
0.75,NULL,25043002,16,0.97854649582072,0.032779985857474436,-5.16979899108875,-5.202578976946224,0.0625,1.0,0.24324898844049453,0.061159155988795,6
0.75,RANDOM,25043002,16,0.02188307817616988,0.4281408046252526,-4.774438172320972,-5.202578976946224,0.0,0.0,0.004273559195000317,0.0013676923860106176,6
0.75,NULL,25043003,16,0.9795122373218459,0.025889970753310898,-5.176689006192913,-5.202578976946224,0.0625,1.0,0.3314866434325269,0.06121951483261537,9
0.75,RANDOM,25043003,16,0.9936042274348017,0.013929966049976983,-5.188649010896247,-5.202578976946224,0.0625,1.0,0.25848905963983326,0.062100264214675106,8
0.75,NULL,25043004,16,0.9774668798692923,0.03413897610017713,-5.168440000846047,-5.202578976946224,0.0625,1.0,0.24322984481477078,0.061091679991830766,4
0.75,RANDOM,25043004,16,0.9923059030819091,0.018404561560759092,-5.184174415385465,-5.202578976946224,0.0625,1.0,0.24653542192128283,0.06201911894261932,5
0.75,NULL,25043005,16,0.99640009423867,0.006529572613571233,-5.196049404332653,-5.202578976946224,0.0625,1.0,0.27279849277135865,0.06227500588991688,10
0.75,RANDOM,25043005,16,0.025161942368491463,1.0415829853858858,-4.1609959915603385,-5.202578976946224,0.0,0.0,0.004930585122161511,0.0015726213980307164,9
0.75,NULL,25043006,16,0.9929948555605078,0.015194753151971163,-5.187384223794253,-5.202578976946224,0.0625,1.0,0.2469172636766646,0.06206217847253174,5
0.75,RANDOM,25043006,16,0.9917104434096818,0.019149596660931856,-5.183429380285292,-5.202578976946224,0.0625,1.0,0.3340592413014859,0.061981902713105115,6
0.75,NULL,25043007,16,0.97737794329589,0.031279921973547786,-5.1712990549726765,-5.202578976946224,0.0625,1.0,0.26883679821967166,0.061086121455993125,7
0.75,RANDOM,25043007,16,0.020364418853319848,0.569520457152537,-4.633058519793687,-5.202578976946224,0.0,0.0,0.00417109977244644,0.0012727761783324905,5
0.75,NULL,25043008,16,0.9796033912500577,0.027324709882152298,-5.175254267064072,-5.202578976946224,0.0625,1.0,0.35398435887715324,0.061225211953128605,9
0.75,RANDOM,25043008,16,0.9744994931762476,0.03723018909572584,-5.1653487878504984,-5.202578976946224,0.0625,1.0,0.25364232076059007,0.060906218323515476,7
0.75,NULL,25043009,16,0.995126373061094,0.012601338648005722,-5.189977638298219,-5.202578976946224,0.0625,1.0,0.3184755096213097,0.06219539831631837,8
0.75,RANDOM,25043009,16,0.002910350159089515,0.5662400479777574,-4.636338928968467,-5.202578976946224,0.0,0.0,0.0006193255457554933,0.00018189688494309468,6
0.75,NULL,25043010,16,0.9930643384004885,0.017215896459539692,-5.185363080486685,-5.202578976946224,0.0625,1.0,0.24659067165064455,0.06206652115003053,9
0.75,RANDOM,25043010,16,0.006066137881990043,0.7674052545265369,-4.435173722419687,-5.202578976946224,0.0,0.0,0.0024057098379760013,0.00037913361762437767,8
0.75,NULL,25043011,16,0.9740335072895712,0.039342989826344876,-5.163235987119879,-5.202578976946224,0.0625,1.0,0.24228655031249083,0.0608770942055982,7
0.75,RANDOM,25043011,16,0.9784419047246404,0.029372993989397855,-5.173205982956826,-5.202578976946224,0.0625,1.0,0.28768678854520274,0.06115261904529003,7
1.0,REAL,,2,0.9716905822156552,0.0438875820113136,-4.415601113943449,-4.459488695954763,1.0,1.0,1.0,0.4858452911078276,
1.0,NULL,25043000,2,1.3765271264930563e-05,2.050135721367535,-2.4093529745872275,-4.459488695954763,0.0,0.0,1.0265902260807558e-05,6.882635632465282e-06,0
1.0,RANDOM,25043000,2,0.03522672583037588,0.8306705006259127,-3.62881819532885,-4.459488695954763,0.5,0.5,0.016779403043504556,0.01761336291518794,1
1.0,NULL,25043001,2,1.9449051435623355e-05,0.9568410085849566,-3.502647687369806,-4.459488695954763,0.0,0.0,1.4504796205371464e-05,9.724525717811678e-06,0
1.0,RANDOM,25043001,2,0.0032818803789740328,1.3048389222763728,-3.15464977367839,-4.459488695954763,0.0,0.0,0.0021962459429003436,0.0016409401894870164,0
1.0,NULL,25043002,2,1.378249444156684e-05,1.893831455758387,-2.5656572401963755,-4.459488695954763,0.0,0.0,8.381937194583371e-06,6.89124722078342e-06,0
1.0,RANDOM,25043002,2,1.3765271264930412e-05,1.0278635702812555,-3.431625125673507,-4.459488695954763,0.0,0.0,6.477063183599981e-06,6.882635632465206e-06,0
1.0,NULL,25043003,2,0.001771865643812721,0.6496212835634427,-3.80986741239132,-4.459488695954763,0.0,0.0,0.0008433462423560313,0.0008859328219063605,0
1.0,RANDOM,25043003,2,0.006228874194138717,0.4365042489347104,-4.022984447020052,-4.459488695954763,0.0,0.0,0.002937235193617288,0.0031144370970693585,0
1.0,NULL,25043004,2,2.2018206671781134e-34,1.0278635702812555,-3.431625125673507,-4.459488695954763,0.0,0.0,0.0,1.1009103335890567e-34,0
1.0,RANDOM,25043004,2,8.77493237578351e-35,1.6547730021455247,-2.804715693809238,-4.459488695954763,0.0,0.0,0.0,4.387466187891755e-35,0
1.0,NULL,25043005,2,0.002657494505912871,1.3815660339012363,-3.0779226620535263,-4.459488695954763,0.0,0.0,0.0017299294988499866,0.0013287472529564354,0
1.0,RANDOM,25043005,2,1.9732399335275217e-33,1.290196074168981,-3.1692926217857815,-4.459488695954763,0.0,0.0,0.0,9.866199667637608e-34,0
1.0,NULL,25043006,2,0.0036267437093466014,1.3951873591290522,-3.0643013368257104,-4.459488695954763,0.0,0.0,0.0024538902579838624,0.0018133718546733007,0
1.0,RANDOM,25043006,2,4.3345307847621915e-32,0.4365042489347122,-4.02298444702005,-4.459488695954763,0.0,0.0,0.0,2.1672653923810957e-32,0
1.0,NULL,25043007,2,0.00507103117217246,1.4929282322514306,-2.966560463703332,-4.459488695954763,0.0,0.0,0.003039161637004867,0.00253551558608623,0
1.0,RANDOM,25043007,2,9.050098975099973e-32,0.42303016279803085,-4.036458533156732,-4.459488695954763,0.0,0.0,0.0,4.5250494875499867e-32,0
1.0,NULL,25043008,2,8.474535043025733e-33,0.43546472291837546,-4.024023973036387,-4.459488695954763,0.0,0.0,0.0,4.237267521512866e-33,0
1.0,RANDOM,25043008,2,1.3765271264930412e-05,2.050135721367535,-2.4093529745872275,-4.459488695954763,0.0,0.0,1.0265902260807558e-05,6.882635632465206e-06,0
1.0,NULL,25043009,2,8.652069888223732e-33,0.420686479848853,-4.03880221610591,-4.459488695954763,0.0,0.0,0.0,4.326034944111866e-33,0
1.0,RANDOM,25043009,2,6.95034887915637e-35,1.7133269136834341,-2.7461617822713285,-4.459488695954763,0.0,0.0,0.0,3.475174439578185e-35,0
1.0,NULL,25043010,2,0.0023630839208999463,0.4365042489347122,-4.02298444702005,-4.459488695954763,0.0,0.0,0.0011128231732482063,0.0011815419604499732,0
1.0,RANDOM,25043010,2,0.0062357654413595,1.484054853542537,-2.9754338424122255,-4.459488695954763,0.0,0.0,0.004658650213615634,0.00311788272067975,0
1.0,NULL,25043011,2,8.426805829983901e-35,1.7643844549034573,-2.6951042410513053,-4.459488695954763,0.0,0.0,0.0,4.2134029149919507e-35,0
1.0,RANDOM,25043011,2,0.0023630839208999455,1.3476388359771097,-3.111849859977653,-4.459488695954763,0.0,0.0,0.0017637829995319294,0.0011815419604499727,0
1.0,REAL,,4,0.9821448717296378,0.028025561352899686,-4.431463134601863,-4.459488695954763,0.5,1.0,0.9992534538095167,0.24553621793240946,
1.0,NULL,25043000,4,4.6932867238877314e-05,0.6496212835634427,-3.80986741239132,-4.459488695954763,0.0,0.0,2.0828867743256334e-05,1.1733216809719328e-05,0
1.0,RANDOM,25043000,4,0.03522672583037588,0.43240622102824133,-4.027082474926521,-4.459488695954763,0.25,0.5,0.016707016906267504,0.00880668145759397,1
1.0,NULL,25043001,4,0.0027273963027081376,0.9553809230714179,-3.5041077728833447,-4.459488695954763,0.0,0.0,0.0010207956737824017,0.0006818490756770344,0
1.0,RANDOM,25043001,4,0.004200676837048127,1.2757484423569139,-3.1837402535978487,-4.459488695954763,0.0,0.0,0.0024806997518129173,0.0010501692092620319,0
1.0,NULL,25043002,4,3.323154587718565e-05,0.9456860898064559,-3.5138026061483068,-4.459488695954763,0.0,0.0,1.4565704381917348e-05,8.307886469296413e-06,0
1.0,RANDOM,25043002,4,1.3765271264930412e-05,0.9956434073917353,-3.4638452885630273,-4.459488695954763,0.0,0.0,6.449121213120726e-06,3.441317816232603e-06,0
1.0,NULL,25043003,4,0.008470041525324271,0.641683226708254,-3.8178054692465087,-4.459488695954763,0.0,0.0,0.0030103046865484454,0.002117510381331068,1
1.0,RANDOM,25043003,4,0.008969989041385176,0.4365042489347104,-4.022984447020052,-4.459488695954763,0.0,0.0,0.0038037043170994914,0.002242497260346294,1
1.0,NULL,25043004,4,0.00622887419413871,0.4360348455557599,-4.023453850399003,-4.459488695954763,0.0,0.0,0.0019963255007369686,0.0015572185485346775,0
1.0,RANDOM,25043004,4,3.481469629210652e-34,1.0092912822378635,-3.450197413716899,-4.459488695954763,0.0,0.0,0.0,8.70367407302663e-35,0
1.0,NULL,25043005,4,0.008886368700051588,1.3063071802540795,-3.153181515700683,-4.459488695954763,0.0,0.0,0.003718792105121073,0.002221592175012897,1
1.0,RANDOM,25043005,4,0.0017581470992743952,0.9488640036034015,-3.510624692351361,-4.459488695954763,0.0,0.0,0.0006521545771635325,0.0004395367748185988,0
1.0,NULL,25043006,4,0.009855617903485311,1.027863570281256,-3.4316251256735066,-4.459488695954763,0.0,0.0,0.0044396297064924805,0.002463904475871328,0
1.0,RANDOM,25043006,4,3.316759597394464e-05,0.42026462693164124,-4.039224069023121,-4.459488695954763,0.0,0.0,1.0607252457854654e-05,8.29189899348616e-06,0
1.0,NULL,25043007,4,0.00507103117217246,1.0232571372986419,-3.4362315586561207,-4.459488695954763,0.0,0.0,0.0030260507312848345,0.001267757793043115,0
1.0,RANDOM,25043007,4,9.061659310353219e-32,0.42196376547999037,-4.037524930474772,-4.459488695954763,0.0,0.0,0.0,2.2654148275883047e-32,0
1.0,NULL,25043008,4,0.0042254153198438985,0.2987415143842025,-4.16074718157056,-4.459488695954763,0.0,0.0,0.001353285613216692,0.0010563538299609746,1
1.0,RANDOM,25043008,4,4.697959396548433e-05,0.9488241435791709,-3.5106645523755917,-4.459488695954763,0.0,0.0,2.1552349688843633e-05,1.1744898491371083e-05,0
1.0,NULL,25043009,4,0.0009519640540480391,0.420686479848853,-4.03880221610591,-4.459488695954763,0.0,0.0,0.00035184754199965487,0.00023799101351200977,0
1.0,RANDOM,25043009,4,3.316759597394675e-05,0.4365042489347122,-4.02298444702005,-4.459488695954763,0.0,0.0,1.0607252457854654e-05,8.291898993486688e-06,0
1.0,NULL,25043010,4,0.0024019820237711886,0.4365042489347122,-4.02298444702005,-4.459488695954763,0.0,0.0,0.0011214635059475819,0.0006004955059427971,0
1.0,RANDOM,25043010,4,0.007187729495407531,0.6284133627336073,-3.8310753332211553,-4.459488695954763,0.0,0.0,0.004944795879699945,0.0017969323738518828,1
1.0,NULL,25043011,4,1.9449051435623355e-05,0.9568410085849561,-3.5026476873698065,-4.459488695954763,0.0,0.0,7.221111346953265e-06,4.862262858905839e-06,0
1.0,RANDOM,25043011,4,0.00859884936225944,1.3360464346410836,-3.123442261313679,-4.459488695954763,0.0,0.0,0.003755058157279638,0.00214971234056486,0
1.0,REAL,,8,0.9951834751437878,0.006291003741574208,-4.453197692213188,-4.459488695954763,0.25,1.0,0.999660846056407,0.12439793439297347,
1.0,NULL,25043000,8,0.0009851783767485835,0.6409872494705886,-3.818501446484174,-4.459488695954763,0.0,0.0,0.000289104711326808,0.00012314729709357293,0
1.0,RANDOM,25043000,8,0.9803157079266678,0.030952589571676015,-4.428536106383087,-4.459488695954763,0.25,1.0,0.34419069585993084,0.12253946349083347,3
1.0,NULL,25043001,8,0.005104245494873014,0.9518443411103021,-3.5076443548444605,-4.459488695954763,0.0,0.0,0.0016044827384181486,0.0006380306868591268,2
1.0,RANDOM,25043001,8,0.004247609704287002,0.635356841857031,-3.8241318540977316,-4.459488695954763,0.0,0.0,0.002484790595317688,0.0005309512130358753,0
1.0,NULL,25043002,8,0.0028656171541499654,0.9421284812799735,-3.517360214674789,-4.459488695954763,0.0,0.0,0.0007012572796269296,0.00035820214426874567,0
1.0,RANDOM,25043002,8,0.0067119411527764745,0.9333913620839107,-3.526097333870852,-4.459488695954763,0.0,0.0,0.0016564216482023743,0.0008389926440970593,1
1.0,NULL,25043003,8,0.9449476631818685,0.05465306376563017,-4.404835632189132,-4.459488695954763,0.125,0.5,0.32833197972163863,0.11811845789773356,3
1.0,RANDOM,25043003,8,0.046559798792661006,0.4360288889316255,-4.023459807023137,-4.459488695954763,0.125,0.5,0.012797281354069169,0.005819974849082626,4
1.0,NULL,25043004,8,0.012471513659542358,0.43518111472614684,-4.024307581228616,-4.459488695954763,0.0,0.0,0.0035342177524422137,0.0015589392074427948,2
1.0,RANDOM,25043004,8,0.03524049110164081,0.8295590755455717,-3.629929620409191,-4.459488695954763,0.125,0.5,0.008803263151717491,0.004405061387705102,1
1.0,NULL,25043005,8,0.0151152428941903,1.263131183186906,-3.1963575127678565,-4.459488695954763,0.0,0.0,0.005495099778618825,0.0018894053617737874,3
1.0,RANDOM,25043005,8,0.010369554265748681,0.8432702534035332,-3.6162184425512294,-4.459488695954763,0.0,0.0,0.0027484179819018423,0.0012961942832185852,3
1.0,NULL,25043006,8,0.009869383174750243,0.8682014815413099,-3.5912872144134527,-4.459488695954763,0.0,0.0,0.004429663128727346,0.0012336728968437803,2
1.0,RANDOM,25043006,8,0.9717237498116291,0.043410429836254316,-4.416078266118508,-4.459488695954763,0.25,1.0,0.3336654524546737,0.12146546872645364,2
1.0,NULL,25043007,8,0.00682917827144686,0.4169135102402022,-4.04257518571456,-4.459488695954763,0.0,0.0,0.003480346573437051,0.0008536472839308575,2
1.0,RANDOM,25043007,8,2.0656518485714093e-05,0.42193149746936864,-4.037557198485394,-4.459488695954763,0.0,0.0,5.006120421924474e-06,2.5820648107142617e-06,0
1.0,NULL,25043008,8,0.9434109842276606,0.055317004465123,-4.40417169148964,-4.459488695954763,0.125,0.5,0.3496725988693753,0.11792637302845757,3
1.0,RANDOM,25043008,8,0.003206943383225134,0.6324703898373585,-3.827018306117404,-4.459488695954763,0.0,0.0,0.0008374957175259532,0.0004008679229031418,1
1.0,NULL,25043009,8,0.037097486342498,0.4106329448736421,-4.0488557510811205,-4.459488695954763,0.125,0.5,0.01077789782121542,0.00463718579281225,1
1.0,RANDOM,25043009,8,0.00097141310548366,0.43602881082762757,-4.023459885127135,-4.459488695954763,0.0,0.0,0.0002419136523515218,0.0001214266381854575,0
1.0,NULL,25043010,8,0.0033539460778192276,0.425793141343223,-4.03369555461154,-4.459488695954763,0.0,0.0,0.0013685735977081216,0.00041924325972740345,1
1.0,RANDOM,25043010,8,0.013905354428354695,0.5957404870704046,-3.863748208884358,-4.459488695954763,0.0,0.0,0.0065167990353830405,0.001738169303544337,2
1.0,NULL,25043011,8,1.9449051435623355e-05,0.8443297582107183,-3.6151589377440443,-4.459488695954763,0.0,0.0,7.198996573164396e-06,2.4311314294529194e-06,0
1.0,RANDOM,25043011,8,0.010975698554424314,1.183358770594336,-3.2761299253604266,-4.459488695954763,0.0,0.0,0.004370601028605036,0.0013719623193030393,2
1.0,REAL,,12,0.9994173195768099,0.0014134786915445119,-4.458075217263218,-4.459488695954763,0.16666666666666666,1.0,0.9997131710840775,0.08328477663140083,
1.0,NULL,25043000,12,0.007573677617492428,0.28441081631451315,-4.1750778796402495,-4.459488695954763,0.0,0.0,0.0016815441431320339,0.0006311398014577024,4
1.0,RANDOM,25043000,12,0.9803626580170832,0.030623200285079477,-4.428865495669683,-4.459488695954763,0.16666666666666666,1.0,0.34390222158559447,0.08169688816809027,5
1.0,NULL,25043001,12,0.04692636181321352,0.735156022123979,-3.7243326738307836,-4.459488695954763,0.08333333333333333,0.5,0.01033436580577909,0.003910530151101126,5
1.0,RANDOM,25043001,12,0.006682759324032139,0.4742487553755863,-3.9852399405791763,-4.459488695954763,0.0,0.0,0.002985893528102193,0.0005568966103360115,5
1.0,NULL,25043002,12,0.01001328780636277,0.4186670553077807,-4.040821640646982,-4.459488695954763,0.0,0.0,0.0022399365117321633,0.0008344406505302308,3
1.0,RANDOM,25043002,12,0.017666983188715082,0.42357079193758107,-4.0359179040171815,-4.459488695954763,0.0,0.0,0.003975137661020142,0.0014722485990595901,4
1.0,NULL,25043003,12,0.9491994188003687,0.0442562798799111,-4.4152324160748515,-4.459488695954763,0.08333333333333333,0.5,0.3288985755774574,0.0790999515666974,4
1.0,RANDOM,25043003,12,0.046566690039881786,0.4149106561063043,-4.044578039848458,-4.459488695954763,0.08333333333333333,0.5,0.012787603871121739,0.003880557503323482,4
1.0,NULL,25043004,12,0.012947706594135976,0.43149523752479535,-4.027993458429967,-4.459488695954763,0.0,0.0,0.0036329299077657827,0.0010789755495113314,2
1.0,RANDOM,25043004,12,0.035736133087670055,0.7713732017081671,-3.6881154942465955,-4.459488695954763,0.08333333333333333,0.5,0.00889789142572826,0.002978011090639171,1
1.0,NULL,25043005,12,0.05304991597583869,0.4180944414877601,-4.0413942544670025,-4.459488695954763,0.08333333333333333,0.5,0.013197654281052507,0.004420826331319891,6
1.0,RANDOM,25043005,12,0.020837626274172856,0.8195564251687455,-3.639932270786017,-4.459488695954763,0.0,0.0,0.004882771386981018,0.0017364688561810713,5
1.0,NULL,25043006,12,0.045096109005126124,0.7942587772908904,-3.665229918663872,-4.459488695954763,0.08333333333333333,0.5,0.012365789489897881,0.0037580090837605103,4
1.0,RANDOM,25043006,12,0.9779595152529886,0.03275145279793534,-4.426737243156827,-4.459488695954763,0.16666666666666666,1.0,0.33476742437714097,0.08149662627108238,3
1.0,NULL,25043007,12,0.01305805246558557,0.40791162125113445,-4.051577074703628,-4.459488695954763,0.0,0.0,0.004867219788459394,0.0010881710387987975,4
1.0,RANDOM,25043007,12,0.04168079740391711,0.42193149746936864,-4.037557198485394,-4.459488695954763,0.08333333333333333,0.5,0.008954688917750584,0.003473399783659759,3
1.0,NULL,25043008,12,0.945793517199996,0.052020842244528076,-4.4074678537102345,-4.459488695954763,0.08333333333333333,0.5,0.34987930737522144,0.07881612643333301,4
1.0,RANDOM,25043008,12,0.0032470022264198643,0.5045196599359416,-3.954969036018821,-4.459488695954763,0.0,0.0,0.0008452826413251846,0.00027058351886832203,3
1.0,NULL,25043009,12,0.979790216921916,0.029957554865437608,-4.429531141089325,-4.459488695954763,0.16666666666666666,1.0,0.29393351123258543,0.081649184743493,5
1.0,RANDOM,25043009,12,0.005223168723983965,0.43387068102378024,-4.025618014930982,-4.459488695954763,0.0,0.0,0.0011517547738244564,0.0004352640603319971,3
1.0,NULL,25043010,12,0.04327538891541184,0.42556602265566124,-4.033922673299101,-4.459488695954763,0.08333333333333333,0.5,0.009723347920839879,0.0036062824096176533,4
1.0,RANDOM,25043010,12,0.013938522024328642,0.5022104881413654,-3.9572782078133972,-4.459488695954763,0.0,0.0,0.006517776546227921,0.0011615435020273868,4
1.0,NULL,25043011,12,7.895694606597034e-05,0.4112158111702291,-4.0482728847845335,-4.459488695954763,0.0,0.0,2.003651831693464e-05,6.579745505497528e-06,0
1.0,RANDOM,25043011,12,0.9528049966968891,0.04479313299491672,-4.414695562959846,-4.459488695954763,0.08333333333333333,0.5,0.28736262223331077,0.07940041639140742,7
1.0,REAL,,16,0.999489385275655,0.0013556073912370792,-4.4581330885635255,-4.459488695954763,0.125,1.0,0.999707060255376,0.06246808657972844,
1.0,NULL,25043000,16,0.952474407932122,0.04100464266020598,-4.418484053294557,-4.459488695954763,0.0625,0.5,0.24187274229233824,0.059529650495757626,9
1.0,RANDOM,25043000,16,0.9812952197464222,0.028572670702733838,-4.430916025252029,-4.459488695954763,0.125,1.0,0.3440719414167716,0.06133095123415139,7
1.0,NULL,25043001,16,0.9834234325211934,0.026165794573342893,-4.43332290138142,-4.459488695954763,0.125,1.0,0.24890290453507008,0.061463964532574585,9
1.0,RANDOM,25043001,16,0.013116174379087646,0.47422984038607163,-3.985258855568691,-4.459488695954763,0.0,0.0,0.004199815055983827,0.0008197608986929779,10
1.0,NULL,25043002,16,0.9527060183857807,0.05246473194363599,-4.407023964011127,-4.459488695954763,0.0625,0.5,0.24201497273406752,0.059544126149111296,6
1.0,RANDOM,25043002,16,0.05289370901909096,0.2766284741550633,-4.182860221799699,-4.459488695954763,0.0625,0.5,0.010902566475520138,0.003305856813693185,6
1.0,NULL,25043003,16,0.9524812991793428,0.0405643674889431,-4.4189243284658195,-4.459488695954763,0.0625,0.5,0.3295079071751237,0.05953008119870892,9
1.0,RANDOM,25043003,16,0.9839687919346708,0.022893822466487634,-4.436594873488275,-4.459488695954763,0.125,1.0,0.2625495916308257,0.061498049495916925,8
1.0,NULL,25043004,16,0.9494115629794153,0.05411603358010009,-4.4053726623746625,-4.459488695954763,0.0625,0.5,0.24219527799210644,0.05933822268621346,4
1.0,RANDOM,25043004,16,0.980791947587988,0.030595178819355695,-4.428893517135407,-4.459488695954763,0.125,1.0,0.24907383004065067,0.06129949672424925,5
1.0,NULL,25043005,16,0.9904657364151661,0.011242500601827743,-4.448246195352935,-4.459488695954763,0.125,1.0,0.2694868495990246,0.06190410852594788,10
1.0,RANDOM,25043005,16,0.05877229935582125,0.6622917486700275,-3.797196947284735,-4.459488695954763,0.0625,0.5,0.012134881117618864,0.003673268709738828,9
1.0,NULL,25043006,16,0.981573747884847,0.026189898714569892,-4.433298797240193,-4.459488695954763,0.125,1.0,0.25093060766931213,0.061348359242802936,5
1.0,RANDOM,25043006,16,0.9779789643044242,0.03266313003943111,-4.4268255659153315,-4.459488695954763,0.125,1.0,0.33476446521576353,0.06112368526902651,6
1.0,NULL,25043007,16,0.9495219088508648,0.04817364934074142,-4.411315046614021,-4.459488695954763,0.0625,0.5,0.2609806318655395,0.05934511930317905,7
1.0,RANDOM,25043007,16,0.044395635902410406,0.41998546543108706,-4.0395032305236755,-4.459488695954763,0.0625,0.5,0.009482365926613973,0.0027747272439006504,5
1.0,NULL,25043008,16,0.9544255341582296,0.041609022301006604,-4.417879673653756,-4.459488695954763,0.0625,0.5,0.3515208457917028,0.05965159588488935,9
1.0,RANDOM,25043008,16,0.9397108586116991,0.06079297933399275,-4.39869571662077,-4.459488695954763,0.0625,0.5,0.2504337823255473,0.058731928663231195,7
1.0,NULL,25043009,16,0.9844918251763535,0.025321557328941147,-4.4341671386258215,-4.459488695954763,0.125,1.0,0.2948398627646064,0.06153073907352209,8
1.0,RANDOM,25043009,16,0.0052369339952488955,0.4153319453121913,-4.044156750642571,-4.459488695954763,0.0,0.0,0.001154406031266778,0.00032730837470305597,6
1.0,NULL,25043010,16,0.9797530105719561,0.03168685208484323,-4.427801843869919,-4.459488695954763,0.125,1.0,0.2482881205002225,0.061234563160747255,9
1.0,RANDOM,25043010,16,0.018671581113349316,0.49702909518872707,-3.9624596007660355,-4.459488695954763,0.0,0.0,0.007404029275948011,0.0011669738195843322,8
1.0,NULL,25043011,16,0.9392839281785917,0.06345772450391518,-4.396030971450847,-4.459488695954763,0.0625,0.5,0.23909009033097917,0.058705245511161984,7
1.0,RANDOM,25043011,16,0.9528187619681538,0.044786925774211284,-4.414701770180551,-4.459488695954763,0.0625,0.5,0.2873594668018426,0.059551172623009616,7
1.25,REAL,,2,0.9317380856548569,0.0752960328649328,-3.8431206006361376,-3.9184166335010704,1.0,0.5,1.0,0.46586904282742847,
1.25,NULL,25043000,2,8.089542287425856e-05,1.4136250397977874,-2.504791593703283,-3.9184166335010704,0.0,0.0,6.585855139851974e-05,4.044771143712928e-05,0
1.25,RANDOM,25043000,2,0.06646556974881557,0.657263730636303,-3.2611529028647674,-3.9184166335010704,0.5,0.25,0.03493785681980831,0.033232784874407784,1
1.25,NULL,25043001,2,1.1181853416470535e-05,0.69297825550604,-3.2254383779950304,-3.9184166335010704,0.0,0.0,9.103146375267405e-06,5.590926708235268e-06,0
1.25,RANDOM,25043001,2,0.008500283688746033,0.8802136613764002,-3.03820297212467,-3.9184166335010704,0.0,0.0,0.0064463070389535115,0.004250141844373017,0
1.25,NULL,25043002,2,0.00012337727938564578,1.3013770019601658,-2.6170396315409046,-3.9184166335010704,0.0,0.0,8.19078983770805e-05,6.168863969282289e-05,0
1.25,RANDOM,25043002,2,8.089542287426007e-05,0.8033980009037949,-3.1150186325972755,-3.9184166335010704,0.0,0.0,4.155211960444123e-05,4.0447711437130034e-05,0
1.25,NULL,25043003,2,0.003579233376239105,0.5292960767587931,-3.3891205567422773,-3.9184166335010704,0.0,0.0,0.0018421488855426826,0.0017896166881195526,0
1.25,RANDOM,25043003,2,0.015181822033466463,0.3740713476638686,-3.5443452858372018,-3.9184166335010704,0.5,0.25,0.007839133286792532,0.007590911016733232,0
1.25,NULL,25043004,2,1.5743617043314558e-33,0.8033980009037949,-3.1150186325972755,-3.9184166335010704,0.0,0.0,0.0,7.871808521657279e-34,0
1.25,RANDOM,25043004,2,1.2208500715569377e-33,1.1588611511232534,-2.759555482377817,-3.9184166335010704,0.0,0.0,0.0,6.104250357784689e-34,0
1.25,NULL,25043005,2,0.005197223729875593,0.9495692126050592,-2.968847420896011,-3.9184166335010704,0.0,0.0,0.003747537673822521,0.0025986118649377965,0
1.25,RANDOM,25043005,2,3.0456270563523338e-33,0.8987343140602593,-3.019682319440811,-3.9184166335010704,0.0,0.0,0.0,1.5228135281761669e-33,0
1.25,NULL,25043006,2,0.009473066658696887,0.9684681302129694,-2.949948503288101,-3.9184166335010704,0.0,0.0,0.00724229915308693,0.004736533329348444,0
1.25,RANDOM,25043006,2,8.637464570022519e-32,0.37407134766386774,-3.5443452858372027,-3.9184166335010704,0.0,0.0,0.0,4.3187322850112593e-32,0
1.25,NULL,25043007,2,0.01472776628257616,1.0626646257101506,-2.8557520077909198,-3.9184166335010704,0.0,0.0,0.009655499437640882,0.00736388314128808,0
1.25,RANDOM,25043007,2,2.703759199660041e-31,0.3566337313550205,-3.56178290214605,-3.9184166335010704,0.0,0.0,0.0,1.3518795998300205e-31,0
1.25,NULL,25043008,2,1.5217146966165697e-33,0.3726847864918592,-3.545731847009211,-3.9184166335010704,0.0,0.0,0.0,7.608573483082848e-34,0
1.25,RANDOM,25043008,2,8.089542287426007e-05,1.4136250397977874,-2.504791593703283,-3.9184166335010704,0.0,0.0,6.585855139851974e-05,4.0447711437130034e-05,0
1.25,NULL,25043009,2,2.532598203751262e-33,0.35580410214887914,-3.5626125313521912,-3.9184166335010704,0.0,0.0,0.0,1.266299101875631e-33,0
1.25,RANDOM,25043009,2,1.0130472975813069e-33,1.2233374467512994,-2.695079186749771,-3.9184166335010704,0.0,0.0,0.0,5.0652364879065346e-34,0
1.25,NULL,25043010,2,0.006877491656312622,0.37407134766386774,-3.5443452858372027,-3.9184166335010704,0.0,0.0,0.003540973738176963,0.003438745828156311,0
1.25,RANDOM,25043010,2,0.015243510673159287,1.0592930496680295,-2.859123583833041,-3.9184166335010704,0.5,0.25,0.012456418598143,0.0076217553365796435,0
1.25,NULL,25043011,2,1.2421709591498412e-33,1.2192444331277783,-2.699172200373292,-3.9184166335010704,0.0,0.0,0.0,6.210854795749206e-34,0
1.25,RANDOM,25043011,2,0.006877491656312652,0.9725581417461808,-2.9458584917548896,-3.9184166335010704,0.0,0.0,0.005612310591048899,0.003438745828156326,0
1.25,REAL,,4,0.9535040195876149,0.049903424114899675,-3.8685132093861707,-3.9184166335010704,0.75,0.75,0.9965141195928415,0.23837600489690372,
1.25,NULL,25043000,4,0.001703687455307639,0.9763806993688169,-2.9420359341322535,-3.9184166335010704,0.0,0.0,0.000627889155010839,0.00042592186382690975,0
1.25,RANDOM,25043000,4,0.06646556974881557,0.3636043620448639,-3.5548122714562065,-3.9184166335010704,0.25,0.25,0.0345384743802875,0.016616392437203892,1
1.25,NULL,25043001,4,0.007861456479679977,0.6911443249706624,-3.227272308530408,-3.9184166335010704,0.0,0.0,0.0031765230695826167,0.0019653641199199943,0
1.25,RANDOM,25043001,4,0.010123075721179504,0.8478621009799845,-3.070554532521086,-3.9184166335010704,0.0,0.0,0.0069354013117732686,0.002530768930294876,0
1.25,NULL,25043002,4,0.002695126767545496,1.3013770019601663,-2.617039631540904,-3.9184166335010704,0.0,0.0,0.0009731464434344305,0.000673781691886374,0
1.25,RANDOM,25043002,4,8.089542287426007e-05,0.7495937280280889,-3.1688229054729815,-3.9184166335010704,0.0,0.0,4.1077128050709935e-05,2.0223855718565017e-05,0
1.25,NULL,25043003,4,0.006231878287273214,0.5178675705628111,-3.4005490629382593,-3.9184166335010704,0.0,0.0,0.0028849133003348458,0.0015579695718183034,0
1.25,RANDOM,25043003,4,0.023036898338526953,0.3740713476638686,-3.5443452858372018,-3.9184166335010704,0.25,0.25,0.010479811234352569,0.005759224584631738,0
1.25,NULL,25043004,4,8.814588628128166e-32,0.37265407055370625,-3.545762562947364,-3.9184166335010704,0.0,0.0,0.0,2.2036471570320415e-32,0
1.25,RANDOM,25043004,4,2.7826237629928335e-33,0.7811660632493149,-3.1372505702517555,-3.9184166335010704,0.0,0.0,0.0,6.956559407482084e-34,0
1.25,NULL,25043005,4,0.020379045763342103,0.8725840685454167,-3.0458325649556537,-3.9184166335010704,0.25,0.25,0.008994570731818244,0.005094761440835526,1
1.25,RANDOM,25043005,4,0.0035856135508585945,0.6818688678147709,-3.2365477656862995,-3.9184166335010704,0.0,0.0,0.0014439936384311115,0.0008964033877146486,0
1.25,NULL,25043006,4,0.009473066658696887,0.6455028733304955,-3.272913760170575,-3.9184166335010704,0.0,0.0,0.007159510814969423,0.002368266664674222,0
1.25,RANDOM,25043006,4,4.801678796982244e-06,0.3547200673205113,-3.563696566180559,-3.9184166335010704,0.0,0.0,1.6642861501224012e-06,1.200419699245561e-06,0
1.25,NULL,25043007,4,0.01472776628257616,0.3690794593073763,-3.549337174193694,-3.9184166335010704,0.0,0.0,0.009545125268438537,0.00368194157064404,0
1.25,RANDOM,25043007,4,2.7201462567072386e-31,0.3555052292970706,-3.5629114042039998,-3.9184166335010704,0.0,0.0,0.0,6.800365641768097e-32,0
1.25,NULL,25043008,4,8.890724390397645e-32,0.22904142981370423,-3.689375203687366,-3.9184166335010704,0.0,0.0,0.0,2.2226810975994113e-32,0
1.25,RANDOM,25043008,4,0.00017297269916498917,0.6800023021361192,-3.238414331364951,-3.9184166335010704,0.0,0.0,0.00010153425690021782,4.324317479124729e-05,0
1.25,NULL,25043009,4,0.06808836178124904,0.35580410214887914,-3.5626125313521912,-3.9184166335010704,0.25,0.25,0.024229547909022948,0.01702209044531226,1
1.25,RANDOM,25043009,4,4.801678796980002e-06,0.37407134766386774,-3.5443452858372027,-3.9184166335010704,0.0,0.0,1.6642861501224012e-06,1.2004196992450004e-06,0
1.25,NULL,25043010,4,0.006888673509729094,0.37387742424023784,-3.5445392092608325,-3.9184166335010704,0.0,0.0,0.0035049956201606202,0.0017221683774322734,0
1.25,RANDOM,25043010,4,0.01687110438438965,0.4957390114130171,-3.4226776220880533,-3.9184166335010704,0.25,0.25,0.012878742120643162,0.0042177760960974125,0
1.25,NULL,25043011,4,1.1181853416470535e-05,0.6929782555060395,-3.225438377995031,-3.9184166335010704,0.0,0.0,4.499543138603791e-06,2.795463354117634e-06,0
1.25,RANDOM,25043011,4,0.022121002329471985,0.9098243067667746,-3.0085923267342958,-3.9184166335010704,0.25,0.25,0.01086285076543572,0.005530250582367996,1
1.25,REAL,,8,0.9869880396010996,0.011916099195193208,-3.906500534305877,-3.9184166335010704,0.5,1.0,0.9982159708806774,0.12337350495013745,
1.25,NULL,25043000,8,0.0017196709875210907,0.37091428772337753,-3.547502345777693,-3.9184166335010704,0.0,0.0,0.0006275990723685868,0.00021495887344013634,0
1.25,RANDOM,25043000,8,0.9538022010234332,0.05117666338332594,-3.8672399701177445,-3.9184166335010704,0.375,0.75,0.3558458811030828,0.11922527512792915,4
1.25,NULL,25043001,8,0.02161643979230525,0.6693641068405989,-3.2490525266604715,-3.9184166335010704,0.0,0.0,0.006722698396799281,0.0027020549740381563,2
1.25,RANDOM,25043001,8,0.010208772822850746,0.5116530222522782,-3.4067636112487922,-3.9184166335010704,0.0,0.0,0.006906884373933753,0.0012760966028563432,1
1.25,NULL,25043002,8,0.004329100653395348,0.6759650284471772,-3.242451605053893,-3.9184166335010704,0.0,0.0,0.0013779023519654794,0.0005411375816744185,0
1.25,RANDOM,25043002,8,0.017834466944500624,0.6418833377495861,-3.2765332957514843,-3.9184166335010704,0.125,0.25,0.004751038111567775,0.002229308368062578,1
1.25,NULL,25043003,8,0.8867479048664739,0.08533677696913688,-3.8330798565319335,-3.9184166335010704,0.25,0.5,0.3230930945296204,0.11084348810830924,3
1.25,RANDOM,25043003,8,0.09637995974365515,0.3738732075023128,-3.5445434259987576,-3.9184166335010704,0.25,0.5,0.02965952047111686,0.012047494967956894,3
1.25,NULL,25043004,8,0.030444539489807236,0.37122507394231397,-3.5471915595587564,-3.9184166335010704,0.25,0.5,0.008799054628464283,0.0038055674362259045,2
1.25,RANDOM,25043004,8,0.06654646517168983,0.6404473753631326,-3.277969258137938,-3.9184166335010704,0.125,0.25,0.018126448362943245,0.008318308146461229,1
1.25,NULL,25043005,8,0.035560867796808567,0.35192469305242646,-3.566491940448644,-3.9184166335010704,0.25,0.5,0.013637723855134648,0.004445108474601071,3
1.25,RANDOM,25043005,8,0.02565610909405415,0.5721387584953024,-3.346277875005768,-3.9184166335010704,0.125,0.25,0.00723443021709925,0.0032070136367567687,2
1.25,NULL,25043006,8,0.09120135386385322,0.5970333206702922,-3.321383312830778,-3.9184166335010704,0.25,0.5,0.028973147653434242,0.011400169232981653,3
1.25,RANDOM,25043006,8,0.931742887333654,0.07430593616707215,-3.8441106973339982,-3.9184166335010704,0.25,0.5,0.33263593972583383,0.11646786091670674,2
1.25,NULL,25043007,8,0.03349520186690126,0.3496608397858836,-3.568755793715187,-3.9184166335010704,0.125,0.25,0.014334858611834254,0.004186900233362658,4
1.25,RANDOM,25043007,8,0.00014258406256708082,0.35543922273332385,-3.5629774107677465,-3.9184166335010704,0.0,0.0,3.706917856148232e-05,1.7823007820885102e-05,0
1.25,NULL,25043008,8,0.8797180842850127,0.09018516862880155,-3.828231464872269,-3.9184166335010704,0.125,0.25,0.3412876650997638,0.1099647605356266,3
1.25,RANDOM,25043008,8,0.007946747595997415,0.4976873558603172,-3.420729277640753,-3.9184166335010704,0.0,0.0,0.002323926136026378,0.000993343449499677,1
1.25,NULL,25043009,8,0.06809316346004601,0.33537988309556965,-3.5830367504055007,-3.9184166335010704,0.125,0.25,0.024039881926910648,0.008511645432505752,1
1.25,RANDOM,25043009,8,0.0016387755646469222,0.37387008574076885,-3.5445465477603015,-3.9184166335010704,0.0,0.0,0.00043661221743884407,0.00020484694558086527,0
1.25,NULL,25043010,8,0.008527449074376017,0.3738732075023119,-3.5445434259987585,-3.9184166335010704,0.0,0.0,0.003943875197504968,0.0010659311342970021,0
1.25,RANDOM,25043010,8,0.03463585775943248,0.4390533131512071,-3.4793633203498633,-3.9184166335010704,0.25,0.5,0.017356872490175233,0.00432948221992906,2
1.25,NULL,25043011,8,2.2363706832942165e-05,0.5822461381285051,-3.3361704953725653,-3.9184166335010704,0.0,0.0,7.280545166090494e-06,2.7954633541177706e-06,0
1.25,RANDOM,25043011,8,0.029079389408658868,0.8018583464383657,-3.1165582870627047,-3.9184166335010704,0.125,0.25,0.012759384972089288,0.0036349236760823585,2
1.25,REAL,,12,0.997115917001076,0.004980259380391594,-3.913436374120679,-3.9184166335010704,0.3333333333333333,1.0,0.9984474727220418,0.08309299308342301,
1.25,NULL,25043000,12,0.015181274543125137,0.21367727788522162,-3.7047393556158488,-3.9184166335010704,0.0,0.0,0.0036805126268312474,0.0012651062119270948,4
1.25,RANDOM,25043000,12,0.9539303799816158,0.05044764208956831,-3.867968991411502,-3.9184166335010704,0.25,0.75,0.3551063013824416,0.07949419833180131,5
1.25,NULL,25043001,12,0.09480870550297929,0.5374498195733248,-3.3809668139277456,-3.9184166335010704,0.08333333333333333,0.25,0.023827365556423306,0.007900725458581608,5
1.25,RANDOM,25043001,12,0.01711342986479329,0.3164928378578611,-3.6019237956432093,-3.9184166335010704,0.0,0.0,0.008430240191829917,0.0014261191553994407,5
1.25,NULL,25043002,12,0.026388414343174463,0.35239054673564496,-3.5660260867654254,-3.9184166335010704,0.08333333333333333,0.25,0.0064201234743217536,0.002199034528597872,3
1.25,RANDOM,25043002,12,0.04677127229059236,0.35410900566647596,-3.5643076278345944,-3.9184166335010704,0.16666666666666666,0.5,0.011373652694390795,0.00389760602421603,4
1.25,NULL,25043003,12,0.8933431986191818,0.06922805489609818,-3.849188578604972,-3.9184166335010704,0.16666666666666666,0.5,0.32381809540509504,0.07444526655159849,4
1.25,RANDOM,25043003,12,0.09644164838334797,0.3435333859789371,-3.5748832475221333,-3.9184166335010704,0.16666666666666666,0.5,0.029609118785243242,0.008036804031945665,4
1.25,NULL,25043004,12,0.03307797761765991,0.36542447103896425,-3.552992162462106,-3.9184166335010704,0.16666666666666666,0.5,0.009366292847457998,0.0027564981348049927,2
1.25,RANDOM,25043004,12,0.06919108515295896,0.5741283980119394,-3.344288235489131,-3.9184166335010704,0.08333333333333333,0.25,0.018676520210491897,0.00576592376274658,1
1.25,NULL,25043005,12,0.10987671217188764,0.3447824811832185,-3.573634152317852,-3.9184166335010704,0.25,0.75,0.030002626956774223,0.009156392680990636,6
1.25,RANDOM,25043005,12,0.047545420306197704,0.5376859986400802,-3.3807306348609902,-3.9184166335010704,0.16666666666666666,0.5,0.01206041003765671,0.003962118358849809,5
1.25,NULL,25043006,12,0.09120135386385322,0.594075840460385,-3.3243407930406854,-3.9184166335010704,0.16666666666666666,0.5,0.028910519753180375,0.007600112821987769,4
1.25,RANDOM,25043006,12,0.9469863980068133,0.05436583346899759,-3.864050800032073,-3.9184166335010704,0.25,0.75,0.33559148937637484,0.07891553316723444,3
1.25,NULL,25043007,12,0.03349520186690126,0.3293626664278384,-3.589053967073232,-3.9184166335010704,0.08333333333333333,0.25,0.014303872606929507,0.0027912668222417718,4
1.25,RANDOM,25043007,12,0.07933844689627602,0.35543922273332385,-3.5629774107677465,-3.9184166335010704,0.08333333333333333,0.25,0.018556729096770565,0.006611537241356335,3
1.25,NULL,25043008,12,0.8866764713641996,0.08211957392796787,-3.8362970595731025,-3.9184166335010704,0.08333333333333333,0.25,0.3421014356556369,0.07388970594701663,4
1.25,RANDOM,25043008,12,0.008013237914487216,0.3591324653528454,-3.559284168148225,-3.9184166335010704,0.0,0.0,0.0023337184813296327,0.000667769826207268,3
1.25,NULL,25043009,12,0.9501702934319873,0.051721432111405896,-3.8666952013896645,-3.9184166335010704,0.25,0.75,0.30077870099225007,0.07918085778599894,5
1.25,RANDOM,25043009,12,0.008295757957047609,0.36865747519615955,-3.549759158304911,-3.9184166335010704,0.0,0.0,0.0019715885336393916,0.0006913131630873008,3
1.25,NULL,25043010,12,0.08414888021064282,0.3586958417866377,-3.5597207917144327,-3.9184166335010704,0.08333333333333333,0.25,0.02162140295295669,0.007012406684220235,4
1.25,RANDOM,25043010,12,0.034640659438229464,0.35782253599243097,-3.5605940975086394,-3.9184166335010704,0.16666666666666666,0.5,0.017320387965096468,0.0028867216198524555,4
1.25,NULL,25043011,12,8.885402532274665e-05,0.3360257244171758,-3.5823909090838946,-3.9184166335010704,0.0,0.0,2.208051514041734e-05,7.404502110228888e-06,0
1.25,RANDOM,25043011,12,0.9073994036708394,0.06696876682715924,-3.851447866673911,-3.9184166335010704,0.16666666666666666,0.5,0.2886553512839105,0.07561661697256995,7
1.25,REAL,,16,0.997143082386706,0.004947309695175317,-3.913469323805895,-3.9184166335010704,0.25,1.0,0.9983953403415928,0.062321442649169126,
1.25,NULL,25043000,16,0.901781793668235,0.06290424512280879,-3.8555123883782616,-3.9184166335010704,0.125,0.5,0.2391602718523266,0.056361362104264685,9
1.25,RANDOM,25043000,16,0.9556340674369234,0.047499790738293246,-3.870916842762777,-3.9184166335010704,0.1875,0.75,0.35543300807995265,0.05972712921480771,7
1.25,NULL,25043001,16,0.9601732986853113,0.04381216909301999,-3.8746044644080504,-3.9184166335010704,0.125,0.5,0.25489362833996704,0.06001083116783196,9
1.25,RANDOM,25043001,16,0.02984372294968666,0.316396160047717,-3.6020204734533534,-3.9184166335010704,0.0,0.0,0.011026812894356204,0.0018652326843554162,10
1.25,NULL,25043002,16,0.9068427522826823,0.08287415737432324,-3.835542476126747,-3.9184166335010704,0.1875,0.75,0.24066204808253358,0.056677672017667644,6
1.25,RANDOM,25043002,16,0.11323684203940793,0.2010735453445216,-3.717343088156549,-3.9184166335010704,0.1875,0.75,0.025605920637566695,0.007077302627462995,6
1.25,NULL,25043003,16,0.9018434823079278,0.06092391300066602,-3.8574927205004044,-3.9184166335010704,0.125,0.5,0.32554491709536176,0.056365217644245486,9
1.25,RANDOM,25043003,16,0.9633481381752392,0.036816805859145596,-3.881599827641925,-3.9184166335010704,0.1875,0.75,0.27166076579499415,0.06020925863595245,8
1.25,NULL,25043004,16,0.8983504935237012,0.0847138772038627,-3.8337027562972077,-3.9184166335010704,0.1875,0.75,0.24041455459846628,0.056146905845231326,4
1.25,RANDOM,25043004,16,0.9565229147487796,0.04977830508274428,-3.868638328418326,-3.9184166335010704,0.1875,0.75,0.25420645039170275,0.059782682171798725,5
1.25,NULL,25043005,16,0.9767768217891594,0.018100185048213202,-3.900316448452857,-3.9184166335010704,0.25,1.0,0.27838003938590156,0.06104855136182246,10
1.25,RANDOM,25043005,16,0.12186126468127678,0.43271161994879526,-3.485705013552275,-3.9184166335010704,0.1875,0.75,0.02749780736239637,0.007616329042579799,9
1.25,NULL,25043006,16,0.9565972470492802,0.043243564989348116,-3.8751730685117223,-3.9184166335010704,0.1875,0.75,0.259982848080139,0.05978732794058001,5
1.25,RANDOM,25043006,16,0.9469975798602297,0.054222788329440164,-3.8641938451716302,-3.9184166335010704,0.1875,0.75,0.335574394496924,0.059187348741264356,6
1.25,NULL,25043007,16,0.8987677177729425,0.07312271784128788,-3.8452939156597825,-3.9184166335010704,0.125,0.5,0.2623501593066921,0.05617298236080891,7
1.25,RANDOM,25043007,16,0.08725041016223234,0.3533316624386904,-3.56508497106238,-3.9184166335010704,0.0625,0.25,0.020215344574111112,0.005453150635139521,5
1.25,NULL,25043008,16,0.9088022753724684,0.061794659351205095,-3.8566219741498653,-3.9184166335010704,0.125,0.5,0.346577406054977,0.056800142210779274,9
1.25,RANDOM,25043008,16,0.8732857538205285,0.09738441349458515,-3.8210322200064852,-3.9184166335010704,0.0625,0.25,0.24406121129071512,0.05458035961378303,7
1.25,NULL,25043009,16,0.9593878434591314,0.046474826200197494,-3.871941807300873,-3.9184166335010704,0.1875,0.75,0.30266742138035807,0.059961740216195714,8
1.25,RANDOM,25043009,16,0.00837665337992187,0.3441356582684181,-3.5742809752326523,-3.9184166335010704,0.0,0.0,0.0019884021377245113,0.0005235408362451168,6
1.25,NULL,25043010,16,0.9495022915395586,0.054965835134004326,-3.863450798367066,-3.9184166335010704,0.125,0.5,0.2526854533402463,0.05934389322122241,9
1.25,RANDOM,25043010,16,0.04845733139054756,0.3472544096527166,-3.571162223848354,-3.9184166335010704,0.125,0.5,0.020111103694311957,0.0030285832119092224,8
1.25,NULL,25043011,16,0.8732164462364245,0.10073221914279484,-3.8176844143582755,-3.9184166335010704,0.0625,0.25,0.23267703057752787,0.05457602788977653,7
1.25,RANDOM,25043011,16,0.9074802990937134,0.06693717824341716,-3.8514794552576532,-3.9184166335010704,0.125,0.5,0.28865479825319185,0.05671751869335709,7
1.5,REAL,,2,0.8559369023872637,0.12262947796578016,-3.4022550124330295,-3.5248844903988097,1.0,0.3333333333333333,1.0,0.42796845119363186,
1.5,NULL,25043000,2,0.00030207349841281995,1.0561941658816414,-2.4686903245171683,-3.5248844903988097,0.0,0.0,0.00028701342017727706,0.00015103674920640997,0
1.5,RANDOM,25043000,2,0.10632710311915973,0.5687365640499595,-2.95614792634885,-3.5248844903988097,0.5,0.16666666666666666,0.06614106920971918,0.053163551559579865,1
1.5,NULL,25043001,2,1.2394848979131916e-06,0.5659017251867748,-2.958982765212035,-3.5248844903988097,0.0,0.0,1.1775667583458663e-06,6.197424489565958e-07,0
1.5,RANDOM,25043001,2,0.017797699082042248,0.6469149233901841,-2.8779695670086256,-3.5248844903988097,0.0,0.0,0.016004785892691824,0.008898849541021124,0
1.5,NULL,25043002,2,0.0005066769242976065,0.9530487534441874,-2.5718357369546223,-3.5248844903988097,0.0,0.0,0.00039257137465794516,0.00025333846214880325,0
1.5,RANDOM,25043002,2,0.00030207349841282537,0.681281413928728,-2.8436030764700817,-3.5248844903988097,0.0,0.0,0.0001810853064641506,0.00015103674920641268,0
1.5,NULL,25043003,2,0.006255830771595864,0.47944067093763065,-3.045443819461179,-3.5248844903988097,0.0,0.0,0.0037656004746683845,0.003127915385797932,0
1.5,RANDOM,25043003,2,0.03074770946345772,0.36236916414925036,-3.1625153262495593,-3.5248844903988097,0.5,0.16666666666666666,0.018628337575666214,0.01537385473172886,0
1.5,NULL,25043004,2,3.8988647706843206e-30,0.681281413928728,-2.8436030764700817,-3.5248844903988097,0.0,0.0,0.0,1.9494323853421603e-30,0
1.5,RANDOM,25043004,2,3.1895054639821075e-30,0.8760405351550258,-2.648843955243784,-3.5248844903988097,0.0,0.0,0.0,1.5947527319910538e-30,0
1.5,NULL,25043005,2,0.009028314083772492,0.7086176287370374,-2.8162668616617723,-3.5248844903988097,0.0,0.0,0.007611917280817629,0.004514157041886246,0
1.5,RANDOM,25043005,2,3.0533829224248675e-30,0.6793433996802296,-2.84554109071858,-3.5248844903988097,0.0,0.0,0.0,1.5266914612124337e-30,0
1.5,NULL,25043006,2,0.02242139093258989,0.7318987089175071,-2.7929857814813026,-3.5248844903988097,0.5,0.16666666666666666,0.020450541101283252,0.011210695466294945,0
1.5,RANDOM,25043006,2,7.092521739937773e-29,0.36236916414925036,-3.1625153262495593,-3.5248844903988097,0.0,0.0,0.0,3.5462608699688865e-29,0
1.5,NULL,25043007,2,0.0346302124865384,0.8228174147188683,-2.7020670756799414,-3.5248844903988097,0.5,0.16666666666666666,0.026173155119956867,0.0173151062432692,0
1.5,RANDOM,25043007,2,7.923493328651876e-29,0.34129965438223353,-3.183584836016576,-3.5248844903988097,0.0,0.0,0.0,3.961746664325938e-29,0
1.5,NULL,25043008,2,4.0098226459226255e-29,0.36055320840057714,-3.1643312819982325,-3.5248844903988097,0.0,0.0,0.0,2.0049113229613128e-29,0
1.5,RANDOM,25043008,2,0.00030207349841282537,1.0561941658816414,-2.4686903245171683,-3.5248844903988097,0.0,0.0,0.00028701342017727706,0.00015103674920641268,0
1.5,NULL,25043009,2,4.1733101974729763e-29,0.3419505968675929,-3.182933893531217,-3.5248844903988097,0.0,0.0,0.0,2.0866550987364881e-29,0
1.5,RANDOM,25043009,2,7.71866149076551e-31,0.9422980009523885,-2.582586489446421,-3.5248844903988097,0.0,0.0,0.0,3.859330745382755e-31,0
1.5,NULL,25043010,2,0.015003260317995438,0.36236916414925036,-3.1625153262495593,-3.5248844903988097,0.5,0.16666666666666666,0.009040052176865996,0.007501630158997719,0
1.5,RANDOM,25043010,2,0.031001047925606526,0.8254734510484014,-2.6994110393504083,-3.5248844903988097,0.5,0.16666666666666666,0.029677083846532153,0.015500523962803263,0
1.5,NULL,25043011,2,2.997950374309079e-30,0.9067280714886952,-2.6181564189101145,-3.5248844903988097,0.0,0.0,0.0,1.4989751871545396e-30,0
1.5,RANDOM,25043011,2,0.015003260317995381,0.7690067744959781,-2.7558777159028316,-3.5248844903988097,0.0,0.0,0.014328143704895262,0.0075016301589976905,0
1.5,REAL,,4,0.9174323213141792,0.054692937267406094,-3.4701915531314036,-3.5248844903988097,1.0,0.6666666666666666,1.0,0.2293580803285448,
1.5,NULL,25043000,4,0.003118467714329917,0.47944067093762976,-3.04544381946118,-3.5248844903988097,0.0,0.0,0.0014033668612512293,0.0007796169285824793,0
1.5,RANDOM,25043000,4,0.10632710311915973,0.3398432115108614,-3.1850412788879483,-3.5248844903988097,0.25,0.16666666666666666,0.06437222181958922,0.026581775779789932,1
1.5,NULL,25043001,4,1.2394848979131916e-06,0.5659017251867748,-2.958982765212035,-3.5248844903988097,0.0,0.0,1.146074435767903e-06,3.098712244782979e-07,0
1.5,RANDOM,25043001,4,0.020592137846089105,0.6106524468384777,-2.914232043560332,-3.5248844903988097,0.0,0.0,0.01669063971314321,0.005148034461522276,0
1.5,NULL,25043002,4,0.01129000356085873,0.5395979154894719,-2.985286574909338,-3.5248844903988097,0.0,0.0,0.004692368554273414,0.0028225008902146827,0
1.5,RANDOM,25043002,4,0.00030207349841282537,0.5979754251698464,-2.9269090652289633,-3.5248844903988097,0.0,0.0,0.00017624244142496663,7.551837460320634e-05,0
1.5,NULL,25043003,4,0.03730561373346641,0.4311268109578714,-3.0937576794409383,-3.5248844903988097,0.25,0.16666666666666666,0.01815300272279189,0.009326403433366602,1
1.5,RANDOM,25043003,4,0.05039661708387097,0.36236916414925036,-3.1625153262495593,-3.5248844903988097,0.5,0.3333333333333333,0.026009543805233206,0.012599154270967743,1
1.5,NULL,25043004,4,0.030747709463457732,0.6146340202743725,-2.910250470124437,-3.5248844903988097,0.25,0.16666666666666666,0.014367803613147026,0.007686927365864433,1
1.5,RANDOM,25043004,4,7.682638911623379e-30,0.6557082367208076,-2.869176253678002,-3.5248844903988097,0.0,0.0,0.0,1.9206597279058447e-30,0
1.5,NULL,25043005,4,0.07052373301068794,0.5804874956182955,-2.944396994780514,-3.5248844903988097,0.5,0.3333333333333333,0.03415190357205753,0.017630933252671985,2
1.5,RANDOM,25043005,4,0.006235114804623546,0.5510381004603051,-2.9738463899385046,-3.5248844903988097,0.0,0.0,0.0028887659529093597,0.0015587787011558864,0
1.5,NULL,25043006,4,0.05316910039604762,0.6628132490206546,-2.862071241378155,-3.5248844903988097,0.5,0.3333333333333333,0.03427142452269508,0.013292275099011906,1
1.5,RANDOM,25043006,4,2.1955451870230733e-05,0.33941420767657915,-3.1854702827222305,-3.5248844903988097,0.0,0.0,8.743157807919926e-06,5.488862967557683e-06,0
1.5,NULL,25043007,4,0.0346302124865384,0.3419505968675929,-3.182933893531217,-3.5248844903988097,0.25,0.16666666666666666,0.02547319187958943,0.0086575531216346,0
1.5,RANDOM,25043007,4,7.995425086411658e-29,0.34015385250879326,-3.1847306378900164,-3.5248844903988097,0.0,0.0,0.0,1.9988562716029145e-29,0
1.5,NULL,25043008,4,0.009172152087145292,0.34028574138668066,-3.184598749012129,-3.5248844903988097,0.0,0.0,0.0042539651596927045,0.002293038021786323,0
1.5,RANDOM,25043008,4,0.0006053864817235585,0.5449110304321487,-2.979973459966661,-3.5248844903988097,0.0,0.0,0.0004195000784344679,0.00015134662043088962,0
1.5,NULL,25043009,4,0.10634905857102996,0.3419505968675929,-3.182933893531217,-3.5248844903988097,0.25,0.16666666666666666,0.043951027858753634,0.02658726464275749,1
1.5,RANDOM,25043009,4,2.1955451870230092e-05,0.36236916414925036,-3.1625153262495593,-3.5248844903988097,0.0,0.0,8.743157807919926e-06,5.488862967557523e-06,0
1.5,NULL,25043010,4,0.015004499802893352,0.36231442639857914,-3.1625700640002306,-3.5248844903988097,0.25,0.16666666666666666,0.008798862072200195,0.003751124950723338,0
1.5,RANDOM,25043010,4,0.03381744214152362,0.42783275877404625,-3.0970517316247634,-3.5248844903988097,0.25,0.16666666666666666,0.030007442292506233,0.008454360535380906,1
1.5,NULL,25043011,4,1.1465060150140169e-29,0.6144853501592404,-2.9103991402395692,-3.5248844903988097,0.0,0.0,0.0,2.8662650375350422e-30,0
1.5,RANDOM,25043011,4,0.04600430824360192,0.6736115897644863,-2.8512729006343234,-3.5248844903988097,0.25,0.16666666666666666,0.026437843982547293,0.01150107706090048,1
1.5,REAL,,8,0.9628448693570409,0.03377238149073891,-3.4911121089080708,-3.5248844903988097,0.625,0.8333333333333334,0.994661417042825,0.12035560866963012,
1.5,NULL,25043000,8,0.00311970719922783,0.3394271201763832,-3.1854573702224265,-3.5248844903988097,0.0,0.0,0.0013764647564472072,0.0003899633999034788,0
1.5,RANDOM,25043000,8,0.901709827620587,0.08185218947683204,-3.4430323009219777,-3.5248844903988097,0.375,0.5,0.37454513222907715,0.11271372845257338,4
1.5,NULL,25043001,8,0.03493352546984914,0.5417976911324613,-2.9830867992663483,-3.5248844903988097,0.125,0.16666666666666666,0.011336971185603064,0.004366690683731142,1
1.5,RANDOM,25043001,8,0.020916166796372163,0.4572550363550052,-3.0676294540438045,-3.5248844903988097,0.0,0.0,0.016478164366573945,0.0026145208495465203,1
1.5,NULL,25043002,8,0.029087702642900976,0.531494610300542,-2.9933898800982677,-3.5248844903988097,0.0,0.0,0.009958993634406214,0.003635962830362622,1
1.5,RANDOM,25043002,8,0.041831870113533766,0.4512849486584405,-3.073599541740369,-3.5248844903988097,0.125,0.16666666666666666,0.01266039901998738,0.005228983764191721,1
1.5,NULL,25043003,8,0.048341039347278424,0.4095314305907318,-3.115353059808078,-3.5248844903988097,0.125,0.16666666666666666,0.021668173349056213,0.006042629918409803,2
1.5,RANDOM,25043003,8,0.17172698052102614,0.3623125320094296,-3.16257195838938,-3.5248844903988097,0.5,0.6666666666666666,0.062353156155869144,0.021465872565128268,3
1.5,NULL,25043004,8,0.031049782961870553,0.3588545728416457,-3.166029917557164,-3.5248844903988097,0.125,0.16666666666666666,0.014185845292149463,0.003881222870233819,1
1.5,RANDOM,25043004,8,0.10662917661757255,0.46355751121181976,-3.06132697918699,-3.5248844903988097,0.125,0.16666666666666666,0.0334451058744387,0.01332864707719657,1
1.5,NULL,25043005,8,0.07052373301068796,0.33281811071381906,-3.1920663796849906,-3.5248844903988097,0.25,0.3333333333333333,0.033487480717004935,0.008815466626335994,3
1.5,RANDOM,25043005,8,0.05198732407097462,0.4370421387762957,-3.087842351622514,-3.5248844903988097,0.25,0.3333333333333333,0.016538745437539273,0.006498415508871828,3
1.5,NULL,25043006,8,0.15979827701362018,0.47843208142159854,-3.046452408977211,-3.5248844903988097,0.375,0.5,0.06526217508365763,0.019974784626702522,2
1.5,RANDOM,25043006,8,0.855958857839134,0.12081605210639212,-3.4040684382924176,-3.5248844903988097,0.25,0.3333333333333333,0.3286358202222404,0.10699485722989174,2
1.5,NULL,25043007,8,0.07161179726972176,0.3283545224592759,-3.196529967939534,-3.5248844903988097,0.25,0.3333333333333333,0.03588394252957037,0.00895147465871522,3
1.5,RANDOM,25043007,8,0.0005554119605616229,0.33999968523350343,-3.1848848051653063,-3.5248844903988097,0.0,0.0,0.0001637662119829059,6.942649507020286e-05,0
1.5,NULL,25043008,8,0.75908526433856,0.14827156806671393,-3.3766129223320958,-3.5248844903988097,0.125,0.16666666666666666,0.3217153978452078,0.09488565804232,2
1.5,RANDOM,25043008,8,0.020437743169029493,0.4249643720915679,-3.099920118307242,-3.5248844903988097,0.0,0.0,0.007031488405652194,0.0025547178961286866,1
1.5,NULL,25043009,8,0.11193793609912368,0.3144034211849065,-3.210481069213903,-3.5248844903988097,0.125,0.16666666666666666,0.044922376736933126,0.01399224201239046,1
1.5,RANDOM,25043009,8,0.0028176337008150015,0.3623011805369303,-3.1625833098618794,-3.5248844903988097,0.0,0.0,0.0008542706010973924,0.0003522042126018752,0
1.5,NULL,25043010,8,0.017800178051838124,0.34024855706169577,-3.184635933337114,-3.5248844903988097,0.125,0.16666666666666666,0.009531467359803562,0.0022250222564797655,1
1.5,RANDOM,25043010,8,0.07534847824154248,0.34933590840338713,-3.1755485819954226,-3.5248844903988097,0.25,0.3333333333333333,0.041807969170462235,0.00941855978019281,2
1.5,NULL,25043011,8,2.4789697958258606e-06,0.448106967860606,-3.0767775225382037,-3.5248844903988097,0.0,0.0,7.89248908868119e-07,3.098712244782326e-07,0
1.5,RANDOM,25043011,8,0.06130964206001018,0.5912247495229255,-2.933659740875884,-3.5248844903988097,0.25,0.3333333333333333,0.0308854546372297,0.007663705257501273,3
1.5,REAL,,12,0.9880826545055479,0.014357511589966343,-3.5105269788088433,-3.5248844903988097,0.5,1.0,0.9959815397330257,0.08234022120879565,
1.5,NULL,25043000,12,0.058042829067826235,0.3392565341582232,-3.1856279562405865,-3.5248844903988097,0.08333333333333333,0.16666666666666666,0.015132658270860562,0.004836902422318853,4
1.5,RANDOM,25043000,12,0.9022384599967549,0.08028311403857602,-3.4446013763602337,-3.5248844903988097,0.25,0.5,0.37261929201398997,0.07518653833306291,5
1.5,NULL,25043001,12,0.15651846685405102,0.4228393439999998,-3.10204514639881,-3.5248844903988097,0.25,0.5,0.0431867268846681,0.013043205571170918,4
1.5,RANDOM,25043001,12,0.035943861536033656,0.22873211370137536,-3.2961523766974343,-3.5248844903988097,0.08333333333333333,0.16666666666666666,0.02018686867915473,0.0029953217946694713,5
1.5,NULL,25043002,12,0.09058312156981643,0.4361014182360501,-3.0887830721627596,-3.5248844903988097,0.16666666666666666,0.3333333333333333,0.025576497824564594,0.007548593464151369,4
1.5,RANDOM,25043002,12,0.10258610021298231,0.32518892795161625,-3.1996955624471934,-3.5248844903988097,0.25,0.5,0.028431259114003345,0.008548841684415193,4
1.5,NULL,25043003,12,0.8007465168643272,0.1249476292390912,-3.3999368611597185,-3.5248844903988097,0.16666666666666666,0.3333333333333333,0.2890307114508669,0.0667288764053606,5
1.5,RANDOM,25043003,12,0.17198031898317495,0.31627923461329743,-3.2086052557855123,-3.5248844903988097,0.3333333333333333,0.6666666666666666,0.06207326130872795,0.014331693248597913,5
1.5,NULL,25043004,12,0.07283291803914028,0.34331164862791086,-3.181572841770899,-3.5248844903988097,0.16666666666666666,0.3333333333333333,0.02542736507021467,0.006069409836595024,2
1.5,RANDOM,25043004,12,0.11766584171628247,0.44503523036122594,-3.0798492600375837,-3.5248844903988097,0.08333333333333333,0.16666666666666666,0.036051822049641774,0.009805486809690206,1
1.5,NULL,25043005,12,0.839760484447335,0.09235546535221317,-3.4325290250465965,-3.5248844903988097,0.3333333333333333,0.6666666666666666,0.2779629393643406,0.06998004037061124,6
1.5,RANDOM,25043005,12,0.09241386254587526,0.38794310166609014,-3.1369413887327195,-3.5248844903988097,0.25,0.5,0.026640758777729062,0.007701155212156272,5
1.5,NULL,25043006,12,0.160051615475769,0.45313233854803636,-3.0717521518507733,-3.5248844903988097,0.25,0.5,0.06496426058512177,0.01333763462298075,4
1.5,RANDOM,25043006,12,0.8869599057647405,0.08598377530609724,-3.4389007150927124,-3.5248844903988097,0.25,0.5,0.33532604624981127,0.07391332548039505,4
1.5,NULL,25043007,12,0.8212228360227237,0.10733006593822658,-3.417554424460583,-3.5248844903988097,0.25,0.5,0.2751960875529728,0.06843523633522698,5
1.5,RANDOM,25043007,12,0.13307062963825547,0.33999968523350343,-3.1848848051653063,-3.5248844903988097,0.08333333333333333,0.16666666666666666,0.035696253114326046,0.01108921913652129,3
1.5,NULL,25043008,12,0.808718737143094,0.10621288253241312,-3.4186716078663966,-3.5248844903988097,0.25,0.5,0.332911687661574,0.06739322809525783,5
1.5,RANDOM,25043008,12,0.020713037083048527,0.27711423373749966,-3.24777025666131,-3.5248844903988097,0.0,0.0,0.007062184136440098,0.0017260864235873771,3
1.5,NULL,25043009,12,0.9014675969178307,0.08118477051789652,-3.443699719880913,-3.5248844903988097,0.25,0.5,0.31092863234252677,0.07512229974315256,7
1.5,RANDOM,25043009,12,0.01224436373500701,0.31872228566777006,-3.2061622047310396,-3.5248844903988097,0.0,0.0,0.0033117952087398568,0.0010203636445839175,2
1.5,NULL,25043010,12,0.13332138871001337,0.2811974900643195,-3.24368700033449,-3.5248844903988097,0.16666666666666666,0.3333333333333333,0.03963550470861472,0.011110115725834447,5
1.5,RANDOM,25043010,12,0.0753704336934127,0.2816983059939213,-3.2431861844048884,-3.5248844903988097,0.16666666666666666,0.3333333333333333,0.04158292239797958,0.006280869474451059,4
1.5,NULL,25043011,12,0.00029972833568508956,0.22962670969018317,-3.2952577807086265,-3.5248844903988097,0.0,0.0,7.557967221991161e-05,2.4977361307090798e-05,1
1.5,RANDOM,25043011,12,0.8395747075804297,0.09640707577533103,-3.4284774146234787,-3.5248844903988097,0.3333333333333333,0.6666666666666666,0.29412490567507726,0.06996455896503581,7
1.5,REAL,,16,0.9881070889272139,0.01432640897301507,-3.5105580814257946,-3.5248844903988097,0.375,1.0,0.9957341243299638,0.06175669305795087,
1.5,NULL,25043000,16,0.824668590807319,0.0900598884399928,-3.434824601958817,-3.5248844903988097,0.125,0.3333333333333333,0.23578552858609908,0.05154178692545744,9
1.5,RANDOM,25043000,16,0.9053349722592146,0.07591661868041077,-3.448967871718399,-3.5248844903988097,0.1875,0.5,0.3732380288985578,0.05658343576620091,7
1.5,NULL,25043001,16,0.9156024917077131,0.0701779213954783,-3.4547065690033314,-3.5248844903988097,0.25,0.6666666666666666,0.26219870868636164,0.05722515573173207,9
1.5,RANDOM,25043001,16,0.062131976094567797,0.22828143681059565,-3.296603053588214,-3.5248844903988097,0.0625,0.16666666666666666,0.026274927402972686,0.0038832485059104873,10
1.5,NULL,25043002,16,0.8401929208379204,0.12612746262333152,-3.398757027775478,-3.5248844903988097,0.1875,0.5,0.24234637400363215,0.052512057552370026,6
1.5,RANDOM,25043002,16,0.20891320333214203,0.16645050133702677,-3.358433989061783,-3.5248844903988097,0.25,0.6666666666666666,0.05454873328070424,0.013057075208258877,6
1.5,NULL,25043003,16,0.824921929269468,0.08275482485762442,-3.4421296655411853,-3.5248844903988097,0.1875,0.5,0.2945344532980825,0.05155762057934175,9
1.5,RANDOM,25043003,16,0.9243857965002237,0.057269498815927466,-3.4676149915828822,-3.5248844903988097,0.3125,0.8333333333333334,0.2894836755932144,0.05777411228126398,8
1.5,NULL,25043004,16,0.8224427173072443,0.12801289696313312,-3.3968715934356766,-3.5248844903988097,0.1875,0.5,0.24219727915888503,0.05140266983170277,4
1.5,RANDOM,25043004,16,0.9130266107658396,0.07740911198657052,-3.447475378412239,-3.5248844903988097,0.1875,0.5,0.26339325618423853,0.05706416317286497,5
1.5,NULL,25043005,16,0.9489039817824119,0.027062259031553904,-3.497822231367256,-3.5248844903988097,0.3125,0.8333333333333334,0.30465217752512164,0.05930649886140074,10
1.5,RANDOM,25043005,16,0.218367917833578,0.28282242961689885,-3.242062060781911,-3.5248844903988097,0.3125,0.8333333333333334,0.05654637978154867,0.013647994864598625,9
1.5,NULL,25043006,16,0.9099147532060218,0.06700302318155194,-3.4578814672172578,-3.5248844903988097,0.25,0.6666666666666666,0.2817825813928034,0.05686967207537636,5
1.5,RANDOM,25043006,16,0.8869611452496384,0.0858253947761618,-3.439059095622648,-3.5248844903988097,0.1875,0.5,0.3352410922235608,0.0554350715781024,6
1.5,NULL,25043007,16,0.8212228360227237,0.10733006593822703,-3.4175544244605827,-3.5248844903988097,0.1875,0.5,0.2751261326030034,0.05132642725142023,7
1.5,RANDOM,25043007,16,0.1529509202689473,0.33763232478221683,-3.187252165616593,-3.5248844903988097,0.125,0.3333333333333333,0.04042423279889834,0.009559432516809206,5
1.5,NULL,25043008,16,0.8397417405205707,0.08625448477546005,-3.4386300056233496,-3.5248844903988097,0.25,0.6666666666666666,0.34005944839476,0.05248385878253567,9
1.5,RANDOM,25043008,16,0.7703228363511525,0.1501971000653759,-3.374687390333434,-3.5248844903988097,0.0625,0.16666666666666666,0.23385593570912458,0.04814517727194703,7
1.5,NULL,25043009,16,0.9125030225316427,0.07727535532796415,-3.4476091350708455,-3.5248844903988097,0.1875,0.5,0.3134037222479988,0.05703143890822767,8
1.5,RANDOM,25043009,16,0.012546437233419834,0.3006466173294453,-3.2242378730693644,-3.5248844903988097,0.0,0.0,0.003382479250013357,0.0007841523270887396,6
1.5,NULL,25043010,16,0.8940153486281934,0.08821995108637326,-3.4366645393124364,-3.5248844903988097,0.1875,0.5,0.259032199897048,0.05587595928926209,9
1.5,RANDOM,25043010,16,0.10563029279155232,0.26235842261863596,-3.2625260677801737,-3.5248844903988097,0.1875,0.5,0.04851076078619779,0.00660189329947202,8
1.5,NULL,25043011,16,0.7695364797723322,0.15442117514379472,-3.370463315255015,-3.5248844903988097,0.125,0.3333333333333333,0.22130520771199738,0.04809602998577076,7
1.5,RANDOM,25043011,16,0.8398767810788426,0.09626987110247365,-3.428614619296336,-3.5248844903988097,0.25,0.6666666666666666,0.2941182201350386,0.05249229881742766,7
1.75,REAL,,2,0.7472168228437261,0.1837166110946078,-3.060134446307462,-3.2438510574020696,1.0,0.25,1.0,0.3736084114218631,
1.75,NULL,25043000,2,0.000706710369773456,0.8607792123782785,-2.383071845023791,-3.2438510574020696,0.0,0.0,0.0008324738395192378,0.000353355184886728,0
1.75,RANDOM,25043000,2,0.13832387050293143,0.5387693184972804,-2.705081738904789,-3.2438510574020696,0.5,0.125,0.10786661485984633,0.06916193525146572,1
1.75,NULL,25043001,2,6.236357405147213e-05,0.5210590091430993,-2.7227920482589703,-3.2438510574020696,0.0,0.0,7.344515289214352e-05,3.1181787025736064e-05,0
1.75,RANDOM,25043001,2,0.02909902458348952,0.5273817621119674,-2.716469295290102,-3.2438510574020696,0.5,0.125,0.03266751011072293,0.01454951229174476,0
1.75,NULL,25043002,2,0.001213337262849295,0.750276399722523,-2.4935746576795466,-3.2438510574020696,0.0,0.0,0.001165469378638014,0.0006066686314246475,0
1.75,RANDOM,25043002,2,0.0007067103697734468,0.6262422335967703,-2.6176088238052992,-3.2438510574020696,0.0,0.0,0.0005252325144225578,0.0003533551848867234,0
1.75,NULL,25043003,2,0.009272477295748736,0.4761269818058542,-2.7677240755962154,-3.2438510574020696,0.0,0.0,0.006979823067452932,0.004636238647874368,0
1.75,RANDOM,25043003,2,0.04970682151030354,0.38685159723393836,-2.856999460168131,-3.2438510574020696,0.5,0.125,0.03757706539610097,0.02485341075515177,0
1.75,NULL,25043004,2,1.675082271452168e-29,0.6262422335967703,-2.6176088238052992,-3.2438510574020696,0.0,0.0,0.0,8.37541135726084e-30,0
1.75,RANDOM,25043004,2,1.0711415819639273e-29,0.7216615896819216,-2.522189467720148,-3.2438510574020696,0.0,0.0,0.0,5.355707909819636e-30,0
1.75,NULL,25043005,2,0.013391762455256386,0.5809373904340682,-2.6629136669680014,-3.2438510574020696,0.0,0.0,0.013950637167397298,0.006695881227628193,0
1.75,RANDOM,25043005,2,1.2638978042401725e-29,0.5644696695772113,-2.6793813878248582,-3.2438510574020696,0.0,0.0,0.0,6.319489021200863e-30,0
1.75,NULL,25043006,2,0.043821348421338654,0.6057287376237466,-2.638122319778323,-3.2438510574020696,0.5,0.125,0.05039670506584108,0.021910674210669327,0
1.75,RANDOM,25043006,2,6.449309976229046e-29,0.3868515972339388,-2.8569994601681308,-3.2438510574020696,0.0,0.0,0.0,3.224654988114523e-29,0
1.75,NULL,25043007,2,0.0643657378630753,0.6970641926065713,-2.5467868647954983,-3.2438510574020696,1.0,0.25,0.05927324962212908,0.03218286893153765,0
1.75,RANDOM,25043007,2,7.580563317880467e-29,0.36248230307269624,-2.8813687543293733,-3.2438510574020696,0.0,0.0,0.0,3.7902816589402336e-29,0
1.75,NULL,25043008,2,6.409413792607993e-29,0.3845500411481506,-2.859301016253919,-3.2438510574020696,0.0,0.0,0.0,3.2047068963039965e-29,0
1.75,RANDOM,25043008,2,0.0007067103697734468,0.8607792123782785,-2.383071845023791,-3.2438510574020696,0.0,0.0,0.0008324738395192378,0.0003533551848867234,0
1.75,NULL,25043009,2,6.97851309769225e-29,0.36453314890582433,-2.8793179084962452,-3.2438510574020696,0.0,0.0,0.0,3.489256548846125e-29,0
1.75,RANDOM,25043009,2,6.462341639873252e-30,0.7859295678138474,-2.457921489588222,-3.2438510574020696,0.0,0.0,0.0,3.231170819936626e-30,0
1.75,NULL,25043010,2,0.024821707012613055,0.3868515972339388,-2.8569994601681308,-3.2438510574020696,0.5,0.125,0.01860273524457727,0.012410853506306527,0
1.75,RANDOM,25043010,2,0.05031349014172819,0.7066356488567225,-2.537215408545347,-3.2438510574020696,0.5,0.125,0.06000910464083863,0.025156745070864094,0
1.75,NULL,25043011,2,1.0437425009255896e-29,0.7360919170828795,-2.50775914031919,-3.2438510574020696,0.0,0.0,0.0,5.218712504627948e-30,0
1.75,RANDOM,25043011,2,0.02482170701261308,0.6702367116254164,-2.573614345776653,-3.2438510574020696,0.5,0.125,0.02948463777349878,0.01241085350630654,0
1.75,REAL,,4,0.8466304658643331,0.07976468191927033,-3.1640863754827993,-3.2438510574020696,1.0,0.5,1.0,0.21165761646608328,
1.75,NULL,25043000,4,0.005142060352018669,0.47612698180585333,-2.7677240755962162,-3.2438510574020696,0.0,0.0,0.003254597381461333,0.0012855150880046672,0
1.75,RANDOM,25043000,4,0.13832387050293143,0.34551862350302764,-2.898332433899042,-3.2438510574020696,0.25,0.125,0.10220163375733138,0.03458096762573286,1
1.75,NULL,25043001,4,6.236357405147213e-05,0.5210590091430993,-2.7227920482589703,-3.2438510574020696,0.0,0.0,6.958793160318476e-05,1.5590893512868032e-05,0
1.75,RANDOM,25043001,4,0.033376342154365954,0.48713405791158637,-2.756716999490483,-3.2438510574020696,0.25,0.125,0.03301040940325713,0.008344085538591488,0
1.75,NULL,25043002,4,0.03330076416283033,0.47976935371707397,-2.7640817036849956,-3.2438510574020696,0.25,0.125,0.019201092187139803,0.008325191040707582,0
1.75,RANDOM,25043002,4,0.0007067103697734468,0.5073595381220519,-2.7364915192800177,-3.2438510574020696,0.0,0.0,0.0004976481476331089,0.0001766775924433617,0
1.75,NULL,25043003,4,0.059686009175825734,0.40152845000370796,-2.8423226073983616,-3.2438510574020696,0.25,0.125,0.03131085395250528,0.014921502293956434,1
1.75,RANDOM,25043003,4,0.08940888477213453,0.38685159723393836,-2.856999460168131,-3.2438510574020696,0.5,0.25,0.05495773866443328,0.022352221193033633,1
1.75,NULL,25043004,4,0.04970682151030337,0.5323167723578948,-2.711534285044175,-3.2438510574020696,0.25,0.125,0.024303223138814587,0.012426705377575842,1
1.75,RANDOM,25043004,4,2.601291385069555e-29,0.5964929579096534,-2.647358099492416,-3.2438510574020696,0.0,0.0,0.0,6.503228462673887e-30,0
1.75,NULL,25043005,4,0.11280540547586329,0.4494881547963132,-2.7943629026057564,-3.2438510574020696,0.5,0.25,0.06573636358378264,0.028201351368965823,2
1.75,RANDOM,25043005,4,0.009176808458431432,0.5022399789708034,-2.741611078431266,-3.2438510574020696,0.0,0.0,0.0051310994618105395,0.002294202114607858,0
1.75,NULL,25043006,4,0.09352816993164202,0.5412244505132389,-2.7026266068888307,-3.2438510574020696,0.5,0.25,0.07205317432072261,0.023382042482910505,1
1.75,RANDOM,25043006,4,0.00015803241136877816,0.3588266527953441,-2.8850244046067255,-3.2438510574020696,0.0,0.0,7.594771842379262e-05,3.950810284219454e-05,0
1.75,NULL,25043007,4,0.0643657378630753,0.36453314890582433,-2.8793179084962452,-3.2438510574020696,0.5,0.25,0.056160313896554466,0.016091434465768824,0
1.75,RANDOM,25043007,4,8.19121373574549e-29,0.3613759788494417,-2.882475078552628,-3.2438510574020696,0.0,0.0,0.0,2.0478034339363725e-29,0
1.75,NULL,25043008,4,0.011420395934681388,0.3625050457190162,-2.8813460116830534,-3.2438510574020696,0.0,0.0,0.005509929140938174,0.002855098983670347,0
1.75,RANDOM,25043008,4,0.0014757843135983749,0.4873048892275951,-2.7565461681744745,-3.2438510574020696,0.0,0.0,0.0012131003696940416,0.0003689460783995937,0
1.75,NULL,25043009,4,0.1384819029143002,0.36453314890582433,-2.8793179084962452,-3.2438510574020696,0.25,0.125,0.08106882622732763,0.03462047572857505,1
1.75,RANDOM,25043009,4,0.00015803241136877109,0.3868515972339388,-2.8569994601681308,-3.2438510574020696,0.0,0.0,7.594771842379262e-05,3.950810284219277e-05,0
1.75,NULL,25043010,4,0.024884070586664527,0.38684612244415506,-2.8570049349579145,-3.2438510574020696,0.25,0.125,0.017655719404014558,0.006221017646666132,0
1.75,RANDOM,25043010,4,0.0547488401239734,0.4005617073447696,-2.8432893500573,-3.2438510574020696,0.25,0.125,0.05900423993982241,0.01368721003099335,1
1.75,NULL,25043011,4,2.570104321456464e-29,0.5321353620763878,-2.711715695325682,-3.2438510574020696,0.0,0.0,0.0,6.42526080364116e-30,0
1.75,RANDOM,25043011,4,0.0751351971543411,0.5506819827217151,-2.6931690746803545,-3.2438510574020696,0.5,0.25,0.05257791236954954,0.018783799288585274,1
1.75,REAL,,8,0.9168087207086206,0.060695204751759935,-3.1831558526503096,-3.2438510574020696,0.75,0.75,0.9794016562006583,0.11460109008857758,
1.75,NULL,25043000,8,0.005204423926070142,0.3607503800362801,-2.8831006773657895,-3.2438510574020696,0.0,0.0,0.003128284032381715,0.0006505529907587678,0
1.75,RANDOM,25043000,8,0.8219033837780114,0.12197776682248618,-3.1218732905795834,-3.2438510574020696,0.5,0.5,0.39391680594729517,0.10273792297225143,4
1.75,NULL,25043001,8,0.06513481180690021,0.490627209723808,-2.7532238476782616,-3.2438510574020696,0.25,0.25,0.025694922854236787,0.008141851475862527,1
1.75,RANDOM,25043001,8,0.034241084935508176,0.43981673544425703,-2.8040343219578125,-3.2438510574020696,0.125,0.125,0.031833560314394785,0.004280135616938522,1
1.75,NULL,25043002,8,0.06239978874631985,0.4656737047231596,-2.77817735267891,-3.2438510574020696,0.25,0.25,0.028243047071865722,0.007799973593289981,1
1.75,RANDOM,25043002,8,0.08243859520600637,0.3418269344713414,-2.902024122930728,-3.2438510574020696,0.25,0.25,0.029291838647027255,0.010304824400750796,1
1.75,NULL,25043003,8,0.09231774113317993,0.36915190270926246,-2.874699154692807,-3.2438510574020696,0.25,0.25,0.043406286955517216,0.011539717641647492,2
1.75,RANDOM,25043003,8,0.252554462287679,0.3868458300135291,-2.8570052273885405,-3.2438510574020696,0.5,0.5,0.11148102443645094,0.03156930778595988,3
1.75,NULL,25043004,8,0.05041353188007682,0.38191419764908874,-2.861936859752981,-3.2438510574020696,0.125,0.125,0.023451441131323254,0.006301691485009603,1
1.75,RANDOM,25043004,8,0.13903058087270487,0.37151234742928274,-2.872338709972787,-3.2438510574020696,0.125,0.125,0.05177537928561729,0.01737882260908811,1
1.75,NULL,25043005,8,0.11280540547586329,0.343619857861726,-2.9002311995403436,-3.2438510574020696,0.25,0.25,0.06270749244065597,0.014100675684482911,3
1.75,RANDOM,25043005,8,0.08376770055539949,0.3843947502754599,-2.8594563071266097,-3.2438510574020696,0.25,0.25,0.03127058781680807,0.010470962569424936,3
1.75,NULL,25043006,8,0.2325587508043469,0.41478510417330794,-2.8290659532287616,-3.2438510574020696,0.375,0.375,0.12050862885582402,0.029069843850543363,2
1.75,RANDOM,25043006,8,0.747374855255095,0.1808272892747702,-3.0630237681272994,-3.2438510574020696,0.25,0.25,0.31759634978732365,0.09342185690688687,2
1.75,NULL,25043007,8,0.12318700425775862,0.34146856627184974,-2.90238249113022,-3.2438510574020696,0.375,0.375,0.0749827582180029,0.015398375532219828,3
1.75,RANDOM,25043007,8,0.0013133790011981043,0.36098247439361275,-2.882868583008457,-3.2438510574020696,0.0,0.0,0.0004545553373916631,0.00016417237514976303,0
1.75,NULL,25043008,8,0.6210824222193011,0.21498024715366126,-3.0288708102484083,-3.2438510574020696,0.125,0.125,0.29273708668165704,0.07763530277741264,2
1.75,RANDOM,25043008,8,0.0470506425061531,0.3914471792130638,-2.8524038781890058,-3.2438510574020696,0.125,0.125,0.01945269292997535,0.005881330313269138,1
1.75,NULL,25043009,8,0.14703653805605307,0.3248521352099729,-2.9189989221920967,-3.2438510574020696,0.125,0.125,0.08061722654629429,0.018379567257006634,1
1.75,RANDOM,25043009,8,0.004497713556296673,0.386821488699046,-2.8570295687030236,-3.2438510574020696,0.0,0.0,0.0016132421254597962,0.0005622141945370841,0
1.75,NULL,25043010,8,0.029223751731592428,0.3530267486541292,-2.8908243087479404,-3.2438510574020696,0.125,0.125,0.018492041105438606,0.0036529689664490535,1
1.75,RANDOM,25043010,8,0.1365430885342578,0.31074723759259903,-2.9331038198094705,-3.2438510574020696,0.375,0.375,0.08557083448194283,0.017067886066782226,2
1.75,NULL,25043011,8,0.00012472714810294558,0.39608784343740666,-2.847763213964663,-3.2438510574020696,0.0,0.0,4.780710504496359e-05,1.5590893512868198e-05,0
1.75,RANDOM,25043011,8,0.10066361453672759,0.46827209896223154,-2.775578958439838,-3.2438510574020696,0.375,0.375,0.05989868699140456,0.012582951817090949,3
1.75,REAL,,12,0.9650654191122046,0.03132758756444165,-3.212523469837628,-3.2438510574020696,0.5833333333333334,0.875,0.9860174918754061,0.08042211825935038,
1.75,NULL,25043000,12,0.09115334838366798,0.3603624238913201,-2.8834886335107495,-3.2438510574020696,0.16666666666666666,0.25,0.028526336814950093,0.007596112365305665,4
1.75,RANDOM,25043000,12,0.8232747534522296,0.11886641875932114,-3.1249846386427484,-3.2438510574020696,0.3333333333333333,0.5,0.390826076278445,0.06860622945435246,5
1.75,NULL,25043001,12,0.22894942152792083,0.36092164571293095,-2.8829294116891386,-3.2438510574020696,0.3333333333333333,0.5,0.07788182353733708,0.019079118460660068,4
1.75,RANDOM,25043001,12,0.05934555150759294,0.19201937529298263,-3.051831682109087,-3.2438510574020696,0.16666666666666666,0.25,0.039002970465574764,0.0049454626256327456,5
1.75,NULL,25043002,12,0.16181343176692675,0.3099518250926727,-2.933899232309397,-3.2438510574020696,0.3333333333333333,0.5,0.057290499821471115,0.013484452647243897,4
1.75,RANDOM,25043002,12,0.18178883074153604,0.2988338587366912,-2.9450171986653784,-3.2438510574020696,0.4166666666666667,0.625,0.059497873398619124,0.015149069228461336,4
1.75,NULL,25043003,12,0.7055503746189026,0.16288579138890835,-3.0809652660131612,-3.2438510574020696,0.25,0.375,0.2848271057491558,0.05879586455157521,5
1.75,RANDOM,25043003,12,0.2531611309191037,0.31346829912664465,-2.930382758275425,-3.2438510574020696,0.3333333333333333,0.5,0.11066617920284183,0.021096760909925308,5
1.75,NULL,25043004,12,0.13275208534773458,0.35313109650947805,-2.8907199608925915,-3.2438510574020696,0.25,0.375,0.0490167832740032,0.011062673778977882,2
1.75,RANDOM,25043004,12,0.17172467640411054,0.35041186033258365,-2.893439197069486,-3.2438510574020696,0.16666666666666666,0.25,0.06105364393714669,0.014310389700342546,1
1.75,NULL,25043005,12,0.7612423886671202,0.12259695050659669,-3.121254106895473,-3.2438510574020696,0.3333333333333333,0.5,0.28990616710820916,0.06343686572226002,6
1.75,RANDOM,25043005,12,0.14610825526323354,0.3165292573699694,-2.9273218000321,-3.2438510574020696,0.25,0.375,0.049520081060583455,0.012175687938602795,5
1.75,NULL,25043006,12,0.23316541943577154,0.3773052568009714,-2.866545800601098,-3.2438510574020696,0.25,0.375,0.11960776688447256,0.01943045161964763,4
1.75,RANDOM,25043006,12,0.797688345396823,0.12576586759041986,-3.1180851898116497,-3.2438510574020696,0.25,0.375,0.331011420893294,0.06647402878306859,4
1.75,NULL,25043007,12,0.7321423201726048,0.14752678319462476,-3.096324274207445,-3.2438510574020696,0.3333333333333333,0.5,0.2902945739956444,0.06101186001438374,5
1.75,RANDOM,25043007,12,0.19219715364912046,0.36098247439361275,-2.882868583008457,-3.2438510574020696,0.16666666666666666,0.25,0.06098357552199928,0.016016429470760037,3
1.75,NULL,25043008,12,0.7102698670949895,0.14065204925867203,-3.1031990081433976,-3.2438510574020696,0.3333333333333333,0.5,0.3173646162045401,0.059189155591249126,5
1.75,RANDOM,25043008,12,0.047815343548946516,0.23650377255958732,-3.0073472848424823,-3.2438510574020696,0.08333333333333333,0.125,0.019506101474638087,0.00398461196241221,3
1.75,NULL,25043009,12,0.8170567078418327,0.12360063640789853,-3.120250420994171,-3.2438510574020696,0.25,0.375,0.3215058617786688,0.0680880589868194,7
1.75,RANDOM,25043009,12,0.016587141696454182,0.27587692325444957,-2.96797413414762,-3.2438510574020696,0.0,0.0,0.005291565698587276,0.0013822618080378485,2
1.75,NULL,25043010,12,0.17912605058057404,0.24693842389454712,-2.9969126335075225,-3.2438510574020696,0.16666666666666666,0.25,0.0660202590761715,0.014927170881714504,5
1.75,RANDOM,25043010,12,0.1367011209456266,0.254236986154893,-2.9896140712471766,-3.2438510574020696,0.25,0.375,0.08485337066322303,0.011391760078802216,4
1.75,NULL,25043011,12,0.0010474606022651432,0.19275676708957645,-3.051094290312493,-3.2438510574020696,0.0,0.0,0.00032397782945439577,8.728838352209526e-05,1
1.75,RANDOM,25043011,12,0.762492360183241,0.1285908556039237,-3.115260201798146,-3.2438510574020696,0.4166666666666667,0.625,0.305963625727355,0.06354103001527008,7
1.75,REAL,,16,0.9653481786716761,0.030977959101450292,-3.2128730983006193,-3.2438510574020696,0.4375,0.875,0.9854014704698404,0.06033426116697976,
1.75,NULL,25043000,16,0.7411858089347723,0.11414471342373345,-3.129706343978336,-3.2438510574020696,0.25,0.5,0.23502824434813924,0.046324113058423266,9
1.75,RANDOM,25043000,16,0.8282587813928793,0.11266189970267693,-3.1311891576993927,-3.2438510574020696,0.25,0.5,0.39189351432057556,0.05176617383705496,7
1.75,NULL,25043001,16,0.8499694801731704,0.10385446372917961,-3.13999659367289,-3.2438510574020696,0.3125,0.625,0.27656692334387517,0.05312309251082315,9
1.75,RANDOM,25043001,16,0.11190545565258386,0.1897552901821311,-3.0540957672199385,-3.2438510574020696,0.1875,0.375,0.05344521248560186,0.006994090978286491,10
1.75,NULL,25043002,16,0.7707063841077215,0.17542407972155338,-3.068426977680516,-3.2438510574020696,0.3125,0.625,0.25262471190762265,0.048169149006732595,6
1.75,RANDOM,25043002,16,0.32011270124446745,0.1495070350274852,-3.0943440223745844,-3.2438510574020696,0.375,0.75,0.09965128592386274,0.020007043827779215,6
1.75,NULL,25043003,16,0.741792477566197,0.09614690078432764,-3.147704156617742,-3.2438510574020696,0.25,0.5,0.2945570173991124,0.046362029847887315,9
1.75,RANDOM,25043003,16,0.8663937644048263,0.08369062904393099,-3.1601604283581386,-3.2438510574020696,0.3125,0.625,0.31613907715941547,0.05414961027530164,8
1.75,NULL,25043004,16,0.7416450376885293,0.17943993884501497,-3.0644111185570546,-3.2438510574020696,0.25,0.5,0.24435681071809906,0.04635281485553308,4
1.75,RANDOM,25043004,16,0.855146157267822,0.11075185410116006,-3.1330992033009095,-3.2438510574020696,0.3125,0.625,0.2766455707827649,0.05344663482923887,5
1.75,NULL,25043005,16,0.904001609152297,0.03810720916393695,-3.2057438482381326,-3.2438510574020696,0.3125,0.625,0.331094234867741,0.05650010057201856,10
1.75,RANDOM,25043005,16,0.32397615661662715,0.19023782113855292,-3.0536132362635167,-3.2438510574020696,0.3125,0.625,0.09922222396784412,0.020248509788539197,9
1.75,NULL,25043006,16,0.842665040407991,0.09505267422028485,-3.1487983831817847,-3.2438510574020696,0.25,0.5,0.3150580960002308,0.052666565025499434,5
1.75,RANDOM,25043006,16,0.7977507089708744,0.12566731898288808,-3.1181837384191815,-3.2438510574020696,0.1875,0.375,0.33079559012486226,0.04985941931067965,6
1.75,NULL,25043007,16,0.7321423201726048,0.10652869034394463,-3.137322367058125,-3.2438510574020696,0.25,0.5,0.2900905342696768,0.0457588950107878,7
1.75,RANDOM,25043007,16,0.2323478531310073,0.34738956612391103,-2.8964614912781586,-3.2438510574020696,0.1875,0.375,0.07220481879479912,0.014521740820687957,5
1.75,NULL,25043008,16,0.7607413896480865,0.10929905461918521,-3.1345520027828844,-3.2438510574020696,0.3125,0.625,0.3306743067810877,0.047546336853005404,9
1.75,RANDOM,25043008,16,0.6567082958897412,0.21338302008643906,-3.0304680373156305,-3.2438510574020696,0.125,0.25,0.22389686767587902,0.041044268493108826,7
1.75,NULL,25043009,16,0.849688439799187,0.11391517009011531,-3.1299358873119543,-3.2438510574020696,0.25,0.5,0.32997802943961,0.053105527487449185,8
1.75,RANDOM,25043009,16,0.017293852066227626,0.24896809338576498,-2.9948829640163046,-3.2438510574020696,0.0,0.0,0.005483568159620144,0.0010808657541392266,6
1.75,NULL,25043010,16,0.8207507766170719,0.12688413356622474,-3.116966923835845,-3.2438510574020696,0.25,0.5,0.2705053118562835,0.05129692353856699,9
1.75,RANDOM,25043010,16,0.18695120360227738,0.21976979183875622,-3.0240812655633134,-3.2438510574020696,0.3125,0.625,0.09831545558774049,0.011684450225142336,8
1.75,NULL,25043011,16,0.649484443793522,0.19239651092981758,-3.051454546472252,-3.2438510574020696,0.125,0.25,0.20651580388098692,0.040592777737095125,7
1.75,RANDOM,25043011,16,0.7631990705530145,0.1280479445994227,-3.115803112802647,-3.2438510574020696,0.3125,0.625,0.3059348682172922,0.047699941909563406,7
2.0,REAL,,2,0.6330368917369823,0.25013979860609226,-2.7941914710437805,-3.0443312696498728,1.0,0.25,1.0,0.31651844586849115,
2.0,NULL,25043000,2,0.001076986003879829,0.7605853783670562,-2.2837458912828166,-3.0443312696498728,0.0,0.0,0.0016018496741162388,0.0005384930019399145,0
2.0,RANDOM,25043000,2,0.15126207593918198,0.5444395540576679,-2.499891715592205,-3.0443312696498728,0.5,0.125,0.14959833690440935,0.07563103796959099,1
2.0,NULL,25043001,2,0.00018980301137908759,0.5223821822246357,-2.521949087425237,-3.0443312696498728,0.0,0.0,0.00028221575319426525,9.490150568954379e-05,0
2.0,RANDOM,25043001,2,0.03828760467828435,0.4753071326910008,-2.569024136958872,-3.0443312696498728,0.5,0.125,0.05448036224079776,0.019143802339142174,0
2.0,NULL,25043002,2,0.001873703591417186,0.6365707794605528,-2.40776049018932,-3.0443312696498728,0.0,0.0,0.0022724626419614443,0.000936851795708593,0
2.0,RANDOM,25043002,2,0.001076986003879993,0.6124901953613966,-2.431841074288476,-3.0443312696498728,0.0,0.0,0.0010106546201489785,0.0005384930019399965,0
2.0,NULL,25043003,2,0.011886527295132407,0.49985964307691066,-2.544471626572962,-3.0443312696498728,0.0,0.0,0.011372346611666218,0.005943263647566204,0
2.0,RANDOM,25043003,2,0.06512848691472985,0.43142652036617335,-2.6129047492836994,-3.0443312696498728,0.5,0.125,0.062494424576801356,0.03256424345736492,0
2.0,NULL,25043004,2,5.1241591707248984e-30,0.6124901953613966,-2.431841074288476,-3.0443312696498728,0.0,0.0,0.0,2.5620795853624492e-30,0
2.0,RANDOM,25043004,2,3.8106336634996454e-30,0.645806285900274,-2.3985249837495988,-3.0443312696498728,0.0,0.0,0.0,1.9053168317498227e-30,0
2.0,NULL,25043005,2,0.017053138863153877,0.5202926619305117,-2.524038607719361,-3.0443312696498728,0.0,0.0,0.02241979084743515,0.008526569431576939,0
2.0,RANDOM,25043005,2,2.5963137825208724e-30,0.5116018834234417,-2.532729386226431,-3.0443312696498728,0.0,0.0,0.0,1.2981568912604362e-30,0
2.0,NULL,25043006,2,0.0686261769366841,0.5432423705219831,-2.5010888991278897,-3.0443312696498728,0.5,0.125,0.10111317963145913,0.03431308846834205,0
2.0,RANDOM,25043006,2,1.2931822223631294e-29,0.43142652036617335,-2.6129047492836994,-3.0443312696498728,0.0,0.0,0.0,6.465911111815647e-30,0
2.0,NULL,25043007,2,0.09593016405889962,0.6392731363331796,-2.405058133316693,-3.0443312696498728,1.0,0.25,0.10985769131831415,0.04796508202944981,0
2.0,RANDOM,25043007,2,1.7202505860205132e-29,0.40407728490502937,-2.6402539847448434,-3.0443312696498728,0.0,0.0,0.0,8.601252930102566e-30,0
2.0,NULL,25043008,2,1.8232298558492108e-29,0.42867349183278414,-2.6156577778170886,-3.0443312696498728,0.0,0.0,0.0,9.116149279246054e-30,0
2.0,RANDOM,25043008,2,0.001076986003879993,0.7605853783670562,-2.2837458912828166,-3.0443312696498728,0.0,0.0,0.0016018496741167152,0.0005384930019399965,0
2.0,NULL,25043009,2,1.9287142926978605e-29,0.4077003379532296,-2.636630931696643,-3.0443312696498728,0.0,0.0,0.0,9.643571463489303e-30,0
2.0,RANDOM,25043009,2,1.1298171114598313e-30,0.7060605184700477,-2.338270751179825,-3.0443312696498728,0.0,0.0,0.0,5.649085557299156e-31,0
2.0,NULL,25043010,2,0.03279579590025009,0.43142652036617335,-2.6129047492836994,-3.0443312696498728,0.5,0.125,0.031116760614996207,0.016397897950125046,0
2.0,RANDOM,25043010,2,0.06606533871043851,0.6569379913785949,-2.387393278271278,-3.0443312696498728,0.5,0.125,0.09993042801075529,0.03303266935521926,0
2.0,NULL,25043011,2,3.7520599678019666e-30,0.6519142203158639,-2.392417049334009,-3.0443312696498728,0.0,0.0,0.0,1.8760299839009833e-30,0
2.0,RANDOM,25043011,2,0.03279579590024993,0.6332748866765612,-2.4110563829733116,-3.0443312696498728,0.5,0.125,0.049318898718685486,0.016397897950124966,0
2.0,REAL,,4,0.763293865566443,0.10905993876386955,-2.9352713308860032,-3.0443312696498728,1.0,0.5,0.9984212502849159,0.19082346639161074,
2.0,NULL,25043000,4,0.00689399199192742,0.49985964307691155,-2.544471626572961,-3.0443312696498728,0.0,0.0,0.005393916159573227,0.001723497997981855,0
2.0,RANDOM,25043000,4,0.15126207593918198,0.36711047756833937,-2.6772207920815334,-3.0443312696498728,0.25,0.125,0.13675539765080635,0.037815518984795495,1
2.0,NULL,25043001,4,0.00018980301137908759,0.5223821822246357,-2.521949087425237,-3.0443312696498728,0.0,0.0,0.0002579876778714778,4.7450752844771896e-05,0
2.0,RANDOM,25043001,4,0.04377941345631882,0.4313201828205351,-2.6130110868293377,-3.0443312696498728,0.25,0.125,0.05302402959370555,0.010944853364079705,0
2.0,NULL,25043002,4,0.06941088639891203,0.4580555844180729,-2.5862756852318,-3.0443312696498728,0.25,0.125,0.04256304917198873,0.01735272159972801,0
2.0,RANDOM,25043002,4,0.001076986003879993,0.4577392731067631,-2.5865919965431097,-3.0443312696498728,0.0,0.0,0.0009238904477555356,0.00026924650096999824,0
2.0,NULL,25043003,4,0.07809200021374209,0.39671303383277046,-2.6476182358171023,-3.0443312696498728,0.25,0.125,0.05630059757878509,0.019523000053435522,1
2.0,RANDOM,25043003,4,0.12858805228339254,0.43142652036617335,-2.6129047492836994,-3.0443312696498728,0.5,0.25,0.09512682923481984,0.032147013070848135,1
2.0,NULL,25043004,4,0.06512848691473082,0.4921036326615842,-2.5522276369882886,-3.0443312696498728,0.25,0.125,0.04527390765387682,0.016282121728682705,1
2.0,RANDOM,25043004,4,9.0496645365367e-30,0.5580516181058344,-2.4862796515440384,-3.0443312696498728,0.0,0.0,0.0,2.262416134134175e-30,0
2.0,NULL,25043005,4,0.14731011269261454,0.38693749741459893,-2.657393772235274,-3.0443312696498728,0.5,0.25,0.10476579257991096,0.036827528173153636,2
2.0,RANDOM,25043005,4,0.011751133096498402,0.5000698074556102,-2.5442614621942625,-3.0443312696498728,0.0,0.0,0.007999463704814679,0.0029377832741246004,0
2.0,NULL,25043006,4,0.13375466385141493,0.4868145143561158,-2.557516755293757,-3.0443312696498728,0.5,0.25,0.13142948729741177,0.033438665962853734,1
2.0,RANDOM,25043006,4,0.00032519721001299755,0.3950994897514608,-2.649231779898412,-3.0443312696498728,0.0,0.0,0.00019037691673271827,8.129930250324939e-05,0
2.0,NULL,25043007,4,0.09593016405889962,0.4077003379532296,-2.636630931696643,-3.0443312696498728,0.5,0.25,0.10042646577572197,0.023982541014724905,0
2.0,RANDOM,25043007,4,1.88864932882095e-29,0.40306991068388376,-2.641261358965989,-3.0443312696498728,0.0,0.0,0.0,4.721623322052375e-30,0
2.0,NULL,25043008,4,0.013030170995144098,0.40539219081427547,-2.6389390788355973,-3.0443312696498728,0.0,0.0,0.007661809633475914,0.0032575427487860245,0
2.0,RANDOM,25043008,4,0.0023437750191389094,0.4686392675536677,-2.575692002096205,-3.0443312696498728,0.0,0.0,0.002307606816831321,0.0005859437547847274,0
2.0,NULL,25043009,4,0.15158727314919498,0.4077003379532296,-2.636630931696643,-3.0443312696498728,0.25,0.125,0.09357110232162444,0.037896818287298746,1
2.0,RANDOM,25043009,4,0.00032519721001317194,0.43142652036617335,-2.6129047492836994,-3.0443312696498728,0.0,0.0,0.00019037691673290578,8.129930250329299e-05,0
2.0,NULL,25043010,4,0.03298559891162918,0.43142526455074526,-2.6129060050991275,-3.0443312696498728,0.25,0.125,0.028574396772979523,0.008246399727907295,0
2.0,RANDOM,25043010,4,0.07188234469848592,0.3975863985655117,-2.646744871084361,-3.0443312696498728,0.25,0.125,0.0947932516613687,0.01797058617462148,1
2.0,NULL,25043011,4,9.51131913586533e-30,0.49097994589549776,-2.553351323754375,-3.0443312696498728,0.0,0.0,0.0,2.3778297839663324e-30,0
2.0,RANDOM,25043011,4,0.09886113461068927,0.495187083231694,-2.5491441864181787,-3.0443312696498728,0.5,0.25,0.08471858608977054,0.024715283652672317,1
2.0,REAL,,8,0.8534769584472065,0.09367268556880548,-2.9506585840810673,-3.0443312696498728,0.75,0.75,0.9505662594623421,0.10668461980590081,
2.0,NULL,25043000,8,0.007083795003306413,0.4026693017168048,-2.641661967933068,-3.0443312696498728,0.0,0.0,0.004997883647858113,0.0008854743754133016,0
2.0,RANDOM,25043000,8,0.7312863717619762,0.16614290631625694,-2.878188363333616,-3.0443312696498728,0.5,0.5,0.40394782400498536,0.09141079647024702,4
2.0,NULL,25043001,8,0.09719695307415871,0.4458592048668728,-2.598472064783,-3.0443312696498728,0.25,0.25,0.046314077480017236,0.012149619134269839,1
2.0,RANDOM,25043001,8,0.04518159667021181,0.4166518278896918,-2.627679441760181,-3.0443312696498728,0.125,0.125,0.04904497928220474,0.005647699583776476,1
2.0,NULL,25043002,8,0.10769849107719638,0.4336677695467963,-2.6106635001030765,-3.0443312696498728,0.25,0.25,0.05500126457533761,0.013462311384649548,1
2.0,RANDOM,25043002,8,0.13355285271472664,0.2866809907115533,-2.7576502789383195,-3.0443312696498728,0.25,0.25,0.05537735648286808,0.01669410658934083,1
2.0,NULL,25043003,8,0.1463762318055666,0.35251889970790407,-2.6918123699419687,-3.0443312696498728,0.25,0.25,0.0848683623362192,0.018297028975695826,2
2.0,RANDOM,25043003,8,0.3126459241228246,0.3868283137447204,-2.6575029559051524,-3.0443312696498728,0.5,0.5,0.16516819627124354,0.039080740515353075,3
2.0,NULL,25043004,8,0.06620547291861065,0.4207008073778242,-2.6236304622720485,-3.0443312696498728,0.125,0.125,0.041747918640301494,0.008275684114826331,1
2.0,RANDOM,25043004,8,0.15233906194306196,0.3314392778027875,-2.7128919918470853,-3.0443312696498728,0.125,0.125,0.06642695324394034,0.019042382742882745,1
2.0,NULL,25043005,8,0.14731011269261454,0.36964314123587094,-2.674688128414002,-3.0443312696498728,0.25,0.25,0.09563074720839378,0.018413764086576818,3
2.0,RANDOM,25043005,8,0.10986521892285744,0.37870670590856603,-2.6656245637413067,-3.0443312696498728,0.25,0.25,0.047926441208162446,0.01373315236535718,3
2.0,NULL,25043006,8,0.2860937257944767,0.3870965550757628,-2.65723471457411,-3.0443312696498728,0.375,0.375,0.19086764700160183,0.03576171572430959,2
2.0,RANDOM,25043006,8,0.6333620889469953,0.24621015116387124,-2.7981211184860015,-3.0443312696498728,0.25,0.25,0.2991260257092024,0.07917026111837441,2
2.0,NULL,25043007,8,0.17261998105874984,0.3714737604521918,-2.672857509197681,-3.0443312696498728,0.375,0.375,0.12565423274093415,0.02157749763234373,3
2.0,RANDOM,25043007,8,0.002013837799588345,0.40148896128098155,-2.6428423083688912,-3.0443312696498728,0.0,0.0,0.0008123320203825701,0.0002517297249485431,0
2.0,NULL,25043008,8,0.4960717758082033,0.2773121580810689,-2.767019111568804,-3.0443312696498728,0.125,0.125,0.2313802715055968,0.06200897197602541,2
2.0,RANDOM,25043008,8,0.08706949088842163,0.3805954496935624,-2.6637358199563104,-3.0443312696498728,0.125,0.125,0.042613458266636914,0.010883686361052703,1
2.0,NULL,25043009,8,0.16257089070526387,0.3493057660173786,-2.695025503632494,-3.0443312696498728,0.125,0.125,0.09048455373215697,0.020321361338157984,1
2.0,RANDOM,25043009,8,0.006006808999426633,0.4313854359073521,-2.6129458337425207,-3.0443312696498728,0.0,0.0,0.0025235116898591845,0.0007508511249283292,0
2.0,NULL,25043010,8,0.03866721070104264,0.37590862830689753,-2.6684226413429752,-3.0443312696498728,0.125,0.125,0.028327424323670337,0.00483340133763033,1
2.0,RANDOM,25043010,8,0.20454801442071158,0.3054856958367518,-2.738845573813121,-3.0443312696498728,0.375,0.375,0.143160894810647,0.025568501802588947,2
2.0,NULL,25043011,8,0.00037960602275808025,0.3893936861055831,-2.6549375835442897,-3.0443312696498728,0.0,0.0,0.0001749850273210253,4.745075284476003e-05,0
2.0,RANDOM,25043011,8,0.13273391651481936,0.4122269940840968,-2.632104275565776,-3.0443312696498728,0.375,0.375,0.09243635701245297,0.01659173956435242,3
2.0,REAL,,12,0.9279201413719381,0.05029176546687664,-2.994039504182996,-3.0443312696498728,0.5833333333333334,0.875,0.966286391076158,0.07732667844766151,
2.0,NULL,25043000,12,0.11803824881343127,0.33126025704265993,-2.713071012607213,-3.0443312696498728,0.16666666666666666,0.25,0.04320653081012133,0.009836520734452606,4
2.0,RANDOM,25043000,12,0.7334852725634065,0.16076938214052738,-2.8835618875093454,-3.0443312696498728,0.3333333333333333,0.5,0.3996235390177941,0.06112377271361721,5
2.0,NULL,25043001,12,0.2823814797206783,0.3419657582868534,-2.7023655113630194,-3.0443312696498728,0.3333333333333333,0.5,0.11481311080683006,0.02353178997672319,4
2.0,RANDOM,25043001,12,0.07868219580323316,0.18689797824825138,-2.8574332914016214,-3.0443312696498728,0.16666666666666666,0.25,0.06000758038902458,0.0065568496502694295,5
2.0,NULL,25043002,12,0.23795546490665703,0.2488448754207928,-2.79548639422908,-3.0443312696498728,0.3333333333333333,0.5,0.0991236609028426,0.01982962207555475,4
2.0,RANDOM,25043002,12,0.2642729314299565,0.2678829235630946,-2.776448346086778,-3.0443312696498728,0.4166666666666667,0.625,0.10141910893982396,0.022022744285829707,4
2.0,NULL,25043003,12,0.6338326593927803,0.18326253384155633,-2.8610687358083164,-3.0443312696498728,0.25,0.375,0.29659862471177556,0.052819388282731694,5
2.0,RANDOM,25043003,12,0.3135827759185333,0.31856915867396074,-2.725762110975912,-3.0443312696498728,0.3333333333333333,0.5,0.16340095903232155,0.026131897993211108,5
2.0,NULL,25043004,12,0.19961819142516504,0.36953247612784024,-2.6747987935220325,-3.0443312696498728,0.25,0.375,0.0896763169997292,0.01663484928543042,2
2.0,RANDOM,25043004,12,0.2208130965462654,0.3087481814952584,-2.7355830881546144,-3.0443312696498728,0.16666666666666666,0.25,0.08955358980712186,0.018401091378855452,1
2.0,NULL,25043005,12,0.6922192966490646,0.1480618970230836,-2.896269372626789,-3.0443312696498728,0.3333333333333333,0.5,0.30581390377351525,0.05768494138742205,6
2.0,RANDOM,25043005,12,0.18989758042414953,0.2896015100795686,-2.754729759570304,-3.0443312696498728,0.25,0.375,0.07509502011808908,0.015824798368679126,5
2.0,NULL,25043006,12,0.28703057759018524,0.3413769550795758,-2.702954314570297,-3.0443312696498728,0.25,0.375,0.18876561756730353,0.023919214799182104,4
2.0,RANDOM,25043006,12,0.6994274276574347,0.16853615602909366,-2.875795113620779,-3.0443312696498728,0.25,0.375,0.3202438283340596,0.058285618971452895,4
2.0,NULL,25043007,12,0.6545845998679293,0.18775824788819584,-2.856573021761677,-3.0443312696498728,0.3333333333333333,0.5,0.3134763343511982,0.05454871665566077,5
2.0,RANDOM,25043007,12,0.2452147946151497,0.37027994819812315,-2.6740513214517496,-3.0443312696498728,0.16666666666666666,0.25,0.09100955633315834,0.02043456621792914,3
2.0,NULL,25043008,12,0.624797735767353,0.17041394173822688,-2.873917327911646,-3.0443312696498728,0.3333333333333333,0.5,0.27456888423012094,0.05206647798061275,5
2.0,RANDOM,25043008,12,0.08833153989414332,0.21924123612783442,-2.8250900335220384,-3.0443312696498728,0.08333333333333333,0.125,0.04251027662942552,0.007360961657845277,3
2.0,NULL,25043009,12,0.7225043644129382,0.16871729455947726,-2.8756139750903955,-3.0443312696498728,0.25,0.375,0.3127029909941278,0.060208697034411514,7
2.0,RANDOM,25043009,12,0.020163634801658333,0.2679740498049541,-2.7763572198449187,-3.0443312696498728,0.0,0.0,0.007509459427098522,0.0016803029001381945,2
2.0,NULL,25043010,12,0.20328465484538172,0.24653710510229443,-2.7977941645475783,-3.0443312696498728,0.16666666666666666,0.25,0.08903121433245702,0.01694038790378181,5
2.0,RANDOM,25043010,12,0.20487321163072475,0.25795174701347356,-2.786379522636399,-3.0443312696498728,0.25,0.375,0.14145923616742315,0.01707276763589373,4
2.0,NULL,25043011,12,0.0019668522384927653,0.18807472175254425,-2.8562565478973285,-3.0443312696498728,0.0,0.0,0.0007234062614415326,0.00016390435320773043,1
2.0,RANDOM,25043011,12,0.6946962393344233,0.15466159028340698,-2.889669679366466,-3.0443312696498728,0.4166666666666667,0.625,0.32132294490315333,0.0578913532778686,7
2.0,REAL,,16,0.9286249446047093,0.04314366751365606,-3.0011876021362167,-3.0443312696498728,0.4375,0.875,0.9652998445813825,0.058039059037794334,
2.0,NULL,25043000,16,0.6787217744924668,0.12657067921619092,-2.917760590433682,-3.0443312696498728,0.25,0.5,0.23907246152146563,0.04242011090577918,9
2.0,RANDOM,25043000,16,0.7400540673453209,0.152404933522873,-2.891926336127,-3.0443312696498728,0.25,0.5,0.40117626451235566,0.046253379209082554,7
2.0,NULL,25043001,16,0.7782634525175025,0.1388735841295361,-2.9054576855203367,-3.0443312696498728,0.3125,0.625,0.29040305256720406,0.04864146578234391,9
2.0,RANDOM,25043001,16,0.17062107667961252,0.17214990797755547,-2.8721813616723173,-3.0443312696498728,0.1875,0.375,0.08973564633611439,0.010663817292475782,10
2.0,NULL,25043002,16,0.7197302807044574,0.20478156053951446,-2.8395497091103583,-3.0443312696498728,0.3125,0.625,0.2701977161315505,0.04498314254402859,6
2.0,RANDOM,25043002,16,0.41553500736913845,0.13236035978669358,-2.911970909863179,-3.0443312696498728,0.375,0.75,0.15253718888678275,0.025970937960571153,6
2.0,NULL,25043003,16,0.6796586262881746,0.10063903394222873,-2.943692235707644,-3.0443312696498728,0.25,0.5,0.31057934324169906,0.042478664143010915,9
2.0,RANDOM,25043003,16,0.8010392035057471,0.11277599575724784,-2.931555273892625,-3.0443312696498728,0.3125,0.625,0.344051110609534,0.05006495021910919,8
2.0,NULL,25043004,16,0.6813930072229654,0.220725196195938,-2.8236060734539348,-3.0443312696498728,0.25,0.5,0.26076218818411456,0.042587062951435335,4
2.0,RANDOM,25043004,16,0.8005121951590455,0.1437624499223804,-2.9005688197274924,-3.0443312696498728,0.3125,0.625,0.2916751251296509,0.05003201219744034,5
2.0,NULL,25043005,16,0.849298378576294,0.05141946220363103,-2.9929118074462417,-3.0443312696498728,0.3125,0.625,0.3584565979386441,0.053081148661018374,10
2.0,RANDOM,25043005,16,0.4042940245219812,0.13903301086652586,-2.905298258783347,-3.0443312696498728,0.3125,0.625,0.14467928168947258,0.025268376532623826,9
2.0,NULL,25043006,16,0.7697422451836943,0.12354094493649281,-2.92079032471338,-3.0443312696498728,0.25,0.5,0.36002102268992514,0.04810889032398089,5
2.0,RANDOM,25043006,16,0.6996172306688136,0.1685133205284024,-2.8758179491214704,-3.0443312696498728,0.1875,0.375,0.31990273382091117,0.04372607691680085,6
2.0,NULL,25043007,16,0.6545845998679293,0.09592136598383894,-2.948409903666034,-3.0443312696498728,0.25,0.5,0.31308426410260815,0.04091153749174558,7
2.0,RANDOM,25043007,16,0.30928601456950805,0.3079662905948948,-2.736364979054978,-3.0443312696498728,0.1875,0.375,0.1119267657341031,0.019330375910594253,5
2.0,NULL,25043008,16,0.6911882716878044,0.1291406442920131,-2.9151906253578597,-3.0443312696498728,0.3125,0.625,0.29547153287890904,0.043199266980487774,9
2.0,RANDOM,25043008,16,0.5701063556919437,0.21838869450752174,-2.825942575142351,-3.0443312696498728,0.125,0.25,0.22156772648730524,0.03563164723074648,7
2.0,NULL,25043009,16,0.7907885960047627,0.14894542612997608,-2.8953858435198967,-3.0443312696498728,0.25,0.5,0.334188081154205,0.04942428725029767,8
2.0,RANDOM,25043009,16,0.02124062080553833,0.2306689214582418,-2.813662348191631,-3.0443312696498728,0.0,0.0,0.00784626706692255,0.0013275388003461455,6
2.0,NULL,25043010,16,0.7534838364431777,0.16219690408305087,-2.882134365566822,-3.0443312696498728,0.25,0.5,0.28260139222284897,0.04709273977769861,9
2.0,RANDOM,25043010,16,0.2714016552269333,0.1578379512846282,-2.8864933183652446,-3.0443312696498728,0.3125,0.625,0.1621166353689127,0.016962603451683333,8
2.0,NULL,25043011,16,0.5468760361949428,0.18762775541552212,-2.8567035142343506,-3.0443312696498728,0.125,0.25,0.1916593546736559,0.03417975226218393,7
2.0,RANDOM,25043011,16,0.6957732253383031,0.15278510829029024,-2.8915461613595825,-3.0443312696498728,0.3125,0.625,0.3212505871893977,0.043485826583643944,7
2.5,REAL,,2,0.4736952811017199,0.3654619101993646,-2.4239945831527496,-2.789456493352114,1.0,0.25,0.998707474686074,0.23684764055085994,
2.5,NULL,25043000,2,0.0010237237825039928,0.6903810368769872,-2.099075456475127,-2.789456493352114,0.0,0.0,0.0021963199473839967,0.0005118618912519964,0
2.5,RANDOM,25043000,2,0.14450120340682648,0.5813166350667918,-2.2081398582853224,-2.789456493352114,0.5,0.125,0.2056564390244778,0.07225060170341324,1
2.5,NULL,25043001,2,0.00028630373963929655,0.572351366447378,-2.217105126904736,-2.789456493352114,0.0,0.0,0.000614085485903722,0.00014315186981964827,0
2.5,RANDOM,25043001,2,0.04610728578109692,0.46040394207806523,-2.329052551274049,-2.789456493352114,0.5,0.125,0.09518675807632897,0.02305364289054846,0
2.5,NULL,25043002,2,0.0018442281343328047,0.5404988534527932,-2.248957639899321,-2.789456493352114,0.0,0.0,0.0032263941453542027,0.0009221140671664024,0
2.5,RANDOM,25043002,2,0.0010237237824997044,0.6332911828319303,-2.156165310520184,-2.789456493352114,0.0,0.0,0.0013857236031614266,0.0005118618912498522,0
2.5,NULL,25043003,2,0.01494827546942455,0.5675250628516171,-2.221931430500497,-2.789456493352114,0.0,0.0,0.0206147550021579,0.007474137734712275,0
2.5,RANDOM,25043003,2,0.07757452813853748,0.5268749528821974,-2.2625815404699168,-2.789456493352114,0.5,0.125,0.1078418470182723,0.03878726406926874,0
2.5,NULL,25043004,2,1.3283329600328752e-27,0.6332911828319303,-2.156165310520184,-2.789456493352114,0.0,0.0,0.0,6.641664800164376e-28,0
2.5,RANDOM,25043004,2,1.4685944853511939e-27,0.6063833792381494,-2.1830731141139648,-2.789456493352114,0.0,0.0,0.0,7.342972426755969e-28,0
2.5,NULL,25043005,2,0.02078854730853219,0.4874524011373955,-2.3020040922147187,-2.789456493352114,0.0,0.0,0.03985076504877488,0.010394273654266095,0
2.5,RANDOM,25043005,2,2.218448032706975e-29,0.4866863492686817,-2.3027701440834325,-2.789456493352114,0.0,0.0,0.0,1.1092240163534875e-29,0
2.5,NULL,25043006,2,0.10504417501072666,0.5020398210804964,-2.287416672271618,-2.789456493352114,0.5,0.125,0.22782208615976035,0.05252208750536333,0
2.5,RANDOM,25043006,2,2.401880828112891e-27,0.5268749528821974,-2.2625815404699168,-2.789456493352114,0.0,0.0,0.0,1.2009404140564455e-27,0
2.5,NULL,25043007,2,0.13874424119045625,0.614330282029909,-2.175126211322205,-2.789456493352114,1.0,0.25,0.2252065092178281,0.06937212059522813,0
2.5,RANDOM,25043007,2,4.233620690268066e-27,0.4948678895524661,-2.294588603799648,-2.789456493352114,0.0,0.0,0.0,2.116810345134033e-27,0
2.5,NULL,25043008,2,2.4864631400019127e-27,0.5240246238029678,-2.2654318695491464,-2.789456493352114,0.0,0.0,0.0,1.2432315700009564e-27,0
2.5,RANDOM,25043008,2,0.0010237237824997044,0.6903810368769867,-2.0990754564751275,-2.789456493352114,0.0,0.0,0.0021963199473750655,0.0005118618912498522,0
2.5,NULL,25043009,2,2.5032965744065926e-27,0.5033192749130784,-2.286137218439036,-2.789456493352114,0.0,0.0,0.0,1.2516482872032963e-27,0
2.5,RANDOM,25043009,2,9.001246997144516e-30,0.6560220578897225,-2.1334344354623918,-2.789456493352114,0.0,0.0,0.0,4.500623498572258e-30,0
2.5,NULL,25043010,2,0.03990367598041366,0.5268749528821974,-2.2625815404699168,-2.789456493352114,0.5,0.125,0.054748544443409985,0.01995183799020683,0
2.5,RANDOM,25043010,2,0.07849664220570184,0.6503028637928985,-2.1391536295592157,-2.789456493352114,0.5,0.125,0.1721734231648424,0.03924832110285092,0
2.5,NULL,25043011,2,1.4677555682239479e-27,0.6069012488561785,-2.1825552444959357,-2.789456493352114,0.0,0.0,0.0,7.338777841119739e-28,0
2.5,RANDOM,25043011,2,0.03990367598041326,0.6367591211449293,-2.152697372207185,-2.789456493352114,0.5,0.125,0.08677438991186975,0.01995183799020663,0
2.5,REAL,,4,0.6288443373787767,0.16520146490921972,-2.6242550284428945,-2.789456493352114,1.0,0.5,0.9207220944909736,0.15721108434469416,
2.5,NULL,25043000,4,0.0075906715447605745,0.5675250628516175,-2.2219314305004967,-2.789456493352114,0.0,0.0,0.006623059736416883,0.0018976678861901436,0
2.5,RANDOM,25043000,4,0.14450120340682648,0.42112782757614964,-2.3683286657759646,-2.789456493352114,0.25,0.125,0.1635473351843322,0.03612530085170662,1
2.5,NULL,25043001,4,0.00028630373963929655,0.510713948195066,-2.278742545157048,-2.789456493352114,0.0,0.0,0.0004883486521079742,7.157593490982414e-05,0
2.5,RANDOM,25043001,4,0.052310895581780606,0.4099419161632394,-2.379514577188875,-2.789456493352114,0.25,0.125,0.08026339574511034,0.013077723895445151,0
2.5,NULL,25043002,4,0.1474956484525524,0.44333492690764276,-2.3461215664444715,-2.789456493352114,0.25,0.125,0.1151500071913288,0.0368739121131381,0
2.5,RANDOM,25043002,4,0.0010237237824997044,0.4230680625589138,-2.3663884307932004,-2.789456493352114,0.0,0.0,0.0011019903080793305,0.0002559309456249261,0
2.5,NULL,25043003,4,0.09354652739046602,0.4235181145784219,-2.3659383787736923,-2.789456493352114,0.25,0.125,0.08510978623897206,0.023386631847616506,1
2.5,RANDOM,25043003,4,0.17677843131015653,0.4827048919118937,-2.3067516014402205,-2.789456493352114,0.5,0.25,0.16121702574698502,0.04419460782753913,1
2.5,NULL,25043004,4,0.0775745281385193,0.4743985020595023,-2.315057991292612,-2.789456493352114,0.25,0.125,0.06796377193428844,0.019393632034629824,1
2.5,RANDOM,25043004,4,2.9529310868623716e-27,0.5021028517444548,-2.2873536416076594,-2.789456493352114,0.0,0.0,0.0,7.382327717155929e-28,0
2.5,NULL,25043005,4,0.17593760358558896,0.3532546739742739,-2.4362018193778403,-2.789456493352114,0.5,0.25,0.15819571589247866,0.04398440089639724,2
2.5,RANDOM,25043005,4,0.014871241247490561,0.4866863492686817,-2.3027701440834325,-2.789456493352114,0.0,0.0,0.012710940421906387,0.0037178103118726403,0
2.5,NULL,25043006,4,0.18261870314924594,0.4671598882969441,-2.32229660505517,-2.789456493352114,0.5,0.25,0.24913823583293343,0.045654675787311486,1
2.5,RANDOM,25043006,4,0.0003633379615760434,0.4544707683808298,-2.3349857249712844,-2.789456493352114,0.0,0.0,0.0002669172100752761,9.083449039401085e-05,0
2.5,NULL,25043007,4,0.13874424119045625,0.5033192749130784,-2.286137218439036,-2.789456493352114,0.5,0.25,0.17909443839177672,0.03468606029761406,0
2.5,RANDOM,25043007,4,4.242424977668752e-27,0.4933906058524786,-2.2960658874996356,-2.789456493352114,0.0,0.0,0.0,1.060606244417188e-27,0
2.5,NULL,25043008,4,0.014959512660791426,0.501188549807341,-2.2882679435447733,-2.789456493352114,0.0,0.0,0.012823332564464785,0.0037398781651978566,0
2.5,RANDOM,25043008,4,0.0023337513046429942,0.45545110497934616,-2.334005388372768,-2.789456493352114,0.0,0.0,0.0028302402883290338,0.0005834378261607486,0
2.5,NULL,25043009,4,0.14486454136840252,0.5033192749130784,-2.286137218439036,-2.789456493352114,0.25,0.125,0.11194830537304228,0.03621613534210063,1
2.5,RANDOM,25043009,4,0.0003633379615729157,0.5268749528821974,-2.2625815404699168,-2.789456493352114,0.0,0.0,0.00026691721007292307,9.083449039322892e-05,0
2.5,NULL,25043010,4,0.040189979720052955,0.5268586498776471,-2.262597843474467,-2.789456493352114,0.25,0.125,0.04378270193750871,0.010047494930013239,0
2.5,RANDOM,25043010,4,0.08506358996796155,0.4230265065945402,-2.366429986757574,-2.789456493352114,0.25,0.125,0.14179656758004588,0.02126589749199039,1
2.5,NULL,25043011,4,2.7895007019043505e-27,0.4721557560048901,-2.317300737347224,-2.789456493352114,0.0,0.0,0.0,6.973751754760876e-28,0
2.5,RANDOM,25043011,4,0.118400318186101,0.4739081464144643,-2.31554834693765,-2.789456493352114,0.5,0.25,0.12833433923291288,0.02960007954652525,1
2.5,REAL,,8,0.7381961395082435,0.09865234374870413,-2.69080414960341,-2.789456493352114,0.75,0.75,0.862678310308859,0.09227451743853043,
2.5,NULL,25043000,8,0.00787697528440263,0.4943626828173393,-2.295093810534775,-2.789456493352114,0.0,0.0,0.005914881298529445,0.0009846219105503287,0
2.5,RANDOM,25043000,8,0.5915368231822253,0.24346701143552574,-2.5459894819165885,-2.789456493352114,0.5,0.5,0.38768392212474645,0.07394210289777817,4
2.5,NULL,25043001,8,0.14005426871259527,0.42353922369119346,-2.3659172696609208,-2.789456493352114,0.25,0.25,0.07323113163025147,0.01750678358907441,1
2.5,RANDOM,25043001,8,0.05369795732585635,0.4041775180786078,-2.3852789752735064,-2.789456493352114,0.125,0.125,0.07081204388287313,0.006712244665732044,1
2.5,NULL,25043002,8,0.19360293423364933,0.4168142873354723,-2.372642206016642,-2.789456493352114,0.25,0.25,0.1270953044413488,0.024200366779206166,1
2.5,RANDOM,25043002,8,0.22396336849959653,0.2512821509114911,-2.538174342440623,-2.789456493352114,0.25,0.25,0.11232475897057023,0.027995421062449566,1
2.5,NULL,25043003,8,0.23983375803620793,0.35668350795246617,-2.432772985399648,-2.789456493352114,0.25,0.25,0.15065684728479056,0.02997921975452599,2
2.5,RANDOM,25043003,8,0.3611833106973967,0.372366483859659,-2.4170900094924552,-2.789456493352114,0.5,0.5,0.23537472838393375,0.045147913837174584,3
2.5,NULL,25043004,8,0.0785982519210233,0.41649832705862755,-2.3729581662934867,-2.789456493352114,0.125,0.125,0.05979780774224076,0.009824781490127912,1
2.5,RANDOM,25043004,8,0.1455249271893262,0.3209996274000648,-2.4684568659520494,-2.789456493352114,0.125,0.125,0.07595531810425321,0.018190615898665774,1
2.5,NULL,25043005,8,0.17593760358558896,0.3532546739742739,-2.4362018193778403,-2.789456493352114,0.25,0.25,0.1380688777995685,0.02199220044819862,3
2.5,RANDOM,25043005,8,0.13263574910608097,0.4158223143453412,-2.373634179006773,-2.789456493352114,0.25,0.25,0.06980286853652376,0.016579468638260122,3
2.5,NULL,25043006,8,0.3281436303385764,0.3809203062623414,-2.408536187089773,-2.789456493352114,0.375,0.375,0.2985091341453754,0.04101795379232205,2
2.5,RANDOM,25043006,8,0.47405861906329594,0.36087888073394403,-2.42857761261817,-2.789456493352114,0.25,0.25,0.2550799766215746,0.05925732738291199,2
2.5,NULL,25043007,8,0.23090370683682404,0.3675353411300568,-2.4219211522220574,-2.789456493352114,0.375,0.375,0.2054504999954705,0.028862963354603005,3
2.5,RANDOM,25043007,8,0.001945837849672437,0.39607166643836056,-2.3933848269137536,-2.789456493352114,0.0,0.0,0.0009412791543117801,0.00024322973120905462,0
2.5,NULL,25043008,8,0.34546361787783086,0.3715242555488527,-2.4179322378032615,-2.789456493352114,0.125,0.125,0.1855752342449617,0.04318295223472886,2
2.5,RANDOM,25043008,8,0.16885075315332876,0.3772721028135768,-2.4121843905385374,-2.789456493352114,0.125,0.125,0.10141287584982611,0.021106344144166095,1
2.5,NULL,25043009,8,0.15727176096976986,0.38944439805261766,-2.4000120952994966,-2.789456493352114,0.125,0.125,0.10437016363305528,0.019658970121221232,1
2.5,RANDOM,25043009,8,0.006853251501898654,0.5267845127661861,-2.262671980585928,-2.789456493352114,0.0,0.0,0.0034521523295149618,0.0008566564377373318,0
2.5,NULL,25043010,8,0.04667989326037869,0.40650216414143303,-2.382954329210681,-2.789456493352114,0.125,0.125,0.04127379191657619,0.005834986657547336,1
2.5,RANDOM,25043010,8,0.3082895384247004,0.32714263314913694,-2.4623138602029773,-2.789456493352114,0.375,0.375,0.24243954981138055,0.03853619230308755,2
2.5,NULL,25043011,8,0.0005726074792813513,0.35389071005085704,-2.435565783301257,-2.789456493352114,0.0,0.0,0.00029389409656399297,7.157593491016891e-05,0
2.5,RANDOM,25043011,8,0.15932771794901435,0.3915679323132344,-2.39788856103888,-2.789456493352114,0.375,0.375,0.1339682375832917,0.019915964743626793,3
2.5,REAL,,12,0.8498072622812299,0.010475631513266137,-2.778980861838848,-2.789456493352114,0.5833333333333334,0.875,0.8976508671615392,0.07081727185676916,
2.5,NULL,25043000,12,0.1403146920641266,0.3095471848237197,-2.4799093085283945,-2.789456493352114,0.16666666666666666,0.25,0.06015413740246952,0.011692891005343884,4
2.5,RANDOM,25043000,12,0.5937443892781342,0.23368205819428756,-2.5557744351578267,-2.789456493352114,0.3333333333333333,0.5,0.3817168779662722,0.04947869910651118,5
2.5,NULL,25043001,12,0.3256675659066459,0.3484794822569821,-2.440977011095132,-2.789456493352114,0.3333333333333333,0.5,0.15222120034547798,0.027138963825553825,4
2.5,RANDOM,25043001,12,0.09453757874712428,0.20812374780824738,-2.581332745543867,-2.789456493352114,0.16666666666666666,0.25,0.08644481892651829,0.007878131562260356,5
2.5,NULL,25043002,12,0.3487519905107061,0.21625874345106366,-2.5731977499010505,-2.789456493352114,0.3333333333333333,0.5,0.19000319665648288,0.029062665875892176,4
2.5,RANDOM,25043002,12,0.38134524859896096,0.2450926689867967,-2.5443638243653175,-2.789456493352114,0.4166666666666667,0.625,0.1777347203321345,0.03177877071658008,4
2.5,NULL,25043003,12,0.5755177492714271,0.20935986974716814,-2.580096623604946,-2.789456493352114,0.25,0.375,0.3132936466326805,0.04795981243928559,5
2.5,RANDOM,25043003,12,0.36210542476456103,0.3366574154301927,-2.4527990779219215,-2.789456493352114,0.3333333333333333,0.5,0.2315600288316209,0.03017545206371342,5
2.5,NULL,25043004,12,0.30246001070530265,0.3724322073244033,-2.417024286027711,-2.789456493352114,0.25,0.375,0.1588221925220508,0.025205000892108555,2
2.5,RANDOM,25043004,12,0.2920984615747115,0.3008401336696829,-2.4886163596824313,-2.789456493352114,0.16666666666666666,0.25,0.13749514804262475,0.02434153846455929,1
2.5,NULL,25043005,12,0.6039722464905253,0.18291299129123795,-2.6065435020608763,-2.789456493352114,0.3333333333333333,0.5,0.3249462403713364,0.050331020540877104,6
2.5,RANDOM,25043005,12,0.22701401803972449,0.28935600344709655,-2.5001004899050177,-2.789456493352114,0.25,0.375,0.10779990785679737,0.018917834836643707,5
2.5,NULL,25043006,12,0.3290657444057449,0.3225962718891573,-2.466860221462957,-2.789456493352114,0.25,0.375,0.293558578121799,0.027422145367145406,4
2.5,RANDOM,25043006,12,0.5525552612689837,0.24347411519176854,-2.5459823781603457,-2.789456493352114,0.25,0.375,0.28600455012688747,0.046046271772415305,4
2.5,NULL,25043007,12,0.5603840882713568,0.2533135452123263,-2.536142948139788,-2.789456493352114,0.3333333333333333,0.5,0.34801759590375614,0.04669867402261307,5
2.5,RANDOM,25043007,12,0.3213566080037164,0.37121096221750216,-2.418245531134612,-2.789456493352114,0.16666666666666666,0.25,0.1443934862545501,0.026779717333643035,3
2.5,NULL,25043008,12,0.5241115350487008,0.20843979754171515,-2.581016695810399,-2.789456493352114,0.3333333333333333,0.5,0.26038283203631263,0.0436759612540584,5
2.5,RANDOM,25043008,12,0.17013620518207012,0.20652899739721864,-2.5829274959548956,-2.789456493352114,0.08333333333333333,0.125,0.10013696101947857,0.014178017098505843,3
2.5,NULL,25043009,12,0.5789998794639921,0.2275020359959199,-2.5619544573561943,-2.789456493352114,0.25,0.375,0.29723336386865346,0.048249989955332674,7
2.5,RANDOM,25043009,12,0.02302118196949782,0.2878630519345049,-2.5015934414176093,-2.789456493352114,0.0,0.0,0.010235133633365787,0.001918431830791485,2
2.5,NULL,25043010,12,0.20650394728957266,0.27930642746337053,-2.5101500658887437,-2.789456493352114,0.16666666666666666,0.25,0.10903754289932856,0.017208662274131054,5
2.5,RANDOM,25043010,12,0.3086528763862733,0.29901853226866537,-2.490437961083449,-2.789456493352114,0.25,0.375,0.2382664509144737,0.025721073032189443,4
2.5,NULL,25043011,12,0.0022213974695987544,0.21015236065856868,-2.5793041326935455,-2.789456493352114,0.0,0.0,0.0009619896788563277,0.0001851164557998962,1
2.5,RANDOM,25043011,12,0.608150908162483,0.17562315789716765,-2.6138333354549466,-2.789456493352114,0.4166666666666667,0.625,0.33726799307185323,0.05067924234687358,7
2.5,REAL,,16,0.8507432077220842,0.010475631513263473,-2.7789808618388507,-2.789456493352114,0.4375,0.875,0.8967077546326262,0.053171450482630264,
2.5,NULL,25043000,16,0.629458823845446,0.1241511502920094,-2.665305343060105,-2.789456493352114,0.25,0.5,0.254643781325988,0.03934117649034038,9
2.5,RANDOM,25043000,16,0.6009717228613176,0.21548772696015694,-2.5739687663919573,-2.789456493352114,0.25,0.5,0.38386357230010715,0.03756073267883235,7
2.5,NULL,25043001,16,0.6708448800448348,0.18910373702153294,-2.6003527563305813,-2.789456493352114,0.3125,0.625,0.2902255582543732,0.041927805002802174,9
2.5,RANDOM,25043001,16,0.26944714549434173,0.13817938801149454,-2.6512771053406197,-2.789456493352114,0.1875,0.375,0.15593479886173542,0.01684044659339636,10
2.5,NULL,25043002,16,0.6779460682055994,0.20043549987585862,-2.5890209934762556,-2.789456493352114,0.3125,0.625,0.3218043420633873,0.042371629262849965,6
2.5,RANDOM,25043002,16,0.5258464520057874,0.10703919312309695,-2.6824173002290173,-2.789456493352114,0.375,0.75,0.2357574178348358,0.03286540325036171,6
2.5,NULL,25043003,16,0.6303809379126322,0.10448445739602752,-2.6849720359560867,-2.789456493352114,0.25,0.5,0.33372747635878763,0.03939880861953951,9
2.5,RANDOM,25043003,16,0.6977894159997802,0.16368297921718789,-2.6257735141349263,-2.789456493352114,0.3125,0.625,0.371784513869082,0.04361183849998626,8
2.5,NULL,25043004,16,0.631654088400196,0.18373669575786877,-2.6057197975942454,-2.789456493352114,0.25,0.5,0.2906682850474941,0.03947838052501225,4
2.5,RANDOM,25043004,16,0.7387707433885555,0.19250868477208716,-2.596947808580027,-2.789456493352114,0.3125,0.625,0.3139750130180699,0.04617317146178472,5
2.5,NULL,25043005,16,0.7550403976596116,0.07818840592553755,-2.7112680874265767,-2.789456493352114,0.3125,0.625,0.38520968624818475,0.047190024853725726,10
2.5,RANDOM,25043005,16,0.47035578665659394,0.10030519983938246,-2.6891512935127317,-2.789456493352114,0.3125,0.625,0.20177821382591365,0.02939723666603712,9
2.5,NULL,25043006,16,0.6591819361678026,0.1719297453856372,-2.617526747966477,-2.789456493352114,0.25,0.5,0.42554711258959194,0.041198871010487664,5
2.5,RANDOM,25043006,16,0.5528415650086229,0.24311878738422044,-2.5463377059678938,-2.789456493352114,0.1875,0.375,0.28569927415975044,0.03455259781303893,6
2.5,NULL,25043007,16,0.5603840882713568,0.08838197736164632,-2.701074515990468,-2.789456493352114,0.25,0.5,0.34751593187557894,0.0350240055169598,7
2.5,RANDOM,25043007,16,0.42111928728092374,0.2835806520409605,-2.5058758413111537,-2.789456493352114,0.1875,0.375,0.18375891060489521,0.026319955455057734,5
2.5,NULL,25043008,16,0.6029715152159828,0.16763751443669062,-2.6218189789154236,-2.789456493352114,0.3125,0.625,0.2895703628438357,0.037685719700998925,9
2.5,RANDOM,25043008,16,0.4993302828769635,0.2062998328662018,-2.5831566604859124,-2.789456493352114,0.125,0.25,0.23817201251990508,0.03120814267981022,7
2.5,NULL,25043009,16,0.7252871101097341,0.193355906275678,-2.596100587076436,-2.789456493352114,0.25,0.5,0.35297034132246663,0.04533044438185838,8
2.5,RANDOM,25043009,16,0.024044905751997525,0.23102639568034933,-2.558430097671765,-2.789456493352114,0.0,0.0,0.010613065997547222,0.0015028066094998453,6
2.5,NULL,25043010,16,0.6820868653455476,0.20416150352812767,-2.5852949898239865,-2.789456493352114,0.25,0.5,0.29998325737025566,0.04263042908409673,9
2.5,RANDOM,25043010,16,0.3893823424142687,0.1187361568961145,-2.6707203364559997,-2.789456493352114,0.3125,0.625,0.2681634931991433,0.024336396400891795,8
2.5,NULL,25043011,16,0.43025604037453513,0.20951846680981268,-2.5799380265423015,-2.789456493352114,0.125,0.25,0.1712650834320788,0.026891002523408446,7
2.5,RANDOM,25043011,16,0.6091746319449869,0.17067112592808442,-2.61878536742403,-2.789456493352114,0.3125,0.625,0.33715559843786,0.03807341449656168,7
3.0,REAL,,2,0.4023023518644965,0.43990254629570336,-2.1917559085456757,-2.631658454841379,1.0,0.25,0.896873817356126,0.20115117593224824,
3.0,NULL,25043000,2,0.0004676605863969467,0.6685937964192914,-1.9630646584220877,-2.631658454841379,0.0,0.0,0.0010936723906289387,0.00023383029319847334,0
3.0,RANDOM,25043000,2,0.13379869167388328,0.6176807874589798,-2.0139776673823993,-2.631658454841379,0.5,0.125,0.20682989103312283,0.06689934583694164,1
3.0,NULL,25043001,2,0.0001622255571572835,0.6209743677069128,-2.0106840871344662,-2.631658454841379,0.0,0.0,0.0003793409949367191,8.111277857864175e-05,0
3.0,RANDOM,25043001,2,0.047307734436571616,0.47758229871574054,-2.1540761561256385,-2.631658454841379,0.5,0.125,0.10692958244784086,0.023653867218285808,0
3.0,NULL,25043002,2,0.0008749834365002322,0.5128319795377458,-2.118826475303633,-2.631658454841379,0.0,0.0,0.0016686184052224031,0.0004374917182501161,0
3.0,RANDOM,25043002,2,0.00046766058639771186,0.6618122433640408,-1.9698462114773383,-2.631658454841379,0.0,0.0,0.0006900304519083683,0.00023383029319885593,0
3.0,NULL,25043003,2,0.016176740842653706,0.6201699539683996,-2.0114885008729795,-2.631658454841379,0.0,0.0,0.02415372134518018,0.008088370421326853,0
3.0,RANDOM,25043003,2,0.07860666447881366,0.5952252908756113,-2.036433163965768,-2.631658454841379,0.5,0.125,0.11918227332688709,0.03930333223940683,0
3.0,NULL,25043004,2,4.11303809252483e-29,0.6618122433640408,-1.9698462114773383,-2.631658454841379,0.0,0.0,0.0,2.056519046262415e-29,0
3.0,RANDOM,25043004,2,5.305414802742679e-29,0.618636788697668,-2.013021666143711,-2.631658454841379,0.0,0.0,0.0,2.6527074013713397e-29,0
3.0,NULL,25043005,2,0.021911025568470667,0.4889743953622516,-2.1426840594791274,-2.631658454841379,0.0,0.0,0.046352768272448996,0.010955512784235334,0
3.0,RANDOM,25043005,2,5.903067800656686e-29,0.49174592927184246,-2.1399125255695366,-2.631658454841379,0.0,0.0,0.0,2.951533900328343e-29,0
3.0,NULL,25043006,2,0.1210902069195968,0.49703820944562427,-2.134620245395755,-2.631658454841379,0.5,0.125,0.2890891004190245,0.0605451034597984,0
3.0,RANDOM,25043006,2,4.3729850608558543e-29,0.5952252908756122,-2.036433163965767,-2.631658454841379,0.0,0.0,0.0,2.1864925304279271e-29,0
3.0,NULL,25043007,2,0.15656412291051322,0.6248372669469635,-2.0068211878944155,-2.631658454841379,1.0,0.25,0.2750589596457558,0.07828206145525661,0
3.0,RANDOM,25043007,2,4.470483980161898e-29,0.5609916829457577,-2.0706667718956213,-2.631658454841379,0.0,0.0,0.0,2.235241990080949e-29,0
3.0,NULL,25043008,2,3.806781175152733e-29,0.5939259440127902,-2.037732510828589,-2.631658454841379,0.0,0.0,0.0,1.9033905875763665e-29,0
3.0,RANDOM,25043008,2,0.00046766058639771186,0.6685937964192905,-1.9630646584220885,-2.631658454841379,0.0,0.0,0.0010936723906304368,0.00023383029319885593,0
3.0,NULL,25043009,2,3.94201297751245e-29,0.5767182589342417,-2.0549401959071374,-2.631658454841379,0.0,0.0,0.0,1.971006488756225e-29,0
3.0,RANDOM,25043009,2,5.759448986391018e-29,0.6556196426279033,-1.9760388122134758,-2.631658454841379,0.0,0.0,0.0,2.879724493195509e-29,0
3.0,NULL,25043010,2,0.04139082521374413,0.5952252908756122,-2.036433163965767,-2.631658454841379,0.5,0.125,0.06194639180136208,0.020695412606872066,0
3.0,RANDOM,25043010,2,0.07904415619706415,0.6677956460954453,-1.9638628087459338,-2.631658454841379,0.5,0.125,0.18954494368807914,0.039522078098532074,0
3.0,NULL,25043011,2,5.307683101716119e-29,0.6184667646905115,-2.0131916901508675,-2.631658454841379,0.0,0.0,0.0,2.6538415508580597e-29,0
3.0,RANDOM,25043011,2,0.04139082521374402,0.6590023616371234,-1.9726560932042556,-2.631658454841379,0.5,0.125,0.09818270806013935,0.02069541260687201,0
3.0,REAL,,4,0.4850840022919847,0.3238843077524578,-2.3077741470889213,-2.631658454841379,1.0,0.5,0.7692784179020848,0.12127100057299617,
3.0,NULL,25043000,4,0.0004676605863969467,0.5609622406709094,-2.0706962141704697,-2.631658454841379,0.0,0.0,0.0008513416932114095,0.00011691514659923667,0
3.0,RANDOM,25043000,4,0.13379869167388328,0.4633652621256896,-2.1682931927156894,-2.631658454841379,0.25,0.125,0.161001513019461,0.03344967291847082,1
3.0,NULL,25043001,4,0.04202071135729901,0.5952682830192533,-2.036390171822126,-2.631658454841379,0.25,0.125,0.038875867943679344,0.010505177839324753,1
3.0,RANDOM,25043001,4,0.05322464365939921,0.42185160030701496,-2.209806854534364,-2.631658454841379,0.25,0.125,0.0878843549959645,0.013306160914849803,1
3.0,NULL,25043002,4,0.04818271787307185,0.4718434707246004,-2.1598149841167786,-2.631658454841379,0.25,0.125,0.039610412174674106,0.012045679468267963,1
3.0,RANDOM,25043002,4,0.00046766058639771186,0.4197913313935331,-2.211867123447846,-2.631658454841379,0.0,0.0,0.0005371368047037177,0.00011691514659942797,0
3.0,NULL,25043003,4,0.016614232560904187,0.48817697786207814,-2.143481476979301,-2.631658454841379,0.0,0.0,0.019144851772557453,0.004153558140226047,0
3.0,RANDOM,25043003,4,0.19396258667259347,0.4914530040285161,-2.140205450812863,-2.631658454841379,0.5,0.25,0.1869251828247911,0.04849064666814837,0
3.0,NULL,25043004,4,9.31042443305155e-29,0.6077674007429508,-2.0238910540984283,-2.631658454841379,0.0,0.0,0.0,2.3276061082628875e-29,0
3.0,RANDOM,25043004,4,1.0638032945629116e-28,0.49662964024210554,-2.1350288145992735,-2.631658454841379,0.0,0.0,0.0,2.659508236407279e-29,0
3.0,NULL,25043005,4,0.021911025568470667,0.47825822745796653,-2.1534002273834125,-2.631658454841379,0.0,0.0,0.0360821435781234,0.005477756392117667,0
3.0,RANDOM,25043005,4,0.016156341902799878,0.49174592927184246,-2.1399125255695366,-2.631658454841379,0.0,0.0,0.014763853696390295,0.004039085475699969,0
3.0,NULL,25043006,4,0.2548888985934801,0.43095489866493164,-2.2007035561764474,-2.631658454841379,0.5,0.25,0.35262480057273515,0.06372222464837002,1
3.0,RANDOM,25043006,4,0.00018262449701063276,0.4807895789423373,-2.1508688758990417,-2.631658454841379,0.0,0.0,0.0001431661992360966,4.565612425265819e-05,0
3.0,NULL,25043007,4,0.23517078738932967,0.4367697467756386,-2.1948887080657404,-2.631658454841379,0.75,0.375,0.2876347113781097,0.05879269684733242,1
3.0,RANDOM,25043007,4,1.0254275449645458e-28,0.500777808346422,-2.130880646494957,-2.631658454841379,0.0,0.0,0.0,2.5635688624113646e-29,0
3.0,NULL,25043008,4,0.0006298861435537511,0.5939259440127902,-2.037732510828589,-2.631658454841379,0.0,0.0,0.0005142971259856296,0.00015747153588843778,0
3.0,RANDOM,25043008,4,0.001097546729951942,0.445499078528802,-2.186159376312577,-2.631658454841379,0.0,0.0,0.0014041863451868834,0.0002743866824879855,0
3.0,NULL,25043009,4,0.005916909222827596,0.47880318136590017,-2.152855273475479,-2.631658454841379,0.0,0.0,0.005395833496151539,0.001479227305706899,0
3.0,RANDOM,25043009,4,0.00018262449701114233,0.5952252908756122,-2.036433163965767,-2.631658454841379,0.0,0.0,0.0001431661992363477,4.565612425278558e-05,0
3.0,NULL,25043010,4,0.04139082521374413,0.48387913827175444,-2.1477793165696246,-2.631658454841379,0.25,0.125,0.048220606587847714,0.010347706303436033,1
3.0,RANDOM,25043010,4,0.08514368991690238,0.4566176685832466,-2.1750407862581325,-2.631658454841379,0.25,0.125,0.15236041044163598,0.021285922479225595,0
3.0,NULL,25043011,4,0.00016222555715680442,0.4960597315849222,-2.135598723256457,-2.631658454841379,0.0,0.0,0.00014764421580896518,4.0556389289201104e-05,0
3.0,RANDOM,25043011,4,0.12043498141081024,0.4858099418772066,-2.1458485129641724,-2.631658454841379,0.5,0.25,0.14015446396679035,0.03010874535270256,1
3.0,REAL,,8,0.773464745292027,0.07228520692419105,-2.559373247917188,-2.631658454841379,0.875,0.875,0.8288548547925682,0.09668309316150338,
3.0,NULL,25043000,8,0.00672941986339249,0.5033573254369537,-2.1283011294044254,-2.631658454841379,0.0,0.0,0.004519737694704354,0.0008411774829240612,0
3.0,RANDOM,25043000,8,0.5224824660540681,0.2934927855110545,-2.3381656693303245,-2.631658454841379,0.5,0.5,0.35955307848163764,0.06531030825675851,4
3.0,NULL,25043001,8,0.08341153657104314,0.4293289189582836,-2.2023295358830954,-2.631658454841379,0.25,0.25,0.05553081708588239,0.010426442071380392,2
3.0,RANDOM,25043001,8,0.053874928742807554,0.41921099074857704,-2.212447464092802,-2.631658454841379,0.125,0.125,0.07621233127358107,0.006734366092850944,1
3.0,NULL,25043002,8,0.24448935835082589,0.42238455756590376,-2.2092738972754753,-2.631658454841379,0.25,0.25,0.1518264477944424,0.030561169793853236,1
3.0,RANDOM,25043002,8,0.27521873998581137,0.24658166737611031,-2.3850767874652687,-2.631658454841379,0.25,0.25,0.14686174159976859,0.03440234249822642,1
3.0,NULL,25043003,8,0.364192217816728,0.35706280445971794,-2.274595650381661,-2.631658454841379,0.25,0.25,0.22037525088697374,0.045524027227091,3
3.0,RANDOM,25043003,8,0.3691521035602209,0.3785977925975881,-2.253060662243791,-2.631658454841379,0.5,0.5,0.25628216285672323,0.04614401294502761,4
3.0,NULL,25043004,8,0.1576809895440271,0.4159286083514435,-2.2157298464899355,-2.631658454841379,0.25,0.25,0.09161473243404418,0.019710123693003387,2
3.0,RANDOM,25043004,8,0.134266352260281,0.335182256588372,-2.296476198253007,-2.631658454841379,0.125,0.125,0.07366250876870108,0.016783294032535125,1
3.0,NULL,25043005,8,0.1791243545261008,0.33382616051655045,-2.2978322943248286,-2.631658454841379,0.25,0.25,0.12542159248716112,0.0223905443157626,3
3.0,RANDOM,25043005,8,0.13631605715251496,0.42419877160737407,-2.207459683234005,-2.631658454841379,0.25,0.25,0.07594007041773153,0.01703950714406437,3
3.0,NULL,25043006,8,0.33396322365869346,0.3919752518052624,-2.2396832030361167,-2.631658454841379,0.375,0.375,0.34971905723351787,0.04174540295733668,3
3.0,RANDOM,25043006,8,0.4024849763615071,0.4228201710870101,-2.208838283754369,-2.631658454841379,0.25,0.25,0.224095695259558,0.05031062204518839,2
3.0,NULL,25043007,8,0.25132712929213,0.34902144162649007,-2.282637013214889,-2.631658454841379,0.375,0.375,0.25626109780846,0.03141589116151625,4
3.0,RANDOM,25043007,8,0.0009051523046466959,0.3858462529893303,-2.2458122018520488,-2.631658454841379,0.0,0.0,0.0004616831448441975,0.00011314403808083699,0
3.0,NULL,25043008,8,0.40036386065502605,0.45053204368727195,-2.181126411154107,-2.631658454841379,0.25,0.25,0.2184718189241311,0.050045482581878256,2
3.0,RANDOM,25043008,8,0.21933561171603047,0.37660266635769224,-2.255055788483687,-2.631658454841379,0.125,0.125,0.14090309819750924,0.02741695146450381,1
3.0,NULL,25043009,8,0.1398982253937215,0.40842604726830967,-2.2232324075730694,-2.631658454841379,0.125,0.125,0.08320487454705888,0.017487278174215186,1
3.0,RANDOM,25043009,8,0.0062617592769955415,0.5917420951366839,-2.039916359704695,-2.631658454841379,0.0,0.0,0.0033080603456141218,0.0007827199096244427,0
3.0,NULL,25043010,8,0.04765258449073964,0.42505961722544017,-2.206598837615939,-2.631658454841379,0.125,0.125,0.04474271384358532,0.005956573061342455,1
3.0,RANDOM,25043010,8,0.36005699487347287,0.33936869386480906,-2.29228976097657,-2.631658454841379,0.375,0.375,0.2891499883349057,0.04500712435918411,2
3.0,NULL,25043011,8,0.00016222555715680442,0.26780459476681306,-2.363853860074566,-2.631658454841379,0.0,0.0,0.0001274059392229162,2.0278194644600552e-05,0
3.0,RANDOM,25043011,8,0.16229346721095209,0.4053182354088136,-2.2263402194325654,-2.631658454841379,0.375,0.375,0.1446801339817485,0.02028668340136901,3
3.0,REAL,,12,0.801517805918929,0.0016458836291031176,-2.630012571212276,-2.631658454841379,0.5833333333333334,0.875,0.8252998725163465,0.06679315049324408,
3.0,NULL,25043000,12,0.2603216766218236,0.3444450673637247,-2.2872133874776543,-2.631658454841379,0.16666666666666666,0.25,0.1170774396615803,0.021693473051818634,4
3.0,RANDOM,25043000,12,0.523540073987579,0.28377680574966346,-2.3478816490917156,-2.631658454841379,0.3333333333333333,0.5,0.3529576085031489,0.04362833949896491,4
3.0,NULL,25043001,12,0.3332886782463423,0.38665219570379383,-2.2450062591375852,-2.631658454841379,0.3333333333333333,0.5,0.17061855840745146,0.027774056520528525,4
3.0,RANDOM,25043001,12,0.09577282956787692,0.22886032949787483,-2.4027981253435042,-2.631658454841379,0.16666666666666666,0.25,0.09297337017018853,0.00798106913065641,5
3.0,NULL,25043002,12,0.32309602282963956,0.3080351646594388,-2.3236232901819402,-2.631658454841379,0.25,0.375,0.18479997486904873,0.02692466856913663,4
3.0,RANDOM,25043002,12,0.4366070548921132,0.2445457469233152,-2.387112707918064,-2.631658454841379,0.4166666666666667,0.625,0.21682643556303285,0.036383921241009434,4
3.0,NULL,25043003,12,0.6018896835082262,0.22144312842589464,-2.4102153264154844,-2.631658454841379,0.3333333333333333,0.5,0.3309715830210906,0.05015747362568552,5
3.0,RANDOM,25043003,12,0.36958959527847135,0.3583717413904113,-2.2732867134509678,-2.631658454841379,0.3333333333333333,0.5,0.25143251963111063,0.030799132939872614,4
3.0,NULL,25043004,12,0.35426289618287476,0.35307092175315,-2.278587533088229,-2.631658454841379,0.25,0.375,0.1835171407764105,0.029521908015239563,2
3.0,RANDOM,25043004,12,0.3310104844562852,0.32335665190329443,-2.3083018029380846,-2.631658454841379,0.16666666666666666,0.25,0.16272565287538365,0.027584207038023768,1
3.0,NULL,25043005,12,0.3002145614456976,0.22358062261119693,-2.408077832230182,-2.631658454841379,0.25,0.375,0.17878780317998727,0.0250178801204748,6
3.0,RANDOM,25043005,12,0.2318547216919215,0.30426779338361465,-2.3273906614577644,-2.631658454841379,0.25,0.375,0.11626241151357505,0.019321226807660127,6
3.0,NULL,25043006,12,0.33396322365869346,0.26509973309853807,-2.366558721742841,-2.631658454841379,0.25,0.375,0.34284484975234697,0.027830268638224454,4
3.0,RANDOM,25043006,12,0.4815291325585733,0.2931233961449702,-2.338535058696409,-2.631658454841379,0.25,0.375,0.2573318180661647,0.040127427713214446,3
3.0,NULL,25043007,12,0.25132712929213,0.3278653749848601,-2.303793079856519,-2.631658454841379,0.25,0.375,0.251223934636332,0.020943927441010837,4
3.0,RANDOM,25043007,12,0.3628993918688601,0.3847298022845185,-2.2469286525568606,-2.631658454841379,0.16666666666666666,0.25,0.17386769353092557,0.030241615989071675,3
3.0,NULL,25043008,12,0.44219217758701995,0.30280518296615444,-2.3288532718752246,-2.631658454841379,0.25,0.375,0.23304905930215378,0.036849348132251665,5
3.0,RANDOM,25043008,12,0.21995572793129137,0.20017090153730255,-2.4314875533040765,-2.631658454841379,0.08333333333333333,0.125,0.1384026784592116,0.01832964399427428,2
3.0,NULL,25043009,12,0.4933629510042264,0.29406732012641434,-2.3375911347149647,-2.631658454841379,0.25,0.375,0.2505514963432664,0.0411135792503522,5
3.0,RANDOM,25043009,12,0.022918493176492447,0.30799099881678016,-2.323667456024599,-2.631658454841379,0.0,0.0,0.010685241814743117,0.0019098744313743707,3
3.0,NULL,25043010,12,0.19813817893226654,0.2869238130262328,-2.3447346418151462,-2.631658454841379,0.16666666666666666,0.25,0.11153637889201401,0.01651151491102221,5
3.0,RANDOM,25043010,12,0.360239619370484,0.3344401229173859,-2.297218331923993,-2.631658454841379,0.25,0.375,0.2835423443671225,0.030019968280873666,4
3.0,NULL,25043011,12,0.11611786502634366,0.2678045947668122,-2.363853860074567,-2.631658454841379,0.08333333333333333,0.125,0.05035816357436124,0.009676488752195305,2
3.0,RANDOM,25043011,12,0.5678814506668052,0.18488300590471152,-2.4467754489366675,-2.631658454841379,0.4166666666666667,0.625,0.33307948514632235,0.04732345422223377,7
3.0,REAL,,16,0.8020452804701079,0.0016458836291031176,-2.630012571212276,-2.631658454841379,0.4375,0.875,0.8249247371770515,0.050127830029381745,
3.0,NULL,25043000,16,0.6234261176368964,0.113772724190635,-2.517885730650744,-2.631658454841379,0.25,0.5,0.2664039641319366,0.03896413235230602,9
3.0,RANDOM,25043000,16,0.5299246437968043,0.24559706261023218,-2.386061392231147,-2.631658454841379,0.25,0.5,0.35522333097525766,0.033120290237300266,7
3.0,NULL,25043001,16,0.6180115806182023,0.21401335805226473,-2.4176450967891143,-2.631658454841379,0.3125,0.625,0.28786547974670484,0.03862572378863764,9
3.0,RANDOM,25043001,16,0.32396837745820706,0.12664725402354593,-2.505011200817833,-2.631658454841379,0.1875,0.375,0.19036321889867797,0.02024802359113794,10
3.0,NULL,25043002,16,0.6702063474990692,0.20570242585283838,-2.4259560289885407,-2.631658454841379,0.3125,0.625,0.327578959714131,0.04188789671869182,6
3.0,RANDOM,25043002,16,0.5704057465659964,0.09622035175894128,-2.5354381030824378,-2.631658454841379,0.375,0.75,0.27333248198692484,0.035650359160374775,6
3.0,NULL,25043003,16,0.6238636093551437,0.10591142970771417,-2.525747025133665,-2.631658454841379,0.25,0.5,0.3392840508866546,0.03899147558469648,9
3.0,RANDOM,25043003,16,0.644172390249069,0.19645959150888803,-2.435198863332491,-2.631658454841379,0.3125,0.625,0.36982819040236553,0.040260774390566814,8
3.0,NULL,25043004,16,0.622766556373488,0.17155159700130262,-2.4601068578400764,-2.631658454841379,0.25,0.5,0.2944799171060733,0.038922909773343,4
3.0,RANDOM,25043004,16,0.7195116343394562,0.21836183087617433,-2.4132966239652047,-2.631658454841379,0.3125,0.625,0.32174926553219574,0.04496947714621601,5
3.0,NULL,25043005,16,0.7026995378072047,0.0943898377480803,-2.5372686170932988,-2.631658454841379,0.3125,0.625,0.3488876463615214,0.043918721112950296,10
3.0,RANDOM,25043005,16,0.480826711062574,0.09048726858362865,-2.5411711862577504,-2.631658454841379,0.3125,0.625,0.2175160446666759,0.030051669441410876,9
3.0,NULL,25043006,16,0.603341867285807,0.20490717749885956,-2.4267512773425195,-2.631658454841379,0.25,0.5,0.4540442560100182,0.037708866705362935,5
3.0,RANDOM,25043006,16,0.4816913581157306,0.24314074666368457,-2.3885177081776945,-2.631658454841379,0.1875,0.375,0.25721396679198677,0.030105709882233163,6
3.0,NULL,25043007,16,0.5198307894827432,0.08765444052979943,-2.5440040143115796,-2.631658454841379,0.25,0.5,0.3672734615222703,0.03248942434267145,7
3.0,RANDOM,25043007,16,0.4785101812838798,0.2674689003920636,-2.3641895544493154,-2.631658454841379,0.1875,0.375,0.2223708772946282,0.029906886330242487,5
3.0,NULL,25043008,16,0.5623722917765882,0.20034572019935748,-2.4313127346420216,-2.631658454841379,0.3125,0.625,0.28213944511406636,0.03514826823603676,9
3.0,RANDOM,25043008,16,0.4884593881219046,0.20010454878579909,-2.43155390605558,-2.631658454841379,0.125,0.25,0.25453188739758476,0.030528711757619037,7
3.0,NULL,25043009,16,0.7055643825489135,0.20217839364353418,-2.429480061197845,-2.631658454841379,0.25,0.5,0.34164337756448293,0.044097773909307095,8
3.0,RANDOM,25043009,16,0.023386153762890157,0.2388495223950442,-2.392808932446335,-2.631658454841379,0.0,0.0,0.01086672279094859,0.0014616346101806348,6
3.0,NULL,25043010,16,0.662786254043477,0.21954013865054067,-2.4121183161908384,-2.631658454841379,0.25,0.5,0.3033703073765103,0.041424140877717314,9
3.0,RANDOM,25043010,16,0.44345876151622193,0.1160626679765353,-2.5155957868648438,-2.631658454841379,0.3125,0.625,0.3162086148669672,0.02771617259476387,8
3.0,NULL,25043011,16,0.38480414971396804,0.22984922200776703,-2.401809232833612,-2.631658454841379,0.125,0.25,0.16148691462772885,0.024050259357123002,7
3.0,RANDOM,25043011,16,0.5683491112532021,0.18171429056398436,-2.4499441642773947,-2.631658454841379,0.3125,0.625,0.33302416554777886,0.03552181945332513,7
