version,seed,family,group,lambda,exact_norm,k2_term_norm,k3_term_norm,k4_term_norm,abs_err_K2,abs_err_K2K3,abs_err_K2K3K4,rel_err_K2,rel_err_K2K3,rel_err_K2K3K4
v32.24,25042000,dephasing,0,0.01,8.676920059502701e-05,8.671059923641612e-05,1.0370700745445368e-07,6.723624637371569e-08,1.1916582240916235e-07,5.8557533410686314e-08,8.681403819733118e-09,0.0013733654521647406,0.0006748654247028111,0.00010005167455963255
v32.24,25042000,dephasing,0,0.003,7.804492787888193e-06,7.80395393127745e-06,2.800089201270249e-09,5.44613595627097e-10,2.851647534105442e-09,5.384869004827715e-10,6.133482627474882e-12,0.00036538537629644797,6.899703992531715e-05,7.858912544571051e-07
v32.24,25042000,dephasing,0,0.001,8.671127121859151e-07,8.67105992364161e-07,1.0370700745445367e-10,6.723624637371569e-12,1.0392526026472217e-10,6.715244081465666e-12,8.450710253906713e-15,0.0001198520778258869,7.744372775411312e-06,9.745803671362647e-09
v32.24,25042000,dephasing,0,0.0003,7.803959380511785e-08,7.803953931277448e-08,2.800089201270248e-12,5.446135956270968e-14,2.8006212697696224e-12,5.445525209722514e-14,6.642522805999003e-18,3.588718409738772e-05,6.97790050435321e-07,8.51173421351584e-11
v32.24,25042000,dephasing,1,0.01,4.077269786625747e-05,4.069452174799556e-05,1.032597525318488e-07,6.999913142569097e-08,1.2956239415529196e-07,7.806131249848914e-08,8.064969942273576e-09,0.0031776752811472587,0.0019145486215934426,0.00019780319587210725
v32.24,25042000,dephasing,1,0.003,3.663080940983328e-06,3.6625069573196e-06,2.7880133183599172e-09,5.66992964548097e-10,2.846593005732749e-09,5.730623536250415e-10,6.07805020885361e-12,0.0007771034960992703,0.0001564427220849799,1.6592727015259457e-06
v32.24,25042000,dephasing,1,0.001,4.069522371055745e-07,4.0694521747995554e-07,1.0325975253184879e-10,6.999913142569099e-12,1.0349851596975019e-10,7.008262374006734e-12,8.438823847835858e-15,0.00025432595408708827,1.7221338857485135e-05,2.0736644447162965e-08
v32.24,25042000,dephasing,1,0.0003,3.6625126370613025e-08,3.6625069573195994e-08,2.7880133183599165e-12,5.6699296454809666e-14,2.7885928657752636e-12,5.6705384991246847e-14,6.764802842972421e-18,7.613879164694848e-05,1.5482645552520375e-06,1.8470387718307805e-10
v32.24,25042000,dephasing,2,0.01,8.805211651418539e-05,8.797503615963504e-05,1.0910320070934481e-07,8.540402562068203e-08,1.336490647836968e-07,7.70296323208085e-08,8.376474237216539e-09,0.0015178404571588651,0.0008748186343527455,9.513086759098029e-05
v32.24,25042000,dephasing,2,0.003,7.918439538121495e-06,7.917753254367154e-06,2.9457864191523092e-09,6.917726075275244e-10,3.0249112713699283e-09,6.858663357013942e-10,5.917087985134693e-12,0.0003820085077125604,8.661635065841563e-05,7.472542988613149e-07
v32.24,25042000,dephasing,2,0.001,8.797588990800459e-07,8.797503615963503e-07,1.091032007093448e-10,8.540402562068203e-12,1.0943775091118085e-10,8.532324183342406e-12,8.205699434345906e-15,0.0001243951621581989,9.698480108885017e-06,9.32721390249819e-09
v32.24,25042000,dephasing,2,0.0003,7.917760175684276e-08,7.917753254367152e-08,2.9457864191523085e-12,6.917726075275241e-14,2.946601913394951e-12,6.91713735498553e-14,6.84404590013399e-18,3.7215094269261534e-05,8.736229945721651e-07,8.643916648488924e-11
v32.24,25042000,dephasing,3,0.01,3.972727227468024e-05,3.963116777509657e-05,1.0892399801897334e-07,8.821269780526046e-08,1.4531177678995868e-07,9.597364709900584e-08,7.763880869393743e-09,0.0036577335535460764,0.002415812654728214,0.0001954294977946918
v32.24,25042000,dephasing,3,0.003,3.567526527148817e-06,3.5668050997586915e-06,2.9409479465122794e-09,7.145228522226097e-10,3.0282682799391647e-09,7.203709070353495e-10,5.861760050041993e-12,0.0008488425403130415,0.00020192447107354045,1.6430880066158155e-06
v32.24,25042000,dephasing,3,0.001,3.9632052010492607e-07,3.963116777509657e-07,1.0892399801897332e-10,8.821269780526047e-12,1.0928284378142692e-10,8.829315200580804e-12,8.201603404050814e-15,0.0002757435919606036,2.2278218645462107e-05,2.0694369804216635e-08
v32.24,25042000,dephasing,3,0.0003,3.566812256134918e-08,3.566805099758691e-08,2.940947946512279e-12,7.145228522226093e-14,2.9418198013723835e-12,7.145815228212764e-14,7.02023932295816e-18,8.247756231947595e-05,2.0034178182274552e-06,1.9682110576140772e-10
v32.24,25042000,dephasing,4,0.01,0.00019336612859036046,0.00019240120148205348,1.5748140488533325e-07,9.6210382046117e-07,9.801407482108624e-07,9.669116408667047e-07,5.689036192337361e-09,0.005068833695725776,0.005000418883676748,2.9421058557723877e-05
v32.24,25042000,dephasing,4,0.003,1.732388872149177e-05,1.7316108133384813e-05,4.251997931903997e-09,7.793040945735477e-09,8.884133205133421e-09,7.796541310511425e-09,8.120234799254035e-12,0.0005128255755944618,0.0004500456817665393,4.6873048712095377e-07
v32.24,25042000,dephasing,4,0.001,1.9241080331825133e-06,1.9240120148205347e-06,1.5748140488533324e-10,9.621038204611701e-11,1.8457312822362e-10,9.621518307753351e-11,3.050955457231463e-14,9.592659301896491e-05,5.000508361185503e-05,1.585646650092262e-08
v32.24,25042000,dephasing,4,0.0003,1.731618590473134e-07,1.7316108133384808e-07,4.251997931903996e-12,7.793040945735473e-13,4.322895906524741e-12,7.793075944989526e-13,7.329178161202961e-17,2.4964480806039314e-05,4.500457541784769e-06,4.232559179906005e-10
v32.24,25042000,dephasing,5,0.01,9.968863691182883e-05,0.00010066378678327537,7.212644602988875e-08,9.80613571080094e-07,9.78669453592866e-07,9.757816746009964e-07,5.7324996739589515e-09,0.00981726186564739,0.009788293880114358,5.7504043104021475e-05
v32.24,25042000,dephasing,5,0.003,9.051806464624041e-06,9.059740810494784e-06,1.947414042806996e-09,7.942969925748762e-09,8.176576783936151e-09,7.939442597152023e-09,8.303356270575885e-12,0.0009033088385055035,0.000877111395187323,9.17314825833581e-07
v32.24,25042000,dephasing,5,0.001,1.0065398742145755e-06,1.0066378678327535e-06,7.212644602988873e-11,9.80613571080094e-11,1.2174466966220643e-10,9.805651795353039e-11,3.131765093144981e-14,0.00012095364801837223,9.74194072838356e-05,3.1114168185227276e-08
v32.24,25042000,dephasing,5,0.0003,9.059661432095029e-08,9.059740810494782e-08,1.9474140428069953e-12,7.942969925748758e-13,2.103239450435104e-12,7.942934647708998e-13,7.527279517547019e-17,2.321543102023774e-05,8.767363667222837e-06,8.308566025304933e-10
v32.24,25042000,dephasing,6,0.01,0.00021843165915240607,0.00021726796598203624,1.3024855567785709e-07,1.1614871662274667e-06,1.1744241552627606e-06,1.166773526627886e-06,6.418291472298398e-09,0.005376620586136422,0.005341595312489909,2.9383522046225777e-05
v32.24,25042000,dephasing,6,0.003,1.9563504050005618e-05,1.9554116938383262e-05,3.516711003302141e-09,9.40804604644248e-09,1.0050515781956385e-08,9.411906178414236e-09,9.58127952601508e-12,0.0005137380172931495,0.00048109511232531643,4.897527304681561e-07
v32.24,25042000,dephasing,6,0.001,2.1727955078985597e-06,2.1726796598203624e-06,1.3024855567785708e-10,1.1614871662274669e-10,1.7454463064032981e-10,1.1615401244826544e-10,3.6446726198473366e-14,8.033182598446292e-05,5.345832685405583e-05,1.6774117060709117e-08
v32.24,25042000,dephasing,6,0.0003,1.955421077143885e-07,1.9554116938383258e-07,3.5167110033021398e-12,9.408046046442476e-13,3.640465999711016e-12,9.408084653239203e-13,8.770298884475577e-17,1.861729957942527e-05,4.811283238790073e-06,4.4851203594908553e-10
v32.24,25042000,dephasing,7,0.01,0.00012376952783815095,0.0001249462374434926,1.123461553416389e-07,1.1833098918999403e-06,1.1835952158605468e-06,1.1778966957108592e-06,6.5809659301787485e-09,0.00956289675281215,0.009516855370500833,5.317113222557046e-05
v32.24,25042000,dephasing,7,0.003,1.1235590101449652e-05,1.1245161369914332e-05,3.03334619422425e-09,9.584810124389516e-09,1.0052338591264599e-08,9.580869402134114e-09,9.931023135590426e-12,0.0008946871949313649,0.0008527250741283236,8.838897686654744e-07
v32.24,25042000,dephasing,7,0.001,1.2493441673642166e-06,1.2494623744349257e-06,1.123461553416389e-10,1.1833098918999404e-10,1.6319017017152868e-10,1.183255842464957e-10,3.790825552256584e-14,0.00013062066837500548,9.47101586075606e-05,3.034252411210448e-08
v32.24,25042000,dephasing,7,0.0003,1.1245065618201527e-07,1.124516136991433e-07,3.0333461942242494e-12,9.584810124389512e-13,3.1812608369924623e-12,9.58477072348242e-13,9.126314441392563e-17,2.8290282555961246e-05,8.523534720836387e-06,8.115839205616102e-10
v32.24,25042000,dephasing,8,0.01,0.0003629631356734426,0.00036067441032141363,9.761051679420319e-08,2.2746071063747786e-06,2.292648104922064e-06,2.2903856830234103e-06,1.6374902654983342e-08,0.006316476467143914,0.006310243266919721,4.5114506255852434e-05
v32.24,25042000,dephasing,8,0.003,3.2479119407545096e-05,3.2460696928927225e-05,2.6354839534434856e-09,1.8424317561635706e-08,1.8624646811920043e-08,1.843575932859693e-08,1.5513823143302792e-11,0.0005734344758002714,0.0005676188167932346,4.776552882680322e-07
v32.24,25042000,dephasing,8,0.001,3.6069714158339972e-06,3.606744103214136e-06,9.761051679420317e-11,2.2746071063747787e-10,2.475512427441425e-10,2.2747639848419312e-10,4.5824752916269146e-14,6.863132922468812e-05,6.306576134360534e-05,1.2704495720455725e-08
v32.24,25042000,dephasing,8,0.0003,3.2460881040602383e-07,3.246069692892722e-07,2.635483953443485e-12,1.8424317561635696e-12,3.2157295617112047e-12,1.842443191985695e-12,1.0523250288636895e-16,9.906476529977541e-06,5.675887816110564e-06,3.241825222018562e-10
v32.24,25042000,dephasing,9,0.01,0.00023108963050393657,0.00023337666526390102,1.5882496313094072e-07,2.3032106812497184e-06,2.2934488780477676e-06,2.2876348152081297e-06,1.6214849963070563e-08,0.009924499308110232,0.009899339967005401,7.016693015480998e-05
v32.24,25042000,dephasing,9,0.003,2.0985260140067138e-05,2.100389987375109e-05,4.288274004535399e-09,1.865600651812272e-08,1.9133838292272695e-08,1.8644591713063233e-08,1.58627464091525e-11,0.000911775129999007,0.0008884613099203441,7.558994410017236e-07
v32.24,25042000,dephasing,9,0.001,2.333536407209301e-06,2.33376665263901e-06,1.588249631309407e-10,2.3032106812497185e-10,2.797860630698117e-10,2.3030540269417568e-10,4.7981173608590075e-14,0.0001198978778327314,9.869372596144758e-05,2.0561570610321538e-08
v32.24,25042000,dephasing,9,0.0003,2.100371336340586e-07,2.1003899873751088e-07,4.2882740045353975e-12,1.865600651812271e-12,4.676607215264032e-12,1.8655892310005268e-12,1.1080139470755769e-16,2.2265621008768597e-05,8.882187633787114e-06,5.275324072009268e-10
v32.24,25042000,dephasing,10,0.01,0.0003192134654394324,0.0003175273016924499,4.5921561597930935e-07,1.6759542431261322e-06,1.7478642568408383e-06,1.6863852302383691e-06,1.0436214749540817e-08,0.005475534230470858,0.00528293888829807,3.2693529187981535e-05
v32.24,25042000,dephasing,10,0.003,2.859103819787362e-05,2.8577457152320493e-05,1.239882163144135e-08,1.357522936932167e-08,1.8391328304604828e-08,1.3582794189479855e-08,7.601447990987128e-12,0.0006432550010014198,0.0004750717373561495,2.658682045184517e-07
v32.24,25042000,dephasing,10,0.001,3.1754406011817114e-06,3.1752730169244986e-06,4.592156159793093e-10,1.6759542431261323e-10,4.888490823254943e-10,1.6760579657073705e-10,1.081045718268958e-14,0.00015394685138924455,5.278190261482582e-05,3.404395969071683e-09
v32.24,25042000,dephasing,10,0.0003,2.8577592887927886e-07,2.8577457152320485e-07,1.2398821631441347e-11,1.3575229369321665e-12,1.2472924548902979e-11,1.357530497951551e-12,1.0578074516456588e-17,4.3645819288621584e-05,4.750331853614643e-06,3.701527472219367e-11
v32.24,25042000,dephasing,11,0.01,0.00018943900518508732,0.000191075284663177,7.512181574680141e-07,1.6477047517789795e-06,1.801734771582216e-06,1.6378126731288434e-06,9.898672613065845e-09,0.009510896501076269,0.008645593717770286,5.225255803784738e-05
v32.24,25042000,dephasing,11,0.003,1.7183448797036333e-05,1.7196775619685932e-05,2.0282890251636378e-08,1.3346408489409734e-08,2.427544289323607e-08,1.3339160632711466e-08,7.290579098143724e-12,0.0014127223923420373,0.0007762795926631504,4.2427915282065764e-07
v32.24,25042000,dephasing,11,0.001,1.910588238335815e-06,1.91075284663177e-06,7.512181574680141e-10,1.6477047517789797e-10,7.69070830519766e-10,1.647605285604649e-10,1.0451419293841444e-14,0.0004025309143479559,8.623549818561467e-05,5.470262552723015e-09
v32.24,25042000,dephasing,11,0.0003,1.719664227962647e-07,1.7196775619685928e-07,2.0282890251636373e-11,1.3346408489409727e-12,2.0326745150863447e-11,1.3346335974344505e-12,1.0641357252222074e-17,0.00011820182580029203,7.76101273569924e-06,6.188043618741377e-11
v32.24,25042000,dephasing,12,0.01,0.0003080796805905664,0.00030673797250910137,6.109025978428001e-07,1.3346829734568852e-06,1.4767918799897619e-06,1.3420474048418587e-06,9.137923507356638e-09,0.004793538727250233,0.004356169813826252,2.9660909443426783e-05
v32.24,25042000,dephasing,12,0.003,2.7617231144919892e-05,2.760641752581912e-05,1.64943701417556e-08,1.081093208500077e-08,1.9735428452433234e-08,1.081627465389568e-08,1.4116159635708668e-11,0.000714605615199897,0.00039164949582157156,5.111359484821235e-07
v32.24,25042000,dephasing,12,0.001,3.0675131680292677e-06,3.0673797250910134e-06,6.109025978428001e-10,1.3346829734568855e-10,6.253666022015993e-10,1.3347562284070337e-10,5.423819809938714e-14,0.0002038676178213011,4.351264869270476e-05,1.7681488270263115e-08
v32.24,25042000,dephasing,12,0.0003,2.760652560920866e-07,2.7606417525819116e-07,1.6494370141755594e-11,1.0810932085000765e-12,1.652989195819026e-11,1.081098548534031e-12,1.30692428172355e-16,5.987675592424572e-05,3.916097823528401e-06,4.734113594097482e-10
v32.24,25042000,dephasing,13,0.01,0.00016936822115883193,0.00017083425418460316,3.007977897977964e-07,1.474308249063808e-06,1.495784091345427e-06,1.466478153530679e-06,9.93915988326513e-09,0.00883155104960744,0.008658520137348727,5.8683735444940875e-05
v32.24,25042000,dephasing,13,0.003,1.5363150318490208e-05,1.5375082876614284e-05,8.121540324540502e-09,1.1941896817416844e-08,1.4428749274813926e-08,1.1936160464162691e-08,1.6002590269250196e-11,0.0009391790730217818,0.0007769344318526268,1.0416216685708267e-06
v32.24,25042000,dephasing,13,0.001,1.7081951633632788e-06,1.7083425418460316e-06,3.007977897977964e-10,1.4743082490638082e-10,3.3492662597794287e-10,1.4742295268923118e-10,6.200257201773639e-14,0.00019607046850460765,8.630334276264368e-05,3.629712420895692e-08
v32.24,25042000,dephasing,13,0.0003,1.5374963494240362e-07,1.5375082876614283e-07,8.1215403245405e-12,1.194189681741684e-12,8.208718856012644e-12,1.194183942574096e-12,1.495634897579513e-16,5.339016810731111e-05,7.767068474806143e-06,9.727729748040019e-10
v32.24,25042000,dephasing,14,0.01,0.00032239411417201396,0.0003211423181357789,1.0567725417720912e-07,1.2471369151680827e-06,1.2580174240652808e-06,1.253360745642643e-06,6.7068924986846684e-09,0.0039021103945900927,0.003887666339261734,2.0803396227966477e-05
v32.24,25042000,dephasing,14,0.003,2.8912902399672497e-05,2.89028086322201e-05,2.853285862784646e-09,1.0101809012861471e-08,1.0503016129897204e-08,1.0106326575370717e-08,7.516299807876215e-12,0.0003632639845253368,0.00034954382772326564,2.599635174627558e-07
v32.24,25042000,dephasing,14,0.001,3.2115477463169215e-06,3.2114231813577884e-06,1.0567725417720911e-10,1.247136915168083e-10,1.6348685383406157e-10,1.2471988609476926e-10,2.546221978992119e-14,5.090593905121048e-05,3.8834822318242336e-05,7.928332941374408e-09
v32.24,25042000,dephasing,14,0.0003,2.890290952528236e-07,2.8902808632220094e-07,2.8532858627846453e-12,1.0101809012861467e-12,3.0268890302954835e-12,1.0101854169591283e-12,6.017726824223784e-17,1.047261012822173e-05,3.4950993984722704e-06,2.0820488051418745e-10
v32.24,25042000,dephasing,15,0.01,0.00019104937448802617,0.0001924279006160242,8.470886303175299e-08,1.3859423916016385e-06,1.3816329259999922e-06,1.378912652091164e-06,7.307881968760533e-09,0.007231810780341417,0.007217572189316883,3.825127398791116e-05
v32.24,25042000,dephasing,15,0.003,1.730729321309363e-05,1.731851105544218e-05,2.28713930185733e-09,1.1226133371973273e-08,1.1452668896054035e-08,1.1220985767722215e-08,7.0752716220809924e-12,0.0006617250170228614,0.0006483385720439006,4.088028980018828e-07
v32.24,25042000,dephasing,15,0.001,1.9241404578065016e-06,1.924279006160242e-06,8.470886303175298e-11,1.385942391601639e-10,1.6243573237952696e-10,1.3858717519737373e-10,2.11881132779448e-14,8.441989342332205e-05,7.202549826085022e-05,1.1011728999295099e-08
v32.24,25042000,dephasing,15,0.0003,1.7318398826070092e-07,1.7318511055442174e-07,2.2871393018573297e-12,1.1226133371973267e-12,2.5478376104998434e-12,1.1226081873463881e-12,4.881395288309989e-17,1.471173886274336e-05,6.482170774682012e-06,2.818618128231246e-10
v32.24,25042000,dephasing,16,0.01,0.0003916634227323853,0.0003898199751438385,1.8996785185391375e-07,1.8385030815111745e-06,1.859007725457604e-06,1.8491243976032116e-06,1.0745684333389064e-08,0.0047464420151580545,0.004721207777593968,2.7436017023043138e-05
v32.24,25042000,dephasing,16,0.003,3.509865180543739e-05,3.508379776294546e-05,5.12913200005567e-09,1.4891874960240513e-08,1.575886910132114e-08,1.4899578154485167e-08,8.501238289534072e-12,0.00044898787533713234,0.0004245057114181509,2.42209824373285e-07
v32.24,25042000,dephasing,16,0.001,3.898383050620623e-06,3.898199751438384e-06,1.8996785185391372e-10,1.8385030815111748e-10,2.643826179037377e-10,1.8386087017972954e-10,1.8069746123367888e-14,6.781853257381878e-05,4.716336691194542e-05,4.635189997681522e-09
v32.24,25042000,dephasing,16,0.0003,3.508394622754202e-07,3.508379776294546e-07,5.129132000055669e-12,1.4891874960240508e-12,5.340979540494635e-12,1.4891951953331502e-12,3.641258648483995e-17,1.5223428703985971e-05,4.2446627459601e-06,1.037870319623706e-10
v32.24,25042000,dephasing,17,0.01,0.00024008330844114276,0.00024210925556859323,9.037848316803665e-08,2.037825446402827e-06,2.0288928800448425e-06,2.026957714072308e-06,1.1050304425672006e-08,0.008450786909004266,0.008442726515363827,4.6026958298023565e-05
v32.24,25042000,dephasing,17,0.003,2.1773342942971462e-05,2.178983300117339e-05,2.4402190455369894e-09,1.6506386115862897e-08,1.6677271279699585e-08,1.649841889738165e-08,9.12501626528698e-12,0.0007659490471160327,0.0007577347649643949,4.1909119280338064e-07
v32.24,25042000,dephasing,17,0.001,2.4208888874857412e-06,2.421092555685932e-06,9.037848316803664e-11,2.037825446402827e-10,2.2290787023344356e-10,2.03771610262205e-10,2.118734859526483e-14,9.20768695274357e-05,8.417222752996143e-05,8.751888079121773e-09
v32.24,25042000,dephasing,17,0.0003,2.1789668021889207e-07,2.1789833001173386e-07,2.4402190455369887e-12,1.650638611586289e-12,2.9460209046441265e-12,1.65063064001282e-12,4.4770419513156615e-17,1.3520265208651402e-05,7.575290446621991e-06,2.054662763479539e-10
v32.24,25042000,dephasing,18,0.01,0.0003722311976238504,0.00037046961614830014,2.7458361993987825e-07,1.758307365026366e-06,1.7902218683134697e-06,1.7687473502208674e-06,1.0634528997220729e-08,0.004809435317999693,0.004751743973938031,2.8569687509017463e-05
v32.24,25042000,dephasing,18,0.003,3.335645782492396e-05,3.334226545334701e-05,7.413757738376712e-09,1.4242289656713565e-08,1.606516485846967e-08,1.4249861275814551e-08,8.855111631800675e-12,0.00048162082865003047,0.0004271994751543148,2.6546918375679965e-07
v32.24,25042000,dephasing,18,0.001,3.704871293448361e-06,3.704696161483001e-06,2.7458361993987823e-10,1.7583073650263662e-10,3.2607743700536743e-10,1.7584111811633313e-10,2.145340201869454e-14,8.80131619098342e-05,4.746213948843187e-05,5.790593065036406e-09
v32.24,25042000,dephasing,18,0.0003,3.3342407302641545e-07,3.3342265453347005e-07,7.413757738376711e-12,1.4242289656713558e-12,7.549365851862712e-12,1.4242365333671593e-12,4.621145615486113e-17,2.264193398916525e-05,4.271546803563654e-06,1.3859663981490633e-10
v32.24,25042000,dephasing,19,0.01,0.00022805088305125117,0.00022994503419496493,1.6042997148431514e-07,1.907690419508211e-06,1.9028684551970142e-06,1.896262316607444e-06,1.162994484766977e-08,0.008344052124408445,0.008315084297135943,5.0997148934766924e-05
v32.24,25042000,dephasing,19,0.003,2.067962650211615e-05,2.0695053077546845e-05,4.331609230076509e-09,1.545229239801651e-08,1.6038550921028526e-08,1.5443917376399296e-08,9.713793211010209e-12,0.0007755725626566465,0.0007468180034498649,4.697276911658049e-07
v32.24,25042000,dephasing,19,0.001,2.299259798763913e-06,2.2994503419496492e-06,1.6042997148431513e-10,1.9076904195082115e-10,2.4923837112489365e-10,1.907575482530733e-10,2.3179135904921517e-14,0.00010839939499611342,8.296476472803333e-05,1.0081129551946532e-08
v32.24,25042000,dephasing,19,0.0003,2.0694898729118824e-07,2.069505307754684e-07,4.331609230076507e-12,1.5452292398016503e-12,4.59892625097159e-12,1.5452208603348596e-12,4.9591920928862775e-17,2.222251150473453e-05,7.466675148115857e-06,2.3963355210375736e-10
v32.24,25042000,dephasing,20,0.01,0.0003355780142026133,0.00033438471422315313,2.696191718671919e-07,1.2172724313040484e-06,1.2528242114844215e-06,1.2233882462382955e-06,6.177846241088903e-09,0.0037333322162398834,0.003645615011893018,1.840956790857842e-05
v32.24,25042000,dephasing,20,0.003,3.010424649872675e-05,3.009462428008378e-05,7.27971764041418e-09,9.859906693562793e-09,1.226019182948061e-08,9.864343822156711e-09,4.566320980531569e-12,0.0004072578873548338,0.00032767283587629146,1.5168361648662094e-07
v32.24,25042000,dephasing,20,0.001,3.3439658880743085e-06,3.343847142231531e-06,2.6961917186719187e-10,1.2172724313040486e-10,2.95830087981134e-10,1.2173332717042076e-10,7.197573767986092e-15,8.846683784549424e-05,3.640387828253936e-05,2.152406456553587e-09
v32.24,25042000,dephasing,20,0.0003,3.0094720459889817e-07,3.0094624280083776e-07,7.279717640414179e-12,9.859906693562789e-13,7.346196468756111e-12,9.859951043383095e-13,1.0183616501824772e-17,2.4410249892658437e-05,3.2763059077170755e-06,3.383854824435892e-11
v32.24,25042000,dephasing,21,0.01,0.00019459182239425993,0.00019634699758592724,3.521778892474376e-08,1.7689138990310533e-06,1.7620741942498745e-06,1.7616859975819927e-06,7.68874301778109e-09,0.009055232499337814,0.009053237571374731,3.9512158954979256e-05
v32.24,25042000,dephasing,21,0.003,1.765696049606329e-05,1.7671229782733454e-05,9.508803009680813e-10,1.4328202582151533e-08,1.4354725421083133e-08,1.432290344011569e-08,7.2020057742444564e-12,0.0008129782826598945,0.0008111760482960277,4.0788479851048993e-07
v32.24,25042000,dephasing,21,0.001,1.9632937546386915e-06,1.9634699758592725e-06,3.521778892474375e-11,1.7689138990310537e-10,1.8035954415098267e-10,1.7688411721329204e-10,2.074751999333841e-14,9.186579630523735e-05,9.009559409811516e-05,1.056771048362888e-08
v32.24,25042000,dephasing,21,0.0003,1.767108703827273e-07,1.767122978273345e-07,9.50880300968081e-13,1.4328202582151526e-12,1.7196558183274934e-12,1.4328149561513378e-12,4.7335083546802435e-17,9.731465951149445e-06,8.108244575153137e-06,2.6786741214211817e-10
v32.24,25042000,dephasing,22,0.01,0.00029768311470487063,0.00029707423731170765,3.0939282497577753e-07,6.549786898848246e-07,7.270415124392186e-07,6.575329741678885e-07,2.720975306025891e-09,0.002442333731827628,0.002208835307369653,9.140509392759894e-06
v32.24,25042000,dephasing,22,0.003,2.6741595621030457e-05,2.6736681358053687e-05,8.353606274345991e-09,5.305327388067079e-09,9.898606492040246e-09,5.307182958305741e-09,2.8564212317138385e-12,0.000370157661207608,0.00019846171610388125,1.0681566172018008e-07
v32.24,25042000,dephasing,22,0.001,2.9708030239530477e-06,2.970742373117076e-06,3.093928249757775e-10,6.549786898848246e-11,3.162583163259372e-10,6.550041357119031e-11,9.254123362065483e-15,0.00010645549832015236,2.2048049986172868e-05,3.1150242165001046e-09
v32.24,25042000,dephasing,22,0.0003,2.673673048347368e-07,2.673668135805368e-07,8.35360627434599e-12,5.305327388067076e-13,8.370456332069992e-12,5.305345937578223e-13,2.1689294554281985e-17,3.13069555652808e-05,1.9842912134890713e-06,8.112171593938317e-11
v32.24,25042000,dephasing,23,0.01,0.0001985371729498948,0.00019968541372170114,8.3001566214925e-09,1.1660641238617014e-06,1.1609439899208807e-06,1.1609158250917147e-06,5.258422820628425e-09,0.005847489277052768,0.0058473474153109715,2.6485835083163513e-05
v32.24,25042000,dephasing,23,0.003,1.7962349487068698e-05,1.7971687234953103e-05,2.2410422878029748e-10,9.445119403279782e-09,9.44399786972184e-09,9.441350800666604e-09,3.978070291506716e-12,0.0005257662911258176,0.0005256189234856799,2.2146714684348918e-07
v32.24,25042000,dephasing,23,0.001,1.9967388160450067e-06,1.9968541372170114e-06,8.3001566214925e-12,1.1660641238617014e-10,1.1689613602797256e-10,1.166012409588279e-10,6.817542522986049e-15,5.8543528622091804e-05,5.839584026807424e-05,3.414338654711854e-09
v32.24,25042000,dephasing,23,0.0003,1.7971593821086012e-07,1.79716872349531e-07,2.2410422878029743e-13,9.445119403279777e-13,9.707296574551283e-13,9.445081702485864e-13,1.1204528173137958e-17,5.401466709737087e-06,5.255561524768038e-06,6.234576790841846e-11
v32.24,25042000,dephasing,24,0.01,0.0002384924833452394,0.00023713177441735318,3.222284867689068e-07,1.440304045749746e-06,1.5045282807669767e-06,1.471119531589555e-06,3.2069145831813304e-08,0.006308493499097144,0.006168410471285071,0.00013446606526961406
v32.24,25042000,dephasing,24,0.003,2.1352681449351542e-05,2.1341859697561784e-05,8.700169142760482e-09,1.1666462770572943e-08,1.4561606839702044e-08,1.1688585976790913e-08,2.7606192343221998e-11,0.0006819568246846236,0.0005474060016544612,1.2928677088497645e-06
v32.24,25042000,dephasing,24,0.001,2.3714511324865284e-06,2.3713177441735313e-06,3.2222848676890677e-10,1.4403040457497463e-10,3.5290631741581856e-10,1.4406071089305213e-10,7.252258115849274e-14,0.00014881450120618218,6.074791460788008e-05,3.058152038851036e-08
v32.24,25042000,dephasing,24,0.0003,2.1341967722447176e-07,2.1341859697561782e-07,8.70016914276048e-12,1.1666462770572939e-12,8.777887898412382e-12,1.1666683669472497e-12,1.6104754065468345e-16,4.1129702811704307e-05,5.466545456912882e-06,7.546049302909214e-10
v32.24,25042000,dephasing,25,0.01,0.00012246509395548268,0.00012133689305273699,2.2075216665612097e-07,1.3544039266916178e-06,1.3456834033963868e-06,1.3262020055116122e-06,2.995058183359392e-08,0.01098830172690315,0.01082922457883142,0.0002445642334989043
v32.24,25042000,dephasing,25,0.003,1.0929598351272402e-05,1.0920320374746328e-05,5.960308499715265e-09,1.0970671806202105e-08,1.2476051522804733e-08,1.094978660006569e-08,2.9816937289587696e-11,0.0011414922233946771,0.0010018471171715964,2.7280908530473554e-06
v32.24,25042000,dephasing,25,0.001,1.213483626342067e-06,1.2133689305273698e-06,2.2075216665612094e-10,1.354403926691618e-10,2.590422065777577e-10,1.3541170402728833e-10,9.090083115020596e-14,0.00021346988204415761,0.00011158923045008383,7.490898861504874e-08
v32.24,25042000,dephasing,25,0.0003,1.0920413292455186e-07,1.0920320374746327e-07,5.960308499715264e-12,1.09706718062021e-12,6.060617661898371e-12,1.0970462633227861e-12,2.1027351692996785e-16,5.5498061287530175e-05,1.0045830995066143e-05,1.925508781570052e-09
v32.24,25042000,dephasing,26,0.01,0.00024696480441267245,0.0002455821420040952,3.157134933442506e-07,1.479340492599929e-06,1.5446754103359826e-06,1.5140688670359848e-06,3.658092824170553e-08,0.006254637838008957,0.00613070704806184,0.0001481220302978057
v32.24,25042000,dephasing,26,0.003,2.2113371424263575e-05,2.210239278036857e-05,8.524264320294764e-09,1.1982657990059425e-08,1.4712877582704275e-08,1.2007643167028198e-08,3.370847732661389e-11,0.0006653385094667557,0.0005430037300351671,1.5243481728719012e-06
v32.24,25042000,dephasing,26,0.001,2.455956722470538e-06,2.455821420040952e-06,3.1571349334425055e-10,1.4793404925999293e-10,3.4858613865437846e-10,1.4796828152880841e-10,9.722967919857384e-14,0.00014193496793531553,6.024873328385104e-05,3.9589329204778044e-08
v32.24,25042000,dephasing,26,0.0003,2.210250235358531e-07,2.2102392780368565e-07,8.524264320294763e-12,1.1982657990059419e-12,8.607858251519871e-12,1.1982907509914264e-12,2.2195709401985365e-16,3.8945175138160614e-05,5.421516223917734e-06,1.00421703601289e-09
v32.24,25042000,dephasing,27,0.01,0.00014485293614711724,0.00014374558802109254,2.3775794372909987e-07,1.341271624319538e-06,1.333440875493319e-06,1.310138261127048e-06,3.376124641384518e-08,0.009205480475307963,0.009044609629427392,0.00023307257216765141
v32.24,25042000,dephasing,27,0.003,1.2946227503489877e-05,1.293710292189833e-05,6.419464480685695e-09,1.0864300156988258e-08,1.2613194941101552e-08,1.0841280984571174e-08,3.672893650037923e-11,0.0009742757060079045,0.0008374085023338823,2.8370377772581488e-06
v32.24,25042000,dephasing,27,0.001,1.4375686990530182e-06,1.4374558802109254e-06,2.3775794372909987e-10,1.3412716243195383e-10,2.7306409701210824e-10,1.3409554782500335e-10,1.2075660563708084e-13,0.00018994855494000812,9.327940147370853e-05,8.400058078381079e-08
v32.24,25042000,dephasing,27,0.0003,1.2937194320805756e-07,1.2937102921898327e-07,6.419464480685694e-12,1.0864300156988252e-12,6.511015217092545e-12,1.0864069654782166e-12,2.8379696797243544e-16,5.032787678408331e-05,8.397546937445652e-06,2.193651582677626e-09
v32.24,25042000,dephasing,28,0.01,0.0007544169538836834,0.0007542886475801146,7.033659115146859e-08,1.2784431276155045e-07,1.583080645072235e-07,1.355655983644017e-07,1.450724136549707e-08,0.00020984160508623933,0.00017969585342232823,1.9229739324938088e-05
v32.24,25042000,dephasing,28,0.003,6.788696652079023e-05,6.788597828221032e-05,1.8990879610896516e-09,1.0355389333685587e-09,2.1926973118627585e-09,1.043318945964767e-09,3.093094934853438e-11,3.229923834041472e-05,1.5368472026883877e-05,4.5562426683274833e-07
v32.24,25042000,dephasing,28,0.001,7.54289859937204e-06,7.542886475801146e-06,7.033659115146859e-11,1.2784431276155048e-11,7.161063254333061e-11,1.2795259216986755e-11,1.2347745418151314e-13,9.493781680863684e-06,1.6963318608117023e-06,1.6370027059861693e-08
v32.24,25042000,dephasing,28,0.0003,6.788598809510786e-07,6.788597828221031e-07,1.899087961089651e-12,1.0355389333685582e-13,1.90220485437457e-12,1.0356179946216345e-13,2.9894098681857584e-16,2.8020581385802216e-06,1.5255254046987427e-07,4.403574216225023e-10
v32.24,25042000,dephasing,29,0.01,0.0007523916068537486,0.0007523518075247102,7.239973162937628e-08,6.48331668703211e-08,8.587877293148253e-08,6.224427410236818e-08,1.2830986315664451e-08,0.00011414105653118459,8.272855988207129e-05,1.7053601075268993e-05
v32.24,25042000,dephasing,29,0.003,6.77119983760782e-05,6.771166267722392e-05,1.954792753993159e-09,5.25148651649601e-10,1.9928806142240254e-09,5.24301077283549e-10,3.199991005289615e-11,2.943172055202679e-05,7.743104469780027e-06,4.7258847501687856e-07
v32.24,25042000,dephasing,29,0.001,7.523522222982486e-06,7.523518075247102e-06,7.239973162937628e-11,6.483316687032112e-12,7.255787719487115e-11,6.482332934790072e-12,1.3205702238818137e-13,9.644136754620717e-06,8.616087974045136e-07,1.755255297642108e-08
v32.24,25042000,dephasing,29,0.0003,6.771166603706764e-07,6.771166267722391e-07,1.9547927539931586e-12,5.2514865164960076e-14,1.9551774112504595e-12,5.251416336381889e-14,3.2099987403075226e-16,2.887504510936313e-06,7.755556233850586e-08,4.740687872825728e-10
v32.24,25042000,dephasing,30,0.01,0.0011396457810816465,0.0011391614159650552,7.319491661639546e-08,4.243408559433721e-07,5.097871536224447e-07,5.009611970045447e-07,8.03655583531582e-08,0.00044732070445485417,0.00043957623089612856,7.05180150598045e-05
v32.24,25042000,dephasing,30,0.003,0.00010252791977958845,0.00010252452743685496,1.9762627486426773e-09,3.4371609331413143e-09,4.046715107228978e-09,3.49665574079244e-09,8.706621623224651e-11,3.946939639396263e-05,3.410442490503513e-05,8.491951891681694e-07
v32.24,25042000,dephasing,30,0.001,1.1391655427607556e-05,1.139161415965055e-05,7.319491661639545e-11,4.243408559433722e-11,8.486420569745816e-11,4.251548153085433e-11,2.7273778745427e-13,7.44968158813781e-06,3.7321600711182425e-06,2.3941892307705592e-08
v32.24,25042000,dephasing,30,0.0003,1.025245608075902e-06,1.0252452743685494e-06,1.9762627486426765e-12,3.437160933141313e-13,2.006542542228587e-12,3.437754099701151e-13,6.349384836772982e-16,1.957133516518353e-06,3.3531029761276907e-07,6.193037830894974e-10
v32.24,25042000,dephasing,31,0.01,0.0011385109300890033,0.0011389448135618319,9.520462422058879e-08,5.116921146140527e-07,4.437936675871039e-07,4.386071745283277e-07,7.925200605745071e-08,0.00038980185069669045,0.00038524634497276146,6.961022855639617e-05
v32.24,25042000,dephasing,31,0.003,0.0001025010039015868,0.00010250503322056487,2.570524853955897e-09,4.144706128373827e-09,4.79017445971607e-09,4.084324010672814e-09,9.302643615477277e-11,4.6732951652992675e-05,3.984667325399322e-05,9.075660980266032e-07
v32.24,25042000,dephasing,31,0.001,1.1389397753657053e-05,1.1389448135618318e-05,9.520462422058878e-11,5.116921146140528e-11,1.0779940716847445e-10,5.108552960197708e-11,2.997664982878275e-13,9.464890901177003e-06,4.485358287322425e-06,2.6319784835995798e-08
v32.24,25042000,dephasing,31,0.0003,1.0250499235181566e-06,1.0250503322056486e-06,2.570524853955896e-12,4.144706128373825e-13,2.6030473928104547e-12,4.1440953839750847e-13,7.011374108068706e-16,2.539434746628072e-06,4.0428229775890334e-07,6.840031833770986e-10
v32.24,25042000,dephasing,32,0.01,0.0011385109300889992,0.0011389448135618288,9.52046242206408e-08,5.116921146140859e-07,4.437936675882855e-07,4.386071745292871e-07,7.925200605655751e-08,0.00038980185069772977,0.00038524634497360557,6.961022855561189e-05
v32.24,25042000,dephasing,32,0.003,0.00010250100390158649,0.0001025050332205646,2.5705248539573014e-09,4.144706128374095e-09,4.79017445976069e-09,4.08432401072246e-09,9.30264361247286e-11,4.673295165342814e-05,3.9846673254477685e-05,9.07566097733495e-07
v32.24,25042000,dephasing,32,0.001,1.1389397753657021e-05,1.1389448135618287e-05,9.520462422064079e-11,5.116921146140859e-11,1.0779940717179385e-10,5.1085529607472555e-11,2.997664967081124e-13,9.464890901468478e-06,4.485358287804946e-06,2.6319784697295377e-08
v32.24,25042000,dephasing,32,0.0003,1.0250499235181534e-06,1.0250503322056458e-06,2.5705248539573005e-12,4.144706128374093e-13,2.603047392793346e-12,4.144095388283841e-13,7.011374847359328e-16,2.5394347466113895e-06,4.042822981792506e-07,6.840032554995024e-10
v32.24,25042000,dephasing,33,0.01,0.0011396457810816504,0.001139161415965059,7.319491661600103e-08,4.243408559434161e-07,5.097871536226063e-07,5.009611970046572e-07,8.036555835321673e-08,0.0004473207044549945,0.0004395762308962258,7.05180150598556e-05
v32.24,25042000,dephasing,33,0.003,0.0001025279197795888,0.0001025245274368553,1.9762627486320277e-09,3.437160933141671e-09,4.046715107236028e-09,3.4966557408025607e-09,8.70662162362894e-11,3.946939639403126e-05,3.410442490513372e-05,8.491951892075986e-07
v32.24,25042000,dephasing,33,0.001,1.1391655427607594e-05,1.1391614159650587e-05,7.319491661600103e-11,4.2434085594341615e-11,8.486420569857977e-11,4.2515481531859286e-11,2.7273778901496563e-13,7.449681588236244e-06,3.7321600712064487e-06,2.3941892444708923e-08
v32.24,25042000,dephasing,33,0.0003,1.0252456080759056e-06,1.0252452743685528e-06,1.9762627486320273e-12,3.437160933141669e-13,2.006542542132091e-12,3.4377541032562616e-13,6.349383735492218e-16,1.957133516424226e-06,3.3531029795952487e-07,6.193036756732082e-10
v32.24,25042000,dephasing,34,0.01,0.0007523916068537485,0.0007523518075247099,7.23997316295016e-08,6.483316687040272e-08,8.58787729320357e-08,6.224427410252346e-08,1.2830986315521366e-08,0.00011414105653191981,8.272855988227769e-05,1.705360107507882e-05
v32.24,25042000,dephasing,34,0.003,6.771199837607814e-05,6.771166267722389e-05,1.9547927539965426e-09,5.251486516502621e-10,1.9928806142141885e-09,5.243010772737954e-10,3.1999910066967055e-11,2.943172055188154e-05,7.743104469635988e-06,4.725884752246841e-07
v32.24,25042000,dephasing,34,0.001,7.523522222982485e-06,7.523518075247098e-06,7.23997316295016e-11,6.483316687040273e-12,7.255787719394603e-11,6.4823329366660125e-12,1.320570235886351e-13,9.644136754497754e-06,8.61608797653857e-07,1.755255313598115e-08
v32.24,25042000,dephasing,34,0.0003,6.771166603706758e-07,6.771166267722388e-07,1.9547927539965425e-12,5.251486516502618e-14,1.955177411167171e-12,5.2514163359614427e-14,3.2099995938368654e-16,2.8875045108133112e-06,7.755556233229655e-08,4.740689133360869e-10
v32.24,25042000,dephasing,35,0.01,0.0007544169538836838,0.0007542886475801152,7.033659115127802e-08,1.278443127616578e-07,1.5830806450728892e-07,1.355655983644476e-07,1.4507241365446568e-08,0.0002098416050863259,0.00017969585342238894,1.9229739324871135e-05
v32.24,25042000,dephasing,35,0.003,6.788696652079026e-05,6.788597828221037e-05,1.899087961084506e-09,1.0355389333694281e-09,2.1926973118502094e-09,1.04331894594598e-09,3.0930949341974297e-11,3.229923834022985e-05,1.536847202660713e-05,4.556242667361157e-07
v32.24,25042000,dephasing,35,0.001,7.542898599372042e-06,7.542886475801151e-06,7.033659115127801e-11,1.2784431276165782e-11,7.161063254281166e-11,1.2795259214285883e-11,1.2347745408306093e-13,9.493781680794881e-06,1.6963318604536335e-06,1.6370027046809382e-08
v32.24,25042000,dephasing,35,0.0003,6.788598809510789e-07,6.788597828221035e-07,1.899087961084506e-12,1.0355389333694277e-13,1.9022048543582604e-12,1.035617992686403e-13,2.989409981021638e-16,2.802058138556195e-06,1.5255254018480337e-07,4.40357438243882e-10
v32.24,25042000,dephasing,36,0.01,0.0001448529361471192,0.00014374558802109365,2.3775794373169558e-07,1.341271624319392e-06,1.3334408754953234e-06,1.3101382611267608e-06,3.376124641393282e-08,0.009205480475321678,0.009044609629425288,0.00023307257216825325
v32.24,25042000,dephasing,36,0.003,1.2946227503489991e-05,1.293710292189843e-05,6.41946448075578e-09,1.0864300156987075e-08,1.2613194941168739e-08,1.0841280984558766e-08,3.672893650590611e-11,0.0009742757060130857,0.0008374085023329165,2.837037777685034e-06
v32.24,25042000,dephasing,36,0.001,1.4375686990530286e-06,1.4374558802109364e-06,2.3775794373169556e-10,1.341271624319392e-10,2.730640970142352e-10,1.3409554782354756e-10,1.2075660569517132e-13,0.0001899485549414863,9.327940147269518e-05,8.400058082421903e-08
v32.24,25042000,dephasing,36,0.0003,1.293719432080586e-07,1.2937102921898428e-07,6.419464480755778e-12,1.0864300156987069e-12,6.511015217126048e-12,1.0864069654946306e-12,2.837969295437767e-16,5.032787678434188e-05,8.39754693757246e-06,2.1936512856374796e-09
v32.24,25042000,dephasing,37,0.01,0.0002469648044126663,0.00024558214200409093,3.157134933469765e-07,1.4793404925999233e-06,1.5446754103353388e-06,1.514068867035928e-06,3.6580928241649856e-08,0.006254637838006506,0.006130707048061762,0.00014812203029758396
v32.24,25042000,dephasing,37,0.003,2.2113371424263145e-05,2.210239278036818e-05,8.524264320368364e-09,1.1982657990059379e-08,1.471287758273064e-08,1.2007643167034731e-08,3.370847732593571e-11,0.0006653385094679609,0.0005430037300354732,1.5243481728412623e-06
v32.24,25042000,dephasing,37,0.001,2.4559567224704936e-06,2.4558214200409088e-06,3.157134933469765e-10,1.4793404925999236e-10,3.4858613865643416e-10,1.4796828152869119e-10,9.722967898671452e-14,0.00014193496793615514,6.02487332838044e-05,3.95893291185153e-08
v32.24,25042000,dephasing,37,0.0003,2.2102502353584907e-07,2.2102392780368178e-07,8.524264320368362e-12,1.1982657990059372e-12,8.607858251659225e-12,1.198290750923048e-12,2.219570114691269e-16,3.8945175138791816e-05,5.4215162236084625e-06,1.004216662522498e-09
v32.24,25042000,dephasing,38,0.01,0.00012246509395548476,0.0001213368930527385,2.2075216665745378e-07,1.3544039266915714e-06,1.3456834033966254e-06,1.326202005511623e-06,2.9950581833509064e-08,0.010988301726904912,0.010829224578831323,0.0002445642334982072
v32.24,25042000,dephasing,38,0.003,1.0929598351272551e-05,1.0920320374746465e-05,5.960308499751251e-09,1.097067180620173e-08,1.247605152282172e-08,1.0949786600067111e-08,2.981693728682422e-11,0.0011414922233962158,0.0010018471171717128,2.728090852794475e-06
v32.24,25042000,dephasing,38,0.001,1.2134836263420836e-06,1.2133689305273848e-06,2.2075216665745373e-10,1.3544039266915718e-10,2.5904220657981666e-10,1.3541170402792614e-10,9.090083153308021e-14,0.00021346988204585144,0.0001115892304506079,7.490898893056434e-08
v32.24,25042000,dephasing,38,0.0003,1.0920413292455324e-07,1.0920320374746463e-07,5.96030849975125e-12,1.0970671806201725e-12,6.060617661999397e-12,1.097046263332946e-12,2.1027358767883613e-16,5.5498061288454586e-05,1.0045830995159052e-05,1.925509429428917e-09
v32.24,25042000,dephasing,39,0.01,0.00023849248334523916,0.00023713177441735293,3.222284867696209e-07,1.4403040457497563e-06,1.5045282807666458e-06,1.4711195315895682e-06,3.206914583181492e-08,0.006308493499095763,0.006168410471285132,0.00013446606526962095
v32.24,25042000,dephasing,39,0.003,2.135268144935153e-05,2.1341859697561764e-05,8.700169142779762e-09,1.1666462770573025e-08,1.45616068397094e-08,1.1688585976798606e-08,2.760619234792019e-11,0.0006819568246849685,0.0005474060016548219,1.2928677090697936e-06
v32.24,25042000,dephasing,39,0.001,2.3714511324865267e-06,2.371317744173529e-06,3.222284867696209e-10,1.4403040457497564e-10,3.5290631741613346e-10,1.4406071089332585e-10,7.25225815042373e-14,0.00014881450120631507,6.074791460799555e-05,3.058152053430489e-08
v32.24,25042000,dephasing,39,0.0003,2.1341967722447168e-07,2.134185969756176e-07,8.70016914277976e-12,1.1666462770573021e-12,8.77788789843971e-12,1.1666683670326636e-12,1.610475460733019e-16,4.112970281183237e-05,5.466545457313099e-06,7.546049556804197e-10
v32.24,25042000,dephasing,40,0.01,0.00019853717294989246,0.00019968541372169816,8.300156620894798e-09,1.1660641238616455e-06,1.1609439899201929e-06,1.1609158250917609e-06,5.258422820513774e-09,0.005847489277049372,0.005847347415311273,2.648583508258634e-05
v32.24,25042000,dephasing,40,0.003,1.7962349487068434e-05,1.7971687234952835e-05,2.2410422876415952e-10,9.445119403279327e-09,9.443997869715324e-09,9.441350800680757e-09,3.978070275825713e-12,0.0005257662911254625,0.0005256189234864756,2.214671459704996e-07
v32.24,25042000,dephasing,40,0.001,1.996738816044978e-06,1.9968541372169813e-06,8.300156620894797e-12,1.1660641238616456e-10,1.1689613602668844e-10,1.1660124095834425e-10,6.8175429210678765e-15,5.854352862144954e-05,5.8395840267832865e-05,3.414338854077902e-09
v32.24,25042000,dephasing,40,0.0003,1.7971593821085742e-07,1.797168723495283e-07,2.2410422876415946e-13,9.445119403279323e-13,9.70729657430514e-13,9.445081702585797e-13,1.1204517375787206e-17,5.401466709600206e-06,5.2555615248237225e-06,6.234570782832378e-11
v32.24,25042000,dephasing,41,0.01,0.0002976831147048674,0.0002970742373117034,3.0939282497477496e-07,6.549786898848022e-07,7.270415124395204e-07,6.575329741678118e-07,2.720975305949897e-09,0.002442333731828669,0.002208835307369419,9.140509392504708e-06
v32.24,25042000,dephasing,41,0.003,2.6741595621030104e-05,2.6736681358053308e-05,8.353606274318922e-09,5.3053273880668984e-09,9.898606492033968e-09,5.307182958304996e-09,2.8564212344117753e-12,0.0003701576612073781,0.00019846171610385605,1.0681566182107064e-07
v32.24,25042000,dephasing,41,0.001,2.9708030239530053e-06,2.970742373117034e-06,3.093928249747749e-10,6.549786898848023e-11,3.1625831632543864e-10,6.550041357022098e-11,9.254123590407012e-15,0.00010645549831998605,2.20480499858469e-05,3.1150242933620365e-09
v32.24,25042000,dephasing,41,0.0003,2.67367304834733e-07,2.67366813580533e-07,8.35360627431892e-12,5.305327388066895e-13,8.370456332019211e-12,5.305345937351165e-13,2.1689271658001214e-17,3.130695556509132e-05,1.9842912134041757e-06,8.1121630303331e-11
v32.24,25042000,dephasing,42,0.01,0.0001945918223942656,0.0001963469975859321,3.521778892520794e-08,1.7689138990310764e-06,1.7620741942490698e-06,1.7616859975819338e-06,7.688743017885904e-09,0.009055232499333416,0.009053237571374164,3.951215895551674e-05
v32.24,25042000,dephasing,42,0.003,1.7656960496063752e-05,1.7671229782733887e-05,9.508803009806142e-10,1.432820258215172e-08,1.4354725421057095e-08,1.4322903440109987e-08,7.2020057794890845e-12,0.0008129782826583986,0.0008111760482956836,4.0788479880750823e-07
v32.24,25042000,dephasing,42,0.001,1.9632937546387415e-06,1.963469975859321e-06,3.521778892520793e-11,1.7689138990310767e-10,1.803595441494775e-10,1.7688411721254652e-10,2.074752023637747e-14,9.186579630446834e-05,9.009559409773314e-05,1.0567710607420102e-08
v32.24,25042000,dephasing,42,0.0003,1.7671087038273174e-07,1.7671229782733884e-07,9.50880300980614e-13,1.4328202582151712e-12,1.7196558182406415e-12,1.4328149560578017e-12,4.73351063982867e-17,9.731465950657709e-06,8.108244574623616e-06,2.678675414577795e-10
v32.24,25042000,dephasing,43,0.01,0.00033557801420261825,0.0003343847142231574,2.6961917186713136e-07,1.2172724313040768e-06,1.252824211485195e-06,1.2233882462383673e-06,6.1778462411379324e-09,0.003733332216242134,0.0036456150118931783,1.840956790872425e-05
v32.24,25042000,dephasing,43,0.003,3.0104246498727153e-05,3.0094624280084167e-05,7.2797176404125456e-09,9.859906693563023e-09,1.2260191829498728e-08,9.864343822162096e-09,4.566320986946292e-12,0.00040725788735543024,0.0003276728358764659,1.5168361669970256e-07
v32.24,25042000,dephasing,43,0.001,3.343965888074353e-06,3.343847142231574e-06,2.6961917186713133e-10,1.217272431304077e-10,2.958300879811899e-10,1.2173332717129224e-10,7.197574393747372e-15,8.846683784550978e-05,3.6403878282799485e-05,2.1524066436850366e-09
v32.24,25042000,dephasing,43,0.0003,3.0094720459890214e-07,3.009462428008416e-07,7.279717640412544e-12,9.859906693563019e-13,7.346196468756628e-12,9.859951044331305e-13,1.018367545776533e-17,2.4410249892659833e-05,3.2763059080321078e-06,3.3838744145631714e-11
v32.24,25042000,dephasing,44,0.01,0.00022805088305131297,0.00022994503419502583,1.604299714823797e-07,1.907690419508952e-06,1.9028684551959476e-06,1.896262316608374e-06,1.1629944847477028e-08,0.008344052124401508,0.008315084297137768,5.099714893390794e-05
v32.24,25042000,dephasing,44,0.003,2.067962650212166e-05,2.0695053077552323e-05,4.3316092300242515e-09,1.545229239802251e-08,1.6038550920985555e-08,1.544391737642143e-08,9.713793200952449e-12,0.000775572562654362,0.0007468180034507363,4.6972769067931894e-07
v32.24,25042000,dephasing,44,0.001,2.2992597987645224e-06,2.299450341950258e-06,1.6042997148237968e-10,1.9076904195089523e-10,2.4923837112341636e-10,1.907575482540145e-10,2.3179134856802135e-14,0.00010839939499544217,8.296476472842068e-05,1.0081129096093075e-08
v32.24,25042000,dephasing,44,0.0003,2.069489872912431e-07,2.069505307755232e-07,4.33160923002425e-12,1.5452292398022505e-12,4.598926250913634e-12,1.5452208603628693e-12,4.959191653333219e-17,2.2222511504448587e-05,7.4666751482492234e-06,2.3963353086401226e-10
v32.24,25042000,dephasing,45,0.01,0.0003722311976239247,0.000370469616148372,2.74583619938069e-07,1.7583073650271528e-06,1.7902218683154676e-06,1.7687473502216852e-06,1.0634528997208931e-08,0.004809435318004101,0.004751743973939279,2.8569687508980065e-05
v32.24,25042000,dephasing,45,0.003,3.335645782493049e-05,3.334226545335348e-05,7.413757738327862e-09,1.4242289656719937e-08,1.60651648584998e-08,1.4249861275836457e-08,8.855111643427586e-12,0.0004816208286508394,0.00042719947515488783,2.6546918410531315e-07
v32.24,25042000,dephasing,45,0.001,3.704871293449082e-06,3.7046961614837196e-06,2.74583619938069e-10,1.758307365027153e-10,3.2607743700483726e-10,1.7584111811628683e-10,2.1453402060057826e-14,8.801316190967397e-05,4.746213948841014e-05,5.790593076199847e-09
v32.24,25042000,dephasing,45,0.0003,3.334240730264802e-07,3.3342265453353475e-07,7.41375773832786e-12,1.4242289656719932e-12,7.549365851833995e-12,1.42423653345728e-12,4.621146232301577e-17,2.2641933989074726e-05,4.271546803833113e-06,1.3859665831430745e-10
v32.24,25042000,dephasing,46,0.01,0.0002400833084411272,0.0002421092555685773,9.037848316625035e-08,2.037825446402652e-06,2.0288928800444207e-06,2.0269577140721053e-06,1.1050304425674302e-08,0.008450786909003057,0.008442726515363529,4.602695829803611e-05
v32.24,25042000,dephasing,46,0.003,2.1773342942970025e-05,2.1789833001171954e-05,2.4402190454887594e-09,1.650638611586148e-08,1.667727127969964e-08,1.6498418897393322e-08,9.125016254079612e-12,0.0007659490471160857,0.000757734764964981,4.1909119228867943e-07
v32.24,25042000,dephasing,46,0.001,2.420888887485582e-06,2.4210925556857725e-06,9.037848316625035e-11,2.037825446402652e-10,2.2290787023321857e-10,2.0377161026294924e-10,2.118734846790785e-14,9.207686952734882e-05,8.417222753027439e-05,8.751888026514821e-09
v32.24,25042000,dephasing,46,0.0003,2.1789668021887777e-07,2.178983300117195e-07,2.4402190454887586e-12,1.6506386115861473e-12,2.946020904638842e-12,1.6506306400244645e-12,4.47703895023318e-17,1.3520265208628036e-05,7.5752904466759285e-06,2.0546613861835723e-10
v32.24,25042000,dephasing,47,0.01,0.00039166342273235817,0.00038981997514381185,1.8996785185191412e-07,1.8385030815108914e-06,1.8590077254568168e-06,1.8491243976027667e-06,1.0745684333234378e-08,0.004746442015156374,0.004721207777593159,2.743601702265009e-05
v32.24,25042000,dephasing,47,0.003,3.509865180543497e-05,3.508379776294306e-05,5.129132000001681e-09,1.489187496023822e-08,1.5758869101285566e-08,1.4899578154468525e-08,8.5012382761205e-12,0.0004489878753361498,0.00042450571141770604,2.4220982399113394e-07
v32.24,25042000,dephasing,47,0.001,3.898383050620357e-06,3.898199751438118e-06,1.899678518519141e-10,1.8385030815108918e-10,2.6438261790228673e-10,1.8386087018031358e-10,1.806974593892115e-14,6.781853257345121e-05,4.716336691209846e-05,4.635189950368186e-09
v32.24,25042000,dephasing,47,0.0003,3.5083946227539613e-07,3.508379776294306e-07,5.129132000001679e-12,1.4891874960238214e-12,5.340979540474527e-12,1.4891951952701342e-12,3.641261236346325e-17,1.5223428703929701e-05,4.244662745780777e-06,1.0378710572438595e-10
v32.24,25042000,dephasing,48,0.01,0.00019104937448808553,0.00019242790061608432,8.47088630315757e-08,1.385942391602264e-06,1.3816329260006813e-06,1.3789126520917112e-06,7.307881968826716e-09,0.007231810780342777,0.007217572189317505,3.8251273988245696e-05
v32.24,25042000,dephasing,48,0.003,1.730729321309903e-05,1.7318511055447587e-05,2.2871393018525436e-09,1.122613337197834e-08,1.1452668896060076e-08,1.1220985767725633e-08,7.075271621287469e-12,0.0006617250170230039,0.0006483385720438958,4.0880289795590615e-07
v32.24,25042000,dephasing,48,0.001,1.924140457807102e-06,1.924279006160843e-06,8.470886303157569e-11,1.3859423916022644e-10,1.6243573237975081e-10,1.3858717519759648e-10,2.1188113310337938e-14,8.441989342341204e-05,7.202549826094351e-05,1.1011729016126782e-08
v32.24,25042000,dephasing,48,0.0003,1.7318398826075502e-07,1.7318511055447584e-07,2.2871393018525428e-12,1.1226133371978334e-12,2.5478376105146478e-12,1.1226081873537174e-12,4.881396706702964e-17,1.4711738862824246e-05,6.482170774722308e-06,2.8186189472396684e-10
v32.24,25042000,dephasing,49,0.01,0.0003223941141720769,0.00032114231813584163,1.0567725417706715e-07,1.2471369151686922e-06,1.2580174240653854e-06,1.2533607456431034e-06,6.706892498524458e-09,0.0039021103945896555,0.003887666339262403,2.0803396227465474e-05
v32.24,25042000,dephasing,49,0.003,2.8912902399678142e-05,2.8902808632225747e-05,2.853285862780813e-09,1.0101809012866408e-08,1.0503016129893206e-08,1.0106326575374968e-08,7.516299812889353e-12,0.0003632639845251276,0.0003495438277233444,2.5996351763609263e-07
v32.24,25042000,dephasing,49,0.001,3.2115477463175474e-06,3.211423181358416e-06,1.0567725417706714e-10,1.2471369151686925e-10,1.634868538329588e-10,1.247198860931871e-10,2.546222000706864e-14,5.0905939050857176e-05,3.883482231774212e-05,7.928333008987442e-09
v32.24,25042000,dephasing,49,0.0003,2.8902909525288e-07,2.890280863222574e-07,2.853285862780812e-12,1.0101809012866402e-12,3.0268890302580597e-12,1.010185416815226e-12,6.017728227704007e-17,1.0472610128090205e-05,3.4950993979737063e-06,2.082049290725877e-10
v32.24,25042000,dephasing,50,0.01,0.00016936822115884797,0.00017083425418461948,3.0079778979877533e-07,1.474308249063973e-06,1.4957840913458907e-06,1.4664781535307097e-06,9.939159883321045e-09,0.008831551049609341,0.008658520137348087,5.868373544526545e-05
v32.24,25042000,dephasing,50,0.003,1.536315031849167e-05,1.537508287661575e-05,8.121540324566934e-09,1.1941896817418183e-08,1.4428749274830807e-08,1.1936160464156726e-08,1.6002590270053124e-11,0.0009391790730227912,0.0007769344318521644,1.0416216686229906e-06
v32.24,25042000,dephasing,50,0.001,1.70819516336344e-06,1.7083425418461945e-06,3.007977897987753e-10,1.4743082490639733e-10,3.3492662597928756e-10,1.4742295269027425e-10,6.200257203911641e-14,0.00019607046850537635,8.630334276324618e-05,3.6297124221469645e-08
v32.24,25042000,dephasing,50,0.0003,1.537496349424182e-07,1.537508287661575e-07,8.121540324566932e-12,1.1941896817418176e-12,8.208718856098764e-12,1.1941839426334646e-12,1.495634325927938e-16,5.339016810786618e-05,7.767068475191543e-06,9.727726029971243e-10
v32.24,25042000,dephasing,51,0.01,0.00030807968059058487,0.00030673797250911964,6.109025978441207e-07,1.334682973457088e-06,1.476791879990573e-06,1.3420474048420113e-06,9.137923507331658e-09,0.004793538727252578,0.004356169813826486,2.9660909443343923e-05
v32.24,25042000,dephasing,51,0.003,2.7617231144921532e-05,2.7606417525820768e-05,1.6494370141791255e-08,1.0810932085002415e-08,1.9735428452457897e-08,1.0816274653888033e-08,1.4116159628831985e-11,0.0007146056152007475,0.00039164949582127145,5.111359482330933e-07
v32.24,25042000,dephasing,51,0.001,3.0675131680294503e-06,3.0673797250911963e-06,6.109025978441206e-10,1.3346829734570884e-10,6.253666022024235e-10,1.334756228400656e-10,5.423819752505764e-14,0.00020386761782155766,4.351264869249427e-05,1.7681488083032385e-08
v32.24,25042000,dephasing,51,0.0003,2.760652560921031e-07,2.760641752582076e-07,1.6494370141791254e-11,1.0810932085002409e-12,1.652989195819142e-11,1.0810985485065505e-12,1.306924031530964e-16,5.987675592424635e-05,3.916097823428624e-06,4.734112687816599e-10
v32.24,25042000,dephasing,52,0.01,0.00018943900518507596,0.00019107528466316413,7.512181574705972e-07,1.6477047517788232e-06,1.8017347715819113e-06,1.6378126731287417e-06,9.898672613015733e-09,0.00951089650107523,0.008645593717770267,5.225255803758598e-05
v32.24,25042000,dephasing,52,0.003,1.7183448797035215e-05,1.719677561968477e-05,2.0282890251706122e-08,1.3346408489408467e-08,2.427544289327086e-08,1.3339160632706375e-08,7.290579101484656e-12,0.0014127223923441538,0.0007762795926629046,4.242791530151126e-07
v32.24,25042000,dephasing,52,0.001,1.910588238335687e-06,1.910752846631641e-06,7.512181574705971e-10,1.6477047517788233e-10,7.690708305226035e-10,1.6476052856078322e-10,1.0451418698999058e-14,0.00040253091434946806,8.623549818578705e-05,5.4702622413834634e-09
v32.24,25042000,dephasing,52,0.0003,1.7196642279625307e-07,1.719677561968477e-07,2.0282890251706115e-11,1.334640848940846e-12,2.0326745150942872e-11,1.3346335974682502e-12,1.0641326098487153e-17,0.00011820182580076188,7.761012735896313e-06,6.188025502568641e-11
v32.24,25042000,dephasing,53,0.01,0.0003192134654394264,0.0003175273016924428,4.592156159819104e-07,1.6759542431260528e-06,1.747864256842601e-06,1.6863852302383136e-06,1.0436214749570066e-08,0.005475534230476482,0.005282938888297994,3.269352918807377e-05
v32.24,25042000,dephasing,53,0.003,2.8591038197873017e-05,2.8577457152319852e-05,1.2398821631511578e-08,1.3575229369321029e-08,1.8391328304677186e-08,1.3582794189481363e-08,7.601447991678223e-12,0.0006432550010039642,0.0004750717373562123,2.6586820454262903e-07
v32.24,25042000,dephasing,53,0.001,3.175440601181641e-06,3.175273016924428e-06,4.5921561598191033e-10,1.675954243126053e-10,4.888490823287817e-10,1.6760579656998998e-10,1.0810456651382558e-14,0.00015394685139028322,5.278190261459173e-05,3.4043958017541828e-09
v32.24,25042000,dephasing,53,0.0003,2.857759288792725e-07,2.8577457152319844e-07,1.2398821631511575e-11,1.3575229369321023e-12,1.247292454900545e-11,1.3575304979380359e-12,1.0578103947437588e-17,4.364581928898112e-05,4.750331853567456e-06,3.701537770840861e-11
v32.24,25042000,dephasing,54,0.01,0.00023108963050382777,0.00023337666526378897,1.58824963132629e-07,2.3032106812481916e-06,2.2934488780445772e-06,2.2876348152067033e-06,1.621484996300716e-08,0.009924499308101098,0.009899339967003888,7.016693015456865e-05
v32.24,25042000,dephasing,54,0.003,2.098526014005711e-05,2.100389987374101e-05,4.288274004580982e-09,1.865600651811035e-08,1.913383829222576e-08,1.864459171305558e-08,1.5862746407724568e-11,0.0009117751299972062,0.000888461309920404,7.558994409340402e-07
v32.24,25042000,dephasing,54,0.001,2.3335364072081823e-06,2.3337666526378897e-06,1.5882496313262898e-10,2.3032106812481918e-10,2.797860630686462e-10,2.3030540269322473e-10,4.798117422636659e-14,0.00011989787783228941,9.869372596108737e-05,2.0561570875069716e-08
v32.24,25042000,dephasing,54,0.0003,2.100371336339577e-07,2.1003899873741003e-07,4.288274004580981e-12,1.8656006518110344e-12,4.676607215372387e-12,1.865589231078025e-12,1.1080144789245589e-16,2.2265621009295177e-05,8.882187634160354e-06,5.275326604178247e-10
v32.24,25042000,dephasing,55,0.01,0.0003629631356733512,0.0003606744103213217,9.761051679179059e-08,2.2746071063735394e-06,2.292648104922685e-06,2.2903856830222456e-06,1.637490265503913e-08,0.006316476467147216,0.0063102432669181014,4.51145062560175e-05
v32.24,25042000,dephasing,55,0.003,3.2479119407536856e-05,3.246069692891895e-05,2.6354839533783455e-09,1.842431756162567e-08,1.8624646811954748e-08,1.8435759328590308e-08,1.5513823143546665e-11,0.0005734344758014854,0.0005676188167931747,4.77655288275662e-07
v32.24,25042000,dephasing,55,0.001,3.606971415833079e-06,3.6067441032132165e-06,9.761051679179058e-11,2.2746071063735398e-10,2.47551242745324e-10,2.2747639848482658e-10,4.5824752967326596e-14,6.863132922503314e-05,6.306576134379701e-05,1.2704495734614173e-08
v32.24,25042000,dephasing,55,0.0003,3.2460881040594103e-07,3.2460696928918945e-07,2.635483953378345e-12,1.8424317561625663e-12,3.2157295616693182e-12,1.8424431920261055e-12,1.0523246259120794e-16,9.906476529851032e-06,5.675887816236503e-06,3.241823980674123e-10
v32.24,25042000,dephasing,56,0.01,0.00012376952783809582,0.00012494623744344015,1.1234615533421305e-07,1.183309891899457e-06,1.1835952158624446e-06,1.1778966957102866e-06,6.5809659303265715e-09,0.009562896752831743,0.009516855370500446,5.317113222678849e-05
v32.24,25042000,dephasing,56,0.003,1.1235590101444842e-05,1.1245161369909612e-05,3.033346194023752e-09,9.584810124385602e-09,1.0052338591286777e-08,9.58086940213517e-09,9.931023132725699e-12,0.0008946871949337219,0.0008527250741287827,8.838897684108837e-07
v32.24,25042000,dephasing,56,0.001,1.2493441673636893e-06,1.2494623744344012e-06,1.1234615533421305e-10,1.183309891899457e-10,1.6319017016876668e-10,1.1832558424600667e-10,3.7908256071608115e-14,0.00013062066837284984,9.471015860720915e-05,3.034252455158168e-08
v32.24,25042000,dephasing,56,0.0003,1.12450656181968e-07,1.1245161369909611e-07,3.0333461940237514e-12,9.584810124385598e-13,3.1812608368576468e-12,9.584770723152344e-13,9.126318457278526e-17,2.8290282554774254e-05,8.523534720546439e-06,8.115842776862315e-10
v32.24,25042000,dephasing,57,0.01,0.0002184316591523419,0.00021726796598197572,1.3024855568538713e-07,1.161487166226893e-06,1.1744241552599696e-06,1.1667735266273544e-06,6.418291472361826e-09,0.005376620586125224,0.005341595312489046,2.938352204652479e-05
v32.24,25042000,dephasing,57,0.003,1.9563504050000078e-05,1.9554116938377814e-05,3.5167110035054515e-09,9.408046046437834e-09,1.0050515781948378e-08,9.411906178413395e-09,9.581279530358846e-12,0.0005137380172928856,0.00048109511232540973,4.897527306903289e-07
v32.24,25042000,dephasing,57,0.001,2.1727955078979503e-06,2.172679659819757e-06,1.302485556853871e-10,1.1614871662268933e-10,1.7454463064357066e-10,1.1615401244752326e-10,3.644672632578951e-14,8.0331825985977e-05,5.345832685372924e-05,1.677411711930937e-08
v32.24,25042000,dephasing,57,0.0003,1.9554210771433397e-07,1.955411693837781e-07,3.516711003505451e-12,9.40804604643783e-13,3.640465999896817e-12,9.4080846537059e-13,8.770299644121058e-17,1.8617299580380646e-05,4.811283239030082e-06,4.4851207479738963e-10
v32.24,25042000,dephasing,58,0.01,9.968863691181478e-05,0.00010066378678326294,7.212644602848882e-08,9.806135710799692e-07,9.786694535944135e-07,9.757816746007656e-07,5.7324996740292305e-09,0.009817261865664298,0.009788293880113421,5.750404310473457e-05
v32.24,25042000,dephasing,58,0.003,9.05180646462287e-06,9.059740810493664e-06,1.9474140427691982e-09,7.942969925747751e-09,8.176576783976827e-09,7.939442597152951e-09,8.30335626790958e-12,0.000903308838510114,0.000877111395187539,9.173148255391391e-07
v32.24,25042000,dephasing,58,0.001,1.0065398742144497e-06,1.0066378678326292e-06,7.212644602848883e-11,9.806135710799693e-11,1.2174466966242015e-10,9.805651795319857e-11,3.1317650656983285e-14,0.00012095364801859968,9.741940728351812e-05,3.1114167912547955e-08
v32.24,25042000,dephasing,58,0.0003,9.059661432093903e-08,9.059740810493662e-08,1.947414042769198e-12,7.942969925747747e-13,2.103239450390416e-12,7.94293464781359e-13,7.527276011873701e-17,2.321543101974736e-05,8.767363667339375e-06,8.308562155764765e-10
v32.24,25042000,dephasing,59,0.01,0.00019336612859032244,0.0001924012014820176,1.5748140488644448e-07,9.62103820460759e-07,9.801407482090818e-07,9.669116408663236e-07,5.689036192378396e-09,0.005068833695717564,0.00500041888367576,2.9421058557941883e-05
v32.24,25042000,dephasing,59,0.003,1.7323888721488488e-05,1.7316108133381584e-05,4.251997931934001e-09,7.793040945732148e-09,8.884133205103916e-09,7.796541310505447e-09,8.120234795675083e-12,0.0005128255755928558,0.0004500456817662795,4.6873048691445206e-07
v32.24,25042000,dephasing,59,0.001,1.9241080331821533e-06,1.9240120148201755e-06,1.5748140488644448e-10,9.621038204607592e-11,1.845731282240188e-10,9.621518307815565e-11,3.050955466260165e-14,9.592659301919013e-05,5.000508361218772e-05,1.5856466547849677e-08
v32.24,25042000,dephasing,59,0.0003,1.73161859047281e-07,1.731610813338158e-07,4.2519979319339995e-12,7.793040945732145e-13,4.322895906542872e-12,7.793075944532578e-13,7.329178269369114e-17,2.4964480806148696e-05,4.500457541521725e-06,4.2325592423721425e-10
v32.24,25042000,dephasing,60,0.01,3.9727272274678946e-05,3.963116777509529e-05,1.0892399801916075e-07,8.821269780503787e-08,1.4531177679017724e-07,9.597364709881009e-08,7.763880869418037e-09,0.0036577335535516974,0.002415812654723365,0.0001954294977953097
v32.24,25042000,dephasing,60,0.003,3.567526527148705e-06,3.566805099758576e-06,2.94094794651734e-09,7.145228522208068e-10,3.02826827994636e-09,7.203709070341888e-10,5.861760050831692e-12,0.000848842540315085,0.00020192447107322142,1.6430880068372246e-06
v32.24,25042000,dephasing,60,0.001,3.9632052010491347e-07,3.9631167775095286e-07,1.0892399801916074e-10,8.821269780503789e-12,1.0928284378159074e-10,8.829315200541302e-12,8.201603395462153e-15,0.00027574359196102567,2.2278218645363143e-05,2.0694369782546296e-08
v32.24,25042000,dephasing,60,0.0003,3.566812256134802e-08,3.5668050997585756e-08,2.9409479465173393e-12,7.145228522208064e-14,2.941819801388668e-12,7.145815226714683e-14,7.020232782503516e-18,8.24775623199352e-05,2.0034178178075145e-06,1.9682092239166614e-10
v32.24,25042000,dephasing,61,0.01,8.805211651418501e-05,8.797503615963473e-05,1.0910320070916104e-07,8.540402562074476e-08,1.3364906478359786e-07,7.702963232093046e-08,8.376474237155778e-09,0.001517840457157748,0.0008748186343541344,9.513086759029063e-05
v32.24,25042000,dephasing,61,0.003,7.918439538121467e-06,7.917753254367127e-06,2.9457864191473474e-09,6.917726075280326e-10,3.024911271362333e-09,6.858663357044211e-10,5.91708798240803e-12,0.0003820085077116026,8.661635065879821e-05,7.472542985169742e-07
v32.24,25042000,dephasing,61,0.001,8.797588990800429e-07,8.797503615963473e-07,1.0910320070916103e-10,8.540402562074478e-12,1.0943775091075312e-10,8.532324183527631e-12,8.205699207550918e-15,0.00012439516215771314,9.69848010909559e-06,9.327213644706015e-09
v32.24,25042000,dephasing,61,0.0003,7.91776017568425e-08,7.917753254367125e-08,2.945786419147347e-12,6.917726075280322e-14,2.946601913377738e-12,6.917137356634456e-14,6.84402391298352e-18,3.721509426904426e-05,8.736229947804247e-07,8.643888879081971e-11
v32.24,25042000,dephasing,62,0.01,4.077269786625607e-05,4.069452174799437e-05,1.0325975253178921e-07,6.999913142539475e-08,1.2956239415512914e-07,7.806131249824812e-08,8.064969942325694e-09,0.0031776752811433747,0.001914548621587597,0.0001978031958733923
v32.24,25042000,dephasing,62,0.003,3.6630809409832194e-06,3.6625069573194934e-06,2.7880133183583084e-09,5.669929645456974e-10,2.8465930057306758e-09,5.730623536223828e-10,6.078050208524702e-12,0.0007771034960987273,0.00015644272208425875,1.659272701436205e-06
v32.24,25042000,dephasing,62,0.001,4.0695223710556295e-07,4.069452174799437e-07,1.032597525317892e-10,6.9999131425394755e-12,1.0349851596970729e-10,7.008262374297581e-12,8.438824161897283e-15,0.00025432595408699004,1.722133885820032e-05,2.0736645218903815e-08
v32.24,25042000,dephasing,62,0.0003,3.662512637061197e-08,3.662506957319493e-08,2.7880133183583074e-12,5.669929645456971e-14,2.7885928657645805e-12,5.6705385004494977e-14,6.764811474164401e-18,7.613879164665899e-05,1.5482645556138045e-06,1.8470411284621506e-10
v32.24,25042000,dephasing,63,0.01,8.676920059502735e-05,8.67105992364166e-05,1.0370700745451391e-07,6.723624637359672e-08,1.1916582240907808e-07,5.855753341054628e-08,8.681403819756411e-09,0.0013733654521637642,0.0006748654247011946,0.00010005167455990062
v32.24,25042000,dephasing,63,0.003,7.804492787888236e-06,7.803953931277496e-06,2.800089201271875e-09,5.446135956261335e-10,2.8516475341069635e-09,5.384869004810746e-10,6.13348262832329e-12,0.00036538537629664095,6.899703992509936e-05,7.858912545658085e-07
v32.24,25042000,dephasing,63,0.001,8.671127121859199e-07,8.67105992364166e-07,1.037070074545139e-10,6.723624637359673e-12,1.0392526026478057e-10,6.71524408130852e-12,8.450710411807307e-15,0.00011985207782595358,7.74437277523004e-06,9.745803853461865e-09
v32.24,25042000,dephasing,63,0.0003,7.803959380511831e-08,7.803953931277493e-08,2.800089201271874e-12,5.4461359562613317e-14,2.800621269760562e-12,5.445525211071926e-14,6.642505051093471e-18,3.58871840972714e-05,6.977900506082305e-07,8.511711462365166e-11
v32.24,25042000,transverse,0,0.01,0.000162978759871641,0.0001629020563513946,1.3431438879058207e-19,1.056805785045506e-07,7.671381689033638e-08,7.671381689037023e-08,2.897015793884234e-08,0.0004706982489666429,0.0004706982489668506,0.00017775419301054133
v32.24,25042000,transverse,0,0.003,1.466202132379078e-05,1.4661185071625514e-05,3.626488497345715e-21,8.560126858868599e-10,8.364371771340715e-10,8.364371771349138e-10,1.957695321531543e-11,5.7047876187225155e-05,5.70478761872826e-05,1.3352151646069168e-06
v32.24,25042000,transverse,0,0.001,1.6290311025095212e-06,1.629020563513946e-06,1.3431438879058205e-22,1.0568057850455063e-11,1.0541383301138159e-11,1.0541383301190922e-11,2.6676448303776427e-14,6.470952755229268e-06,6.470952755261658e-06,1.637565314909051e-08
v32.24,25042000,transverse,0,0.0003,1.4661193627865742e-07,1.466118507162551e-07,3.626488497345714e-24,8.560126858868596e-14,8.558183755972369e-14,8.558183755972593e-14,1.9432404351355852e-17,5.837303546490437e-07,5.83730354649059e-07,1.3254312605504184e-10
v32.24,25042000,transverse,1,0.01,0.00013666974867316777,0.0001365361188958686,1.3696194998892898e-19,1.0923125271492514e-07,1.33735909195901e-07,1.3373590919586667e-07,2.4506833155610162e-08,0.000978533365973455,0.0009785333659732037,0.00017931424761902383
v32.24,25042000,transverse,1,0.003,1.2289154100637416e-05,1.2288250700628175e-05,3.697972649701082e-21,8.847731469908937e-10,9.040354453383588e-10,9.040354453375012e-10,1.9264670415838927e-11,7.356368371127091e-05,7.356368371120113e-05,1.5676156599614698e-06
v32.24,25042000,transverse,1,0.001,1.3653721311084633e-06,1.365361188958686e-06,1.3696194998892897e-22,1.0923125271492517e-11,1.0949724373115565e-11,1.0949724373115182e-11,2.6602482052974777e-14,8.019589768707336e-06,8.019589768707057e-06,1.9483686129859574e-08
v32.24,25042000,transverse,1,0.0003,1.228825954418988e-07,1.2288250700628172e-07,3.697972649701081e-24,8.847731469908933e-14,8.849672010413755e-14,8.849672010412849e-14,1.9407881136997142e-17,7.201729405689552e-07,7.201729405688815e-07,1.579384050866142e-10
v32.24,25042000,transverse,2,0.01,0.00015664103287058934,0.00015653227843132902,2.6303680308748444e-19,1.3592544467106004e-07,1.0877447166359725e-07,1.0877447166357708e-07,2.7155327189427106e-08,0.0006944187590582503,0.0006944187590581215,0.00017336024087546569
v32.24,25042000,transverse,2,0.003,1.4088987383228844e-05,1.4087905058819611e-05,7.101993683362078e-21,1.1009961018355864e-09,1.082609365589768e-09,1.082609365589353e-09,1.83888050958961e-11,7.684082156809065e-05,7.68408215680612e-05,1.3051899753835854e-06
v32.24,25042000,transverse,2,0.001,1.5653363481565834e-06,1.5653227843132899e-06,2.630368030874844e-22,1.3592544467106007e-11,1.356748516273275e-11,1.3567485162733142e-11,2.5062044684744686e-14,8.667456792088476e-06,8.667456792088726e-06,1.6010645069514276e-08
v32.24,25042000,transverse,2,0.0003,1.408791606399391e-07,1.4087905058819609e-07,7.101993683362077e-24,1.1009961018355859e-13,1.1008135536763108e-13,1.1008135536764014e-13,1.8256806504645294e-17,7.813884954140131e-07,7.813884954140775e-07,1.2959195967461993e-10
v32.24,25042000,transverse,3,0.01,0.0001265248144644831,0.00012636725165564384,2.5549013451276996e-19,1.347000541562751e-07,1.577112430438523e-07,1.5771124304386684e-07,2.301343454113748e-08,0.001246484681375475,0.00124648468137559,0.00018188870411343385
v32.24,25042000,transverse,3,0.003,1.1374160811199863e-05,1.1373052649007945e-05,6.898233631844789e-21,1.0910704386658283e-09,1.109115914706193e-09,1.1091159147070642e-09,1.8047821510915295e-11,9.751188972236731e-05,9.751188972244391e-05,1.586738732684704e-06
v32.24,25042000,transverse,3,0.001,1.2636860000009566e-06,1.2636725165564383e-06,2.5549013451276994e-22,1.3470005415627513e-11,1.3494919006153655e-11,1.3494919006154246e-11,2.491691703283192e-14,1.067901282924986e-05,1.0679012829250327e-05,1.9717649030544818e-08
v32.24,25042000,transverse,3,0.0003,1.1373063552263406e-07,1.1373052649007944e-07,6.898233631844786e-24,1.0910704386658279e-13,1.0912521917531788e-13,1.0912521917536641e-13,1.8177743081349386e-17,9.595059297246287e-07,9.595059297250554e-07,1.598315440498154e-10
v32.24,25042000,transverse,4,0.01,0.0008557683448889259,0.0008309670938201249,4.299453705094366e-17,2.396253695805109e-05,2.4802132552653435e-05,2.4802132552655657e-05,8.396204263131103e-07,0.02898229725460646,0.02898229725460906,0.0009811305025802146
v32.24,25042000,transverse,4,0.003,7.498173727764957e-05,7.478703844381125e-05,1.1608525003754785e-18,1.9409654936021386e-07,1.9470554840242506e-07,1.9470554840248597e-07,6.090180019828371e-10,0.0025967062843776302,0.0025967062843784425,8.122217810554414e-06
v32.24,25042000,transverse,4,0.001,8.312067944298316e-06,8.309670938201249e-06,4.299453705094365e-20,2.3962536958051097e-09,2.3970885165760696e-09,2.397088516578183e-09,8.348468487786362e-13,0.0002883865402255715,0.00028838654022582573,1.0043792403685794e-07
v32.24,25042000,transverse,4,0.0003,7.478897940344256e-07,7.478703844381122e-07,1.1608525003754782e-21,1.9409654936021375e-11,1.9410263471818232e-11,1.941026347187105e-11,6.085548441831694e-16,2.5953373915040712e-05,2.595337391511133e-05,8.136958801113916e-10
v32.24,25042000,transverse,5,0.01,0.00016271717864382293,0.00018620478071958738,4.251089194350112e-17,2.4306334482574044e-05,2.3490437195889843e-05,2.3490437195889257e-05,8.159260725586982e-07,0.1443635969580621,0.1443635969580585,0.0050143818824729385
v32.24,25042000,transverse,5,0.003,1.656217126277964e-05,1.6758430264762862e-05,1.14779408247453e-18,1.9688130930884977e-07,1.9627920227326937e-07,1.962792022732539e-07,6.021284025412787e-10,0.011851054983012397,0.011851054983011464,3.635564401477051e-05
v32.24,25042000,transverse,5,0.001,1.8596182471083694e-06,1.8620478071958736e-06,4.2510891943501113e-20,2.430633448257405e-09,2.4298067526432425e-09,2.429806752642704e-09,8.267249557098259e-13,0.0013066158908805574,0.001306615890880268,4.4456702712793314e-07
v32.24,25042000,transverse,5,0.0003,1.6756461711492264e-07,1.6758430264762862e-07,1.1477940824745297e-21,1.9688130930884968e-11,1.9687528207648716e-11,1.9687528207628634e-11,6.027446450456114e-16,0.00011749215643864842,0.00011749215643852857,3.597087830494815e-09
v32.24,25042000,transverse,6,0.01,0.0005885308388219868,0.0005755802136810337,2.805433431185921e-17,1.2682224076823628e-05,1.2950790337526818e-05,1.295079033754267e-05,2.6856722862514973e-07,0.022005287545253088,0.02200528754528002,0.000456335014088163
v32.24,25042000,transverse,6,0.003,5.1905141965651805e-05,5.1802219231293035e-05,7.574670264201986e-19,1.0272601502227139e-07,1.0292410115960726e-07,1.0292410116003498e-07,1.9808679286336418e-10,0.0019829268789538657,0.001982926878962106,3.816323111002143e-06
v32.24,25042000,transverse,6,0.001,5.7570706142432075e-06,5.755802136810337e-06,2.805433431185921e-20,1.268222407682363e-09,1.2684943366728464e-09,1.2684943366884835e-09,2.7192989904614764e-13,0.00022033676876127663,0.00022033676876399277,4.723407393568926e-08
v32.24,25042000,transverse,6,0.0003,5.18032464975737e-07,5.180221923129303e-07,7.574670264201984e-22,1.0272601502227133e-11,1.027279975478566e-11,1.0272799755234749e-11,1.9825363063025157e-16,1.9830416912706047e-05,1.983041691357296e-05,3.8270503112104594e-10
v32.24,25042000,transverse,7,0.01,7.576604260120024e-05,8.725328228909717e-05,2.9121895421157304e-17,1.1757895419808956e-05,1.1488689798291587e-05,1.1488689798274624e-05,2.6920578587066455e-07,0.15163375839441812,0.1516337583941942,0.003553119268583786
v32.24,25042000,transverse,7,0.003,7.757761734732278e-06,7.852795406018745e-06,7.86291176371247e-19,9.523895290045254e-08,9.504418308535872e-08,9.504418308490011e-08,1.9476996066398785e-10,0.01225149551317571,0.012251495513116595,2.5106463349084724e-05
v32.24,25042000,transverse,7,0.001,8.713574288486582e-07,8.725328228909717e-07,2.9121895421157297e-20,1.1757895419808959e-09,1.1755226152097098e-09,1.1755226151927344e-09,2.6692699105906306e-13,0.0013490705149125212,0.0013490705148930396,3.063346707352446e-07
v32.24,25042000,transverse,7,0.0003,7.851843139980816e-08,7.852795406018744e-08,7.8629117637124685e-22,9.523895290045251e-12,9.523700721948235e-12,9.523700721488813e-12,1.945687093967393e-16,0.00012129254943281385,0.00012129254942696272,2.4780004634327767e-09
v32.24,25042000,transverse,8,0.01,0.0008524600556249404,0.0008370536948896215,1.6269174351029098e-17,1.5085559027027242e-05,1.54188511997264e-05,1.5418851199727437e-05,3.334249010911764e-07,0.018087476472340755,0.01808747647234197,0.00039113258022012757
v32.24,25042000,transverse,8,0.003,7.545716642509196e-05,7.533483254006593e-05,4.392677074777855e-19,1.2219302811892066e-07,1.2243195629726745e-07,1.224319562972943e-07,2.3902223490936535e-10,0.0016225358318856093,0.0016225358318859649,3.167654528170603e-06
v32.24,25042000,transverse,8,0.001,8.372044624606321e-06,8.370536948896214e-06,1.6269174351029096e-20,1.5085559027027243e-09,1.5088831685927967e-09,1.5088831685937515e-09,3.273945876593233e-13,0.00018022875369751734,0.0001802287536976314,3.910569070512072e-08
v32.24,25042000,transverse,8,0.0003,7.533605351646268e-07,7.533483254006592e-07,4.392677074777855e-22,1.221930281189206e-11,1.221954134841474e-11,1.2219541348444349e-11,2.386303502131313e-16,1.6220044425003607e-05,1.622004442504291e-05,3.167545140401933e-10
v32.24,25042000,transverse,9,0.01,0.0004217035967214655,0.0004374683517071794,1.563246299425169e-17,1.6098181390453148e-05,1.5766325906359216e-05,1.5766325906358434e-05,3.320727462659663e-07,0.0373872218044487,0.03738722180444685,0.0007874553331953197
v32.24,25042000,transverse,9,0.003,3.9242016113904415e-05,3.9372151653646145e-05,4.2207650084479556e-19,1.303952692626705e-07,1.3014935212001024e-07,1.3014935211998792e-07,2.460804225362967e-10,0.0033165816899477576,0.003316581689947189,6.270840464007259e-06
v32.24,25042000,transverse,9,0.001,4.3730742084974634e-06,4.374683517071793e-06,1.5632462994251688e-20,1.609818139045315e-09,1.609480316858017e-09,1.6094803168572845e-09,3.3804676330686663e-13,0.000368043220883511,0.0003680432208833435,7.730185841575634e-08
v32.24,25042000,transverse,9,0.0003,3.9370847864808903e-07,3.9372151653646133e-07,4.220765008447955e-22,1.3039526926267044e-11,1.3039280613474012e-11,1.3039280613463839e-11,2.464765635068421e-16,3.311912575072836e-05,3.311912575070252e-05,6.260382411707009e-10
v32.24,25042000,transverse,10,0.01,0.0008092748189388367,0.0007936159557222267,8.314208903179873e-18,1.5254011494800973e-05,1.568568183683063e-05,1.568568183682748e-05,4.320273730663598e-07,0.019382392074670646,0.019382392074666754,0.0005338450708658606
v32.24,25042000,transverse,10,0.003,7.154909279668183e-05,7.14254360150004e-05,2.2448364038585656e-19,1.235574931078879e-07,1.2386487910340725e-07,1.2386487910332255e-07,3.0763500369325844e-10,0.0017311872766212297,0.0017311872766200458,4.299635280735878e-06
v32.24,25042000,transverse,10,0.001,7.937682819643079e-06,7.936159557222266e-06,8.314208903179873e-21,1.5254011494800976e-09,1.5258219424809349e-09,1.5258219424780966e-09,4.21133251136275e-13,0.00019222510865577066,0.0001922251086554131,5.305493564118142e-08
v32.24,25042000,transverse,10,0.0003,7.142666954826781e-07,7.142543601500038e-07,2.2448364038585653e-22,1.2355749310788783e-11,1.2356055997784422e-11,1.2356055997708237e-11,3.0693485075198477e-16,1.7298939004057306e-05,1.7298939003950644e-05,4.2972023292303753e-10
v32.24,25042000,transverse,11,0.01,0.0001977252596310408,0.000212671668408643,8.986988624420262e-18,1.5371408086805917e-05,1.4950473202604421e-05,1.4950473202608084e-05,4.2133830060186097e-07,0.07561235843362803,0.07561235843364655,0.002130928043225668
v32.24,25042000,transverse,11,0.003,1.901628453608969e-05,1.9140450156777868e-05,2.4264869285934706e-19,1.2450840550312791e-07,1.24194189167488e-07,1.2419418916758727e-07,3.1452423162923633e-10,0.006530938729476227,0.006530938729481447,1.653973104116751e-05
v32.24,25042000,transverse,11,0.001,2.1251803233984243e-06,2.12671668408643e-06,8.986988624420261e-21,1.537140808680592e-09,1.5367088774803989e-09,1.5367088774840563e-09,4.323552670555159e-13,0.0007230957583039413,0.0007230957583056623,2.0344403827536232e-07
v32.24,25042000,transverse,11,0.0003,1.9139205385838052e-07,1.9140450156777865e-07,2.42648692859347e-22,1.2450840550312788e-11,1.2450525596965715e-11,1.2450525597069355e-11,3.1526253467102603e-16,6.505246872045383e-05,6.505246872099534e-05,1.647208064888121e-09
v32.24,25042000,transverse,12,0.01,0.0005129529895879036,0.0005158830350075908,1.0536041059506641e-17,2.9601738898783754e-06,2.935318050248333e-06,2.935318050249445e-06,2.4882173272418564e-08,0.005722391934213133,0.005722391934215301,4.850770690001907e-05
v32.24,25042000,transverse,12,0.003,4.64055573073615e-05,4.642947315068317e-05,2.8447310860667925e-19,2.397740850801484e-08,2.3959165060268915e-08,2.3959165060297932e-08,1.8262907362539363e-11,0.0005162994789951197,0.000516299478995745,3.935500061248536e-07
v32.24,25042000,transverse,12,0.001,5.158534893236346e-06,5.1588303500759075e-06,1.053604105950664e-20,2.960173889878376e-10,2.959923486715037e-10,2.9599234867271923e-10,2.5067040749823997e-14,5.737915024275524e-05,5.737915024299088e-05,4.859333370544967e-09
v32.24,25042000,transverse,12,0.0003,4.6429233812248096e-07,4.6429473150683163e-07,2.844731086066792e-22,2.397740850801483e-12,2.397722595017725e-12,2.397722595042985e-12,1.8275248644519498e-17,5.164251912305308e-06,5.164251912359714e-06,3.9361512443693316e-11
v32.24,25042000,transverse,13,0.01,0.0006590181617778711,0.000655214437495395,1.078898132259733e-17,3.837830160328443e-06,3.850407756472302e-06,3.850407756471456e-06,1.3109187409918923e-08,0.005842642858407478,0.005842642858406194,1.989199717129725e-05
v32.24,25042000,transverse,13,0.003,5.9000020166665366e-05,5.896929937458555e-05,2.9130249571012786e-19,3.108642429866039e-08,3.109558491663459e-08,3.109558491661098e-08,9.544748225776191e-12,0.0005270436319986785,0.0005270436319982783,1.6177533836113693e-07
v32.24,25042000,transverse,13,0.001,6.552523547072259e-06,6.552144374953949e-06,1.0788981322597329e-20,3.837830160328443e-10,3.8379558100887633e-10,3.837955810077689e-10,1.3091494918493102e-14,5.857217883335352e-05,5.8572178833184515e-05,1.997931762388329e-09
v32.24,25042000,transverse,13,0.0003,5.896960649507212e-07,5.896929937458554e-07,2.9130249571012777e-22,3.1086424298660375e-12,3.1086515896150804e-12,3.1086515896124e-12,9.543537692253996e-18,5.271616641828633e-06,5.271616641824088e-06,1.618382461658705e-11
v32.24,25042000,transverse,14,0.01,0.0005631096331851928,0.0005651038191788011,7.261673363730559e-18,2.068050422537408e-06,2.0646264717710864e-06,2.064626471772522e-06,3.795721233110256e-09,0.003666473365217821,0.0036664733652203704,6.7406434012503165e-06
v32.24,25042000,transverse,14,0.003,5.08431677272058e-05,5.08593437260921e-05,1.9606518082072505e-19,1.6751208422553006e-08,1.6748688561144183e-08,1.674868856118146e-08,2.7888991226210074e-12,0.00032941866744038616,0.00032941866744111935,5.4852977249265455e-08
v32.24,25042000,transverse,14,0.001,5.6508384627594075e-06,5.651038191788011e-06,7.261673363730558e-21,2.0680504225374083e-10,2.0680158277728176e-10,2.0680158277872605e-10,3.8282892034338775e-15,3.659661909292958e-05,3.6596619093185164e-05,6.774727730518869e-10
v32.24,25042000,transverse,14,0.0003,5.085918194324199e-07,5.085934372609209e-07,1.9606518082072501e-22,1.6751208422552997e-12,1.675118320053887e-12,1.6751183201117407e-12,2.791012888547096e-18,3.2936399211518806e-06,3.2936399212656333e-06,5.487726663912566e-12
v32.24,25042000,transverse,15,0.01,0.0006621430360972096,0.0006593553103597549,6.7763253825866915e-18,2.7909050634170753e-06,2.8005623760396435e-06,2.800562376037785e-06,9.657383891378108e-09,0.004229542898384408,0.004229542898381602,1.4585041848813316e-05
v32.24,25042000,transverse,15,0.003,5.936448725196185e-05,5.934197793237794e-05,1.8296078532984063e-19,2.260633101367831e-08,2.2613343704456443e-08,2.261334370440404e-08,7.01275257206587e-12,0.0003809237601678961,0.0003809237601670134,1.1813043280069964e-07
v32.24,25042000,transverse,15,0.001,6.593830919422871e-06,6.593553103597548e-06,6.77632538258669e-21,2.7909050634170757e-10,2.7910012264712806e-10,2.791001226452875e-10,9.616389903577092e-15,4.2327461237291846e-05,4.232746123701271e-05,1.4583919456064506e-09
v32.24,25042000,transverse,15,0.0003,5.934220295610377e-07,5.934197793237793e-07,1.829607853298406e-22,2.26063310136783e-12,2.2606401116250804e-12,2.2606401116011394e-12,7.010301357350875e-18,3.8094981295138415e-06,3.8094981294734973e-06,1.1813348693065018e-11
v32.24,25042000,transverse,16,0.01,0.00015913132354514206,0.00015881619803530624,3.8355358143511475e-19,3.651051509192388e-07,3.6904676109906663e-07,3.6904676109909496e-07,3.968966315732532e-09,0.0023191333602801097,0.0023191333602802875,2.494145230060016e-05
v32.24,25042000,transverse,16,0.003,1.4295986435444246e-05,1.4293457823177562e-05,1.0355946698748096e-20,2.9573517224458342e-09,2.960195256013935e-09,2.960195256014482e-09,2.8631060069254437e-12,0.00020706477789281334,0.00020706477789285158,2.002734137902442e-07
v32.24,25042000,transverse,16,0.001,1.5881931721278508e-06,1.5881619803530624e-06,3.8355358143511472e-22,3.651051509192388e-11,3.65144121207898e-11,3.651441212083312e-11,3.923833221718737e-15,2.2991165534270638e-05,2.2991165534297916e-05,2.4706271822473654e-09
v32.24,25042000,transverse,16,0.0003,1.429348308615316e-07,1.429345782317756e-07,1.0355946698748095e-23,2.957351722445833e-13,2.957380128658681e-13,2.9573801286460724e-13,2.8601554601907848e-18,2.0690409124446713e-06,2.06904091243585e-06,2.0010206350344138e-11
v32.24,25042000,transverse,17,0.01,0.00011132811262005621,0.00011087701021687183,3.5438682863115333e-19,5.195822074239795e-07,5.160170377638908e-07,5.160170377637771e-07,3.6602985778880116e-09,0.004635100924821825,0.004635100924820804,3.2878475092629875e-05
v32.24,25042000,transverse,17,0.003,9.982602714944112e-06,9.978930919518463e-06,9.568444373041138e-21,4.208615880134234e-09,4.205983418642253e-09,4.205983418639223e-09,2.703483087339625e-12,0.00042133134401370397,0.00042133134401340044,2.708194610702546e-07
v32.24,25042000,transverse,17,0.001,1.1088154525813556e-06,1.1087701021687182e-06,3.543868286311533e-22,5.195822074239796e-11,5.1954605605856615e-11,5.195460560574394e-11,3.712763893070778e-15,4.6855953788256414e-05,4.685595378815479e-05,3.3484056200942655e-09
v32.24,25042000,transverse,17,0.0003,9.978967655160837e-08,9.978930919518462e-08,9.568444373041135e-24,4.2086158801342323e-13,4.2085895224506965e-13,4.2085895224066005e-13,2.706967683582252e-18,4.2174598293984195e-06,4.217459829354231e-06,2.7126730711290418e-11
v32.24,25042000,transverse,18,0.01,9.01293737648066e-05,9.000294449297267e-05,1.8657743931578894e-19,1.87725720388035e-07,1.876970311235297e-07,1.8769703112352445e-07,8.678491473422908e-11,0.0020825289612388382,0.00208252896123878,9.628926853602143e-07
v32.24,25042000,transverse,18,0.003,8.101288879646018e-06,8.10026500436754e-06,5.0375908615263004e-21,1.5205783351430835e-09,1.5205526427570838e-09,1.5205526427570416e-09,6.424172330630545e-14,0.00018769268265169227,0.00018769268265168707,7.92981515172342e-09
v32.24,25042000,transverse,18,0.001,9.000420851764837e-07,9.000294449297266e-07,1.8657743931578892e-22,1.8772572038803503e-11,1.8772536221581915e-11,1.8772536221560476e-11,8.82635664394359e-17,2.0857398260327932e-05,2.085739826030411e-05,9.806604368075615e-11
v32.24,25042000,transverse,18,0.0003,8.100275242950264e-08,8.100265004367538e-08,5.0375908615262995e-24,1.520578335143083e-13,1.5205780734402338e-13,1.5205780734418302e-13,6.439151579788151e-20,1.87719309262189e-06,1.8771930926238609e-06,7.949299729527335e-13
v32.24,25042000,transverse,19,0.01,8.318082035674987e-05,8.300863090711154e-05,1.618351455903507e-19,2.1243966315197403e-07,2.111714610885608e-07,2.1117146108858142e-07,1.32222712560329e-09,0.0025387037562611017,0.0025387037562613493,1.5895817328230947e-05
v32.24,25042000,transverse,19,0.003,7.472176864650593e-06,7.4707767816400385e-06,4.369548930939468e-21,1.7207612715309895e-09,1.7198305833521432e-09,1.7198305833525789e-09,9.706233750355971e-13,0.00023016459788155247,0.00023016459788161077,1.2989834055286172e-07
v32.24,25042000,transverse,19,0.001,8.301035998707871e-07,8.300863090711153e-07,1.6183514559035068e-22,2.1243966315197406e-11,2.124268890100006e-11,2.124268890103282e-11,1.332261921036765e-15,2.5590406913434263e-05,2.559040691347373e-05,1.6049345181061053e-09
v32.24,25042000,transverse,19,0.0003,7.47079078772456e-08,7.470776781640037e-08,4.369548930939467e-24,1.7207612715309887e-13,1.7207519583534591e-13,1.7207519583550755e-13,9.713015728935393e-19,2.303306312875029e-06,2.303306312877193e-06,1.300132208881433e-11
v32.24,25042000,transverse,20,0.01,0.003669990756068985,0.0036571400583050714,1.1190143640268464e-16,1.302278938456948e-05,1.3524234569097966e-05,1.352423456908739e-05,5.320529300007309e-07,0.003685086821195184,0.0036850868211923023,0.00014497391556664996
v32.24,25042000,transverse,20,0.003,0.00032924274783797274,0.0003291426052474564,3.0213387828724847e-18,1.0548459401501279e-07,1.0584085076803925e-07,1.058408507677309e-07,3.789122025122956e-10,0.0003214675234703294,0.00032146752346939286,1.1508596772456967e-06
v32.24,25042000,transverse,20,0.001,3.6572632733171394e-05,3.657140058305071e-05,1.1190143640268461e-19,1.3022789384569483e-09,1.3027665366978776e-09,1.3027665366858193e-09,5.18717547331864e-13,3.5621349608672493e-05,3.562134960834279e-05,1.4183215934066103e-08
v32.24,25042000,transverse,20,0.0003,3.2914360290495193e-06,3.2914260524745633e-06,3.021338782872484e-21,1.0548459401501274e-11,1.0548814769960525e-11,1.0548814769693901e-11,3.7805751306757756e-16,3.204927781326726e-06,3.2049277812457208e-06,1.1486096333968571e-10
v32.24,25042000,transverse,21,0.01,0.0032243095379789893,0.0033335566674789333,1.1841183187066696e-16,0.00010785212911547508,0.00010962672106848907,0.0001096267210684931,1.8059172957625265e-06,0.03400006102925327,0.03400006102925453,0.0005600942696384178
v32.24,25042000,transverse,21,0.003,0.0002991483549014495,0.000300020100073104,3.197119460508007e-18,8.736022458353481e-07,8.748882329355149e-07,8.748882329356265e-07,1.3085084759123978e-09,0.002924596504044742,0.002924596504045115,4.374112223827769e-06
v32.24,25042000,transverse,21,0.001,3.3324818575575245e-05,3.333556667478933e-05,1.1841183187066694e-19,1.078521291154751e-08,1.0786976020155855e-08,1.0786976020158989e-08,1.7939642768092615e-12,0.0003236919653648753,0.0003236919653649693,5.383267947103279e-08
v32.24,25042000,transverse,21,0.0003,3.000113954191099e-06,3.0002010007310397e-06,3.1971194605080065e-21,8.736022458353478e-11,8.736150981212732e-11,8.736150981229169e-11,1.3077194086544616e-15,2.911939717825886e-05,2.911939717831365e-05,4.3588991239069563e-10
v32.24,25042000,transverse,22,0.01,0.0036167415291356053,0.003759858210199095,1.4873235547230313e-16,0.00014276610163550135,0.0001435914355664907,0.00014359143556651565,9.405216386387764e-07,0.039701879277176,0.03970187927718289,0.0002600466831987188
v32.24,25042000,transverse,22,0.003,0.00033723420033918866,0.00033838723891791854,4.015773597752184e-18,1.156405423247561e-06,1.1570005954532078e-06,1.1570005954538759e-06,6.79861922921432e-10,0.003430851895476502,0.003430851895478483,2.015993402322866e-06
v32.24,25042000,transverse,22,0.001,3.758435371736641e-05,3.7598582101990946e-05,1.4873235547230312e-19,1.4276610163550137e-08,1.4277425806870843e-08,1.4277425806894317e-08,9.319022618329033e-13,0.0003798768475370576,0.00037987684753768215,2.479495241133557e-08
v32.24,25042000,transverse,22,0.0003,3.3837571453933528e-06,3.3838723891791848e-06,4.015773597752183e-21,1.1564054232475605e-10,1.1564113686424674e-10,1.1564113686475608e-10,6.79299630042901e-16,3.417536539869021e-05,3.417536539884073e-05,2.0075306851370808e-10
v32.24,25042000,transverse,23,0.01,0.0042106829710065186,0.004181956129276338,1.429703016786848e-16,2.8425118178425924e-05,2.9174616908426987e-05,2.917461690841776e-05,7.588269838816158e-07,0.006928713728702569,0.006928713728700378,0.00018021470367317308
v32.24,25042000,transverse,23,0.003,0.0003766031103484071,0.00037637605163487036,3.860198145324489e-18,2.3024345724525e-07,2.3077610799199254e-07,2.307761079917626e-07,5.393971900869437e-10,0.0006127833298522003,0.0006127833298515897,1.4322696102746758e-06
v32.24,25042000,transverse,23,0.001,4.182235854240282e-05,4.1819561292763374e-05,1.429703016786848e-19,2.842511817842593e-09,2.84324086509988e-09,2.84324086509279e-09,7.382952417207626e-13,6.798375233231232e-05,6.79837523321428e-05,1.7653123053120505e-08
v32.24,25042000,transverse,23,0.0003,3.7637831686070937e-06,3.763760516348703e-06,3.860198145324488e-21,2.3024345724524987e-11,2.3024877067336505e-11,2.302487706709163e-11,5.380838805386328e-16,6.11748234047648e-06,6.117482340411419e-06,1.4296357054430627e-10
v32.24,25042000,transverse,24,0.01,5.983143432545392e-05,5.943860319934443e-05,5.995466163689214e-19,4.350973227682444e-07,4.381077623715751e-07,4.381077623715169e-07,3.08292405524845e-09,0.007322367703713768,0.007322367703712794,5.152682849752258e-05
v32.24,25042000,transverse,24,0.003,5.352636160258986e-06,5.349474287940999e-06,1.6187758641960874e-20,3.5242883144227794e-09,3.5264704719626162e-09,3.5264704719609325e-09,2.2345651740397837e-12,0.0006588287278229628,0.0006588287278226482,4.174700291849586e-07
v32.24,25042000,transverse,24,0.001,5.944250458196773e-07,5.943860319934443e-07,5.995466163689213e-22,4.3509732276824445e-11,4.351272413994152e-11,4.351272413985449e-11,3.0637006084909654e-15,7.320136398347756e-05,7.320136398333115e-05,5.154057067474844e-09
v32.24,25042000,transverse,24,0.0003,5.349505887148023e-08,5.349474287940998e-08,1.6187758641960872e-23,3.524288314422778e-13,3.524310123132222e-13,3.5243101231308356e-13,2.233240780748458e-18,6.5881040183528685e-06,6.588104018350277e-06,4.174667395195752e-11
v32.24,25042000,transverse,25,0.01,2.801630425477443e-05,2.8098159706720594e-05,6.182385872036316e-19,8.25259209235654e-08,8.22544615166661e-08,8.225446151655356e-08,4.577811599020654e-10,0.0029359497515682714,0.0029359497515642546,1.6339812551259398e-05
v32.24,25042000,transverse,25,0.003,2.52816961723035e-06,2.5288343736048534e-06,1.669244185449805e-20,6.684599594808798e-10,6.682622373921968e-10,6.682622373890668e-10,3.3440325055006857e-13,0.000264326504376035,0.0002643265043747969,1.3227089206000846e-07
v32.24,25042000,transverse,25,0.001,2.809733883330962e-07,2.809815970672059e-07,6.182385872036316e-22,8.252592092356542e-12,8.252320888695825e-12,8.252320888584552e-12,4.587985731530122e-16,2.9370471480069967e-05,2.9370471479673938e-05,1.6328897760563103e-09
v32.24,25042000,transverse,25,0.0003,2.528827724358433e-08,2.528834373604853e-08,1.6692441854498047e-23,6.684599594808794e-14,6.684579829999608e-14,6.684579829688559e-14,3.3441308087301586e-19,2.643351211951575e-06,2.643351211828574e-06,1.3224035692579926e-11
v32.24,25042000,transverse,26,0.01,5.3324963989742373e-05,5.324347757832546e-05,5.611058652759032e-19,8.543716165877548e-08,8.574203013800765e-08,8.574203013809102e-08,3.0881174389347265e-10,0.001607915387519081,0.0016079153875206444,5.7911289720303585e-06
v32.24,25042000,transverse,26,0.003,4.7925707237374865e-06,4.791912982049292e-06,1.5149858362449382e-20,6.920410094360815e-10,6.922624843469328e-10,6.922624843490413e-10,2.2438338319027525e-13,0.00014444491782211445,0.0001444449178225544,4.681900302042697e-08
v32.24,25042000,transverse,26,0.001,5.324428935650932e-07,5.324347757832546e-07,5.611058652759031e-22,8.54371616587755e-12,8.544019879215755e-12,8.544019879313414e-12,3.0770716785361976e-16,1.6046828650500555e-05,1.604682865068397e-05,5.779158132683414e-10
v32.24,25042000,transverse,26,0.0003,4.791919557223606e-08,4.791912982049291e-08,1.514985836244938e-23,6.92041009436081e-14,6.92043223840319e-14,6.920432238545817e-14,2.243486058843819e-19,1.4441878991835215e-06,1.4441878992132853e-06,4.6818107692602295e-12
v32.24,25042000,transverse,27,0.01,4.791373522293996e-05,4.775622469176776e-05,5.381889489558832e-19,1.7824287192682821e-07,1.7736909529795404e-07,1.7736909529784747e-07,8.788301084057395e-10,0.003701842373020293,0.0037018423730180686,1.8341924383824212e-05
v32.24,25042000,transverse,27,0.003,4.2993409389859384e-06,4.298060222259098e-06,1.4531101621808845e-20,1.4437672626073085e-09,1.4431268226877491e-09,1.4431268226845279e-09,6.441866887350458e-13,0.0003356623359644819,0.00033566233596373266,1.4983382287588165e-07
v32.24,25042000,transverse,27,0.001,4.775780635562221e-07,4.775622469176776e-07,5.381889489558832e-22,1.7824287192682824e-11,1.7823408257064346e-11,1.782340825694554e-11,8.840829564860311e-16,3.732040815347482e-05,3.732040815322605e-05,1.8511799932828236e-09
v32.24,25042000,transverse,27,0.0003,4.298073034226759e-08,4.298060222259097e-08,1.453110162180884e-23,1.4437672626073078e-13,1.4437608541871654e-13,1.44376085416397e-13,6.445955100994664e-19,3.3590886955388924e-06,3.3590886954849254e-06,1.4997314028085884e-11
v32.24,25042000,transverse,28,0.01,0.009010954131231902,0.008693439827648588,2.831997658145181e-15,0.0003138001172513124,0.0003175144042623809,0.0003175144042628928,3.7142889360078387e-06,0.035236491012852714,0.03523649101290952,0.00041219707501718826
v32.24,25042000,transverse,28,0.003,0.000784954515653766,0.0007824095844883728,7.646393676991986e-17,2.5417809497356305e-06,2.5449319773032054e-06,2.5449319773170485e-06,3.151029323832613e-09,0.0032421394189746204,0.0032421394189922556,4.014282688988943e-06
v32.24,25042000,transverse,28,0.001,8.696578264772811e-05,8.693439827648587e-05,2.8319976581451806e-18,3.138001172513124e-08,3.138438125474404e-08,3.1384381255255355e-08,4.369532545641552e-12,0.00036088195033985495,0.00036088195034573447,5.024427323722477e-08
v32.24,25042000,transverse,28,0.0003,7.824350026086847e-06,7.824095844883726e-06,7.646393676991986e-20,2.5417809497356293e-10,2.5418128420905386e-10,2.541812842230218e-10,3.189251537894098e-15,3.2485929612248736e-05,3.248592961403392e-05,4.076059388014269e-10
v32.24,25042000,transverse,29,0.01,0.00776847098283452,0.008145057685459233,2.8406944526744065e-15,0.00038450513806264676,0.0003765873974444963,0.00037658739744398165,7.917744385705164e-06,0.04847638592930536,0.04847638592923911,0.0010192152874356464
v32.24,25042000,transverse,29,0.003,0.0007299460321940041,0.0007330551916913309,7.669875022220896e-17,3.1144916183074385e-06,3.109164887054285e-06,3.1091648870403946e-06,5.3267360941247575e-09,0.004259444876642518,0.0042594448766234885,7.297438247748465e-06
v32.24,25042000,transverse,29,0.001,8.141213365115701e-05,8.145057685459232e-05,2.840694452674406e-18,3.845051380626468e-08,3.8443269679368346e-08,3.844326967885388e-08,7.244134384262728e-12,0.00047220565234285563,0.00047220565233653636,8.898101621194615e-08
v32.24,25042000,transverse,29,0.0003,7.330240473563454e-06,7.3305519169133084e-06,7.669875022220894e-20,3.114491618307437e-10,3.1144388615549733e-10,3.1144388614153613e-10,5.275694169327293e-15,4.248754011259537e-05,4.2487540110690766e-05,7.197163842515274e-10
v32.24,25042000,transverse,30,0.01,0.006529947043786985,0.006302251907268141,1.1697541863979725e-15,0.0002246430923958877,0.00022774765087523274,0.00022774765087459336,3.105074261916777e-06,0.0348774116157537,0.03487741161565579,0.00047551293158972033
v32.24,25042000,transverse,30,0.003,0.0005690243875088597,0.0005672026716541326,3.1583363032745255e-17,1.8196090484066903e-06,1.8221410646344802e-06,1.8221410646172011e-06,2.532574616473781e-09,0.0032022196317659747,0.0032022196317356088,4.450731237656047e-06
v32.24,25042000,transverse,30,0.001,6.304498163824885e-05,6.30225190726814e-05,1.1697541863979725e-18,2.2464309239588773e-08,2.246781098068283e-08,2.246781098004636e-08,3.502525489261989e-12,0.00035637746886188005,0.0003563774688517846,5.555597603881348e-08
v32.24,25042000,transverse,30,0.0003,5.672208637517491e-06,5.672026716541325e-06,3.158336303274525e-20,1.8196090484066895e-10,1.8196345995966915e-10,1.819634599423182e-10,2.5556755241489056e-15,3.2079824912665346e-05,3.2079824909606405e-05,4.5056091682611787e-10
v32.24,25042000,transverse,31,0.01,0.00562371711073853,0.005830180850671324,1.1764609197921726e-15,0.00021064096548599847,0.00020650717367381825,0.00020650717367446967,4.134275466170052e-06,0.03672076130563027,0.0367207613057461,0.0007351499701639725
v32.24,25042000,transverse,31,0.003,0.0005230133451942805,0.0005247162765604191,3.1764444834388654e-17,1.7061918204365875e-06,1.7032877378899063e-06,1.7032877379074767e-06,2.9043620394017483e-09,0.003256681217679439,0.003256681217713034,5.55313180072467e-06
v32.24,25042000,transverse,31,0.001,5.828075278117516e-05,5.8301808506713235e-05,1.1764609197921725e-18,2.106409654859985e-08,2.106012820693969e-08,2.1060128207590433e-08,3.968714519175743e-12,0.0003613564890970689,0.00036135648910823456,6.809648691527623e-08
v32.24,25042000,transverse,31,0.0003,5.246992184978015e-06,5.24716276560419e-06,3.1764444834388646e-20,1.7061918204365868e-10,1.7061629039225033e-10,1.70616290409833e-10,2.891905337357713e-15,3.251697055709741e-05,3.2516970560448415e-05,5.511548779579191e-10
v32.24,25042000,transverse,32,0.01,0.005623717110737818,0.005830180850671268,1.27409864882376e-15,0.00021064096548599487,0.00020650717367447794,0.0002065071736744409,4.1342754661950625e-06,0.03672076130575222,0.036720761305745635,0.000735149970168513
v32.24,25042000,transverse,32,0.003,0.0005230133451942571,0.000524716276560414,3.4400663518241516e-17,1.7061918204365585e-06,1.703287737908405e-06,1.7032877379073946e-06,2.904362039484621e-09,0.0032566812177149546,0.0032566812177130225,5.553131800883371e-06
v32.24,25042000,transverse,32,0.001,5.828075278117391e-05,5.830180850671267e-05,1.2740986488237599e-18,2.106409654859949e-08,2.1060128207634125e-08,2.1060128207596968e-08,3.9687145128744205e-12,0.00036135648910899204,0.00036135648910835447,6.809648680715757e-08
v32.24,25042000,transverse,32,0.0003,5.246992184977944e-06,5.24716276560414e-06,3.440066351824151e-20,1.7061918204365576e-10,1.7061629041265522e-10,1.7061629041150865e-10,2.891903676845569e-15,3.251697056098673e-05,3.251697056076821e-05,5.511545614885884e-10
v32.24,25042000,transverse,33,0.01,0.006529947043786243,0.0063022519072680905,1.2620682323002907e-15,0.00022464309239588842,0.00022774765087454606,0.00022774765087457525,3.105074261897834e-06,0.034877411615652505,0.034877411615656974,0.0004755129315868734
v32.24,25042000,transverse,33,0.003,0.0005690243875088371,0.0005672026716541281,3.4075842272107847e-17,1.8196090484066962e-06,1.82214106461644e-06,1.8221410646172225e-06,2.532574616489768e-09,0.003202219631734399,0.0032022196317357736,4.450731237684319e-06
v32.24,25042000,transverse,33,0.001,6.304498163824769e-05,6.30225190726809e-05,1.2620682323002906e-18,2.2464309239588845e-08,2.246781098002328e-08,2.2467810980053005e-08,3.5025254924741975e-12,0.0003563774688514251,0.00035637746885189655,5.5555976089765564e-08
v32.24,25042000,transverse,33,0.0003,5.67220863751743e-06,5.67202671654128e-06,3.407584227210784e-20,1.8196090484066954e-10,1.8196345994321882e-10,1.8196345994395018e-10,2.555676879568863e-15,3.2079824909765525e-05,3.2079824909894464e-05,4.5056115578418017e-10
v32.24,25042000,transverse,34,0.01,0.007768470982835266,0.008145057685459249,3.4563787938511777e-15,0.00038450513806264296,0.0003765873974437644,0.0003765873974440065,7.917744385676462e-06,0.048476385929206486,0.04847638592923765,0.0010192152874318539
v32.24,25042000,transverse,34,0.003,0.000729946032194026,0.0007330551916913323,9.332222743398178e-17,3.114491618307408e-06,3.1091648870337085e-06,3.109164887040261e-06,5.326736094204997e-09,0.004259444876614201,0.004259444876623178,7.297438247858172e-06
v32.24,25042000,transverse,34,0.001,8.141213365115793e-05,8.145057685459248e-05,3.4563787938511772e-18,3.8450513806264303e-08,3.84432696785936e-08,3.844326967883691e-08,7.244134404603309e-12,0.000472205652333334,0.0004722056523363226,8.898101646179218e-08
v32.24,25042000,transverse,34,0.0003,7.330240473563492e-06,7.330551916913322e-06,9.332222743398176e-20,3.1144916183074066e-10,3.1144388612917733e-10,3.1144388613560447e-10,5.275700100342626e-15,4.248754010900454e-05,4.248754010988134e-05,7.197171933675893e-10
v32.24,25042000,transverse,35,0.01,0.009010954131232669,0.008693439827648607,3.436630187349231e-15,0.00031380011725131454,0.0003175144042631295,0.0003175144042629089,3.714288936021781e-06,0.03523649101293279,0.03523649101290831,0.00041219707501870045
v32.24,25042000,transverse,35,0.003,0.000784954515653787,0.0007824095844883746,9.278901505842922e-17,2.541780949735648e-06,2.5449319773224424e-06,2.5449319773165055e-06,3.1510293232627394e-09,0.003242139418999041,0.0032421394189914776,4.01428268826284e-06
v32.24,25042000,transverse,35,0.001,8.696578264772903e-05,8.693439827648606e-05,3.4366301873492306e-18,3.138001172513146e-08,3.138438125547765e-08,3.1384381255258776e-08,4.36953254905882e-12,0.0003608819503482868,0.00036088195034577003,5.024427327651863e-08
v32.24,25042000,transverse,35,0.0003,7.824350026086882e-06,7.824095844883745e-06,9.27890150584292e-20,2.5417809497356464e-10,2.541812842285853e-10,2.54181284223025e-10,3.1892515418553965e-15,3.248592961474483e-05,3.2485929614034186e-05,4.076059393077033e-10
v32.24,25042000,transverse,36,0.01,4.791373522293883e-05,4.775622469176667e-05,9.517089316748098e-19,1.7824287192686395e-07,1.7736909529793177e-07,1.773690952979376e-07,8.78830108351522e-10,0.003701842373019915,0.0037018423730200366,1.834192438269308e-05
v32.24,25042000,transverse,36,0.003,4.299340938985841e-06,4.298060222259e-06,2.5696141155219863e-20,1.443767262607598e-09,1.4431268226882186e-09,1.4431268226885157e-09,6.441866851426957e-13,0.00033566233596459867,0.0003356623359646678,1.4983382204032672e-07
v32.24,25042000,transverse,36,0.001,4.775780635562108e-07,4.775622469176666e-07,9.517089316748097e-22,1.7824287192686398e-11,1.7823408256749113e-11,1.782340825676061e-11,8.84083128595464e-16,3.732040815281564e-05,3.732040815283971e-05,1.851180353662554e-09
v32.24,25042000,transverse,36,0.0003,4.298073034226669e-08,4.298060222258999e-08,2.5696141155219857e-23,1.4437672626075973e-13,1.443760855024958e-13,1.44376085501784e-13,6.445119162191771e-19,3.359088697488191e-06,3.35908869747163e-06,1.4995369112780582e-11
v32.24,25042000,transverse,37,0.01,5.3324963989745965e-05,5.3243477578328905e-05,1.039458950132502e-18,8.543716165875617e-08,8.574203013817081e-08,8.574203013810252e-08,3.088117439273091e-10,0.0016079153875220324,0.0016079153875207517,5.7911289726645016e-06
v32.24,25042000,transverse,37,0.003,4.792570723737804e-06,4.791912982049601e-06,2.806539165357755e-20,6.92041009435925e-10,6.922624843529748e-10,6.922624843512473e-10,2.2438338589521787e-13,0.0001444449178233656,0.00014444491782300513,4.6819003584827144e-08
v32.24,25042000,transverse,37,0.001,5.32442893565128e-07,5.32434775783289e-07,1.0394589501325019e-21,8.543716165875619e-12,8.544019879385153e-12,8.54401987932288e-12,3.077072362169701e-16,1.6046828650817657e-05,1.6046828650700702e-05,5.779159416639515e-10
v32.24,25042000,transverse,37,0.0003,4.791919557223913e-08,4.7919129820496006e-08,2.8065391653577545e-23,6.920410094359247e-14,6.920432233511583e-14,6.920432233153382e-14,2.242993689420531e-19,1.4441878981626257e-06,1.4441878980878748e-06,4.680783269909391e-12
v32.24,25042000,transverse,38,0.01,2.801630425477402e-05,2.8098159706719794e-05,5.1468436355423355e-19,8.252592092355733e-08,8.225446151626843e-08,8.225446151648082e-08,4.577811600148549e-10,0.0029359497515541204,0.002935949751561701,1.633981255528549e-05
v32.24,25042000,transverse,38,0.003,2.528169617230295e-06,2.5288343736047814e-06,1.3896477815964303e-20,6.684599594808143e-10,6.682622373746846e-10,6.682622373803678e-10,3.344032581534925e-13,0.0002643265043691139,0.00026432650437136184,1.322708950674931e-07
v32.24,25042000,transverse,38,0.001,2.8097338833308905e-07,2.809815970671979e-07,5.146843635542336e-22,8.252592092355734e-12,8.252320887899092e-12,8.25232088811768e-12,4.587988770355493e-16,2.9370471477235093e-05,2.9370471478013066e-05,1.6328908575912933e-09
v32.24,25042000,transverse,38,0.0003,2.5288277243583717e-08,2.528834373604781e-08,1.38964778159643e-23,6.68459959480814e-14,6.684579818881552e-14,6.684579819441854e-14,3.3451294879921424e-19,2.6433512075551137e-06,2.6433512077766798e-06,1.3227984871294019e-11
v32.24,25042000,transverse,39,0.01,5.983143432545511e-05,5.943860319934581e-05,4.602871560938709e-19,4.3509732276825025e-07,4.3810776237131455e-07,4.3810776237154166e-07,3.082924055260214e-09,0.007322367703709268,0.007322367703713063,5.152682849771818e-05
v32.24,25042000,transverse,39,0.003,5.3526361602591075e-06,5.349474287941123e-06,1.2427753214534511e-20,3.5242883144228274e-09,3.5264704719591156e-09,3.5264704719652876e-09,2.2345651784234585e-12,0.0006588287278222938,0.0006588287278234469,4.174700300039241e-07
v32.24,25042000,transverse,39,0.001,5.944250458196913e-07,5.943860319934581e-07,4.602871560938708e-22,4.3509732276825033e-11,4.351272414019506e-11,4.35127241404155e-11,3.0637010823284968e-15,7.320136398390235e-05,7.32013639842732e-05,5.154057864610601e-09
v32.24,25042000,transverse,39,0.0003,5.349505887148152e-08,5.349474287941122e-08,1.2427753214534508e-23,3.5242883144228256e-13,3.5243101236131116e-13,3.524310123680048e-13,2.233288408118523e-18,6.588104019251652e-06,6.588104019376778e-06,4.1747564265399847e-11
v32.24,25042000,transverse,40,0.01,0.0042106829710064665,0.004181956129276273,1.2728217598889865e-16,2.8425118178424013e-05,2.917461690844502e-05,2.917461690841586e-05,7.588269838809858e-07,0.006928713728706937,0.006928713728700012,0.0001802147036730257
v32.24,25042000,transverse,40,0.003,0.0003766031103484018,0.0003763760516348646,3.436618751700263e-18,2.302434572452345e-07,2.3077610799258017e-07,2.3077610799178732e-07,5.393971901413996e-10,0.0006127833298537693,0.000612783329851664,1.4322696104192935e-06
v32.24,25042000,transverse,40,0.001,4.18223585424022e-05,4.181956129276273e-05,1.2728217598889864e-19,2.8425118178424017e-09,2.8432408651273674e-09,2.84324086509946e-09,7.382952501993168e-13,6.798375233297057e-05,6.798375233230328e-05,1.7653123255848554e-08
v32.24,25042000,transverse,40,0.0003,3.7637831686070365e-06,3.7637605163486457e-06,3.436618751700262e-21,2.3024345724523443e-11,2.302487706820497e-11,2.3024877067337287e-11,5.380840974799578e-16,6.117482340707315e-06,6.117482340476781e-06,1.42963628183475e-10
v32.24,25042000,transverse,41,0.01,0.003616741529135525,0.0037598582101990062,1.2972414013455074e-16,0.0001427661016354938,0.00014359143556648621,0.00014359143556650736,9.405216386396972e-07,0.03970187927717563,0.03970187927718148,0.00026004668319897916
v32.24,25042000,transverse,41,0.003,0.00033723420033918085,0.00033838723891791057,3.50255178363287e-18,1.1564054232474998e-06,1.1570005954531288e-06,1.1570005954536997e-06,6.798619228564165e-10,0.003430851895476347,0.0034308518954780398,2.0159934021301223e-06
v32.24,25042000,transverse,41,0.001,3.758435371736553e-05,3.759858210199006e-05,1.2972414013455073e-19,1.4276610163549382e-08,1.4277425806870495e-08,1.4277425806892118e-08,9.319022630874475e-13,0.0003798768475370572,0.00037987684753763254,2.479495244471558e-08
v32.24,25042000,transverse,41,0.0003,3.3837571453932736e-06,3.383872389179105e-06,3.502551783632869e-21,1.1564054232474992e-10,1.156411368638898e-10,1.1564113686451059e-10,6.792996306934659e-16,3.4175365398585525e-05,3.4175365398768985e-05,2.0075306870597388e-10
v32.24,25042000,transverse,42,0.01,0.0032243095379790605,0.003333556667478992,1.3845135761532955e-16,0.00010785212911547471,0.00010962672106847301,0.00010962672106849412,1.8059172957635126e-06,0.03400006102924755,0.03400006102925409,0.0005600942696387113
v32.24,25042000,transverse,42,0.003,0.0002991483549014551,0.00030002010007310927,3.738186655613897e-18,8.736022458353451e-07,8.748882329350263e-07,8.748882329355963e-07,1.308508475906826e-09,0.0029245965040430536,0.002924596504044959,4.374112223809061e-06
v32.24,25042000,transverse,42,0.001,3.3324818575575834e-05,3.3335566674789916e-05,1.3845135761532953e-19,1.0785212911547473e-08,1.0786976020143727e-08,1.078697602016466e-08,1.7939642827119216e-12,0.00032369196536450565,0.0003236919653651338,5.383267964815688e-08
v32.24,25042000,transverse,42,0.0003,3.0001139541911507e-06,3.000201000731092e-06,3.738186655613896e-21,8.736022458353448e-11,8.736150981244291e-11,8.736150981298721e-11,1.3077200992778683e-15,2.9119397178363552e-05,2.9119397178544977e-05,4.358901425897463e-10
v32.24,25042000,transverse,43,0.01,0.0036699907560690612,0.003657140058305121,1.270541987846073e-16,1.302278938456941e-05,1.3524234569110456e-05,1.3524234569088064e-05,5.320529300016006e-07,0.003685086821198511,0.0036850868211924094,0.00014497391556688393
v32.24,25042000,transverse,43,0.003,0.0003292427478379779,0.00032914260524746086,3.4304633671843963e-18,1.0548459401501222e-07,1.0584085076827019e-07,1.0584085076768039e-07,3.7891220244427623e-10,0.0003214675234710258,0.0003214675234692344,1.1508596770390853e-06
v32.24,25042000,transverse,43,0.001,3.657263273317191e-05,3.6571400583051206e-05,1.2705419878460728e-19,1.3022789384569413e-09,1.3027665367014762e-09,1.3027665366794674e-09,5.187175421657037e-13,3.5621349608770383e-05,3.5621349608168604e-05,1.4183215792808357e-08
v32.24,25042000,transverse,43,0.0003,3.291436029049567e-06,3.2914260524746082e-06,3.4304633671843955e-21,1.0548459401501217e-11,1.054881477184097e-11,1.0548814771202286e-11,3.780592168613026e-16,3.2049277818979937e-06,3.2049277817039495e-06,1.1486148098417416e-10
v32.24,25042000,transverse,44,0.01,8.318082035674776e-05,8.300863090710941e-05,1.8501375924167328e-19,2.124396631520152e-07,2.1117146108853316e-07,2.1117146108859145e-07,1.3222271256359753e-09,0.0025387037562608337,0.0025387037562615345,1.5895817328624292e-05
v32.24,25042000,transverse,44,0.003,7.472176864650401e-06,7.470776781639846e-06,4.995371499525178e-21,1.7207612715313231e-09,1.7198305833484413e-09,1.7198305833503238e-09,9.706233780307107e-13,0.00023016459788106295,0.0002301645978813149,1.298983409537005e-07
v32.24,25042000,transverse,44,0.001,8.301035998707656e-07,8.30086309071094e-07,1.8501375924167327e-22,2.1243966315201522e-11,2.1242688900788136e-11,2.1242688900854733e-11,1.3322621140716506e-15,2.559040691317963e-05,2.5590406913259856e-05,1.6049347506492725e-09
v32.24,25042000,transverse,44,0.0003,7.470790787724368e-08,7.470776781639845e-08,4.995371499525177e-24,1.7207612715313222e-13,1.7207519583524095e-13,1.7207519583733023e-13,9.712958901704825e-19,2.3033063128736836e-06,2.3033063129016497e-06,1.3001246022930633e-11
v32.24,25042000,transverse,45,0.01,9.012937376481001e-05,9.000294449297596e-05,2.071801195025513e-19,1.8772572038805913e-07,1.8769703112359976e-07,1.876970311236107e-07,8.678491464919132e-11,0.002082528961239537,0.002082528961239658,9.628926844166702e-07
v32.24,25042000,transverse,45,0.003,8.101288879646325e-06,8.100265004367836e-06,5.5938632265688844e-21,1.520578335143279e-09,1.5205526427634744e-09,1.520552642763931e-09,6.424171461680949e-14,0.000187692682652474,0.0001876926826525304,7.929814079116516e-09
v32.24,25042000,transverse,45,0.001,9.000420851765171e-07,9.000294449297595e-07,2.0718011950255128e-22,1.8772572038805914e-11,1.8772536221801053e-11,1.8772536221814198e-11,8.826317338431471e-17,2.0857398260570634e-05,2.0857398260585237e-05,9.80656069732611e-11
v32.24,25042000,transverse,45,0.0003,8.100275242950569e-08,8.100265004367834e-08,5.593863226568883e-24,1.5205783351432783e-13,1.5205780737946735e-13,1.5205780738045917e-13,6.43173529169496e-20,1.8771930930593845e-06,1.8771930930716287e-06,7.940144129413763e-13
v32.24,25042000,transverse,46,0.01,0.00011132811262005556,0.0001108770102168712,2.3353938702770905e-19,5.195822074239532e-07,5.160170377637875e-07,5.160170377638342e-07,3.660298577801247e-09,0.0046351009248209235,0.004635100924821343,3.2878475091850706e-05
v32.24,25042000,transverse,46,0.003,9.982602714944053e-06,9.978930919518407e-06,6.305563449748144e-21,4.208615880134021e-09,4.2059834186372645e-09,4.205983418638792e-09,2.7034830871609055e-12,0.00042133134401320675,0.0004213313440133598,2.7081946105235314e-07
v32.24,25042000,transverse,46,0.001,1.1088154525813494e-06,1.1087701021687119e-06,2.3353938702770906e-22,5.195822074239533e-11,5.1954605605966345e-11,5.195460560602671e-11,3.712763568002446e-15,4.685595378835563e-05,4.685595378841007e-05,3.348405326927075e-09
v32.24,25042000,transverse,46,0.0003,9.97896765516078e-08,9.978930919518406e-08,6.305563449748143e-24,4.2086158801340193e-13,4.2085895223682223e-13,4.2085895223686474e-13,2.7069652881074975e-18,4.217459829315795e-06,4.217459829316221e-06,2.7126706706054387e-11
v32.24,25042000,transverse,47,0.01,0.00015913132354514035,0.00015881619803530435,1.9373819841937795e-19,3.651051509191813e-07,3.690467610991087e-07,3.690467610990858e-07,3.968966315784122e-09,0.002319133360280399,0.002319133360280255,2.4941452300924626e-05
v32.24,25042000,transverse,47,0.003,1.4295986435444085e-05,1.4293457823177391e-05,5.230931357323204e-21,2.9573517224453685e-09,2.960195256020825e-09,2.9601952560205575e-09,2.8631060131751325e-12,0.00020706477789329762,0.0002070647778932789,2.0027341422741032e-07
v32.24,25042000,transverse,47,0.001,1.5881931721278322e-06,1.5881619803530434e-06,1.9373819841937794e-22,3.651051509191814e-11,3.651441212096794e-11,3.6514412120944526e-11,3.923833291032429e-15,2.2991165534383073e-05,2.299116553436833e-05,2.470627225890506e-09
v32.24,25042000,transverse,47,0.0003,1.4293483086152996e-07,1.4293457823177387e-07,5.230931357323203e-24,2.9573517224453673e-13,2.9573801293518255e-13,2.957380129355321e-13,2.8602303233252392e-18,2.0690409129296324e-06,2.069040912932078e-06,2.0010730107458034e-11
v32.24,25042000,transverse,48,0.01,0.0006621430360973537,0.0006593553103598996,6.385162197675053e-18,2.790905063418032e-06,2.8005623760394004e-06,2.800562376038855e-06,9.657383891501664e-09,0.00422954289838312,0.004229542898382296,1.4585041848996741e-05
v32.24,25042000,transverse,48,0.003,5.936448725197486e-05,5.9341977932390964e-05,1.7239937933722638e-19,2.2606331013686058e-08,2.2613343704453306e-08,2.261334370443934e-08,7.012752602585501e-12,0.0003809237601677598,0.00038092376016752455,1.1813043331477962e-07
v32.24,25042000,transverse,48,0.001,6.593830919424315e-06,6.593553103598996e-06,6.385162197675052e-21,2.790905063418032e-10,2.791001226445515e-10,2.791001226439926e-10,9.616388202485582e-15,4.232746123689183e-05,4.2327461236807065e-05,1.458391687623855e-09
v32.24,25042000,transverse,48,0.0003,5.934220295611678e-07,5.934197793239095e-07,1.7239937933722634e-22,2.2606331013686047e-12,2.2606401114553997e-12,2.2606401114251543e-12,7.010126071798852e-18,3.80949812922707e-06,3.8094981291761024e-06,1.1813053312130661e-11
v32.24,25042000,transverse,49,0.01,0.0005631096331853416,0.000565103819178952,6.509572291413049e-18,2.068050422538494e-06,2.0646264717734407e-06,2.064626471773471e-06,3.795721233164147e-09,0.0036664733652210326,0.003666473365221087,6.740643401344237e-06
v32.24,25042000,transverse,49,0.003,5.084316772721936e-05,5.085934372610567e-05,1.757584518681523e-19,1.67512084225618e-08,1.674868856116714e-08,1.6748688561167593e-08,2.7888991383055962e-12,0.0003294186674407498,0.00032941866744075874,5.485297755774043e-08
v32.24,25042000,transverse,49,0.001,5.650838462760917e-06,5.6510381917895185e-06,6.509572291413048e-21,2.0680504225384943e-10,2.068015827770448e-10,2.0680158277696384e-10,3.828290454878811e-15,3.659661909287787e-05,3.659661909286354e-05,6.774729945135194e-10
v32.24,25042000,transverse,49,0.0003,5.085918194325558e-07,5.085934372610566e-07,1.7575845186815226e-22,1.6751208422561794e-12,1.675118319943533e-12,1.675118319935266e-12,2.7911097208962395e-18,3.2936399209340216e-06,3.2936399209177666e-06,5.487917056963925e-12
v32.24,25042000,transverse,50,0.01,0.0006590181617779126,0.0006552144374954385,8.735680629657522e-18,3.837830160329005e-06,3.850407756470251e-06,3.850407756471697e-06,1.3109187409636881e-08,0.005842642858403997,0.005842642858406191,1.989199717086802e-05
v32.24,25042000,transverse,50,0.003,5.900002016666919e-05,5.896929937458947e-05,2.3586337700075305e-19,3.1086424298664936e-08,3.1095584916536324e-08,3.109558491657577e-08,9.544748188221138e-12,0.0005270436319969788,0.0005270436319976474,1.6177533772460033e-07
v32.24,25042000,transverse,50,0.001,6.552523547072692e-06,6.552144374954385e-06,8.73568062965752e-21,3.837830160329005e-10,3.8379558100628043e-10,3.837955810077199e-10,1.3091495002112065e-14,5.8572178832953486e-05,5.8572178833173165e-05,1.997931775149534e-09
v32.24,25042000,transverse,50,0.0003,5.896960649507601e-07,5.896929937458946e-07,2.35863377000753e-22,3.1086424298664923e-12,3.1086515894341545e-12,3.108651589484514e-12,9.543448380102821e-18,5.271616641521473e-06,5.271616641606872e-06,1.6183673162037638e-11
v32.24,25042000,transverse,51,0.01,0.0005129529895879441,0.0005158830350076346,9.6354224322091e-18,2.9601738898789835e-06,2.935318050251388e-06,2.935318050250028e-06,2.4882173272437662e-08,0.005722391934218637,0.005722391934215986,4.850770690005247e-05
v32.24,25042000,transverse,51,0.003,4.640555730736536e-05,4.6429473150687106e-05,2.601564056696457e-19,2.3977408508019767e-08,2.3959165060342663e-08,2.3959165060307167e-08,1.8262907356112768e-11,0.000516299478996666,0.0005162994789959011,3.935500059863333e-07
v32.24,25042000,transverse,51,0.001,5.1585348932367754e-06,5.158830350076345e-06,9.635422432209099e-21,2.960173889878984e-10,2.9599234867898005e-10,2.959923486778672e-10,2.5067035792797827e-14,5.7379150244199786e-05,5.737915024398406e-05,4.8593324096077325e-09
v32.24,25042000,transverse,51,0.0003,4.6429233812252e-07,4.6429473150687097e-07,2.601564056696456e-22,2.3977408508019758e-12,2.397722595287348e-12,2.397722595245753e-12,1.8275043879183948e-17,5.164251912885592e-06,5.164251912796004e-06,3.93610714169516e-11
v32.24,25042000,transverse,52,0.01,0.00019772525963101417,0.00021267166840861635,1.717173959853545e-17,1.5371408086804714e-05,1.4950473202604412e-05,1.4950473202606345e-05,4.2133830060241736e-07,0.07561235843363819,0.07561235843364796,0.0021309280432287693
v32.24,25042000,transverse,52,0.003,1.901628453608724e-05,1.914045015677547e-05,4.63636969160457e-19,1.245084055031182e-07,1.2419418916753865e-07,1.2419418916759093e-07,3.1452423161520683e-10,0.006530938729479731,0.00653093872948248,1.653973104043188e-05
v32.24,25042000,transverse,52,0.001,2.1251803233981545e-06,2.1267166840861634e-06,1.7171739598535444e-20,1.5371408086804718e-09,1.5367088774836297e-09,1.5367088774855477e-09,4.32355265354883e-13,0.0007230957583055533,0.0007230957583064559,2.0344403747515823e-07
v32.24,25042000,transverse,52,0.0003,1.913920538583566e-07,1.9140450156775467e-07,4.636369691604569e-22,1.2450840550311815e-11,1.2450525596921802e-11,1.2450525596977853e-11,3.1526263081847103e-16,6.505246872023254e-05,6.505246872052539e-05,1.6472085672469311e-09
v32.24,25042000,transverse,53,0.01,0.0008092748189388229,0.0007936159557222145,1.719477082157616e-17,1.5254011494800251e-05,1.5685681836829032e-05,1.5685681836826504e-05,4.3202737306612515e-07,0.019382392074669002,0.01938239207466588,0.0005338450708655798
v32.24,25042000,transverse,53,0.003,7.154909279668069e-05,7.14254360149993e-05,4.642588121825562e-19,1.2355749310788202e-07,1.2386487910336744e-07,1.2386487910329558e-07,3.076350036706547e-10,0.0017311872766207009,0.0017311872766196965,4.299635280420027e-06
v32.24,25042000,transverse,53,0.001,7.937682819642957e-06,7.936159557222144e-06,1.7194770821576155e-20,1.5254011494800253e-09,1.5258219424801679e-09,1.5258219424777225e-09,4.21133251256339e-13,0.00019222510865567698,0.0001922251086553689,5.305493565630806e-08
v32.24,25042000,transverse,53,0.0003,7.14266695482667e-07,7.142543601499928e-07,4.642588121825561e-22,1.2355749310788198e-11,1.235605599754825e-11,1.235605599749779e-11,3.0693464194824967e-16,1.7298939003726926e-05,1.7298939003656277e-05,4.297199405900314e-10
v32.24,25042000,transverse,54,0.01,0.00042170359672123677,0.0004374683517069309,3.7509939616525386e-17,1.609818139044249e-05,1.5766325906339304e-05,1.5766325906348093e-05,3.3207274626565695e-07,0.037387221804421764,0.0373872218044426,0.0007874553331950131
v32.24,25042000,transverse,54,0.003,3.9242016113882426e-05,3.937215165362378e-05,1.0127683696461853e-18,1.3039526926258415e-07,1.3014935211963212e-07,1.3014935211987053e-07,2.460804225653015e-10,0.0033165816899399805,0.003316581689946056,6.270840464749898e-06
v32.24,25042000,transverse,54,0.001,4.3730742084949935e-06,4.3746835170693085e-06,3.750993961652538e-20,1.609818139044249e-09,1.60948031684238e-09,1.6094803168511479e-09,3.3804676857016593e-13,0.00036804322088014314,0.0003680432208821481,7.730185961936962e-08
v32.24,25042000,transverse,54,0.0003,3.937084786478657e-07,3.937215165362377e-07,1.0127683696461851e-21,1.303952692625841e-11,1.3039280613126509e-11,1.3039280613359726e-11,2.4647665265105284e-16,3.311912574986451e-05,3.311912575045687e-05,6.260384675929279e-10
v32.24,25042000,transverse,55,0.01,0.0008524600556247392,0.0008370536948894202,3.6643175238240736e-17,1.508555902701895e-05,1.541885119972626e-05,1.5418851199719068e-05,3.334249010911059e-07,0.01808747647234486,0.01808747647233642,0.00039113258022013716
v32.24,25042000,transverse,55,0.003,7.545716642507402e-05,7.533483254004781e-05,9.893657314324997e-19,1.221930281188535e-07,1.224319562974324e-07,1.224319562972401e-07,2.3902223492633574e-10,0.0016225358318881812,0.0016225358318856327,3.1676545283962572e-06
v32.24,25042000,transverse,55,0.001,8.372044624604317e-06,8.370536948894201e-06,3.664317523824073e-20,1.508555902701895e-09,1.5088831686011194e-09,1.5088831685942013e-09,3.2739458898125193e-13,0.0001802287536985546,0.00018022875369772825,3.9105690863028026e-08
v32.24,25042000,transverse,55,0.0003,7.533605351644461e-07,7.53348325400478e-07,9.893657314324994e-22,1.2219302811885344e-11,1.221954134880863e-11,1.2219541348604521e-11,2.3863048561978095e-16,1.6220044425530343e-05,1.622004442525941e-05,3.1675469377711944e-10
v32.24,25042000,transverse,56,0.01,7.57660426011433e-05,8.725328228901058e-05,3.8601120358818895e-17,1.1757895419804763e-05,1.1488689798262024e-05,1.148868979827173e-05,2.6920578586936986e-07,0.1516337583941419,0.15163375839426999,0.003553119268569368
v32.24,25042000,transverse,56,0.003,7.757761734725234e-06,7.852795406010952e-06,1.0422302496881099e-18,9.523895290041858e-08,9.504418308461153e-08,9.504418308487348e-08,1.9476996065679107e-10,0.012251495513090519,0.012251495513124287,2.510646334817983e-05
v32.24,25042000,transverse,56,0.001,8.713574288478203e-07,8.725328228901057e-07,3.860112035881889e-20,1.1757895419804765e-09,1.175522615181724e-09,1.1755226151914097e-09,2.6692699198783613e-13,0.0013490705148817008,0.0013490705148928165,3.0633467180143136e-07
v32.24,25042000,transverse,56,0.0003,7.851843139973093e-08,7.85279540601095e-08,1.0422302496881097e-21,9.523895290041855e-12,9.523700721243336e-12,9.523700721505386e-12,1.945686862026204e-16,0.00012129254942395566,0.0001212925494272931,2.478000168038089e-09
v32.24,25042000,transverse,57,0.01,0.0005885308388219043,0.0005755802136809306,3.863002304840754e-17,1.2682224076818698e-05,1.2950790337547358e-05,1.2950790337538957e-05,2.6856722862639736e-07,0.022005287545291075,0.022005287545276798,0.0004563350140903469
v32.24,25042000,transverse,57,0.003,5.190514196564313e-05,5.180221923128376e-05,1.0430106223070033e-18,1.0272601502223146e-07,1.0292410116021255e-07,1.0292410115998407e-07,1.9808679285146467e-10,0.0019829268789658587,0.001982926878961457,3.816323110773525e-06
v32.24,25042000,transverse,57,0.001,5.757070614242202e-06,5.755802136809306e-06,3.8630023048407537e-20,1.26822240768187e-09,1.2684943366974292e-09,1.268494336688905e-09,2.7192990010306106e-13,0.00022033676876558514,0.00022033676876410447,4.723407411928279e-08
v32.24,25042000,transverse,57,0.0003,5.180324649756446e-07,5.180221923128375e-07,1.0430106223070032e-21,1.0272601502223141e-11,1.027279975526173e-11,1.0272799755022062e-11,1.9825344471075206e-16,1.983041691362858e-05,1.9830416913165932e-05,3.8270467222565476e-10
v32.24,25042000,transverse,58,0.01,0.00016271717864375698,0.00018620478071952232,3.7093396560946906e-17,2.4306334482569636e-05,2.349043719589066e-05,2.3490437195884493e-05,8.159260725590591e-07,0.14436359695812562,0.14436359695808773,0.005014381882477189
v32.24,25042000,transverse,58,0.003,1.656217126277366e-05,1.6758430264757008e-05,1.0015217071455662e-18,1.9688130930881406e-07,1.962792022733933e-07,1.9627920227322585e-07,6.02128402534604e-10,0.01185105498302416,0.01185105498301405,3.635564401438063e-05
v32.24,25042000,transverse,58,0.001,1.8596182471077123e-06,1.8620478071952231e-06,3.70933965609469e-20,2.430633448256964e-09,2.4298067526495316e-09,2.4298067526433376e-09,8.267249546538539e-13,0.0013066158908844009,0.0013066158908810702,4.445670265602468e-07
v32.24,25042000,transverse,58,0.0003,1.675646171148637e-07,1.6758430264757007e-07,1.001521707145566e-21,1.9688130930881398e-11,1.9687528208026983e-11,1.968752820786673e-11,6.027444070809723e-16,0.0001174921564409472,0.00011749215643999082,3.597086410359519e-09
v32.24,25042000,transverse,59,0.01,0.0008557683448887626,0.0008309670938199732,3.658374952791508e-17,2.3962536958040892e-05,2.4802132552642257e-05,2.4802132552645506e-05,8.396204263131176e-07,0.028982297254598933,0.02898229725460273,0.0009811305025804104
v32.24,25042000,transverse,59,0.003,7.49817372776358e-05,7.478703844379758e-05,9.877612372537071e-19,1.9409654936013122e-07,1.9470554840232405e-07,1.9470554840241138e-07,6.090180019864603e-10,0.00259670628437676,0.0025967062843779247,8.122217810604225e-06
v32.24,25042000,transverse,59,0.001,8.312067944296796e-06,8.309670938199731e-06,3.658374952791508e-20,2.3962536958040898e-09,2.3970885165744036e-09,2.39708851657734e-09,8.348468483738045e-13,0.00028838654022542376,0.00028838654022577705,1.0043792398817222e-07
v32.24,25042000,transverse,59,0.0003,7.478897940342891e-07,7.478703844379758e-07,9.877612372537068e-22,1.9409654936013113e-11,1.9410263471898743e-11,1.9410263471977406e-11,6.085549779936041e-16,2.5953373915153103e-05,2.595337391525828e-05,8.136960590288563e-10
v32.24,25042000,transverse,60,0.01,0.0001265248144644824,0.00012636725165564313,4.426183397874783e-19,1.3470005415597619e-07,1.5771124304390117e-07,1.577112430436639e-07,2.3013434541237038e-08,0.001246484681375868,0.0012464846813739926,0.00018188870411422168
v32.24,25042000,transverse,60,0.003,1.1374160811199804e-05,1.1373052649007883e-05,1.1950695174261911e-20,1.0910704386634072e-09,1.1091159147106744e-09,1.1091159147041492e-09,1.8047821510477798e-11,9.751188972276182e-05,9.751188972218813e-05,1.5867387326462481e-06
v32.24,25042000,transverse,60,0.001,1.2636860000009496e-06,1.2636725165564313e-06,4.426183397874783e-22,1.3470005415597621e-11,1.3494919006376803e-11,1.3494919006211746e-11,2.4916917092312086e-14,1.0679012829426504e-05,1.067901282929589e-05,1.971764907761371e-08
v32.24,25042000,transverse,60,0.0003,1.1373063552263341e-07,1.137305264900788e-07,1.1950695174261909e-23,1.0910704386634068e-13,1.0912521917884887e-13,1.0912521917538678e-13,1.81777464216974e-17,9.595059297556812e-07,9.5950592972524e-07,1.598315734205131e-10
v32.24,25042000,transverse,61,0.01,0.0001566410328705887,0.0001565322784313284,4.3260065786302096e-19,1.3592544467113546e-07,1.0877447166357087e-07,1.0877447166378651e-07,2.7155327189299253e-08,0.0006944187590580849,0.0006944187590594615,0.00017336024087465018
v32.24,25042000,transverse,61,0.003,1.4088987383228783e-05,1.4087905058819557e-05,1.1680217762301565e-20,1.1009961018361973e-09,1.0826093655847468e-09,1.0826093655910392e-09,1.8388805095049032e-11,7.68408215677346e-05,7.68408215681812e-05,1.3051899753234683e-06
v32.24,25042000,transverse,61,0.001,1.565336348156577e-06,1.565322784313284e-06,4.326006578630209e-22,1.3592544467113548e-11,1.3567485162630935e-11,1.3567485162840223e-11,2.5062044628574527e-14,8.667456792023467e-06,8.66745679215717e-06,1.601064503363058e-08
v32.24,25042000,transverse,61,0.0003,1.4087916063993855e-07,1.4087905058819553e-07,1.1680217762301562e-23,1.1009961018361968e-13,1.1008135539429343e-13,1.1008135540083114e-13,1.8256773056150188e-17,7.813884956032731e-07,7.813884956496796e-07,1.2959172224777212e-10
v32.24,25042000,transverse,62,0.01,0.00013666974867316715,0.00013653611889586828,2.1343125520500112e-19,1.0923125271452411e-07,1.3373590919561375e-07,1.3373590919557137e-07,2.4506833155718767e-08,0.0009785333659713578,0.0009785333659710477,0.00017931424761981931
v32.24,25042000,transverse,62,0.003,1.2289154100637384e-05,1.2288250700628144e-05,5.762643890535029e-21,8.847731469876454e-10,9.040354453358159e-10,9.040354453345035e-10,1.9264670416257293e-11,7.356368371106418e-05,7.356368371095738e-05,1.5676156599955176e-06
v32.24,25042000,transverse,62,0.001,1.36537213110846e-06,1.3653611889586826e-06,2.134312552050011e-22,1.0923125271452413e-11,1.0949724373272648e-11,1.0949724373271136e-11,2.6602482313299295e-14,8.019589768822404e-06,8.019589768821298e-06,1.948368632052158e-08
v32.24,25042000,transverse,62,0.0003,1.2288259544189853e-07,1.2288250700628143e-07,5.762643890535028e-24,8.847731469876449e-14,8.849672013061042e-14,8.849672013056827e-14,1.9407900959457074e-17,7.20172940784389e-07,7.20172940784046e-07,1.5793856639879922e-10
v32.24,25042000,transverse,63,0.01,0.00016297875987164056,0.00016290205635139437,2.1848127748209426e-19,1.0568057850439312e-07,7.67138168901535e-08,7.6713816890194e-08,2.897015793886263e-08,0.00047069824896552205,0.00047069824896577055,0.00017775419301066628
v32.24,25042000,transverse,63,0.003,1.4662021323790757e-05,1.4661185071625492e-05,5.898994492016544e-21,8.560126858855843e-10,8.364371771336529e-10,8.364371771344861e-10,1.95769532140521e-11,5.70478761871967e-05,5.704787618725352e-05,1.3352151645207555e-06
v32.24,25042000,transverse,63,0.001,1.6290311025095186e-06,1.6290205635139435e-06,2.1848127748209423e-22,1.0568057850439314e-11,1.0541383301031921e-11,1.0541383301084428e-11,2.667644841178795e-14,6.470952755164063e-06,6.470952755196295e-06,1.6375653215394687e-08
v32.24,25042000,transverse,63,0.0003,1.466119362786572e-07,1.466118507162549e-07,5.898994492016542e-24,8.560126858855839e-14,8.558183755968551e-14,8.558183755967906e-14,1.9432404476633043e-17,5.83730354648784e-07,5.837303546487401e-07,1.3254312690952354e-10
