seed,family,g_minus,g_plus,E_abs,prominence,real_pvp,null_pvp,delta_pvp,real_pvq2,null_pvq2,delta_pvq2,real_sigma,null_sigma,delta_sigma,real_gap,null_gap,delta_gap,real_pvq2_over_gap,null_pvq2_over_gap,delta_pvq2_over_gap,real_sigma_over_gap,null_sigma_over_gap,delta_sigma_over_gap,real_pvq2_asym,null_pvq2_asym,real_sigma_asym,null_sigma_asym,local_real_pvq2,local_real_sigma,local_real_gap,local_delta_pvq2,local_delta_sigma,local_delta_gap,C_group,A_group,cross_sum,self_sum,term_l1,term_count
25042000,dephasing,7,8,0.6360775789343718,0.14497958354565876,0.2894459042395546,0.8887669167215554,-0.5993210124820008,13.867239554754395,13.298813265824474,0.5684262889299205,410.0844905626242,78.63349045704211,331.45100010558207,0.0006196734328248188,5.470212799951746e-07,0.0006191264115448236,22378.302538386622,24311327.09488338,-24288948.79234499,661775.1687259356,143748503.63725477,-143086728.46852884,2.540190280342358e-13,0.026857985508891957,2.3305801732931286e-11,21.98067173457686,8.845787221645196e-05,3.1270267618781418,5.551115123125783e-17,-0.42775557773922657,11.544766925175509,2.12649332698156e-07,0.9941923752476889,0.007448535467485694,1267.2920865505585,166901.997313461,412.48001973507695,7
25042000,dephasing,6,9,0.6366972523671979,-0.1436758182501663,0.2895986694602438,0.949921648465376,-0.6603229790051321,13.867151096882179,12.870969230213031,0.9961818666691471,406.95746380074604,87.05123062033947,319.90623318040656,0.0006196734328247633,7.596706126378194e-07,0.0006189137622121255,22378.159789212157,16942828.926238056,-16920450.766448844,656728.9192077225,114590757.06255075,-113934028.14334303,1.1546319456101628e-13,0.24576078610944485,3.296918293926865e-12,0.7598260383370246,0.21549336801643904,153.52402852785758,-0.0009334024274868236,0.5403935102465818,166.06976413143497,-0.0009297233113843006,0.986606059970094,-0.007569846687318117,-1287.9457269500417,166902.32307010418,412.4822259992044,7
25042000,dephasing,5,10,0.993293207637656,-0.24555689335744857,0.7175949994657365,0.9251265191466873,-0.20753151968095085,13.436075902977082,13.092925479061872,0.3431504239152101,96.78237998315274,120.56044199079163,-23.778062007638894,0.002486478287798355,8.330552150326298e-06,0.0024781477356480286,5403.6570393196625,1571675.59158117,-1566271.9345418504,38923.47681380658,14472082.980246324,-14433159.503432518,2.4868995751603507e-14,0.7283424374286991,1.4637180356658064e-12,0.2834578750473895,-0.22121025930919025,-155.46092998880223,0.000933402427486768,-0.23546948210794305,-175.80745524506187,0.0009291397144688407,0.9236986276317136,-0.005148941789981783,-56.52622471014183,9423.355299913572,104.777009608962,7
25042000,dephasing,4,11,0.9957796859254553,0.09792852837223864,0.7096458684055658,0.9206544474599367,-0.21100857905437098,13.447421227690368,13.286363282313209,0.16105794537715923,97.5291561431639,113.37660284872454,-15.847446705560642,0.0024864782877984104,7.376007652160066e-06,0.0024791022801462503,5408.219847999175,1801294.6717079792,-1795886.45185998,39223.81169453872,15370998.53950425,-15331774.727809712,3.907985046680551e-14,0.5180156212798188,1.1652900866465643e-12,11.813168639848271,0.3831903529773957,-62.04517900784714,0.0002608976749894909,0.210657480240255,-60.50150498734535,0.0002619880921956308,0.9325992081781767,0.008181237836993888,89.47420877548029,9422.46208922254,104.57778141768752,7
25042000,dephasing,3,12,1.0997673619744652,-0.2708137561698763,1.1218879800526018,0.9210585647975456,0.20082941525505627,12.692385846448861,13.134735340090263,-0.44234949364140164,222.36629031886932,109.28011174766101,113.08617857120831,0.001964682937819484,8.60229756627362e-06,0.0019560806402532105,6460.271834261251,1526886.8856137493,-1520426.613779488,113181.76894520393,12703595.859797657,-12590414.090852452,7.283063041541027e-14,0.09150770661067575,9.094947017729282e-12,4.920051064325705,-0.4001986880002111,58.60643390921854,-0.00026089767498951866,-0.31173746241073896,66.56878519620436,-0.00026408960436191675,0.9580803427814188,-0.03248843817565149,-1750.1000463098608,51196.86711648596,232.0956608642184,7
25042000,dephasing,2,13,1.101732044912286,0.3502934907892682,1.1014856535732265,0.9427407785553904,0.15874487501783607,12.737747841207776,13.16002984904626,-0.4222820078384846,229.99055667613766,121.10832322056912,108.88223345556854,0.001964682937819595,3.444728735590985e-06,0.001961238209084004,6483.3605443452,3820338.5111508635,-3813855.150606518,117062.4288779039,35157579.16415195,-35040516.73527405,2.1316282072803006e-14,0.13750788625604038,5.258016244624741e-12,1.8465761013156339,0.3415623591320145,114.88757705862943,0.0009612506659605891,0.2177201729728857,51.89583041837942,0.0009621879676534051,0.9916969288111732,0.03160458843676207,1699.8563091480974,51195.799851052725,231.91617317182607,7
25042000,dephasing,1,14,1.9933419518841151,0.505330681683999,1.3605268716687138,0.9241413176965811,0.43638555397213263,12.099985117702664,12.937639985684003,-0.8376548679813389,7.839668916147129,6.95304141297719,0.8866275031699393,4.218160589852804e-05,1.617632905404065e-07,4.2019842607987634e-05,286854.539080621,79978837.85908978,-79691983.32000916,185855.15532543298,42982813.89893219,-42796958.74360675,4.842348744205083e-12,0.358715711986779,7.140776858705067e-11,1.2790362518015002,-0.31867072364550886,-112.0195593163022,-0.0009612506659607556,-0.1599203109829075,-53.157529285715164,-0.0009595882285496349,0.7960855475963229,-0.16545879745065545,-16.045964545048435,77.50637326103241,9.84777193844717,7
25042000,dephasing,0,15,1.9933841334900149,0.38145080773765794,1.3606816838433917,0.8933304982499095,0.4673511855934822,12.099563841488568,13.032750947646946,-0.9331871061583783,9.727899788761025,10.521819666559349,-0.7939198777983236,4.218160589897213e-05,2.0367266773124726e-07,4.197793323124088e-05,286844.5518757124,63988708.41542708,-63701863.86355137,230619.47456576262,51660440.174737796,-51429820.70017204,9.57456336436735e-13,0.23329343851479578,9.14770481585947e-11,0.13295829560623318,-0.0004212762140962667,1.8882308726138959,4.440892098500626e-16,-0.09553223817703937,-1.680547380968263,-4.190937674675155e-08,0.9878148974510396,0.17658116700795679,17.125032949749112,77.50700135148008,9.847897428877635,7
25042000,transverse,7,8,0.6360775789343718,0.14497958354565876,2.312227280684754e-13,1.375345890824239,-1.375345890824008,29.113660038514396,27.362388244882254,1.7512717936321422,4.953545184350635,170.860755959739,-165.90721077538836,0.0006196734328248188,5.470212799951746e-07,0.0006191264115448236,46982.26274732809,50020701.65373388,-49973719.390986554,7993.799511090221,312347548.82158554,-312339555.02207446,9.876544027065393e-13,0.10268137211645367,2.7000623958883807e-13,38.18948831548897,3.2436275887448573e-12,1.376455582473099,5.551115123125783e-17,0.09117553677132051,23.911310640295596,2.12649332698156e-07,0.5706125968685186,0.035842210661798775,2.7011228438342876,21.836487049569918,8.681100297356602,7
25042000,transverse,6,9,0.6366972523671979,-0.1436758182501663,2.344070608873888e-13,1.3757307664889238,-1.3757307664886893,29.113660038511153,27.45356378165033,1.6600962568608217,3.577089601877536,193.3956110175615,-189.81852141568396,0.0006196734328247633,7.596706126378194e-07,0.0006189137622121255,46982.26274732706,36138772.94308223,-36091790.6803349,5772.5398772890385,254578244.5710649,-254572472.0311876,9.592326932761353e-13,0.33908705508130765,9.903189379656396e-14,32.19547044351867,-2.135180920959101e-12,0.3627715412099475,-0.0009334024274868236,-0.16631862881067505,22.997103528764768,-0.0009297233113843006,0.4114386547531751,-0.11962016129998254,-9.041777978906373,21.837347998769253,8.694101928813192,7
25042000,transverse,5,10,0.993293207637656,-0.24555689335744857,3.622208584716373e-14,1.3109262033544973,-1.310926203354461,29.11366003851218,27.212102060801328,1.9015579777108513,1.4750909369845422,261.19913005049364,-259.7240391135091,0.002486478287798355,8.330552150326298e-06,0.0024781477356480286,11708.793188092057,3266542.4295717855,-3254833.6363836937,593.2450503280514,31354359.8716038,-31353766.626553472,7.496225862269057e-13,1.3040552307347966,2.3314683517128287e-14,19.122609637940343,-7.815970093361102e-14,-1.882921809905981,0.000933402427486768,0.0005784921980698243,-40.4780718889605,0.0009291397144688407,0.28580494965028885,-0.11088000489915074,-2.9535976536541373,5.12949092602803,5.161180514156421,7
25042000,transverse,4,11,0.9957796859254553,0.09792852837223864,3.598028404905498e-14,1.3990841344676883,-1.3990841344676523,29.113660038513366,26.971797324348625,2.1418627141647413,3.1389358919035106,251.81234892531674,-248.67341303341323,0.0024864782877984104,7.376007652160066e-06,0.0024791022801462503,11708.793188092273,3656693.2406109865,-3644984.447422894,1262.4022929565986,34139382.820674464,-34138120.418381505,7.460698725481052e-13,0.4154788017874296,5.062616992290714e-14,36.11039433110312,1.1617373729677638e-12,1.557786734217626,0.0002608976749894909,0.15504243532035034,-2.9024172375314947,0.0002619880921956308,0.6043883470186415,0.17752598966784078,4.788446833790498,5.064471699689804,5.193574474735412,7
25042000,transverse,3,12,1.0997673619744652,-0.2708137561698763,6.38470155913576e-14,1.3430648653497124,-1.3430648653496484,29.11366003851223,27.0415774585343,2.0720825799779305,1.6872073783872275,233.50515985664163,-231.8179524782544,0.001964682937819484,8.60229756627362e-06,0.0019560806402532105,14818.503015465798,3143529.6500965245,-3128711.147081059,858.7682754856035,27144510.87720189,-27143652.108926404,3.730349362740526e-13,0.035149154464107824,8.881784197001252e-15,42.84838646756074,-1.1191048088221578e-12,-2.7113024276133917,-0.00026089767498951866,0.16512625967674843,26.208766262220735,-0.00026408960436191675,0.2725969407414176,-0.13891502738837144,-5.321624238397137,8.168292976081565,6.189384861760907,7
25042000,transverse,2,13,1.101732044912286,0.3502934907892682,6.353077352843359e-14,1.382477097167171,-1.3824770971671074,29.11366003851333,27.441610112075708,1.672049926437623,5.658083720097728,273.0381081676348,-267.38002444753704,0.001964682937819595,3.444728735590985e-06,0.001961238209084004,14818.503015465521,7966261.560322185,-7951443.05730672,2879.8966037629807,79262586.14984724,-79259706.25324348,4.298783551348606e-13,0.5392200572433445,9.237055564881302e-14,16.782916942525503,-1.545430450278218e-12,2.6572393476242446,0.0009612506659605891,-0.2985692178815924,-147.2895697018401,0.0009621879676534051,0.9097124464807176,0.6180990780921902,23.910494663202883,8.103416720431534,6.219639779565895,7
25042000,transverse,1,14,1.9933419518841151,0.505330681683999,2.044292301739161e-12,1.3044753913293925,-1.3044753913273481,29.113660038517523,27.244504329857023,1.8691557086605002,4.314481366559739,12.677438379699215,-8.362957013139475,4.218160589852804e-05,1.617632905404065e-07,4.2019842607987634e-05,690198.0002504709,168422045.81052136,-167731847.8102709,102283.47818095508,78370304.76659687,-78268021.28841591,1.674393956818676e-11,1.4863725215550083,1.4956924587750109e-12,1.0678039976780358,6.849631972727366e-12,-0.7548682894032472,-0.0009612506659607556,0.26575217539757645,135.47642946068808,-0.0009595882285496349,0.9537691879821993,0.7327246777798582,14.993790471041828,3.620958991352337,4.52361160427905,7
25042000,transverse,0,15,1.9933841334900149,0.38145080773765794,2.0537676582455337e-12,1.3063867940995468,-1.3063867940974931,29.113660038508012,27.578902898419788,1.5347571400882245,4.4806155918282435,24.779364091946306,-20.298748500118062,4.218160589897213e-05,2.0367266773124726e-07,4.197793323124088e-05,690198.000242979,135407972.04468817,-134717774.0444452,106222.02489302157,121662687.3304546,-121556465.30556159,1.6726175999792758e-11,0.11441317255723504,1.2869705301454815e-12,0.43539521203251397,-9.510614518148941e-12,0.16613422526850474,4.440892098500626e-16,-0.3343985685722757,-11.935791486978587,-4.190937674675155e-08,0.9827529238324475,0.7907048411069326,16.43618724703385,3.639728834695439,4.559249311978228,7
25042001,dephasing,7,8,0.12107350226526872,0.24195604963356715,3.0036385153151732,1.5716794130057967,1.4319591023093765,31.023441578185533,37.84685924672729,-6.823417668541758,7.32955184815606,69.67546569998225,-62.3459138518262,0.2421470045305367,0.0015427830172757076,0.240604221513261,128.11821330737638,24531.55033658486,-24403.432123277482,30.269017212772273,45162.19385342812,-45131.92483621535,2.1316282072803006e-14,1.345312598703316,3.552713678800501e-15,2.4313449116688304,-3.9797344118444826,2.417889544037428,-0.10000763791044845,-4.514483779766145,-7.857998461086808,-0.10028769757040279,0.7092927623589075,-0.04634324030259882,-4.948689236692218,58.671019531500114,10.33360586364936,7
25042001,dephasing,6,9,0.6915208447249023,-0.005264704595867947,2.24546429916849,1.6566948938215091,0.588769405346981,35.003175990030016,37.31210987880563,-2.308933888775613,4.911662304118632,59.399577694858024,-54.48791539073939,0.34215464244098515,0.0012627233573213603,0.3408919190836638,102.30220972689963,29548.918741755544,-29446.616532028645,14.35509472874037,47040.84814021616,-47026.49304548742,5.684341886080802e-14,0.3070862786364188,1.7763568394002505e-15,1.365215171235029,3.9421116048162688,-4.100985110361341,0.14397893891371577,4.546670538324669,21.72716698937309,0.14381194147455534,0.3824758231004079,-0.24825992210230435,-40.940735302330324,65.06516189203029,12.841758896821093,7
25042001,dephasing,5,10,1.0336754871658882,0.05494960587226683,2.9910865444898604,1.5894156478128962,1.4016708966769642,31.09868719224196,37.98647837790077,-6.887791185658806,10.695742980803885,100.77999388920264,-90.08425090839876,0.15420440252400203,0.0006486688190461276,0.1535557337049559,201.67185037016972,58560.666495053934,-58358.994644683764,69.36081464431008,155364.3260321968,-155294.9652175525,2.842170943040401e-14,0.17506520027510675,8.881784197001252e-15,29.17548084254051,-3.9231103617798055,1.680689651992969,-0.09397511995849162,-4.389331155467584,-31.636905687600745,-0.09355940947320951,0.6611509408329488,-0.171899309759889,-44.987805494523954,159.38672340593953,16.177460123294825,7
25042001,dephasing,4,11,1.1878798896898917,-0.10525845211616203,2.2371559603337294,1.6126430527880387,0.6245129075456908,35.04041911801352,37.72840528962035,-2.6879861716068305,13.1184443535032,75.52521940435983,-62.40677505085663,0.15420440252400214,0.0008660352513351066,0.15333836727266703,227.2335844144231,43564.514529237786,-43337.28094482336,85.07178873483392,87208.01986746825,-87122.94807873342,2.1316282072803006e-14,0.8105495161320135,3.019806626980426e-14,14.386174890532729,3.9410049702742214,-4.553388312380044,0.006995894051191276,4.191640111048427,6.695242090843543,0.006835836040437915,0.6218211468556819,-0.010036304903843744,-4.466913542592408,176.56049579855278,21.096812837321963,7
25042001,dephasing,3,12,1.4657756121441123,-0.17763079222889155,2.9908434940052673,1.586744535963029,1.4040989580422383,31.100141103236627,37.971602482888336,-6.871461379651709,24.647922350962606,72.76770572596419,-48.11978337500159,0.1402126144216197,0.0007632856621173634,0.13944932875950233,221.80701238276907,49747.564204933005,-49525.757192550234,175.7896210168811,95334.82592101327,-95159.03629999638,2.842170943040401e-14,2.0120983163730983,1.3500311979441904e-13,27.20731791221364,-3.9398812625569484,7.091290950147222,-0.006995894051190887,-4.754248046615242,16.44925168410454,-0.006831751054228619,0.8026432446448934,0.08652820617530568,81.59681835893082,525.9232578601539,30.708440537448773,7
25042001,dephasing,2,13,1.6059882265657337,0.16543473652008112,2.23733330000173,1.6125053891671104,0.6248279108346197,35.03962561357364,36.586066108039745,-1.546440494466104,21.994818448127567,88.7261135154832,-66.73129506735563,0.14021261442161903,0.0009888220668241576,0.13922379235479487,249.90351801165022,36999.645674923886,-36749.74215691224,156.86761522033385,89729.09939242019,-89572.23177719985,0.0,0.035735612444341314,1.4210854715202004e-13,46.44976272533471,1.9883652925583135,4.318649794269724,-0.06790885554619469,3.0892705955904116,-0.8352120192127046,-0.06819729453133155,0.8101110362564947,-0.00028640366603793657,-0.21112041867871767,483.9831589847735,27.150375027311302,7
25042001,dephasing,1,14,2.102347271530723,-0.04301265430471285,2.2456416388364886,1.5425989200081545,0.7030427188283341,35.00237953879403,37.40234033925535,-2.399960800461322,10.70441495675308,94.37679767803735,-83.67238272128427,0.27603032551400775,0.000637480501257226,0.2753928450127505,126.80628287350174,58672.13234834826,-58545.326065474765,38.77985122402742,148046.56376455337,-148007.78391332933,0.0,0.3631311569632203,8.881784197001252e-15,41.881959901723235,1.9715760082479221,-3.2765579711265094,0.06790885554619502,1.6039341978338335,-9.983706118023278,0.06801648856549886,0.9002249386703585,0.3908926171128821,55.268955918243,59.315543648116154,11.89082250105581,7
25042001,dephasing,0,15,2.378377597044732,0.060292081189264046,3.003881565799767,1.4804898867936833,1.5233916790060835,31.02198144751857,37.48333094964278,-6.461349502124207,5.967127407631611,86.61318554679795,-80.64605813916634,0.2760303255140064,0.0005014049742979587,0.27552892053970846,112.38613507320754,74756.5996969316,-74644.2135618584,21.617651598678513,172740.97782549774,-172719.36017389907,7.105427357601002e-15,0.5274431910723365,1.7763568394002505e-15,34.932703437540155,-3.980398091275461,-4.737287549121469,-1.3322676295501878e-15,-4.061388701662885,3.0263245821179225,0.000136075526957935,0.8690331623762286,0.36139764948750824,17.038966391197935,18.56764310771042,6.866397815378507,7
25042001,transverse,7,8,0.12107350226526872,0.24195604963356715,3.049964349828821,1.69228604094566,1.3576783088831612,32.95793784351727,39.76739752621532,-6.809459682698048,11.625865378129536,76.41993209567501,-64.79406671754548,0.2421470045305367,0.0015427830172757076,0.240604221513261,136.10714659640155,25776.40347405287,-25640.296327456468,48.011601054777536,49533.8172898867,-49485.80568883192,2.1316282072803006e-14,0.08720019164849901,1.7763568394002505e-15,6.4918530867708455,-0.0036628405569985034,6.064649505683269,-0.10000763791044845,-1.0293756068989808,8.447461328448782,-0.10028769757040279,0.650060715804843,-0.15555973092079958,-49.755365312719306,184.91611110311032,17.884276184472245,7
25042001,transverse,6,9,0.6915208447249023,-0.005264704595867947,3.049363818023317,1.6132990130074236,1.4360648050158935,32.96160068407427,38.74168475987334,-5.780084075799067,5.561215872446267,78.80274391844053,-73.24152804599426,0.34215464244098515,0.0012627233573213603,0.3408919190836638,96.33538931087129,30681.054987417694,-30584.71959810682,16.253515757587493,62406.97414959229,-62390.72063383471,2.1316282072803006e-14,0.5762457260746956,2.6645352591003757e-15,6.962586531620758,-0.03512944713016708,-4.546154128278252,0.14397893891371577,1.3909253826160182,3.730358777604991,0.14381194147455534,0.4304945853841838,-0.2638909074651786,-44.038097332726124,74.96521931267444,12.918201671417783,7
25042001,transverse,5,10,1.0336754871658882,0.05494960587226683,3.0372187869582907,1.6911001169537525,1.3461186700045382,33.0355224188916,40.568081653023725,-7.532559234132123,8.588874623319501,97.7385815529725,-89.14970692965301,0.15420440252400203,0.0006486688190461276,0.1535557337049559,214.23203149955202,62540.514453399184,-62326.28242189963,55.69798580804226,150675.62781373988,-150619.92982793183,2.1316282072803006e-14,0.807657881993002,5.329070518200751e-15,1.5273912801566922,0.03957999208138574,3.609217928006709,-0.09397511995849162,-1.372690231301739,-15.84930136812811,-0.09355940947320951,0.5013399340924753,-0.10783755916959596,-31.65031060849809,105.4190779035998,17.13183817855457,7
25042001,transverse,4,11,1.1878798896898917,-0.10525845211616203,3.038081007675375,1.6430517382924688,1.3950292693829063,33.030284169546164,39.569938099407864,-6.5396539298617,4.398097518179318,77.75738059523485,-73.35928307705554,0.15420440252400214,0.0008660352513351066,0.15333836727266703,214.19806198078524,45690.90927696722,-45476.71121498643,28.521218889938943,89785.46828822693,-89756.94706933698,7.105427357601002e-15,0.2806985870398009,1.4210854715202004e-14,12.694844121707575,-0.00598780178492575,-1.5246200004450134,0.006995894051191276,0.9498584645126442,6.098856722392597,0.006835836040437915,0.3622281678035373,-0.16648830748309207,-24.54420724203044,43.88746902144557,12.141787715870658,7
25042001,transverse,3,12,1.4657756121441123,-0.17763079222889155,3.0369719878479984,1.5864298973369313,1.450542090511067,33.037021523770576,40.48348707838714,-7.446465554616566,3.2565604139291615,73.02313308317244,-69.76657266924327,0.1402126144216197,0.0007632856621173634,0.13944932875950233,235.62089374090243,53038.4482345515,-52802.827340810596,23.225873273689025,95669.46781183523,-95646.24193856154,0.0,0.07466231944403035,2.6645352591003757e-14,25.833014156859136,0.007469041566736223,-3.124890704655928,-0.006995894051190887,-1.1840420908352698,13.777966817361502,-0.006831751054228619,0.2722367409786669,-0.188584112501694,-26.98546505609284,37.5906507856634,11.962236993515754,7
25042001,transverse,2,13,1.6059882265657337,0.16543473652008112,3.038321836784659,1.6080469220462366,1.4302749147384226,33.02882079486152,39.01401379256241,-5.985192997700892,8.364804718990861,102.09460061514486,-93.729795896154,0.14021261442161903,0.0009888220668241576,0.13922379235479487,235.56240592978264,39455.03958853325,-39219.47718260346,59.658004049749124,103248.70777110232,-103189.04976705257,2.1316282072803006e-14,0.41400989176791114,1.9539925233402755e-14,36.422443509235734,0.03024409551059648,5.040380369414056,-0.06790885554619469,0.6227293041517967,-11.856843663711857,-0.06819729453133155,0.9459601676259971,0.5702387645631334,44.588478296382505,25.381479690469444,8.842660616443686,7
25042001,transverse,1,14,2.102347271530723,-0.04301265430471285,3.0496046471326,1.5986370794915394,1.4509675676410605,32.96013187493127,38.72951092402008,-5.769379049088812,3.3922882852244483,97.37162008086547,-93.97933179564102,0.27603032551400775,0.000637480501257226,0.2753928450127505,119.40764774143861,60754.03223728182,-60634.62458954038,12.28954926929686,152744.4680877786,-152732.1785385093,1.4210854715202004e-14,0.5120840516205476,1.199040866595169e-14,22.927253656477234,-0.03249468531524968,-3.370844208154735,0.06790885554619502,0.6174233164498304,0.27336741884143123,0.06801648856549886,0.47224369532857713,-0.10757945065397032,-5.551143960528366,17.058763770599423,7.183342665621339,7
25042001,transverse,0,15,2.378377597044732,0.060292081189264046,3.0502111489391135,1.6570811321248464,1.393130016814267,32.956432325631525,39.74484405900792,-6.7884117333763925,5.161460267767506,99.93706280057839,-94.77560253281088,0.2760303255140064,0.0005014049742979587,0.27552892053970846,119.39424504993107,79266.95205737955,-79147.55781232961,18.698888457839395,199314.06332875954,-199295.3644403017,0.0,0.6628353642275329,2.6645352591003757e-15,7.472679506014174,-0.003699549299746252,1.7691719825430576,-1.3322676295501878e-15,-1.0190326842875805,-0.7962707371698627,0.000136075526957935,0.9611752587920404,0.6475976663801787,18.674341030920544,7.96633106482205,5.369947073184326,7
25042002,dephasing,3,4,0.7578537081199969,0.21125689067739073,4.579101681734677,3.186882237184096,1.392219444550581,60.36845861293777,72.1794276527087,-11.810969039770924,3.569147539701328,163.69162716588264,-160.1224796261813,0.47350587649181203,0.00019671290714368128,0.47330916358466835,127.49252250089377,366927.7664631739,-366800.273940673,7.537704845703318,832134.6552329708,-832127.1175281252,4.263256414560601e-14,0.648078967498293,4.440892098500626e-15,38.23333216044472,-0.002369035409010678,0.5450415927782126,0.05473688627918155,-0.438130042097562,-71.21000407865283,0.05797396622816109,0.3988632703721965,-0.11410382758070092,-9.136526606892494,21.875340767048552,8.948298338853826,7
25042002,dephasing,2,5,1.2313595846118108,-0.20306063620039955,4.578842995370812,3.212412578753712,1.3664304166171002,60.37082764834678,71.74366664602015,-11.372838997673362,3.0241059469231155,91.93658149445159,-88.91247554752847,0.4187689902126305,0.003433792856123219,0.41533519735650726,144.1626029131083,20893.41717805871,-20749.254575145602,7.221418055304482,26774.061612513447,-26766.840194458142,2.842170943040401e-14,0.6196382729035577,8.881784197001252e-16,55.06872098677472,0.8289874149306868,0.5252267052379684,-0.02736844313959086,0.07553322898709425,47.068690604216854,-0.030606628264578495,0.34772035601547857,-0.16462952061305672,-12.452068089497377,21.59728486771314,8.696948264911187,7
25042002,dephasing,1,6,1.6501285748244432,-0.10989891472461197,4.756196902012018,3.1471120483041446,1.6090848537078735,58.71522185389441,69.8009972674444,-11.085775413549989,1.4286109436689656,113.26846362097831,-111.83985267730934,0.4187689902126307,0.00019450255512754033,0.41857448765750316,140.20909672438174,358869.30750947766,-358729.09841275326,3.4114535150837835,582349.4891710047,-582346.0777174897,8.526512829121202e-14,0.00392094834816703,2.4424906541753444e-15,66.93676471672762,-0.8277172411206877,-4.374696672096828,-0.027384221041012236,0.8684252178950977,26.520617888300293,-0.02580119639843148,0.1588576208934628,-0.2838414006723188,-22.955543429778757,24.99647265814949,8.993027439502308,7
25042002,dephasing,0,7,2.123666007119101,0.4409221666881284,4.756214911347017,3.1603105872427224,1.595904324104295,58.71505054168341,71.25061280690022,-12.53556226521681,8.582509284608472,196.39097486829925,-187.80846558369078,0.4735374322946554,0.00012126153929337136,0.473416170755362,123.99241651745152,587578.0005935902,-587454.0081770727,18.12424678450354,1619565.2472558937,-1619547.1230091092,3.552713678800501e-14,0.2116747519690847,7.105427357601002e-15,7.963469083786833,-0.00017131221100186167,7.153898340939506,0.05476844208202469,-1.449786851666822,-75.96861290638144,0.05484168309785886,0.9806110645003678,0.6386405427502716,48.920565741657526,24.738899878733168,8.752205227238955,7
25042002,transverse,3,4,0.7578537081199969,0.21125689067739073,2.492583358655427,2.145785221361902,0.3467981372935247,29.144973674438788,30.955341960225716,-1.8103682857869288,1.0742255409808337,70.94386894040211,-69.86964339942128,0.47350587649181203,0.00019671290714368128,0.47330916358466835,61.55145082965569,157363.04449822192,-157301.49304739226,2.2686635885909845,360646.7413375368,-360644.4726739482,4.618527782440651e-14,0.9783269870494529,6.661338147750939e-16,24.530364975678594,0.002311573841382142,0.7424094983491157,0.05473688627918155,-0.05990792855332927,-28.58318386622777,0.05797396622816109,0.3556917750996298,-0.11131041683402071,-1.0152642912748457,2.16922480417041,3.020102280070832,7
25042002,transverse,2,5,1.2313595846118108,-0.20306063620039955,2.4930470059121115,2.071662768251991,0.4213842376601207,29.142662100597406,30.893122457831005,-1.7504603572335995,0.33181604263171793,41.61827557582522,-41.28645953319351,0.4187689902126305,0.003433792856123219,0.41533519735650726,69.59126100956087,8996.792687346202,-8927.201426336642,0.7923605863539178,12120.20565003231,-12119.413289445956,1.0658141036401503e-14,0.9739637546351467,1.4988010832439613e-15,16.318323707140117,-0.33340096470125147,-1.918309146434782,-0.02736844313959086,-0.13789275679235757,17.851014831102006,-0.030606628264578495,0.07599504162065461,-0.3510975438423896,-6.693481013620547,6.803582899768321,4.366285425410367,7
25042002,transverse,1,6,1.6501285748244432,-0.10989891472461197,2.356012100589945,2.136794698077734,0.2192174025122111,29.807152456158526,31.22191937125408,-1.414766915095555,3.4260248371521658,51.83133016632192,-48.40530532916976,0.4187689902126307,0.00019450255512754033,0.41857448765750316,71.17803169003486,160521.89828961922,-160450.72025792918,8.1811808353159,266481.4872603333,-266473.306079498,1.0658141036401503e-14,0.327340444154963,0.0,35.58567301227396,0.3324428135135662,2.233327254305344,-0.027384221041012236,-0.15609719694166735,17.36036305367346,-0.02580119639843148,0.9128086987801505,0.4055238637997273,5.712653595763061,6.024992589020463,3.753278032659636,7
25042002,transverse,0,7,2.123666007119101,0.4409221666881284,2.3560959848003273,2.0788891816990906,0.2772068031012367,29.806757184692515,30.57363626376669,-0.766879079074176,2.053579123061925,92.29845635555486,-90.24487723249294,0.4735374322946554,0.00012126153929337136,0.473416170755362,62.94488070405692,252129.70610408514,-252066.7612233811,4.336677489487462,761151.9439173099,-761147.6072398204,4.618527782440651e-14,0.02960561601204148,0.0,6.387932182634572,-0.000395271466011593,-1.3724457140902406,0.05476844208202469,0.6478878360213791,-41.83957190332318,0.05484168309785886,0.9984486748534774,0.7524710283377352,3.1831798332909176,1.0340073813848698,2.0567698418381783,7
25042003,dephasing,7,8,0.1551070112681196,0.30126142657254296,2.388142082708862,1.2963161998890773,1.0918258828197849,20.483043474406514,24.76165433927617,-4.2786108648696555,2.90152589618989,80.29942936322689,-77.397903467037,0.04334381976073007,0.0002915298859138271,0.04305228987481624,472.57125900482714,84936.93283506251,-84464.3615760577,66.94209029585116,275441.5010026193,-275374.55891232344,3.197442310920451e-14,0.07789443510076666,0.0,0.937609291277596,-2.6329543741949735,2.3247800698436887,2.636779683484747e-16,-3.442991228412666,2.6933286523064197,-0.00018121520622914333,0.6518844324277446,0.22263850675293353,4.410745125674513,4.008107400586033,4.450982032787687,7
25042003,dephasing,6,9,0.1984508310288504,-0.49672306662423593,1.7522180894540627,1.2659076302656551,0.48631045918840754,23.115997848601488,23.951617485058478,-0.8356196364569897,0.5767458263462013,80.66797794568961,-80.09123211934342,0.043343819760729804,0.0001103146796844201,0.043233505081045384,533.3170444185206,217120.8542106767,-216587.5371662582,13.306299018637537,731253.3397772488,-731240.0334782301,1.0658141036401503e-14,0.22094130394714995,3.1086244689504383e-15,32.73645099331044,0.4490202849192144,-1.3981222415653187,-0.14365677342302996,1.176183073458379,-26.604466290802193,-0.14231431736948486,0.12410140332609165,-0.15568891547704902,-3.3625846740453578,3.695220422253122,4.647375540393628,7
25042003,dephasing,5,10,1.1094807581979895,0.01745580661634183,1.1555753669291828,1.2278223060139142,-0.07224693908473134,24.850911652958033,24.595906207919114,0.2550054450389183,1.0482102396331499,30.623838429678603,-29.575628190045453,0.33065736660678946,0.0026140115805451947,0.32804335502624427,75.15608047078592,9409.256787909577,-9334.10070743879,3.170079803120366,11715.26501932769,-11712.09493952457,0.0,0.6668863955059514,1.5543122344752192e-15,0.4601227941167991,1.7349138043565127,-1.2527204068535251,0.29753521888133583,1.4091062145240905,58.842517006495086,0.294994701014817,0.17672797787897776,-0.2813030906266264,-9.896022701067796,10.994767407539582,5.931207113969009,7
25042003,dephasing,4,11,1.4401381248047804,-0.2869285765988241,1.7522180894540622,1.254312472126337,0.4979056173277252,23.115997848601552,24.588579751114906,-1.4725819025133546,4.025115466627149,100.77017374036478,-96.74505827373764,0.022900475690177502,3.6672748368382635e-05,0.02286380294180912,1009.4112524709036,670486.4196192593,-669477.0083667884,175.7655832605087,2747821.6993205687,-2747645.9337373083,1.7763568394002505e-14,0.3798461713094632,8.881784197001252e-16,0.5445475607620551,-2.267572243602366,3.2043176986022774,-0.15387844545830553,-2.036933589977753,-36.64174092612388,-0.15257149620715427,0.7309777498389232,0.22742320766271212,6.895776099578455,9.305778420102634,5.506481513991521,7
25042003,dephasing,3,12,1.4630386004949594,-0.6062689383091199,0.5196513736743837,1.3000044690961292,-0.7803530954217455,25.916228531449807,25.04253060155993,0.8736979298898788,0.5933852964165929,91.22439180159867,-90.63100650518207,0.022900475690176614,7.323241849410689e-05,0.022827243271682507,1131.6895282907522,341959.62821540755,-340827.9386871168,25.911483431373934,1245683.177989535,-1245657.2665061036,0.0,0.19626262809023842,5.551115123125783e-16,0.4860387741106109,4.116707869945774,-3.675318286080124,-0.15387844545830653,3.834117611597712,-9.381195624252598,-0.1537956215284803,0.09718393056634933,-0.2878900144499693,-10.732755673068796,11.084861783072204,6.105796431144328,7
25042003,dephasing,2,13,1.7936959671017496,0.44406866555291097,2.3881420827088613,1.2669802307106361,1.1211618519982252,20.48304347440651,24.931300935308823,-4.448257460902312,4.512291698366285,70.26685518648759,-65.7545634881213,0.3306573666067888,0.00027543994827228246,0.3303819266585165,61.94643018119884,90514.47000223555,-90452.52357205436,13.646427250877531,255107.7126874357,-255094.06626018483,7.105427357601002e-15,0.3266670537716223,2.6645352591003757e-15,13.10640040175035,-4.9005266177974,3.322327555979191,0.14242820761321678,-5.055376587656379,6.880644132577601,0.1432649414680266,0.9347357158028213,0.4871943264030102,11.353215505489848,9.007560865655455,4.827344908384923,7
25042003,dephasing,1,14,2.7480697140316206,0.5054742153902192,1.1555753669291828,1.2781409353956,-0.12256556846641709,24.85091165295802,24.510371329339762,0.3405403236182565,1.7865429883575952,56.42595172457332,-54.63940873621573,0.3535578422969674,0.002151115187670083,0.3514067271092973,70.28810757387964,11394.262599153255,-11323.974491579374,5.053043023316694,26231.0228889646,-26225.969845941283,2.4868995751603507e-14,0.5260272177379797,2.220446049250313e-16,7.6342293697673185,1.651275650029831,-1.5219285751312253,0.011450237845089528,1.7595701630863516,3.7734971669122928,0.00955902730137631,0.7721981543075691,0.45507774157983966,2.4358751069674724,0.7558607422822151,2.3135810133599586,7
25042003,dephasing,0,15,3.10162755632859,0.25650102813390296,0.5196513736743833,1.221376717244119,-0.7017253435697357,25.916228531449867,24.306030749483746,1.6101977819661215,2.104651428611356,53.17589974674609,-51.071248318134735,0.35355784229696696,0.00024436933964144814,0.3533134729573255,73.30124079013306,99464.32226377852,-99391.0210229884,5.952778235487639,217604.63004388617,-217598.67726565068,1.0658141036401503e-14,0.6305517561878382,1.7763568394002505e-15,18.406903455951095,1.0653168784918492,0.3181084402537606,-4.440892098500626e-16,1.269657458347865,3.5681604180809927,0.0019067458480281907,0.9114571681865666,0.6894458117459283,3.6761054862480234,0.7534521497077934,2.309106233481893,7
25042003,transverse,7,8,0.1551070112681196,0.30126142657254296,1.5791059199988227,1.5546560626614887,0.024449857337333958,35.679891696420825,35.22903362394595,0.45085807247487253,7.181934793150649,95.51887985535794,-88.33694506220729,0.04334381976073007,0.0002915298859138271,0.04305228987481624,823.1829103522427,120841.92848193701,-120018.74557158476,165.69685904004135,327646.9565236691,-327481.25966462906,4.973799150320701e-14,0.3085805165058204,1.1546319456101628e-14,12.612578697653035,1.4210854715202004e-14,-6.905529377321116,2.636779683484747e-16,0.6568156135759438,14.71527308082372,-0.00018121520622914333,0.4547369503353498,-0.08352663689773593,-20.834708139051884,72.41489551211977,15.793602846336261,7
25042003,transverse,6,9,0.1984508310288504,-0.49672306662423593,1.5791059199988216,1.5629066187837566,0.016199301215064965,35.67989169642081,35.88584923752188,-0.20595754110107123,14.087464170471765,117.13968231350277,-103.05221814303101,0.043343819760729804,0.0001103146796844201,0.043233505081045384,823.1829103522474,325304.3868701918,-324481.20395983953,325.01667477021107,1061868.4897477573,-1061543.473072987,6.394884621840902e-14,0.622429141008702,1.7763568394002505e-15,37.037335004267135,0.0,7.2951004382957265,-0.14365677342302996,-0.27636969406034595,-42.53013291790509,-0.14231431736948486,0.8429493134619838,0.41480064595335336,115.85163049672231,82.6050162576034,16.71211298887557,7
25042003,transverse,5,10,1.1094807581979895,0.01745580661634183,1.579105919998824,1.5201645297239585,0.058941390274865446,35.6798916964208,35.989925462977126,-0.3100337665563231,6.4027926712014285,39.110018059245974,-32.70722538804455,0.33065736660678946,0.0026140115805451947,0.32804335502624427,107.9059331493756,13768.08187493601,-13660.175941786634,19.36382889910174,14961.685078338078,-14942.321249438975,0.0,0.6071456390926855,7.993605777301127e-15,6.884279029363604,-7.105427357601002e-15,-3.9409348241308884,0.29753521888133583,0.054241004576464746,80.33065793831409,0.294994701014817,0.49476627812118096,-0.19959586772841947,-33.426448862150636,74.4222028525414,12.941045003138278,7
25042003,transverse,4,11,1.4401381248047804,-0.2869285765988241,1.579105919998822,1.4516266463456184,0.12747927365320355,35.67989169642082,36.20248369758532,-0.5225920011645044,6.599990820192868,129.62353932987915,-123.02354850968628,0.022900475690177502,3.6672748368382635e-05,0.02286380294180912,1558.0415087938404,987176.7268143243,-985618.6853055304,288.20321942149627,3534601.1710874094,-3534312.9678679877,1.4210854715202004e-14,0.5302078109437218,1.5987211554602254e-14,14.318733385934877,7.105427357601002e-15,-1.038223465990514,-0.15387844545830553,-0.14313329221901583,-40.82406611613723,-0.15257149620715427,0.3707287793188256,-0.17971282861917343,-56.95779136718956,100.5176701938196,17.802747421766494,7
25042003,transverse,3,12,1.4630386004949594,-0.6062689383091199,1.5791059199988227,1.4923869087819022,0.0867190112169205,35.67989169642081,36.128775347755465,-0.44888365133465413,8.873635901165336,140.56537530021888,-131.69173939905355,0.022900475690176614,7.323241849410689e-05,0.022827243271682507,1558.0415087939004,493344.0147229713,-491785.9732141774,387.48696844632667,1919441.9382930847,-1919054.4513246384,7.105427357601002e-15,0.6277433878320906,1.0302869668521453e-13,8.887425335388087,0.0,-1.8246619025006652,-0.15387844545830653,-0.04429705243931892,-28.742783990119122,-0.1537956215284803,0.412943463200729,-0.24059231257413463,-111.09736669652712,189.83878080297853,21.48874287144723,7
25042003,transverse,2,13,1.7936959671017496,0.44406866555291097,1.579105919998823,1.4878199084610408,0.09128601153778226,35.679891696420796,35.96647289304696,-0.286581196626166,14.796604787139133,97.6709670953217,-82.87436230818257,0.3306573666067888,0.00027543994827228246,0.3303819266585165,107.9059331493758,130578.2734808416,-130470.36754769222,44.74905531058367,354599.85999841377,-354555.1109431032,2.842170943040401e-14,0.5931654311588801,1.0658141036401503e-14,18.478220717152084,-7.105427357601002e-15,9.154584663179666,0.14242820761321678,-0.1050226900624125,11.840984172922447,0.1432649414680266,0.9015558659857372,0.1926497665657399,51.892829110262454,167.04668411652636,16.412299387527053,7
25042003,transverse,1,14,2.7480697140316206,0.5054742153902192,1.5791059199988233,1.5845844989610778,-0.0054785789622544545,35.679891696420796,35.59412505821365,0.08576663820714714,2.410404346753596,60.14935790991008,-57.738953563156485,0.3535578422969674,0.002151115187670083,0.3514067271092973,100.91670280771717,16546.82429943065,-16445.907596622932,6.817567193797389,27961.9419056118,-27955.124338418,1.4210854715202004e-14,1.0853693512478415,8.881784197001252e-16,23.055989897990194,-1.4210854715202004e-14,-6.704781377272859,0.011450237845089528,0.29340149115484593,36.23120883179696,0.00955902730137631,0.6138360573164696,0.17842722562055274,2.751288512828822,3.0587606020198095,3.9267884608982606,7
25042003,transverse,0,15,3.10162755632859,0.25650102813390296,1.579105919998824,1.5269961828653318,0.05210973713349221,35.679891696420825,35.808580205690056,-0.1286885092692316,3.4337666609137782,108.4997291426381,-105.06596248172433,0.35355784229696696,0.00024436933964144814,0.3533134729573255,100.91670280771739,146534.66862180966,-146433.75191900195,9.712036476423634,443998.94561991596,-443989.23358343955,0.0,0.5818481534686413,3.552713678800501e-15,8.962965668330767,2.842170943040401e-14,1.0233623141601824,-4.440892098500626e-16,-0.21445514747637873,-47.32700891856784,0.0019067458480281907,0.9111305200688762,0.603880956078013,8.576926817314636,3.2138266642883124,3.768688003837479,7
25042004,dephasing,7,8,0.12901729911163873,0.011433364660140138,0.3369970485521815,1.5635552365320113,-1.2265581879798297,40.40101994027354,37.76279980132365,2.6382201389498903,2.502207366702539,71.72014481576625,-69.21793744906371,0.08660058173904712,0.000222645689131315,0.08637793604991581,466.521345803584,169609.39126493214,-169142.86991912857,28.89365540571565,322126.8064771116,-322097.91282170586,5.684341886080802e-14,0.21068884184317227,1.3322676295501878e-15,8.457768812130453,-0.021446225639039085,1.9327312540102004,4.3021142204224816e-16,1.1215112496030883,43.49246787008586,-0.00014142185431262333,0.2223720581804988,-0.19087462925984777,-24.167647161333164,30.428688867313603,11.252346122872602,7
25042004,dephasing,6,9,0.21561788085068656,-0.270304246521539,0.30351406078432275,1.5992643515194693,-1.2957502907351466,40.42246616591258,38.90575727656578,1.516708889346802,0.5694761126923384,113.27988143184191,-112.71040531914957,0.0866005817390467,8.122383481826145e-05,0.08651935790422843,466.76899108735194,478994.3415454037,-478527.5725543164,6.575892462343259,1394663.0528502618,-1394656.4769577994,2.1316282072803006e-14,1.2822089789305195,5.551115123125783e-16,15.41664824027437,-0.01629298623041109,-3.5889014200168847,-0.12387308815754045,-0.9403280758879511,-33.164897550885925,-0.12346331862512994,0.07513973851820413,-0.11708775367092888,-6.725477730441209,7.0497807733683855,7.578893990353336,7
25042004,dephasing,5,10,0.5499646389048143,0.007604526945055118,0.19516297546906933,1.571390241558819,-1.3762272660897497,40.47649836401245,38.200644572492834,2.2758537915196158,5.8145476987159075,95.6876257861795,-89.87307808746358,0.33434675805412717,0.0007593410453262117,0.33358741700880096,121.06143513872426,50307.625022537664,-50186.56358739894,17.39077038627841,126014.03068508202,-125996.63991469574,0.0,1.1782401929333233,6.217248937900877e-15,43.24308209152569,0.03037097805994904,4.829466434643207,0.05826727627063022,0.1730877726876443,5.8252333497423905,0.057986247524047296,0.4282909279039003,-0.01713374790669771,-3.1579590734477847,36.966924014090175,13.57616358388186,7
25042004,dephasing,4,11,1.053717749883155,-0.0022203239900126515,0.21165619531206398,1.6029519855620826,-1.3912957902500187,40.46978860599242,37.78096545767528,2.688823148317141,1.4006864154530634,80.08690397071543,-78.68621755526236,0.4655583818279472,0.0008754007626682325,0.46468298106527894,86.92741917156273,43158.47902910025,-43071.55160992869,3.0086160407068006,91485.98834505185,-91482.97972901115,1.4210854715202004e-14,1.5386783982834231,5.10702591327572e-15,0.16283911068993007,-0.025138832610579698,-2.263359159476284,0.09289356423628331,0.14470278473173437,2.720036757001239,0.09336396276545667,0.12661856688755235,-0.21250244216717087,-26.004647514197533,27.966569948632287,11.062251373426054,7
25042004,dephasing,3,12,1.5192761317111034,-0.01120145642369863,0.035077597022166535,1.5391187651423859,-1.5040411681202193,40.51335651319356,37.70096957754236,2.8123869356511975,1.5135434511427879,74.4529739882064,-72.9394305370636,0.41098287712920056,0.0019322575383569074,0.40905061959084366,98.57675043833368,19511.3585167334,-19412.781766295066,3.6827409008258405,38531.599701516694,-38527.91696061587,7.105427357601002e-15,0.10058132473307069,3.1086244689504383e-15,0.17989269653206463,0.0243611538866233,-2.5301567800566223,0.02823850738667444,0.32484419520982044,-0.5410777763494252,0.027453567876279727,0.10737721566084064,-0.2698287470136249,-53.610977589833524,55.901791368330734,14.095573645003336,7
25042004,dephasing,2,13,1.9302590088403049,0.28818345607642304,0.07990518371767683,1.5119835080159718,-1.432078324298295,40.50820211262145,38.221939780055834,2.286262332565613,6.686714046945757,72.79720201311176,-66.110487966166,0.2999303576571051,0.0014192352932561603,0.2985111223638489,135.05869305478035,26931.362235477533,-26796.303542422753,22.294222229382772,51293.257967178004,-51270.96374494862,2.1316282072803006e-14,1.1027261093065022,1.7763568394002505e-15,19.069482822420966,-0.0012448858591440626,4.590242334311317,0.004753511298413393,-0.5267866022953243,5.474822828724854,0.004442682752395233,0.610500380262167,0.05321711446660796,6.384177416103036,38.32796732951859,10.952841739548594,7
25042004,dephasing,1,14,2.230189366497412,0.12976756423462926,0.09512868778007638,1.6934742928568103,-1.598345605076734,40.505537483767625,37.69182654969695,2.813710934070677,2.679399974126091,72.91059102684419,-70.2311910527181,0.1793708155881828,0.00028455595611909246,0.1790862596320637,225.82011098597127,132458.39961937803,-132232.57950839205,14.93776992282692,256225.8475318282,-256210.90976190538,2.1316282072803006e-14,1.1792411716462965,2.220446049250313e-15,3.191517407210142,-0.0018088418298063402,-4.719092075668638,-0.06027977103446125,0.3400212710916719,5.316165742844277,-0.05974203588303134,0.31280478395431416,-0.10153156026294868,-7.449538774713077,14.628722996059958,8.56572569081111,7
25042004,dephasing,0,15,2.409560182085598,0.32159579812431754,0.08998006686473312,1.5575084768667038,-1.4675284100019708,40.506490538573416,37.84537354518102,2.6611169933923975,8.110270052643703,93.09449567760245,-84.98422562495875,0.17937081558818302,0.00022534692184184024,0.17914546866634118,225.8254243074423,167942.71355409417,-167716.88812978673,45.21510383976873,413116.3404261667,-413071.12532232696,2.1316282072803006e-14,0.018400238024291582,5.329070518200751e-15,4.365673288258648,0.0009530548057909982,5.430870078517612,2.220446049250313e-16,-0.1525939406782797,-14.75303457224065,5.920903427747426e-05,0.9941191791125141,0.7754975235052524,51.61478718691319,14.161693139896188,8.158247243438193,7
25042004,transverse,7,8,0.12901729911163873,0.011433364660140138,1.9534212354414047,1.6028106094845622,0.35061062595684245,33.4567815269137,35.185539883537054,-1.7287583566233522,3.8110448715380434,67.50322098032412,-63.69217610878607,0.08660058173904712,0.000222645689131315,0.08637793604991581,386.3343739159717,158033.7801320952,-157647.44575817924,44.00715093371816,303186.74142624496,-303142.73427531123,1.4210854715202004e-14,1.0148420389188715,4.884981308350689e-15,9.119829183002715,5.547677979589526,-2.1385147416703134,4.3021142204224816e-16,4.728396587430797,6.4746620163119815,-0.00014142185431262333,0.2775474568761937,-0.15814216545773715,-29.816818462128126,44.34088147500453,13.73114678992733,7
25042004,transverse,6,9,0.21561788085068656,-0.270304246521539,3.05998897100348,1.5587329800407579,1.501255990962722,27.909103547324175,34.366258491378325,-6.45715494405415,5.949559613208357,76.1163977383064,-70.16683812509805,0.0866005817390467,8.122383481826145e-05,0.08651935790422843,322.2738575985852,423105.5892432673,-422783.3153856687,68.70115065896611,937118.9861771122,-937050.2850264532,0.0,0.7889165523176445,7.105427357601002e-15,20.3643112587868,-7.3792561583316605,3.227569626704169,-0.12387308815754045,-6.459683221450362,0.5776248023022674,-0.12346331862512994,0.550332278026967,0.07727556699414151,9.031541245639243,26.36571834548077,10.810849827923093,7
25042004,transverse,5,10,0.5499646389048143,0.007604526945055118,0.3907661264607554,1.5810478158942283,-1.190281689433473,37.11993788439798,35.3861229729822,1.7338149114157773,1.6329351014703322,79.4296848474849,-77.79674974601457,0.33434675805412717,0.0007593410453262117,0.33358741700880096,111.02227549754993,46601.093396420285,-46490.07112092274,4.883956736933508,104603.43917450431,-104598.55521776738,0.0,0.6196416296821496,2.220446049250313e-15,4.96789727890075,5.573725831894286,-2.613368669977767,0.05826727627063022,4.578506346563847,-8.100946688143011,0.057986247524047296,0.18780407997624718,-0.09939434352525284,-7.5143163233291705,10.18079336894309,8.694886190315243,7
25042004,transverse,4,11,1.053717749883155,-0.0022203239900126515,1.4454464681557457,1.4708109450832085,-0.025364476927462798,35.1833205576832,34.41554848392519,0.7677720737580103,2.543047929687842,71.7678159203329,-69.22476799064505,0.4655583818279472,0.0008754007626682325,0.46468298106527894,75.57230614029763,39314.0490065672,-39238.4767004269,5.462360960408305,81982.81173708792,-81977.34937612752,2.1316282072803006e-14,1.8645729032299414,6.217248937900877e-15,17.4024467814603,-1.487058795761925,-1.9860145906569224,0.09289356423628331,-0.8308467328307181,6.262161185666471,0.09336396276545667,0.30356824630057716,-0.1600887157492904,-11.234587428210201,17.701680200899812,8.377186878662696,7
25042004,transverse,3,12,1.5192761317111034,-0.01120145642369863,1.0255804344344996,1.4980937594606338,-0.4725133250261342,36.22082082249228,34.7573981207306,1.4634227017616794,7.425189939219196,80.60229854582768,-73.17710860660848,0.41098287712920056,0.0019322575383569074,0.40905061959084366,88.1321895342748,17987.973875514806,-17899.841685980533,18.066908264124447,41714.05568140142,-41695.988773137295,0.0,0.2846716203692097,0.0,11.592674647808053,0.06515146700029106,4.760745607263749,0.02823850738667444,-0.09019563655018459,-0.5138415508616134,0.027453567876279727,0.8561617574214541,0.48581829419753164,36.54074096903865,18.592704664443314,8.6726484508979,7
25042004,transverse,2,13,1.9302590088403049,0.28818345607642304,0.3802865980893054,1.614992364311899,-1.2347057662225938,37.12801815330077,34.788553550435054,2.339464602865718,2.7858407342230525,78.88760685507174,-76.10176612084868,0.2999303576571051,0.0014192352932561603,0.2985111223638489,123.7887969838229,24512.181817730492,-24388.39302074667,9.288291975459051,55584.586452947784,-55575.29816097233,3.552713678800501e-14,0.1620244991742723,3.9968028886505635e-15,8.812346387092973,5.3156556051527595,-2.726393375518345,0.004753511298413393,5.5143461989593625,-0.8443603312371977,0.004442682752395233,0.4184737906633935,0.013448693132721352,0.5960135410642522,7.164895055392174,6.657145074263179,7
25042004,transverse,1,14,2.230189366497412,0.12976756423462926,3.141453767952566,1.5691292005746362,1.5723245673779296,27.403904273803747,35.217090167752716,-7.813185893948969,3.599278280263598,80.9369812528781,-77.3377029726145,0.1793708155881828,0.00028455595611909246,0.1790862596320637,152.77794318960076,123761.563975184,-123608.7860319944,20.066130983800488,284432.5676985806,-284412.5015675968,1.0658141036401503e-14,0.37422624321963127,2.220446049250313e-15,33.805866141405374,-6.645216406833853,0.35706420238690395,-0.06027977103446125,-7.047241836790111,-1.2995398575992994,-0.05974203588303134,0.8360367667015804,0.5493166330437736,10.181290912492463,2.773513226284841,4.305167456287657,7
25042004,transverse,0,15,2.409560182085598,0.32159579812431754,2.5104606832238376,1.4899663056513361,1.0204943775725015,30.970223207974428,34.84157592515786,-3.8713527171834343,3.6985874215303363,79.67314753071204,-75.97456010918171,0.17937081558818302,0.00022534692184184024,0.17914546866634118,172.66032440349093,154613.0545755199,-154440.3942511164,20.61978371120257,353557.7361319834,-353537.1163482722,1.0658141036401503e-14,0.28184615053632456,0.0,7.0487166914474955,3.566318934170681,0.09930914126673818,2.220446049250313e-16,3.9418331767655346,1.3631428634327847,5.920903427747426e-05,0.9376727486655508,0.7564505243350909,11.769275148110097,1.9102737665923304,3.944433094375391,7
25042005,dephasing,3,4,0.5299808241488934,-0.04340674545915102,2.2545205445930883,2.022697006446533,0.2318235381465552,27.158152980018823,28.18754003449179,-1.0293870544729664,48.62878638203006,279.8787314348658,-231.24994505283576,0.006531732074290475,8.822714763767614e-06,0.006522909359526707,4157.879207402876,3194882.8437988292,-3190724.9645914263,7445.006290664865,31722518.400373586,-31715073.394082922,3.339550858072471e-13,0.32641244989693874,4.121147867408581e-13,19.92246495479236,0.17370180763966658,-2.875061347277189,-2.7755575615628914e-16,-0.1040320868926905,9.416257205500784,-2.611132170982078e-06,0.9261549291218818,-0.05253754433998231,-144.84027705595963,2509.599142045039,52.50610330189171,7
25042005,dephasing,2,5,0.5365125562231852,0.015085764677672087,2.2927199335358206,1.985070464372633,0.3076494691631877,26.984451172379156,27.909806139959432,-0.9253549675802759,51.503847729307246,292.1700499876438,-240.66620225833654,0.0065317320742907525,6.211582593063092e-06,0.0065255204916976894,4131.285678203398,4493187.641282958,-4489056.355604755,7885.174582103444,47036330.21219592,-47028445.03761382,2.7711166694643907e-13,0.49080687003734624,1.8474111129762605e-13,23.48378091272474,0.2272542313649133,-49.12393783488296,0.0025107663566814598,0.5618221174433735,-0.8934497443752036,0.0025093821568294428,0.9819398635337248,0.05200501478344438,143.07204745888248,2509.574283464795,52.45112215320347,7
25042005,dephasing,1,6,2.305579149893628,-0.0060136345573555405,2.425855511773367,2.025120669434016,0.4007348423393511,26.35624090200966,28.301208017583992,-1.9449671155743324,152.62678474635035,400.9223447214373,-248.29555997508695,0.0015101993609281106,8.320507183245951e-07,0.001509367310209786,17452.160015358586,34013801.555956684,-33996349.395941325,101063.9977046155,481848444.92259866,-481747380.92489403,1.1866063687193673e-12,0.3959382216370244,2.523847797419876e-11,11.762626281659323,-0.3050183379368505,49.094001949554794,-0.00251076635668121,-0.49138352384259676,-4.62932607816569,-0.0025083425788024194,0.9772949368200401,-0.018505864669557413,-451.35638990664665,23746.291811922907,156.17269566851314,7
25042005,dephasing,0,7,2.307089349254558,0.014022479549821942,2.4295984356469282,2.02641644072015,0.4031819949267783,26.338067307513867,28.319879523397063,-1.9818122158831954,155.56171786428388,402.2279833997899,-246.666265535506,0.0015101993609278885,3.0007460116721063e-07,0.0015098992863267213,17440.126111119112,94376129.8465123,-94358689.72040118,103007.40543864651,1340426620.0312512,-1340323612.6258125,8.846257060213247e-13,0.4107424157572268,2.879119165299926e-11,0.04295331858116924,-0.018173594495792145,2.934933117933525,-2.220446049250313e-16,-0.03684510030886301,1.6292944395809457,5.319761169353399e-07,0.9961239955294534,0.018581316314809578,453.16372028435944,23746.284344609543,156.1670219394953,7
25042005,transverse,3,4,0.5299808241488934,-0.04340674545915102,0.7738913514561969,2.3288007107227626,-1.5549093592665657,45.500443279791966,40.53186496678802,4.968578313003945,288.6073784822761,381.9065913119655,-93.2992128296894,0.006531732074290475,8.822714763767614e-06,0.006522909359526707,6966.060879760528,4594035.515376842,-4587069.454497081,44185.42818347716,43286743.54070104,-43242558.112517565,1.3500311979441904e-13,0.611769975163547,4.831690603168681e-12,11.5146525885026,0.09341965000442087,0.14822456956926544,-2.7755575615628914e-16,-0.14070150500224088,3.0487558538583244,-2.611132170982078e-06,0.9865172485057643,0.00038562643692094525,33.00443433117471,83261.21448007823,292.55178145076866,7
25042005,transverse,2,5,0.5365125562231852,0.015085764677672087,0.8320621814883571,2.5041561359769235,-1.6720939544885665,45.407023629787545,40.29774381178136,5.109279818006186,288.4591539127068,384.80712259625454,-96.34796868354772,0.0065317320742907525,6.211582593063092e-06,0.0065255204916976894,6951.758448346653,6487516.378963497,-6480564.62051515,44162.73518751596,61949932.53828671,-61905769.80309919,1.1368683772161603e-13,0.7254262855961642,3.524291969370097e-12,2.5651884313045343,-0.27961177325292397,-354.5955210924858,0.0025107663566814598,-0.09425220283986135,-280.6051396121558,0.0025093821568294428,0.9860377303159256,-0.0006139977116494271,-52.54704961607058,83261.23052564968,292.5437283422034,7
25042005,transverse,1,6,2.305579149893628,-0.0060136345573555405,0.47594493101824925,2.403482861348694,-1.9275379303304447,45.872827526288965,40.434341797600815,5.43848572868815,997.5019715281092,535.6884168412035,461.8135546869056,0.0015101993609281106,8.320507183245951e-07,0.001509367310209786,30375.345608739553,48596006.11729391,-48565630.77168517,660510.1268981353,643817023.4620526,-643156513.3351544,6.394884621840902e-13,0.19054031957409734,3.490185918053612e-11,2.543278791362809,0.24100129116641256,351.89181522056424,-0.00251076635668121,-0.0278657760030967,276.3716347159053,-0.0025083425788024194,0.9943011657312509,-0.005206166222727723,-5239.7390464381315,1000249.9222491203,1003.2191512061773,7
25042005,transverse,0,7,2.307089349254558,0.014022479549821942,0.49266851248369115,2.3722569737758397,-1.8795884612921485,45.85662884045756,40.03320564908125,5.823423191376307,1002.761158702383,535.5293500768347,467.2318086255483,0.0015101993609278885,3.0007460116721063e-07,0.0015098992863267213,30364.61941838101,133410843.48146327,-133380478.86204489,663992.5725344446,1784654042.6739469,-1783990050.1014123,4.334310688136611e-13,0.025055368051354776,7.37827576813288e-11,19.97530184461789,-0.016198685831405157,5.259187174273848,-2.220446049250313e-16,0.384937462688157,5.4182539386426924,5.319761169353399e-07,0.9995261427826094,0.005245940237165186,5279.952681083465,1000249.9887212234,1003.2365495822329,7
25042006,dephasing,7,8,0.11266242178677785,-0.055355429370897186,4.5266005630269024e-15,1.1122335879692586,-1.1122335879692542,21.35011075650242,20.34052845707364,1.0095822994287822,2.8181154115721343,35.03237165146403,-32.214256239891895,0.22532484357355442,0.0018079260242029188,0.2235169175493515,94.75258217380255,11250.752621939497,-11156.000039765695,12.506900556893969,19377.104584192904,-19364.59768363601,7.105427357601002e-15,1.1975297594272156,3.1086244689504383e-15,1.698456989264706,1.0658141036401503e-14,-16.926026900263476,0.1932420484700676,-0.4392368881417319,7.01158628343822,0.19154547487421753,0.3894911851574306,-0.14870357691636604,-7.784732583943012,15.726507056883397,7.235376611753269,7
25042006,dephasing,6,9,0.7039562032864877,-0.22745353201802465,4.2194536666421475e-14,1.1243746975801328,-1.1243746975800906,21.35011075650241,19.901291568931896,1.448819187570514,19.74414231183561,58.969984835165725,-39.225842523330115,0.03208279510348683,0.00011135242835286219,0.031971442675133965,665.4691615127397,178723.46264301613,-178057.9934815034,615.4121624424729,529579.6931190138,-528964.2809565713,1.7763568394002505e-14,0.2610037572316237,3.197442310920451e-14,6.963021552539729,-1.0658141036401503e-14,7.327773787309971,-0.09662102423503371,0.6972292459959561,7.259204553287361,-0.09581994586245343,0.6444791534196269,-0.21638776547752997,-203.09138412284864,592.9225397528672,30.635812201329706,7
25042006,dephasing,5,10,0.7360389983899754,-0.18707185787360436,4.1184738365478336e-14,1.1860107096437558,-1.1860107096437147,21.35011075650242,20.856513172782087,0.4935975837203337,22.014621637479145,82.77045955082221,-60.755837913343065,0.03208279510348666,1.6935577663357293e-05,0.032065859525823304,665.4691615127435,1231520.6240592748,-1230855.154897762,686.1815364424612,4887371.496627997,-4886685.315091554,7.105427357601002e-15,0.3402320843095019,6.039613253960852e-14,23.22496356917756,3.552713678800501e-15,10.994876653978134,-0.09552520272534512,-1.060103561096156,-27.531126383495227,-0.09456151700403997,0.7381828238078325,-0.11249469974717749,-100.05219960108951,584.6957654424557,29.8227226744714,7
25042006,dephasing,4,11,1.284959168961025,0.1953694402453777,6.446542297228907e-15,1.1533978486941323,-1.1533978486941259,21.350110756502424,19.69152765443996,1.6585831020624653,2.295347655166413,29.51892819153197,-27.223580536365557,0.22313320055417674,0.0018498901695841452,0.2212833103845926,95.6832542332427,10644.700954795931,-10549.017700562688,10.2868943279873,15957.124740096227,-15946.83784576824,0.0,0.5118598450548291,4.884981308350689e-15,23.271290399963732,7.105427357601002e-15,-10.190362736512682,0.09552520272534487,0.6203515173068865,22.08182503122939,0.09398294161709503,0.24756307914491296,-0.15166412578299535,-13.03791248340007,18.306533341478016,9.271768888537746,7
25042006,dephasing,3,12,1.5080923695152035,0.03664206004694588,7.430714420687893e-15,1.1671180433181527,-1.1671180433181454,21.35011075650241,19.767245170711586,1.5828655857908238,2.956799145879047,40.81177236772587,-37.85497322184683,0.22313320055417707,0.0005983225450052476,0.22253487800917182,95.6832542332425,33037.77425023858,-32942.09099600534,13.251273851383365,68210.32018335183,-68197.06890950043,1.0658141036401503e-14,0.0006696275921171946,8.881784197001252e-16,3.337603251568865,-1.4210854715202004e-14,-1.6702881397480942,-0.032240917420810755,-0.09052539257921843,-12.46162907040597,-0.03136614384802999,0.2961274154486921,-0.15937893452474214,-15.889759901549379,24.632421090620436,9.984888232651159,7
25042006,dephasing,2,13,1.795707404911004,0.17546348219488167,5.4886427743371015e-15,1.1821449013464893,-1.1821449013464838,21.35011075650242,19.6619119018248,1.6881988546776192,6.958826916087869,30.521934682604023,-23.563107766516154,0.2876150353957989,0.0010963020659878753,0.28651873332981104,74.23155304492914,17934.757683875654,-17860.526130830724,24.19493440776328,27840.807410228474,-27816.61247582071,7.105427357601002e-15,0.44187122664253664,4.440892098500626e-15,0.2377202024199434,1.0658141036401503e-14,0.35891268982989644,0.10638406980869597,0.21743451662145397,12.896334941085144,0.1066208472608432,0.9189919497303031,0.5510320092051343,31.595518204954832,16.829753843114116,7.57223925425035,7
25042006,dephasing,1,14,2.234259892413103,0.20339142229630397,1.0575806171484614e-14,1.159787649286014,-1.1597876492860033,21.35011075650241,19.991447666180903,1.3586630903215067,10.243029306636899,45.30694149999266,-35.06391219335576,0.13932873062002882,0.0020678364912649627,0.13726089412876386,153.23552193070282,9667.808722125552,-9514.573200194849,73.5169929493669,21910.31142519249,-21836.79443224312,3.197442310920451e-14,0.0878495909057797,2.6645352591003757e-14,17.806983045271515,-1.4210854715202004e-14,-0.2259349004652016,-0.07414315238788582,-0.20517625976267162,3.5192297688166505,-0.07515981983474512,0.6971182367010754,-0.21187616485921018,-45.74314764340633,150.66279702002788,14.693388821829192,7
25042006,dephasing,0,15,2.373588623033135,0.08441972263664951,1.0996642833894433e-14,1.1510826373843523,-1.1510826373843412,21.350110756502424,19.910630911011687,1.4394798454907374,13.979101498116332,67.582277655945,-53.60317615782867,0.13932873062003037,0.0010060360228234533,0.13832269459720692,153.2355219307012,19791.170951445893,-19637.93542951519,100.33179399473154,67176.79697619024,-67076.4651821955,1.4210854715202004e-14,0.32222749557739405,1.7763568394002505e-15,21.742808379842742,1.4210854715202004e-14,3.7360721914794333,1.5543122344752192e-15,0.0808167551692307,-18.53926396447291,0.0010618004684430637,0.9604541267452521,0.2113273088058445,44.767298243249144,150.64798045138863,14.554678988665628,7
25042006,transverse,7,8,0.11266242178677785,-0.055355429370897186,1.6826793423475932,1.301294163901548,0.38138517844604514,23.435479413360063,24.472900389082014,-1.0374209757219504,0.6666410789999675,32.11049006372065,-31.44384898472068,0.22532484357355442,0.0018079260242029188,0.2235169175493515,104.00752549822519,13536.450087813557,-13432.442562315331,2.9585777956275425,17760.95350907821,-17757.99493128258,1.7763568394002505e-14,0.37271210642858676,7.771561172376096e-16,16.596279504535442,2.8103434007291455,-2.7786938318874137,0.1932420484700676,3.0693517304359332,59.19415917095616,0.19154547487421753,0.10264493989675676,-0.126077266830886,-5.317969465389535,5.762379793599776,6.494631685405,7
25042006,transverse,6,9,0.7039562032864877,-0.22745353201802465,2.375237497576291,1.3057267316034729,1.0695107659728182,20.625136012630918,24.7319087187888,-4.106772706157884,3.4453349108873814,94.08334306656423,-90.63800815567684,0.03208279510348683,0.00011135242835286219,0.031971442675133965,642.8721670322712,222104.79901180437,-221461.9268447721,107.38886371259264,844915.054464961,-844807.6656012485,2.4868995751603507e-14,0.5234745449551461,3.1086244689504383e-15,10.59538496232004,-3.608127580772866,0.5704542381378879,-0.09662102423503371,-3.9531499441940987,-37.655494834271565,-0.09581994586245343,0.36577878345067516,-0.1563169487569439,-13.868578097220254,25.73891074539966,9.4191764715954,7
25042006,transverse,5,10,0.7360389983899754,-0.18707185787360436,1.111684041927334,1.3159100804774688,-0.20422603855013488,25.031047773447504,24.300872321653124,0.7301754517943806,5.083120266499019,79.60429792458889,-74.52117765808987,0.03208279510348666,1.6935577663357293e-05,0.032065859525823304,780.2015906876894,1434900.7045819152,-1434120.5029912274,158.43757534537886,4700418.226466815,-4700259.78889147,1.0658141036401503e-14,1.0958339194778688,7.105427357601002e-15,29.746176088679903,2.3722272313935946,0.3935876217187282,-0.09552520272534512,2.601764735371626,-6.9213459752493804,-0.09456151700403997,0.43843547307017533,-0.030893329539998064,-4.152542802545547,29.99065444623859,11.593770528885607,7
25042006,transverse,4,11,1.284959168961025,0.1953694402453777,1.254744639775955,1.2460333935808703,0.008711246195084676,24.692505071476898,24.328910932473505,0.36359413900339277,5.933730378673202,50.49538558867734,-44.56165521000413,0.22313320055417674,0.0018498901695841452,0.2212833103845926,110.66262219226115,13151.54344430223,-13040.880822109968,26.59277222724411,27296.42354931195,-27269.830777084706,2.842170943040401e-14,0.2377386210359198,8.881784197001252e-16,32.20747225046594,0.37864694899372964,0.7598096772654603,0.09552520272534487,0.5346950849626726,10.992080073763645,0.09398294161709503,0.5894449465518552,0.061714959321262516,6.254024335657498,28.95513187113172,10.066640512204636,7
25042006,transverse,3,12,1.5080923695152035,0.03664206004694588,1.634080998911795,1.2349229634210843,0.3991580354907107,23.596668471518832,24.669045815231772,-1.0723773437129402,5.2647211363164645,41.85101404576215,-36.58629290944568,0.22313320055417707,0.0005983225450052476,0.22253487800917182,105.75149019918946,41230.346443013295,-41124.59495281411,23.594521672440145,69947.24567063588,-69923.65114896344,1.7763568394002505e-14,0.7707845745705697,1.7763568394002505e-15,10.573808114795142,-1.1091444099555758,0.34216721816415596,-0.032240917420810755,-1.2897353349612501,5.977880415447139,-0.03136614384802999,0.5421907161078036,0.018778986782464317,1.770593016486405,25.94669562669091,9.710090895893691,7
25042006,transverse,2,13,1.795707404911004,0.17546348219488167,1.2440934414470195,1.263808326669116,-0.019714885222096523,24.719120691471915,24.647998847978688,0.07112184349322703,3.911377457631415,44.478068897412925,-40.56669143978151,0.2876150353957989,0.0010963020659878753,0.28651873332981104,85.94516158536327,22482.85359725965,-22396.908435674286,13.599349742786593,40570.99797338596,-40557.398623643174,1.7763568394002505e-14,0.18004865745736254,2.6645352591003757e-15,13.680229812179384,1.6365838155362553,0.0926833314982658,0.10638406980869597,1.694916037488973,-0.221858289383718,0.1066208472608432,0.5144394687717814,0.061764491171372476,3.5705059630543925,11.728367653012794,7.603183066357224,7
25042006,transverse,1,14,2.234259892413103,0.20339142229630397,1.9231442749234615,1.2326748506492735,0.690469424274188,22.56840528035249,24.74361632463104,-2.1752110442785515,2.372667115949833,46.476040507299736,-44.103373391349905,0.13932873062002882,0.0020678364912649627,0.13726089412876386,161.97955138125855,11965.944323525584,-11803.964772144325,17.029273900588862,22475.684467135423,-22458.655193234834,7.105427357601002e-15,0.43598444179342977,0.0,25.646265797654195,-1.8759380676259774,-1.785235662644784,-0.07414315238788582,-1.7052357559419598,13.179125556740168,-0.07515981983474512,0.5211842734746874,0.1360256618203346,2.8191089789498087,2.810440264159897,4.552453396437851,7
25042006,transverse,0,15,2.373588623033135,0.08441972263664951,1.4482137887889197,1.3148981157029087,0.133315673086011,24.16956600448502,25.18063842465143,-1.0110724201664105,4.404428099557819,78.40273455595646,-73.99830645639864,0.13932873062003037,0.0010060360228234533,0.13832269459720692,173.47151514929772,25029.559432654944,-24856.087917505647,31.611772245089437,77932.33321399183,-77900.72144174675,1.7763568394002505e-14,1.2506035554168236,3.552713678800501e-15,21.517553463211073,1.60116072413253,2.031760983607986,1.5543122344752192e-15,1.164138624112141,-29.894933065048733,0.0010618004684430637,0.8709003854912235,0.572510482270419,14.642847067618893,4.756139816555626,5.057327075442208,7
25042007,dephasing,7,8,0.04071080200621957,-0.09284231750236671,0.5037891974220547,1.4358640281946888,-0.9320748307726341,31.53817776520154,29.370489422885292,2.1676883423162465,1.6264319026316005,82.54847495537108,-80.92204305273948,0.08142160401243843,0.00016604011804734198,0.08125556389439109,387.34409801584826,176887.90979124134,-176500.5656932255,19.975434313270682,497159.8185194891,-497139.8430851758,1.0658141036401503e-14,0.026356040737852027,0.0,42.869854825611185,2.346034483118345,-2.154846759333811,-0.1827392755041723,3.4513069704248878,-26.160299842262297,-0.18264123227834744,0.43110254444364504,-0.08382225181288758,-1.1930809743162705,3.8383617082141193,3.7727262888939235,7
25042007,dephasing,6,9,1.1258353401692882,0.3240654314807774,1.6124013267662334,1.4246588162571359,0.18774251050909752,29.192143282083194,30.475761910191835,-1.2836186281086412,3.7812786619654117,58.543021872442594,-54.761743210477185,0.2641608795166107,0.000264083343872179,0.26389679617273853,110.50895702460576,115402.06005927674,-115291.55110225214,14.31430221191265,221683.88590527105,-221669.57160305913,0.0,1.5851205665084258,1.3322676295501878e-15,21.100797124050466,-1.8569915113098254,1.7208038984645504,0.17673424514164174,-2.9322677819284912,12.063777218605928,0.17661737159218235,0.5301584049082111,0.028652085935597146,1.457546138193683,12.840522181241251,7.132356342855836,7
25042007,dephasing,5,10,1.389996219685901,-0.40082315593598966,1.1099051757047482,1.4033940732753178,-0.2934888975705696,30.5600918215845,29.430481856261046,1.1296099653234535,2.4945176243701224,55.22351542979686,-52.72899780542674,0.09343166473749953,0.0001283794707782615,0.09330328526672127,327.0849546290805,229246.01322818748,-228918.9282735584,26.698845957401936,430158.45987696544,-430131.76103100803,7.105427357601002e-15,0.47178467274165214,3.552713678800501e-15,18.24483209290677,0.2827213000066209,-0.14044228932689728,-0.08536460738955493,1.0147811654438303,9.6167189043911,-0.08531066606278137,0.30274458444060126,-0.2797754873277435,-18.994595435703946,25.217213613997117,8.239677115874391,7
25042007,dephasing,4,11,1.4834278844234023,-0.32104769440383785,0.6552736524293836,1.3274314654606005,-0.6721578130312169,31.362597761072564,29.849321533204677,1.5132762278678875,1.4886411654286271,71.41833137458713,-69.9296902091585,0.0934316647374982,0.0001005582512314529,0.09333110648626675,335.6741833637198,296836.12401433964,-296500.4498309759,15.932940610777436,710218.5101668583,-710202.5772262475,6.039613253960852e-14,0.2778911006339939,2.220446049250313e-16,3.934064838819168,0.21986557802584628,-3.2543323809580644,-0.15961147091451566,-0.027350674259466246,-25.39845953578839,-0.158783321517174,0.34407850670508616,-0.12174024215857858,-2.27876279721241,4.4948153166211124,4.326457876383891,7
25042007,dephasing,3,12,2.0783567472733475,0.5230217733877107,0.25808676086109006,1.5058328504416876,-1.2477460895805974,31.725372544508936,29.773728705577682,1.951643838931254,6.991429468403261,43.32489300971674,-36.33346354131348,0.4126546065665282,0.001729035826367964,0.41092557074016023,76.88117868955419,17219.844870491077,-17142.963691801524,16.942569783904986,25057.25581217458,-25040.313242390675,1.0658141036401503e-14,0.5704333502576908,1.7763568394002505e-15,12.56482976001837,0.36443064197301567,5.125740056406276,0.20726127892794355,0.4079209606202472,32.62426220108222,0.20661963929026328,0.7855237972209044,0.23392775563208304,18.530836435784934,30.34924957587257,8.900340757515124,7
25042007,dephasing,2,13,2.4910113538398777,-0.11571447078535307,0.6577957712249436,1.4001077265755502,-0.7423119553506066,31.359286043999276,29.78511651524515,1.5741695287541262,2.242737658565345,70.22849893419824,-67.9857612756329,0.3173549905396711,0.0020742341261439368,0.31528075641352715,98.81453570549475,14359.573077999914,-14260.75854229442,7.066968301810872,33857.55641035331,-33850.4894420515,1.0658141036401503e-14,0.7848187841292038,5.329070518200751e-15,16.204407569496112,-0.28381559151111446,-2.8884285343112297,-0.047649808013428996,-0.2496072931069211,-28.169034123829327,-0.04877001747170606,0.3543485653682696,-0.2900993506473239,-11.620969198703248,16.650841403850418,6.329185095569668,7
25042007,dephasing,1,14,2.808366344379552,0.24357430905461758,0.4807812331288004,1.367364184131772,-0.8865829510029717,31.560830726511842,29.864920921721,1.6959098047908405,3.270902917349888,46.57089367964355,-43.29999076229366,0.317354990539672,0.00017901350936577742,0.3171759770303062,99.44961216094845,166830.54272009246,-166731.09310793152,10.306763765673313,260152.95630278645,-260142.6495390208,2.842170943040401e-14,0.27649104751282394,4.440892098500626e-16,4.386106053247907,0.02811713845535735,-0.36119335956029364,-0.13084163815968086,-0.023642904847987367,25.29233088054096,-0.1296182432399362,0.904791596496751,0.5172884219542554,6.760377532768231,3.9384283619597773,3.6150898505406635,7
25042007,dephasing,0,15,3.3874046112385923,0.16816385406296475,0.29298496297081267,1.417830172222282,-1.1248452092514691,31.706141132113693,29.841205241590163,1.8649358905235296,5.021454895255019,74.22033690529136,-69.19888201003634,0.5790382668590346,0.0007305827320769342,0.5783076841269577,54.756555735257606,40845.75768271474,-40791.001126979485,8.67206052286261,101590.5983628909,-101581.92630236804,4.973799150320701e-14,0.46175435646138396,8.881784197001252e-16,18.4348832730128,0.14531040560185104,1.7505519779051308,0.2616832763193626,0.16902608573268907,-25.898891247742682,0.26113170709665146,0.9576901815206722,0.37007367366897936,10.174129319836315,15.040879945244278,5.243297876649087,7
25042007,transverse,7,8,0.04071080200621957,-0.09284231750236671,2.2842686422326266,1.581175395720586,0.7030932465120405,32.05304685410294,35.13284189688125,-3.079795042778315,1.723602480133263,66.22287302849085,-64.49927054835759,0.08142160401243843,0.00016604011804734198,0.08125556389439109,393.66759280751,211592.48927336975,-211198.82168056225,21.168859309992904,398836.581226768,-398815.412367458,0.0,0.3664087978427375,1.3322676295501878e-15,21.948412903829784,-4.12807458644334,-4.71053161340023,-0.1827392755041723,-4.756570937981678,-16.56582973919489,-0.18264123227834744,0.5074595885840051,0.04216006882757083,0.486376525329975,2.484428984191563,3.3965315049869,7
25042007,transverse,6,9,1.1258353401692882,0.3240654314807774,1.043939003698932,1.4589223798391793,-0.4149833761402473,36.18112144054628,34.504345545342915,1.6767758952033631,6.434134093533492,54.36757490269619,-47.9334408091627,0.2641608795166107,0.000264083343872179,0.26389679617273853,136.96623628280724,130657.03061546973,-130520.06437918692,24.356877162535746,205872.79040593735,-205848.43352877483,2.1316282072803006e-14,0.3637570565970307,1.2434497875801753e-14,2.5258316993739527,2.055467155008458,4.974875125084707,0.17673424514164174,2.936178271007691,17.127929919319634,0.17661737159218235,0.6080962215437842,0.13109570593467312,14.676553170356247,26.721528363213853,10.580782885312214,7
25042007,transverse,5,10,1.389996219685901,-0.40082315593598966,1.0356970440324234,1.5977717878472877,-0.5620747438148643,36.19826171697271,35.63727142580305,0.5609902911696594,1.1949154567643072,66.8183863653714,-65.62347090860709,0.09343166473749953,0.0001283794707782615,0.09330328526672127,387.4303408664863,277593.22584649187,-277205.79550562537,12.789191545729983,520475.6333727289,-520462.84418118314,2.1316282072803006e-14,0.8088128779405679,2.5091040356528538e-14,14.447400096149252,2.067737026635548,-5.272056488360658,-0.08536460738955493,0.9808189926148181,6.32749500911865,-0.08531066606278137,0.10456388490089681,-0.22542486227328926,-29.438301584528432,30.866124533342653,11.427611530470653,7
25042007,transverse,4,11,1.4834278844234023,-0.32104769440383785,2.2783770855286827,1.4726703882733674,0.8057066972553153,32.079927940128044,34.596361238221725,-2.5164332980936805,6.499809796716438,102.46830082300522,-95.96849102628879,0.0934316647374982,0.0001005582512314529,0.09333110648626675,343.3517751209775,344042.988164064,-343699.636388943,69.56752633037246,1018994.4591136137,-1018924.8915872833,2.1316282072803006e-14,0.6984235848655942,4.884981308350689e-14,21.06281779141962,-2.0694433784729895,3.897008977392904,-0.15961147091451566,-1.5996594706379454,-29.494250408946044,-0.158783321517174,0.6466447580525311,0.19101541140331377,19.299150001704195,22.94837739178715,10.051592803893795,7
25042007,transverse,3,12,2.0783567472733475,0.5230217733877107,2.2738621690333063,1.5180152918648036,0.7558468771685027,32.10048092022936,34.49501886631049,-2.3945379460811296,4.01068618188276,71.33569650796116,-67.3250103260784,0.4126546065665282,0.001729035826367964,0.41092557074016023,77.79019162616356,19950.436156531927,-19872.64596490576,9.719232787084268,41257.50052143794,-41247.781288650855,2.1316282072803006e-14,0.22143427115827308,1.7763568394002505e-15,9.869651216989993,0.010540876380169095,-0.6507065942739922,0.20726127892794355,0.2128790389025106,16.636096646189458,0.20661963929026328,0.7221250532012056,0.3743034657036286,11.546128502314081,4.539475147231231,5.554005035697416,7
25042007,transverse,2,13,2.4910113538398777,-0.11571447078535307,2.2739784379848147,1.5753157035463676,0.6986627344384471,32.099952147570335,34.798352819443934,-2.6984006718735998,2.822975755597067,74.776698673844,-71.95372291824692,0.3173549905396711,0.0020742341261439368,0.31528075641352715,101.14840826351418,16776.482645252352,-16675.334236988838,8.895324919253728,36050.26922050314,-36041.373895583885,7.105427357601002e-15,0.17330750119988636,2.220446049250313e-15,42.798198059457,-0.21116601488810716,-2.167892070943916,-0.047649808013428996,-0.3355481528280464,-14.400495336999917,-0.04877001747170606,0.3734723777581391,-0.18378743882231172,-10.50057663980115,18.46976875649,7.558727026996443,7
25042007,transverse,1,14,2.808366344379552,0.24357430905461758,2.1792601219915575,1.6338510141389706,0.5454091078525869,32.52175540468753,34.85292249669751,-2.331167092009977,5.971049471199207,53.752494307614825,-47.781444836415616,0.317354990539672,0.00017901350936577742,0.3171759770303062,102.47752949901081,194694.37038677736,-194591.89285727835,18.815048287235857,300270.6024704684,-300251.78742218117,4.263256414560601e-14,0.10189629473599382,4.440892098500626e-15,12.795313223256223,0.3742523640043842,2.9096286838058405,-0.13084163815968086,0.4089957737622534,33.94137668078763,-0.1296182432399362,0.8623147998983295,0.39342411371391406,18.863863015632443,16.78956877187586,6.924442757915342,7
25042007,transverse,0,15,3.3874046112385923,0.16816385406296475,2.252970516938529,1.5291995590731053,0.7237709578654234,32.195053933795954,34.976978993466815,-2.7819250596708613,3.299865819189665,94.79178593534924,-91.49192011615958,0.5790382668590346,0.0007305827320769342,0.5783076841269577,55.60090891477084,47875.45264590726,-47819.85173699249,5.698873473578231,129748.18836173527,-129742.4894882617,0.0,0.348774108438505,3.552713678800501e-15,84.01536909892744,-0.3267014708915781,-2.6711836520095416,0.2616832763193626,-0.45075796766088416,-43.71047527974396,0.26113170709665146,0.9278111969688801,0.6806050611295579,8.609313391554949,2.279801033101343,3.556613489867538,7
25042008,dephasing,7,8,0.5131626004650008,-0.09536276064645816,2.3956337326447406,1.4280699036539133,0.9675638289908273,30.408404995009683,33.69426945854928,-3.285864463539596,3.732510858432353,101.59426204920061,-97.86175119076826,0.04134720539281855,0.00015416188857642066,0.04119304350424213,735.4403932772493,218564.19747897977,-217828.75708570253,90.27238535160201,659010.232602584,-658919.9602172324,1.0658141036401503e-14,0.40376657834346474,3.552713678800501e-15,9.946641663807654,-0.049925468764826064,1.4023149485726565,2.220446049250313e-16,-0.20952354850589217,17.451204516763084,0.00017031124619198978,0.5639747633605855,0.037486739348317435,1.6419521049016428,12.289685203413777,6.6182231917457575,7
25042008,dephasing,6,9,0.5545098058578203,-0.09597340304495028,2.385190875427065,1.488900670860573,0.8962902045664922,30.45833046377451,33.53467137880821,-3.076340915033704,2.3301959098596967,117.64315161739104,-115.31295570753134,0.04134720539281833,0.0003244731347681884,0.04102273225805014,736.6478622776491,103351.14924927824,-102614.5013870006,56.356793348467335,362566.6935459486,-362510.33675260015,1.7763568394002505e-14,1.04825749226179,7.549516567451064e-15,41.31955050946934,0.188249668687952,-1.6820828702225672,-0.10579853927843869,0.6138974600457736,-40.71355207943044,-0.10567010482363526,0.3397293747572682,-0.15818626555751616,-7.4419619460048025,12.871774924331673,6.858976829791626,7
25042008,dephasing,5,10,1.2549706683065056,0.5953725345637026,2.4526943105147865,1.503069864404272,0.9496244461105146,30.13175659516343,34.22636888178279,-4.094612286619359,4.292046701732174,55.62910276716572,-51.33705606543354,0.2529442839496955,0.0007516532905668116,0.25219263065912867,119.12408584475429,45534.78220786228,-45415.65812201752,16.968348265129244,74008.99253060752,-73992.02418234239,1.0658141036401503e-14,0.4523307510221031,1.7763568394002505e-15,56.60142697593881,-0.19373778424611388,2.639387650039455,0.10579853927843852,-0.8308594343780662,46.347427901821376,0.10610376877705321,0.4635336896040959,-0.05202443453262237,-4.460398262228345,22.88206315207837,9.259406161821829,7
25042008,dephasing,4,11,1.5079149522562028,0.24330778289815522,2.4402474630558464,1.5590770914307117,0.8811703716251347,30.19265829504458,33.64382308449346,-3.4511647894488817,0.9751221935257413,81.03113442050423,-80.0560122269785,0.2529442839496956,0.0017892924435948254,0.25115499150610077,119.36485704910872,18802.864341672648,-18683.49948462354,3.855086892256751,45286.69123405366,-45282.836147161404,1.0658141036401503e-14,1.7380445698042877,4.3298697960381105e-15,9.625836790724762,-0.12354412880423382,-3.0470746759999763,0.12151681896652838,0.4099427134547806,22.39023930613625,0.12011563677141446,0.11736244643043761,-0.2416856605142296,-16.68440249651871,17.635265788825166,8.308638948692257,7
25042008,dephasing,3,12,2.07203537886356,-0.49416096423571787,2.376303373616431,1.5078278216753511,0.8684755519410801,30.5006482525342,34.12825097172217,-3.6276027191879656,3.7523470373192604,157.30779403811522,-153.55544700079597,0.009910646016638935,2.456720639498755e-05,0.009886078810243948,3077.5640862691303,1389179.1530145388,-1386101.5889282697,378.6178046334682,6403161.658226258,-6402783.040421625,0.0,0.986882805156327,8.881784197001252e-15,8.234914150995934,0.18236163569655517,2.18293206222609,-0.12151681896652788,0.048674387726411084,-22.420927851919203,-0.12063099157926332,0.5913041333457882,-0.0269467581701346,-1.0851522872657178,15.165260575744389,6.345883320800218,7
25042008,dephasing,2,13,2.0819460248802004,-0.6440859331786009,2.3882108444114287,1.4751027956121687,0.91310804879926,30.443914938630712,34.345304363010584,-3.9013894243798717,2.1637077566605996,184.3767338274356,-182.21302607077502,0.009910646016638047,3.149674372426858e-05,0.009879149272913779,3071.8396043528646,1090439.8455814705,-1087368.0059771177,218.32156582206196,5853834.778652731,-5853616.45708691,2.842170943040401e-14,0.3122612936872997,4.440892098500626e-15,30.012502693411392,0.12744590418375168,-1.094118346569818,-0.05193949431798417,-0.22802208138868885,-68.08191774873016,-0.05135448674272736,0.42708880849015624,-0.04412161924464873,-1.132432341295348,5.814063597528587,5.0661776043950555,7
25042008,dephasing,1,14,3.027009784771498,0.8626643331401587,2.4525856069942455,1.4477324387669812,1.0048531682272643,30.132289816359716,33.851421783154116,-3.7191319667944,2.7633051691415744,77.47007481243531,-74.70676964329374,0.1137896346526055,0.0012084414315671754,0.11258119322103832,264.80698271290004,28012.463739557217,-27747.656756844317,24.284331148244018,64107.4302723697,-64083.14594122145,1.0658141036401503e-14,2.231855858616342,1.3322676295501878e-15,16.25418443752328,-0.1223990340051131,0.25792616453252926,0.05193949431798306,0.10264208321304835,50.80355020464677,0.05081114871063297,0.9809697946588914,0.7243153621160032,5.747435749507992,1.888419708296551,2.816911574838496,7
25042008,dephasing,0,15,3.1407994194241073,0.37345211376163195,2.466171772990701,1.5640250206577582,0.9021467523329427,30.065462762098946,33.80762143773397,-3.742158675635025,2.8470502525574903,71.6546638776635,-68.807613625106,0.11378963465260683,0.00012869490470990286,0.11366093974789693,264.2196967578555,262695.8815031667,-262431.66180640884,25.020295225038467,556779.3382277534,-556754.3179325283,1.0658141036401503e-14,0.8855332113743373,2.6645352591003757e-15,4.152017786292376,-0.06682705426077007,0.08374508341591591,1.3322676295501878e-15,-0.023026708840625076,5.899156018187739,0.0010797465268586048,0.99780018358981,0.728059882456231,5.927481509250073,2.1782136313375875,2.8533270482218063,7
25042008,transverse,7,8,0.5131626004650008,-0.09536276064645816,2.8481999874454475e-15,0.7788667372541968,-0.7788667372541939,9.606200298057221,8.98272414916261,0.6234761488946106,0.22286576364597782,28.60133521173215,-28.37846944808617,0.04134720539281855,0.00015416188857642066,0.04119304350424213,232.33009841399553,58268.12471040611,-58035.79461199212,5.390104640172043,185527.92441663676,-185522.5343119966,5.329070518200751e-15,0.05371580598615999,1.942890293094024e-16,12.525678772912016,3.552713678800501e-15,-0.2038230769110438,2.220446049250313e-16,0.08136019977708742,4.6045329756330275,0.00017031124619198978,0.17163142868383208,-0.19509429819740362,-0.32895588277524646,0.3786250313807514,1.2985137125236337,7
25042008,transverse,6,9,0.5545098058578203,-0.09597340304495028,3.1063027511117325e-15,0.7904484414477106,-0.7904484414477075,9.606200298057217,9.064084348939694,0.5421159491175231,0.4266888405570216,33.40969126427622,-32.9830024237192,0.04134720539281833,0.0003244731347681884,0.04102273225805014,232.3300984139967,27934.776034432864,-27702.445936018867,10.31965368646496,102965.97062849264,-102955.65097480617,5.329070518200751e-15,0.15649560691471898,3.3306690738754696e-16,2.8865196585016406,-3.552713678800501e-15,-0.09344150934383366,-0.10579853927843869,-0.07095538740528795,-12.84246181381063,-0.10567010482363526,0.265533930004135,-0.246941752063175,-0.6376421948002731,0.8197055614561685,1.6069089195131374,7
25042008,transverse,5,10,1.2549706683065056,0.5953725345637026,2.8332714867876114e-15,0.7964683721193794,-0.7964683721193765,9.606200298057221,9.00353377390621,0.6026665241510116,0.8173949361557327,12.720006707886698,-11.902611771730966,0.2529442839496955,0.0007516532905668116,0.25219263065912867,37.97753460982602,11978.306869536573,-11940.329334926746,3.2315216750195184,16922.70474635282,-16919.4732246778,0.0,0.18098801286948607,1.1102230246251565e-16,13.445728286755386,3.552713678800501e-15,0.36317354034213456,0.10579853927843852,0.17927447837756194,15.86605977824208,0.10610376877705321,0.41503038386740737,-0.09608051132606252,-0.3726828494372467,1.0408173310902809,1.969482158243314,7
25042008,transverse,4,11,1.5079149522562028,0.24330778289815522,2.534198182745384e-15,0.7415741406577914,-0.7415741406577888,9.60620029805722,9.301532155627843,0.30466814242937623,0.4817539510701746,23.036094627297068,-22.554340676226893,0.2529442839496956,0.0017892924435948254,0.25115499150610077,37.977534609826,5198.441534207987,-5160.4639995981615,1.904585245207532,12874.415643881997,-12872.51105863679,3.552713678800501e-15,0.08719940588984088,7.771561172376096e-16,5.361790333586239,-5.329070518200751e-15,0.012374449624794615,0.12151681896652838,-0.3539986138066995,4.513082790215741,0.12011563677141446,0.2875215098273913,-0.13712680906673116,-0.38497476257652596,0.6170616319482498,1.6755405581981926,7
25042008,transverse,3,12,2.07203537886356,-0.49416096423571787,1.3554909741419195e-14,0.7902585302561076,-0.790258530256094,9.60620029805723,8.89153330973609,0.7146669883211398,0.12136406673502736,42.353599227889326,-42.2322351611543,0.009910646016638935,2.456720639498755e-05,0.009886078810243948,969.2809411141743,361926.9186239356,-360957.6376828214,12.24582802486032,1723989.2296639285,-1723976.9838359037,1.4210854715202004e-14,0.13980238063141037,2.525757381022231e-15,1.6934505134162947,8.881784197001252e-15,-0.19205147609585488,-0.12151681896652788,0.21308756838912402,-6.952107251719497,-0.12063099157926332,0.06542714559640875,-0.25352216574302927,-0.8723288384237518,0.8870580751182161,1.8549497403366748,7
25042008,transverse,2,13,2.0819460248802004,-0.6440859331786009,1.3610113187656755e-14,0.7687064849119049,-0.7687064849118912,9.606200298057223,8.907709600622567,0.6984906974346554,0.14507713459158988,48.1509922772343,-48.00591514264271,0.009910646016638047,3.149674372426858e-05,0.009879149272913779,969.2809411142605,282813.66729853663,-281844.3863574224,14.638514416520739,1528760.963316136,-1528746.3248017195,0.0,0.10373668612980502,3.247402347028583e-15,2.259939627449981,-3.552713678800501e-15,-0.6044729998219094,-0.05193949431798417,-0.06750639456963992,-19.414714907195933,-0.05135448674272736,0.0682358264372992,-0.3049901218722402,-1.3786651585673724,1.3997125335486784,2.126113834422423,7
25042008,transverse,1,14,3.027009784771498,0.8626643331401587,2.9152498730577016e-15,0.8486006484070494,-0.8486006484070465,9.606200298057223,8.788873102369772,0.8173271956874508,1.3777362020919712,16.327901511831232,-14.950165309739262,0.1137896346526055,0.0012084414315671754,0.11258119322103832,84.42069725757104,7272.899515677696,-7188.478818420125,12.107747830442872,13511.537328421688,-13499.429580591244,1.0658141036401503e-14,0.11259871687521539,6.661338147750939e-16,0.9461559557544899,-1.7763568394002505e-15,0.7263701552371242,0.05193949431798306,0.1331431770065672,17.979109251476373,0.05081114871063297,0.9937771008299214,0.4448866979053458,0.8550737823465033,1.0430832602083038,1.386363401754174,7
25042008,transverse,0,15,3.1407994194241073,0.37345211376163195,2.279826535251753e-15,0.7856126581394729,-0.7856126581394706,9.606200298057225,8.936322958130113,0.6698773399271118,1.1576549591181042,19.010288938906662,-17.852633979788557,0.11378963465260683,0.00012869490470990286,0.11366093974789693,84.42069725757005,69438.04790309214,-69353.62720583458,10.173641585653717,147715.94090503143,-147705.76726344577,7.105427357601002e-15,0.24569065202243046,1.3322676295501878e-15,1.9189552352001975,1.7763568394002505e-15,-0.220081242973867,1.3322676295501878e-15,-0.14744985576033898,-2.902468670049295,0.0010797465268586048,0.9950507207712787,0.574061295284666,0.777009095133082,0.563155909237656,1.1634130149876059,7
25042009,dephasing,7,8,0.6575327561283675,0.2305225315940268,0.43055280987308886,1.4074512045661827,-0.9768983946930938,31.309664472916857,29.800848815587383,1.5088156573294746,224.1916952802315,256.9261485537213,-32.734453273489805,0.00270908940739073,1.05070922964412e-05,0.002698582315094289,11557.265104466553,2836260.306353363,-2824703.0412488966,82755.36963402126,24452640.30284985,-24369884.93321583,3.872457909892546e-13,1.1486526524737926,1.2136069926782511e-11,62.26628161854171,-0.0018725060984579045,17.51009322206417,4.440892098500626e-16,-1.195505650082378,12.931777026918809,-3.0788684697857782e-06,0.9824269935925206,0.07230758623146642,3765.497230790388,46496.41900183091,228.20188852955383,7
25042009,dephasing,6,9,0.6602418455357586,0.19556671617927335,0.4283727535586539,1.406200732078256,-0.977827978519602,31.311536979015315,28.607215671603463,2.7043213074118526,206.68160205816733,252.34783235857594,-45.666230300408614,0.002709089407390286,7.428223826211333e-06,0.0027016611835640747,11557.956298377865,3851151.5458997944,-3839593.5896014166,76291.90882159455,33971490.125019915,-33895198.21619832,4.476419235288631e-13,0.8136486219326535,1.057287590811029e-11,11.13199709784044,0.0033798342296762485,-3.9844853867118957,-7.459522132122198e-05,1.0419739435840008,-6.063900044536297,-6.415249736568818e-05,0.9058076069301312,-0.07257260580471685,-3778.3695154440793,46495.654144772205,228.17384230038098,7
25042009,dephasing,5,10,0.7800410731034981,-0.2181287428337183,0.434039604588803,1.4359601096640193,-1.0019205050752165,31.30664981665442,29.49077074632819,1.815879070326229,197.14047960952695,243.61068684778178,-46.47020723825483,0.002858279850032286,2.5234803267049077e-05,0.002833045046765237,10952.968729181921,1168654.6724474148,-1157701.703718233,68971.72073871638,9653758.11611268,-9584786.395373963,1.0658141036401503e-14,0.37957619091973527,2.5579538487363607e-12,26.341929363862363,-0.004417781316362834,-14.53920018410372,7.459522132097218e-05,-0.3871796893702957,1.9335595669320895,5.318518552566154e-05,0.8974402713550896,-0.08389450505828683,-4048.312466221374,42912.68116689411,219.6697495108513,7
25042009,dephasing,4,11,0.782899352953531,-0.1947149648106804,0.42946708614385376,1.3669757877700484,-0.9375087016261946,31.310598216926255,29.60880200494506,1.701796211981197,216.67775752909404,267.81906083905926,-51.141303309965224,0.0028582798500323414,2.2131111726553243e-07,0.002858058538915076,10954.35011955599,133788136.6773815,-133777182.32726194,75807.047909127,1210147344.3727903,-1210071537.3248813,0.0,0.3844798167999741,5.400124791776761e-13,11.262459837251356,-0.06600387150246334,-51.66176403925863,0.0008238394892580159,0.04658662115858725,-66.09801490199766,0.0008387796488047161,0.9865906218774382,0.0837027513833968,4037.3317078642867,42911.91889997024,219.62276219163778,7
25042009,dephasing,3,12,1.8367362006452574,-0.31004567550155576,0.2201949926853407,1.4103586493763112,-1.1901636566909706,31.446554360203017,29.952014248884026,1.4945401113189902,339.53856352717844,263.15493310485874,76.3836304223197,0.0012106008715163652,5.0881380608824855e-06,0.0012055127334554827,25975.988536018423,5886635.521774571,-5860659.5332385525,280471.1044870485,51719298.87830465,-51438827.773817606,8.277822871605167e-13,0.5763109390223988,1.2562395568238571e-11,2.660375560612522,0.07067745854572394,67.90579867602275,-0.0008238394892579326,-0.2736407842136934,73.50603399413734,-0.0008277781095888948,0.9815091772649902,0.03554107788777315,4253.241860025999,111033.19426207457,345.9351897995653,7
25042009,dephasing,2,13,1.8379468015167753,-0.2975067321070535,0.23213058527073,1.424458788413514,-1.192328203142784,31.441155586388334,29.606590007304163,1.8345655790841704,326.58777217321733,269.6912760068874,56.89649616632994,0.0012106008715162542,2.077724342575138e-06,0.001208523147173679,25971.52895405477,14249527.427979048,-14223555.899024993,269773.2835465189,129801278.4855912,-129531505.20204468,8.775202786637237e-13,1.041853392763123,1.0970779840135947e-11,57.832846359465975,-0.008436019081543122,-5.712480359474341,0.00014758800726138999,0.33361018164629286,-35.5878657208695,0.00015056653058420633,0.9439882968484086,-0.03654419458008303,-4374.062807270486,111033.63574033654,345.9659121448451,7
25042009,dephasing,1,14,1.9596790857528954,0.29919024318832,0.20594014729655452,1.432321538664611,-1.2263813913680566,31.452628850736737,29.945258167179972,1.5073706835567648,325.0619415382049,216.47684818612572,108.58509335207918,0.0009154248569933632,5.02435726990047e-06,0.0009104004997234627,34358.50426220704,5960017.681579633,-5925659.177317426,355094.07359315525,43085480.70078106,-42730386.62718791,2.014388655879884e-12,0.8043114262340261,7.44648787076585e-12,4.931911693031736,0.007437301438578459,-13.200707112518387,-0.00014758800726089039,-0.6035406692068719,20.863892161839175,-0.00015006678021062259,0.9282711660528528,-0.06789643951512427,-8325.868154389536,113991.13399098109,350.17994032974565,7
25042009,dephasing,0,15,1.9605945106098899,0.3146154216627788,0.2140389749553429,1.382172721653554,-1.1681337466982111,31.449227512207983,29.06197038576488,2.387257126443103,349.93752512822925,231.39161891407917,118.54590621415008,0.000915424856992253,3.013444297761403e-06,0.0009124114126944916,34354.7886776185,9644104.059714707,-9609749.271037089,382267.88627741043,76786426.44430928,-76404158.55803187,2.1529444893531036e-12,0.43959151069173785,3.410605131648481e-13,44.291233758460606,-0.0034013385287536835,24.87558359002435,-1.1102230246251565e-15,0.8798864428863382,9.960812862070895,2.0109129710288443e-06,0.9992669540212762,0.0690229258130306,8464.695616199577,113991.57587667253,350.19423360294707,7
25042009,transverse,7,8,0.6575327561283675,0.2305225315940268,1.0136903730677074,0.8149690402120245,0.19872133285568283,9.419107339922746,9.758834043857817,-0.3397267039350709,5.397236021614333,81.59347899842305,-76.19624297680872,0.00270908940739073,1.05070922964412e-05,0.002698582315094289,3476.853629941581,928785.4116560086,-925308.558026067,1992.269434478614,7765562.221820315,-7763569.952385836,1.509903313490213e-13,0.13073757113398088,2.930988785010413e-14,4.9246060838549965,-0.0008622481650952807,0.41738067097556364,4.440892098500626e-16,-0.011466875575727897,-2.3498803919796245,-3.0788684697857782e-06,0.8794547653576239,0.3057837314341,11.516756469408097,17.61340020360308,6.1370251594686325,7
25042009,transverse,6,9,0.6602418455357586,0.19556671617927335,1.0132649822652047,0.7935886281325353,0.2196763541326694,9.419969588087842,9.748229416447185,-0.328259828359343,4.979855350638769,78.82621793546787,-73.8463625848291,0.002709089407390286,7.428223826211333e-06,0.0027016611835640747,3477.1719096426077,1312323.0592553562,-1308845.8873457136,1838.2026584482321,10611718.195313472,-10609879.992655024,1.4210854715202004e-13,0.001030774816966229,2.3092638912203256e-14,10.036667140813734,0.0015348423798613453,0.3904073406842352,-7.459522132122198e-05,-0.02266817460462711,-1.1700402818769788,-6.415249736568818e-05,0.8101361894815319,0.19381729289731978,7.3233520744331635,17.475607238852533,6.146936052598479,7
25042009,transverse,5,10,0.7800410731034981,-0.2181287428337183,1.014353666567833,0.8340307888868508,0.1803228776809822,9.417762151493214,9.689218755067575,-0.27145660357436086,3.781659998294736,72.93806162739027,-69.15640162909553,0.002858279850032286,2.5234803267049077e-05,0.002833045046765237,3294.905553557618,383962.52400031564,-380667.618446758,1323.0544931602901,2890375.678998489,-2889052.6245053285,6.572520305780927e-14,0.16814758656698103,7.549516567451064e-15,9.742970793215136,-0.002014188523119742,-0.8276964376397542,7.459522132097218e-05,0.05476780099393874,5.432535326997126,5.318518552566154e-05,0.5914276027967768,-0.09221086368823517,-3.77002187000706,18.070974212709665,6.394121580412908,7
25042009,transverse,4,11,0.782899352953531,-0.1947149648106804,1.0134556825179786,0.7917036107623021,0.22175207175567646,9.419583091944826,9.743772072722082,-0.3241889807772562,4.238857521230211,79.57036884858644,-75.33151132735622,0.0028582798500323414,2.2131111726553243e-07,0.002858058538915076,3295.5426291929543,44027485.79969147,-44024190.25706228,1483.009972302834,359540767.0059191,-359539283.9959468,6.217248937900877e-14,0.11427532042523936,5.329070518200751e-15,5.571766243068353,0.005546023999787764,0.5605711558130975,0.0008238394892580159,0.01906578635861944,0.19582898318934383,0.0008387796488047161,0.6676603361093402,0.0024992823989679765,0.10073996957810394,17.86717311571175,6.34882333422907,7
25042009,transverse,3,12,1.8367362006452574,-0.31004567550155576,1.0180194143413823,0.843882511934408,0.17413690240697433,9.410311984396861,9.825364915094251,-0.41505293069739047,3.5749127325394916,85.4731917245351,-81.89827899199561,0.0012106008715163652,5.0881380608824855e-06,0.0012055127334554827,7773.257235978828,1931033.4738421272,-1923260.2166061485,2953.0069047956777,16798520.539694365,-16795567.53278957,4.618527782440651e-14,0.3219856319586025,6.306066779870889e-14,2.574179768774812,-0.0034894083118732766,-0.27509557634536064,-0.0008238394892579326,-0.03360742249868931,-1.4834100509552286,-0.0008277781095888948,0.5715310139055922,-0.14625004469807756,-5.721992608357304,18.50199365363052,6.254975925296057,7
25042009,transverse,2,13,1.8379468015167753,-0.2975067321070535,1.019144650626282,0.8376420233232487,0.18150262730303335,9.40801969347264,9.846721729092787,-0.4387020356201461,3.461159096539493,88.95938565126403,-85.49822655472454,0.0012106008715162542,2.077724342575138e-06,0.001208523147173679,7771.363720967157,4739185.813691112,-4731414.449970145,2859.0422970738973,42815778.69998264,-42812919.65768557,3.197442310920451e-14,0.09883588274758637,5.3734794391857577e-14,2.056877499344921,-0.003620350144691642,-1.2172426692416725,0.00014758800726138999,-0.054280500286148836,-10.228503523782166,0.00015056653058420633,0.5519812163394071,-0.16825377566466485,-6.61544930455905,18.595071596116934,6.270429127086883,7
25042009,transverse,1,14,1.9596790857528954,0.29919024318832,1.016714025444256,0.837278914122069,0.17943511132218692,9.412968102837805,9.76675824280841,-0.35379013997060405,5.78189079902284,74.423057868912,-68.64116706988915,0.0009154248569933632,5.02435726990047e-06,0.0009104004997234627,10282.62235936428,1943882.11628945,-1933599.4939300858,6316.07362947624,14812453.388766734,-14806137.315137258,1.545430450278218e-13,0.22814535616988607,5.950795411990839e-14,5.050592512611345,0.003195277782214845,1.1225343143901725,-0.00014758800726089039,0.004844558110355557,12.841458015571561,-0.00015006678021062259,0.9653394206938711,0.4279134841501545,15.350964206579071,18.07929700524552,5.989489991889974,7
25042009,transverse,0,15,1.9605945106098899,0.3146154216627788,1.0174229974470932,0.8754262845420193,0.14199671290507387,9.41152595663854,9.690093317180313,-0.2785673605417731,5.857553872725841,83.32457748892271,-77.46702361619687,0.000915424856992253,3.013444297761403e-06,0.0009124114126944916,10281.046974801764,3215620.5191444196,-3205339.4721696177,6398.727135257823,27650943.324494842,-27644544.597359583,1.5276668818842154e-13,0.0011149380929769137,7.815970093361102e-14,20.00829783843679,-0.001442146199265082,0.07566307370300152,-1.1102230246251565e-15,0.07522277942883093,-8.825856546307719,2.0109129710288443e-06,0.9784027629394761,0.45080169728858854,16.157820706810284,18.153116665075707,5.9868533640764365,7
25042010,dephasing,7,8,0.1583058936702383,-0.1862647791157669,0.26403781278073096,1.5633266068140237,-1.2992887940332927,37.58489074286345,35.290809750266575,2.294080992596875,5.923823575159076,77.06642235310287,-71.14259877794379,0.13478125509378786,0.0009197960697495955,0.13386145902403826,278.8584415296468,38368.08061147088,-38089.22216994123,43.95139050335278,83786.42276008351,-83742.47136958016,3.552713678800501e-14,0.5652627313746379,6.217248937900877e-15,3.872342111492131,0.0735037926919091,-3.4251455493370635,5.551115123125783e-17,-0.5104614315258189,-14.468227877881077,-0.0006460820680030122,0.31258411806171865,-0.1717840187054268,-61.695455240689064,96.78714099029948,18.951134215940662,7
25042010,dephasing,6,9,0.293087148764027,0.028842803939224337,0.3784438654145946,1.4816533447671394,-1.1032094793525449,37.51138695017154,34.70684452604885,2.804542424122694,9.34896912449614,66.02334002455885,-56.67437090006271,0.1347812550937878,0.0002737140017465278,0.13450754109204127,278.31308533274284,126799.66791830049,-126521.35483296774,69.36401592336146,241212.87038030155,-241143.5063643782,2.1316282072803006e-14,0.8848344391976042,1.0658141036401503e-14,4.813099074973557,-0.0838715677696058,2.6450889807863582,-0.008500999846275087,0.6656810933384953,13.29076263421426,-0.00769207456250709,0.35314443228903714,-0.1653394371107914,-115.87751648933991,203.28074018012217,26.47349998950096,7
25042010,dephasing,5,10,0.5227346185036909,-0.00033863675589912434,0.2213151969988718,1.5239284594867213,-1.3026132624878495,37.605626293018844,35.62198462404732,1.9836416689715222,7.483936712260487,76.27160500287064,-68.78766829061016,0.15178325478633792,0.0012454825012794268,0.1505377722850585,247.7587290241963,28600.951508716098,-28353.1927796919,49.30673494118614,61238.60024088683,-61189.29350594564,0.0,0.14543504716709776,2.6645352591003757e-14,7.849120822920469,0.039979368445848706,-2.410469566715097,0.008500999846274976,-0.6619692351692414,4.0425833234743465,0.007491978158048862,0.31623846058288246,-0.2145143504671576,-120.13987858357716,176.14918729669728,23.665485527807967,7
25042010,dephasing,4,11,0.6745178732900305,0.09492977303035516,0.18627885136822583,1.6942077831030589,-1.507928931734833,37.61990689897445,35.133227514815616,2.4866793841588333,10.439843433455028,99.42597576156132,-88.9861323281063,0.15178325478633808,0.0001992076243600982,0.15158404716197799,247.85281454091333,176364.87372243818,-176117.02090789727,68.78125948841303,499107.28106386977,-499038.49980438134,7.105427357601002e-15,0.6705576275003082,1.7763568394002505e-15,31.585481623757474,0.01012177400239267,-11.939781800168593,0.05836390301262917,0.1044109855936739,-20.739434131771105,0.05892077901719611,0.6959261372524429,0.1958497248536354,44.074220623728735,64.91611029132534,15.001367062706024,7
25042010,dephasing,3,12,2.1402718691778895,-0.289309924589217,0.20165007442651178,1.5704029793586798,-1.368752904932168,37.61394395692527,34.83304882876647,2.7808951281587966,37.275313754986755,104.98104185704699,-67.70572810206023,0.03505544876107991,0.0002666847565746533,0.03478876400450526,1072.9842374371744,130615.0725529587,-129542.08831552153,1063.3243924228816,393652.20271845406,-392588.8783260312,2.1316282072803006e-14,0.1428539748076929,8.597567102697212e-13,15.42752716761855,-0.006013703089720934,13.446538601434469,-0.05836390301262942,0.23748853762998934,32.60095427596711,-0.05840768961962581,0.8577938782915038,-0.02761071405025651,-52.13800009744841,1441.5870156301849,43.45486100836911,7
25042010,dephasing,2,13,2.175327317938972,0.09764326370106363,0.1860061514734525,1.5512168204596763,-1.3652106689862238,37.62000842105552,35.01987462415674,2.600133796898781,37.21770687364955,148.84493930159795,-111.6272324279484,0.035055448761080577,0.000246588674796433,0.034808860086284144,1073.1572337713783,142017.36820665747,-140944.2109728861,1061.681084937916,603616.2829638235,-602554.6018788856,1.4210854715202004e-14,0.5174732930989236,7.958078640513122e-13,37.31719559666601,0.008871222346250818,-15.323337646555395,0.008500999846276502,0.04934160094887119,-35.481133607092715,0.00844689439825419,0.8430465518978234,-0.031067407649409403,-60.54818445054684,1445.7058893834846,44.146680619080215,7
25042010,dephasing,1,14,2.52154928645529,-0.055215070977935904,0.21511919707045984,1.5372307442246527,-1.3221115471541929,37.60833044049327,35.287641176752246,2.3206892637410235,67.80677528542313,152.39324482507425,-84.58646953965112,0.018053449068528238,0.00011828169697358781,0.01793516737155465,2083.165953371989,298335.6011930734,-296252.4352397014,3755.890358016276,1288392.4455286055,-1284636.5551705891,2.842170943040401e-14,0.6498344637612661,8.384404281969182e-13,18.690178215494598,-0.008315460249342266,10.146063279363808,-0.008500999846276391,0.038979354957081824,25.702542131000286,-0.008482762330962124,0.85565620852853,-0.12655759421798718,-794.7595966681702,5392.518371276191,79.24534948683585,7
25042010,dephasing,0,15,2.5396027355238204,0.05584120205008852,0.20328140350708176,1.610412346641383,-1.4071309431343013,37.613283380429706,35.649997359760604,1.963286020669102,78.1037171384691,187.05450805182352,-108.95079091335442,0.018053449068528682,2.6449749779278164e-05,0.018026999318749404,2083.4403020527707,1347838.7378806244,-1345755.2975785716,4326.249064209113,7072070.987921776,-7067744.738857567,7.105427357601002e-15,0.5683470587658945,1.7337242752546445e-12,21.893746789851207,0.004952939936437417,10.296941853045965,4.440892098500626e-16,-0.3574032430719214,-24.364321373703305,9.183194719475374e-05,0.9934763037725023,0.11522361075278441,712.147348707751,5388.043282138499,78.61658787621758,7
25042010,transverse,7,8,0.1583058936702383,-0.1862647791157669,8.785904080768201e-15,1.1910771625767889,-1.19107716257678,23.569585135729753,22.038172587980434,1.5314125477493192,0.9538745265566119,59.329198464490915,-58.375323937934304,0.13478125509378786,0.0009197960697495955,0.13386145902403826,174.87287174562073,23959.846440722547,-23784.973568976926,7.077204659452503,64502.55705119793,-64495.47984653848,2.4868995751603507e-14,0.29989614945260357,2.220446049250313e-15,3.8807692380199654,3.552713678800501e-15,-1.8385767844516514,5.551115123125783e-17,-0.004428873598705252,-13.068950044505947,-0.0006460820680030122,0.14090446957642158,-0.2082271161540578,-9.542677515765556,10.452554128179154,6.769654145280769,7
25042010,transverse,6,9,0.293087148764027,0.028842803939224337,7.98509319926858e-15,1.1933087973742185,-1.1933087973742105,23.56958513572975,22.033743714381725,1.5358414213480245,2.7924513110082634,48.09882520443662,-45.30637389342836,0.1347812550937878,0.0002737140017465278,0.13450754109204127,174.87287174562076,80499.14718935723,-80324.2743176116,20.718395217978426,175726.5791940685,-175705.8607988505,0.0,0.0007204300277550146,8.881784197001252e-16,14.06885791536218,3.552713678800501e-15,1.5809098533345343,-0.008500999846275087,0.03141243949800554,6.222452776606801,-0.00769207456250709,0.5309991816100411,0.006190981742024514,0.17121548437099232,7.626568839980776,5.258861798131741,7
25042010,transverse,5,10,0.5227346185036909,-0.00033863675589912434,5.137935203168545e-15,1.2543744796612426,-1.2543744796612375,23.56958513572974,22.09213971977902,1.4774454159507187,1.4692083887908463,46.15153779092685,-44.682329402136006,0.15178325478633792,0.0012454825012794268,0.1505377722850585,155.28448885160716,17737.816225506805,-17582.531736655197,9.679647408134842,37055.14749787131,-37045.467850463174,1.7763568394002505e-14,0.15021576334286735,1.7763568394002505e-15,1.5886689525732294,-2.1316282072803006e-14,-1.4466507950074532,0.008500999846274976,-0.06987405726405527,9.159843738045836,0.007491978158048862,0.31715137826892137,-0.11173880875783315,-2.397936231338478,4.556509521031869,4.632514595427875,7
25042010,transverse,4,11,0.6745178732900305,0.09492977303035516,4.946974838784738e-15,1.244284981157349,-1.2442849811573442,23.569585135729774,22.01078761064825,1.5587975250815234,3.0392670565883355,65.41723944352366,-62.37797238693532,0.15178325478633808,0.0001992076243600982,0.15158404716197799,155.28448885160722,110491.69268170375,-110336.40819285213,20.023730950206886,328387.2274149106,-328367.2036839604,1.7763568394002505e-14,0.13482071393317696,4.440892098500626e-16,28.672252185111724,2.4868995751603507e-14,0.2699990470268707,0.05836390301262917,0.15999269992748033,-7.334341029824223,0.05892077901719611,0.7052913257607387,0.30086850583459257,5.5869832514470446,3.6501609898160794,4.309236404276109,7
25042010,transverse,3,12,2.1402718691778895,-0.289309924589217,3.0714274880296513e-14,1.210293707545656,-1.2102937075456253,23.56958513572976,22.249420901372392,1.3201642343573674,4.069327630332083,69.47426094241827,-65.40493331208619,0.03505544876107991,0.0002666847565746533,0.03478876400450526,672.3515450156708,83429.66874878015,-82757.31720376448,116.08259982824775,260510.8062221407,-260394.72362231245,1.7763568394002505e-14,0.5492077329437848,1.2523315717771766e-13,23.99784412903478,-7.105427357601002e-15,-1.0298728511424713,-0.05836390301262942,-0.23446763190937148,9.316487079501016,-0.05840768961962581,0.4504267739222724,-0.23534907934558252,-19.20920640077716,35.7686337637618,9.03438220356405,7
25042010,transverse,2,13,2.175327317938972,0.09764326370106363,3.031612708151854e-14,1.1863127587163296,-1.1863127587162992,23.56958513572976,22.019118928277805,1.5504662074519544,7.159133906360774,94.22400230259987,-87.06486839623909,0.035055448761080577,0.000246588674796433,0.034808860086284144,672.351545015658,89294.93192035404,-88622.58037533838,204.2231424607812,382110.0153134967,-381905.7921710359,2.4868995751603507e-14,0.3448136660596539,1.2168044349891716e-13,10.933192684785553,-3.552713678800501e-15,-2.8148065068859633,0.008500999846276502,0.06801907522179285,-21.76620936450888,0.00844689439825419,0.7958808956271177,0.18206247992671257,14.731442175999383,36.521756113206116,8.995232761203265,7
25042010,transverse,1,14,2.52154928645529,-0.055215070977935904,7.17667406272888e-14,1.1794817579448211,-1.1794817579447494,23.569585135729767,21.92485510562681,1.6447300301029557,15.878553196161391,81.07093794753563,-65.19238475137423,0.018053449068528238,0.00011828169697358781,0.01793516737155465,1305.5447214691824,185361.35062826,-184055.8059067908,879.5301737573102,685405.6039256749,-684526.0737519176,1.4210854715202004e-14,0.20902875876184268,1.865174681370263e-13,5.308387460766625,7.105427357601002e-15,1.8166080724065274,-0.008500999846276391,0.30199962626898014,20.786059563423592,-0.008482762330962124,0.7601699875309632,-0.2005322535909401,-87.49528556556564,339.6237371689012,20.88816114371378,7
25042010,transverse,0,15,2.5396027355238204,0.05584120205008852,7.193032503131133e-14,1.2294150772471613,-1.2294150772470893,23.569585135729763,22.434590535513767,1.1349946002159967,20.964756341148956,105.85677657450553,-84.89202023335658,0.018053449068528682,2.6449749779278164e-05,0.018026999318749404,1305.54472146915,848196.7021514117,-846891.1574299425,1161.2604473288902,4002184.423590961,-4001023.163143632,7.105427357601002e-15,0.6288096385158823,3.872457909892546e-13,26.830574844130695,-3.552713678800501e-15,5.086203144987564,4.440892098500626e-16,-0.509735429886959,-19.69963548198234,9.183194719475374e-05,0.999460507025475,0.22563791755614673,99.27969757051153,340.24131087325037,20.97607278505001,7
25042011,dephasing,7,8,0.6802424177959153,0.2721964799528467,0.26192848584608047,1.2713985556564311,-1.0094700698103507,26.574870614447327,24.88077711648046,1.6940934979668683,46.30065800609011,150.87939404881814,-104.57873604272802,0.008971782756607372,7.173803573190529e-05,0.008900044720875466,2962.050167217431,346828.24616864725,-343866.1960014298,5160.697629686972,2103199.4047435974,-2098038.7071139105,4.618527782440651e-14,0.03915752591413835,6.110667527536862e-13,29.705475932681395,-0.0068644472576764315,4.22783533019895,1.6653345369377348e-16,0.3395866831207712,-0.0837725560940612,-5.683564474895375e-05,0.9202874883055513,0.07168552013962413,181.45073495330575,1962.3001968436326,50.31108060736531,7
25042011,dephasing,6,9,0.6892142005525236,0.3121184038007371,0.24847954531454292,1.30212781762211,-1.053648272307567,26.581735061705004,25.227228246858907,1.354506814846097,42.07282267589116,146.56778616252512,-104.49496348663396,0.008971782756607205,1.4902390982785008e-05,0.00895688036562442,2962.815282406284,1692830.9206221323,-1689868.105339726,4689.46070332643,9835185.933038382,-9830496.472335055,8.171241461241152e-14,0.07752887932273111,6.394884621840902e-14,24.580904708935634,-0.019004527816711914,6.072208651435815,0.0016747709644752418,-0.2748899367967912,15.972663224872491,0.0017268791712767573,0.8348241642780708,-0.07580028585213187,-192.52366495565616,1962.646072872677,50.3972267169277,7
25042011,dephasing,5,10,0.9800437454496864,-0.2635214658565214,0.12987910358802218,1.2354350165499497,-1.1055559129619275,26.626608564596104,25.061908559277196,1.5647000053189082,25.700570042820573,162.05708742310546,-136.35651738028488,0.005622240827656555,6.228315983669575e-05,0.005559957667819859,4735.942372588569,402386.59414500865,-397650.6517724201,4571.232508646024,2601940.682650229,-2597369.450141583,4.227729277772596e-13,0.12679252817317632,3.446132268436486e-13,19.82256150226948,0.021382376317433227,-9.751076430984227,-0.0016747709644755748,0.05013407808574932,-15.813597769025748,-0.0017165879378822912,0.7737551082280171,-0.076183718915044,-84.05056223785971,744.5698627637894,33.215380124181316,7
25042011,dephasing,4,11,0.9856659862773447,-0.27073362463522266,0.12149004606300338,1.2455151945231466,-1.1240251484601433,26.62871731485234,24.95409227523212,1.6746250396202207,28.830470271718433,165.42134600760275,-136.5908757358843,0.005622240827657055,2.6029981877173647e-05,0.005596210845779881,4736.317445503179,958667.2934688056,-953930.9760233024,5127.932288118099,6355031.163224318,-6349903.2309362,4.121147867408581e-13,1.1082541815752798,2.3803181647963356e-13,15.922651478344505,0.021031608902212895,6.272337732257242,0.0008245588618344402,-0.09596593717917123,9.683242805318002,0.0008336737411282213,0.867100502975053,0.07815034997725366,86.39637164058615,744.7996444478528,33.24928329853348,7
25042011,dephasing,3,12,1.7398743087556474,-0.27485942184224027,0.23391087798731222,1.2409904504180842,-1.007079572430772,26.588762847304153,24.612280899024277,1.9764819482798757,19.41569503610181,175.60741473822154,-156.1917197021197,0.003973123103988674,8.006562505213921e-06,0.00396511654148346,6692.156812511377,3074013.4587092292,-3067321.301896718,4886.758987309032,21932934.96726778,-21928048.208280474,2.3803181647963356e-13,0.5269261583247662,2.5011104298755527e-12,8.813092594294346,-0.01621531157623224,-4.240609994299497,-0.0008245588618339128,0.3676364701281791,-5.505357988095284,-0.0008169199677162675,0.7042151736569935,0.010064447463481991,7.650416225823733,369.31879750914555,27.57068544160666,7
25042011,dephasing,2,13,1.7438474318596382,-0.33828522950305573,0.24947573676874263,1.2709139704507497,-1.0214382336820071,26.581239002908426,25.038173086225253,1.5430659166831724,18.48213978908418,183.26398748124873,-164.78184769216455,0.003973123103988119,5.2609313685447745e-06,0.003967862172619574,6690.2631273183715,4759266.246263741,-4752575.983136422,4651.791375538372,34834894.174249865,-34830242.382874325,2.6645352591003757e-13,0.41796586519027557,1.872280108727864e-12,11.52089966262696,-0.020266651802359092,-14.254386663307614,-0.003323888688143428,-0.16179200525912485,-54.92848707003266,-0.003306225790414896,0.6693799936430698,-0.03655640463276551,-27.86907286263488,369.45856404593115,27.610833853126195,7
25042011,dephasing,1,14,2.0931672488057,0.4168166770168619,0.170963984592009,1.4146888988205792,-1.2437249142285702,26.614248462117416,25.181014566512697,1.4332338956047188,46.05735786868178,109.57235941082584,-63.51500154214406,0.01062090048027442,3.7841095688939674e-05,0.01058305938458548,2505.837288612817,665440.9474161365,-662935.1101275237,4336.483328717883,2895591.615832943,-2891255.1325042252,5.3290705182007514e-14,1.4271900454289437,1.6413537196058314e-12,1.1447877099707995,0.01835587937919314,7.393709121614648,0.0033238886881432617,-0.06544235140559351,72.54332188237359,0.0033045119228632958,0.7723648961907545,-0.18260574158629936,-649.3329118288129,2770.6131256727394,59.63160430495264,7
25042011,dephasing,0,15,2.1037881492859762,0.4299797403335525,0.18146896036692817,1.2183448020012526,-1.0368758416343244,26.610546162568024,25.156259585230572,1.4542865773374523,58.84515770505007,166.17995686192086,-107.33479915687079,0.010620900480274198,3.166772944940277e-05,0.010589232750824795,2505.4887023930596,794381.536744656,-791876.048042263,5540.505516866577,5247611.993383848,-5242071.487866982,9.947598300641403e-14,0.06675052124327863,3.275602011854062e-12,8.352626630094733,-0.003702299549392052,12.787799836368293,-2.220446049250313e-16,0.021052681732733447,-43.819797614726724,6.173366239314859e-06,0.9896176558356239,0.19596919175260452,692.9061144162124,2769.846470916067,59.462518032140736,7
25042011,transverse,7,8,0.6802424177959153,0.2721964799528467,0.5202005689506891,0.9806799171836734,-0.4604793482329843,15.457289399124345,14.974785353169537,0.48250404595480845,4.966271120108956,91.90564943011398,-86.93937831000503,0.008971782756607372,7.173803573190529e-05,0.008900044720875466,1722.8782526795635,208742.6175025523,-207019.73924987274,553.5433987689336,1281128.6020372482,-1280575.0586384793,4.796163466380676e-14,0.14939248564499685,2.5757174171303632e-14,7.471914358446881,-0.04316954143387974,-0.1072440229446876,1.6653345369377348e-16,-0.0432285865547275,-17.666318257022454,-5.683564474895375e-05,0.7223748545249772,0.23440622023134422,11.079106623047926,13.584742215380468,6.87492247134587,7
25042011,transverse,6,9,0.6892142005525236,0.3121184038007371,0.47690574593182755,0.9956761948020456,-0.5187704488702181,15.500458940558225,14.97472630804869,0.525732632509536,5.073515143053644,74.34657519603621,-69.27306005298257,0.008971782756607205,1.4902390982785008e-05,0.00895688036562442,1727.689954278376,1004853.9409110419,-1003126.2509567635,565.4968784567694,4988902.470880018,-4988336.974001561,8.704148513061227e-14,0.5356829033316508,6.039613253960852e-14,4.581721444728018,0.2176850883646786,0.8137588490795276,0.0016747709644752418,0.2724626702719837,17.917767020240376,0.0017268791712767573,0.7123342692951238,0.2123298182829356,10.771129163829213,14.96942674296511,7.122379705350985,7
25042011,transverse,5,10,0.9800437454496864,-0.2635214658565214,0.787171979810158,1.0179716104307373,-0.2307996306205793,15.108258305262748,15.084222426742452,0.024035878520296095,3.5532414678392765,90.99551730428016,-87.44227583644088,0.005622240827656555,6.228315983669575e-05,0.005559957667819859,2687.2307267492356,242187.81555548485,-239500.58482873562,631.9973791162424,1460997.1225427098,-1460365.1251635936,5.861977570020827e-14,0.13738846972114516,6.705747068735946e-14,8.982558364085136,-0.23950685136175487,-0.8710181639453776,-0.0016747709644755748,-0.4274180869909632,-0.9880349338782395,-0.0017165879378822912,0.4495063128229703,-0.06514115453466233,-4.070364525943736,16.695889454716113,7.90476433028121,7
25042011,transverse,4,11,0.9856659862773447,-0.27073362463522266,0.7299497642784843,0.9605452194642434,-0.23059545518575908,15.19507137269078,14.817896074177797,0.3771752985129826,3.7750041205156633,107.41042587265837,-103.6354217521427,0.005622240827657055,2.6029981877173647e-05,0.005596210845779881,2702.671735074535,569262.6350682167,-566559.9633331422,671.4411986668335,4126411.8576605427,-4125740.4164618757,5.5067062021407764e-14,0.2933710378485195,8.393286066166183e-14,4.823109692054345,-0.09696131391053697,0.21738782400370793,0.0008245588618344402,0.05558258514715053,-7.3725835609160555,0.0008336737411282213,0.48284971876397115,-0.025047804957233293,-1.5310189540051535,15.781675063915708,7.818176078012837,7
25042011,transverse,3,12,1.7398743087556474,-0.27485942184224027,0.5020866091832147,0.9851316865134444,-0.4830450773302297,15.475807067939886,14.856657519728518,0.619149548211368,3.561991125184634,108.64539167119705,-105.08340054601241,0.003973123103988674,8.006562505213921e-06,0.00396511654148346,3895.1239775086524,1855560.0496534905,-1851664.925675982,896.5217114991231,13569542.684572376,-13568646.162860878,2.3092638912203256e-14,0.3917629281040913,9.281464485866309e-14,16.46259964979356,0.1498345613364691,0.052279016779446685,-0.0008245588618339128,-0.12072108519397684,-4.512445105721568,-0.0008169199677162675,0.4794956627789683,-0.1107035625636702,-6.10910932378523,18.796890099679683,7.428620114185777,7
25042011,transverse,2,13,1.7438474318596382,-0.33828522950305573,0.5206000293362958,0.9916080790186095,-0.4710080496823137,15.456873640516053,14.354307672218345,1.1025659682977071,3.244420096294712,100.7509092247337,-97.50648912843899,0.003973123103988119,5.2609313685447745e-06,0.003967862172619574,3890.3586010211566,2728472.710752904,-2724582.352151883,816.5918878874019,19150774.29580732,-19149957.703919433,2.1316282072803006e-14,0.21214021892790313,3.9968028886505635e-14,11.181434302795651,-0.11863457479762651,-1.600436624883804,-0.003323888688143428,0.27475152362873967,-12.817853347988006,-0.003306225790414896,0.42625452643205913,-0.17239127085440722,-9.987376664675349,20.513638425916174,7.611461920303657,7
25042011,transverse,1,14,2.0931672488057,0.4168166770168619,0.2295401236679528,1.0058885076059263,-0.7763483839379735,15.675209362687472,14.638730021560905,1.036479341126567,6.127722317172397,70.42159333206195,-64.29387101488955,0.01062090048027442,3.7841095688939674e-05,0.01058305938458548,1475.8832729673086,386847.41430041526,-385371.53102744796,576.949414840395,1860981.8782981227,-1860404.9288832822,1.0658141036401503e-14,0.3674821892818301,1.687538997430238e-14,5.960164581047778,0.1102310542621332,1.5117583759906825,0.0033238886881432617,-0.20611315441599753,21.0539746673888,0.0033045119228632958,0.9085474181059421,0.4141889953335223,18.840894254145933,18.708086542226606,6.74452669729326,7
25042011,transverse,0,15,2.1037881492859762,0.4299797403335525,0.23412615130822256,0.9728924588517023,-0.7387663075434797,15.673082976334623,14.290463953547201,1.3826190227874218,5.987507786068717,79.17671002218643,-73.18920223611771,0.010620900480274198,3.166772944940277e-05,0.010589232750824795,1475.6830652394922,451262.6639803729,-449786.9809151334,563.7476593617548,2500233.246867013,-2499669.4992076512,3.552713678800501e-15,0.11810114127474947,9.769962616701378e-15,1.371198247877885,-0.002126386352848897,-0.14021453110368043,-2.220446049250313e-16,0.34613968166085485,-8.895331221228162,6.173366239314859e-06,0.9199355330660778,0.44644165934615354,18.91220243435529,16.938047053878282,6.508616713730794,7
25042000,dephasing,7,8,0.20501404897832481,-0.415202488274383,0.0250766860543045,0.8912482536942239,-0.8661715676399194,12.52155243381557,12.877684975655164,-0.3561325418395942,0.14542925090099185,40.3428405081015,-40.197411257200514,0.03221243923972637,7.367831059879038e-05,0.03213876092912758,388.7179216894949,174782.57673115793,-174393.85880946842,4.5146922845147195,547553.8212023531,-547549.3065100686,3.552713678800501e-15,0.6353446579557627,1.6653345369377348e-15,7.812115835069747,-2.8375760937252448,-0.032074518496642,1.8041124150158794e-16,-2.5330073907002006,12.146688459947185,2.8067430608583188e-05,0.03644263864939384,-0.20886498900443043,-3.3262091362076847,3.3473588032253083,3.990634495491183,9
25042000,dephasing,6,9,0.23722648821805165,-0.4500059723951815,0.018196476965028525,0.9757516092071821,-0.9575551322421535,15.359128527540815,13.182253678680208,2.1768748488606064,0.17750376939763385,52.52160348654533,-52.3440997171477,0.03221243923972619,0.00010174574120719315,0.032110693498519,476.8073728672827,129560.74153350665,-129083.93416063936,5.510410685656062,516204.4412216852,-516198.93081099953,1.0658141036401503e-14,0.15868276589549346,1.609823385706477e-15,24.483970818668354,2.190138243185455,-0.9569027918103041,-0.034161170512766126,2.0432271671528266,-17.76014531721603,-0.03378849388675992,0.04271954587549291,-0.14081581007260452,-2.4311587770458627,2.4626663651962315,4.1550949515000335,9
25042000,dephasing,5,10,0.7115243695018109,-0.10143274258985505,0.03940497154578537,0.9896609495135904,-0.950255977967805,13.81642813489515,13.193000229639996,0.6234279052551539,2.123383871514884,31.093881414177716,-28.970497542662834,0.10053478026525825,0.000875166423828011,0.09965961384143024,137.42933637931952,15074.847332388867,-14937.417996009546,21.120888372286625,35529.10688480472,-35507.985996432435,3.552713678800501e-15,0.5121908808770161,1.3322676295501878e-15,14.44279576763756,-0.5103049740768473,0.7542064027028255,0.034161170512765945,-0.5920476511803736,12.859858548909301,0.03349265536025266,0.6408171926990142,0.2428708483079339,2.666638273822248,1.8421207919872855,3.31355633979099,9
25042000,dephasing,4,11,0.8120591497670703,0.45780245172049544,0.049943383613603495,0.9372506430198566,-0.8873072594062531,13.294337690403177,13.040261426392728,0.2540762640104486,2.560851168226483,33.877463634223055,-31.31661246599657,0.10053478026525842,0.0003115568014222525,0.10022322346383616,132.23620378267512,41855.165308104704,-41722.92910432203,25.472290897436125,108736.07470475015,-108710.60241385271,1.0658141036401503e-14,0.22350342582118188,1.3322676295501878e-15,17.021125965646764,-0.65441460788138,1.1707707453844298,-0.02574761032602299,-0.5865231030499007,-10.781632307581638,-0.025502215141293666,0.6849636495837716,0.25611153682071774,3.5798330305442834,2.978125675262657,3.7386672559669725,9
25042000,dephasing,3,12,1.4051645120712464,0.07131466551337473,0.05145894707996581,0.9374145583651294,-0.8859556112851636,14.081076461673966,13.023305632808421,1.0577708288655447,0.6567769741692222,12.756239748336252,-12.09946277416703,0.15203000091730456,0.00023873754847514306,0.15179126336882942,92.62038003494618,54550.72197897008,-54458.101598935136,4.3200484786319935,53432.06307433625,-53427.74302585762,1.5987211554602254e-14,0.2099094591391477,2.3314683517128287e-15,0.4865186107851347,1.1556937850286246,-1.2085419615579267,0.02574761032602313,1.251558888463876,14.626703850048976,0.025842186783923027,0.24352927054824142,-0.0928675714324119,-0.675456817972142,1.10681281177102,2.696911844275075,9
25042000,dephasing,2,13,1.5571945129885525,0.10598935342100094,0.053620056210502885,0.9397506418021122,-0.8861305855916093,12.556427662887504,13.198080046094615,-0.641652383207111,1.1697867032278146,23.305507485663256,-22.135720782435442,0.15203000091730445,0.0003550712113278287,0.15167492970597662,82.59177522282248,37170.234096813736,-37087.642321590916,7.694446465629578,65636.15055838994,-65628.45611192432,5.329070518200751e-15,0.5325987639258507,4.440892098500626e-15,8.53817966948711,-1.7743888812726993,-0.1657521725043114,-0.0033713613676567,-2.0112278285235528,-0.6378370791279906,-0.0033604423880781997,0.36310699593211204,-0.0698010366153903,-0.7244459692857739,2.0928469003343784,3.2216033189471376,9
25042000,dephasing,1,14,1.7159672366411711,0.2180480322030223,0.09014699775306473,0.9378327671068771,-0.8476857693538125,14.580556626646441,12.899176564879102,1.6813800617673387,2.0143007772950297,32.9106054097429,-30.89630463244787,0.15877272365261774,0.000493242833337515,0.15827948081928023,91.83288093329907,26151.77696064463,-26059.94407971133,12.686692845946018,66722.92669120833,-66710.23999836238,1.5987211554602254e-14,0.08167694932099501,3.552713678800501e-15,12.830534101894923,0.614855025896329,0.21724122450425964,-0.0029728825177036122,0.8080103174265432,5.168063718156883,-0.00319368046997609,0.649537266925261,0.20713071775577005,1.9919801371500205,2.0654274842613334,3.101131959418124,9
25042000,dephasing,0,15,1.8874284480645107,0.20729514241327524,0.07076830670955464,0.9766400125104115,-0.905871705800857,15.374975538612722,12.98658366672402,2.388391871888702,2.424332402353725,52.4173483211278,-49.99301591877407,0.17146121142333826,0.0001898185508022454,0.171271392872536,89.67028408922097,68415.77712946272,-68326.10684537349,14.139246901551635,276144.4974666182,-276130.35821971664,7.105427357601002e-15,0.10937695183132945,4.440892098500626e-16,15.473956977099647,0.7944189119662806,0.4100316250586955,0.012688487770720513,0.7070118101213634,-19.0967112863262,0.012991912053255783,0.9939773777130706,0.8245532693632458,4.905124666195265,0.9722629309069172,2.439021708855784,9
25042000,transverse,7,8,0.20501404897832481,-0.415202488274383,4.963602829974011e-14,1.3734203129403333,-1.3734203129402835,29.11572173190398,27.120900289541495,1.9948214423624862,49.21473213817961,97.80722635969573,-48.59249422151612,0.03221243923972637,7.367831059879038e-05,0.03213876092912758,903.865786605712,368098.8349098596,-367194.9691232539,1527.8176164158647,1327490.0790315012,-1325962.2614150853,1.0658141036401503e-14,0.05876997876135803,6.394884621840902e-14,18.017167247450615,0.004591314101055843,-11.866626559698531,1.8041124150158794e-16,-0.34538086339374985,-17.693483752972597,2.8067430608583188e-05,0.7630991544932859,-0.19039563023200423,-791.9272430528113,3214.0171024855777,64.49323374084881,9
25042000,transverse,6,9,0.23722648821805165,-0.4500059723951815,4.941984396150657e-14,1.3604208904699213,-1.3604208904698718,29.111130417802926,26.77092811204669,2.340202305756236,61.081358697878144,91.98036916642167,-30.899010468543523,0.03221243923972619,0.00010174574120719315,0.032110693498519,903.7232542731953,263115.9574289293,-262212.2341746561,1896.2040795268051,904021.8103980838,-902125.6063185569,1.0658141036401503e-14,0.03360003958378499,3.552713678800501e-14,20.981906244216844,-0.004677743171694004,36.25573817834395,-0.034161170512766126,0.42998869311799304,18.135994055552466,-0.03378849388675992,0.9579961981140738,0.12944146373718213,526.2149981702087,3204.7173822086393,63.75950010879355,9
25042000,transverse,5,10,0.7115243695018109,-0.10143274258985505,5.3829584539083156e-15,1.4198616019840844,-1.419861601984079,29.115894590045258,27.290288807131258,1.8256057829139998,0.43650890088878014,49.91402372756464,-49.47751482667586,0.10053478026525825,0.000875166423828011,0.09965961384143024,289.6101678764679,31182.970534635577,-30893.36036675911,4.341869547405022,57033.75080277739,-57029.408933229985,1.0658141036401503e-14,0.9339593100649637,1.1657341758564144e-15,12.88925677270916,0.004376557728654973,-32.008568202241186,0.034161170512765945,-0.23863216222583716,3.5016771977946135,0.03349265536025266,0.07831189810959603,-0.18954765319816475,-5.88910257206556,6.079642592620691,5.57397932403445,9
25042000,transverse,4,11,0.8120591497670703,0.45780245172049544,5.014014639498183e-15,1.358157194988242,-1.358157194988237,29.111905646830284,27.323632062306846,1.7882735845234379,3.8087955083817953,78.86816908877921,-75.05937358039742,0.10053478026525842,0.0003115568014222525,0.10022322346383616,289.5704906303995,87700.32282259557,-87410.75233196517,37.88535169950526,253142.18379681362,-253104.2984451141,3.552713678800501e-14,0.8201245316045416,4.440892098500626e-16,14.65582122744037,-0.0022060683730096287,1.751776565506857,-0.02574761032602299,-0.05257682929101115,-33.54533950889149,-0.025502215141293666,0.7690598049601756,0.37600625597373705,9.222531695005756,5.284391529663575,4.952534879363545,9
25042000,transverse,3,12,1.4051645120712464,0.07131466551337473,3.0446794155810076e-15,1.3197312019838108,-1.3197312019838077,29.112328840361332,27.256233795646434,1.8560950447148983,3.6775289848610964,37.228082301197105,-33.55055331633601,0.15203000091730456,0.00023873754847514306,0.15179126336882942,191.49068384336022,114168.1900050352,-113976.69932119183,24.189495248779597,155937.27312263672,-155913.08362738794,0.0,0.08156326080646181,4.440892098500626e-16,19.046476843760804,-0.0017966800680717654,0.26824806776173826,0.02574761032602313,0.14864821717556786,33.98792207901178,0.025842186783923027,0.8446251631819878,0.458674626202467,8.695386541507474,4.828832892986009,4.354036731520766,9
25042000,transverse,2,13,1.5571945129885525,0.10598935342100094,2.793872054126303e-15,1.364984560174268,-1.3649845601742652,29.116345394028528,27.489725323473305,1.626620070555223,3.009766325816921,63.02734353611507,-60.01757721029815,0.15203000091730445,0.0003550712113278287,0.15167492970597662,191.51710332400864,77420.3158309354,-77228.7987276114,19.797186789823545,177506.2058690065,-177486.40868221666,7.105427357601002e-15,1.0784121473264037,4.440892098500626e-16,34.736301905899865,0.00421346008041823,-0.6425249907492887,-0.0033713613676567,-0.32098159140546123,-2.454896671108955,-0.0033604423880781997,0.88960040590125,0.625029301125679,7.154445674459101,1.9042476615623851,3.383278948448478,9
25042000,transverse,1,14,1.7159672366411711,0.2180480322030223,2.773272328522999e-15,1.361608892564273,-1.3616088925642704,29.111935027534887,27.072826748328417,2.03910827920647,3.627053648271323,85.20186141031371,-81.57480776204238,0.15877272365261774,0.000493242833337515,0.15827948081928023,183.35602210383135,54887.420391170876,-54704.06436906705,22.844312075964833,172738.16394613887,-172715.3196340629,0.0,0.5032172285746874,8.881784197001252e-16,3.210971645249174,-0.0032469992769001976,0.7080134883487204,-0.0029728825177036122,0.551248556163408,-7.0400876898426645,-0.00319368046997609,0.9830067376501327,0.7424978336601482,10.10858018570234,3.0469379817359727,3.689754616475729,9
25042000,transverse,0,15,1.8874284480645107,0.20729514241327524,2.9724442258853795e-15,1.3236885656576374,-1.3236885656576345,29.11401865959505,27.76491928406415,1.3490993755309013,2.828313994028284,91.88017692812956,-89.05186293410128,0.17146121142333826,0.0001898185508022454,0.171271392872536,169.79944570502568,146270.84216331353,-146101.0427176085,16.49535758291809,484042.13676592184,-484025.6414083389,0.0,0.5470101057265602,0.0,4.224789681215668,0.002083632060163154,-0.7987396542430387,0.012688487770720513,-0.6900089036755688,-7.477055172058897,0.012991912053255783,0.9894834671789194,0.7982991121014077,6.522345592464045,1.4770144563521774,2.8583741799061966,9
25042001,dephasing,15,16,0.03573130126248561,0.035422880451667416,0.5074717724154683,0.7212888442145817,-0.21381707179911347,19.765115354638482,19.228620312354344,0.5364950422841375,32.64794647535379,28.76163070029272,3.886315775061071,0.0001928535721736034,1.5599136657384882e-06,0.00019129365850786492,102487.68084444021,12326720.85301029,-12224233.172165848,169288.78271419666,18437963.15911913,-18268674.376404934,8.206768598029157e-13,0.43044265197822185,2.5437429940211587e-12,8.216552295544457,0.03867010352374223,6.617704530490279,-1.249000902703301e-16,0.45919375758220227,18.179066543106515,3.4146062423932866e-06,0.8574050178430179,0.11852678881847173,171.85264323142837,894.0357658259675,38.07762468836949,9
25042001,dephasing,14,17,0.035924154834659994,0.008226254509644315,0.544240482983875,0.7960610401115809,-0.2518205571277059,19.72644525111474,19.649143966412804,0.0773012847019352,26.030241944863512,40.322992712908956,-14.292750768045444,0.0001928535721737283,4.974519908256675e-06,0.00018787905226547164,102287.16548400029,3949957.850967545,-3847670.6854835446,134974.1238985954,8105906.390279215,-7970932.266380619,1.7337242752546445e-12,0.2513872225401812,5.986322548778844e-12,1.9172427392095628,0.07090231769949895,4.866284780783918,-0.006562905861071307,0.06395523855470664,19.230826920143436,-0.006354583475971077,0.6861521129560944,-0.14973135704557555,-215.4906147817046,893.0641104898813,37.93654709116957,9
25042001,dephasing,13,18,0.5253337528298169,-0.07102776651737508,0.6904146886061517,0.7400860851066708,-0.049671396500519105,19.545970512192,20.05577346218168,-0.5098029499896803,9.679967852805397,80.61343900424421,-70.93347115143882,0.013318665294316467,0.00042503389635123456,0.012893631397965233,1467.5622579488454,47186.291809555405,-45718.72955160656,726.7971406216036,189663.5531807746,-188936.75604015298,1.7763568394002505e-14,0.5479460185408058,4.5297099404706387e-13,6.083640720424754,-0.11041409779208067,-10.644783225346245,0.006562905861071286,-0.7230327478850871,-38.33696620556509,0.006321681891686581,0.46687340864493754,-0.19079779650341272,-82.02059342606154,175.72237105741095,20.733602885846302,9
25042001,dephasing,12,19,0.5386524181241344,0.09378300947391194,0.6605444614722746,0.8297426823972518,-0.16919822092497716,19.58632396885342,19.237165657764542,0.3491583110888783,14.619260211439776,65.5195193351418,-50.900259123702014,0.013318665294316634,0.0003626453340248026,0.012956019960291831,1470.592100336911,53046.77560376068,-51576.183503423774,1097.6520460858894,180671.06670855632,-179573.41466247043,7.105427357601002e-15,0.5160914351562376,4.014566457044566e-13,12.776241558510435,-0.12760000430834495,-11.4430773081578,-0.006909722236002835,0.6149536617348836,1.9446334456072094,-0.0069951497538500995,0.7048478725158339,0.08973702491512056,38.6039436674119,175.1188254623804,20.741014879223567,9
25042001,dephasing,11,20,1.2733014881794271,0.2783376421679241,0.37518731362296387,0.8431304388569363,-0.4679431252339724,19.881877434131532,19.903665185433862,-0.02178775130233035,42.444707186389756,77.20102117356937,-34.75631398717962,0.02713810976632247,0.00012940173600384242,0.02700870803031863,732.6183586597585,153812.96882170768,-153080.35046304791,1564.02592339214,596599.5786275772,-595035.552704185,7.105427357601002e-15,0.305602177327998,5.258016244624741e-13,29.103382739211952,0.17231421267982938,14.495946856708507,0.006909722236002863,-0.5492786993568828,-12.556039330029439,0.007694037008529497,0.8758977619434231,0.010028999190615165,23.550376070697894,1778.0027920676496,48.45851768386088,9
25042001,dephasing,10,21,1.3004395979457501,-0.17048354443988906,0.43570687438359423,0.8027620081320754,-0.3670551337484812,19.832802474049984,19.126978889029758,0.7058235850202266,41.278260447922726,34.77855063852107,6.499709809401658,0.027138109766322582,0.0014647876830361506,0.02567332208328643,730.8100175297315,13057.850711431542,-12327.04069390181,1521.0440521965743,23743.06600287186,-22222.021950675284,7.105427357601002e-15,0.11837828668941341,3.126388037344441e-13,10.086573728044364,-0.10111924672154515,-15.87480645746296,0.0036165209174272572,0.23225838008028532,14.121808084080758,0.002374391394689146,0.847377593240232,-0.031447864906795214,-74.6242513228733,1778.5190369294028,48.71294777819334,9
25042001,dephasing,9,22,1.5256731298990398,-0.20675919082701316,0.1915122633765246,0.8117870387784947,-0.6202747754019701,19.985966007411527,19.017047846229314,0.9689181611822129,71.86142662438161,52.34930918656019,19.512117437821416,0.01990506793146818,0.0003159145845922362,0.019589153346875943,1004.0641949186949,60196.802470437986,-59192.73827551929,3610.207554769253,165707.16180808673,-162096.95425331747,7.105427357601002e-15,1.8021986744116774,9.947598300641403e-14,28.845401968690062,0.06738794253429603,14.604632153206992,-0.0036165209174273127,0.17349039661781873,5.484167653484381,-0.003178613569004174,0.9038379042039156,-0.019657495477731213,-124.26211842780776,5288.32675491908,79.50698492521744,9
25042001,dephasing,8,23,1.545578197830509,-0.14638236023201373,0.13523793377093904,0.8272745787092155,-0.6920366449382764,20.004353655704477,19.119321711595916,0.8850319441085617,73.2353284944265,51.67913873515408,21.556189759272414,0.0199050679314684,4.285618299459948e-05,0.0198622117484738,1004.9879620897507,446127.4984289953,-445122.51046690554,3679.230271736325,1205873.5781874561,-1202194.3479157197,3.197442310920451e-14,0.7954230017769035,9.379164112033322e-13,6.013749850669726,0.19190787790963526,-107.91194897134135,0.008214159370941831,0.4014708720279394,-90.31860953378646,0.008360575539408943,0.9208937779705644,0.011864887640992635,75.03878964102842,5288.374550045488,79.52635824711493,9
25042001,dephasing,7,24,1.7434618192832767,0.04667169750223993,0.6194492765812236,0.7310244809177333,-0.11157520433650969,19.638925548178154,19.640721565199122,-0.0017960170209683213,290.4331283071541,86.19564715885778,204.23748114829633,0.00347674918958496,6.263011833118615e-05,0.003414119071253774,5648.646041828104,313598.66608170193,-307950.02003987384,83535.82972771896,1376265.117416158,-1292729.2876884392,0.0,0.42942611656168594,7.077005648170598e-11,2.544537032948867,-0.041626768720618657,115.03457220710314,-0.008214159370941831,-0.7063152733381024,105.11270536431294,-0.00823770281644881,0.9806714847442295,0.04273216595497557,3748.004615693615,80603.39740261446,296.15741135060233,9
25042001,dephasing,6,25,1.7469385684728636,-0.03438151917703558,0.8160220440294643,0.8188119380251586,-0.0027898939956942925,19.356750978093068,18.83274440956736,0.5240065685257065,277.56178370567545,100.86842189698112,176.69336180869433,0.003476749189585182,3.5317162653814016e-05,0.003441432026931368,5567.485579942728,533246.2461429797,-527678.760563037,79833.70918360433,2856073.770300118,-2776240.0611165133,3.907985046680551e-14,0.6347417460409019,7.497646947740577e-11,22.405261676592573,-0.19452181142313663,120.66385243423719,-0.01749366157299448,0.38013048351302103,85.26900755247581,-0.01711460417424776,0.9381687938748016,-0.040678561564242155,-3560.5981423710036,80601.14191627013,295.8548456502566,9
25042001,dephasing,5,26,1.8911380986073563,0.26985091423306884,0.7476783556990744,0.7782021260735117,-0.03052377037443732,19.463620030854255,19.174071843807916,0.2895481870463392,23.362734235722456,44.75150687158174,-21.388772635859283,0.03846407233557436,0.0007661190044698785,0.03769795333110448,506.0207837861434,25027.537147542178,-24521.516363756036,607.3910747644603,58413.25774518264,-57805.866670418174,1.4210854715202004e-14,1.4224298550394998,9.983125437429408e-13,23.8977824591952,-0.07245110267154686,-136.01787525994544,0.017493661572994423,-0.11665562304163757,-96.12324843317474,0.016935877030869184,0.5380970874729643,-0.2955272928592063,-557.0878030795415,1102.9051540485202,43.41732148270708,9
25042001,dephasing,4,27,1.9296021709429318,0.07091807144729945,0.5543028643950658,0.7406468910392654,-0.18634402664419958,19.715391288958532,19.426990237308285,0.2884010516502471,41.199435285660314,68.42384549972374,-27.224410214063425,0.038464072335574695,0.0003813517620354645,0.03808272057353923,512.5664052665619,50942.44257222453,-50429.87616695797,1071.1147516108358,179424.49022527537,-178353.37547366452,0.0,1.120985554625797,1.0729195309977513e-12,20.402917903431486,-0.02750565810060479,-10.349500203684848,0.008813845123146924,-0.0352555105144301,-33.100677805043546,0.00886461713457759,0.9754024718403849,0.33752660376184,602.1751539809231,1095.218313876341,42.238395406077686,9
25042001,dephasing,3,28,3.0350829987498344,-0.5271655469533505,0.021658512670548025,0.9023050515316358,-0.8806465388610878,20.022173863264022,19.664408925981007,0.35776493728301517,79.73513674296787,46.59382892514835,33.141307817819516,0.02083638208928118,9.812854246238345e-05,0.020738253546818797,960.9237235846232,200394.38508443304,-199433.46136084842,3826.7265594052365,474824.4267768433,-470997.7002174381,1.0658141036401503e-14,0.7284681703495792,3.609557097661309e-12,32.156025291693524,0.1533743329254733,17.438469047834417,-0.00881384512314698,-0.009167846902991883,32.171503651510136,-0.008573491811631473,0.9310461339565443,-0.04172731251987273,-306.03951079720264,6663.731542217348,85.64037144338938,9
25042001,dephasing,2,29,3.055919380839118,0.016209261381169737,0.020861033448962417,0.7537394946057678,-0.7328784611568054,20.022207771718566,19.5767432549968,0.445464516721767,83.39390010460659,54.22988155792441,29.16401854668218,0.020836382089281624,0.0002956119459203155,0.02054077014336131,960.9253509522714,66224.46597700712,-65263.54062605485,4002.321504149464,183449.56050099037,-179447.2389968409,1.4210854715202004e-14,1.1046695042076493,4.945377440890297e-12,5.0694942634466145,-0.00019864087633791883,-89.46773714162751,0.007314234794497443,-0.20030837985546945,-84.77998047764422,0.007116048495492078,0.973543670919232,0.03960226853087116,290.5880555679578,6663.954519089598,85.66015330967922,9
25042001,dephasing,1,30,3.238732570392737,0.02952844576913105,0.0019981264410812503,0.7521920347334944,-0.7501939082924132,20.022638961925782,19.088858106054325,0.9337808558714578,265.9881377495003,71.24144751866703,194.74669023083328,0.006207912500287183,9.672275136751729e-05,0.006111189748919665,3225.3416846644536,197356.44236920454,-194131.10068454008,42846.63125280769,736553.1533317431,-693706.5220789354,1.2789769243681803e-13,0.19863260729988852,1.3415046851150692e-11,9.84760643238046,0.00021613365919748162,87.97645843522685,-0.007314234794497443,0.5071173862725349,95.1683008216368,-0.007242473913433134,0.9745140352008049,-0.023715924834180245,-1766.8041321831406,72516.49355564239,272.944388835523,9
25042001,dephasing,0,31,3.2449404828930275,0.0164711523452451,0.0022515817979202714,0.7622247602413696,-0.7599731784434494,20.0226378848146,19.61477546233852,0.40786242247607873,272.62945852394034,102.63669825222956,169.99276027171078,0.006207912500287627,4.135531894333688e-05,0.00616655718134429,3225.341511158043,474298.7350481752,-471073.39353701717,43916.44671398136,2481825.8176864153,-2437909.370972434,1.1013412404281553e-13,0.29595522968636345,5.2239101933082566e-11,1.152210350821477,-1.0771111824681157e-06,6.641320774440032,4.440892098500626e-16,-0.525918433395379,-24.7539299591225,5.5367432424624496e-05,0.9986752938233449,0.024291396940185936,1810.2953702522354,72516.5262848115,272.9910915090467,9
25042001,transverse,15,16,0.03573130126248561,0.035422880451667416,2.9908258566127622e-12,0.7258925165576247,-0.7258925165546338,21.130110189372306,20.614849071603636,0.5152611177686701,18.05612026330386,32.48667140381,-14.43055114050614,0.0001928535721736034,1.5599136657384882e-06,0.00019129365850786492,109565.56288390319,13215378.212514238,-13105812.649630336,93626.0607454554,20825941.92059359,-20732315.859848134,1.2789769243681803e-13,0.8117114755535866,2.1433521624203422e-11,10.214740624680214,6.394884621840902e-13,-6.568329438328114,-1.249000902703301e-16,0.025307167379644113,18.046821379252577,3.4146062423932866e-06,0.6010795066842032,-0.16101874828308338,-145.29861716062175,471.3220961232464,30.03948739310925,9
25042001,transverse,14,17,0.035924154834659994,0.008226254509644315,2.951505321757207e-12,0.8353837871361453,-0.8353837871331937,21.130110189371667,20.64015623898264,0.489953950389026,24.624449701631974,57.10182222139069,-32.47737251975872,0.0001928535721737283,4.974519908256675e-06,0.00018787905226547164,109565.56288382891,4149175.5223904615,-4039609.9595066328,127684.6958242989,11478860.930200212,-11351176.234375913,1.0658141036401503e-13,0.4426206131246637,1.8143708757634158e-11,5.772219808310723,-4.796163466380676e-13,11.513294169579163,-0.006562905861071307,-0.4232185547295124,1.8341772274503256,-0.006354583475971077,0.8227068668871989,0.15108505151470736,135.35188865267338,471.0116344549851,29.93101272484841,9
25042001,transverse,13,18,0.5253337528298169,-0.07102776651737508,3.8459176439437155e-14,0.901919476074862,-0.9019194760748236,21.13011018937199,19.819026296903584,1.3110838924684067,8.166190800801761,62.3587391547137,-54.192548353911945,0.013318665294316467,0.00042503389635123456,0.012893631397965233,1586.5035814353662,46629.28408073545,-45042.78049930008,613.1388258766857,146714.7436711316,-146101.60484525491,1.0658141036401503e-14,0.23179109969505873,1.829647544582258e-13,16.640332334176996,1.6342482922482304e-13,-9.715061762805622,0.006562905861071286,0.6952258703730116,-2.2832095629960136,0.006321681891686581,0.518251019839496,-0.1160938075401994,-28.824897391038704,95.51156958613868,15.757211251279154,9
25042001,transverse,12,19,0.5386524181241344,0.09378300947391194,3.8583906424154594e-14,0.8569093764576472,-0.8569093764576086,21.130110189371987,20.388348095570223,0.7417620938017642,11.138055425582788,82.47936048765594,-71.34130506207315,0.013318665294316634,0.0003626453340248026,0.012956019960291831,1586.503581435346,56221.17860801097,-54634.67502657562,836.2741445522803,227438.08550426541,-226601.81135971315,0.0,1.1138376610863219,8.171241461241152e-14,14.917817991647297,-3.552713678800501e-15,0.8074171617327259,-0.006909722236002835,0.07763745512402309,-20.51005641077812,-0.0069951497538500995,0.7128277767080099,0.11835738722364436,28.8964764803155,95.15980218303967,15.62517032798685,9
25042001,transverse,11,20,1.2733014881794271,0.2783376421679241,1.7126003158969548e-14,0.8404234093718126,-0.8404234093717955,21.13011018937199,21.112944804484915,0.01716538488707542,12.495085726898363,59.965034675576476,-47.46994894867811,0.02713810976632247,0.00012940173600384242,0.02700870803031863,778.6139259998787,163158.126440112,-162379.51251411214,460.4257936344692,463402.088158971,-462941.6623653365,1.0658141036401503e-14,0.9881292723147723,7.283063041541027e-14,9.938309332503273,0.0,5.4189230032768805,0.006909722236002863,-0.46991167126302,10.705055767596043,0.007694037008529497,0.7279344154483258,0.29492003166698383,86.89569217737214,69.23147514516639,17.16512567853076,9
25042001,transverse,10,21,1.3004395979457501,-0.17048354443988906,1.7860126275458624e-14,0.7884878081978841,-0.7884878081978662,21.130110189371997,20.89771817087357,0.23239201849842672,3.0142700216601774,48.02297439213533,-45.00870437047516,0.027138109766322582,0.0014647876830361506,0.02567332208328643,778.6139259998757,14266.721664096503,-13488.107738096627,111.07148020311931,32784.93869677776,-32673.867216574643,0.0,0.5634313823394521,1.2434497875801753e-14,9.957508135465162,7.105427357601002e-15,-4.782207048265443,0.0036165209174272572,0.09459905533026003,4.5895196678787045,0.002374391394689146,0.1725562207442064,-0.1995878517576219,-60.90278761222435,69.9886113757037,17.468335877200754,9
25042001,transverse,9,22,1.5256731298990398,-0.20675919082701316,1.0942223381723547e-14,0.7996170396118283,-0.7996170396118173,21.130110189371987,20.87168964792273,0.25842054144925797,3.0978684129528773,54.82436754098249,-51.726499128029616,0.01990506793146818,0.0003159145845922362,0.019589153346875943,1061.5442389908715,66067.50895930515,-65005.96472031428,155.63214471905505,173541.74265726458,-173386.11051254554,4.973799150320701e-14,0.9729116469285017,1.1102230246251565e-14,12.550244887741556,1.0658141036401503e-14,-0.2964390561917618,-0.0036165209174273127,-0.44033027525509993,-4.016016829574831,-0.003178613569004174,0.25653032908077494,-0.08610336455002153,-12.556500506151448,22.153289210122697,12.076031805102655,9
25042001,transverse,8,23,1.545578197830509,-0.14638236023201373,1.2953405689310037e-14,0.8131166378071186,-0.8131166378071056,21.13011018937196,19.96500057446167,1.165109614910289,3.7743449166291008,54.18660514306351,-50.41226022643441,0.0199050679314684,4.285618299459948e-05,0.0198622117484738,1061.544238990858,465860.4471839585,-464798.9029449676,189.61728388086271,1264382.4381161486,-1264192.8208322676,5.684341886080802e-14,1.4320232221703186,2.708944180085382e-14,6.3768267298378305,-3.197442310920451e-14,-28.683048222357858,0.008214159370941831,0.7065789455542362,2.18382987710163,0.008360575539408943,0.3176494546617785,-0.051668788050073265,-7.294830705834043,21.540510255517873,11.88210733951321,9
25042001,transverse,7,24,1.7434618192832767,0.04667169750223993,2.5595539018270456e-13,0.8373115891560365,-0.8373115891557806,21.13011018937199,20.471469392109142,0.6586407972628479,61.81691786502103,115.2825989440635,-53.46568107904246,0.00347674918958496,6.263011833118615e-05,0.003414119071253774,6077.5480304043485,326863.0163503227,-320785.4683199183,17780.09125599321,1840689.464044322,-1822909.372788329,3.197442310920451e-14,0.49566199630307395,1.4921397450962104e-11,1.8296475751508439,1.4210854715202004e-14,29.034908980015224,-0.008214159370941831,-0.2428208974710504,-13.64806511077726,-0.00823770281644881,0.8148438412632504,-0.00341853291383612,-19.67458979506364,3841.005924127188,75.86351486586372,9
25042001,transverse,6,25,1.7469385684728636,-0.03438151917703558,2.4845038395075963e-13,0.7808555566968911,-0.7808555566966426,21.130110189371997,20.49229641481449,0.6378137745575074,61.78967285338252,91.01264456347852,-29.222971710095997,0.003476749189585182,3.5317162653814016e-05,0.003441432026931368,6077.548030403963,580236.2045808756,-574158.6565504717,17772.254909407133,2577008.9589473223,-2559236.704037915,3.197442310920451e-14,1.9210608551629882,1.7266188478970435e-11,12.597135977847387,1.0658141036401503e-14,26.689851982219217,-0.01749366157299448,-0.11390661663955903,16.568572367382117,-0.01711460417424776,0.8250980996638346,-0.0019699412566995724,-11.047751417091149,3829.0114227462236,74.88766836157546,9
25042001,transverse,5,26,1.8911380986073563,0.26985091423306884,9.204519739620181e-15,0.850457720031921,-0.8504577200319118,21.130110189371983,20.285310204240698,0.8447999851312851,8.382723877305574,46.50013095321934,-38.11740707591377,0.03846407233557436,0.0007661190044698785,0.03769795333110448,549.3466735665772,26478.014624212676,-25928.667950646097,217.93646299777322,60695.702210644726,-60477.765747646954,7.105427357601002e-15,0.1650528329308898,0.0,17.79831977182217,-1.4210854715202004e-14,-26.732804982362246,0.017493661572994423,0.17100998610698426,0.35379078356238125,0.016935877030869184,0.6615973873333634,0.1614525077505857,25.919555768319107,44.35050383482993,12.670430745038173,9
25042001,transverse,4,27,1.9296021709429318,0.07091807144729945,9.021612318300201e-15,0.8405436301479865,-0.8405436301479775,21.130110189371997,20.420343965880903,0.7097662234910942,8.441384865953113,56.160808874809405,-47.71942400885629,0.038464072335574695,0.0003813517620354645,0.03808272057353923,549.3466735665728,53547.26527782996,-52997.91860426339,219.4615482288867,147267.73143790176,-147048.26988967287,0.0,1.5387392437205527,7.815970093361102e-14,1.9872139911642037,-3.552713678800501e-15,3.924447976213612,0.008813845123146924,0.033580517968717416,-6.952682991515246,0.00886461713457759,0.7502810808244204,0.31754864570828906,40.196633023606566,31.060345431535055,11.250963247903776,9
25042001,transverse,3,28,3.0350829987498344,-0.5271655469533505,2.1995162930215024e-14,0.8315190430900876,-0.8315190430900656,21.13011018937202,20.62253876345855,0.5075714259134685,0.6511499021734286,44.06722486094175,-43.41607495876832,0.02083638208928118,9.812854246238345e-05,0.020738253546818797,1014.0968858620586,210158.41309743273,-209144.31621157067,31.25062207936753,449076.52508784033,-449045.274465761,1.0658141036401503e-14,1.226238158381367,5.051514762044462e-14,7.05177312292178,3.552713678800501e-14,-5.416995615788956,-0.00881384512314698,-0.24979414890142593,11.3029575396248,-0.008573491811631473,0.1228001767291622,-0.11896748519762815,-3.3449702302534674,3.768966425353887,5.302516002151326,9
25042001,transverse,2,29,3.055919380839118,0.016209261381169737,2.2056449772335763e-14,0.8441633909082645,-0.8441633909082424,21.13011018937197,20.325145263233274,0.8049649261386946,3.694906169971656,65.4135471579016,-61.718640987929945,0.020836382089281624,0.0002956119459203155,0.02054077014336131,1014.0968858620346,68756.17018776391,-67742.07330190188,177.32954570229063,221281.81239175747,-221104.48284605518,3.197442310920451e-14,0.1796742643092486,1.1013412404281553e-13,16.168434494220016,-6.750155989720952e-14,-14.957279730994568,0.007314234794497443,0.28105325034387896,-11.848621622942247,0.007116048495492078,0.6857712908188945,0.3381211625613013,9.815684311408488,3.836647293486561,5.387956917180867,9
25042001,transverse,1,30,3.238732570392737,0.02952844576913105,1.4737043498640835e-13,0.7591690917249239,-0.7591690917247765,21.130110189372054,20.58985826369589,0.5402519256761629,36.65322189975902,92.9771856709661,-56.323963771207076,0.006207912500287183,9.672275136751729e-05,0.006111189748919665,3403.7384045594326,212875.0265329058,-209471.28812834635,5904.274890804826,961275.2362438577,-955370.9613530529,2.2737367544323206e-13,0.04841122687705024,2.0179413695586845e-12,48.74869204661296,1.0302869668521453e-13,13.417559037255018,-0.007314234794497443,-0.5648193661246932,2.4400071158089816,-0.007242473913433134,0.8503836251569667,-0.1267591325648385,-235.4907175436615,1578.949393176884,43.10198458136683,9
25042001,transverse,0,31,3.2449404828930275,0.0164711523452451,1.473927009301397e-13,0.8206982556946472,-0.8206982556944997,21.130110189371933,19.724932531908916,1.4051776574630175,42.77641955503634,98.58572034113851,-55.80930078610217,0.006207912500287627,4.135531894333688e-05,0.00616655718134429,3403.73840455917,476962.40860661946,-473558.6702020603,6890.628621626741,2383870.3910424686,-2376979.762420842,1.8829382497642655e-13,0.43319171633628883,7.794653811288299e-12,10.471900038938443,-1.2079226507921703e-13,6.123197655277323,4.440892098500626e-16,0.8649257317868546,0.5146629851049056,5.5367432424624496e-05,0.9934304072622026,0.13530502723971344,250.86951873990688,1578.9525512087478,43.059301630323404,9
25042002,dephasing,15,16,0.981507020348655,-0.15893403773980241,9.85792770926233e-14,0.7580451037353512,-0.7580451037352526,20.33415770615079,19.26149518895049,1.0726625172002997,101.74233568930617,69.05952805563784,32.68280763366833,0.013008774308327364,0.00012355356555876496,0.0128852207427686,1563.1109606640032,155895.90718682477,-154332.79622616078,7821.054718750666,558944.0316296782,-551122.9769109276,1.7763568394002505e-14,0.6613751892946205,4.121147867408581e-13,8.872382572133176,-7.105427357601002e-15,32.89605692604704,1.1102230246251565e-16,0.2523475242761819,24.14969486435418,5.482931253691925e-05,0.9852069132893192,0.2614600121384562,2788.391708228968,7563.111163286436,103.27001802049665,9
25042002,dephasing,14,17,0.9945157946569831,0.17752924073532622,9.704455466439275e-14,0.7035209323807442,-0.7035209323806472,20.334157706150798,19.51384271322668,0.8203149929241178,68.84627876325914,60.313165993944985,8.533112769314151,0.013008774308327253,0.00017838287809557318,0.01283039143023168,1563.110960664017,109393.02539323107,-107829.91443256705,5292.295579237534,338110.73482977814,-332818.4392505406,2.4868995751603507e-14,0.9936336724968449,2.1316282072803006e-13,8.390049568113156,7.105427357601002e-15,-18.52716587007454,0.0019356786698964679,0.2129411188060395,0.8099922855285584,0.0018260962056687313,0.6530053094340103,-0.25747930327788743,-2862.001403715728,7601.8115032641135,105.42989125606249,9
25042002,dephasing,13,18,1.127703910185724,0.17897170344411922,1.2639410971932827e-13,0.7441541519647505,-0.7441541519646242,20.33415770615079,20.192072475114934,0.1420852310358569,73.00455357736118,90.24112024345833,-17.236566666097147,0.009137416968534207,1.4047262176908326e-05,0.009123369706357298,2225.372638260233,1437438.2866084601,-1435212.9139701999,7989.627027940295,6424107.35323227,-6416117.72620433,3.197442310920451e-14,0.22226437470367344,1.6626700016786344e-12,2.0743933909229497,7.105427357601002e-15,-3.8267414672807405,-0.00193567866989669,-0.5843131534954171,-19.492564741122376,-0.0018306360896997997,0.7355707290890419,-0.1177846547602962,-1160.2183630180525,6489.8832060479035,99.24885628302948,9
25042002,dephasing,12,19,1.1368413271542592,0.2659953938210847,1.2912504358924857e-13,0.8561916150614562,-0.8561916150613271,20.33415770615077,19.70167593001234,0.6324817761384303,84.8163113260247,88.8374279452884,-4.021116619263694,0.00913741696853454,5.9796806652023804e-05,0.009077620161882516,2225.37263826015,329477.05794161407,-327251.68530335394,9282.30720105001,1485655.0528234893,-1476372.7456224393,2.4868995751603507e-14,1.5167894126384525,6.252776074688882e-13,41.058697187568086,-8.704148513061227e-13,41.10746615638443,0.004019164204685677,0.37685641974725215,54.81060375976394,0.003977702421386176,0.8662431554148006,0.07708877018368072,739.0439177982589,6454.762749154955,97.91282135488945,9
25042002,dephasing,11,20,1.352080166229741,-0.035528590234188195,2.3306695068172596e-13,0.8589181507710617,-0.8589181507708287,20.33415770615249,19.96499222440599,0.3691654817464993,14.413136761919361,114.84001085387749,-100.42687409195813,0.001099088559163519,2.262278452813682e-05,0.0010764657746353823,18500.92746086645,882517.0128626195,-864016.0854017531,13113.717399523051,5076298.66301589,-5063184.945616367,2.5934809855243657e-13,0.73423977587656,7.460698725481052e-14,7.780232327998661,2.5650592760939617e-12,-31.059558501642215,-0.004019164204685566,-0.43897403519743783,-45.573507760941155,-0.004003053810385682,0.5400660930156721,0.09016359392807063,64.21764956100711,143.52086175678315,26.687727573189957,9
25042002,dephasing,10,21,1.3531792547889057,-0.2611595963228206,2.324732870376843e-13,0.8345606538216777,-0.8345606538214452,20.334157706149075,19.35036044839963,0.983797257749444,6.129079201098442,111.8146952438687,-105.68561604277025,0.0010990885591636301,1.7669551004018125e-05,0.001081419008159612,18500.927460861472,1095124.6267660838,-1076623.6993052224,5576.510782500063,6328100.539648212,-6322524.028865712,2.4158453015843406e-13,0.02293113312662598,4.884981308350689e-14,19.89510167987693,-4.1744385725905886e-12,-6.3951185983615595,0.0004339915666856653,0.6328709860315005,-37.549129393850336,0.00043054289396404766,0.22804337962689028,-0.14771568398809581,-106.70435360899526,144.26996546233164,26.87681269733131,9
25042002,dephasing,9,22,1.5291115559412833,-0.20225889418044785,4.0286790588108687e-13,0.7503255495922746,-0.7503255495918717,20.33415770615401,20.00147064446462,0.3326870616893878,10.635258837000642,46.481358042882334,-35.84609920588169,0.00023110542579241056,5.8189720366641495e-06,0.0002252864537557464,87986.50069089714,3437285.9189629126,-3349299.4182720156,46019.07895729681,7987898.506817498,-7941879.427860201,1.2789769243681803e-13,0.10837138601633,6.927791673660977e-14,3.813268690538834,5.7056581681536045e-12,2.9058553835691754,-0.0004339915666856098,-0.7562783491374816,28.500547444422246,-0.0004299228312495962,0.4093147258590337,-0.10637769436518006,-71.81777769619886,184.92650822620175,25.983083835257627,9
25042002,dephasing,8,23,1.5293426613670764,-0.0874237932829881,4.006205836522749e-13,0.8051725780676383,-0.8051725780672377,20.334157706147536,19.14002414224324,1.1941335639042947,9.32972770576449,32.33740496360211,-23.00767725783762,0.00023110542579241056,2.1058639413373825e-06,0.00022899956185107317,87986.50069086913,9088917.743701847,-9000931.243010977,40370.00721110234,15355885.215958169,-15315515.208747067,7.815970093361102e-14,0.23671725411541544,5.524469770534779e-13,7.3024403570911645,-4.845901457883883e-12,-9.81715624174042,-0.0013499501673116532,0.9344125429235497,28.503842720824174,-0.0013021978732652983,0.3494248367064881,-0.15214823447781914,-108.46692118072188,195.51074024442715,26.70024201399599,9
25042002,dephasing,7,24,1.6017762486391023,0.09725427123957436,1.8665077995495837e-13,0.7846647122737138,-0.7846647122735272,20.334157706150755,20.147402725878653,0.18675498027210224,27.65850905800918,94.83544980945106,-67.17694075144189,0.002931005760415717,9.389734393872029e-05,0.0028371084164769966,6937.604142840946,214568.39864424005,-207630.7945013991,9436.52497430993,1009990.7604558336,-1000554.2354815237,1.6697754290362354e-13,0.522698367821917,1.623590151211829e-12,16.08208496859865,1.5845103007450234e-12,-0.7844978405684948,0.0013499501673116532,-0.7389450040827512,-18.231107233963883,0.0012731817186040217,0.4248815210508519,-0.20793474529888523,-881.1481010840217,1646.1412243961515,65.0969921911517,9
25042002,dephasing,6,25,1.6047072543995187,-0.04873036243867934,1.8785745013673957e-13,0.8024352875583372,-0.8024352875581493,20.3341577061508,19.67689130134539,0.6572664048054122,47.55628609139086,122.44027586850926,-74.8839897771184,0.002931005760415717,3.215192652084031e-05,0.0028988538338948766,6937.604142840962,611997.271410507,-605059.6672676661,16225.244840407871,3808178.517363357,-3791953.272522949,1.8474111129762605e-13,0.8557527904131632,3.105071755271638e-12,29.07360469835757,5.435651928564766e-13,32.30260471240292,0.0014008732800469548,0.39810011140487234,-30.22154218252198,0.0014158807764662606,0.7322562393736909,0.147415400053666,621.7739970942655,1639.82634971218,64.94486975224525,9
25042002,dephasing,5,26,1.849158627463991,-0.051349990725571115,2.5345156323319774e-12,0.7379270901571167,-0.7379270901545821,20.334157706149764,20.002580099620786,0.3315776065289775,2.8488536999667073,24.996808137717665,-22.147954437750958,0.00012925920032180738,4.2150194157208887e-07,0.0001288376983802353,157313.03965617355,47455487.452837214,-47298174.41318104,22039.85242732525,59304135.21818261,-59282095.36575528,1.4921397450962104e-12,1.6323706859397618,1.461053500406706e-11,3.01442227177089,-1.538325022920617e-12,-26.020390605938893,-0.0014008732800471768,-0.38545713797807757,20.592919985233426,-0.0013836770010806632,0.14677080674717477,-0.11426558282657955,-43.0503186585271,51.16628606227445,19.41022035030716,9
25042002,dephasing,4,27,1.8492878866643137,-0.0795571230533656,2.535253398208739e-12,0.8654063020349716,-0.8654063020324363,20.3341577061518,19.5573546219431,0.7768030842086979,10.18220252042034,20.779961589270705,-10.597759068850365,0.00012925920032225147,3.0836352953311774e-06,0.0001261755650269203,157313.0396556488,6342304.698468784,-6184991.658813135,78773.52246521297,6738787.048109388,-6660013.525644175,1.4814816040598089e-12,0.8982380989325236,1.893241119432787e-11,4.501552919923196,1.5347723092418164e-12,-53.96110647120661,-0.003417441753723105,-0.05398543848673931,-27.35980989602613,-0.0033749242509221733,0.5293493791893594,0.14439613854243705,53.426192518885706,50.25105564805707,19.23531588157827,9
25042002,dephasing,3,28,1.9660991836526192,0.6734343237042186,2.1570970691843517e-13,0.8361304290423203,-0.8361304290421046,20.334157706150766,19.00415826728887,1.329999438861897,125.43776428328721,69.76570819118473,55.67205609210248,0.0069641427077689055,9.078077425095366e-05,0.006873361933517952,2919.8364478468875,209341.2225671696,-206421.3861193227,18011.946272059315,768507.5255948462,-750495.5793227869,6.394884621840902e-14,0.9352911722315724,2.2311041902867146e-12,3.585509999315434,-5.329070518200751e-13,56.23905328983746,0.003417441753723549,0.5792241991681788,43.051660821621915,0.0033489137015513815,0.8914234963531156,-0.022821531981579397,-451.8905403531735,16186.523248742242,140.71624182721374,9
25042002,dephasing,2,29,1.9730633263603887,0.4758696954590523,2.1555294760078188e-13,0.7562764468826906,-0.756276446882475,20.334157706150798,19.60941031097206,0.7247473951787384,128.21521946647917,92.37666985666768,35.838549609811494,0.0069641427077684614,4.1421808862240894e-05,0.0069227208989062206,2919.836447847078,473407.8701436797,-470488.03369583265,18410.768539170775,2230145.722604499,-2211734.9540653285,6.394884621840902e-14,0.8711201995112425,3.240074875066057e-12,5.554831730691973,2.1316282072803006e-14,-7.906004579267943,-2.8445377158958784e-05,0.06098202566719735,-23.257916619799772,-1.2837542011645553e-05,0.9105266247711692,0.012651104217589517,250.8547300902701,16188.287772747184,140.81435509774573,9
25042002,dephasing,1,30,2.2443884307979856,0.33626809976900285,3.498530385548197e-13,0.8318534701617544,-0.8318534701614045,20.33415770615079,20.336626405989605,-0.002468699838814814,146.80468380820702,84.28380744108696,62.52087636712005,0.007021033462085935,2.3278513768154596e-05,0.00699775494831778,2896.17729582926,873622.1997905406,-870726.0224947113,20909.269924571992,3620669.6132116755,-3599760.3432871033,1.7763568394002505e-14,0.2697413352171054,4.888534022029489e-12,12.363406341337921,3.552713678800501e-15,-2.4608360323739475,2.844537715873674e-05,-0.6946225057181028,-1.6777334768636365,7.168785935740551e-05,0.8596091320961334,-0.12716874966950928,-3709.011535825277,25260.626723852933,170.78074013735505,9
25042002,dephasing,0,31,2.251409464260073,-0.03534677746768966,3.5067498282065393e-13,0.8039477782268282,-0.8039477782264774,20.334157706150776,19.67459748957094,0.6595602165798375,170.31582021468273,77.75715013652685,92.55867007815588,0.007021033462085935,9.162018307140585e-05,0.006929413279014529,2896.177295829258,214740.86636824536,-211844.6890724161,24257.94167402846,848690.1851737777,-824432.2434997493,7.105427357601002e-15,0.5410724270781131,2.4726887204451486e-12,16.37159305481748,-1.4210854715202004e-14,23.511136406475714,0.0,0.6620289164186524,30.03779371103583,-6.834166930325125e-05,0.9999998281032001,0.129323524597004,3751.3506639059015,25256.127951493436,170.3158494914299,9
25042002,transverse,15,16,0.981507020348655,-0.15893403773980241,0.916848180896324,0.5051270024918422,0.41172117840448186,7.998875781758288,8.629938660984056,-0.6310628792257678,1.1617904651768436,30.513324475387403,-29.35153401021056,0.013008774308327364,0.00012355356555876496,0.0128852207427686,614.8831236650736,69847.75082738877,-69232.86770372369,89.30821902514994,246964.33759230166,-246875.0293732765,9.769962616701378e-15,0.49739587301835897,2.220446049250313e-16,2.926540721899606,0.03458295380276866,-0.0645912446573198,1.1102230246251565e-16,0.06409280510872861,-5.227731425969271,5.482931253691925e-05,0.45919364026341414,-0.05801882903932142,-0.37139225791507147,1.721149342890897,2.530066541231686,9
25042002,transverse,14,17,0.9945157946569831,0.17752924073532622,0.9355177927841156,0.5744692452028464,0.36104854758126925,7.96429282795552,8.659448512290016,-0.6951556843344964,1.2263817098341634,25.350184294075454,-24.12380258424129,0.013008774308327253,0.00017838287809557318,0.01283039143023168,612.2246907502554,48544.168614941256,-47931.943924191,94.27342505658851,142111.08467760816,-142016.81125255156,2.6645352591003757e-15,0.14648618128185653,1.5543122344752192e-15,3.959018281078091,0.1470694819218643,-0.5091144373443188,0.0019356786698964679,-0.049258551457067146,4.197352157441326,0.0018260962056687313,0.47264163360606104,-0.05922991097690261,-0.3987754926261369,1.902787590841904,2.5947390636693943,9
25042002,transverse,13,18,1.127703910185724,0.17897170344411922,1.0972308135766922,0.5136361995090368,0.5835946140676553,7.635570910309023,8.296302296838114,-0.6607313865290907,2.309201829180121,29.599977302334793,-27.29077547315467,0.009137416968534207,1.4047262176908326e-05,0.009123369706357298,835.6377887320924,590599.2350933721,-589763.59730464,252.71932288218156,2107170.5596121703,-2106917.840289288,5.329070518200751e-15,0.22980235403047722,0.0,11.578095706448106,-0.10906188041468035,0.5354774555472872,-0.00193567866989669,0.20543593456625509,2.980210939738452,-0.0018306360896997997,0.5921154491151918,-0.11091957731114423,-1.6870160190367738,7.019429106925592,3.8999182214056414,9
25042002,transverse,12,19,1.1368413271542592,0.2659953938210847,1.1465224006007473,0.5048135124609817,0.6417088881397656,7.5249727534918875,8.562151711348083,-1.0371789578561952,2.321067037431504,38.73923727897646,-36.418170241544956,0.00913741696853454,5.9796806652023804e-05,0.009077620161882516,823.5339132935228,143187.4407804735,-142363.90686717996,254.01785268465832,647847.9278067827,-647593.9099540979,2.6645352591003757e-15,0.3000914774851431,8.881784197001252e-16,16.44280108190275,-0.2139972841858171,-0.02470690376803164,0.004019164204685677,-0.17229278909088608,0.9412232553150446,0.003977702421386176,0.5912379500704094,-0.12759053732395745,-1.9663880636242306,7.353740255875295,3.9257747868774224,9
25042002,transverse,11,20,1.352080166229741,-0.035528590234188195,0.9985575614479121,0.5209967470213637,0.4775608144265484,7.842369165046387,8.911410116047914,-1.0690409510015275,2.3823460532189498,49.81035757378429,-47.428011520565335,0.001099088559163519,2.262278452813682e-05,0.0010764657746353823,7135.338731043622,393913.05278819473,-386777.7140571511,2167.5651460079584,2201778.3669306156,-2199610.8017846076,5.329070518200751e-15,0.3809494834484486,0.0,3.4705977294427086,0.2140552307214536,-0.024392651941168797,-0.004019164204685566,-0.32197412205336917,-7.916535944939476,-0.004003053810385682,0.5121242226167297,-0.10670520676056189,-2.3091102473597553,7.9846829646476705,4.651890982711597,9
25042002,transverse,10,21,1.3531792547889057,-0.2611595963228206,1.0525356304720535,0.5059861636464916,0.5465494668255618,7.731655115157979,8.1886098151981,-0.4569547000401215,2.492410372888733,45.097191282595496,-42.60478090970676,0.0010990885591636301,1.7669551004018125e-05,0.001081419008159612,7034.606129501986,463430.55425324495,-456395.94812374294,2267.706593893921,2552254.512428766,-2549986.805834872,7.993605777301127e-15,0.2700709650414268,3.1086244689504383e-15,5.351337628980843,-0.375265932856248,1.0563313462153234,0.0004339915666856653,0.12630924958869372,-9.339515296998954,0.00043054289396404766,0.533611834564348,-0.0952706850158233,-2.0784878118086256,8.290597278691969,4.6708303891415515,9
25042002,transverse,9,22,1.5291115559412833,-0.20225889418044785,0.6841150762767345,0.5080604753800755,0.17605460089665903,8.371472930982067,8.46895987923817,-0.09748694825610293,0.48981200012786885,19.592331704978147,-19.102519704850277,0.00023110542579241056,5.8189720366641495e-06,0.0002252864537557464,36223.61051142826,1455404.8079071338,-1419181.1973957056,2119.4309845751536,3366974.7133223675,-3364855.282337792,3.552713678800501e-15,0.37197523816512224,8.881784197001252e-16,3.6454822237030413,0.31776417684403846,-1.0618931478169733,-0.0004339915666856098,0.2739278764989077,9.805604658053834,-0.0004299228312495962,0.14730592406593968,-0.21605880866370503,-2.3888583209270378,2.628774116396302,3.3251344318549685,9
25042002,transverse,8,23,1.5293426613670764,-0.0874237932829881,0.6809728155022888,0.49863017605709503,0.1823426394451938,8.375762393118077,8.661637342587976,-0.2858749494698998,0.6109999230009517,15.822467739102414,-15.211467816101463,0.00023110542579241056,2.1058639413373825e-06,0.00022899956185107317,36242.17114072246,4113103.9724661335,-4076861.801325411,2643.8147045053793,7513528.024537973,-7510884.209833467,1.7763568394002505e-15,0.10389283171117647,3.219646771412954e-15,1.9907002169540888,-0.058721332495483836,-0.22740425672565667,-0.0013499501673116532,-0.26517717017256803,15.595918958217167,-0.0013021978732652983,0.180830100669259,-0.2088572177702828,-2.384461701162616,2.757782607069787,3.3788618196838898,9
25042002,transverse,7,24,1.6017762486391023,0.09725427123957436,0.5848006911129116,0.5266360843881988,0.0581646067247128,8.497494520245052,8.441403130583613,0.05609138966143945,1.186996359325348,43.69925020311233,-42.51225384378698,0.002931005760415717,9.389734393872029e-05,0.0028371084164769966,2899.1735993858356,89900.33984446546,-87001.16624507963,404.97919702382,465393.8904984525,-464988.9113014287,5.329070518200751e-15,0.08044638864823206,2.220446049250313e-15,8.263297736019446,0.07156917646328154,0.33721024995704485,0.0013499501673116532,0.34153529554767115,-12.013299437311463,0.0012731817186040217,0.3984288544426338,-0.07319182486648707,-0.6496205932312418,2.0585809502828747,2.979192761994736,9
25042002,transverse,6,25,1.6047072543995187,-0.04873036243867934,0.6028250775521208,0.5380286006356203,0.06479647691650048,8.476088294445464,8.761101156748028,-0.2850128623025636,1.0885722957356547,46.87501329258522,-45.78644099684957,0.002931005760415717,3.215192652084031e-05,0.0028988538338948766,2891.8702272503433,272490.70599452994,-269598.8357672796,371.3988933209254,1457922.381795743,-1457550.982902422,5.329070518200751e-15,0.32528949178904654,2.4424906541753444e-15,3.8889437162076277,0.10635154833932958,-0.17339965179754868,0.0014008732800469548,-0.17087218010207117,-20.305594733204902,0.0014158807764662606,0.3678259844388756,-0.10220944351516724,-0.8952014281600158,2.0801910712032115,2.959476333343578,9
25042002,transverse,5,26,1.849158627463991,-0.051349990725571115,0.7729860261375812,0.4913719556081741,0.28161407052940707,8.241978971967217,8.526351726029642,-0.28437275406242435,1.336947535741059,9.786386219243415,-8.449438683502356,0.00012925920032180738,4.2150194157208887e-07,0.0001288376983802353,63763.19017484057,20228499.290486407,-20164736.100311566,10343.151840739818,23217891.19818245,-23207548.04634171,8.881784197001252e-15,0.1772322322171629,7.993605777301127e-15,1.869864672173824,-0.13928215899309215,0.24942517389770136,-0.0014008732800471768,0.00908485457049757,19.909995044721647,-0.0013836770010806632,0.30980105813490155,-0.2908496847873322,-5.41665947638294,7.204088189707051,4.315503451763223,9
25042002,transverse,4,27,1.8492878866643137,-0.0795571230533656,0.7436749297213354,0.5093472900081277,0.2343276397132077,8.286433967475155,8.588336322438435,-0.3019023549632802,1.0864724279510605,12.018898887549494,-10.932426459598434,0.00012925920032225147,3.0836352953311774e-06,0.0001261755650269203,64107.111500121806,2785133.616625069,-2721026.5051249475,8405.377916948388,3897639.5508725955,-3889234.172955647,0.0,0.1536977246035356,1.9539925233402755e-14,2.700187358346456,0.10829961502924945,-1.6291809223464937,-0.003417441753723105,0.11965090149025848,5.664958513371461,-0.0033749242509221733,0.2638158902799205,-0.29090898759402256,-4.93392628414026,6.1143486208381495,4.118297903883926,9
25042002,transverse,3,28,1.9660991836526192,0.6734343237042186,0.8515847788955547,0.46912736749761175,0.382457411397943,8.114289732924593,8.673023491769246,-0.558733758844653,4.094359164854049,28.83969042729148,-24.745331262437432,0.0069641427077689055,9.078077425095366e-05,0.006873361933517952,1165.1527077227513,95538.1088488363,-94372.95614111355,587.9200551543198,317685.001755628,-317097.0817004737,3.552713678800501e-15,0.16337392529976036,1.4210854715202004e-14,7.231666382085393,-0.09802798986729044,1.593686962903564,0.003417441753723549,-0.2114787630779329,-0.6866758357938565,0.0033489137015513815,0.9649677820311462,0.5151531786835192,9.274331840204454,7.489445130620006,4.243000897124158,9
25042002,transverse,2,29,1.9730633263603887,0.4758696954590523,0.8374275434105171,0.5593317656828216,0.27809577772769545,8.138201478108614,8.530809114678775,-0.39260763657016007,3.9148719759499104,41.09975636963863,-37.18488439368872,0.0069641427077684614,4.1421808862240894e-05,0.0069227208989062206,1168.5862595880606,205949.70014588741,-204781.11388629937,562.1470064912503,992225.050005099,-991662.9029986078,3.552713678800501e-15,0.6533400151702349,1.1546319456101628e-14,5.523439359218152,-0.18644946096869042,0.977120963630425,-2.8445377158958784e-05,0.0005851042093416581,-10.22565049677219,-1.2837542011645553e-05,0.9658899914556728,0.5401920539677358,8.874174991306091,6.452047596771952,4.05312407270097,9
25042002,transverse,1,30,2.2443884307979856,0.33626809976900285,0.5517918297158553,0.5005664849044906,0.05122534481136465,8.535012145230017,8.762663867944367,-0.2276517227143504,1.781142859784921,30.95427939118055,-29.173136531395627,0.007021033462085935,2.3278513768154596e-05,0.00699775494831778,1215.6347340202367,376427.1188108169,-375211.4840767967,253.68670714976867,1329736.069040908,-1329482.3823337583,5.329070518200751e-15,0.481276182111138,2.220446049250313e-16,1.9554147345894997,0.20515310345055582,-1.0522354339547095,2.844537715873674e-05,-0.013900044034929948,9.832983392004373,7.168785935740551e-05,0.9517130634744183,0.6276135334079728,2.198253367396397,0.9742165195664096,1.8715124633074847,9
25042002,transverse,0,31,2.251409464260073,-0.03534677746768966,0.5638880767677932,0.450172192504668,0.11371588426312518,8.521516605450307,8.556412326238988,-0.03489572078868086,1.7518846115293507,42.57924006464063,-40.82735545311128,0.007021033462085935,9.162018307140585e-05,0.006929413279014529,1213.712575430253,93390.03742843859,-92176.32485300834,249.51947900400253,464736.46566996846,-464486.94619096443,3.552713678800501e-15,0.4321549622452512,6.661338147750939e-16,17.12218563086065,-0.013495539779709631,-0.02925824825557033,0.0,0.19275600192566955,-11.654218921715653,-6.834166930325125e-05,0.9501486199117467,0.6396698814496913,2.1746221862377566,0.8944775058755883,1.843800616888832,9
25042003,dephasing,15,16,0.1891162961443495,0.03721941873144312,1.401568866534767e-14,0.671150116660051,-0.671150116660037,13.093133040805768,12.738287250648217,0.354845790157551,2.685854070601128,28.999483681545357,-26.31362961094423,0.10941985982397245,0.0007613172859555484,0.1086585425380169,119.65956693665252,16731.903354407714,-16612.24378747106,24.546312478575235,38091.19301047707,-38066.6466979985,1.5987211554602254e-14,0.5855034535908228,9.769962616701378e-15,11.733948107473395,1.0658141036401503e-14,0.29158008123394064,0.09474684631622704,-0.36690664547648666,8.143619510136045,0.09420704094291457,0.34189701108459863,-0.053647079907363705,-3.3107036269865873,10.524515715551267,7.8557401308680905,9
25042003,dephasing,14,17,0.29853615596832295,-0.15381575009156015,1.3980401710554162e-14,0.7127467616963243,-0.7127467616963103,13.093133040805757,12.37138060517172,0.7217524356340377,2.3942739893671874,36.85152311044746,-34.457249121080274,0.014673013507745414,0.0002215119126430798,0.014451501595102334,892.3274713741871,55849.73041655605,-54957.402945181864,163.17534145956637,166363.61751715807,-166200.4421756985,5.1514348342607263e-14,0.34000329609976987,2.1760371282653068e-14,0.49021887693200483,-1.7763568394002505e-14,-1.5071941455396747,-0.047373423158113506,0.18799320292556132,-3.5006114400098127,-0.047176299853372,0.33510227876832555,-0.06009825915261856,-3.067996252971917,8.800544189132134,7.144905126182294,9
25042003,dephasing,13,18,0.313209169476069,-0.015958837330770775,1.2743063455127684e-14,0.6230997392301328,-0.6230997392301201,13.093133040805782,12.38046036554638,0.7126726752594017,5.1170821992125965,40.71672795040929,-35.5996457511967,0.014673013507745386,7.595314881361781e-05,0.014597060358931768,892.3274713741905,163001.2785372061,-162108.9510658319,348.741054215718,536076.8919577578,-535728.1509035421,5.1514348342607263e-14,0.3933325802892309,2.930988785010413e-14,4.082036686445157,2.1316282072803006e-14,0.7919586313853921,-0.07692430818559444,0.0865955124640676,-10.799615114538533,-0.07628990716463199,0.5143856812188207,-0.1315758307074711,-13.020964830423033,39.205495063921276,9.947948370350849,9
25042003,dephasing,12,19,0.48173079935500485,0.20391209132352334,8.337865335157383e-15,0.6272462475221728,-0.6272462475221645,13.093133040805766,12.562731150849135,0.5304018899566305,6.2559731462872215,21.39878529852328,-15.142812152236058,0.16852162987893424,0.0011991964269090494,0.1673224334520252,77.69408028044744,10475.957790526281,-10398.263710245834,37.12267173526334,17844.270395033647,-17807.147723298385,3.552713678800501e-15,0.16458982497838015,7.993605777301127e-15,16.188157012657488,-1.7763568394002505e-15,2.986077149666837,0.08942507963302242,-0.21193852218481268,9.377914299069197,0.08913422539363156,0.6524563510106727,0.01369856005787055,1.259394359868999,37.877805647197874,9.588339720498622,9
25042003,dephasing,11,20,1.127397019045119,0.25252225196125155,3.687587377684284e-15,0.5745068496223086,-0.5745068496223049,13.093133040805753,12.321124891782269,0.7720081490234847,1.4227097940281725,14.864516945441984,-13.441807151413812,0.14352008698407825,0.0017407312262227581,0.1417793557578555,91.22857514891467,7078.1317104985155,-6986.903135349601,9.91296635840253,8539.23725933081,-8529.324292972407,3.552713678800501e-15,1.2322068889531348,8.881784197001252e-16,8.89101629791599,-1.0658141036401503e-14,-1.8084675100938903,0.025885551333853743,0.30622560129370235,8.010682624964709,0.025514854033824225,0.44465137062707294,0.10802183550206435,1.1058721582377484,0.9182309997859354,3.1996073508595844,9
25042003,dephasing,10,21,1.2709171060291984,-0.16583906004874074,5.152241605953812e-15,0.6719586130739685,-0.6719586130739634,13.09313304080576,12.691969835302826,0.40116320550293416,0.2063814619569046,27.968548862477885,-27.76216740052098,0.06674744142151479,0.0015408714254774303,0.06520656999603736,196.1593247915183,8236.877928585307,-8040.718603793789,3.091975625756067,18151.124357317476,-18148.03238169172,7.105427357601002e-15,0.3769433487755691,5.273559366969494e-16,22.811638225627725,0.0,-1.0552585994774706,-0.03838632278128168,-0.3187883567912859,-12.884103375348948,-0.03831742726919829,0.05172461108021632,-0.10008476226565347,-1.59336349624609,1.6359568040855592,3.9900050990589473,9
25042003,dephasing,9,22,1.3376645474507138,0.09826245763118413,4.963130673563778e-15,0.644339592330011,-0.644339592330006,13.093133040805768,12.425238065240812,0.6678949755649555,1.100570328840578,17.41489122777083,-16.31432089893025,0.06674744142151467,0.0014788026488988804,0.0652686387726158,196.1593247915187,8402.228704751558,-8206.06937996004,16.48857702110858,11776.34570829177,-11759.85713127066,1.9539925233402755e-14,0.20502702450965948,4.440892098500626e-15,5.079517069713898,3.552713678800501e-15,0.5515153957038194,-0.021336209201229195,0.5143031754203831,18.437660363955214,-0.021726796868974774,0.3473354724530554,0.057820891202405945,0.5805265726799793,0.6307284760442731,3.1686090714196333,9
25042003,dephasing,8,23,1.4541117494158802,-0.10078855713421633,8.478830503777193e-15,0.6668088186660075,-0.6668088186659991,13.093133040805768,13.187112646019557,-0.09397960521378934,0.8917284043166125,42.63352352956655,-41.74179512524994,0.10941985982397295,0.0006355585368291727,0.10878430128714378,119.65956693665197,20748.856134968457,-20629.196568031806,8.149602876033319,67080.40417845211,-67072.25457557608,1.9539925233402755e-14,0.1705089814344518,3.164135620181696e-14,24.1822659389034,1.7763568394002505e-15,-1.0537797131235445,0.02133620920122903,-0.6104108897403311,-26.637777020180078,0.021653507725083787,0.1478984370268322,-0.1654046435915237,-6.012924211389783,6.808103758454807,6.029329465833482,9
25042003,dephasing,7,24,1.563531609239854,0.08682285822238461,6.903814089674624e-15,0.7168352314827808,-0.716835231482774,13.093133040805764,12.728165447317636,0.364967593488128,2.7904459060397357,16.684161217249216,-13.89371531120948,0.10941985982397318,0.00042691147246898264,0.10899294835150419,119.6595669366517,29814.531274378915,-29694.871707442264,25.502188638596365,39081.07955206429,-39055.5773634257,1.4210854715202004e-14,0.5921608942799725,2.4868995751603507e-14,7.4223429358525745,0.0,2.2279971186393714,-0.15211668561984865,0.1389541292253531,16.060122685720287,-0.1509181928301701,0.5841426038799421,0.10283168746227858,2.3465856689718043,5.440002685562045,4.776994328962245,9
25042003,dephasing,6,25,2.065857074860271,-0.1665681462004604,3.0587164542415828e-15,0.660598417289627,-0.6605984172896239,13.093133040805762,12.547126507066423,0.5460065337393392,0.23316917048411634,18.39905003909371,-18.16588086860959,0.4136532310636707,0.002615249987465873,0.4110379810762048,31.652437494898788,4797.677685575422,-4766.025248080524,0.5636827008084612,7035.293041688162,-7034.729358987353,1.0658141036401503e-14,0.23912409669573265,2.609024107869118e-15,11.12092778187071,-7.105427357601002e-15,-1.4035795107862528,0.2367052043900904,0.29757811066567896,-3.0471313562616835,0.23562839369626853,0.07501085322454863,-0.0950966261371816,-0.9188807504883494,0.9732486125526009,3.1084724471286083,9
25042003,dephasing,5,26,2.4795103059239443,-0.05325888589409454,6.1579213298268216e-15,0.6507832519336431,-0.650783251933637,13.093133040805775,12.961243788146582,0.13188925265919238,0.4830514565010023,16.826835169987337,-16.343783713486335,0.2444761935231874,0.0026499671148190185,0.24182622640836837,53.55586101091661,4891.096087821369,-4837.540226810453,1.9758629645679067,6349.827918953832,-6347.852055989264,5.329070518200751e-15,0.5407507547607491,1.6653345369377348e-15,0.43550394203374054,1.0658141036401503e-14,-1.1302811638774228,-0.04037963449974158,-0.18181247851087345,-3.6165406136571434,-0.0387162458853324,0.10317437879051104,-0.12189138504660338,-2.67187464340588,2.9052133530336186,4.681893529805557,9
25042003,dephasing,4,27,2.723986499447134,0.0849723547422685,9.424463770361076e-15,0.5958340527812409,-0.5958340527812315,13.093133040805764,13.011736112204972,0.0813969286007925,2.993496070272734,10.282101401321526,-7.288605331048792,0.15605842498218725,0.00601146147099052,0.15004696351119673,83.89891825641733,2164.487982663724,-2080.5890644073065,19.181893387777148,1710.4162525102777,-1691.2343591225006,0.0,0.5675539506382208,4.218847493575595e-14,6.496884371990733,-1.7763568394002505e-15,-0.24921680833341897,-0.04420888427049985,-0.0711675876607849,13.608960443190789,-0.04807939270961914,0.38076449395906703,-0.15783686026406912,-9.755576303001526,18.7165950257397,7.861804652916298,9
25042003,dephasing,3,28,2.8800449244293223,0.49943077177752565,8.050439650299284e-15,0.6128608488812488,-0.6128608488812407,13.093133040805757,12.919893260941794,0.17323977986396244,6.0023743007113035,31.453722135704133,-25.45134783499283,0.1560584249821868,0.0016319389489234393,0.15442648603326337,83.89891825641752,7916.89742405181,-7832.998505795393,38.46235345125674,19273.835063777104,-19235.372710325846,5.329070518200751e-15,0.025110232729387505,4.440892098500626e-14,21.041783810019666,-1.2434497875801753e-14,2.7957023905026315,-0.027104551711703118,0.05091975615518329,-10.965278440037796,-0.025332543056010848,0.9584976993277354,0.5017302626461515,19.675885899250183,16.35261134658912,6.262273039279271,9
25042003,dephasing,2,29,3.090312452834917,0.2674804109921321,3.918971626263407e-15,0.5615232327340425,-0.5615232327340386,13.093133040805775,12.929889921989009,0.1632431188167658,3.41984775014461,25.103381209005885,-21.683533458861277,0.2102675284055926,0.0007964337382408981,0.2094710946673517,62.26892540226164,16234.734041462834,-16172.465116060572,16.264269505027627,31519.73604791318,-31503.47177840815,8.881784197001252e-15,0.2811599088640815,1.7763568394002505e-15,7.138244701259758,1.4210854715202004e-14,0.16990112976570249,0.010000219152904388,-0.26637331845271905,2.3808355118887015,0.010445369571555396,0.9468037287500584,0.6728886941757003,8.778834384132452,2.916524250036695,3.6119922707311143,9
25042003,dephasing,1,30,4.232158211308147,-0.20277138460862676,3.919758296901901e-15,0.6394624545975613,-0.6394624545975575,13.093133040805764,12.407139946130757,0.6859930946750072,0.49751894004651126,23.174909046553637,-22.677390106507126,0.2444761935231896,0.000851229364860373,0.24362496415832924,53.555861010916075,14575.554437276605,-14521.998576265689,2.0350404384029295,27225.222722849805,-27223.1876824114,1.7763568394002505e-14,0.5019005208960294,4.107825191113079e-15,14.97379834973939,-7.105427357601002e-15,-2.1596714475862084,0.017104332558800284,0.403293425210971,-1.584592540014313,0.016820522397874904,0.24636199502463396,-0.10886136298755424,-0.4439617759561758,0.6914868716611785,2.0194630263355453,9
25042003,dephasing,0,31,4.476634404831338,0.20477476908957576,3.868408140031124e-15,0.6107789273700872,-0.6107789273700833,13.09313304080577,12.690976820694463,0.4021562201113067,1.8945330251208299,22.39659469924518,-20.502061674124352,0.24447619352318606,0.00033840466962908877,0.24413778885355697,53.55586101091688,37502.3690855227,-37448.81322451179,7.7493558690456,66182.87721559266,-66175.12785972361,3.552713678800501e-15,0.10386804435999863,1.1102230246251565e-15,1.7142347431442246,5.329070518200751e-15,1.3970140850743187,-3.552713678800501e-15,-0.28383687456370055,2.1753284323827735,0.0005128246952277316,0.9958444545373224,0.8045702181506625,2.9119592595582686,0.6772961237152143,1.902438695610396,9
25042003,transverse,15,16,0.1891162961443495,0.03721941873144312,8.157635778135622e-15,0.8123932877306729,-0.8123932877306648,19.086733601498068,18.586112784076096,0.5006208174219715,2.2385742697725126,49.104458729714906,-46.86588445994239,0.10941985982397245,0.0007613172859555484,0.1086585425380169,174.4357343557519,24413.09704500956,-24238.661310653806,20.458573730342785,64499.33508088244,-64478.8765071521,3.907985046680551e-14,0.208715965204199,8.881784197001252e-16,12.066075041172802,-2.1316282072803006e-14,-32.84571049978814,0.09474684631622704,0.015668462282118156,-30.72992395738973,0.09420704094291457,0.24551839748918633,-0.1455152634568171,-12.097161641926274,17.108376403213807,9.117745524023746,9
25042003,transverse,14,17,0.29853615596832295,-0.15381575009156015,1.0514674349290551e-13,0.8376901245859152,-0.83769012458581,19.08673360149809,18.601781246358236,0.48495235513985335,35.084284769560654,51.22024527211332,-16.135960502552663,0.014673013507745414,0.0002215119126430798,0.014451501595102334,1300.8052907075164,83976.43731392056,-82675.63202321304,2391.0756131343287,231230.20636205716,-228839.13074892282,7.815970093361102e-14,0.32254932646732826,5.471179065352771e-13,3.427579869918425,2.842170943040401e-14,15.529492753074926,-0.047373423158113506,0.014992986937114594,24.84275544391319,-0.047176299853372,0.8793839466959278,0.0006275717269016288,0.998921954015259,1229.908115837601,39.89643534133324,9
25042003,transverse,13,18,0.313209169476069,-0.015958837330770775,1.046401625580921e-13,0.7946611280985956,-0.7946611280984909,19.086733601498054,18.647435682514548,0.439297918983506,36.87100976319894,71.96255719618826,-35.091547432989316,0.014673013507745386,7.595314881361781e-05,0.014597060358931768,1300.8052907075166,245512.34509412738,-244211.53980341987,2512.845077375277,947459.8264882723,-944946.981410897,7.105427357601002e-14,0.23071134521734038,7.105427357601002e-14,21.636029991797407,-2.4868995751603507e-14,18.159950467904366,-0.07692430818559444,-0.0809218106698264,-10.000378675986894,-0.07628990716463199,0.8664408060592628,0.06440482460520612,116.6301057638509,1242.841255194054,42.554562879944676,9
25042003,transverse,12,19,0.48173079935500485,0.20391209132352334,4.033381008649071e-15,0.8068132011900668,-0.8068132011900628,19.086733601498068,18.531246497331257,0.5554871041668115,2.337833821028495,36.384210832480676,-34.04637701145218,0.16852162987893424,0.0011991964269090494,0.1673224334520252,113.2598445387097,15453.053462722435,-15339.793618183725,13.87260390673881,30340.493030204936,-30326.620426298196,7.105427357601002e-15,0.1488418458291818,3.1086244689504383e-15,19.330602521431615,7.105427357601002e-15,-18.475816511617822,0.08942507963302242,-0.19626708050995845,-9.768643342191265,0.08913422539363156,0.4210764257136637,0.07589453077609971,2.3394614815689856,3.126005493175719,5.5520415731329695,9
25042003,transverse,11,20,1.127397019045119,0.25252225196125155,7.698671311863708e-15,0.7493331919189943,-0.7493331919189866,19.086733601498064,18.02252315112803,1.0642104503700338,4.7562909020936885,18.220210807626202,-13.463919905532514,0.14352008698407825,0.0017407312262227581,0.1417793557578555,132.98998072385155,10353.420953006862,-10220.430972283011,33.14024539729647,10466.986823211382,-10433.846577814085,0.0,0.33032238652377544,2.6645352591003757e-15,0.981907047665171,3.552713678800501e-15,-0.633806906507627,0.025885551333853743,0.5217566578633921,18.05525352307879,0.025514854033824225,0.5269447042385982,0.11233421271554651,9.152058241922962,13.470244903416223,9.026167003549695,9
25042003,transverse,10,21,1.2709171060291984,-0.16583906004874074,2.5777322286141542e-14,0.756063463670302,-0.7560634636702762,19.086733601498054,18.557313120651582,0.529420480846472,8.442361796174136,37.43433164194457,-28.99196984577043,0.06674744142151479,0.0015408714254774303,0.06520656999603736,285.954535410039,12043.388444887089,-11757.43390947705,126.48217843827193,24294.26039252156,-24167.778214083286,5.3290705182007514e-14,0.8022578593265237,4.796163466380676e-14,3.024712634111907,-1.0658141036401503e-14,3.248087315920781,-0.03838632278128168,-0.5287087155803558,-6.521223456673692,-0.03831742726919829,0.46718961759696664,-0.26647547687068385,-87.01593719736128,158.2894098948613,18.07052528178639,9
25042003,transverse,9,22,1.3376645474507138,0.09826245763118413,2.6804313655014e-14,0.826028067412608,-0.8260280674125813,19.086733601498064,18.034685659014443,1.0520479424836218,5.632258058413022,37.10983093107399,-31.477572872660964,0.06674744142151467,0.0014788026488988804,0.0652686387726158,285.9545354100396,12195.46480555949,-11909.51027014945,84.3816322912653,25094.512076175983,-25010.13044388472,1.4210854715202004e-14,0.7872573140943793,2.842170943040401e-14,13.38797144593341,1.0658141036401503e-14,-1.3089801580900229,-0.021336209201229195,0.4772747782045137,2.825005157917225,-0.021726796868974774,0.25138791409145844,-0.2874837760878793,-144.30774556174813,176.03007639830642,22.404649319632426,9
25042003,transverse,8,23,1.4541117494158802,-0.10078855713421633,1.0618563788914857e-14,0.7379136288742922,-0.7379136288742816,19.086733601498057,18.466607753786313,0.6201258477117442,5.440114636831953,45.0533008522179,-39.61318621538595,0.10941985982397295,0.0006355585368291727,0.10878430128714378,174.435734355751,29055.71506586469,-28881.27933150894,49.71779936095358,70887.72826023334,-70838.01046087239,0.0,0.3466058024604024,2.3092638912203256e-14,9.866422940491383,-1.0658141036401503e-14,-0.15894926655219077,0.02133620920122903,-0.19898809031552567,-10.233382661272053,0.021653507725083787,0.7489142866032098,0.31744129815761024,16.750018788976355,12.84482847289706,7.264001681028489,9
25042003,transverse,7,24,1.563531609239854,0.08682285822238461,7.658499487567686e-15,0.8679175868635001,-0.8679175868634924,19.086733601498068,18.50055366792715,0.5861799335709179,5.565869748355264,32.8479039839221,-27.282034235566837,0.10941985982397318,0.00042691147246898264,0.10899294835150419,174.43573435575075,43335.80814994685,-43161.372415591104,50.86708900294002,76943.12779638096,-76892.26070737801,3.907985046680551e-14,0.1326838156971668,1.7763568394002505e-14,9.878606099971872,1.4210854715202004e-14,1.5630174650988629,-0.15211668561984865,0.11280479273857225,4.296313305789528,-0.1509181928301701,0.713109208183275,0.24814681826798884,15.116898597441962,15.862007458214253,7.805073450860254,9
25042003,transverse,6,25,2.065857074860271,-0.1665681462004604,4.4449717452050555e-15,0.7466015604041902,-0.7466015604041858,19.086733601498054,18.760109167545107,0.32662443395294716,2.5655899296808498,26.109098797007626,-23.543508867326775,0.4136532310636707,0.002615249987465873,0.4110379810762048,46.14186997262973,7173.352168036254,-7127.210298063624,6.202272186013571,9983.404616056165,-9977.20234387015,2.1316282072803006e-14,0.1440723916066986,2.6645352591003757e-15,0.8524721479139963,-1.0658141036401503e-14,-0.5581510792595132,0.2367052043900904,-0.1489022538617899,3.229335692310432,0.23562839369626853,0.5406499809609892,0.12126446652264547,2.7307105044351156,3.8515411828446697,4.745380597481184,9
25042003,transverse,5,26,2.4795103059239443,-0.05325888589409454,4.757160149723123e-15,0.7595324554772869,-0.7595324554772821,19.08673360149806,18.721860159439505,0.3648734420585562,0.6816122695254615,26.94526715323304,-26.263654883707577,0.2444761935231874,0.0026499671148190185,0.24182622640836837,78.07195181844067,7064.94056275039,-6986.86861093195,2.7880517104861333,10168.151522541926,-10165.36347083144,7.105427357601002e-15,0.7471294709933787,1.3322676295501878e-15,3.1799382088467993,0.0,-1.2024451235145248,-0.04037963449974158,-0.017576676148372883,-7.240255376567642,-0.0387162458853324,0.1133578447782784,-0.1874675254671316,-6.777939456080237,7.242534742047886,6.012925447362345,9
25042003,transverse,4,27,2.723986499447134,0.0849723547422685,4.246666427803392e-15,0.8260929782813451,-0.8260929782813409,19.086733601498064,18.648457799037153,0.438275802460911,1.202524856399123,15.705815003352214,-14.503290146953091,0.15605842498218725,0.00601146147099052,0.15004696351119673,122.30505084026481,3102.1504319754727,-2979.845381135208,7.705606772184079,2612.64504133374,-2604.939434561556,0.0,0.27263758355764267,5.10702591327572e-15,13.978091124895355,0.0,-1.3797268175739328,-0.04420888427049985,-0.052352195978370375,13.982187552207456,-0.04807939270961914,0.259181731935187,-0.05028689239830659,-1.0825155586737656,2.528581588931501,4.639697587559286,9
25042003,transverse,3,28,2.8800449244293223,0.49943077177752565,4.586434060438394e-15,0.7989085163053504,-0.7989085163053459,19.086733601498068,18.47035104667806,0.6163825548200066,4.48289107842065,35.19019159303417,-30.70730051461352,0.1560584249821868,0.0016319389489234393,0.15442648603326337,122.30505084026518,11318.04045663756,-11195.735405797295,28.725722939548742,21563.42405838681,-21534.69833544726,7.105427357601002e-15,0.8632877840115327,1.1546319456101628e-14,3.835019289072271,3.552713678800501e-15,2.1612174671160176,-0.027104551711703118,-0.04640444660960341,-7.554606774801506,-0.025332543056010848,0.8564517328543859,0.49518090569624373,13.566708033754281,6.529604387229154,5.2342600364413405,9
25042003,transverse,2,29,3.090312452834917,0.2674804109921321,3.132855829928198e-15,0.8467071033108216,-0.8467071033108184,19.086733601498064,18.199435401099755,0.887298200398309,3.440822366210142,35.24291969888108,-31.80209733267094,0.2102675284055926,0.0007964337382408981,0.2094710946673517,90.77356711342028,22851.16077741417,-22760.38721030075,16.364021550550667,44250.91254512013,-44234.54852356958,1.4210854715202004e-14,0.261887658302161,3.9968028886505635e-15,22.79289813161744,-3.552713678800501e-15,0.48003484712944733,0.010000219152904388,0.06749773415514326,0.3333855582616607,0.010445369571555396,0.8800994728801802,0.6494722189123998,9.927080926795227,1.9121776290167263,3.9095834871367847,9
25042003,transverse,1,30,4.232158211308147,-0.20277138460862676,1.802680387634678e-15,0.7589573385549422,-0.7589573385549404,19.086733601498068,18.063515223831743,1.0232183776663248,1.4386839597407395,35.00234922699242,-33.56366526725168,0.2444761935231896,0.000851229364860373,0.24362496415832924,78.07195181843998,21220.502921436102,-21142.43096961766,5.884760961824588,41119.762395337304,-41113.87763437548,7.105427357601002e-15,0.4692862126948292,1.1102230246251565e-15,12.30788630017748,7.105427357601002e-15,-1.0546491951049806,0.017104332558800284,0.28710524085677847,-1.5128422150903376,0.016820522397874904,0.8244795682189094,0.5889306150695164,1.7932264626755237,0.2765850733397695,1.7449601120482237,9
25042003,transverse,0,31,4.476634404831338,0.20477476908957576,1.8844621489037775e-15,0.7258132753903204,-0.7258132753903185,19.086733601498057,18.501805528277274,0.5849280732207838,1.5458439434812985,33.845392715133045,-32.29954877165174,0.24447619352318606,0.00033840466962908877,0.24413778885355697,78.07195181844108,54673.611769472125,-54595.539817653684,6.32308578272547,100014.55580453298,-100008.23271875025,0.0,0.44995523434792517,2.220446049250313e-16,26.18362685407712,-1.0658141036401503e-14,0.10715998374055902,-3.552713678800501e-15,-0.43829030444554107,1.2641164955999358,0.0005128246952277316,0.9342895857443391,0.7945102835727572,2.1750427856827854,0.2145907119150248,1.6545661720608176,9
25042004,dephasing,15,16,0.23506422269889732,-0.10454459480414571,0.6553282989188824,0.7534874078594416,-0.09815910894055913,19.827838296139284,19.69543882175077,0.13239947438851374,0.970890662144698,30.360333453220647,-29.38944279107595,0.06370808110172177,0.0010439417302722659,0.0626641393714495,311.229563867737,18866.415864623104,-18555.186300755366,15.239678316389579,29082.4023724988,-29067.16269418241,7.105427357601002e-15,0.3778547115843516,1.887379141862766e-15,14.9856468900784,-0.14198256829729416,0.2026055548051091,-1.3877787807814457e-17,0.08477218509471385,-2.883750944546275,0.0020107337559054916,0.1426888595689204,-0.0704842630651307,-3.2632675165570904,4.205896194396862,6.804249925872785,9
25042004,dephasing,14,17,0.29877230380061937,0.005309692217685041,0.5361647238177981,0.6758928116699822,-0.13972808785218405,19.969820864436578,19.922193575142778,0.04762728929379989,0.7682851073395889,27.273976953869266,-26.505691846529675,0.06370808110172178,0.0030546754861777714,0.06065340561554401,313.45820685685146,6521.869070966635,-6208.410864109784,12.059460810205207,8928.600460927002,-8916.541000116797,7.105427357601002e-15,0.8943405554368802,7.771561172376096e-16,11.427319406502363,0.054397821288798553,-0.08548484492574049,-0.016165137667410262,-0.042714976064033294,-0.015642883592196455,-0.01685941886662877,0.1062713519526561,-0.0832624619807061,-4.3517272416841575,4.941989247843961,7.229465827082539,9
25042004,dephasing,13,18,0.39995757632270534,0.032720489003974645,0.5042674740124764,0.59844247888824,-0.09417500487576358,20.003007790156275,19.954722733829122,0.04828505632715263,0.7366492423859607,24.327304377184973,-23.59065513479901,0.09603835643654232,0.0036768468436462476,0.09236150959289607,208.28144641743563,5427.129163215422,-5218.847716797986,7.6703649429142855,6616.34966363193,-6608.679298689015,1.0658141036401503e-14,0.27922120020874885,9.992007221626409e-16,9.95466518878721,0.024004652665734483,-0.47643452943675335,0.016165137667410096,-0.4717031656504318,2.5067285075283685,0.014501682147724071,0.12225899276833525,-0.07909209071980063,-2.8713948812041954,3.4140469875120063,6.025317448687107,9
25042004,dephasing,12,19,0.4959959327592482,0.13655980408542856,0.5187562673921906,0.7224482932576197,-0.20369202586542912,19.988185410544503,18.995836255883134,0.992349154661369,1.6578824363058393,27.346957874430924,-25.689075438125084,0.09603835643654265,0.0009721071617426469,0.09506624927480001,208.12710829502478,19540.88705799705,-19332.759949702024,17.26271146051198,28131.628847798456,-28114.366136337943,1.0658141036401503e-14,0.8059725749178597,3.552713678800501e-15,17.403937847086276,-0.006913628354997314,-0.6942668786438424,0.02589242944004748,0.6711425264259159,-1.3763358734822297,0.02755854870776195,0.24248792929799043,-0.042668780208080334,-1.994515607437632,4.743089780049023,6.836968920908594,9
25042004,dephasing,11,20,0.6744614848646409,-0.07751616638393531,0.5197145253506497,0.8632050386392112,-0.3434905132885615,19.987190287642726,19.393062087498972,0.5941282001437536,3.9676493875134025,29.0024733820001,-25.0348239944867,0.04425349755644803,0.0015996060152679847,0.042653891541180045,451.65221714165864,12123.649137597185,-11671.996920455527,89.6573063508127,18131.010452058887,-18041.353145708075,2.4868995751603507e-14,0.030579281719326445,3.552713678800501e-15,4.320907788638081,0.048441900639531354,1.7268453675053834,-0.02589242944004745,-0.04054829788160319,6.054641909173661,-0.02675029166071974,0.4094666893305944,0.08287498018166481,7.781312524345788,7.960929137889671,9.689797707353938,9
25042004,dephasing,10,21,0.7187149824210899,-0.2123690560605196,0.6066152916316117,0.8397200647708298,-0.23310477313921818,19.88931136346189,19.612307522072545,0.27700384138934453,2.8237256037101983,39.31358197290584,-36.489856369195635,0.04425349755644831,0.0005113804274487488,0.04374211712899956,449.4404388735995,38351.69761955372,-37902.25718068012,63.80796455937402,76877.36929831147,-76813.5613337521,7.105427357601002e-15,0.38343081899742515,7.993605777301127e-15,19.49504499908756,0.09663988893419173,-0.2607539342197973,-0.02717523997196486,0.12721898546214483,-5.026511901356415,-0.026297930934318703,0.3089776227630911,0.007840220588451657,0.6548158914162254,7.318610393632324,9.138932387590078,9
25042004,dephasing,9,22,1.0670305613509372,0.24235743382478356,0.8118748758832945,0.7511502194324845,0.060724656450810044,19.59815266141267,19.892711149702023,-0.29455848828935416,2.201309688346589,40.09317462953833,-37.89186494119174,0.0986039775003783,0.0011777729149218263,0.09742620458545648,198.75620799716197,16890.1075051657,-16691.351297168538,22.32475549313559,34041.51523742545,-34019.19048193231,1.4210854715202004e-14,0.35916594830459303,1.7763568394002505e-15,36.92145408703024,-0.22732658670965833,-0.6336601833406252,0.027175239971965054,-0.2704674547741792,-4.715495493762418,0.027374882084284735,0.30396061170371086,-0.014481408179003483,-0.7595186898805073,5.605283033889065,7.242088624602261,9
25042004,dephasing,8,23,1.1656345388513163,0.20097020735155657,0.7040215498977425,0.7513613367493188,-0.04733978685157636,19.76164713278277,20.086833041202464,-0.3251859084196944,2.8462141396642293,32.70909666532724,-29.862882525663007,0.09860397750037819,0.0022434496270342663,0.09636052787334393,200.4143000489709,8953.547607733142,-8753.133307684171,28.865104753541132,14579.822194879012,-14550.957090125472,1.4210854715202004e-14,0.5824961046122397,4.884981308350689e-15,0.4857378092852258,-0.14584184000906575,-0.36026260779922303,0.009896681191225332,-0.12715183449242673,-3.4159015412923317,0.008311083362996963,0.35732907293713817,0.025955769774989937,1.646767744472041,6.454167184352527,7.965246477901157,9
25042004,dephasing,7,24,1.482933164805291,0.2767954508989257,0.20116707318097202,0.8073534639289721,-0.6061863907480001,20.216825284171,20.318334943736183,-0.10150965956518121,4.211643806580316,19.21374083412993,-15.002097027549613,0.07881061511792742,0.00013793068268996844,0.07867268443523745,256.5241402305993,147308.30405158224,-147051.77991135162,53.44005753892757,139299.97633171524,-139246.53627417632,1.7763568394002505e-14,0.20738008214228287,0.0,16.38286545745164,0.24393392337067965,0.8553459718099781,-0.00989668119122522,-0.43186098810631,12.671313102820598,-0.008192746540672091,0.609481164818375,0.2609747438471389,12.461811299474121,5.276132254032205,6.9102115860059135,9
25042004,dephasing,6,25,1.5617437799232197,0.2581335268326632,0.27047714632723696,0.7564587758478507,-0.48598162952061374,20.184135588817874,19.198247023315922,0.985888565501952,3.8663815298764463,29.35031926495386,-25.483937735077415,0.07881061511792709,0.0014402810394519294,0.07737033407847516,256.10935225687103,13329.514516570625,-13073.405164313754,49.059146716353425,20378.18902075011,-20329.129874033755,7.105427357601002e-15,0.26309855835677,4.884981308350689e-15,17.958021186143572,0.009197886208639261,-0.011558889963050767,0.03898353804115595,1.034119502081916,27.185169268162728,0.03761963871296681,0.6011661731522103,0.2670502662726138,11.046211629981494,3.902694504588211,6.4314688725799405,9
25042004,dephasing,5,26,1.7107195923780294,-0.4829055267933444,0.35248170797310596,0.8465138711190177,-0.4940321631459117,20.133050121047464,20.12800233464221,0.005047786405253163,3.5442370330986783,93.88035401202936,-90.33611697893068,0.0008435390356148487,1.483273983560185e-05,0.0008287062957792468,23867.360336647194,1356998.2725868733,-1333130.9122502261,4201.627765234733,6329265.870806673,-6325064.243041438,1.4210854715202004e-14,1.0400611603975385,2.9753977059954195e-14,14.543680671951464,-0.07682785706143491,-0.2945130650137413,-0.038983538041156285,-0.810082815107318,-28.730168779672894,-0.038274256920909466,0.47438311916926934,0.1402023483691663,7.826045231568864,4.735570915219128,7.471254540644828,9
25042004,dephasing,4,27,1.711563131413645,-0.7921064579924633,0.14721789328530438,0.818941305531378,-0.6717234122460736,20.235620367399925,19.591247729876734,0.6443726375231904,3.811118666348393,101.53907732978654,-97.72795866343814,0.0008435390356151817,7.94668071291138e-06,0.0008355923549022704,23988.955475714716,2465337.21910405,-2441348.2636283357,4518.011029055691,12777545.870794931,-12773027.859765876,3.907985046680551e-14,0.02167863169980322,6.52811138479592e-14,6.720969583039675,0.10986465088583941,-0.28574814211388144,-0.0017516845069189269,0.05579735802726837,-17.291472813274822,-0.0017351405865314584,0.4631907003010865,0.10672395686138354,7.225155512873249,7.299469976116152,8.227968877335178,9
25042004,dephasing,3,28,1.93517381077693,-0.5419536270123965,0.37260188341240197,0.7852711810846412,-0.41266929767223925,20.11846131198071,18.94635853939412,1.172102772586591,4.64949658382587,75.18635130522183,-70.53685472139597,0.0043469080494533685,3.4148462365157783e-05,0.004312759587088211,4628.223344754358,554823.1816939842,-550194.9583492299,1069.610060974387,2201749.247191161,-2200679.6371301864,1.0302869668521453e-13,1.1392041298917128,7.993605777301127e-14,6.930534612661688,-0.04540538310475739,0.43102898406782586,0.001751684506919482,0.4802558033868909,35.582677580505944,0.0017234269297436433,0.7719477716381089,0.5151379357063317,18.68785963528419,2.9299588477238863,6.0230714494574995,9
25042004,dephasing,2,29,1.939520718826384,-0.2922833992417522,0.4064239814924896,0.7763426736707799,-0.3699186921782903,20.09211302277101,19.3527917218948,0.7393213008762096,4.625816533167697,119.13692247353337,-114.51110594036568,0.004346908049452591,3.835089665726876e-06,0.0043430729597868645,4622.161958383551,5046242.306886665,-5041620.144928281,1064.1624990779892,31064964.018501766,-31063899.85600269,1.1368683772161603e-13,0.06007881333047038,9.50350909079134e-14,41.35136044074861,-0.04663723731080793,0.39311010372626853,-0.02619214875098319,-0.09466124102378792,-60.016627408071514,-0.025932718538990485,0.784240242479478,0.493990344809892,17.186879053183837,4.211299545344224,5.898468712269371,9
25042004,dephasing,1,30,2.210704230731186,0.9809859356062458,0.31345536734960344,0.7596034094555675,-0.44614804210596404,20.159039208182925,19.66317689696952,0.4958623112134042,3.8159162750569866,42.26801861824934,-38.45210234319236,0.056731205551418196,0.0004923821409517082,0.05623882341046649,355.3430429027606,39934.788981101665,-39579.44593819891,67.26309159071968,85843.93117213994,-85776.66808054922,1.7763568394002505e-14,0.9322241283382198,1.3322676295501878e-15,20.380726513367954,0.04901930792181375,-0.260076151804185,0.026192148750982025,-0.06165463855585607,47.69966414097896,0.02613164394332823,0.900657943304376,0.7305890194256506,13.114479179142362,1.446737839102432,4.236809660565448,9
25042004,dephasing,0,31,2.2674354362826072,0.6679028138431118,0.35967582314074664,0.8187969770407806,-0.45912115390003394,20.127926777751213,19.752214179088902,0.3757125986623109,3.526168320554647,61.31859534853161,-57.79242702797696,0.05673120555141975,0.0008599195769301016,0.05587128597448965,354.7946246181524,22969.838934943167,-22615.044310325015,62.15570930109384,71307.360587647,-71245.2048783459,1.7763568394002505e-14,0.7107662711627931,3.9968028886505635e-15,22.18513809069823,-0.031112430431711857,-0.2897479545023396,1.5543122344752192e-15,-0.1201497125510933,-19.340324684784605,-0.0003675374359768391,0.8865857209963861,0.7011802178204082,11.091601781435648,1.3422612434475467,3.9772446555892844,9
25042004,transverse,15,16,0.23506422269889732,-0.10454459480414571,0.888882949987128,0.7737236484394745,0.11515930154765353,17.846205126215736,17.784497085971722,0.06170804024401377,1.22776308023881,24.41117490457922,-23.18341182434041,0.06370808110172177,0.0010439417302722659,0.0626641393714495,280.12466892105823,17035.909735434587,-16755.78506651353,19.271700842448205,23383.6565745989,-23364.38487375645,0.0,0.2045968728781773,0.0,15.145488511670276,-0.1750715511726284,-2.4706169181936417,-1.3877787807814457e-17,0.43830181587000894,3.6002539550593973,0.0020107337559054916,0.16294360600458885,-0.08640398317758488,-4.905556212922352,6.412958394119844,7.534895724624101,9
25042004,transverse,14,17,0.29877230380061937,0.005309692217685041,0.7842457188950374,0.6475360315907023,0.13670968730433508,18.021276677388364,18.39787045301436,-0.37659377562599516,3.6983799984324515,30.48204577783226,-26.783665779399808,0.06370808110172178,0.0030546754861777714,0.06065340561554401,282.87269630071023,6022.85595843606,-5739.98326213535,58.05197605194388,9978.81638025438,-9920.764404202437,7.105427357601002e-15,0.8931311969675519,1.3322676295501878e-15,16.230936081984062,0.029514279522942388,2.802021884065187,-0.016165137667410262,-0.3858231303692534,-0.04732178147316901,-0.01685941886662877,0.40466077158566305,0.012059305792880637,1.0073100354757312,12.670704577329488,9.139457684371903,9
25042004,transverse,13,18,0.39995757632270534,0.032720489003974645,0.7063981564800785,0.7796731709222922,-0.07327501444221363,18.137319669515108,18.180569000272605,-0.04324933075749726,0.5649531484957184,30.85422932000858,-30.289276171512864,0.09603835643654232,0.0036768468436462476,0.09236150959289607,188.85495694107806,4944.6087295393945,-4755.753772598317,5.882578268288183,8391.491577443874,-8385.608999175585,1.0658141036401503e-14,0.27961790540625486,4.440892098500626e-16,20.332824811871056,0.7391485417732042,-2.2487027198362353,0.016165137667410096,0.753053429880703,-6.50160264059279,0.014501682147724071,0.07959503719529386,-0.11845975958804421,-5.967930178632983,6.287102238628209,7.097843890813862,9
25042004,transverse,12,19,0.4959959327592482,0.13655980408542856,1.3642772617390164,0.7271996290033067,0.6370776327357097,16.775065578095447,17.991077323745852,-1.2160117456504054,1.928931738231456,22.7206130206718,-20.791681282440344,0.09603835643654265,0.0009721071617426469,0.09506624927480001,174.67047751050978,18507.298404729543,-18332.627927219033,20.08501404859003,23372.539484167275,-23352.454470118686,1.4210854715202004e-14,1.0620405201035013,1.5543122344752192e-15,8.74391905653475,-1.3076926740857502,1.1670742153460365,0.02589242944004748,-0.9960856086699152,7.811726026338938,0.02755854870776195,0.22175726901557635,-0.12095689193726299,-9.151843978601374,12.872621629358,8.698392376468014,9
25042004,transverse,11,20,0.6744614848646409,-0.07751616638393531,0.7798212552542167,0.7471543909599836,0.032666864294233156,18.028196834847286,18.42479977805077,-0.396602943203483,0.9587618972751202,27.87630034332082,-26.9175384460457,0.04425349755644803,0.0015996060152679847,0.042653891541180045,407.3846776031934,11518.336141642998,-11110.951464039805,21.665223094562435,17426.97894184316,-17405.3137187486,1.4210854715202004e-14,1.087911987008649,3.3306690738754696e-16,8.52798749496029,0.42388001291202215,-0.7492173882077191,-0.02589242944004745,0.08492147743987566,-0.7126129268699586,-0.02675029166071974,0.11274191359976206,-0.10570117516878114,-7.644173649060378,8.563398024726967,8.504041369022353,9
25042004,transverse,10,21,0.7187149824210899,-0.2123690560605196,0.4502776468119235,0.6298572575967523,-0.17957961078482876,18.433568065775077,18.18060516141139,0.25296290436368807,1.4870268327342226,33.10519658864536,-31.61816975591114,0.04425349755644831,0.0005113804274487488,0.04374211712899956,416.54488534520516,35552.0160443244,-35135.4711589792,33.602470196562884,64736.92541148968,-64703.32294129312,0.0,0.6899067778802532,4.218847493575595e-15,13.40395225885862,0.6127913363110302,-0.4382203937885487,-0.02717523997196486,0.496881191241652,-5.197695532166492,-0.026297930934318703,0.177570738446474,-0.09839242290559028,-6.900117148502755,9.111365949774322,8.374278587473816,9
25042004,transverse,9,22,1.0670305613509372,0.24235743382478356,1.0114155431437415,0.7229336903473624,0.28848185279637906,17.613356624080808,17.704590254633253,-0.09123363055244482,2.8917325557704228,28.815142557214013,-25.923410001443592,0.0986039775003783,0.0011777729149218263,0.09742620458545648,178.6272427399111,15032.261338603104,-14853.634095863194,29.326733353726308,24465.788092203322,-24436.461358849596,1.7763568394002505e-14,0.9302162774472293,4.884981308350689e-15,11.274917328402445,-0.2621173812187507,0.7213912359359407,0.027175239971965054,0.054596260943890584,2.278512496280257,0.027374882084284735,0.35446081563584947,-0.0259407106881475,-1.726480406365969,10.088597580468528,8.158116294414919,9
25042004,transverse,8,23,1.1656345388513163,0.20097020735155657,1.1484502950365414,0.7504529796681652,0.39799731536837624,17.317379944824044,17.862002632180403,-0.5446226873563589,2.853655806934742,27.639331046471305,-24.785675239536562,0.09860397750037819,0.0022434496270342663,0.09636052787334393,175.6255719477201,7961.846977501839,-7786.221405554119,28.94057500797873,12320.014103908892,-12291.073528900914,7.105427357601002e-15,0.20456047031868962,2.220446049250313e-15,7.7319979600525315,-0.5851021017171227,0.24480086273475,0.009896681191225332,-0.36503380093994586,1.4744085021004452,0.008311083362996963,0.36237572657412104,-0.028308473786907394,-1.755502436346271,9.898853900798636,7.874853633031759,9
25042004,transverse,7,24,1.482933164805291,0.2767954508989257,0.6668662204610692,0.8514036029955965,-0.18453738253452723,18.19160746900153,18.45955161128191,-0.2679441422803812,2.3259773326295616,28.922734814459986,-26.596757481830423,0.07881061511792742,0.00013793068268996844,0.07867268443523745,230.82686820526285,133832.09052023676,-133601.26365203148,29.51350308773901,209690.36221962748,-209660.84871653974,0.0,0.4370285860234233,3.552713678800501e-15,6.774681732328421,0.751939802416512,-0.17970055221582237,-0.00989668119122522,0.2815511612681654,1.2348759030215888,-0.008192746540672091,0.29947075937833073,-0.044958023159062346,-2.712122584209987,8.122293136116532,7.76695974411006,9
25042004,transverse,6,25,1.5617437799232197,0.2581335268326632,1.0365146581923326,0.6830088134865758,0.35350584470575674,17.561955388345993,18.116323308086727,-0.5543679197407343,2.157699962756026,33.03529149292349,-30.877591530167464,0.07881061511792709,0.0014402810394519294,0.07737033407847516,222.83743582089068,12578.325210044102,-12355.487774223211,27.378291103646177,22936.698177665672,-22909.319886562025,0.0,0.3839690861526819,8.881784197001252e-16,8.263408748301408,-0.4742387893077904,-1.085098211971757,0.03898353804115595,-0.23638914162110147,23.794079968684905,0.03761963871296681,0.21632973486272672,-0.19460541843735454,-19.359966451361792,24.015635580639138,9.974125674980394,9
25042004,transverse,5,26,1.7107195923780294,-0.4829055267933444,0.8692163934760601,0.7778259673710359,0.09139042610502413,17.880780886306034,18.24879430026492,-0.36801341395888443,4.159619016826005,86.90620453270031,-82.74658551587432,0.0008435390356148487,1.483273983560185e-05,0.0008287062957792468,21197.336615575685,1230305.021359829,-1209107.6847442533,4931.151779827347,5859079.677518933,-5854148.525739105,2.4868995751603507e-14,0.8237592591252003,2.6645352591003757e-15,10.652908307703484,0.2980810483526355,2.565564457507882,-0.038983538041156285,0.024050649559759663,-28.081213144745398,-0.038274256920909466,0.3860498904101189,-0.0737849508423808,-8.566196556726759,25.868626921867335,10.774822426207791,9
25042004,transverse,4,27,1.711563131413645,-0.7921064579924633,1.016303959173996,0.741365951260317,0.27493800791367895,17.60344428756081,17.833204494857362,-0.2297602072965539,1.0304091558802195,79.48356236797059,-78.45315321209037,0.0008435390356151817,7.94668071291138e-06,0.0008355923549022704,20868.559182590587,2244107.3372789267,-2223238.778096336,1221.5310879226306,10002108.457538702,-10000886.92645078,7.105427357601002e-15,0.13996463479993437,5.995204332975845e-15,21.339128146830618,-0.004342568228562271,-2.0392409117514587,-0.0017516845069189269,0.4721457538953029,2.7236938446422982,-0.0017351405865314584,0.13307599309076532,-0.12824589389302682,-7.688886594731245,8.750629623253023,7.743013085594021,9
25042004,transverse,3,28,1.93517381077693,-0.5419536270123965,1.1408440733600969,0.7556405244609272,0.38520354889916963,17.334792825272704,18.370591333697533,-1.0357985084248291,1.9796811184373517,81.58678971602836,-79.60710859759101,0.0043469080494533685,3.4148462365157783e-05,0.004312759587088211,3987.8443776726735,537962.475067145,-533974.6306894723,455.42281914297683,2389179.0161325876,-2388723.5933134444,7.105427357601002e-15,0.2865333342481229,3.774758283725532e-15,0.9410634459201219,0.11735503873753927,-0.4863243057260549,0.001751684506919482,-0.2496848989942091,0.9289020038373508,0.0017234269297436433,0.24940340857612617,-0.14200339283430974,-8.947144131065496,12.866281461762872,7.937666649143211,9
25042004,transverse,2,29,1.939520718826384,-0.2922833992417522,1.3434607323937815,0.6718099157284375,0.671650816665344,16.83143128550952,18.173898297074206,-1.3424670115646862,3.9016016924465937,86.52046968321295,-82.61886799076636,0.004346908049452591,3.835089665726876e-06,0.0043430729597868645,3872.046773022749,4738845.73273195,-4734973.685958927,897.5579073815294,22560220.809547737,-22559323.251640357,7.105427357601002e-15,0.03096852909099823,1.3322676295501878e-15,5.564744482184352,-0.9325904054343965,-0.23294212651415958,-0.02619214875098319,-0.9661932958737136,-24.303345475986802,-0.025932718538990485,0.551993012221641,0.14357748176107113,7.1730694202214345,8.049426346280686,7.068208484639274,9
25042004,transverse,1,30,2.210704230731186,0.9809859356062458,0.6656331334740114,0.7347920265507502,-0.06915889307673873,18.19325055661513,17.909999479572246,0.283251077042884,6.289406519484155,43.31334295145227,-37.02393643196812,0.056731205551418196,0.0004923821409517082,0.05623882341046649,320.69211961529214,36374.18579998583,-36053.49368037054,110.86326226196209,87966.92517672032,-87856.06191445836,7.105427357601002e-15,0.005926602490511357,1.7763568394002505e-15,7.626902491424069,1.1204546611425776,1.9485173076386575,0.026192148750982025,1.181448933676732,27.079447605776373,0.02613164394332823,0.9669871494177873,0.7082778253181323,29.96274325383571,9.593891113494104,6.504126268142179,9
25042004,transverse,0,31,2.2674354362826072,0.6679028138431118,1.1498510858184925,0.8056790108646867,0.34417207495380575,17.314160505435588,17.768089207138598,-0.4539287017030098,4.780176731244401,50.368076815967015,-45.58790008472261,0.05673120555141975,0.0008599195769301016,0.05587128597448965,305.19641416296827,20662.50110338269,-20357.30468921972,84.26009433047862,58573.00864783216,-58488.74855350168,0.0,0.419225747913579,1.1546319456101628e-14,4.2279035630056185,-0.8790900511795421,-1.5092297882397538,1.5543122344752192e-15,-0.7371797787458938,-8.563963652754495,-0.0003675374359768391,0.9427101861992652,0.7372008901067708,18.95471934701027,3.895370234920198,5.070674743121953,9
25042005,dephasing,7,8,1.0908958050554127,0.14122763341659544,0.14364204863541483,1.0275708556039636,-0.8839288069685487,16.099874894869508,15.127585429198454,0.9722894656710537,11.342341186310833,71.21588940196004,-59.87354821564921,0.01294882125083996,1.4709007978286337e-06,0.01294735035004213,1243.3467558929465,10284572.18293037,-10283328.836174479,875.9361926920632,48416514.22522173,-48415638.28902904,3.552713678800501e-14,0.08777708280654828,4.085620730620576e-14,4.794721587468388,-0.011097846314214621,4.669613500475755,-2.220446049250313e-16,-0.197698531720647,-4.018637827309121,0.00012910342905769756,0.9057097034664628,0.2954832204921855,46.34044464323412,82.30825894344815,12.523152995821679,9
25042005,dephasing,6,9,1.1038446263062538,0.04777931247861328,0.09764830680545603,0.980932393800932,-0.883284086995476,16.110972741183723,14.940984743792022,1.1699879973917007,6.672727685835078,62.527638074175165,-55.85491038834009,0.012948821250840181,0.00013057432985574824,0.012818246920984433,1244.2038104540493,114425.13057733513,-113180.92676688108,515.3154527793114,478866.23766901554,-478350.92221623624,1.4210854715202004e-14,0.8568785949979265,8.615330671091215e-14,0.3437592517714023,0.003815700611333739,-3.971692337575808,-8.988783086616436e-05,0.13557328236430877,5.135834271908784,-0.00016637428588656133,0.5313382442549107,-0.2398604813278094,-37.828868512220836,82.35416328153185,12.558342558594186,9
25042005,dephasing,5,10,1.3026785990881238,0.23689375477879765,0.07790216126942101,0.9681119497612033,-0.8902097884917823,16.114439186275266,15.017899221891536,1.0965399643837301,9.946498860510939,72.05443996535948,-62.107941104848535,0.013128596912572732,0.0001067048488728739,0.013021892063699858,1227.430417247643,140742.42530237377,-139514.99488512613,757.6208582491839,675268.6567337136,-674511.0358754644,7.105427357601002e-15,0.40346830295727365,3.2507330161024584e-13,0.7962870293384441,0.00048207547565581876,3.047024558390505,8.988783086599783e-05,-0.0015449385133168292,7.532730102163455,5.336027323155079e-05,0.78359888061927,0.1329117793586665,21.41491390550209,77.51792567663972,12.69335511639596,9
25042005,dephasing,4,11,1.315807196000698,-0.07897626782461775,0.05971978390934616,1.0092583024213657,-0.9495385185120195,16.116941480415495,15.090759672013101,1.0261818084023933,7.1262209184057905,90.55265294408969,-83.4264320256839,0.013128596912573287,9.78025262110549e-06,0.013118816659952182,1227.6210159960249,1542982.6055257202,-1541754.9845097242,542.8014102238901,9258723.312389681,-9258180.510979457,7.105427357601002e-15,0.2825602602060151,4.645173135031655e-13,3.2138111003333165,0.025693369375392905,0.4502499256535817,0.0030466759452613124,0.13149563658971886,-2.782159084546933,0.003102518400893872,0.5661486566441325,-0.16770835177729115,-26.571268738435514,77.35429331635746,12.58719036912773,9
25042005,dephasing,3,12,2.41366302101226,-0.3375876995284346,0.22902160858916304,0.9996698540702311,-0.7706482454810681,16.068057035804937,15.375224656563319,0.6928323792416187,3.4054431249934787,102.58604790241887,-99.18060477742539,0.0070352450220512175,2.4540567634456778e-05,0.007010704454416761,2283.9370889629777,626522.7799774021,-624238.8428884391,484.05465826982345,4180263.8565857965,-4179779.8019275265,2.842170943040401e-14,0.22530796720317703,4.969358258222201e-13,5.47636230588995,-0.016330076728888088,-2.77012984787293,-0.0030466759452609238,-0.2018208645107391,-8.37260967881899,-0.0030490248409449916,0.3500845213654616,-0.14722311330037227,-13.930844409785392,25.52788728734894,9.72748841254307,9
25042005,dephasing,2,13,2.4206982660343135,-0.34564622179301774,0.2620595129994958,0.975892083010603,-0.7138325700111072,16.051832744652156,15.288708065549834,0.7631246791023223,5.224925027327027,103.41448319885595,-98.18955817152892,0.0070352450220509954,3.4603091279672427e-05,0.007000641930771323,2281.6309445285733,441830.70067301125,-439549.0697284827,742.6784725976462,2988590.8852197477,-2987848.20674715,1.4210854715202004e-14,0.10640945621188003,2.602362769721367e-13,3.5318574099143945,-0.021303386403165092,2.024432377343963,0.0006043458845524929,-0.054021521726763666,-0.10200639774032538,0.0005931892800647987,0.5236566883626531,0.009701928083165109,0.9658837675867744,26.33395777360034,9.977768151236601,9
25042005,dephasing,1,14,2.521744185425029,-0.21290058553571278,0.20565190662857957,1.0457218518762446,-0.840069945247665,16.078215226305705,15.136755203889152,0.9414600224165532,2.9955421749726483,99.99004094512443,-96.99449877015178,0.0058265532529457875,2.23524059494995e-05,0.005804200846996288,2759.472801210027,677186.8423509946,-674427.3695497846,514.119076052066,4473345.78528283,-4472831.666206778,1.2789769243681803e-13,0.11905952449891011,5.3734794391857577e-14,22.990313841412927,0.027562823450754337,-3.862766489053935,-0.0006043458845524929,0.01305859196214687,-1.2445260774505584,-0.0006020530538541902,0.3089094821926364,-0.1715112959622701,-16.128022720840384,25.10129564288045,9.69715190906525,9
25042005,dephasing,0,15,2.5275707386779764,0.46078060604542326,0.2665255559002704,1.0002961248733075,-0.7337705689730372,16.04947206105774,14.955793879251251,1.0936781818064905,8.49169230072614,101.80207951459968,-93.31038721387354,0.0058265532529455655,1.4687382015932116e-05,0.005811865870929633,2754.539667674721,1018274.9970708174,-1015520.4574031427,1457.4126300885064,6931261.092287927,-6929803.679657838,1.4921397450962104e-13,0.32839028562772654,4.796163466380676e-14,17.242851302811985,-0.028743165247963276,5.496150125753491,-2.220446049250313e-16,0.1522181593899372,3.684111556278239,7.665023933345338e-06,0.8959771272090191,0.5321771683563511,47.80253083733731,24.306307292872596,9.477577097506693,9
25042005,transverse,7,8,1.0908958050554127,0.14122763341659544,0.3308612932645609,1.102775671878724,-0.7719143786141631,22.940206356444655,21.600269021682315,1.3399373347623396,8.246759878944403,104.9952131018991,-96.7484532229547,0.01294882125083996,1.4709007978286337e-06,0.01294735035004213,1771.6057633397772,14685061.734665563,-14683290.128902223,636.8734048598791,71381573.2895751,-71380936.41617024,1.7763568394002505e-14,0.08842057878595,6.750155989720952e-14,17.61007108051362,0.00345705537073826,-0.07483486076365864,-2.220446049250313e-16,0.554476703512016,9.114382778338637,0.00012910342905769756,0.7350169640463312,-0.028660516905659527,-3.607912466498192,71.61696096746579,11.2198225106878,9
25042005,transverse,6,9,1.1038446263062538,0.04777931247861328,0.33604501298401535,1.1995981682711299,-0.8635531552871145,22.936749301073917,22.151288669823593,0.7854606312503236,8.321594739708061,114.18443074100139,-105.86283600129333,0.012948821250840181,0.00013057432985574824,0.012818246920984433,1771.338784955864,169645.04963797395,-167873.7108530181,642.652684634759,874478.3976080631,-873835.7449234283,1.0658141036401503e-14,0.36708438838251567,2.3092638912203256e-14,8.998575978940238,-0.035647736279724285,-0.2681227333514684,-8.988783086616436e-05,-0.5875752496978741,-4.573692607280606,-0.00016637428588656133,0.7223040589977925,-0.05421326257517843,-7.195791268760516,76.44473028069713,11.520902639332222,9
25042005,transverse,5,10,1.3026785990881238,0.23689375477879765,0.2123389591260118,1.1556372971801296,-0.9432983380541178,23.004587718262627,21.59845329112857,1.406134427134056,8.932675067174657,114.76250863224541,-105.82983356507076,0.013128596912572732,0.0001067048488728739,0.013021892063699858,1752.2502877845275,202413.04419877444,-200660.79391098992,680.3983035399763,1075513.5295582607,-1074833.1312547207,1.7763568394002505e-14,0.18323377775512384,4.796163466380676e-14,23.345226168867,0.03378669633176301,0.15694957530510578,8.988783086599783e-05,0.3289931957880139,-2.7571489083503593,5.336027323155079e-05,0.7853966762627552,0.056647405500817906,7.327654405527625,72.46502945019667,11.373456671194585,9
25042005,transverse,4,11,1.315807196000698,-0.07897626782461775,0.2117139793153111,1.2181274628018053,-1.0064134834864942,23.00485274278781,21.63603091134605,1.3688218314417604,9.22985624403104,109.5123895561785,-100.28253331214746,0.013128596912573287,9.78025262110549e-06,0.013118816659952182,1752.2704745970236,2212215.956943295,-2210463.686468698,703.0344754656597,11197296.613776017,-11196593.57930055,2.4868995751603507e-14,0.870687838441043,1.2434497875801753e-14,5.513795541118611,1.1894129319617086,-0.12631940707211875,0.0030466759452613124,1.049440676449704,16.178582856305837,0.003102518400893872,0.7978669456197869,0.05964221629292854,7.981466599419747,77.20877968605897,11.568164710547371,9
25042005,transverse,3,12,2.41366302101226,-0.3375876995284346,1.556722084521087,1.2051112599161828,0.3516108246049041,20.62629190338958,21.39366402053952,-0.767372117149943,9.779676235031662,136.8720750068675,-127.09239877183585,0.0070352450220512175,2.4540567634456778e-05,0.007010704454416761,2931.8512487821945,871767.2850607266,-868835.4338119443,1390.0974599148033,5577380.158667926,-5575990.061208011,8.881784197001252e-14,0.21061294491240545,2.021494083237485e-12,25.496159000466022,-1.1967885316302933,3.8001407319775904,-0.0030466759452609238,-1.0023354275451943,-6.615783109232964,-0.0030490248409449916,0.7443434356809233,0.2159059442933001,37.27063813499887,58.3714291270229,13.138661223073932,9
25042005,transverse,2,13,2.4206982660343135,-0.34564622179301774,1.5518915634068877,1.2051980520284515,0.3466935113784362,20.641308127251932,21.54020333790319,-0.8988952106512578,2.7292147620771026,143.39991277513542,-140.6706980130583,0.0070352450220509954,3.4603091279672427e-05,0.007000641930771323,2933.9856767681335,622493.6137586348,-619559.6280818667,387.93457136499995,4144135.898614805,-4143747.9640434403,2.4868995751603507e-14,0.017282823677042813,1.828759366162558e-12,8.787925398796773,-0.4098168415686345,-6.62818362264802,0.0006043458845524929,-0.3750541256730262,-14.538635411070231,0.0005931892800647987,0.20829002678287975,-0.28905374236526377,-49.62689096049292,57.07550417802685,13.102954588032123,9
25042005,transverse,1,14,2.521744185425029,-0.21290058553571278,1.2544789825157687,1.20842322717249,0.04605575534327877,21.475958034251555,21.756268087058075,-0.2803100528065201,8.935120534418585,134.1068469665589,-125.1717264321403,0.0058265532529457875,2.23524059494995e-05,0.005804200846996288,3685.87689872975,973330.0359796493,-969644.1590809196,1533.5173552050123,5999660.4960354045,-5998126.9786802,3.907985046680551e-14,0.05280362409341777,1.0587086762825493e-12,3.210086122408086,0.4188202484892045,-3.35039422943127,-0.0006043458845524929,0.22378569707398377,9.531521223037032,-0.0006020530538541902,0.39056817258125165,-0.3390408876887872,-177.44313752748258,257.2795164920588,22.877236707143812,9
25042005,transverse,0,15,2.5275707386779764,0.46078060604542326,1.2556703817294448,1.1365886496685662,0.11908173206087858,21.47296744427277,21.58226373338252,-0.10929628910974998,21.84181476562261,150.57761206291894,-128.73579729729633,0.0058265532529455655,1.4687382015932116e-05,0.005811865870929633,3685.363629589636,1469442.5262426748,-1465757.1626130852,3748.6681778083225,10252175.091488743,-10248426.423310935,2.4868995751603507e-14,0.2268278690003207,8.704148513061227e-13,13.344290141869664,-0.0029905899787863177,12.906694231204023,-2.220446049250313e-16,0.17101376369677013,-3.564070865156026,7.665023933345338e-06,0.9660311097171486,0.433344111958603,221.527738665957,255.53713358978453,22.609846148761388,9
25042006,dephasing,15,16,0.4919707750393949,-0.12889960636899667,9.384805116983657e-15,0.5873160164747928,-0.5873160164747834,10.675055378251187,10.14688621560662,0.5281691626445664,2.5481649353508313,44.76184234807395,-42.213677412723115,0.007124564046163462,0.0001886016181859851,0.006935962427977477,1498.3450649165889,53800.631793097906,-52302.286728181316,357.65906781664825,237335.40983690342,-236977.75076908676,7.283063041541027e-14,0.15221707721736522,4.8405723873656825e-14,3.551352278023259,-5.861977570020827e-14,-0.1575370645255747,-3.885780586188048e-16,0.16098629316436508,-6.225425554871414,9.33181622539414e-06,0.4574813340649744,0.017917450023143197,0.555884435789908,5.937260101961467,5.569986676197152,9
25042006,dephasing,14,17,0.4990953390855589,0.08127899759764279,1.0106379395829027e-14,0.5795702502692399,-0.5795702502692298,10.675055378251246,10.307872508771045,0.3671828694802013,2.705701999876406,38.693953857728104,-35.9882518578517,0.00712456404616385,0.0001979334344117678,0.006926630611752083,1498.3450649165154,52077.470081821644,-50579.12501690513,379.77088595803474,195489.73104377973,-195109.96015782168,6.039613253960852e-14,0.22008808511436762,3.552713678800501e-14,7.159971135586311,4.263256414560601e-14,0.02894199075996262,0.00024961884722471406,0.06599070793429895,1.5987360388444714,0.00019312804681746731,0.47222538637753514,0.03240223331919003,1.0637417600541843,6.257081552081092,5.729683489979225,9
25042006,dephasing,13,18,0.5804842693498706,0.06976208091512048,8.85906751860358e-15,0.5664023258354061,-0.5664023258353972,10.67505537825122,10.600840217803981,0.0742151604472383,2.8053550828820555,35.76565346355128,-32.96029838066923,0.006625326351714811,9.428364982305704e-05,0.006531042701891754,1611.2497425109075,112435.61569475378,-110824.36595224288,423.42896545103093,379340.9942304207,-378917.56526496966,5.329070518200751e-15,0.2702221579924817,3.1086244689504383e-15,3.641149694927293,-7.105427357601002e-15,0.08314054692093764,-0.00024961884722460304,-0.23020647596189203,7.1313412748764335,-0.00010554523062064614,0.4708766915030861,0.044922410826752766,1.5944993513799428,6.275517789672244,5.957727646121278,9
25042006,dephasing,12,19,0.5871095957015859,-0.06738807745114411,9.760181362159465e-15,0.5830092098136157,-0.5830092098136059,10.675055378251205,10.433394974913146,0.24166040333805938,2.7387270720458297,46.933754525285465,-44.19502745323963,0.006625326351714977,0.00027878109844226007,0.006346545253272717,1611.249742510865,37425.04435634852,-35813.79461383765,413.37240260427404,168353.43137514102,-167940.05897253676,4.085620730620576e-14,0.17144564424376796,6.128431095930864e-14,23.002573897860863,3.552713678800501e-15,-0.9343174089764608,0.0009484820246328518,0.13394379756637775,-3.7277390979548386,0.0007809577375203491,0.4702277562050797,0.0430699500009006,1.4610172907640697,6.039608684392481,5.824256513797457,9
25042006,dephasing,11,20,1.2178494579955128,0.06648282433839914,8.303567444917434e-15,0.5444992409750116,-0.5444992409750032,10.675055378251185,10.53383732715506,0.14121805109612495,4.540733879162525,52.515012209062874,-47.97427832990035,0.00472836230244944,0.00012822997283645776,0.004600132329612983,2257.664429124048,82148.01184267372,-79890.34741354967,960.318518064972,409537.73168180883,-408577.41316374385,2.0605739337042905e-13,0.06543292375598853,1.5187850976872141e-13,18.205834939341983,-4.263256414560601e-14,0.8273243845913916,-0.0009484820246327685,-0.18306754859546004,-2.117440844008847,-0.0009141575112136535,0.5828662085857148,0.13342294264856283,8.097386295004627,12.520877866369068,7.790353621940503,9
25042006,dephasing,10,21,1.2225778202979627,0.0622922179887499,8.798607574424772e-15,0.5562311412451799,-0.5562311412451711,10.675055378251251,10.26814458220614,0.4069107960451106,4.688091917096438,52.20673943563981,-47.518647518543375,0.00472836230244944,4.63278740688855e-05,0.004682034428380555,2257.664429124062,221640.74628026978,-219383.08185114572,991.4832276426573,1126896.9380725943,-1125905.4548449516,2.113864638886298e-13,0.27875496633926566,1.7053025658242404e-13,3.6747498063796087,9.237055564881302e-14,0.6274197255708645,0.0004983385923943984,0.19050626369941615,-2.4397856203448924,0.0005245474144732754,0.5877111574692397,0.13605844957213584,8.65744781690818,13.320758006237599,7.9768639024721875,9
25042006,dephasing,9,22,1.3243691494497363,-0.10610108988323053,9.999824289335792e-15,0.5629740639719691,-0.5629740639719591,10.675055378251132,10.383464364655868,0.29159101359526396,3.580610503888621,45.76405597038523,-42.18344546649661,0.0037316851176606436,1.68434194590672e-05,0.0037148416982015764,2860.652772585276,616470.0932545031,-613609.4404819178,959.5157123367553,2717028.8124451707,-2716069.296732834,1.1368683772161603e-13,0.6837438921326129,3.2862601528904634e-14,17.64334929119355,-1.3322676295501878e-13,-0.51519470414754,-0.0004983385923942873,-0.09977140120077532,10.423085219839578,-0.00046426444190122984,0.44790121908274255,-0.005034152629439704,-0.32171851278848074,13.142490093345831,7.994196825856677,9
25042006,dephasing,8,23,1.3281008345673975,-0.180869370785797,8.099099111032475e-15,0.5370715568513889,-0.5370715568513807,10.675055378251281,10.299241344704313,0.37581403354696796,3.5035184989758834,61.19793235310489,-57.694413854129,0.0037316851176604215,5.550726583536392e-05,0.0036761778518250576,2860.652772585486,185547.62497673993,-182686.97220415444,938.8569476013059,1102521.110202395,-1101582.2532547936,1.1013412404281553e-13,0.5736239294170318,7.149836278586008e-14,10.908465641967751,6.217248937900877e-14,-1.3399439046174306,0.00017229612911373593,0.10853975143606931,-13.505516401927771,0.00014064819547554563,0.44436044797647034,-0.009154202240232032,-0.5690606308251258,12.843702503491555,7.884406712906703,9
25042006,dephasing,7,24,1.698061417197437,-0.06583085683167367,1.2328824117852115e-14,0.5872422890410943,-0.587242289041082,10.675055378251308,10.432097827624775,0.24295755062653335,6.1063143032980065,52.30066374120387,-46.19434943790586,0.0033870928594327276,3.0875244935280044e-05,0.0033562176144974476,3151.6866591130815,337879.0305791028,-334727.3439199897,1802.8186875043916,1693935.1849948163,-1692132.366307312,5.968558980384842e-13,0.11553659388475879,1.0471623568264476e-12,6.504529613445428,9.947598300641403e-14,1.099565198474071,-0.00017229612911401349,-0.13370541298128913,0.755737536133573,-0.000140331366631663,0.5534632531269983,-0.0041531201073156335,-0.5055396425940373,37.79261401326245,11.032917305347071,9
25042006,dephasing,6,25,1.701448510056871,-0.06823957311329437,1.2691708431329768e-14,0.49443933885990576,-0.49443933885989305,10.675055378251134,10.297543484582457,0.377511893668677,6.509979710671988,42.71573980462186,-36.20576009394988,0.0033870928594330607,7.017274899989712e-05,0.0033169201104331636,3151.6866591127205,146745.6189381658,-143593.9322790531,1921.996231234606,608722.6225765288,-606800.6263452942,6.146194664324867e-13,0.9848154513750167,9.272582701669307e-13,13.726750968048805,-1.652011860642233e-13,-1.5057123117314166,-0.0008830792695091461,0.011609581589082651,0.18289138982522246,-0.0008497327761700646,0.567964274186646,0.005665340014486484,0.7442917623331766,41.635544071021826,11.461952813835268,9
25042006,dephasing,5,26,1.7635144220631833,0.08710690748279376,1.154710824915719e-14,0.5856519123122138,-0.5856519123122023,10.67505537825129,10.186208304718635,0.48884707353265533,9.925069741508803,36.508023271153135,-26.582953529644332,0.005153251398451686,0.0001761632397426771,0.004977088158709009,2071.5184556023505,57822.55321597004,-55751.034760367686,1925.9820594995285,207239.7358522735,-205313.75379277396,3.0020430585864233e-13,0.16312698606689935,7.691625114603085e-13,8.392654306889646,1.5987211554602254e-13,2.0044139799510994,0.0008830792695094236,0.3268678510721159,18.151389759523727,0.0008114635593882702,0.8598239907524625,0.41769254378714876,55.65507083605103,42.85193853777056,11.543141210590582,9
25042006,dephasing,4,27,1.768667673461636,0.0617922684747656,1.166033383433491e-14,0.5731245537437997,-0.573124553743788,10.675055378251127,10.728608826998725,-0.053553448747598154,9.33133181244342,62.59425829682966,-53.26292648438624,0.005153251398451464,0.00013892231024315027,0.005014329088208314,2071.5184556024083,77227.40003546487,-75155.88157986247,1810.765881759127,450570.2373310189,-448759.4714492598,2.611244553918368e-13,0.1826624610823835,7.922551503725117e-13,12.598268320335293,6.963318810448982e-13,-4.498763611387451,0.001949203068158989,-0.5637424268809728,-8.48037090654001,0.0019083522445865198,0.8596134202679342,0.4263566923299216,50.24050263510683,36.8332507588046,10.855265393058358,9
25042006,dephasing,3,28,2.969964769491626,-0.01903473051388538,3.7559964808399e-14,0.5756964405023466,-0.5756964405023091,10.67505537824957,10.143524495515477,0.5315308827340939,17.73512110615294,80.71727873220107,-62.98215762604813,0.001254845262133264,1.99797335986851e-05,0.0012348655285345789,8507.069118706913,507690.67792690883,-499183.6088082019,14133.313199113372,4039957.7068191343,-4025824.3936200207,3.2507330161024584e-13,0.2418067527921295,1.6910917111090384e-12,10.83578462341815,-2.440714297335944e-12,3.8277320192725206,-0.001949203068159655,0.18509676650405904,-16.87945809652131,-0.0018940159776108523,0.7886470416408552,0.17805924745115684,90.0466360931542,224.48788455673602,22.488033517824064,9
25042006,dephasing,2,29,2.971219614753762,0.13509973263328023,4.367743265782801e-14,0.5794386673298932,-0.5794386673298496,10.675055378252896,9.928633697045228,0.7464216812076678,18.483446361317416,57.42591893598481,-38.94247257466739,0.0012548452621343742,1.1411338051825481e-05,0.0012434339240825487,8507.069118702037,870067.4409918946,-861560.3718731925,14729.661830876905,5032356.299951901,-5017626.638121024,4.884981308350689e-13,0.5998832585580711,4.902744876744691e-13,6.576329617710428,2.3661073100811336e-12,-0.7120985185343152,-0.00038706123342169274,0.3856869002173342,9.546397191054666,-0.000380916842487089,0.7914985982356648,0.19055197808658547,103.91519679379297,237.722592597904,23.352468851516566,9
25042006,dephasing,1,30,2.992268473930036,0.2282157503638289,3.9663485842373154e-14,0.6241524283933173,-0.6241524283932777,10.67505537825149,10.485116699004916,0.18993867924657337,20.655968653550524,54.65155055894652,-33.995581905395994,0.00202896772897887,1.5131724374173317e-05,0.0020138360046046966,5261.323394051213,692922.7918597839,-687661.4684657328,10180.530896834998,3611719.934062853,-3601539.403166018,9.841016890277388e-13,0.5507951758952601,3.8689051962137455e-12,4.180240205548856,-4.050093593832571e-13,1.813734318179705,0.00038706123342280296,-0.33894622865127655,13.32662337938062,0.000386918999862651,0.8688836299296732,0.3158687410210821,178.51493291800742,248.15410809836945,23.772997835418245,9
25042006,dephasing,0,31,2.9942974416590156,-0.005423735635975202,3.7540492978379257e-14,0.6066777638062948,-0.6066777638062573,10.675055378250894,10.363707243662862,0.311348134588032,19.201022309424225,74.90296030431007,-55.701937994885846,0.0020289677289777597,1.8567643576217208e-05,0.0020104000854015425,5261.323394053798,558159.5317209478,-552898.208326894,9463.443915442725,4034058.495190593,-4024595.0512751504,8.277822871605167e-13,0.9213113193675113,2.7604585284279892e-12,30.745934251272644,-5.950795411990839e-13,-1.4549463441262986,-1.1102230246251565e-15,0.12140945534145864,-21.70635608948985,-3.435919203154114e-06,0.8709482333270898,0.31807852116885826,154.59603918102115,214.08321854603966,22.046112012968024,9
25042006,transverse,15,16,0.4919707750393949,-0.12889960636899667,0.4459056950256295,0.6313965800875547,-0.18549088506192524,12.934612702405392,12.847629418284221,0.08698328412117107,20.482396198798988,62.24118024853288,-41.75878404973389,0.007124564046163462,0.0001886016181859851,0.006935962427977477,1815.4953227447804,68120.46228370549,-66304.96696096071,2874.8981784827442,330014.03088257276,-327139.13270409004,5.861977570020827e-14,0.588380594343219,4.440892098500626e-13,2.4112346457191194,-0.005309647238533444,8.278676638725123,-3.885780586188048e-16,0.04283445759513427,9.557687650704139,9.33181622539414e-06,0.8261810171302871,0.21039742036262016,129.31577642133664,290.2127776232291,24.791656760577354,9
25042006,transverse,14,17,0.4990953390855589,0.08127899759764279,0.4399116293277621,0.6302451941152946,-0.19033356478753244,12.939922349643926,12.895773523117889,0.0441488265260368,12.203719560073864,63.52019126051189,-51.31647170043803,0.00712456404616385,0.0001979334344117678,0.006926630611752083,1816.2405819920023,65152.072773568725,-63335.83219157672,1712.9075520971467,320916.9357834141,-319204.02823131694,3.552713678800501e-14,0.06627644046619885,5.524469770534779e-13,12.712436776887273,0.08896337321579573,-5.466255775512337,0.00024961884722471406,-0.2517632939472261,-12.742786819177056,0.00019312804681746731,0.48887357403494786,-0.22746524220666092,-141.74454607393,290.675317174852,24.962935630472757,9
25042006,transverse,13,18,0.5804842693498706,0.06976208091512048,0.6050944891592418,0.6318066922540964,-0.02671220309485456,12.767305250450868,12.262464293625513,0.5048409568253547,14.857554472373412,50.24614018516147,-35.38858571278806,0.006625326351714811,9.428364982305704e-05,0.006531042701891754,1927.0454876756899,130059.2872320767,-128132.24174440102,2242.539262768223,532925.2768582766,-530682.7375955083,1.2434497875801753e-14,0.12091458611426553,4.085620730620576e-14,24.5870184737948,-0.0872728824584712,-4.867618292142275,-0.00024961884722460304,0.44256587348972154,8.810499904650726,-0.00010554523062064614,0.5031342883173878,-0.2824498121950152,-246.30210423634244,467.0490291358861,29.529997889948945,9
25042006,transverse,12,19,0.5871095957015859,-0.06738807745114411,0.6034986951824275,0.6208252660881217,-0.017326570905694227,12.769233916174754,12.688832576029524,0.08040134014522948,27.24662596895751,64.32832550339705,-37.081699534439544,0.006625326351714977,0.00027878109844226007,0.006346545253272717,1927.3365926901722,45515.397732954916,-43588.06114026474,4112.495675311854,230748.5186866801,-226636.02301136823,3.552713678800501e-15,0.6562135501867772,7.247535904753022e-13,16.665058227624982,-0.16396730021182115,13.893473195848497,0.0009484820246328518,-0.3583339265959111,7.935452561860863,0.0007809577375203491,0.9274556107598217,0.3193045737134,275.57786651450334,466.8007601777626,29.377822132787067,9
25042006,transverse,11,20,1.2178494579955128,0.06648282433839914,0.18533053968347524,0.6393939350832465,-0.45406339539977125,13.099097182322282,12.726467605665356,0.37262957665692653,11.848751073844616,66.49446955365738,-54.645718479812764,0.00472836230244944,0.00012822997283645776,0.004600132329612983,2770.324341587898,99247.21439266362,-96476.89005107572,2505.888998333861,518556.3724517298,-516050.4834533959,3.375077994860476e-14,0.3984326129697209,6.856737400084967e-13,4.808167599540951,0.16482940595339457,-6.3792481940856565,-0.0009484820246327685,0.359527483324948,-10.851239742231662,-0.0009141575112136535,0.7273404858763725,0.09340516040242919,24.787943477812405,115.60495853211876,16.290514970533973,9
25042006,transverse,10,21,1.2225778202979627,0.0622922179887499,0.18477812288991888,0.6394616054074057,-0.4546834825174868,13.09930163656302,13.153498790044292,-0.05419715348127241,9.209372566903031,59.716630507625695,-50.50725794072267,0.00472836230244944,4.63278740688855e-05,0.004682034428380555,2770.367581557185,283921.91643601406,-281151.54885445687,1947.6875877578768,1289000.0179769157,-1287052.3303891579,5.861977570020827e-14,0.17758534997910402,1.2967404927621828e-13,1.0059496643201413,0.07964105265946486,-15.337567343698552,0.0004983385923943984,-0.3845954111751029,-12.293238535897444,0.0005245474144732754,0.5633289097025567,-0.11551305647273971,-30.872164660186897,115.6847077362057,16.348127014758173,9
25042006,transverse,9,22,1.3243691494497363,-0.10610108988323053,0.43956865877459783,0.6046212424350212,-0.1650525836604234,12.94022398548483,12.652057046754095,0.2881669387307344,37.24512874735855,59.02744907719623,-21.78232032983768,0.0037316851176606436,1.68434194590672e-05,0.0037148416982015764,3467.6623502459197,751157.2740619009,-747689.611711655,9980.780149721515,3504481.332941002,-3494500.5527912807,1.5631940186722204e-13,0.1533577322996802,4.000355602329364e-12,7.508661495913259,-0.08419893725499072,15.05471108688399,-0.0004983385923942873,0.3041079396212254,19.878089305581234,-0.00046426444190122984,0.89680118956374,0.04047661707603673,69.81533344978789,1317.384281957657,41.53108758194072,9
25042006,transverse,8,23,1.3281008345673975,-0.180869370785797,0.4288360786420218,0.5922777005405311,-0.1634416218985093,12.949544208916619,12.927229057216328,0.022315151700290414,35.17146275404608,67.98502408416125,-32.81356133011517,0.0037316851176604215,5.550726583536392e-05,0.0036761778518250576,3470.1599413176987,232892.55672507535,-229422.39678375766,9425.08857127174,1224795.0436940403,-1215369.9551227686,9.237055564881302e-14,0.7897303857089675,2.7995383788947947e-12,0.9999746444755431,0.22325729691625007,-2.497703233883996,0.00017229612911373593,-0.07092329059513158,-10.199013114065014,0.00014064819547554563,0.8460172002002072,-0.04657423603457098,-80.49487230954742,1317.5266645688637,41.57298781363287,9
25042006,transverse,7,24,1.698061417197437,-0.06583085683167367,0.7880956494905167,0.6491877023334256,0.1389079471570911,12.512349838515906,12.614039892655796,-0.1016900541398904,38.09320322850161,61.53997933076424,-23.446776102262632,0.0033870928594327276,3.0875244935280044e-05,0.0033562176144974476,3694.1266028978853,408548.65828909364,-404854.53168619575,11246.577761343538,1993181.8989537698,-1981935.3211924264,1.3855583347321954e-13,0.38947432152980355,7.290168468898628e-12,16.155992419592195,-0.2113128853103241,-0.7492672409823058,-0.00017229612911401349,0.13061004694923994,0.5162258609598247,-0.000140331366631663,0.8377552627659798,-0.0859286551248325,-177.663687781745,1628.7558199898203,45.470562730615285,9
25042006,transverse,6,25,1.701448510056871,-0.06823957311329437,0.7972849882731834,0.7175624296777964,0.07972255859538702,12.497781238735843,12.984696592614394,-0.4869153538785511,42.51347818492174,57.62592078125148,-15.112442596329743,0.0033870928594330607,7.017274899989712e-05,0.0033169201104331636,3689.825392276889,185039.01838922445,-181349.19299694756,12551.612828246385,821200.8450935272,-808649.2322652808,4.440892098500626e-14,0.5670511782799181,3.787192781601334e-12,5.337937790030061,-0.06103144916336767,17.168309607768293,-0.0008830792695091461,-0.24713979987167534,17.67703933504761,-0.0008497327761700646,0.9351965607370265,0.08647901750357044,178.71385385901112,1628.681973521035,45.45940390480013,9
25042006,transverse,5,26,1.7635144220631833,0.08710690748279376,0.7267524021144869,0.6718619686598659,0.05489043345462097,12.605275537282516,12.983136591156377,-0.37786105387386115,12.597133925805277,54.72932168629735,-42.13218776049207,0.005153251398451686,0.0001761632397426771,0.004977088158709009,2446.0820097132887,73699.46539426123,-71253.38338454795,2444.5021117328247,310673.9054427067,-308229.4033309739,1.5987211554602254e-14,0.21937469546789146,7.513989430663059e-13,18.808528346962007,0.06352342391532417,-18.173556139722823,0.0008830792695094236,-0.170762575043244,-7.109180243535889,0.0008114635593882702,0.5940957094913246,-0.2142339953617611,-96.3205710016704,255.0083541463372,21.203879651968656,9
25042006,transverse,4,27,1.768667673461636,0.0617922684747656,0.7400821598060368,0.6513194789247729,0.08876268088126382,12.585722987998542,12.513004591781225,0.0727183962173168,19.02790194613446,73.96147438371709,-54.933572437582626,0.005153251398451464,0.00013892231024315027,0.005014329088208314,2442.2877936404407,90071.95870756975,-87629.67091392931,3692.4070795095085,532394.503476549,-528702.0963970396,2.4868995751603507e-14,0.4423122399263253,8.313350008393172e-13,23.114864250621473,-0.21691772242582097,-56.688786009767995,0.001949203068158989,0.21702378821581814,-52.98625557296432,0.0019083522445865198,0.8986961831208304,0.23916174817361457,107.21307059144965,254.84798188023626,21.17278597985942,9
25042006,transverse,3,28,2.969964769491626,-0.01903473051388538,0.3652926329607394,0.6484101660642905,-0.2831175331035511,13.000005883566208,12.91075561368935,0.08925026987685847,138.83624198599964,100.59868795474418,38.237554031255456,0.001254845262133264,1.99797335986851e-05,0.0012348655285345789,10359.847764389626,646192.5805927176,-635832.732828328,110640.12924587613,5035036.501255689,-4924396.372009813,9.450218385609332e-13,0.16361309280341807,2.5011104298755527e-12,11.644146180174289,0.20617257109143416,60.11832582754138,-0.001949203068159655,-0.24873975286246708,27.454903208859307,-0.0018940159776108523,0.9756518286037935,0.003132864512089975,63.43918381815092,19212.0629049765,142.30101140145436,9
25042006,transverse,2,29,2.971219614753762,0.13509973263328023,0.3626306031084598,0.6847514509240635,-0.32212084781560374,13.001943636951008,12.398681987689674,0.6032616492613343,138.40793037078205,61.90905628840712,76.49887408237493,0.0012548452621343742,1.1411338051825481e-05,0.0012434339240825487,10361.391981379378,1086523.064287474,-1076161.6723060946,110298.80300568943,5425223.230373363,-5314924.427367673,7.86926079854311e-13,0.08051635348737385,1.5290879673557356e-11,16.276671912028448,0.17108319119964932,42.35847572365313,-0.00038706123342169274,0.37359752334092633,62.19439267679593,-0.000380916842487089,0.9730027501169467,-0.002721311255661627,-55.064542047788564,19211.81973157164,142.2482416973115,9
25042006,transverse,1,30,2.992268473930036,0.2282157503638289,0.686825729952847,0.6743379004928945,0.012487829459952415,12.661715007936508,12.29163702597255,0.37007798196395747,53.26266730825821,62.891258528355664,-9.628591220097455,0.00202896772897887,1.5131724374173317e-05,0.0020138360046046966,6240.471362404981,812309.0747642615,-806068.6034018565,26251.116046613522,4156251.9229928525,-4130000.806946239,8.881784197001252e-15,0.012699787512854499,2.788169695122633e-11,0.49737966420556035,-0.17304608145261646,-45.9714307957047,0.00038706123342280296,0.06808888032835547,-30.29069906515352,0.000386918999862651,0.8801058640579803,-0.10456001716028404,-382.9496168592159,3219.8613456478292,60.51847792793988,9
25042006,transverse,0,31,2.9942974416590156,-0.005423735635975202,0.6825438077035002,0.5652256723753397,0.11731813532816049,12.66757854182724,12.66686198781737,0.0007165540098696965,60.06026583714375,95.23492422940654,-35.17465839226279,0.0020289677289777597,1.8567643576217208e-05,0.0020104000854015425,6243.361272290642,682200.8369463754,-675957.4756740847,29601.390391459547,5129079.726163549,-5099478.33577209,1.580957587066223e-13,0.8916651610542115,1.8687273950490635e-11,25.382011204008208,0.005863533890732242,6.797598528885544,-1.1102230246251565e-15,-0.3693614279540878,-25.546067172165337,-3.435919203154114e-06,0.994220325507461,0.1062237103100666,387.6418809635243,3219.5936514629375,60.409412578114804,9
25042007,dephasing,15,16,0.524634005462612,-0.14901390406376996,0.08454693029973182,0.7178438406617673,-0.6332969103620355,15.888842476897244,15.409063858499234,0.4797786183980097,9.608026837697617,31.02718932727145,-21.419162489573836,0.07105317563230756,0.00033365465009865813,0.0707195209822089,223.61903370962997,46182.6737734449,-45959.05473973527,135.22304601018973,92991.92838492447,-92856.70533891428,3.552713678800501e-15,0.11238639809323381,6.039613253960852e-14,1.652472869537597,0.024799161950898707,1.2138423789392743,-4.440892098500626e-16,0.48700097733759407,0.24491573779484455,0.0008022424877116574,0.7672567450567944,0.1774062347942067,27.819919151871417,64.49426056204673,12.522570703482613,9
25042007,dephasing,14,17,0.5956871810949209,0.11741601275455282,0.1787382034541104,0.7151533937288745,-0.5364151902747641,15.864043314946345,15.87126567388593,-0.007222358939584339,8.394184458758343,30.058262686127023,-21.66407822736868,0.07105317563230801,0.0011358971378107596,0.06991727849449725,223.270011139839,13972.449745295582,-13749.179734155743,118.1394692645024,26462.13436549281,-26343.99489622831,1.0658141036401503e-14,0.1410270887147682,4.440892098500626e-14,2.9002611772981552,-0.023790166297805726,-0.7989257815291566,0.015335236632277094,-0.4403681938886139,5.789884000590465,0.01478523979497065,0.5568218371763088,-0.06664137408281594,-15.144970868442044,85.60730359610248,15.075171084032895,9
25042007,dephasing,13,18,0.6742208807644021,0.08283958337217784,0.09574014168200395,0.7367703191792547,-0.6410301774972508,15.886824485591056,15.500311434091007,0.38651305150004944,8.77819364287738,42.26695560922184,-33.488761966344455,0.040382702367754264,0.0008381459509099742,0.03954455641684429,393.40667053220153,18493.570740588002,-18100.164070055802,217.3750920118412,50429.11149702823,-50211.73640501639,1.7763568394002505e-14,0.1350011700699678,7.283063041541027e-14,6.632772490540098,0.006836700585576949,0.18921671248523886,-0.015335236632276456,0.24493567893790047,-11.221805308873748,-0.015227890778260589,0.7227969799438748,0.09864381617718646,14.549481630839018,62.50720200101441,12.144756946216129,9
25042007,dephasing,12,19,0.7146035831321564,0.06507174621174311,0.007642333134438692,0.6909264239066527,-0.683284090772214,15.895932255064611,15.605555151000729,0.2903771040638823,8.78376940202594,31.653604489598678,-22.86983508757274,0.04038270236775343,0.0007550864720409223,0.03962761589571251,393.6322069361534,20667.24240049023,-20273.61019355408,217.5131649693655,41920.50269956789,-41702.98953459853,3.552713678800501e-15,0.34841931637030576,8.881784197001252e-15,8.877490656696793,0.00454115105620545,0.5750495384361614,0.016494842718046437,-0.11217572892127681,21.648966789089144,0.01618892405889677,0.6943873110753069,-0.020984876408292292,-3.357876469528918,80.51248137749602,12.64966865310897,9
25042007,dephasing,11,20,1.3035997203310128,-0.24063881134437837,0.00573915451849974,0.6986519455922447,-0.692912791073745,15.895957722425754,15.477365107955485,0.41859261447026874,7.639246084302178,63.188087871281496,-55.54884178697932,0.007393016931659724,6.0189674872535015e-05,0.007332827256787189,2150.131383353552,257143.191763907,-254993.06038055345,1033.3056389453143,1049816.0690366959,-1048782.7633977504,0.0,0.9228352467640608,3.348432642269472e-13,6.233654881106425,0.0008234983732187118,2.455133630786542,-0.016494842718046687,0.20821952211743522,-11.858707240607771,-0.01613144721871468,0.6327996368575791,0.051925283799716546,7.567413002243185,50.7906677342805,12.072140436485967,9
25042007,dephasing,10,21,1.3109927372626733,-0.5380114392378219,0.04067514326821979,0.7591504739576359,-0.7184753306894162,15.89433619304046,15.763967112398674,0.13036908064178476,1.5844555050053315,66.09488951017569,-64.51043400517035,0.007393016931659391,9.208387636816528e-05,0.0073009330552912255,2149.912050786135,171191.39347883168,-169041.48142804555,214.31785151473937,717768.3229354759,-717554.0050839611,7.105427357601002e-15,0.31275736419769196,1.2922996006636822e-13,0.1416493598414661,0.0011268361596741272,-6.471119439898745,-0.021518925160688984,-0.6714161671546472,-16.48598363888067,-0.020932457124475168,0.19617247043416552,-0.16481609621365245,-10.751859889500858,13.262359136842607,8.076849424889524,9
25042007,dephasing,9,22,1.3614236045157115,-0.005909897473894171,0.0743617440929755,0.6663050400886766,-0.5919432959957012,15.890460991335814,14.705483110213219,1.1849778811225953,8.471903805505978,48.971962751106034,-40.50005894560006,0.050430867253037026,0.0012969141502914283,0.0491339531027456,315.0939465626355,11338.825400978749,-11023.731454416113,167.9904444831015,37760.373529814286,-37592.38308533118,1.0658141036401503e-14,0.0035656804512225193,1.1191048088221578e-13,25.91077877030063,-0.003052285539052235,5.723724398792431,0.007599587436793898,0.7851149184358546,-0.22065174381614838,0.00637218699941533,0.7848684085273949,0.19662145291718908,22.908636185354915,48.86451790439049,10.794043579102981,9
25042007,dephasing,8,23,1.4396931472165397,-0.015146930735142644,0.05744823418586768,0.6663167042930943,-0.6088684701072267,15.892690360709276,15.223333515977579,0.6693568447316967,3.9119033084217625,19.96028370681924,-16.048380398397477,0.07826954270082687,4.694354945755652e-05,0.07822259915136931,203.0507629443628,324290.2100903466,-324087.1593274022,49.979892221606605,425197.5817224069,-425147.6018301853,1.0658141036401503e-14,0.033000066821402996,1.3766765505351941e-14,5.339951323831496,0.006519407200146432,-7.185708817877567,0.04620627312069486,-0.25201332882804905,28.188942098375634,0.046904745844759066,0.5780881932442419,0.0910404194510468,4.168907645955404,11.134079848485786,6.766966276318661,9
25042007,dephasing,7,24,2.2021491348257225,0.06445999324195723,0.11878444611103309,0.7052292380759917,-0.5864447919649586,15.881880915682446,15.22411844968555,0.6577624659968961,13.723320447092682,61.69790649503884,-47.97458604794616,0.01369567190722698,0.00019391839675209077,0.01350175351047489,1159.627729348703,78507.86054686896,-77348.23281752026,1002.0187793671599,318164.27697633405,-317162.2581969669,7.105427357601002e-15,0.4093853426518521,1.1191048088221578e-13,17.884731463658184,-0.0070056853964288734,-3.735578799815226,-0.0322869353967995,-0.11986317486102749,-38.043163837106974,-0.03227223509764349,0.7594238269814256,0.11949730161705738,39.0218692502917,149.30765484329848,18.07070039090078,9
25042007,dephasing,6,25,2.2158448067329504,0.30011990414682893,0.10444050398142543,0.6103931491970154,-0.5059526452155899,15.885082841448474,14.999188404464324,0.8858944369841506,31.005895185394053,34.820359208674944,-3.814464023280891,0.013695671907226092,0.0003702938423586488,0.013325378064867444,1159.86152041706,40506.178306731956,-39346.3167863149,2263.9192436432977,94034.39978067369,-91770.4805370304,1.7763568394002505e-14,0.07678396674190324,9.094947017729282e-13,7.618593030324504,-0.0006731984626160425,8.783205199134024,-0.008879044167708683,0.2615401048107868,29.887706155310013,-0.009046046126874763,0.7372390458537916,-0.17938511653219405,-317.2913989124238,1278.6569351600901,42.056772982617495,9
25042007,dephasing,5,26,2.247298566975595,0.00904990697386815,0.07974644932916311,0.6717687127391054,-0.5920222634099424,15.889631164139733,15.298684965789901,0.5909461983498314,30.722059525427376,50.15181383466303,-19.429754309235655,0.03145376024264257,0.00021266536963304716,0.031241094873009523,505.17429526908523,71937.82886319334,-71432.65456792426,976.737257753265,235825.01429922367,-234848.2770414704,7.105427357601002e-15,0.03550731913281879,4.511946372076636e-13,17.76623371677824,0.0022477298923817557,5.549184020793888,0.003416726957140237,-0.042485811806606044,-7.968376371993179,0.0034565822548389136,0.6947361422537394,-0.18400619200753227,-359.8266328000685,1303.6715742839945,44.22119083334964,9
25042007,dephasing,4,27,2.289676961639376,0.15827167205405346,0.07941431403797379,0.7571721405084054,-0.6777578264704316,15.88968402704623,15.508714443717505,0.3809695833287243,19.33985582387292,38.44814767507698,-19.10829185120406,0.042378394663778574,0.00013474749230479866,0.042243647171473775,374.94775706139177,115094.64241929499,-114719.6946622336,456.36121843008306,285334.79189436283,-284878.43067593273,0.0,0.014343259942519282,6.394884621840902e-14,8.550935740189807,-0.0014790406424083358,1.8568715552136617,0.02346118676199327,-0.11432202860151186,29.532417009975614,0.02345104669996745,0.9242008068887969,0.4544449520608587,199.000909495764,175.0291137924288,20.926032177983153,9
25042007,dephasing,3,28,3.148115347154445,-0.27241162662575524,0.057408092485439516,0.7617499849447182,-0.7043418924592787,15.89269497123754,15.4930579457269,0.39963702551064095,4.243909011891139,82.09557242501484,-77.8516634131237,0.006380655560928039,3.654949092490867e-05,0.00634410607000313,2490.7620885472174,423892.57835512835,-421401.8162665811,665.1211574369767,2246148.1773762894,-2245483.0562188523,1.4210854715202004e-14,0.2930733069635103,1.021405182655144e-13,13.548911031201428,0.0002861018910582658,-8.216988833459704,-0.017998869551424823,-0.248553933416777,-41.08780156071123,-0.01786285240270158,0.537069546092339,-0.1894264725172943,-11.828011728900407,29.838775430111376,7.901972924678725,9
25042007,dephasing,2,29,3.1544960027153754,-0.05221994227900684,0.029273685685703363,0.7622847173768992,-0.7330110316911959,15.895133711646734,14.979721377120622,0.9154123345261116,5.581939866828767,60.001371720449654,-54.419431853620885,0.006380655560927151,0.00021038578699150712,0.006170269773935644,2491.1442969877326,71201.20418460267,-68710.05988761493,874.8223146553416,285196.88795741607,-284322.0656427607,7.105427357601002e-15,1.0094748084641179,1.1546319456101628e-14,6.019617263443287,0.003437146060695895,-8.15192735532595,0.002305715699065125,0.49135493618039927,14.349541907745767,0.0021336326647747317,0.5722904988087025,-0.23616901413114993,-22.467779461825693,53.62583213871749,9.753682576328377,9
25042007,dephasing,1,30,3.203186102900267,-0.2540668036233716,0.07274957309719651,0.6869379296407911,-0.6141883565435946,15.890698159934537,15.442220388753753,0.4484777711807837,23.223825432418298,82.91010954202791,-59.686284109609616,0.0017692241627960126,4.005601447731877e-05,0.0017291681483186938,8981.732498397207,385515.64828042797,-376533.9157820308,13126.55904253324,2069854.19353128,-2056727.6344887468,3.552713678800501e-15,0.23232846518435757,2.7853275241795927e-12,26.09558675525537,-0.00362422038115362,0.5981385967507507,-0.002305715699065125,-0.09523652884296219,-8.555109481862516,-0.0022286144013399234,0.5589962766388725,-0.32086968147352807,-553.8324134655448,1093.1784811807947,41.545581612912024,9
25042007,dephasing,0,31,3.2049553270630646,0.11622575806223345,0.04979569595540023,0.7308582954680263,-0.681062599512626,15.893511048984648,15.721494783463267,0.17201626552138016,39.669433804506326,87.51235120637963,-47.84291740187331,0.0017692241627951244,2.39288374135338e-05,0.0017452953253815906,8983.322398149448,657010.389254073,-648027.0668559236,22421.937614640206,3657191.9351536874,-3634769.997539047,1.7763568394002505e-14,0.14103537357700624,5.9898752624576446e-12,23.502374307686978,0.0028128890501104564,16.445608372088028,-8.881784197001252e-16,-0.27646150565940353,11.843366707736308,1.612717706289679e-05,0.9925180235425352,0.31546985508353464,503.9565173315111,1069.7074610385243,39.9684770085239,9
25042007,transverse,15,16,0.524634005462612,-0.14901390406376996,1.1937097299016455,0.7988577405384878,0.3948519893631577,17.210522122733238,18.67257160055255,-1.4620494778193134,4.049838617461263,38.037865145831205,-33.98802652836994,0.07105317563230756,0.00033365465009865813,0.0707195209822089,242.22030851648086,55963.768510438174,-55721.548201921694,56.99729225923323,114003.70153565615,-113946.70424339692,7.105427357601002e-15,0.09361191221462306,1.0658141036401503e-14,5.353987214499604,-1.343150035353549,-2.2203435078786793,-4.440892098500626e-16,-2.7221272501741147,-6.444381605740951,0.0008022424877116574,0.4242292953417986,-0.044983355043527753,-4.09945352424862,20.50064635172921,9.546343597507429,9
25042007,transverse,14,17,0.5956871810949209,0.11741601275455282,0.28599455223539083,0.7153317875624062,-0.4293372353270154,18.553672158086787,17.293594385731986,1.2600777723548013,6.270182125339942,33.813827047968935,-27.543644922628992,0.07105317563230801,0.0011358971378107596,0.06991727849449725,261.12375686204234,15224.613048204632,-14963.48929134259,88.24633198363169,29768.388283061522,-29680.14195107789,0.0,1.3306414355556058,8.704148513061227e-14,11.682639513085732,0.7297862974139768,0.6099569250982926,0.015335236632277094,1.8018115094499603,9.583908822919923,0.01478523979497065,0.4581186357221423,-0.028763047164703737,-5.388145158700446,44.70332904363338,13.686808691936648,9
25042007,transverse,13,18,0.6742208807644021,0.08283958337217784,0.4452139299064254,0.8010652755307349,-0.35585134562430953,18.43724959861238,18.058667594983383,0.3785820036289955,7.270611783022037,47.53769274574992,-40.26708096272789,0.040382702367754264,0.0008381459509099742,0.03954455641684429,456.56304599700564,21545.970096708224,-21089.40705071122,180.0427251453,56717.67869800993,-56537.63597286463,2.1316282072803006e-14,0.36604350115649353,5.417888360170764e-14,9.814742651679907,-0.1381217013222944,-0.5701061038254842,-0.015335236632276456,-0.44416451208066654,-7.843686841623395,-0.015227890778260589,0.4454847844299747,-0.07994567478985759,-21.294680771566675,74.15647647098507,16.32067365067294,9
25042007,transverse,12,19,0.7146035831321564,0.06507174621174311,0.19594540110078146,0.6846891157728335,-0.4887437146720521,18.597070441782556,18.211655182718033,0.3854152590645228,9.4112536483551,46.71439696793509,-37.30314331957999,0.04038270236775343,0.0007550864720409223,0.03962761589571251,460.52070196849354,24118.63522530575,-23658.114523337255,233.0516061716121,61866.28776657964,-61633.23616040803,1.7763568394002505e-14,0.37883556437513377,1.0835776720341528e-13,12.717804878250426,0.10007873453617577,-17.30492140979763,0.016494842718046437,-0.4218673995086135,9.852674414898559,0.01618892405889677,0.659501974121118,0.18031648577847117,36.71962116835824,51.8520740653177,14.270243331563782,9
25042007,transverse,11,20,1.3035997203310128,-0.24063881134437837,0.2805908518017397,0.7183387548863458,-0.4377479030846061,18.556733815880385,17.320750502363108,1.235983313517277,46.16173833328342,100.20629283951263,-54.04455450622921,0.007393016931659724,6.0189674872535015e-05,0.007332827256787189,2510.03534651914,287769.4644312939,-285259.42908477475,6243.964914458834,1664841.902730355,-1658597.9378158962,2.8421709430404007e-13,0.48944335484031143,1.0999201549566351e-11,63.631401710689374,0.04167307249007024,17.821183653747674,-0.016494842718046687,0.697792579493191,-29.311885447114644,-0.01613144721871468,0.8770823579738639,0.0058544005479919834,16.21683102654106,2114.689254923471,52.631019098269675,9
25042007,transverse,10,21,1.3109927372626733,-0.5380114392378219,0.44990443095940946,0.8006274350687514,-0.350723004109342,18.433051044998077,17.742084836014428,0.6909662089836495,47.269855710716385,59.43205050936553,-12.162194798649146,0.007393016931659391,9.208387636816528e-05,0.0073009330552912255,2493.305671472432,192673.0882296797,-190179.78255820728,6393.851948085081,645412.1270019866,-639018.2750539015,2.913225216616411e-13,0.0866095811565053,7.30437932361383e-12,7.682614722986202,0.011640927518598687,21.328656458419456,-0.021518925160688984,-0.11844624625661737,34.09654713327894,-0.020932457124475168,0.8858963533791046,0.038805496983118686,110.48313146298415,2123.9561274484668,53.3582236007724,9
25042007,transverse,9,22,1.3614236045157115,-0.005909897473894171,0.591082585529758,0.7643183646558259,-0.1732357791260679,18.286086419078572,17.903244822115315,0.3828415969632566,5.720660171310444,44.1935895289374,-38.47292935762696,0.050430867253037026,0.0012969141502914283,0.0491339531027456,362.5971040182212,13804.494937534835,-13441.897833516614,113.43568895230403,34075.95600603687,-33962.52031708456,7.105427357601002e-15,0.38383339148296614,2.6645352591003757e-15,23.396918681988936,0.4512209518972625,-20.65162173234792,0.007599587436793898,0.4187254084699905,-17.665994397698054,0.00637218699941533,0.49325148062870566,0.06406058251265723,8.61680744092731,24.109145354690277,11.597857068809608,9
25042007,transverse,8,23,1.4396931472165397,-0.015146930735142644,1.1827024784917706,0.7296115771544409,0.45309090133732965,17.236679889364538,17.999413721361655,-0.7627338319971173,5.47470809660034,34.926383217809004,-29.451675121208666,0.07826954270082687,4.694354945755652e-05,0.07822259915136931,220.22205949572316,383426.77384537406,-383206.5517858783,69.94685170867241,744008.1464097063,-743938.1995579976,2.1316282072803006e-14,0.1785982816663001,1.509903313490213e-14,7.758662364534757,-1.0261537393805753,-34.334771163884454,0.04620627312069486,-0.9647146111881444,-9.848307534877815,0.046904745844759066,0.796402002807222,0.4610006849030354,21.785062986114074,8.187365756867251,6.874302271092549,9
25042007,transverse,7,24,2.2021491348257225,0.06445999324195723,0.6291932958824624,0.7852390367414024,-0.15604574085893996,18.23958083841166,18.21846087699286,0.021119961418797573,73.89829834965914,74.63210416469389,-0.7338058150347422,0.01369567190722698,0.00019391839675209077,0.01350175351047489,1331.776999475793,93949.11046157066,-92617.33346209486,5395.740993960598,384863.45501352864,-379467.71401956805,2.1316282072803006e-14,0.4928460309246958,2.1316282072803006e-12,0.5001325196459305,0.3644186209334066,44.85243355477405,-0.0322869353967995,0.5404398398281423,10.877624524785642,-0.03227223509764349,0.9278523475286984,0.2723578764715881,1727.6313399554178,3733.327159019624,79.64445910654138,9
25042007,transverse,6,25,2.2158448067329504,0.30011990414682893,0.34902793069202404,0.814215507134983,-0.465187576442959,18.513644545591966,18.789550470413538,-0.27590592482157206,52.61702149316985,46.38820705160195,6.2288144415678985,0.013695671907226092,0.0003702938423586488,0.013325378064867444,1351.7879714849055,50742.270923897464,-49390.48295241256,3841.8722242760596,125274.04386776857,-121432.17164349252,2.1316282072803006e-14,0.4194260753521739,4.661160346586257e-12,17.449058754422055,0.2025871511343169,6.156490057623522,-0.008879044167708683,-0.4400747971469485,13.857015936075097,-0.009046046126874763,0.7083592671298619,-0.14316164687489114,-789.899877057484,3558.450827870009,74.28013429733538,9
25042007,transverse,5,26,2.247298566975595,0.00904990697386815,0.5029225501918422,0.7704514524106019,-0.2675289022187597,18.382533950503635,18.07531616727168,0.30721778323195537,19.022764521433523,33.54536169541318,-14.522597173979655,0.03145376024264257,0.00021266536963304716,0.031241094873009523,584.4304085964902,84994.16806065102,-84409.73765205454,604.7850678165955,157737.7725075573,-157132.9874397407,4.618527782440651e-14,0.8062713959207599,2.0605739337042905e-13,10.85961409169839,-0.021426517965146274,-22.129923479271262,0.003416726957140237,0.11715042002375675,-9.974810493523021,0.0034565822548389136,0.4502383865644634,-0.20995459613799977,-374.78966901490236,736.6552390528119,42.250427971249636,9
25042007,transverse,4,27,2.289676961639376,0.15827167205405346,0.5841135597206231,0.773343181562971,-0.18922962184234793,18.294276391345594,17.638235740107625,0.6560406512379693,29.688354508239716,45.01274231072088,-15.324387802481166,0.042378394663778574,0.00013474749230479866,0.042243647171473775,431.6887540570756,130898.43408892507,-130466.745334868,700.5540144637612,334052.54183804855,-333351.9878235848,2.842170943040401e-14,0.31167058060407626,1.9184653865522705e-13,16.03925965196769,-0.11094923627655007,-0.7158089503043321,0.02346118676199327,0.2629642979001936,16.29294264217938,0.02345104669996745,0.8285943703347508,0.24918490116297076,319.89689271154134,561.501500695379,35.8297806153881,9
25042007,transverse,3,28,3.148115347154445,-0.27241162662575524,0.4555740743877641,0.6818696002935636,-0.2262955259057995,18.427917304740653,17.948982381297057,0.478934923443596,41.78556239565457,90.49762611099601,-48.712063715341436,0.006380655560928039,3.654949092490867e-05,0.00634410607000313,2888.0915336637277,491087.06926105864,-488198.9777273949,6548.788286195634,2476029.7290302725,-2469480.940744077,7.105427357601002e-13,0.1580937625863399,1.5347723092418164e-12,17.942522852925123,0.12673655168151754,8.102005776456615,-0.017998869551424823,0.07150327299933146,-19.702436244163117,-0.01786285240270158,0.8040131487859077,-0.01836081215017666,-49.59273824742763,1795.625962968682,51.97124258322617,9
25042007,transverse,2,29,3.1544960027153754,-0.05221994227900684,0.5721712394227798,0.7981581689820076,-0.22598692955922783,18.30808511477268,18.14926246512212,0.1588226496505598,37.6787587301562,80.37362587003167,-42.69486713987548,0.006380655560927151,0.00021038578699150712,0.006170269773935644,2869.3109884954197,86266.58066903907,-83397.26968054366,5905.1547870547065,382029.732233177,-376124.5774461223,6.004086117172847e-13,0.22892164931146297,5.400124791776761e-13,36.592240137318306,-0.09026451524079704,-26.422001490155374,0.002305715699065125,0.22358405556559902,-4.692660862605514,0.0021336326647747317,0.7203886906094635,-0.13892257389962395,-380.04254968488226,1799.731409130399,52.30337347228728,9
25042007,transverse,1,30,3.203186102900267,-0.2540668036233716,0.5164136778871243,0.8001539833992097,-0.2837403055120854,18.368781955286302,18.977239690559976,-0.6084577352736744,86.41595804496856,113.70830688416706,-27.292348839198496,0.0017692241627960126,4.005601447731877e-05,0.0017291681483186938,10382.393786809354,473767.5462271866,-463385.1524403773,48843.98476019012,2838732.4192863223,-2789888.4345261324,8.988365607365267e-13,0.5174533656098177,1.4765078049094882e-11,40.40123234423805,0.09618128369650236,17.272054213818308,-0.002305715699065125,-0.8845746528576068,5.426955098816535,-0.0022286144013399234,0.8197833063816845,-0.15170967220575893,-1685.7882695061135,9153.506074336106,105.41317122739176,9
25042007,transverse,0,31,3.2049553270630646,0.11622575806223345,0.6311488046317282,0.7381815563876739,-0.10703275175594573,18.237116228406922,17.843705042889617,0.39341118551730503,100.6090489321443,123.3527896682989,-22.743740736154592,0.0017692241627951244,2.39288374135338e-05,0.0017452953253815906,10307.973750253814,745698.7873885373,-735390.8136382835,56866.196521528516,5154984.654562966,-5098118.458041438,1.2008172234345693e-12,0.5735641825035707,1.892885848064907e-11,21.56110784329104,-0.13166572687937972,14.193090887175742,-8.881784197001252e-16,1.0018689207909794,4.548608103043904,1.612717706289679e-05,0.9523068383410216,0.08635041601378292,963.7951034480611,9158.385623583023,105.64772285728198,9
25042008,dephasing,7,8,0.2435309086950231,0.4536221472838853,2.679271579142746,1.6056391274385209,1.0736324517042253,28.96896978119299,33.57794495645655,-4.608975175263559,4.723929663660981,40.81966827105195,-36.09573860739097,0.33450200562241267,0.0032798314548569685,0.3312221741675557,86.6032767943798,10237.704412137502,-10151.101135343122,14.122276052937554,12445.660343492276,-12431.538067439338,2.842170943040401e-14,0.6503785841268908,1.7763568394002505e-15,15.524949135309704,0.48411122996086675,3.4907768988453975,-7.771561172376096e-16,0.7998561500013963,12.50219799892676,-0.0029567068733631907,0.664118896238683,0.12071191981584745,6.107526041455692,16.20798542576046,7.113078231044957,9
25042008,dephasing,6,9,0.578032914317437,-0.12202882944799867,2.768141510971385,1.459754252466141,1.308387258505244,28.484858551232122,33.89368987649708,-5.408831325264956,1.233152764815584,49.83108937113332,-48.59793660631773,0.33450200562241345,0.00032312458149452716,0.3341788810409189,85.15601722097263,104893.56680859994,-104808.41079137896,3.686533246702172,154216.33705691103,-154212.6505236643,1.0658141036401503e-14,0.5818266840954536,1.7763568394002505e-15,26.19893907411548,2.1747251663151665,-1.8974292676394848,0.03858500482146804,2.2763767395541485,-5.336445026205055,0.04009285909839544,0.1525779803496186,-0.2648638144237016,-17.301058211596278,18.8217239529686,8.082114876536755,9
25042008,dephasing,5,10,1.2718356941326152,0.07748566886432412,3.5349920774103785,1.4798116811600428,2.0551803962503357,23.651296988640922,34.41273794301557,-10.761440954374649,1.5372344012491563,51.964478954083546,-50.42724455283439,0.2573319959794782,0.0003821262619869703,0.25694986971749123,91.90966284086598,90055.93534471329,-89964.02568187243,5.9737398584968355,135987.71956651183,-135981.74582665335,1.0658141036401503e-14,0.7340041094680672,4.218847493575595e-15,23.93086001166875,-0.10951784388755215,0.4563043119389558,-0.03858500482146776,-0.7569781970478626,6.798906180703675,-0.03840792311767671,0.3713205131293972,-0.04412222813572591,-0.7562053431027778,3.119294947486623,4.139912412308504,9
25042008,dephasing,4,11,1.5291676901120954,-0.13320843856157105,4.136507568247665,1.3912030947470706,2.7453044735005943,19.036771113824823,33.63686530321344,-14.600094189388617,0.9287074138048173,66.78307227456321,-65.8543648607584,0.25733199597947853,0.0007952913500615111,0.256536704629417,73.97747427934671,42295.02219609433,-42221.044721814986,3.608985389748731,83973.09020071442,-83969.48121532467,1.4210854715202004e-14,0.543354485654838,1.9984014443252818e-15,48.7235112282235,-5.528251546440504,-0.04908811668038626,-0.051954979843755744,-5.113672109140552,-0.9776194943715808,-0.05178543039911443,0.39233758904040045,0.043739731559602556,0.24508351502709436,0.6174139454289398,2.3671130163089877,9
25042008,dephasing,3,12,2.1714566381032867,-0.2797308317634676,3.266300299131317,1.4827428350154,1.7835574641159169,25.478748331889733,33.690151538011214,-8.211403206121481,0.4183566597212507,79.7446028396605,-79.32624617993925,0.36124195566699036,0.0015475553274186815,0.3596944003395717,70.53097773442802,21769.91732774188,-21699.386350007455,1.158106507725009,51529.40345769369,-51528.245351185964,1.0658141036401503e-14,0.20319600835104268,7.605027718682322e-15,57.787291641221366,2.559386166845126,-2.121391438699107,0.0519549798437558,2.723763389956769,-16.13531901808308,0.05088784715151434,0.07116020648635658,-0.2651618216626225,-9.164947222278684,9.33996951701181,5.879081587564884,9
25042008,dephasing,2,13,2.5326985937702804,0.33936658918870877,3.057043139985214,1.4844124283271913,1.5726307116580225,26.80195321626439,34.072192219032274,-7.270239002767884,4.150788783035898,64.67827824598984,-60.527489462953945,0.3612419556669906,0.00016555392029293792,0.36107640174669764,74.19391019179307,205807.22074562497,-205733.02683543318,11.49032862301932,390678.0227949023,-390666.5324662793,0.0,0.4207549098017651,3.552713678800501e-15,24.563416721819287,5.5628900477148555,3.7930963052056694,0.09402867818327454,5.392602304012065,14.117857978241297,0.09592307471285544,0.7500633473057653,0.2893519030211098,8.861183384626894,8.367864136749748,5.533917632351417,9
25042008,dephasing,1,14,3.3858441572935973,-0.26867748921441253,4.37585282782519,1.4587731027178483,2.9170797251073415,16.999378005209337,34.113657412647754,-17.114279407438417,0.29702829593920577,70.26147699839044,-69.96444870245124,0.17318459930044172,0.0025723455723289934,0.17061225372811273,98.15756178018295,13261.693055401323,-13163.53549362114,1.7150964758934437,27314.167176525945,-27312.45208005005,1.7763568394002505e-14,2.0524346481487115,1.1657341758564144e-15,7.547321400558232,-6.1248699083074385,-3.467075337123376,-0.09402867818327454,-6.084524630133297,-10.472303727906088,-0.09634279203934049,0.08644763051342222,-0.3288231230041183,-3.8819667313591975,3.9701925399477447,3.4359333410889223,9
25042008,dephasing,0,15,3.5590287565940413,0.22874109955812566,4.086676322542056,1.470965666440934,2.615710656101122,19.446542610769164,34.23581316261152,-14.789270551842357,3.3774184830892655,61.83421896922562,-58.45680048613635,0.17318459930044194,0.00035090951223315514,0.1728336897882088,112.28794413199037,97563.0809912733,-97450.7930471413,19.50184079145568,176211.2932639485,-176191.79142315703,1.4210854715202004e-14,0.5375330174133026,5.329070518200751e-15,14.282613571363747,2.447164605559827,3.08039018715006,2.220446049250313e-16,2.32500885559606,11.507648216314884,0.0022214360600960603,0.9934512437571502,0.6551654450471465,7.572296651650393,3.8346589582626267,3.399682172943035,9
25042008,transverse,7,8,0.2435309086950231,0.4536221472838853,0.6952203679699759,0.8328988259805281,-0.13767845801055223,9.122868938016913,8.983718459633199,0.13915047838371386,1.29520303791007,13.869321036709756,-12.574117998799686,0.33450200562241267,0.0032798314548569685,0.3312221741675557,27.272987260694773,2739.079304312902,-2711.8063170522073,3.8720336982735493,4228.66882875071,-4224.796795052437,7.105427357601002e-15,0.015839696635225664,0.0,9.856733750854874,-0.3068278940631952,0.8315542761737779,-7.771561172376096e-16,-0.22095680254882488,-1.5805575342749805,-0.0029567068733631907,0.6145865484982193,0.09286392057008255,0.4124360535056577,1.2651148559058172,2.107437985870306,9
25042008,transverse,6,9,0.578032914317437,-0.12202882944799867,0.420123155725934,0.7745595573618592,-0.3544364016359252,9.429696832080108,9.069589551147569,0.36010728093253874,0.4636487617362922,11.457209226260998,-10.993560464524705,0.33450200562241345,0.00032312458149452716,0.3341788810409189,28.19025498676492,28068.39860093152,-28040.208345944753,1.3860866420623494,35457.559970425995,-35456.17388378393,3.552713678800501e-15,0.21997274944520662,5.551115123125783e-17,12.178109933082272,0.09556731296185816,-0.47812771852582114,0.03858500482146804,0.007575544529432321,4.9031092256941875,0.04009285909839544,0.2574657825436539,-0.09195845724624362,-0.2982159357217431,0.5131861099813403,1.8008170140343978,9
25042008,transverse,5,10,1.2718356941326152,0.07748566886432412,0.24659723809815695,0.7740563776856006,-0.5274591395874437,9.545390100219585,8.979477105797086,0.565912994422499,0.5883499226141566,19.807571304252257,-19.2192213816381,0.2573319959794782,0.0003821262619869703,0.25694986971749123,37.09367762017753,23498.71756813005,-23461.623890509873,2.28634577824157,51835.14789393787,-51832.86154815963,0.0,0.5044884346940499,3.3306690738754696e-16,8.226245780057392,0.18604890711362998,0.07942685183460263,-0.03858500482146776,0.24688612668537768,-4.109252160858697,-0.03840792311767671,0.3209729731623971,-0.024947603455787164,-0.08382301994742869,0.4299786513875125,1.8330201350519293,9
25042008,transverse,4,11,1.5291676901120954,-0.13320843856157105,0.5632182027646238,0.7841812018272101,-0.22096299906258632,9.288985554131802,9.011039099590098,0.27794645454170386,0.5541973798228157,19.780575356856918,-19.2263779770341,0.25733199597947853,0.0007952913500615111,0.256536704629417,36.09728171879789,11330.488001526921,-11294.390719808123,2.1536279533113762,24872.111780578285,-24869.958152624975,1.7763568394002505e-15,0.32198316482654477,3.3306690738754696e-16,8.753060819604414,-0.25001699784304776,-0.20437361643851248,-0.051954979843755744,-0.29502542349522276,-0.46351510116602057,-0.05178543039911443,0.30395867894817047,-0.02286358920838342,-0.07600536486306286,0.3831401006655371,1.8232655232631627,9
25042008,transverse,3,12,2.1714566381032867,-0.2797308317634676,0.2712660950563247,0.7357371743532416,-0.4644710792969169,9.532615003730113,8.952584242078759,0.5800307616513543,0.9287920699084997,19.235296440006564,-18.306504370098065,0.36124195566699036,0.0015475553274186815,0.3596944003395717,26.388449221323896,5784.984926523853,-5758.596477302529,2.5711079661098486,12429.472535945446,-12426.901427979335,7.105427357601002e-15,0.8050021910152019,9.992007221626409e-16,2.3785209347812994,0.12646033489033925,0.27316391193544554,0.0519549798437558,0.10371345316005165,-1.4767026066624211,0.05088784715151434,0.7358854065911103,0.4059589515915338,0.6466938616843304,0.21596084744058397,1.2621422596365959,9
25042008,transverse,2,13,2.5326985937702804,0.33936658918870877,0.28788281384876124,0.8197702638691344,-0.5318874500203732,9.523323783547745,8.848635621106844,0.6746881624409014,0.7570589361232927,15.190284485960479,-14.433225549837186,0.3612419556669906,0.00016555392029293792,0.36107640174669764,26.362729007941653,53448.66255930215,-53422.299830294214,2.0957115424908848,91754.30252018294,-91752.20680864045,1.7763568394002505e-15,0.0795463808774226,1.1102230246251565e-16,8.976928604773201,-0.015351705113761938,0.011353362119035815,0.09402867818327454,0.12123386655090229,1.5110618579218738,0.09592307471285544,0.688160571267949,0.3439166765292676,0.41622967897092633,0.1569085537932056,1.100119605411855,9
25042008,transverse,1,14,3.3858441572935973,-0.26867748921441253,0.24791999609615278,0.7794611073672448,-0.531541111271092,9.5447359735929,9.017858143464256,0.5268778301286439,0.562619078100014,14.144689523520066,-13.582070445420053,0.17318459930044172,0.0025723455723289934,0.17061225372811273,55.11307594409496,3505.6946626729923,-3450.5815867288975,3.248666915953531,5498.751674610154,-5495.5030076942,1.7763568394002505e-15,0.31324210742806713,1.1102230246251565e-16,12.148293500946895,0.0039014704562703173,-0.12436913766764757,-0.09402867818327454,-0.06951028231494938,2.8785265840861793,-0.09634279203934049,0.8665650493934869,0.6362212615833345,0.26818516470651244,0.048355062335597304,0.6492519845957253,9
25042008,transverse,0,15,3.5590287565940413,0.22874109955812566,0.21875802918225973,0.7802388388280128,-0.5614808096457531,9.558345222725512,9.040257160279227,0.5180880624462851,0.6169174954120304,19.104886004587307,-18.487968509175275,0.17318459930044194,0.00035090951223315514,0.1728336897882088,55.19165827293698,25762.359939312788,-25707.168281039852,3.56219604920988,54443.91029187442,-54440.34809582521,3.552713678800501e-15,0.4069530668086223,1.1102230246251565e-16,6.365861589099541,0.013609249132612078,0.054298417312016456,2.220446049250313e-16,-0.008789767682358729,-4.905898063755222,0.0022214360600960603,0.9458464957144239,0.7646625019584553,0.3252989404136586,0.055288255731794037,0.6522384955775046,9
25042009,dephasing,15,16,0.7043508160037597,-0.1374449024211069,0.20664292091128503,0.7695345247163696,-0.5628916038050846,15.704818800740549,15.39529509334048,0.3095237074000696,35.81742190096083,57.96017599807731,-22.14275409711648,0.023210655353550602,0.0002804962618266349,0.022930159091723967,676.6210846493025,54885.91895337194,-54209.297868722635,1543.1456525195329,206634.3972665864,-205091.25161406686,7.105427357601002e-15,0.2709205697617083,2.984279490192421e-13,4.166726967850096,0.05947268722342258,11.44515227026983,3.885780586188048e-16,-0.2403882716658856,-13.356546368923269,4.031420350314452e-05,0.8824041559024561,0.21891968779163667,360.6935494578654,922.1941621735489,40.59072213268226,9
25042009,dephasing,14,17,0.7275614713573111,0.18130767334523978,0.3196466548959525,0.6713702047651614,-0.3517235498692089,15.645346113517126,15.095434134451171,0.5499119790659552,24.372269630691,33.15847735888421,-8.786207728193212,0.023210655353550214,0.00032081046532939084,0.022889844888220823,674.0587835717475,47054.057662838386,-46379.99887926664,1050.0465953867654,103358.46533198,-102308.41873659323,2.4868995751603507e-14,0.2892733866039592,5.080380560684716e-13,14.760628882992371,-0.03764773320531134,-114.81263604478801,0.008826419378304973,0.10527996296173114,-80.16436565381201,0.008655996447881564,0.5964078551604537,-0.1986884825754234,-331.801184065331,925.8087110164215,40.86510501129096,9
25042009,dephasing,13,18,0.8118944696575835,0.09350253839887024,0.2938557550891122,0.6746893603169083,-0.3808336052277961,15.661168892704326,15.081428567895948,0.5797403248083786,242.55238944999718,77.65331950164305,164.8990699483541,0.00555781659693988,2.0278807985329994e-05,0.00553753778895455,2817.86356558209,743703.899105218,-740886.0355396359,43641.668489662996,3829284.2240933822,-3785642.5556037193,1.4210854715202004e-14,0.09911003526487505,2.6716406864579767e-12,2.359499819295081,-0.004356848601679175,129.08207710259757,-0.00882641937830514,0.2891087414898168,104.5673205510728,-0.008578708399886725,0.9624490524474771,0.13829932495496272,8783.663231595288,50047.99839630601,252.01582237853577,9
25042009,dephasing,12,19,0.817452286254524,0.19485873726247505,0.24862567930206042,0.724367998922204,-0.4757423196201436,15.685705369094887,15.654354181523718,0.03135118757116828,202.56835506410823,73.1186485413524,129.44970652275583,0.005557816596939824,0.00021516910747809703,0.005342647489461727,2822.278334576847,72753.7254999175,-69931.44716534067,36447.47024859437,339819.4536304216,-303371.98338182725,3.552713678800501e-14,1.2003797595186203,5.4285465012071654e-12,7.972992835153406,-0.0023012217529014833,-183.5039485218798,0.0019431762492365667,-0.2883175792865105,-177.26087681212107,0.0017434212797476645,0.7933479547463858,-0.1396596034711371,-9105.139303456926,50139.07777683428,255.33355679836768,9
25042009,dephasing,11,20,0.837767613215052,0.20436722443345628,0.18076451120737738,0.6875739884347274,-0.50680947722735,15.714844288991248,15.65524708008427,0.05959720890697895,529.5922177219788,81.07012100057919,448.52209672139963,0.0016714640984666351,1.0549467993059558e-05,0.0016609146304735756,9401.84375088146,1483984.5090182535,-1474582.665267372,316843.31013021176,7684759.179696532,-7367915.86956632,1.2967404927621828e-13,0.3999606617702032,2.580691216280684e-11,34.77791102612084,0.07142491368747628,143.28073412717555,-0.0019431762492365112,-0.2088580948238281,155.48277588483103,-0.0018412442664887119,0.9137484329392708,-0.061833860851557704,-20770.945354341588,301238.862426047,579.5820803965163,9
25042009,dephasing,10,21,0.8394390773135192,-0.052243745190273694,0.3826051698430235,0.7488016010454559,-0.3661964312024324,15.601133381512657,15.095573961622211,0.5055594198904458,570.0546121254984,113.42567697511697,456.6289351503814,0.0016714640984664686,9.793794003620793e-06,0.0016616703044628478,9333.813030041358,1541340.7670246419,-1532006.9539946006,341051.0657384211,11581382.754546724,-11240331.688808303,0.0,0.19072785283750449,2.467004378559068e-11,1.5273503859332465,-0.07045171531420635,298.6949034136604,-0.011714525905657414,0.38549833389928967,249.07275669038526,-0.011135182203898336,0.9828191901134496,0.07028039362082542,23643.940469946712,301318.3203356089,580.0198224250161,9
25042009,dephasing,9,22,0.9201998766299239,-0.08907268137912691,0.34524511993772333,0.736328699532008,-0.39108357959428464,15.628325904662479,15.447800941587145,0.1805249630753334,13.127199701697013,46.536939503104406,-33.4097398014074,0.02510051590978113,0.001167725523532337,0.023932790386248792,622.629668682326,13228.9657374774,-12606.336068795074,522.9852545214669,39852.63537130838,-39329.650116786914,2.1316282072803006e-14,0.052033800342123016,2.9309887850104133e-13,14.544356155820815,-0.023695369316167003,-285.2132259032946,0.011714525905657414,-0.3837532131027599,-246.16932097297195,0.010945897283359124,0.40436959463136884,-0.25303815098235777,-266.66941264116815,438.99278464940727,32.46336983784404,9
25042009,dephasing,8,23,0.9453003925397061,-0.31536865230524647,0.21121299926534376,0.6824951140668637,-0.47128211480151994,15.702909166444634,15.079912233978893,0.6229969324657407,26.626239084484872,57.73601189173716,-31.109772807252284,0.025100515909780963,0.0007884000084644738,0.02431211590131649,625.6010523005089,19127.234997560776,-18501.633945260266,1060.7845344768143,73231.87629612868,-72171.09176165187,1.4210854715202004e-14,0.27981631885244695,3.872457909892546e-13,7.004145644197109,0.01831134115535704,11.698051760790245,0.005766069001887364,0.005717992556228069,6.599321796396978,0.005605760271775312,0.8756385450381549,0.30092317260946966,278.2438316070659,430.71277617709393,30.407796956134288,9
25042009,dephasing,7,24,1.7791804256852193,-0.1715739034763747,0.08154968784255953,0.707702103480846,-0.6261524156382864,15.740869745916077,14.686836829172385,1.054032916743692,16.729174945692243,58.737624351583364,-42.00844940589112,0.013568377906006068,8.845703317250653e-05,0.013479920872833562,1160.114337539814,166033.56796435296,-164873.45362681313,1232.953199091473,664024.3544799295,-662791.4012808381,1.7763568394002505e-14,0.16371680081365092,1.9895196601282805e-13,11.693907752218372,0.021631558189723066,-4.55981263764421,-0.005766069001887336,0.6933442251261814,-9.692520070939807,-0.0050259053611088345,0.7337216191332672,0.145187914113011,75.47739105945314,204.38790330412795,22.80043889868511,9
25042009,dephasing,6,25,1.7927488035912265,0.0617773382953877,0.10932926641676222,0.7280924222102944,-0.6187631557935321,15.735567209008076,15.637186758238796,0.09838045076928026,15.951736082188035,49.47382194483838,-33.52208586265034,0.013568377906005846,0.0008688413394375427,0.012699536566568304,1159.7235364474154,17997.747170227605,-16838.02363378019,1175.655350454768,56942.29740134832,-55766.64205089355,0.0,0.8627309529086951,1.580957587066223e-13,29.512847844284998,-0.0031944673214123753,-15.323912871923547,0.0008733937787192003,-0.6636140567984263,-8.473773435606343,0.00013739016279085137,0.5931875031660776,0.02218583878970959,16.043819903465504,238.41406413231292,26.891557891977218,9
25042009,dephasing,5,26,1.82571618696357,0.39987546480743585,0.10424246140797172,0.647741696428358,-0.5434992350203862,15.736653606742898,15.266697508351177,0.46995609839172126,45.82212296253092,53.9102984107278,-8.088175448196878,0.011821590348567224,0.000177218413845881,0.011644371934721343,1331.179066668486,86146.22587485716,-84815.04680818868,3876.138625297954,304202.57828067004,-300326.4396553721,4.085620730620576e-14,0.12339801877962131,6.821210263296962e-13,7.431938882256446,0.003914863990013728,23.23285208124037,-0.0008733937787192558,0.2228390974198753,14.894856217394416,-0.0004366841164799573,0.7355864613048398,0.10096500476532391,391.79043425817645,1707.876518535089,62.293320191412576,9
25042009,dephasing,4,27,1.837537777312138,0.1748909613502569,0.1327020007595563,0.7710871012849213,-0.638385100525365,15.729910276497693,15.334056725323281,0.3958535511744117,29.226805680393063,41.67078314892531,-12.443977468532246,0.011821590348567113,0.0003590148127328163,0.011462575535834296,1330.6086417048198,42711.487608549156,-41380.878966844335,2472.3243504995608,116069.81570405918,-113597.49135355961,6.039613253960852e-14,0.01142836443382933,9.130474154517287e-13,18.94832681158909,-0.002031693313693239,-9.723590777377872,0.0006568098624391006,-0.14722139177116755,2.6843899280544363,0.00042062146523480504,0.490696725214932,-0.24519939974822066,-869.8728731262789,1724.0790434057526,59.56185191085515,9
25042009,dephasing,3,28,1.8794565593784323,0.206249491961753,0.14244214482883685,0.6734803400732964,-0.5310381952444595,15.727230332879873,15.111036545380436,0.6161937874994372,32.078669953010944,54.24722929798743,-22.168559344976487,0.0105079706236888,6.843441721116061e-05,0.01043953620647764,1496.695308361917,220810.48047437827,-219313.78516601634,3052.794026726142,792689.2857230401,-789636.491696314,2.4868995751603507e-14,0.2799255333455033,5.755396159656812e-13,2.440899191439243,-0.004885295573686221,-5.198037759709791,-0.0006568098624391006,0.10430367647039329,-3.5732280333637725,-0.0004757775613079551,0.6064949146053565,-0.17809088469602183,-498.21875305382264,1527.2598190079993,52.891902603806514,9
25042009,dephasing,2,29,1.8899645300021226,-0.46034337532483277,0.11488741051082921,0.7305541778336408,-0.6156667673228117,15.734320980409425,15.106394309525749,0.6279266708836762,45.326609745048415,70.0732948997416,-24.746685154693182,0.01050797062368869,0.00013991862395179577,0.010368051999736894,1497.3700958907032,107965.57229386522,-106468.20219797452,4313.545533032437,500814.637255745,-496501.09172271256,1.4210854715202004e-14,0.16680550956874285,8.881784197001252e-13,1.6346034399721674,0.012555894465535289,21.996067718610945,0.0006504812553450035,-0.1304226468951315,2.9166119705221334,0.0006561176344691,0.8527967075713091,0.16927953104112453,478.21136226182693,1576.2901887181536,53.150544957115684,9
25042009,dephasing,1,30,1.931977369541931,-0.08840407999018393,0.17669255359350325,0.6823610315088768,-0.5056684779153736,15.716299839007908,14.81579499094973,0.9005048480581781,14.582414099863994,47.74044900531814,-33.158034905454144,0.009207008112998571,0.000222675588940624,0.008984332524057947,1706.9931563131172,66535.33537930972,-64828.3422229966,1583.838519624671,214394.62328332735,-212810.7847637027,2.4868995751603507e-14,0.3854623975378342,6.039613253960852e-14,0.016109129011404377,-0.013608011081263527,-26.83743043745087,-0.0006504812553457806,0.4315202433840115,-2.5197462338333665,-0.000749193222137623,0.35038173476367807,-0.2895718772978235,-501.570884419427,714.2176853993342,41.61864804310996,9
25042009,dephasing,0,31,1.9411843776549316,0.009054170903820047,0.14840949341056614,0.6969974067291332,-0.5485879133185672,15.725494719768918,15.41545218130426,0.310042538464657,37.513079329581316,74.04297151812969,-36.529892188548374,0.009207008113000015,0.00010800862034576753,0.009098999492654247,1707.991839125785,142724.27637678216,-141016.28453765638,4074.4049390609302,685528.3520990848,-681453.9471600238,3.197442310920451e-14,0.22253397659360452,8.171241461241152e-13,7.57329215107454,0.009194880761009827,22.93066522971732,1.4432899320127035e-15,-0.5904623095935211,-3.3718572830942293,0.00011466696859629977,0.9030515063290412,0.40296911884316616,695.3639214878825,711.8671992995704,41.54035408464589,9
25042009,transverse,15,16,0.7043508160037597,-0.1374449024211069,0.3630009909088832,0.40047912950036396,-0.03747813859148075,5.091568036785577,5.031350126117696,0.06021791066788129,1.169375996518038,21.373908284332188,-20.20453228781415,0.023210655353550602,0.0002804962618266349,0.022930159091723967,219.36338975481382,17937.316145865076,-17717.952756110262,50.38099867090375,76200.33202988876,-76149.95103121785,0.0,0.0898851939742853,6.217248937900877e-15,2.4278802512558926,-0.04746801524754751,0.10429588032077675,3.885780586188048e-16,0.009920659358979123,-8.120184254832507,4.031420350314452e-05,0.49906287722624315,0.02711402004597853,0.14886470135672458,1.2185755198758363,2.343143619532175,9
25042009,transverse,14,17,0.7275614713573111,0.18130767334523978,0.2903475575121794,0.4084009022159981,-0.11805334470381873,5.139036052033124,5.088738800724222,0.05029725130890217,1.0650801161972612,13.149428149178904,-12.084348032981643,0.023210655353550214,0.00032081046532939084,0.022889844888220823,221.40848561809682,15862.134657918283,-15640.726172300187,45.88755035020373,40988.15210307364,-40942.264552723434,5.329070518200751e-15,0.010159017787525038,5.995204332975845e-15,10.31432530568274,0.0933443412225019,-1.1703036978571268,0.008826419378304973,-0.0030692635753371,9.830371313398617,0.008655996447881564,0.45309315193895605,0.0207054037130257,0.1144124433071354,1.0199832106116422,2.350686854655352,9
25042009,transverse,13,18,0.8118944696575835,0.09350253839887024,0.47278152602522633,0.39664521045296475,0.07613631557226158,4.999815384835667,4.95330026573507,0.046515119100597246,3.3013916315907377,26.92629803653711,-23.624906404946373,0.00555781659693988,2.0278807985329994e-05,0.00553753778895455,899.6006430994059,244259.93230560518,-243360.33166250578,594.0087395846195,1327804.7731413017,-1327210.764401717,7.993605777301127e-15,0.015972807303599623,3.1530333899354446e-14,9.873479556930171,-0.08793743472455784,1.7179152360391565,-0.00882641937830514,0.03803948688281178,-7.046043127875723,-0.008578708399886725,0.6759673695832987,0.23633303365933706,5.637246916797191,5.261939788339986,4.883951178924302,9
25042009,transverse,12,19,0.817452286254524,0.19485873726247505,0.43228251074856516,0.455504058106904,-0.023221547358338812,5.036469587087326,5.069815573960657,-0.033345986873331235,2.101872674905901,23.17525119606556,-21.073378521159658,0.005557816596939824,0.00021516910747809703,0.005342647489461727,906.1957153930636,23562.00494291094,-22655.809227517875,378.18316568114324,107707.14935658069,-107328.96619089955,0.0,0.11766845948721993,7.549516567451064e-15,10.350506966422376,0.004579634548440126,-2.1165728093775664,0.0019431762492365667,-0.04161595424077236,3.4273357405049403,0.0017434212797476645,0.48075485571312687,-0.010278684278778968,-0.19647304504720697,4.614341786563254,4.3720258878885,9
25042009,transverse,11,20,0.837767613215052,0.20436722443345628,0.39921577617162973,0.40508505298588127,-0.005869276814251534,5.063964520242104,5.093939704607819,-0.029975184365715002,5.135499336976197,30.51202145535902,-25.376522118382823,0.0016714640984666351,1.0549467993059558e-05,0.0016609146304735756,3029.6579656647577,482862.2360823405,-479832.5781166757,3072.4556642810294,2892280.5847112597,-2889208.129046979,2.5757174171303632e-14,0.04252000951969137,4.3520742565306136e-14,3.881208572244372,0.0036116109999113633,1.3820102892715735,-0.0019431762492365112,0.01662951706446636,-0.8312023383551264,-0.0018412442664887119,0.750297092735586,0.12992292883847154,6.086738304687383,20.286615135395106,6.844621133012926,9
25042009,transverse,10,21,0.8394390773135192,-0.052243745190273694,0.37296316814041935,0.4094382119648531,-0.03647504382443373,5.084236231397059,5.14409964738409,-0.05986341598703149,5.405105420503347,33.422366459399086,-28.01726103889574,0.0016714640984664686,9.793794003620793e-06,0.0016616703044628478,3041.7860820712413,525240.7438304606,-522198.95774838934,3233.755020800274,3412606.64121001,-3409372.8861892098,1.4210854715202004e-14,0.24293536740581878,4.3520742565306136e-14,1.7070559736631097,0.09603905721827122,2.592108711255653,-0.011714525905657414,0.04188326666924036,-9.808737595318256,-0.011135182203898336,0.7088571505549175,0.14323805468565792,8.328164647068,20.886999959685813,7.6250982532545075,9
25042009,transverse,9,22,0.9201998766299239,-0.08907268137912691,0.5575911836381028,0.3768122340190372,0.1807789496190656,4.912429828115471,5.0859480090622995,-0.1735181809468287,0.4904940815191897,11.53101885029133,-11.04052476877214,0.02510051590978113,0.001167725523532337,0.023932790386248792,195.7103131175564,4355.431055131388,-4159.720742013832,19.54119522013708,9874.768186457311,-9855.226991237174,1.7763568394002505e-15,0.2615202577962066,6.661338147750939e-16,0.7866855938238935,-0.11598260833630913,-2.6125142231719654,0.011714525905657414,-0.10284459332134066,14.958266282024045,0.010945897283359124,0.19576778343703885,-0.12792847144270714,-0.8030679731825251,1.0436524171878783,2.505489273606338,9
25042009,transverse,8,23,0.9453003925397061,-0.31536865230524647,0.5007485543462988,0.37939350896461715,0.12135504538168168,4.972588641506501,5.054072400770446,-0.08148375926394458,0.800911188878963,24.781232251575595,-23.980321062696632,0.025100515909780963,0.0007884000084644738,0.02431211590131649,198.1070293287806,6410.543311147349,-6212.436281818569,31.908156460117638,31432.30845448712,-31400.400298027,3.552713678800501e-15,0.21127915964816868,3.1086244689504383e-15,1.4886673003236162,0.31004184994764294,-0.4865555649088792,0.005766069001887364,0.3423871444108375,-8.191381931876537,0.005605760271775312,0.3037007250763757,-0.12623929123381947,-0.8779536965470908,1.5194124290186066,2.637172462059642,9
25042009,transverse,7,24,1.7791804256852193,-0.1715739034763747,0.9003743672407398,0.3746508289202767,0.5257235383204631,4.412663755002246,5.086887381404981,-0.6742236264027355,2.0844394260564947,22.621792918924545,-20.53735349286805,0.013568377906006068,8.845703317250653e-05,0.013479920872833562,325.21674923639705,57506.87309944785,-57181.65635021145,153.6248061851088,255737.6401581108,-255584.0153519257,1.7763568394002505e-15,0.18138019640247105,7.105427357601002e-14,1.5622259973319785,-0.2623278418120032,0.8800210930224066,-0.005766069001887336,-0.29677260706960684,-0.02589128335886315,-0.0050259053611088345,0.4710049247342732,0.02073743422099918,0.4061464704268114,3.938741250472075,4.425515141338512,9
25042009,transverse,6,25,1.7927488035912265,0.0617773382953877,0.9197517078344655,0.38092747092037915,0.5388242369140863,4.377394552121997,5.0508128315243095,-0.6734182794023127,1.6079254771892133,18.650528833510954,-17.04260335632174,0.013568377906005846,0.0008688413394375427,0.012699536566568304,322.6173815651469,5813.274072334113,-5490.656690768966,118.50535770215306,21465.977718768136,-21347.472361065982,5.329070518200751e-15,0.009255177865437503,1.0014211682118912e-13,2.747798517860481,-0.1161017704659546,-1.2047924721867451,0.0008733937787192003,-0.13452284550797566,-0.330207203136446,0.00013739016279085137,0.3012505731502944,-0.16573462234901767,-4.721601307467132,7.307025647661139,5.337501802484436,9
25042009,transverse,5,26,1.82571618696357,0.39987546480743585,0.8056108651282925,0.40001894735820676,0.40559191777008574,4.574328890173657,4.9778961315595955,-0.4035672413859386,3.5409964726954226,16.428435286197967,-12.887438813502545,0.011821590348567224,0.000177218413845881,0.011644371934721343,386.94699742560994,28089.045734765754,-27702.098737340144,299.53638793824314,92701.6269341235,-92402.09054618525,9.769962616701378e-15,0.021236674820086066,1.1457501614131615e-13,4.651832727164614,0.1176200606300073,1.001465006926788,-0.0008733937787192558,0.18658115933549935,2.187987250421692,-0.0004366841164799573,0.688294602773148,0.20821612271146142,5.510824939586386,7.027831080054596,5.144594274644373,9
25042009,transverse,4,27,1.837537777312138,0.1748909613502569,0.8290444193293308,0.4067334070852556,0.4223110122440752,4.5360231069653025,5.042901629005866,-0.5068785220405632,3.4711374543480558,16.57938622587479,-13.108248771526732,0.011821590348567113,0.0003590148127328163,0.011462575535834296,383.7066734016131,14046.500172567701,-13662.793499166088,293.62694459876883,46180.22888713896,-45886.60194254019,9.769962616701378e-15,0.014810122632150424,6.17284001691587e-14,7.17512176960277,-0.09070645329174454,0.33020914613899777,0.0006568098624391006,-0.09335996736092333,0.13139395159194933,0.00042062146523480504,0.8581635496436929,0.5314847958850137,8.695495620674508,3.3532996063035827,4.044843731465045,9
25042009,transverse,3,28,1.8794565593784323,0.206249491961753,0.737704226533897,0.3903508153755012,0.3473534111583958,4.679130230340436,5.102600098313777,-0.4234698679733411,2.740860143722693,16.33270677645751,-13.591846632734818,0.0105079706236888,6.843441721116061e-05,0.01043953620647764,445.293425144525,74561.8989136598,-74116.60548851527,260.83629673876266,238662.17383077083,-238401.33753403206,5.329070518200751e-15,0.03822707790226065,4.747313653297169e-13,4.291781823111036,0.08791418946007656,0.6074556755729468,-0.0006568098624391006,0.1014391208051606,2.199136143076707,-0.0004757775613079551,0.5174350578378336,0.06396898194308454,1.7948637644150356,5.717450563033818,5.29701283708133,9
25042009,transverse,2,29,1.8899645300021226,-0.46034337532483277,0.7595582804439609,0.45228077863495364,0.30727750180900726,4.646408974795418,5.189348430311858,-0.5429394555164402,0.7956714819514368,19.269388262047755,-18.473716780096318,0.01050797062368869,0.00013991862395179577,0.010368051999736894,442.1794789110626,37088.33237310619,-36646.152894195126,75.72075621887554,137718.53751710974,-137642.81676089086,8.881784197001252e-15,0.4388956229674168,2.042810365310288e-14,7.103114776070775,-0.07667723803640403,-2.1300769459937916,0.0006504812553450035,-0.21990708185564456,-5.4336196478365935,0.0006561176344691,0.1352191375012183,-0.20761948025594615,-7.1888490052686524,7.821942112459386,5.884311175585104,9
25042009,transverse,1,30,1.931977369541931,-0.08840407999018393,0.6754965291274306,0.41727577402202554,0.2582207551054051,4.767042195323208,4.9896370746714584,-0.22259487934825017,3.1106367121677643,15.598984343952395,-12.488347631784631,0.009207008112998571,0.000222675588940624,0.008984332524057947,517.7623541563993,22407.65185986298,-21889.889505706582,337.8553243345281,70052.51189932559,-69714.65657499107,0.0,0.09360728065968171,9.636735853746359e-14,0.3765771858886957,0.07578323126648367,0.6528192442449638,-0.0006504812553457806,0.17659649353677676,7.718489643656088,-0.000749193222137623,0.6016077483154075,0.12065308734825024,3.225597574692327,6.450463180393835,5.170539642945195,9
25042009,transverse,0,31,1.9411843776549316,0.009054170903820047,0.6980177668715737,0.3990016046758118,0.2990161621957619,4.736108953318031,4.991552243571645,-0.2554432902536137,4.119963453894164,26.059921224679286,-21.93995777078512,0.009207008113000015,0.00010800862034576753,0.009098999492654247,514.4026045367322,46214.387588622194,-45699.98498408546,447.4812450829604,241276.30869882213,-240828.82745373918,3.552713678800501e-15,0.008020161636848044,1.2789769243681803e-13,1.9746764946453226,-0.030933242005176886,1.0093267417264,1.4432899320127035e-15,-0.0328484109053635,-9.45161013900049,0.00011466696859629977,0.940082554443514,0.6818949234058965,13.097011166561916,3.877087694861168,4.382554951605225,9
25042010,dephasing,7,8,0.3826463748639167,-0.22147776800911084,0.44057503476327986,1.4929543443161055,-1.0523793095528258,37.46050034818484,35.31984090411743,2.14065944406741,1.5377366512012411,95.88365261095257,-94.34591595975132,0.13012630355159988,0.0001806315448521223,0.12994567200674775,287.87800256948333,195535.28666896326,-195247.40866639378,11.817262223171289,530824.5173313979,-530812.7000691746,7.105427357601002e-15,0.31918379755361315,1.509903313490213e-14,41.839516913592135,-0.15851960774249108,-3.364891175880918,5.273559366969494e-16,0.7041811137893461,-19.977556115672414,0.0003811644841599793,0.13690485590245985,-0.16766342434889026,-21.15263903585652,23.517273044304144,11.232155653389185,9
25042010,dephasing,6,9,0.5127726784155178,0.20940127460613994,0.18864451625791268,1.5708468150681263,-1.3822022988102136,37.61901995592733,36.182541625649264,1.4364783302780637,4.902627827082159,79.27098767116107,-74.36835984407891,0.13012630355159935,0.0005617960290115742,0.12956450752258777,289.0962006079743,64405.121711716165,-64116.02551110819,37.675917114929085,141102.79100874157,-141065.11509162665,2.1316282072803006e-14,0.11475545599352444,5.329070518200751e-15,54.77663913011248,0.1520532771918539,3.265135060017443,0.0038561095346395513,-0.8841009943954923,2.3268015189883187,0.0038905124145915126,0.4671955921435378,0.040509531403084845,4.460849774185089,19.57490983669527,10.4937373329839,9
25042010,dephasing,5,10,0.6887064263960154,-0.11420005780065806,0.42564504009253656,1.5409964067787316,-1.1153513666861952,37.473433009286104,34.9729338040064,2.500499205279702,1.7372488829281911,60.78165564931132,-59.044406766383126,0.12241408448231972,0.001011766273074921,0.1214023182092448,306.1202733963051,34566.2182410153,-34260.09796761899,14.19157681303496,60074.7991575031,-60060.60758069006,1.4210854715202004e-14,0.7815361023823115,1.0436096431476471e-14,58.253998159803054,-0.15224095615811706,-4.55491458072477,-0.00385610953463994,0.5460428590479474,25.965832487891625,-0.004506317953457739,0.1487729504034028,-0.2029968949898769,-27.679964293949865,30.69799797518509,11.677182432811719,9
25042010,dephasing,4,11,0.811120510878336,0.17957147428927167,0.1492606260217027,1.5280801153180752,-1.3788194892963725,37.63232797496111,35.15989361277566,2.472434362185446,7.681699100223763,103.33381776469434,-95.65211866447058,0.12241408448231994,0.00016131967950266946,0.12225276480281727,307.41828551923106,217951.67038001615,-217644.25209449691,62.75175877603543,640553.081206589,-640490.329447813,1.4210854715202004e-14,1.8877227618843548,2.1316282072803006e-14,15.530850429647515,1.8910653245529119,4.305771036678474,0.020316964293052353,1.8968540622700694,-22.964108330922954,0.02074475780047838,0.696710728216459,0.23717798541938717,28.832610336532337,30.17589072984605,11.025665012922188,9
25042010,dephasing,3,12,2.435371181678697,-0.013669438875096515,1.9093230260778864,1.548178737316095,0.3611442887617915,34.00909229153029,35.358430896979236,-1.3493386054489491,5.014607244162388,91.3462211448745,-86.33161390071211,0.08178015589621546,0.00016646010078247286,0.08161369579543298,415.8599591652787,212413.85011045387,-211997.9901512886,61.31814239295733,548757.4542817569,-548696.136139364,0.0,0.16764061450172107,2.220446049250313e-14,42.409219424923634,-2.0026149908094837,-1.397731236925356,-0.020316964293051798,-2.2523790775043153,18.507392160864754,-0.02017302275206065,0.4823559351614228,-0.10812284799426511,-11.685736001976736,36.832021815182365,10.39607244074689,9
25042010,dephasing,2,13,2.517151337574914,0.09551062054270609,1.8065215525210494,1.4695233563896712,0.33699819613137816,34.39108658971843,35.05744000779314,-0.6663534180747135,5.142977861951726,119.16887132063488,-114.02589345868316,0.08178015589621457,0.0004594836040445749,0.08132067229217,420.53094926064233,76297.47764490893,-75876.94669564828,62.88784614789153,259353.91441970627,-259291.02657355837,2.1316282072803006e-14,0.9694244200546365,4.529709940470639e-14,9.875538427412195,0.458820082977077,1.6996205485887206,-0.006039253273918632,0.8394727978050192,-28.580065062703312,-0.00614635048537282,0.4363771041231173,-0.12162502323413803,-16.893838347247573,43.344059635772666,11.785627186573628,9
25042010,dephasing,1,14,2.7258969160664597,-0.17531154602383675,1.9491449375275054,1.5250367080530869,0.4241082294744185,33.85544072195241,35.51775454826293,-1.6623138263105162,1.8721073825636232,86.4321502738112,-84.56004289124758,0.09385866244405094,0.000538312684398301,0.09332034975965264,360.7066182317866,65979.7838276148,-65619.07720938302,19.94602665129161,160561.23658022424,-160541.29055357294,2.842170943040401e-14,1.8645522026634112,2.4424906541753444e-15,40.476027677372585,-0.4955093568240372,-4.796504237703714,0.006039253273918299,-0.910376946123101,31.737619573776072,0.005873398793020956,0.19640866861877446,-0.23724575036267495,-21.554534606637798,25.059320658487014,9.531694276678527,9
25042010,dephasing,0,15,2.8197555785105126,0.25179554070840826,1.828604151151103,1.4854765480893866,0.3431276030617165,34.310813567834465,35.14833391013458,-0.8375203423001167,8.194245378582949,126.76367684994707,-118.56943147136413,0.09385866244405072,0.00028543280295734164,0.09357322964109338,365.5583051621601,123140.48541711428,-122774.92711195211,87.3040928264618,444110.4019459603,-444023.09785313386,1.4210854715202004e-14,0.33843614788124654,1.7763568394002505e-14,3.9039581957948855,0.45537284588205296,6.322137996019325,-2.220446049250313e-16,0.8247934840103994,-34.00938858011655,0.00025287988144073736,0.9886217904353412,0.7039279348924741,48.35994215537431,18.785715169053784,8.288554286239842,9
25042010,transverse,7,8,0.3826463748639167,-0.22147776800911084,0.2705574451253149,1.2275594677217052,-0.9570020225963903,23.496383804617025,22.087764359486897,1.4086194451301282,6.125448882292368,53.24619948749791,-47.120750605205544,0.13012630355159988,0.0001806315448521223,0.12994567200674775,180.56598215210073,122280.76982660752,-122100.20384445542,47.07310294004779,294777.9665566665,-294730.8934537264,0.0,0.19506415386212694,9.769962616701378e-15,21.679377242886957,-0.05880245759571778,2.1858608900703667,5.273559366969494e-16,-0.1529478861428828,-4.588352474171806,0.0003811644841599793,0.5533069722764254,-0.08785693570721274,-10.767617163035531,48.288741172612404,11.070615750766596,9
25042010,transverse,6,9,0.5127726784155178,0.20940127460613994,0.11999530622910423,1.2290197440131383,-1.1090244377840341,23.555186262212743,21.993618930939732,1.561567331273011,3.939587992222001,46.47198612325574,-42.53239813103374,0.13012630355159935,0.0005617960290115742,0.12956450752258777,181.01786971050277,39148.761819543965,-38967.743949833464,30.27510875739143,82720.38911527855,-82690.11400652117,1.7763568394002505e-14,0.3728778605798446,3.1086244689504383e-15,27.943838826183537,0.07916977675766645,-2.239489381250279,0.0038561095346395513,0.16961198299617308,-3.029909710060231,0.0038905124145915126,0.3832266734629876,-0.23272110974973134,-24.593816628496576,40.11417017695633,10.2800464190614,9
25042010,transverse,5,10,0.6887064263960154,-0.11420005780065806,0.3375440259234995,1.2600490785872804,-0.9225050526637809,23.455649166293124,22.080357914869577,1.3752912514235476,6.232705864652192,38.11693210139366,-31.884226236741465,0.12241408448231972,0.001011766273074921,0.1214023182092448,191.60907231782488,21823.575762971228,-21631.966690653404,50.914940801214605,37673.65360534321,-37622.73866454199,0.0,0.1299111014778802,1.7763568394002505e-15,27.9936366371323,-0.10341523597685409,0.42132130331476514,-0.00385610953463994,-0.21554698704630404,16.24065695538292,-0.004506317953457739,0.5902873936436934,-0.06738959859614226,-7.513099090831993,46.359721486101854,10.558764987643208,9
25042010,transverse,4,11,0.811120510878336,0.17957147428927167,0.08150210673674399,1.247025518186867,-1.165523411450123,23.562942542327214,21.94283339666052,1.6201091456666923,7.683181130452853,61.400549383667894,-53.71736825321504,0.12241408448231994,0.00016131967950266946,0.12225276480281727,192.48555133155753,136020.80951504383,-135828.32396371226,62.76386547303323,380614.1294909519,-380551.36562547885,2.4868995751603507e-14,0.18876078485071446,9.769962616701378e-15,18.48213024642927,0.7204467461819277,2.9398444827025596,0.020316964293052353,1.0028344998774568,-13.616886259752356,0.02074475780047838,0.7759241969498455,0.20998748437773168,20.58908106266952,38.44219122067721,9.901973879220934,9
25042010,transverse,3,12,2.435371181678697,-0.013669438875096515,1.1576885201695246,1.2313026057828953,-0.07361408561337068,22.229342425997444,22.37008438584252,-0.14074195984507654,3.253967430848395,51.5707051810323,-48.316737750183904,0.08178015589621546,0.00016646010078247286,0.08161369579543298,271.81829359934187,134387.06501250624,-134115.24671890688,39.78920552533428,309808.2059221146,-309768.41671658924,0.0,0.21085296680038823,6.217248937900877e-15,11.77971176135722,-0.7264192723629428,-1.994206854339653,-0.020316964293051798,-1.1032460224538863,3.9099333727267265,-0.02017302275206065,0.4808489835123294,-0.25238701741962744,-11.557822228253862,22.146126269275946,6.767129686081487,9
25042010,transverse,2,13,2.517151337574914,0.09551062054270609,1.1049906249992298,1.2024027484828976,-0.09741212348366779,22.34858085439356,22.043681874842633,0.30489897955092715,2.813167439923243,53.54914143252945,-50.73597399260621,0.08178015589621457,0.0004594836040445749,0.08132067229217,273.27632980738827,47974.90417678572,-47701.62784697833,34.399144989322025,116542.00707308504,-116507.60792809572,2.4868995751603507e-14,0.0368511356056338,1.5987211554602254e-14,17.635846990568886,0.13304462840562792,-1.8004502931513362,-0.006039253273918632,0.36053229144626897,0.3637752241643497,-0.00614635048537282,0.4393019072474018,-0.2735496009475899,-11.217628995988253,19.1315400410326,6.4037223456418095,9
25042010,transverse,1,14,2.7258969160664597,-0.17531154602383675,1.1695533804625349,1.2029847729944687,-0.033431392531933835,22.201730025978424,22.17225468992403,0.029475336054392898,5.973268035300764,59.85602871865798,-53.88276068335722,0.09385866244405094,0.000538312684398301,0.09332034975965264,236.544283157805,41188.43068821064,-40951.886405052835,63.64109480956458,111191.93445267234,-111128.29335786279,7.105427357601002e-15,0.16731900145829215,1.7763568394002505e-15,16.17815872053523,-0.16871364838955216,1.77615316914157,0.006039253273918299,-0.40829515768584734,3.415501759081451,0.005873398793020956,0.929673476972307,0.33430323088814834,13.800782073095835,21.879148948450005,6.425124716641448,9
25042010,transverse,0,15,2.8197555785105126,0.25179554070840826,1.085024719251766,1.206052216220432,-0.12102749696866599,22.392306494342396,21.821664486412843,0.5706420079295533,5.581062292395146,69.44161318466627,-63.86055089227112,0.09385866244405072,0.00028543280295734164,0.09357322964109338,238.57474538048612,76451.1445787614,-76212.56983338093,59.46241025672004,243285.3283336338,-243225.86592337707,0.0,0.2329955894887732,7.993605777301127e-15,17.892200602180985,0.19057646836397168,-0.3922057429056185,-2.220446049250313e-16,0.5411666718751604,-9.977790208913902,0.00025287988144073736,0.9366041198946067,0.34662635559669785,12.307878296302878,18.84037801529215,5.958827399801714,9
25042011,dephasing,15,16,0.03752709197369284,0.040916437948226816,7.166716126039308e-15,0.6269723875712858,-0.6269723875712786,13.321738573072412,12.635765963445431,0.6859726096269814,1.9936818370395228,25.92465810059082,-23.930976263551294,0.07505418394738558,0.0016010637986911026,0.07345312014869448,177.49494928105815,7892.106469320828,-7714.61152003977,26.563233815680842,16192.145573327356,-16165.582339511675,7.105427357601002e-15,0.6005993046339739,4.440892098500626e-16,3.691532704238721,0.0,0.8646993998241121,-0.011940533805302106,0.37841998820180756,-3.498519709636639,-0.01111974064550278,0.2973472670561004,-0.090574215393504,-4.071818234238993,8.046585501580276,6.704893765387711,9
25042011,dephasing,14,17,0.22312808831767822,-0.014686739685632388,3.368811574029802e-15,0.6467693205311595,-0.6467693205311562,13.321738573072412,13.014185951647239,0.3075526214251738,1.1289824372154107,21.561438991130064,-20.432456553914655,0.08699471775268769,0.002421856958490426,0.08457286079419726,153.13272940253708,5373.639391056005,-5220.506661653468,12.977597564313392,8902.8540333652,-8889.876435800887,7.105427357601002e-15,0.6950997438378774,8.881784197001252e-16,12.16946556062239,1.7763568394002505e-15,-0.09737457526181248,0.005970266902651053,-0.26657521595625955,3.4341702955705458,0.005275403265299308,0.26163771796933494,-0.07300387540978485,-1.3593133498782717,2.6339146934191184,4.315059946164687,9
25042011,dephasing,13,18,0.31012280607036624,-0.228917498323851,2.971080576373519e-15,0.5957716533080232,-0.5957716533080202,13.321738573072409,12.859455507936524,0.46228306513588535,0.4590321879149235,24.261309623334036,-23.80227743541911,0.08699471775268769,0.0018529228435862632,0.08514179490910143,153.13272940253705,6940.092272297494,-6786.959542894957,5.276552413445146,13093.534740160672,-13088.258187747228,0.0,0.12420718672105835,3.885780586188048e-16,1.7541716442741588,-1.7763568394002505e-15,-3.656667748314315,0.014982247652621766,0.2307289371885739,-7.557169289405717,0.014709766225143181,0.1019908211002565,-0.12938677336613927,-2.6209213343090525,2.8316318838510144,4.500720584097437,9
25042011,dephasing,12,19,0.5459667551369698,0.29405545734160055,1.649436152219164e-14,0.6399918697820908,-0.6399918697820742,13.321738573072409,13.16618293860296,0.1555556344694491,7.102417435243066,19.160177173355198,-12.057759738112132,0.05703022244744416,0.00073902587372493,0.05629119657371923,233.5908576430501,17815.591316500366,-17582.000458857317,124.5377824326085,25926.260303690982,-25801.722521258373,0.0,0.3831255357797687,1.7763568394002505e-14,11.27461960058651,-5.329070518200751e-15,2.603750330318076,-0.01498224765262185,-0.4709901294004677,4.849101234409041,-0.014541679292915652,0.6519919562027491,-0.1331609666594649,-15.801737801715525,66.24607122615996,10.89341266816859,9
25042011,dephasing,11,20,0.6029969775844144,0.31173355081591103,1.7008394078532116e-14,0.6688556552953436,-0.6688556552953266,13.32173857307242,12.530930110468471,0.7908084626039482,8.538302021935056,18.54974653155829,-10.011444509623235,0.05703022244744432,0.0005062656232759921,0.05652395682416833,233.59085764304962,24751.690682417124,-24518.099824774075,149.71539046342403,36640.34388020426,-36490.62848974083,0.0,0.5253710275967318,2.6645352591003757e-14,8.334648470584195,8.881784197001252e-15,4.227801053452151,0.0039842037925448825,0.5502469137713417,12.402502654808053,0.004275058092737094,0.7058037048082956,0.037356674231007914,5.466928117292511,67.43567330048752,12.09727572095154,9
25042011,dephasing,10,21,0.7856117204569051,-0.07736071161038532,3.1106418693624494e-15,0.6434769931554702,-0.6434769931554671,13.321738573072412,12.996171109876649,0.3255674631957639,1.5185845017227453,34.28871909247319,-32.770134590750445,0.049061814862354725,0.0008552139732114772,0.04820660088914325,271.5296735444294,15196.39706198177,-14924.86738843734,30.952473038007398,40093.73112054412,-40062.778647506115,7.105427357601002e-15,0.5791316052983433,2.220446049250313e-16,15.62250492641169,-7.105427357601002e-15,-3.9191755713298133,-0.00398420379254491,-0.417903513342921,-17.541151795094542,-0.004551373335664771,0.31274535912286966,-0.04471003402719636,-1.0541470050859196,3.360245893958437,4.855657989559909,9
25042011,dephasing,9,22,0.8346735353192606,-0.03820950441112719,2.9398758010391617e-15,0.6434587384985138,-0.6434587384985109,13.321738573072418,12.625605082598996,0.6961334904734215,2.3372181241700605,22.783739205858627,-20.446521081688566,0.04906181486235495,6.982323690724046e-05,0.048991991625447706,271.52967354442825,180822.3972682905,-180550.86759474606,47.638232110394355,326305.9722671783,-326258.3340350679,1.0658141036401503e-14,0.04348754654354536,2.6645352591003757e-15,0.002266580349825631,3.552713678800501e-15,0.6856836016726353,-0.0773630265140269,0.445438258916397,7.755133709152506,-0.07605686957240793,0.5480777750599288,0.15612752219699833,2.83918423746156,2.623404322487464,4.264391351965517,9
25042011,dephasing,8,23,1.0384614032096704,-0.09880615873519422,2.2860102697289354e-15,0.6268196750938527,-0.6268196750938504,13.321738573072416,13.14591557315413,0.1758229999182852,1.784484543272105,25.417659534203803,-23.6331749909317,0.20378786789040898,0.0018967463838409637,0.20189112150656802,65.37061656799142,6930.771391024502,-6865.400774456511,8.756578896206655,13400.66323613194,-13391.906657235733,1.9539925233402755e-14,0.49703882576068814,1.9984014443252818e-15,8.687841204640783,0.0,0.11808693173445106,0.07284047699699919,-0.3273871906545516,-9.7727213408668,0.07558364811114984,0.4826060789992671,0.08293843337952693,1.133955032457545,2.050430052719511,3.697600633154925,9
25042011,dephasing,7,24,1.6811705559254309,-0.01883675668712395,2.9313513789593264e-15,0.6787737183094673,-0.6787737183094644,13.321738573072412,13.01145168240016,0.310286890672252,0.9955770989052475,8.26996331734648,-7.274386218441233,0.21283296692446463,0.009210011759075987,0.20362295516538864,62.59245814019196,1412.7508219061776,-1350.1583637659858,4.677739136430787,897.9318956022898,-893.2541564658591,1.4210854715202004e-14,0.5031805790079193,3.885780586188048e-15,7.252203128676596,3.552713678800501e-15,-0.5829572720849834,0.06669099437500434,0.2149739849330592,11.328214498292816,0.059550948495292494,0.3381808142886837,0.0035941850960900844,0.031149587799125134,0.9600241720654669,2.943919515361352,9
25042011,dephasing,6,25,1.8940035228498961,-0.005721438653612881,2.9320779407561812e-15,0.6418975492714084,-0.6418975492714055,13.321738573072404,13.306935761512303,0.014802811560100437,1.3725841987083567,14.944610641244754,-13.572026442536398,0.0884960772085116,0.0022431853748873243,0.08625289183362428,150.53479197370694,5932.1605385291505,-5781.625746555444,15.510113464965436,6662.227209820065,-6646.717096355099,0.0,0.5371610787326055,1.1102230246251565e-15,1.9387042904161458,-7.105427357601002e-15,0.6167379195410612,-0.062168444857976846,-0.19074813844502803,1.9814195843888118,-0.0595222293007317,0.4509974821712015,0.0647502095170805,0.5997509344926848,1.284236448051175,3.0434409347485323,9
25042011,dephasing,5,26,1.982499600058409,-0.35543372710308374,2.875129411777725e-15,0.6879150838853534,-0.6879150838853505,13.321738573072409,13.220923563734404,0.10081500933800491,0.5161154594293436,24.34862129483853,-23.832505835409187,0.08849607720851227,0.0005687901051889543,0.08792728710332331,150.5347919737059,23243.940854671444,-23093.406062697737,5.832071609380889,42807.74414447632,-42801.91207286694,7.105427357601002e-15,0.29018780709627734,2.4424906541753444e-15,4.1062197346673734,0.0,-14.813166316033225,0.03580719859963072,-0.17843315314562957,-15.792196083732666,0.03683963172438054,0.1663506651596697,-0.12705216321779672,-1.2230007295060945,1.4893758969680577,3.1025752673363653,9
25042011,dephasing,4,27,2.2294203940894164,0.06432725525454036,6.666635724840311e-14,0.7107363162210331,-0.7107363162209664,13.321738573072414,12.778045059665246,0.5436935134071685,29.28597935221678,31.794572413033425,-2.5085930608166436,0.0168816800092515,0.0009592610849902261,0.015922418924261272,789.1239832630304,13320.716601148728,-12531.592617885697,1734.7787267717122,33144.85796466702,-31410.079237895305,2.1316282072803006e-14,0.007990255902944554,3.197442310920451e-13,7.8657221903571255,1.7763568394002505e-15,13.0878708638019,-0.03580719859962994,0.12449214250895135,13.509636053630832,-0.036425773183987264,0.8894946313479977,-0.09912672249537974,-107.45424778445079,965.1228344029397,32.92429017568693,9
25042011,dephasing,3,28,2.246302074098669,0.07511447641588875,6.586337916553004e-14,0.5958360140214791,-0.5958360140214133,13.321738573072418,12.584150840613988,0.7375877324584295,31.88010151740042,40.08405391088618,-8.203952393485764,0.01688168000925061,0.00011258289607685157,0.01676909711317376,789.1239832630721,111776.75543204867,-110987.6314487856,1888.4436560775446,356040.35166695237,-354151.9080108748,3.552713678800501e-14,0.0005284653095500857,5.222489107836736e-13,17.920894688010204,5.329070518200751e-15,16.311381092529096,-0.015884998197648548,0.3305452542664389,4.78391584352816,-0.014637017682200493,0.949645747470073,0.044895515750969756,50.59633981871855,965.7445329410547,33.57051995686986,9
25042011,dephasing,2,29,2.457235660884413,0.0686539005722051,2.7837767747207064e-15,0.6390817177782486,-0.6390817177782459,13.321738573072412,13.0513471300956,0.2703914429768126,1.8514614975258672,25.318604910737072,-23.467143413211204,0.04865167640454682,0.001761865738059587,0.04688981066648723,273.8186956252017,7407.685414479749,-7133.866718854547,38.055451206463175,14370.337287233624,-14332.281836027161,1.5987211554602254e-14,0.41509699717563997,0.0,12.767681972778181,-7.105427357601002e-15,-15.734713256381802,0.015884998197648437,-0.39769206471356,-2.9921186993039157,0.014694092340374887,0.596791861222666,0.20659168429671376,1.9883664325668942,1.439543244253836,3.1023571496647446,9
25042011,dephasing,1,30,2.5058873372889607,0.1134111584213458,2.963360715027401e-15,0.6267598036240363,-0.6267598036240333,13.32173857307242,12.723159290150104,0.5985792829223158,3.292247990414918,36.038345024743734,-32.74609703432881,0.04865167640454615,0.0010293368654952229,0.04762233953905093,273.8186956252056,12360.539796686367,-12086.721101061163,67.66977489201751,35011.2254139517,-34943.55563905968,2.3092638912203256e-14,0.27976665483166663,2.6645352591003757e-15,1.0908848068363568,7.105427357601002e-15,1.1004439687699246,-0.08406444101457167,0.16416791330422686,-9.969324246467366,-0.08419001884352972,0.9879374502380628,0.7861590615348155,8.73044960075816,2.108447229632891,3.3324457835074317,9
25042011,dephasing,0,31,2.722667895722651,-0.02476735510200967,2.8066766752476154e-15,0.6962048361443258,-0.696204836144323,13.32173857307241,12.723307276813046,0.5984312962593652,2.5321465457641192,24.61854870827581,-22.08640216251169,0.21678055843368882,4.5652335014745304e-05,0.21673490609867407,61.452644412978614,278700.0330367226,-278638.58039230964,11.680690206076203,539261.5448985081,-539249.864208302,3.552713678800501e-15,0.31643975826281157,3.1086244689504383e-15,8.587216383834534,-8.881784197001252e-15,-0.7601014446507985,0.16812888202914267,-0.00014798666295057217,10.659694871817123,0.16911256655962315,0.9930197512801118,0.8276076708073525,5.381290121643282,1.0304760075818653,2.5499458016820924,9
25042011,transverse,15,16,0.03752709197369284,0.040916437948226816,2.5107825550119525e-15,0.5413383814554487,-0.5413383814554461,7.863949015530492,7.387581452486435,0.47636756304405736,0.7176219967956134,11.37677776129511,-10.659155764499495,0.07505418394738558,0.0016010637986911026,0.07345312014869448,104.77695715195932,4614.17056492434,-4509.393607772381,9.561385642387108,7105.761663336478,-7096.200277694091,2.6645352591003757e-15,0.24708516939125413,3.3306690738754696e-16,3.7953673969981896,-3.552713678800501e-15,0.22603791072177015,-0.011940533805302106,0.31896681789797654,-0.06408933076739842,-0.01111974064550278,0.2963762053361949,-0.030274869914804835,-0.17749540072040437,0.6924767310053278,2.4213212257764676,9
25042011,transverse,14,17,0.22312808831767822,-0.014686739685632388,3.62265951248947e-15,0.4374876265806187,-0.4374876265806151,7.863949015530496,7.706548270384415,0.15740074514608082,0.4915840860738433,11.08665051980594,-10.595066433732097,0.08699471775268769,0.002421856958490426,0.08457286079419726,90.39570698862967,3182.082345271128,-3091.6866382824983,5.650734881068752,4577.74786448015,-4572.097129599081,4.440892098500626e-15,0.40484967122706017,4.996003610813204e-16,6.693175294162716,-8.881784197001252e-16,-0.005833775108372352,0.005970266902651053,-0.13698505290087093,1.6737724920104249,0.005275403265299308,0.20596280924535645,-0.09226786243080606,-0.5256158780592458,0.7672707917403017,2.386761415204024,9
25042011,transverse,13,18,0.31012280607036624,-0.228917498323851,3.777428828835408e-15,0.48238477978949235,-0.48238477978948857,7.863949015530501,7.751544982480655,0.11240403304984614,0.27721372556881785,14.155735812554367,-13.87852208698555,0.08699471775268769,0.0018529228435862632,0.08514179490910143,90.39570698862973,4183.4148730542,-4093.0191660655705,3.1865581351375023,7639.679040901922,-7636.492482766785,0.0,0.1978734903994841,3.3306690738754696e-16,2.9948557518140078,4.440892098500626e-15,-1.836350652628057,0.014982247652621766,-0.03785461196046125,-3.4952140158122074,0.014709766225143181,0.09091415681831609,-0.12156192544798,-1.1302226304545278,1.2070700800982717,3.0491810656376113,9
25042011,transverse,12,19,0.5459667551369698,0.29405545734160055,8.862528047061672e-15,0.46906537303727525,-0.46906537303726636,7.863949015530498,7.720832470655964,0.14311654487453396,3.7355446703199062,13.907094378934493,-10.171549708614588,0.05703022244744416,0.00073902587372493,0.05629119657371923,137.89090552430284,10447.310094490285,-10309.419188965983,65.5011415002348,18818.14273814018,-18752.641596639947,2.6645352591003757e-15,0.13282544888521208,6.661338147750939e-15,0.3471952453005507,-8.881784197001252e-16,1.3606078351959456,-0.01498224765262185,-0.03550956061934096,-0.037251278167039104,-0.014541679292915652,0.6197705496059495,0.052106824487230925,1.8929563706852601,12.061337613270151,6.027302640783693,9
25042011,transverse,11,20,0.6029969775844144,0.31173355081591103,9.399244798061636e-15,0.474459131591071,-0.4744591315910616,7.863949015530496,7.619100837592592,0.2448481779379037,4.472659944679103,10.862734718588651,-6.390074773909548,0.05703022244744432,0.0005062656232759921,0.05652395682416833,137.8909055243024,15049.61128565314,-14911.720380128838,78.4261353495656,21456.591597701274,-21378.16546235171,9.769962616701378e-15,0.03931779989027273,8.881784197001252e-15,7.416517918973324,-1.7763568394002505e-15,2.042660223400242,0.0039842037925448825,0.08777801665870699,8.019970662829271,0.004275058092737094,0.791213877898198,0.28346177161150826,9.058128241475195,10.946558739261636,5.652908865249423,9
25042011,transverse,10,21,0.7856117204569051,-0.07736071161038532,7.924289735274416e-15,0.5516253619543969,-0.551625361954389,7.8639490155304985,7.692925237846639,0.17102377768385946,1.1244547722378164,19.772995937100866,-18.64854116486305,0.049061814862354725,0.0008552139732114772,0.04820660088914325,160.2865494803481,8995.322198675458,-8835.03564919511,22.919143439608344,23120.524870343066,-23097.605726903457,0.0,0.1374949064703257,1.1102230246251565e-15,4.639437101983379,3.552713678800501e-15,-2.4485091404482655,-0.00398420379254491,-0.06808046961328618,-9.805110885799184,-0.004551373335664771,0.2685721879709525,-0.1297702876904691,-2.2747683489413486,3.5391668837497465,4.186787845506293,9
25042011,transverse,9,22,0.8346735353192606,-0.03820950441112719,7.719915223571136e-15,0.5193758922127867,-0.5193758922127789,7.863949015530494,7.6305886988741065,0.23336031665638757,2.6732678806930608,13.970053664911244,-11.296785784218184,0.04906181486235495,6.982323690724046e-05,0.048991991625447706,160.28654948034728,109284.37346740706,-109124.08691792672,54.48774955009369,200077.42814144143,-200022.94039189134,9.769962616701378e-15,0.2770577748916967,3.9968028886505635e-15,6.809214262357161,-1.7763568394002505e-15,1.4862228269853868,-0.0773630265140269,0.0388341446385998,3.3272251613245345,-0.07605686957240793,0.7889197035072512,0.4343978646575893,4.98777709868766,2.158584063257521,3.3885170680979098,9
25042011,transverse,8,23,1.0384614032096704,-0.09880615873519422,1.6424138838302363e-15,0.4841906401906614,-0.4841906401906597,7.863949015530492,7.645920449178776,0.21802856635171608,1.2496353351775316,11.849116061399915,-10.599480726222383,0.20378786789040898,0.0018967463838409637,0.20189112150656802,38.588896860923484,4031.0715835901988,-3992.4826867292754,6.132039890861158,6247.074549526821,-6240.94250963596,2.6645352591003757e-15,0.08349745074535608,6.661338147750939e-16,1.1177459954138378,-4.440892098500626e-15,-0.5758356081398994,0.07284047699699919,-0.17163966624675986,-2.851992413065034,0.07558364811114984,0.5791662927269076,0.17548377979088645,0.8169528984033081,0.7446355725209535,2.1576451372779877,9
25042011,transverse,7,24,1.6811705559254309,-0.01883675668712395,1.536255259970108e-15,0.5151376078207975,-0.515137607820796,7.863949015530499,7.317972866989935,0.5459761485405643,0.9776740059418011,5.175864848038318,-4.198190842096516,0.21283296692446463,0.009210011759075987,0.20362295516538864,36.948923511090506,794.5671578300054,-757.6182343189149,4.59362109202181,561.9824364434468,-557.3888153514249,7.993605777301127e-15,0.18556273236284682,6.661338147750939e-16,0.9875761636202531,3.552713678800501e-15,0.00967130035513497,0.06669099437500434,0.29657808325585666,6.03777690129566,0.059550948495292494,0.4934467665742208,0.051411891207733124,0.20182320648813057,0.7540232554061586,1.9813160652148003,9
25042011,transverse,6,25,1.8940035228498961,-0.005721438653612881,2.581913570466498e-15,0.45477421967736564,-0.45477421967736303,7.863949015530499,7.5831814513128,0.2807675642176992,0.6863700759958007,10.558824836557772,-9.872454760561972,0.0884960772085116,0.0022431853748873243,0.08625289183362428,88.86211980901386,3380.541588852729,-3291.679469043715,7.755937863534873,4707.067438458199,-4699.311500594664,2.6645352591003757e-15,0.28043532845179886,2.1094237467877974e-15,0.2709108396515578,3.552713678800501e-15,0.01196469559765978,-0.062168444857976846,-0.06431449372537879,0.6140824330590444,-0.0595222293007317,0.3924921982508431,-0.026013368261618083,-0.0795520204673888,0.5506559016898712,1.748748329405366,9
25042011,transverse,5,26,1.982499600058409,-0.35543372710308374,3.0340575981802784e-15,0.5191341737229638,-0.5191341737229608,7.863949015530492,7.719761048184901,0.1441879673455917,0.3711367548544807,17.146020299999996,-16.774883545145517,0.08849607720851227,0.0005687901051889543,0.08792728710332331,88.86211980901312,13572.24919660015,-13483.387076791138,4.19382154058668,30144.723235478963,-30140.529413938377,2.6645352591003757e-15,0.08823363808893703,6.661338147750939e-16,8.047646697994567,-5.329070518200751e-15,-6.804043287616067,0.03580719859963072,-0.189749388094552,-9.826596138311707,0.03683963172438054,0.14140941279721947,-0.13269720078491698,-0.9140565308252585,1.051799021629174,2.624554812250653,9
25042011,transverse,4,27,2.2294203940894164,0.06432725525454036,3.947643741742279e-14,0.5219259646322766,-0.5219259646322371,7.863949015530495,7.476841868867907,0.38710714666258816,13.663990008945296,17.688110062050946,-4.02412005310565,0.0168816800092515,0.0009592610849902261,0.015922418924261272,465.8273946207305,7794.376302614307,-7328.548907993576,809.397524503317,18439.307440717424,-17629.909916214106,7.105427357601002e-15,0.24766563309260015,1.4210854715202004e-13,6.082112206157197,-1.7763568394002505e-15,5.951303024843134,-0.03580719859962994,0.1724820323459917,7.600448348424008,-0.036425773183987264,0.8578634884145929,0.028514931924286772,7.234208845401923,179.47041411916044,15.927930484834773,9
25042011,transverse,3,28,2.246302074098669,0.07511447641588875,3.955953577150599e-14,0.5452177111619327,-0.5452177111618932,7.863949015530501,7.5788867542429,0.28506226128760126,15.054237213349843,21.52849047126364,-6.474253257913798,0.01688168000925061,0.00011258289607685157,0.01676909711317376,465.82739462075534,67318.27851603129,-66852.45112141054,891.7499446204769,191223.45597299095,-190331.70602837048,1.0658141036401503e-14,0.010332353774835212,5.329070518200751e-15,2.3177778872133743,7.105427357601002e-15,6.953466019110962,-0.015884998197648548,-0.07136299920875366,-0.3644693217802848,-0.014637017682200493,0.980807530781462,0.20503870756558282,48.304298808676776,178.32575926713662,15.348818948561222,9
25042011,transverse,2,29,2.457235660884413,0.0686539005722051,2.6410854905812494e-15,0.5073235839882508,-0.5073235839882482,7.863949015530494,7.538205641200372,0.3257433743301217,2.5375523795324666,10.733000198693844,-8.195447819161377,0.04865167640454682,0.001761865738059587,0.04688981066648723,161.63778099115115,4278.535803473027,-4116.898022481876,52.15755277232987,6091.8377415719115,-6039.680188799582,9.769962616701378e-15,0.2107266729609636,1.3322676295501878e-15,6.865302135451695,-3.552713678800501e-15,-5.8948114184045926,0.015884998197648437,0.11379119756898648,7.985892659453725,0.014694092340374887,0.9271990561282929,0.5751151521495841,4.307634824701351,2.1315372541695305,2.7367935318318044,9
25042011,transverse,1,30,2.5058873372889607,0.1134111584213458,1.940110563692047e-15,0.47020282560034066,-0.4702028256003387,7.863949015530495,7.725106923295826,0.13884209223466915,1.8104903825242746,27.69891808184068,-25.888427699316406,0.04865167640454615,0.0010293368654952229,0.04762233953905093,161.63778099115336,7504.935635992411,-7343.297855001258,37.21331958779322,26909.47833536934,-26872.265015781544,1.2434497875801753e-14,0.7501107986329245,1.7763568394002505e-15,6.459593072115922,0.0,-0.18462411879956075,-0.08406444101457167,-0.10270678358775065,-14.664753568948491,-0.08419001884352972,0.9373134609887979,0.695878639813112,2.596308182423162,0.6815672427897269,1.9315740762053462,9
25042011,transverse,0,31,2.722667895722651,-0.02476735510200967,1.1858927339073396e-15,0.49644105279082185,-0.4964410527908207,7.863949015530496,7.706594638215778,0.1573543773147179,1.452676623115204,15.704577064689655,-14.25190044157445,0.21678055843368882,4.5652335014745304e-05,0.21673490609867407,36.27608062434255,168810.5249321117,-168774.24885148735,6.70113885493825,344003.80746389454,-343997.1063250396,4.440892098500626e-15,0.030634464442949927,1.7763568394002505e-15,17.125371439508015,8.881784197001252e-16,-0.3578137594090707,0.16812888202914267,0.018512285080048763,11.636527257741955,0.16911256655962315,0.9359371485668353,0.6421062275043251,1.5468614163074585,0.5634079550379311,1.5521091617526146,9
25042000,dephasing,31,32,0.04659378773055879,0.07724022316920326,7.177215251701742e-15,0.1778649622103633,-0.1778649622103561,3.6141953508772553,3.493498527283504,0.12069682359375111,11.38944813561832,16.424107048544755,-5.034658912926435,0.0020066002786213698,1.2455165365958532e-05,0.0019941451132554112,1801.1536175806673,280485.92087196663,-278684.767254386,5675.992501826729,1318658.2888280086,-1312982.2963261819,2.930988785010413e-14,0.01853967238351384,3.019806626980426e-14,0.07058002250258255,-0.0014912474851205282,-0.0021660240322560753,-2.8102520310824275e-16,0.02802594235710476,0.8353710125574239,6.327751695300518e-05,0.9515077916535505,0.012330759849459867,1.7667313042975366,127.95279752964242,11.969894766521573,11
25042000,dephasing,30,33,0.04860038800918044,0.17832249408455741,7.463674318283652e-15,0.17623740698699505,-0.1762374069869876,3.615686598362376,3.5230157171257295,0.09267088123664635,11.391614159650576,17.261644085134435,-5.870029925483859,0.002006600278621651,7.573268231924474e-05,0.001930867596302406,1801.896788754569,46519.09333244997,-44717.196543695405,5677.0719515077335,227928.59775346963,-222251.5258019619,2.2648549702353193e-14,0.007354960652411702,1.7763568394002505e-14,5.141993230949518,0.0010561833516575803,1.9351310542178517,1.8102773265622416e-05,-0.03193644993561784,-1.9923553079899987,-9.63049922102048e-06,0.9519289652379221,0.01267830152806185,1.8156098343571898,127.95326332799411,11.966874184570466,11
25042000,dephasing,29,34,0.0708125500235878,0.12307328643041532,4.8039880403380274e-15,0.21126021446737875,-0.21126021446737395,3.6150654791441807,3.4865476403934035,0.12851783875077727,7.523518075247129,10.244208397308414,-2.7206903220612855,0.001970394732090687,8.354365429924515e-05,0.0018868510777914418,1834.6909988479395,41733.24317254465,-39898.55217369671,3818.2796333729034,122621.0235024514,-118802.74386907849,1.7763568394002505e-15,0.11148837893754582,8.881784197001252e-15,8.39664646668195,-0.0005392107019832615,-1.9437322424787347,-1.810277326550272e-05,0.05488862174043474,6.780400456379523,0.00010012120960932111,0.9241532274014435,0.012052718621345564,0.7988017104339207,55.804522518136274,8.140985555395327,11
25042000,dephasing,28,35,0.07278294475567891,0.16668438762154633,5.626883243713168e-15,0.2559288575315789,-0.2559288575315733,3.615522781329952,3.5609352285459135,0.054587552784038706,7.542886475801149,20.675038107198905,-13.132151631397756,0.0019703947320907286,0.0003278025920288932,0.0016425921400618354,1834.92308543356,10863.047807236511,-9028.124721802951,3828.1093391868803,63071.61264111225,-59243.503301925375,4.440892098500626e-15,0.013357706282527193,3.552713678800501e-15,1.7314348451000257,0.13955972587572774,3.062399498072123,-0.00043188306742332136,0.0682866655357286,-2.856955319707934,-0.0005132446304314843,0.9269563716522946,0.016486949305594686,1.091683779140503,55.803452607683425,8.137261586924527,11
25042000,dephasing,27,36,0.2619864687735262,-0.7513041974518528,1.0558583769630626e-14,0.2097016697564451,-0.20970166975643456,3.336860631764268,3.492776696018425,-0.15591606425415705,1.437455880210922,19.26715818152928,-17.829702301318356,0.002834160866937413,0.0004093384037422154,0.0024248224631951976,1177.371641352903,8532.736396309478,-7355.364754956575,507.1892343797102,47069.021634390665,-46561.83240001096,8.881784197001252e-15,0.17781928382162082,2.531308496145357e-14,7.549471321284528,-0.138849841028593,-3.5618980677101204,0.0004318830674234532,-0.17127283805753368,-6.143665630132242,0.0004174718956812748,0.4541468065914331,-0.219870428487954,-2.202740520295398,4.269019927848396,3.1651788790493987,11
25042000,dephasing,26,37,0.26482062964046377,-0.5857374243724034,1.0962877492695e-14,0.21409773809671512,-0.21409773809670415,3.33589816425577,3.3597721694330556,-0.02387400517728544,2.455821420040935,12.695743131015409,-10.239921710974473,0.002834160866937191,0.0004620518719711808,0.00237210899496601,1177.032046124042,7271.417720048999,-6094.385673924958,866.5074197763805,27476.87846573051,-26610.371045954133,4.884981308350689e-15,0.1679330037265121,1.865174681370263e-14,2.2339548540601353,0.009913117538542515,1.1304090146717916,-0.00016599331143449247,0.09837134746555165,2.6030463874681207,-0.00022527300699125286,0.7763057620342292,0.1760731442064302,1.762061516870749,4.268997330261065,3.1634718433696745,11
25042000,dephasing,25,38,0.2812054412565677,-0.46029967445888387,1.3642816413638831e-14,0.24312813521421847,-0.24312813521420482,3.3151094616701875,3.4036841027017046,-0.08857464103151713,1.213368930527365,9.069602826094194,-7.856233895566829,0.003166147489805954,0.00039620594908662543,0.0027699415407193284,1047.0483362963496,8590.694083590179,-7543.645747293829,383.2319670621944,22891.132369421437,-22507.900402359242,7.993605777301127e-15,0.22164876683259394,4.063416270128073e-14,1.9823943994403752,-0.010176631628967758,-1.2002006515798729,0.0001659933114343537,-0.016778433860767272,4.438970190538219,9.690160918326973e-06,0.3912583701818699,-0.24066205351143805,-2.3145473805438197,3.7868115421128876,3.101196097001909,11
25042000,dephasing,24,39,0.2843715887463742,-0.547517826057768,1.3702697825721934e-14,0.24052283137487962,-0.2405228313748659,3.3146740223425404,3.4343924315067547,-0.11971840916421428,2.371317744173541,16.721804205409164,-14.350486461235622,0.0031661474898060094,1.775372517001661e-05,0.0031483937646359927,1046.9108065921564,193446.29921989163,-192399.3884132995,748.959974798531,941875.8060787036,-941126.8461039051,7.549516567451064e-15,0.014015180186511156,4.3520742565306136e-14,8.44887571504004,0.06846518665663925,0.7662062103013432,-0.001443266297549109,0.07729606437342174,-6.527424648346264,-0.001188647170419041,0.7641062464191505,0.19067313091172355,1.8363755425973878,3.7867723012349934,3.103387461215405,11
25042000,dephasing,23,40,0.6293356210701316,0.16502413161884677,1.0188720288469437e-14,0.19871492827138224,-0.19871492827137205,3.1773082097016143,3.482762515745369,-0.3054543060437549,1.9968541372170305,9.78674386742892,-7.789889730211889,0.006052680084904283,0.0001485397555135437,0.005904140329390739,524.9423668741383,23446.669234808418,-22921.72686793428,329.91238743929233,65886.36041303148,-65556.44802559218,3.1086244689504383e-15,0.1410559254085273,7.971401316808624e-14,0.9195366102512672,-0.06887827211494679,-0.6741759214282999,0.0014432662975490812,-0.07449577765127002,5.250754000777701,0.0017842538466333324,0.499593556008174,-0.17360946539950856,-2.773527195116326,6.760953640437385,3.9969573530376588,11
25042000,dephasing,22,41,0.6353883011550364,0.6326899225480218,1.0073809490123083e-14,0.31381606276075835,-0.3138160627607483,3.177698941290582,3.5198975889113373,-0.34219864762075547,2.97074237311712,14.701543373860677,-11.730801000743558,0.006052680084904394,0.0009613008840255732,0.0050913792008788206,525.0069220106114,3661.5982023976776,-3136.591280387066,490.81437172373614,15293.383807467273,-14802.569435743537,0.0,0.15267890202385725,1.212363542890671e-13,6.765500822133378,-0.0019073797813780047,0.990580316578993,-0.0001728959662845586,-0.11999191926071284,-3.1063107536315453,-0.000982261545414892,0.7399899950115714,0.12807744099643045,2.0641959781308428,6.761114269302985,4.014570998450749,11
25042000,dephasing,21,42,0.6523641195267385,0.3447342465145531,1.0670574491056223e-14,0.21361213611945962,-0.21361213611944896,3.1819044324423054,3.3208635831186357,-0.13895915067633036,1.9634699758592231,11.42256073987136,-9.459090764012137,0.006398472017473622,0.00015533085427693605,0.006243141163196686,497.2912945079427,21379.29131064933,-20882.000016141385,306.86544701565816,73536.97237450533,-73230.10692748967,2.220446049250313e-15,0.14140872183601605,1.7985612998927536e-14,4.003848963754464,0.0018947414905232662,-1.1938247818150711,0.00017289596628464188,0.1271615996233837,-0.07689079757267514,0.0005476696281961069,0.47328321553050956,-0.21580391024785295,-3.7142029711181395,7.569417317218804,4.148615271848072,11
25042000,dephasing,20,43,0.6587625915442124,0.27192588844470944,1.0772865431496584e-14,0.20340680862953997,-0.2034068086295292,3.1823204406129824,3.372363293591655,-0.19004285297867263,3.343847142231468,10.377446074366834,-7.033598932135366,0.0063984720174735665,9.890814835122885e-05,0.006299563869122338,497.3563113071986,34095.90968800859,-33598.55337670139,522.6008855082537,104920.03184121789,-104397.43095570964,1.3322676295501878e-15,0.1813771496614005,2.042810365310288e-14,2.3093121205528995,-0.2970644258238475,1.2123869833268013,0.0005324679850725877,-0.29267943098002913,3.1311842611164735,0.0005291884995403673,0.8067829637858422,0.21005795361666726,3.608431994120245,7.572881716489377,4.144667515710075,11
25042000,dephasing,19,44,1.0687765868124623,-0.27966730593952205,1.9460832313905616e-14,0.22178724121987542,-0.22178724121985596,3.7768653004313544,3.432632993752311,0.34423230667904336,2.29945034195011,13.169925964441653,-10.870475622491544,0.0053335360473283355,3.5926471361080736e-05,0.005297609575967255,708.1353284043621,95546.06571996641,-94837.93039156205,431.1305523287775,366580.00258574454,-366148.87203341577,8.881784197001252e-16,0.04103140825588447,2.2382096176443156e-13,2.430103944096974,0.29733367131505606,-1.2248213099073886,-0.0005324679850726155,0.25154293507502556,-2.179272864254017,-0.00040820445376199554,0.5647215516930059,-0.24233341508722334,-4.0178400965626,9.30531197165643,4.0718303295780665,11
25042000,dephasing,18,45,1.074110122859791,-0.025214000864461683,1.9272391081648878e-14,0.21094685786507594,-0.21094685786505668,3.7767428176196143,3.401321221432906,0.37542159618670823,3.7046961614835294,14.053502745823216,-10.348806584339687,0.0053335360473283355,0.00022147185699217253,0.005112064190336163,708.1123637500215,15357.803323756476,-14649.690960006454,694.6041291572931,63455.027364131005,-62760.423234973714,8.881784197001252e-16,0.049597812335752334,1.9184653865522705e-13,5.604448498932108,0.004116780651348684,1.344424712665592,-0.0002316093412843001,0.07800474349352071,-0.10879089931624364,-0.00011228571043769842,0.9080604249087865,0.26528739295102455,4.415626237356914,9.309147411552742,4.079790352999369,11
25042000,dephasing,17,46,1.088164822524667,-0.0019399843253394,1.5257469845552815e-14,0.1977098621798965,-0.19770986217988124,3.768386773505177,3.517785374797845,0.25060139870733167,2.421092555685765,12.030648303241108,-9.609555747555342,0.005796754729896936,0.0006456645043164677,0.005151090225580468,650.0855994595751,5448.317742853073,-4798.232143393498,417.6634459275822,18632.971493418776,-18215.308047491195,3.9968028886505635e-15,0.13883481782381457,5.417888360170764e-14,0.9793692607327511,-0.003956743232128801,-1.380355400775073,0.00023160934128407806,-0.10525973963503943,-0.08270807837620353,-0.00026623534214148536,0.5739072525887926,-0.24473388497489654,-4.3554543175340905,10.217143480731664,4.218612928769873,11
25042000,dephasing,16,47,1.0939615772545648,-0.1272728783641812,1.5006097279623132e-14,0.19838220086512354,-0.19838220086510852,3.7679442158549974,3.4316435353569634,0.33630068049803397,3.8981997514381463,12.603088505456736,-8.70488875401859,0.00579675472989738,7.416778478963604e-05,0.005722586945107744,650.0092536986987,46268.65350084569,-45618.64424714699,672.4796775224534,169926.72143577153,-169254.24175824906,1.7763568394002505e-15,0.17861686548429567,1.3811174426336947e-13,1.3244941593395723,0.3165077110854755,1.725513970515149,-4.717147322547133e-05,0.4158191471674708,1.9211404718847511,0.00040160241529724194,0.9212346162157387,0.27823358367338746,4.98192552823129,10.214035773882125,4.231495085857017,11
25042000,dephasing,15,48,1.4275616977982155,0.005452990828776483,9.481760220017096e-15,0.24237032986314494,-0.24237032986313545,3.134486236033867,3.5441245680800724,-0.40963833204620537,1.9242790061602295,13.56678171041157,-11.64250270425134,0.005891097676348767,0.0004002188423082309,0.005490878834040536,532.0716797173502,8855.466543353159,-8323.394863635809,326.6418436560154,33898.408261255805,-33571.76641759979,1.4210854715202004e-14,0.027507738638240298,9.658940314238862e-14,9.689429143568123,-0.31640819640940165,-1.630532460237749,4.717147322558235e-05,-0.4830560099810237,-4.302192858245198,-0.00013979168112049356,0.533536685235526,-0.2343912956628897,-3.0489407910907507,6.7517904846393,3.606647976437933,11
25042000,dephasing,14,49,1.4334527954745648,0.29063541288859945,9.472644659873535e-15,0.19433999155317444,-0.19433999155316498,3.1338446490315404,3.3233099736599376,-0.18946532462839727,3.2114231813578105,9.187154119351504,-5.975730937993694,0.005891097676348989,0.00035234359113467395,0.005538754085214315,531.9627718299423,9432.014820981067,-8900.052049151125,545.1315455608083,26074.41812625438,-25529.28658069357,1.2878587085651816e-14,0.126158534550048,1.1191048088221578e-13,2.97621568371728,0.005511540611120136,1.3951124073546415,0.00019662146021232063,0.15924338801158133,3.4355526903815097,0.0003849360050411921,0.8906322939374948,0.2738620113042544,3.560655791714007,6.752583058047808,3.605778954140542,11
25042000,dephasing,13,50,1.458412911542341,0.2251259949977165,1.1532604463079344e-14,0.2182938281733488,-0.21829382817333726,3.1221799808069735,3.4099590740407253,-0.28777909323375184,1.7083425418461085,8.888407094345176,-7.180064552499068,0.005497854755924569,0.0006810974296188599,0.0048167573263057095,567.8905899510106,5006.565765413222,-4438.675175462211,310.72893295428975,13050.12573504954,-12739.39680209525,2.2648549702353193e-14,0.18156927500706477,3.1596947280831955e-13,1.5245976802836303,-0.00551039204780146,-1.4310589113783827,-0.00019662146021232063,-0.012872628127701846,-0.5984739545145121,-0.0005506370464692378,0.4983320829195453,-0.2497211488644008,-2.934725866054652,5.8531601063356415,3.428120725917317,11
25042000,dephasing,12,51,1.4639107662982658,-0.16916662790321216,1.1565001531720045e-14,0.228999065586921,-0.22899906558690944,3.121536096678009,3.4818837022617117,-0.3603476055837027,3.0673797250911714,10.254829983066589,-7.187450257975417,0.0054978547559247914,0.0003018200955892114,0.00519603466033558,567.7734744291071,11536.288514733915,-10968.515040304808,557.9230192986807,33976.63089015717,-33418.70787085849,2.042810365310288e-14,0.0063804025382756535,3.0020430585864233e-13,2.676285650448154,-0.27377881014788086,1.2578320308523305,0.0005577160143365734,-0.24440311092827227,3.2318181462281768,0.0006220259539278516,0.89594323206463,0.30348728390673757,3.557251718224914,5.851566659674828,3.423631783034437,11
25042000,dephasing,11,52,1.6720595812293475,-0.2931208456370018,1.2713941276813703e-14,0.19165566861307454,-0.19165566861306182,3.6684498328448063,3.6125597289219153,0.055890103922890955,1.9107528466315733,15.569225102539693,-13.65847225590812,0.004382422727251867,5.1162640742119514e-05,0.004331260086509747,837.0826050240984,70609.32892675894,-69772.24632173484,436.0037736089804,304308.4734624022,-303872.4696887932,3.552713678800501e-15,0.22822588395976062,1.3322676295501878e-15,7.641566284781517,0.2795198572048134,-1.2105735243761213,-0.0005577160143364623,0.04926287761823911,-5.440896905431355,7.404617200817976e-05,0.5533666545961322,-0.24974433622524023,-2.9776846883419963,6.628661129252322,3.4529598608105956,11
25042000,dephasing,10,53,1.6764420039565997,0.46343244789582116,1.2670382740459983e-14,0.20246342907347142,-0.20246342907345877,3.6563238546019763,3.28272179640897,0.3736020581930064,3.1752730169242174,12.422973459902327,-9.24770044297811,0.004382422727251867,0.0010640295585843118,0.003318393168667555,834.3156473393855,3085.1791380463355,-2250.86349070695,724.5474055204552,11675.402586025013,-10950.855180504557,0.0,0.15787351598487565,1.2567724638756772e-13,3.191289164604834,-0.004861245236853495,1.0530132672893364,0.0004233006066294842,0.20270812982935982,3.096454602915527,-0.00043560150522858887,0.9211141598911363,0.2905811376896652,3.453048261345331,6.629310470661475,3.447208994484961,11
25042000,dephasing,9,54,1.6886100349699211,0.015715391708025633,2.4085737412247992e-14,0.22706548457997933,-0.22706548457995523,3.6539203668328533,3.368022614028451,0.2858977528044022,2.3337666526381886,13.363604488517343,-11.029837835879153,0.0035358215139928983,0.00035909225271035794,0.0031767292612825404,1033.400682803864,9379.268387461096,-8345.867704657232,660.0351978747749,37214.96185910856,-36554.92666123378,7.549516567451064e-15,0.006087317261620928,9.383605004131823e-13,3.8634137213823987,0.005582909287804139,-1.0572419074305066,-0.0004233006066294287,-0.015169639009629199,0.11626305192600128,-0.0002176301370546141,0.6047817136699939,-0.23500850747983548,-3.4994608690040216,8.945927657972268,3.8588578323188267,11
25042000,dephasing,8,55,1.6921458564839151,0.02383404437798843,2.4019005032706947e-14,0.21747656408244176,-0.21747656408241775,3.640351060488122,3.4118183350530655,0.22853272543505643,3.606744103213173,16.651245435845375,-13.044501332632201,0.0035358215139927873,6.549588598603329e-05,0.003470325628006754,1029.563015576908,52092.10141505103,-51062.53839947412,1020.0583058108884,254233.4558142504,-253213.39750843952,1.021405182655144e-14,0.12545431394570095,9.028333636251773e-13,12.1883659576982,0.11784609701075421,1.8151295896770283,0.0006112054574688441,0.04953488260113326,0.383966875782221,0.0008463917146480093,0.9355031720139235,0.2736167910851212,4.067081519049438,8.941521507017976,3.85540553053315,11
25042000,dephasing,7,56,1.9644309918628968,-0.49754096450343244,4.8751232364971805e-14,0.2419081946926348,-0.24190819469258606,3.3910895601218822,3.318991627258438,0.07209793286344413,1.2494623744341011,17.07656095538379,-15.82709858094969,0.002313410599054988,0.00024227203362003902,0.002071138565434949,1465.8398995436082,13699.441812023964,-12233.601912480357,540.0953790669489,70485.0687891008,-69944.97341003385,3.9968028886505635e-15,0.08079816630034031,8.331113576787175e-13,3.350106339604004,-0.12527751455525937,-1.640249507082235,-0.0006112054574687331,-0.04082236709783471,-2.155466599289573,-0.0006505206916178063,0.5126791804731918,-0.24500348791090257,-1.4552153576323816,3.0163715827577744,2.4371232966402703,11
25042000,dephasing,6,57,1.9667444024619518,0.46365890923314557,4.8702783827382593e-14,0.2241745747530121,-0.2241745747529634,3.3923830888661612,3.39507521437866,-0.0026921255124987553,2.172679659819499,16.47144229050753,-14.29876263068803,0.002313410599054655,0.0003404177129558983,0.0019729928860987567,1466.3990431497177,9973.262510045997,-8506.86346689628,939.1673318637584,48385.97306668773,-47446.805734823974,1.3322676295501878e-15,0.021611212745856534,8.060219158778636e-13,4.858123405287834,0.01710365943140335,1.044629538686108,-0.00011769056916105525,-0.060090463228414936,-1.184243676347334,-0.0002876743640072843,0.8925080970566679,0.2878469037059628,1.7058020412401884,3.0147348629513138,2.434352883726408,11
25042000,dephasing,5,58,1.9761806190048723,-0.047486139244643566,2.2543184923758536e-14,0.28282269995125275,-0.2828226999512302,3.359469298747634,3.3167705561792458,0.04269874256838824,1.006637867832681,11.408577195564384,-10.401939327731702,0.0025487917373764324,9.859580259929945e-05,0.002450195934777133,1318.063476698831,33640.0786720997,-32322.01519540087,394.94708534674214,115710.57686836502,-115315.62978301829,8.970602038971265e-14,0.25955078027253453,3.6060043839825084e-13,0.8093193395029221,-0.01776899078918781,-1.0417079694872118,0.00011769056916077769,0.15557867221556054,4.793667939016709,0.0002163250394111027,0.45995457034255804,-0.25579241329807356,-1.225192443498969,2.2385122404539635,2.1885593333339544,11
25042000,dephasing,4,59,1.97872941074225,0.09163904430624864,2.2356048932945413e-14,0.22663934807806047,-0.22663934807803812,3.3620934902074824,3.5851612239893282,-0.22306773378184586,1.9240120148202864,18.016463917629075,-16.09245190280879,0.0025487917373766544,5.4042832743350644e-05,0.002494748904633304,1319.0930592343802,66339.25429141095,-65020.16123217657,754.8721955606215,333373.78895716375,-332618.91676160315,9.015010959956271e-14,0.17924586675778897,3.352873534367973e-13,3.188749073926875,-0.24631271482714734,1.2225372420284601,0.0007070622803587168,-0.49024369927447475,-3.5148841754855873,0.0007353546339753381,0.879293010473747,0.3051791821845868,1.4611783288336575,2.2406439043398056,2.1881352312624793,11
25042000,dephasing,3,60,2.8428147436945475,-0.37654043188964376,2.9001930467945116e-14,0.23733362859355572,-0.23733362859352672,3.8573431113216254,3.365689922904756,0.49165318841686956,0.3963116777509713,15.149507804665674,-14.753196126914704,0.001134667176659443,6.607457012064444e-05,0.0010685926065387985,3399.537054273459,50937.74982961523,-47538.21277534177,349.27570472052145,229278.9461513627,-228929.67044664218,3.4638958368304884e-14,0.33671681233858886,5.828670879282072e-15,1.354925312330515,0.24760564475687818,-1.0055695104573426,-0.0007070622803586057,0.4364489461666361,-1.5748040657930584,-0.0007078307312708421,0.44732467265307985,0.05312495568340905,0.04169909352202382,0.11536385239977286,0.8859598005190682,11
25042000,dephasing,2,61,2.843949410871208,0.3049018975847373,2.891310545673909e-14,0.2345510492992457,-0.23455104929921677,3.857381442922012,3.5239052246396994,0.3334762182823128,0.8797503615963416,11.14408258103084,-10.264332219434499,0.001134667176659443,7.65694056734656e-05,0.0010580977709859773,3399.5708365147852,46022.36616106941,-42622.79532455462,775.337808031428,145542.2369158171,-144766.8991077857,3.019806626980426e-14,0.26146896257280794,1.4988010832439613e-14,2.750305669409613,0.007439895846204969,0.4781219139808752,1.366538454794508e-05,-0.15279416086976028,2.9486037009940773,-7.580504960968959e-06,0.9927636550313536,0.8386112407538876,0.6585486272529019,0.11541207147597879,0.8861629423455775,11
25042000,dephasing,1,62,2.8734450863391685,-0.31508147386663565,2.8700915990816844e-14,0.23587481486494563,-0.23587481486491693,3.8425399828299884,3.361652412942712,0.48088756988727654,0.40694521747996143,12.07962093142241,-11.672675713942448,0.0011073364075635528,4.4572462208458674e-05,0.0010627639453550941,3470.0746372862804,75419.939720197,-71949.86508291072,367.49917613144663,271010.8513846026,-270643.35220847116,4.884981308350689e-14,0.08288491762387995,1.3655743202889425e-14,7.716061189869819,-0.007436846802490127,-0.4664829595002858,-1.366538454794508e-05,0.11541158269480434,3.7586162228996347,3.765286896850739e-05,0.4659273031154284,0.0735316777315644,0.05609317873684867,0.10951123129295869,0.8734092523853193,11
25042000,dephasing,0,63,2.874552422746733,0.18871847023625873,2.857523074949529e-14,0.2280634175153501,-0.2280634175153215,3.842572216342945,3.4450964602403134,0.39747575610263164,0.8671059923641529,21.465357646613818,-20.598251654249665,0.0011073364075635528,0.0001152120257763567,0.000992124381787196,3470.103746338179,29902.229711052445,-26432.125964714265,783.0556156570582,186311.7804063371,-185528.72479068002,4.973799150320701e-14,0.18545493373363353,3.1086244689504383e-15,2.767382185963548,3.223351295655874e-05,0.46016077488419144,0.0,-0.0834118137846449,-8.925575940307217,-7.063956356789802e-05,0.9930919606402424,0.8416954218508252,0.6416828137698037,0.11018998822402613,0.8731376616976513,11
25042000,transverse,31,32,0.04659378773055879,0.07724022316920326,2.1638897817613714e-13,0.3089539377874806,-0.3089539377872642,7.229616010568863,7.262672399731759,-0.03305638916289588,58.301808506717066,31.380524441404887,26.92128406531218,0.0020066002786213698,1.2455165365958532e-05,0.0019941451132554112,3602.9178743740404,583105.2568423955,-579502.3389680214,29055.018644158263,2519478.7479234636,-2490423.7292793053,5.950795411990839e-14,0.01880577302159203,3.844036200462142e-12,13.46856886333082,-0.039411132533827775,-4.720710565968211,-2.8102520310824275e-16,-0.6338116573631805,-5.1812414374539415,6.327751695300518e-05,0.8776881841755982,-0.069689192363889,-307.50273392921963,3706.6036090828943,66.42656191330325,11
25042000,transverse,30,33,0.04860038800918044,0.17832249408455741,2.1759623805629224e-13,0.28964618978061996,-0.28964618978040235,7.269027143102691,6.668271874902406,0.6007552682002846,63.02251907268528,30.919993569919157,32.10252550276612,0.002006600278621651,7.573268231924474e-05,0.001930867596302406,3622.558623432387,88050.12143624952,-84427.56281281714,31407.610047764934,408278.0725972247,-376870.4625494597,4.973799150320701e-14,0.5435261571691061,4.007461029686965e-12,24.59486499369169,0.013586239435130487,-6.853673607970812,1.8102773265622416e-05,0.47424773881335636,-9.128261231128874,-9.63049922102048e-06,0.9438874220291561,0.059472641401541036,265.13578427198763,3706.7021259947373,66.7691057236448,11
25042000,transverse,29,34,0.0708125500235878,0.12307328643041532,1.8875416504145986e-13,0.28167651755265743,-0.2816765175524687,7.281265796766258,6.995194348829505,0.2860714479367523,81.4505768545951,25.910287452117288,55.54028940247781,0.001970394732090687,8.354365429924515e-05,0.0018868510777914418,3695.3335685385596,83731.0075493395,-80035.67398080094,41337.18768531825,310140.7003254752,-268803.51264015696,2.5757174171303632e-14,0.147366277764319,4.945377440890297e-12,0.43104223610028214,-0.016372644845717765,6.472118180008252,-1.810277326550272e-05,-0.2372446635062837,12.530648226986997,0.00010012120960932111,0.9099879179073278,-0.053794517353822124,-430.9779906043477,7065.174460551042,89.50731680252082,11
25042000,transverse,28,35,0.07278294475567891,0.16668438762154633,1.8803834269472406e-13,0.2915604959786258,-0.2915604959784378,7.32624974012126,6.880372785435473,0.4458769546857875,86.93439827648842,33.017641428272924,53.9167568482155,0.0019703947320907286,0.0003278025920288932,0.0016425921400618354,3718.163483084219,20989.378829649468,-17271.21534656525,44120.29572584416,100724.16213646864,-56603.86641062448,1.4210854715202004e-14,0.4003593961918286,5.186961971048731e-12,11.315373425120509,0.004892390528379309,45.97032872573204,-0.00043188306742332136,0.15785238672559787,47.05823841275931,-0.0005132446304314843,0.96755265110694,0.060980983162564374,492.2984998923357,7065.29110380323,89.8497856184185,11
25042000,transverse,27,36,0.2619864687735262,-0.7513041974518528,3.942193327060125e-15,0.35077061057824777,-0.3507706105782438,7.361448902419504,7.071471214435877,0.2899776879836269,0.47756224691767657,42.300814778483115,-41.82325253156544,0.002834160866937413,0.0004093384037422154,0.0024248224631951976,2597.3998118089416,17275.367152917323,-14677.96734110838,168.50216672200725,103339.47265090338,-103170.97048418137,2.220446049250313e-14,0.5412844033913284,2.609024107869118e-15,9.035731511001266,0.06246008925030022,-43.25585427921816,0.0004318830674234532,0.20506229869103532,-57.75653665362961,0.0004174718956812748,0.10208594695477179,-0.06061207223601263,-1.326438694600023,1.5545043942810846,4.678041015079751,11
25042000,transverse,26,37,0.26482062964046377,-0.5857374243724034,4.3811871558509855e-15,0.327498240919453,-0.3274982409194486,7.271727886217147,7.547774062317751,-0.27604617610060433,0.532434775783259,22.582623379870405,-22.050188604087147,0.002834160866937191,0.0004620518719711808,0.00237210899496601,2565.7428168767033,16335.339212279012,-13769.596395402308,187.86328680017672,48874.649687122,-48686.78640032183,7.105427357601002e-15,0.29037377327867375,2.142730437526552e-14,9.958149158185446,-0.05290496967979319,0.1531628537908175,-0.00016599331143449247,-0.4863029924440725,7.14125945530774,-0.00022527300699125286,0.11468015061247053,-0.06489095089609119,-1.398751148043034,1.6822379385063917,4.6427805765834975,11
25042000,transverse,25,38,0.2812054412565677,-0.46029967445888387,6.8987822958808145e-15,0.3392408572027287,-0.3392408572027218,7.287816809374377,7.157280864671067,0.13053594470330943,0.2809815970672065,16.84062518429154,-16.559643587224333,0.003166147489805954,0.00039620594908662543,0.0027699415407193284,2301.793214889377,18064.546686314945,-15762.753471425567,88.74558054287839,42504.725694084795,-42415.98011354192,1.9539925233402755e-14,0.6381499627564322,3.2029934260435766e-14,5.764894968856851,0.052784406847074195,-0.28242880682116067,0.0001659933114343537,0.37938278592241126,11.092146368488049,9.690160918326973e-06,0.06141759874377294,-0.06894238490630633,-1.4429669717770257,1.5219176296674548,4.574936220470184,11
25042000,transverse,24,39,0.2843715887463742,-0.547517826057768,7.705074829574071e-15,0.28785759651455867,-0.28785759651455095,7.198336918837458,7.419984425175057,-0.22164750633759933,0.5943860319934752,33.84777733933109,-33.253391307337616,0.0031661474898060094,1.775372517001661e-05,0.0031483937646359927,2273.5317738715016,417939.579109082,-415666.0473352105,187.7316309196617,1906516.9149117465,-1906329.1832808268,3.375077994860476e-14,0.15356975139282536,2.9531932455029164e-14,9.739004869444408,-0.08572423288965769,-20.455885412921983,-0.001443266297549109,-0.35034826928801976,-33.72432897936591,-0.001188647170419041,0.12947994380675096,-0.05163286814411306,-1.0880740074824469,1.441368762511413,4.590564488355141,11
25042000,transverse,23,40,0.6293356210701316,0.16502413161884677,3.267239458613559e-14,0.3029376416138948,-0.3029376416138621,7.280305494079855,7.153439912882323,0.12686558119753144,41.819561292763716,24.318042361482803,17.501518931280913,0.006052680084904283,0.0001485397555135437,0.005904140329390739,1202.823442170244,48158.41986645844,-46955.5964242882,6909.263451254264,163714.0324986297,-156804.76904737545,4.440892098500626e-15,0.06638146260923872,1.3358203432289883e-12,2.530804770381028,0.03890884166445474,22.72307722577119,0.0014432662975490812,0.21582336711773342,29.439050336731224,0.0017842538466333324,0.9225151158346729,0.08410533546535083,172.8365188539201,1576.0391878654004,45.33211497020015,11
25042000,transverse,22,41,0.6353883011550364,0.6326899225480218,3.138011515686827e-14,0.41398553514983577,-0.4139855351498044,7.284456385993341,7.2407244514961455,0.04373193449719537,37.59858210199158,28.22025360555459,9.378328496436993,0.006052680084904394,0.0009613008840255732,0.0050913792008788206,1203.5092362077821,7532.214493733392,-6328.70525752561,6211.889869376018,29356.317126619695,-23144.427257243675,4.440892098500626e-15,0.027030634575591073,2.0676793610618915e-12,7.458766365527104,0.007640471217847278,0.021018118215394566,-0.0001728959662845586,-0.10175206426734285,-2.654712273624888,-0.000982261545414892,0.8325984188275868,-0.07920900500567081,-161.52744701929487,1575.1808230995607,45.15812335427734,11
25042000,transverse,21,42,0.6523641195267385,0.3447342465145531,3.459036231483641e-14,0.31624765880953465,-0.31624765880950007,7.273326335471133,7.109223919139588,0.164102416331545,33.335566674788666,26.771004065945817,6.564562608842849,0.006398472017473622,0.00015533085427693605,0.006243141163196686,1136.7286307744046,45768.26640291764,-44631.53777214323,5209.926148579283,172348.2703456737,-167138.3441970944,2.6645352591003757e-15,0.09518661232629366,2.4158453015843406e-13,13.20211102896316,-0.007094695685062824,-3.7494246677320078,0.00017289596628464188,0.09290798229674735,-2.9761531282738876,0.0005476696281961069,0.8193869773358978,-0.07489227827168013,-123.95801466683679,1235.218020196129,40.68354464599127,11
25042000,transverse,20,43,0.6587625915442124,0.27192588844470944,3.468640707221731e-14,0.30276307528520935,-0.30276307528517465,7.27638567631905,7.17772874274665,0.09865693357239991,36.571400583049765,26.868297605253286,9.70310297779648,0.0063984720174735665,9.890814835122885e-05,0.006299563869122338,1137.2067669356047,72569.64024094454,-71432.43347400894,5715.645935963625,271648.9799186446,-265933.333982681,2.6645352591003757e-15,0.44999750274282846,3.339550858072471e-13,9.391424175152324,-0.019192737878288568,19.488574091119887,0.0005324679850725877,0.07538719759520385,17.1630768443392,0.0005291884995403673,0.9038091058286483,0.06286883583116251,102.93550019821441,1234.5318404076922,40.4636336890187,11
25042000,transverse,19,44,1.0687765868124623,-0.27966730593952205,5.162206931042844e-15,0.33802292193566585,-0.3380229219356607,7.317830492923545,7.435393437300698,-0.11756294437715287,0.8300863090710928,22.314596650999384,-21.484510341928292,0.0053335360473283355,3.5926471361080736e-05,0.005297609575967255,1372.041067687014,206961.41746209687,-205589.37639440986,155.63526742955042,621118.5180622236,-620962.882794794,7.105427357601002e-15,0.07435815930971934,1.7208456881689926e-14,2.0497852109313293,0.03337732377825198,-17.905628704918662,-0.0005324679850726155,-0.20721803369979153,-18.36139222043093,-0.00040820445376199554,0.2696689013145623,0.001215496801209445,0.011516979416041129,0.6775263010912435,3.0781684689063424,11
25042000,transverse,18,45,1.074110122859791,-0.025214000864461683,5.8525613696648946e-15,0.3977423520772802,-0.3977423520772744,7.292520661971537,7.211867416898659,0.08065324507287741,0.9000294449297419,16.849368665720952,-15.94933922079121,0.0053335360473283355,0.00022147185699217253,0.005112064190336163,1367.295654751315,32563.358229093406,-31196.06257434209,168.7491069607719,76079.05083089838,-75910.3017239376,4.440892098500626e-15,0.029897309210105583,2.0317081350640365e-14,0.7280095401241624,0.0028030400934060395,-0.0693987606901687,-0.0002316093412843001,-0.012480315653978558,6.8567354467946515,-0.00011228571043769842,0.2779432843173486,0.009107254127096221,0.09549673441368711,0.7145562673268356,3.238176619882285,11
25042000,transverse,17,46,1.088164822524667,-0.0019399843253394,4.861505063014149e-15,0.3460424035760353,-0.3460424035760304,7.261604750832715,6.9577746850018505,0.3038300658308648,1.1087701021687284,25.236409095412156,-24.12763899324343,0.005796754729896936,0.0006456645043164677,0.005151090225580468,1252.7017424733829,10776.145565517332,-9523.44382304395,191.27428256541776,39085.9477742681,-38894.67349170268,1.9539925233402755e-14,0.11525658701787478,3.1086244689504383e-15,10.123884586338871,-0.005995811878819701,-0.13532561047266722,0.00023160934128407806,0.34977981092784827,-1.8715685108021347,-0.00026623534214148536,0.3078642673369374,0.021638338014498725,0.28066505593388913,0.94870608352934,3.601490071451655,11
25042000,transverse,16,47,1.0939615772545648,-0.1272728783641812,4.797199715201099e-15,0.33773370606916897,-0.3377337060691642,7.242680463451533,7.4152331987183775,-0.17255273526684434,1.5881619803530493,30.150963724444427,-28.562801744091377,0.00579675472989738,7.416778478963604e-05,0.005722586945107744,1249.437107645186,99979.165074842,-98729.72796719683,273.9743277668684,406523.719293523,-406249.74496575614,4.440892098500626e-15,0.18669295694342747,2.2870594307278225e-14,11.36904603019979,-0.024728219467200496,-2.2629996225300726,-4.717147322547133e-05,-0.34188352222317375,-3.477169206476418,0.00040160241529724194,0.4660545063737093,0.13852960937491968,1.6086396775672487,0.9136187982717239,3.4076743355842294,11
25042000,transverse,15,48,1.4275616977982155,0.005452990828776483,1.4699595319990004e-14,0.28554604571717696,-0.28554604571716224,7.273212615004752,7.238381106922958,0.03483150808179403,6.5935531035975155,32.637179185584,-26.04362608198649,0.005891097676348767,0.0004002188423082309,0.005490878834040536,1234.6107660385296,18086.057780728566,-16851.447014690035,1119.240159617269,81548.33240072262,-80429.09224110535,1.7763568394002505e-15,0.39111442671867547,2.4513724383723456e-13,10.742563521450464,0.018880937871698755,2.973953017526962,4.717147322558235e-05,0.27367152794506655,-6.368789405463648,-0.00013979168112049356,0.5755490387760233,-0.004850690044897329,-0.636616477360576,44.11155900731721,11.456110008661017,11
25042000,transverse,14,49,1.4334527954745648,0.29063541288859945,1.5857267456505855e-14,0.34420743324993797,-0.3442074332499221,7.265982890814573,7.571110195274274,-0.3051273044597007,5.651038191788057,16.43790980074236,-10.786871608954304,0.005891097676348989,0.00035234359113467395,0.005538754085214315,1233.3835373304607,21487.861240479946,-20254.477703149485,959.2504660846655,46653.06880652019,-45693.81834043552,9.769962616701378e-15,0.09534131748596941,2.815525590449397e-13,6.4220793445640005,-0.015937519389941812,-0.9218105474877625,0.00019662146021232063,-0.3660246377769365,7.904841632913708,0.0003849360050411921,0.49139510992628677,-0.07642780377450761,-10.107557115489396,42.041789760534414,11.499988660114184,11
25042000,transverse,13,50,1.458412911542341,0.2251259949977165,2.1106367890642543e-14,0.2617121722981516,-0.2617121722981305,7.290628205404278,7.203665046851601,0.08696315855267756,6.552144374954124,17.89194477670366,-11.339800401749535,0.005497854755924569,0.0006810974296188599,0.0048167573263057095,1326.0859970059757,10576.555913421595,-9250.469916415619,1191.7638180407434,26269.28835528852,-25077.524537247777,1.4210854715202004e-14,0.6263488252618226,7.567280135845067e-13,7.934616120594935,0.01593993965691176,1.1472101040219655,-0.00019662146021232063,0.130588028318527,5.674408196895676,-0.0005506370464692378,0.5470515398232967,0.0045208160943432316,0.6485258142670389,42.28207009597384,11.977197572774177,11
25042000,transverse,12,51,1.4639107662982658,-0.16916662790321216,2.149283697528288e-14,0.3855545638648694,-0.38555456386484793,7.283393640680159,7.065516075752157,0.2178775649280018,5.15883035007626,28.40037593841238,-23.241545588336123,0.0054978547559247914,0.0003018200955892114,0.00519603466033558,1324.7701083465643,23409.69398329458,-22084.923874948014,938.3351469074041,94097.03447005189,-93158.69932314448,0.0,0.027174434114873414,7.416289804496046e-13,0.4156233292419067,0.006197622151483451,0.8193998205561819,0.0005577160143365734,0.03400893760724877,-4.23619867478773,0.0006220259539278516,0.43264721721329125,-0.12717926536756197,-18.08218778136252,44.69571836222778,11.923872718526562,11
25042000,transverse,11,52,1.6720595812293475,-0.2931208456370018,1.8905673026266324e-14,0.2892562045517161,-0.28925620455169715,7.2637638316530735,6.982989735564245,0.28077409608882853,2.1267166840860314,28.79761010943328,-26.67089342534725,0.004382422727251867,5.1162640742119514e-05,0.004331260086509747,1657.4767619937113,136486.10850173564,-134828.63173974192,485.28332761263647,562864.0291376852,-562378.7458100725,7.105427357601002e-15,0.21540666530110464,7.061018436615996e-14,13.731356083297559,-0.016477893378838537,-4.420778269562956,-0.0005577160143364623,0.2349994657345058,-7.480838184795466,7.404617200817976e-05,0.19601498046575153,-0.24859368712920799,-29.26380841021976,33.78673226458878,10.849766069065398,11
25042000,transverse,10,53,1.6764420039565997,0.46343244789582116,1.92580115319757e-14,0.29920918250039075,-0.2992091825003715,7.277089809383666,7.403418113603022,-0.12632830421935637,7.936159557221716,23.074724449989155,-15.13856489276744,0.004382422727251867,0.0010640295585843118,0.003318393168667555,1660.5175407044746,6957.90643584493,-5297.388895140455,1810.906900393502,21686.1686443091,-19875.261743915595,1.1546319456101628e-14,0.7018079343013621,2.717825964282383e-13,13.347016223840132,0.00481985528358031,4.685459456643716,0.0004233006066294842,-0.26931548322679966,8.016307195737548,-0.00043560150522858887,0.7320037978015806,0.22659477557132038,26.6344667023667,36.348161815313524,10.841691779545702,11
25042000,transverse,9,54,1.6886100349699211,0.015715391708025633,2.5077802061186094e-14,0.39960822732726564,-0.39960822732724055,7.280776076547097,7.275575814621039,0.005200261926058047,4.374683517069968,24.013534268732695,-19.638850751662726,0.0035358215139928983,0.00035909225271035794,0.0031767292612825404,2059.1469472465346,20261.021394102543,-18201.874446856007,1237.2467048343083,66872.88318665537,-65635.63648182106,3.108624468950438e-14,0.08472534534528808,2.0472512574087887e-12,0.5955645721497476,-0.00450978552604564,-3.778664735987938,-0.0004233006066294287,-0.04171498543569774,1.2659903642460577,-0.0002176301370546141,0.3748467902589916,-0.21477583449185556,-29.25304652754425,48.39090240207686,11.670590840722967,11
25042000,transverse,8,55,1.6921458564839151,0.02383404437798843,2.5287052279650556e-14,0.355700956953127,-0.35570095695310167,7.293481914762619,7.073323115819751,0.22015879894286794,8.370536948894099,35.041654287944226,-26.671117339050127,0.0035358215139927873,6.549588598603329e-05,0.003470325628006754,2062.7404086714027,107996.44907968887,-105933.70867101746,2367.352796448643,535020.6926800977,-532653.339883649,3.552713678800501e-14,0.611390528614363,1.9628743075372768e-12,11.302345435918784,0.013741773052925232,5.746928778914397,0.0006112054574688441,0.013765657418043808,3.8484712298476396,0.0008463917146480093,0.7184266361374645,0.17556353403560543,23.832856530108025,46.23303228271555,11.65120629978118,11
25042000,transverse,7,56,1.9644309918628968,-0.49754096450343244,6.920442234517137e-14,0.34870101038872775,-0.3487010103886585,7.278704206872291,6.871118185748701,0.4075860211235902,0.8725328228894366,42.27285920902224,-41.400326386132804,0.002313410599054988,0.00024227203362003902,0.002071138565434949,3146.3088350358516,28361.169397392514,-25214.860562356662,377.162974547562,174485.0966798742,-174107.93370532664,6.483702463810914e-14,0.0535868298445461,1.7577050925865478e-12,1.9705394042571456,-0.007354043812966893,-6.1906367199619785,-0.0006112054574687331,0.21423338248471602,-15.704819750060437,-0.0006505206916178063,0.13023112704921053,-0.2601503178590026,-11.677726757763391,12.439040284781171,6.6998792274814525,11
25042000,transverse,6,57,1.9667444024619518,0.46365890923314557,6.991445772649183e-14,0.36441913960508554,-0.36441913960501565,7.278634586607897,7.112088108273016,0.16654647833488045,5.755802136808731,30.475698069903338,-24.719895933094605,0.002313410599054655,0.0003404177129558983,0.0019729928860987567,3146.2787408263002,20892.2386750022,-17745.959934175902,2488.015806256254,89524.41929439646,-87036.4034881402,5.684341886080802e-14,0.6467706987267103,1.674216321134736e-12,2.9359163833661057,-0.00026903416861401297,4.388511821766223,-0.00011769056916105525,0.04885920504760488,6.756159694049355,-0.0002876743640072843,0.8741044694324711,0.4823727247698095,20.915476999764984,12.213781238316733,6.584798886276037,11
25042000,transverse,5,58,1.9761806190048723,-0.047486139244643566,4.638412406461782e-14,0.32274851867351895,-0.32274851867347254,7.279103034680731,7.45131450922977,-0.17221147454903907,1.8620478071955775,23.413832675350694,-21.551784868155117,0.0025487917373764324,9.859580259929945e-05,0.002450195934777133,2855.903418053837,75574.35826667446,-72718.45484862062,730.5609869530782,237472.91525691233,-236742.35426995924,1.2434497875801753e-14,0.22173422491559336,1.461497589616556e-12,8.049790456784613,0.0015942227355560945,-5.170688730308944,0.00011769056916077769,-0.39031703700944087,13.006767998450165,0.0002163250394111027,0.2137990564268451,-0.3314925285354082,-25.144547829710042,28.611769865994034,8.709335945237349,11
25042000,transverse,4,59,1.97872941074225,0.09163904430624864,4.614352043941669e-14,0.37384400164600606,-0.37384400164595993,7.276383037282454,7.0067183906965305,0.26966464658592315,8.309670938200313,52.706880738316265,-44.39720980011595,0.0025487917373766544,5.4042832743350644e-05,0.002494748904633304,2854.836246751049,129651.2050723068,-126796.36882555575,3260.2392797902926,975279.7561264264,-972019.5168466361,5.329070518200751e-15,0.22072520254435446,1.3447021274259896e-12,3.6987905758588084,-0.0020769198849972526,6.746810776324305,0.0007070622803587168,0.3511932410288381,-15.42564124325877,0.0007353546339753381,0.9729419119954085,0.5531377953749391,40.3484784795198,28.70215262166219,8.540767784541897,11
25042000,transverse,3,60,2.8428147436945475,-0.37654043188964376,1.8652526889450946e-14,0.3905425420390962,-0.39054254203907757,7.27781687965417,7.26866259399096,0.009154285663209194,1.2636725165564375,37.65502476211569,-36.39135224555925,0.001134667176659443,6.607457012064444e-05,0.0010685926065387985,6414.054296591785,110006.96002591061,-103592.90572931882,1113.6944317687917,569886.7914443032,-568773.0970125344,1.2434497875801753e-14,0.21480302035556065,7.993605777301127e-15,25.155823184865277,0.0010120789925736062,-3.6738243447003622,-0.0007070622803586057,-0.2810138963437132,-3.021718815823604,-0.0007078307312708421,0.7714393643525453,0.5033507921872369,1.35062954291734,0.2462386861827583,1.638071084973764,11
25042000,transverse,2,61,2.843949410871208,0.3049018975847373,1.8993392912984494e-14,0.32985767218063666,-0.3298576721806177,7.277226564040737,6.966554846612816,0.31067171742792166,1.5653227843132864,23.907379843668622,-22.342057059355334,0.001134667176659443,7.65694056734656e-05,0.0010580977709859773,6413.534042172185,90983.5303714132,-84569.99632924102,1379.543549432469,312231.49289708404,-310851.94934765156,1.2434497875801753e-14,0.12935694158371103,1.3100631690576847e-14,9.542834448135093,-0.0014330623471590087,0.2508059315557216,1.366538454794508e-05,0.20725507851866665,8.26641200900237,-7.580504960968959e-06,0.9556664860851107,0.818257415642391,2.19525538434895,0.2549800347413274,1.6379383468030009,11
25042000,transverse,1,62,2.8734450863391685,-0.31508147386663565,2.0381614367564296e-14,0.3172151158564044,-0.317215115856384,7.279502373121623,7.0818233809663225,0.19767899215530083,1.3653611889586923,26.190947080114853,-24.82558589115616,0.0011073364075635528,4.4572462208458674e-05,0.0010627639453550941,6573.88515666937,158883.3784376933,-152309.49328102393,1233.013905830899,587603.7755694031,-586370.7616635722,9.769962616701378e-15,0.06785346597179043,1.176836406102666e-14,10.191847000472645,0.0013985045303863686,-0.23181048495491918,-1.366538454794508e-05,-0.10358247679804666,0.9885920990023394,3.765286896850739e-05,0.8204843482512714,0.5780328038571155,1.600689114395841,0.2635220619188369,1.664091693971654,11
25042000,transverse,0,63,2.874552422746733,0.18871847023625873,2.043907739328721e-14,0.33632677061630045,-0.33632677061628,7.278981173141736,6.987129952662963,0.2918512204787733,1.6290205635139365,30.915319484475603,-29.286298920961666,0.0011073364075635528,0.0001152120257763567,0.000992124381787196,6573.41447768119,60645.83888339919,-54072.424405718004,1471.1162320565559,268334.1367895634,-266863.0205575068,1.9539925233402755e-14,0.06296047048259101,1.3322676295501878e-15,14.519755939129908,-0.0005211999798868661,0.26365937455524424,0.0,0.0941722283234725,-4.4607130298055075,-7.063956356789802e-05,0.9790091153958034,0.8672911957584087,2.4012899313145377,0.25241806503673225,1.663948310486713,11
25042001,dephasing,15,16,0.12546180795999237,-0.2293576817345646,0.5329669184564219,0.7744157258546862,-0.24144880739826435,19.73858921826617,19.654348281056393,0.08424093720977766,3.999011693157475,75.27454094751647,-71.275529254359,0.029021103757792738,0.0011584982166888275,0.02786260554110391,680.1460545057998,16965.367747592787,-16285.221693086987,137.79667811854543,64975.966180304626,-64838.16950218608,1.7763568394002505e-14,0.5073719578331577,3.863576125695545e-14,0.30581430918631725,-0.10325939116901495,1.2909315739566338,1.6653345369377348e-16,-0.3648512664789827,-9.935762966564297,-0.0005202785291088391,0.31670593655253426,-0.039619005860908434,-6.316791082105771,22.308885604116043,12.626892115406045,11
25042001,dephasing,14,17,0.15448291171778564,-0.16159329534718814,0.4251991827366929,0.8416949763048105,-0.4164957935681176,19.841848609435186,19.392756405746425,0.44909220368876035,2.708080119200841,64.04784640699555,-61.3397662877947,0.02902110375779257,0.0006382196875798218,0.02838288407021275,683.7041338962641,30385.706964454905,-29702.002830558642,93.31416688359704,100353.91833471936,-100260.60416783576,0.0,0.6640128354359156,3.68594044175552e-14,26.119328232928282,0.024194204077986114,-1.0612287606478734,-0.0254487839478785,0.25644822791672617,-1.1641573865122439,-0.02509587080900507,0.1959509675650631,-0.140027443677117,-26.74492311410344,34.078621046114186,13.820192637230225,11
25042001,dephasing,13,18,0.4401136996169615,0.18396790902393487,0.35485681899449817,0.762914823505645,-0.4080580045111468,19.89671959244823,19.595672578113938,0.3010470143342907,3.539606066539954,52.61529461474588,-49.075688548205925,0.0799186716535494,0.0008237674362176761,0.07909490421733173,248.96209084531952,23787.869872700194,-23538.907781854876,44.290101340576406,63871.53983207776,-63827.24973073718,7.105427357601002e-15,0.05250436739620312,1.199040866595169e-14,29.57645957873256,-0.007828163211932804,-0.032279615616829016,0.025448783947878376,-0.7632201582597897,-5.96716384661579,0.02548884293326044,0.2923418764225786,-0.11452127832356063,-16.788580918729615,29.317392025016115,12.107762698435584,11
25042001,dephasing,12,19,0.5200323712705113,0.29329177725396577,0.23536366021538785,0.8545891770777185,-0.6192255168623306,19.967246901885133,18.287804760385733,1.6794421414994005,4.435691245112725,29.312974360498295,-24.87728311538557,0.07991867165354949,0.0010894331556196568,0.07882923849792983,249.84457935492117,16786.53221269353,-16536.68763333861,55.502564711555976,26906.62957088489,-26851.127006173334,0.0,0.18850034920168568,4.440892098500626e-15,14.991792562518626,0.21787776334215536,-2.966613070499868,0.014789144176250227,1.5171727845890484,7.936752978455427,0.014329096240590783,0.40552712458757967,0.021414966451116815,2.5621243211423383,17.113232500827323,10.938087679397064,11
25042001,dephasing,11,20,0.8225578717503812,0.11670889053341624,0.6485555256085633,0.7503034121123431,-0.10174788650377975,19.602018684637727,19.578526985151314,0.02349169948641361,11.265002564685233,27.817386204161302,-16.55238363947607,0.05034038330104912,0.0004350030037027497,0.04990538029734637,389.38953975404496,45007.79723013107,-44618.407690377026,223.77665456612573,63947.57270037091,-63723.79604580478,7.105427357601002e-15,0.03782520907607889,1.7408297026122455e-13,6.416073764533419,0.22668903153007847,1.985267432654915,-0.014789144176250574,-0.6744047864591636,10.550266047164339,-0.014483630511186257,0.5883455012430668,-0.10678988877197766,-39.1496469588392,166.0499297412017,19.146917144576154,11
25042001,dephasing,10,21,0.8728982550514315,-0.1458326882704284,1.113207325750671,0.7603846545731063,0.3528226711775646,18.783412404330164,19.06706157393841,-0.28364916960824615,14.12377901894791,43.45179527684316,-29.328016257895246,0.050340383301049896,0.00039160018191447543,0.04994878311913542,373.12811648651905,48690.12440372822,-48316.9962872417,280.5655835888986,110959.58910032613,-110679.02351673723,1.7763568394002505e-14,0.4553740651541851,2.1316282072803006e-13,2.8019259033788444,-0.8434204758585864,7.34390118540032,0.003812404338919634,-0.0342528745983266,-2.5279441157897473,0.0038838037834295625,0.7647618856329822,0.10040684970861583,34.246224425938266,165.23490935013194,18.46820465857521,11
25042001,dephasing,9,22,1.2355234268531259,-0.060466164619270624,0.6090943101814021,0.8444739784994834,-0.23537966831808121,19.651647075739774,20.173931365246027,-0.5222842895062527,2.29475310240995,39.34251374714488,-37.04776064473493,0.042715574623211405,0.0004909962491460584,0.04222457837406535,460.05812280612935,41087.750467203296,-40627.69234439717,53.72169571992586,80127.93135501431,-80074.20965929439,5.684341886080802e-14,0.7093547319298743,4.04121180963557e-14,2.0280107430006993,0.6467256413277482,-7.0060790685493695,-0.003812404338919023,-0.15582447136446476,-8.319707687829599,-0.004049902614844114,0.26361959309385374,-0.09104509707399695,-6.898793157786332,12.16468495880631,8.704789638276045,11
25042001,dephasing,8,23,1.2782390014763383,-0.04785068733542322,0.8923073965518927,0.8104667437899992,0.08184065276189356,19.226430464493887,19.675700931169217,-0.44927046667532977,4.477885322970729,32.60597497888614,-28.12808965591541,0.04271557462321096,0.00011539576452745948,0.0426001788586835,450.10351924533285,170506.26608125816,-170056.16256201282,104.83027238822436,282557.81407927885,-282452.9838068906,7.105427357601002e-15,0.6942941466246211,9.237055564881302e-14,2.509994558331705,-0.571883045768125,-5.097873025463314,0.008753190363323615,-0.6925455593416281,19.07818572894211,0.009216956842672541,0.5204091248339521,0.10773424979528345,7.976455021840788,12.075001943835499,8.604548055146907,11
25042001,dephasing,7,24,2.350476373238079,-0.32984845362466,0.27868083832748347,0.6799493652044863,-0.4012685268770029,19.944979944784254,18.936145469945405,1.0088344748388494,16.856763594458137,74.22155371943825,-57.36479012498011,0.025209193896563287,0.0006673282386067125,0.024541865657956574,791.1788066933512,28376.05899831455,-27584.8801916212,668.6752326799383,111221.95858877845,-110553.28335609852,1.4921397450962104e-13,0.6024367660016239,2.7711166694643907e-13,24.853499436818282,0.38604204057330094,6.946600407758499,-0.008753190363323615,1.1240005369841963,-29.484325286230696,-0.008702909666556125,0.7692736186291929,0.06091845286299919,29.25065390524898,254.8998249742157,21.912572050106835,11
25042001,dephasing,6,25,2.375685567134644,0.03257729411914319,0.3622121070685928,0.7947009127516786,-0.43248880568308584,19.89144534392802,19.672507001543384,0.21893834238463583,15.342441050428548,42.97528107201197,-27.63284002158342,0.025209193896562843,0.001319822106220947,0.023889371790341896,789.055192543865,14905.423169393463,-14116.367976849599,608.6049840935382,32561.41935299394,-31952.814368900403,1.2789769243681803e-13,0.5298292424919353,5.613287612504791e-13,28.591945746579857,-0.013358661648219083,5.609143841228221,-0.05571765783475091,-0.2612034306116211,10.104049677759889,-0.05433790257533744,0.7226255355408794,-0.03743461893395607,-16.874687334483582,252.26518472036452,21.23152351507347,11
25042001,dephasing,5,26,2.6216480004528337,0.09815454230735146,0.39751086534443647,0.8264779446585924,-0.4289670793141559,19.864628066368226,19.91317899521456,-0.048550928846335495,2.609830823942515,20.71882009764903,-18.108989273706513,0.13664450956606422,0.004731826492662128,0.1319126830734021,145.37450593113053,4208.349360673916,-4062.9748547427853,19.099419597834093,4378.609429102843,-4359.510009505009,7.105427357601002e-15,0.3285611880196413,7.993605777301127e-15,1.3333272443501585,-0.0535791755095083,-8.099201659355492,0.0557176578347508,-0.7332618498095389,2.672010575783208,0.05212148662835547,0.2449361285314779,-0.17000529878627638,-19.301073828577195,26.112290758177675,10.65514850581594,11
25042001,dephasing,4,27,2.7582925100189,0.1867022409377938,0.2787002235515201,0.7601601386630896,-0.48145991511156955,19.94496913982745,18.79448564028568,1.150483499541771,6.075623916167464,20.004783593563488,-13.929159677396024,0.136644509566064,0.0009514884663126555,0.13569302109975134,145.9624627668233,19752.72040145769,-19606.757938690866,44.46299332085539,21024.72526134646,-20980.262268025603,1.4210854715202004e-14,1.0668137131521256,1.7763568394002505e-14,10.938209619932675,0.009671419806551285,3.9183354296457313,0.012963702691256795,0.7098168627591299,13.405705160304622,0.015025980856439358,0.5923683799896341,0.12230508428729085,12.86597018666307,24.04723578404287,10.25649599371555,11
25042001,dephasing,3,28,3.106947418529101,-0.10104181802543366,0.1291339643995597,0.7975481917033869,-0.6684142273038272,20.005967373673574,19.076083171261956,0.9298842024116176,1.70474614910095,38.26548655079573,-36.56074040169478,0.11071710418355019,0.0012957067703283087,0.10942139741322188,180.6944601848245,14722.531060348185,-14541.83660016336,15.397315181534823,29532.520341079908,-29517.123025898374,0.0,0.6243550267605862,1.354472090042691e-14,2.414761038117021,0.029929619453749723,-3.5782829337116095,-0.01296370269125613,0.22002373185950042,-12.344518505838863,-0.013376707804064303,0.1918217307187302,-0.1476742686456232,-11.663493579572739,14.56965301244728,8.88713777481572,11
25042001,dephasing,2,29,3.2176645227126537,0.13960268829352465,0.12464584157893602,0.8686698197011127,-0.7440239781221767,20.0071063686122,19.737868927049735,0.26923744156246343,4.490434249457655,38.99371836377347,-34.50328411431581,0.11071710418354863,0.0008139148487276149,0.10990318933482102,180.70474761915818,24250.533035373115,-24069.828287753957,40.55772847900121,47908.84258314241,-47868.28485466341,7.105427357601002e-15,1.1158776381181283,2.842170943040401e-14,6.017527033976485,-0.00015341539104696267,-27.296061488934704,0.047775749091210185,-0.3710462211947938,-18.536376437758257,0.04769467493636392,0.43580863459136565,-0.013435328385457641,-1.4263736524298096,21.590373401132247,10.303683527675181,11
25042001,dephasing,1,30,3.3842297996904547,0.17102702157231103,0.11870450750592973,0.7776585676362391,-0.6589540601303093,20.00855219433292,19.657869071230024,0.35068312310289684,61.868245327683766,57.241320279104094,4.626925048579672,0.015165606001126708,0.00016997461743439857,0.01499563138369231,1319.3374661616829,115651.79182601748,-114332.4543598558,4079.510263097126,336763.93065685994,-332684.4203937628,6.394884621840902e-14,0.03314184236073103,2.4229507289419416e-12,11.413456463350784,0.0006803501337131479,24.661173400471966,-0.04777574909121085,-0.32439580778289034,14.697033020657717,-0.04746790988520144,0.8813605909794753,-0.09514267803814407,-468.81739168307286,4296.49717160983,70.196291916037,11
25042001,dephasing,0,31,3.3993954056915845,0.03692250294628857,0.11834540400392826,0.8293506615154476,-0.7110052575115193,20.008637319786217,18.927716899577106,1.080920420209111,69.92370960496595,55.56064143480623,14.363068170159721,0.015165606001126486,0.0001417127981599986,0.015023893202966487,1319.343079221496,133563.92044568245,-132244.57736646096,4610.67692248975,392065.09331695194,-387454.41639446217,9.592326932761353e-14,0.5562251521888157,3.140598892059643e-12,5.628448756664191,8.512545329608656e-05,8.055464277282184,-2.220446049250313e-16,0.7302372971062141,9.73614312158005,2.8261819274177924e-05,0.9815986342021055,0.1155720637468972,586.4539267815426,4302.871238138289,71.23452210363475,11
25042001,transverse,15,16,0.12546180795999237,-0.2293576817345646,0.44647530540899216,0.7894456306423041,-0.34297032523331195,20.930769991031948,20.404562456643554,0.5262075343883943,1.4610864281635325,70.14158860289375,-68.68050217473022,0.029021103757792738,0.0011584982166888275,0.02786260554110391,721.2258419155276,17612.942482521074,-16891.716640605548,50.34565329966825,60545.27110397251,-60494.92545067284,7.105427357601002e-15,0.4834489832335187,1.4654943925052066e-14,5.982257260691455,-0.1097592026766101,-0.33828415634087095,1.6653345369377348e-16,-0.21491917284736317,-13.372745518498263,-0.0005202785291088391,0.16821533244393946,-0.04180677692398132,-3.154041068877147,5.28881461944084,8.685810068178368,11
25042001,transverse,14,17,0.15448291171778564,-0.16159329534718814,0.2993008447422688,0.7602626513124857,-0.4609618065702169,21.040529193708558,20.2994024864728,0.7411267072357575,1.7993705845044035,57.10712724073636,-55.30775665623196,0.02902110375779257,0.0006382196875798218,0.02838288407021275,725.0078897519148,31806.293164426967,-31081.28527467505,62.0021415974314,89478.7928860217,-89416.79074442427,1.7763568394002505e-14,1.024918054614492,1.4210854715202004e-14,47.42722297410057,0.4520764647730715,0.19042746540589017,-0.0254487839478785,0.5663585565854898,3.8835476903375934,-0.02509587080900507,0.2173464987156878,-0.024456685435003896,-1.6762297093127585,4.913964209692506,8.27881100057737,11
25042001,transverse,13,18,0.4401136996169615,0.18396790902393487,0.9401992993684725,0.8280112074312909,0.1121880919371816,20.24613546683903,20.422806699926888,-0.17667123308785904,1.7567998100334943,51.45890632844238,-49.70210651840889,0.0799186716535494,0.0008237674362176761,0.07909490421733173,253.33423401488483,24791.95680967689,-24538.622575662004,21.982344972515193,62467.75978996655,-62445.77744499403,1.7763568394002505e-14,1.39297240617012,5.329070518200751e-15,15.861343069565635,-0.6240567435223134,-0.4900914144959876,0.025448783947878376,-0.4899657310745127,-0.39377165820159377,0.02548884293326044,0.21082936607250985,-0.05713910483574223,-3.967489426902043,7.053834999435772,8.33280411908693,11
25042001,transverse,12,19,0.5200323712705113,0.29329177725396577,0.6559382305963397,0.8270721895074346,-0.17113395891109484,20.699855227014126,20.814392938276576,-0.11453771126245016,2.69441186455456,46.00332492873719,-43.30891306418263,0.07991867165354949,0.0010894331556196568,0.07882923849792983,259.0115025528552,19105.70908449871,-18846.697581945857,33.7144225348857,42226.844934392546,-42193.13051185766,0.0,0.23685050668521868,6.661338147750939e-15,35.562104566874396,0.34671568861294233,0.9887445715346206,0.014789144176250227,0.10212348366724555,-2.246148731425045,0.014329096240590783,0.3106469972428375,-0.008685601915610668,-0.653421717669004,7.913277013521406,8.673548717576372,11
25042001,transverse,11,20,0.8225578717503812,0.11670889053341624,0.818514862057284,0.8742723339318272,-0.055757471874543274,20.46014360996334,20.71679476673487,-0.2566511567715324,1.6545347760063844,34.07795692311267,-32.42342214710629,0.05034038330104912,0.0004350030037027497,0.04990538029734637,406.43599170880645,47624.48670559357,-47218.05071388476,32.86694831288468,78339.58991786443,-78306.72296955154,1.7763568394002505e-14,1.54870157759294,1.7763568394002505e-14,14.98396755866628,-0.236510543567249,-0.5777632138857687,-0.014789144176250574,-0.6947897440760489,13.190967892255777,-0.014483630511186257,0.18899532450642523,-0.0530915295160627,-4.068880320395335,6.806365645409803,8.754368820113998,11
25042001,transverse,10,21,0.8728982550514315,-0.1458326882704284,0.6608003551186558,0.8220317511583779,-0.16123139603972214,20.693453080047046,19.702638194175563,0.9908148858714831,1.7701841152297457,49.690051129771234,-47.91986701454149,0.050340383301049896,0.00039160018191447543,0.04994878311913542,411.07063004058347,50313.14872698035,-49902.07809693977,35.16429552479841,126889.75497111343,-126854.59067558864,0.0,1.3342703119477868,4.773959005888173e-14,12.097771179096561,-0.08921912639407381,-0.3773039207988167,0.003812404338919634,0.9613625213645758,-15.492498742849996,0.0038838037834295625,0.2135871798934326,-0.03140375201244497,-2.157088952705106,5.290640754516738,8.287876248532047,11
25042001,transverse,9,22,1.2355234268531259,-0.060466164619270624,0.15782707769294313,0.848701496608761,-0.6908744189158179,21.105200802918905,20.789644917133558,0.3155558857853471,2.6404412960507404,35.07175569232744,-32.431314396276704,0.042715574623211405,0.0004909962491460584,0.04222457837406535,494.0867819076571,42341.759134190834,-41847.672352283174,61.814486152690996,71429.78332996291,-71367.96884381022,7.105427357601002e-15,0.3036488992284916,5.062616992290714e-14,0.8643166225220114,0.23970127572173183,-0.7623701847216466,-0.003812404338919023,-0.1860332020867954,18.974600989777727,-0.004049902614844114,0.2792929869388208,-0.08777363507078584,-7.84507421051646,14.81700444840647,9.454019325695098,11
25042001,transverse,8,23,1.2782390014763383,-0.04785068733542322,0.30424367704963756,0.70861644740842,-0.40437277035878244,21.037545974347303,21.0251826844745,0.012363289872801886,5.035438846315028,59.92740260388239,-54.89196375756737,0.04271557462321096,0.00011539576452745948,0.0426001788586835,492.5029373926726,182200.64462999738,-181708.1416926047,117.88297104117267,519320.64274007315,-519202.75976903195,1.4210854715202004e-14,0.6098809196197941,8.704148513061227e-14,42.40612060289199,0.44197412913507605,2.8701945057228486,0.008753190363323615,-0.12325560314488193,-9.353390730843856,0.009216956842672541,0.5453351864078911,0.13029165162476253,11.108724611221394,14.246919763756686,9.233658439469679,11
25042001,transverse,7,24,2.350476373238079,-0.32984845362466,1.0218450478748866,0.8282237427132311,0.19362130516165554,20.085942887505553,20.130260987255532,-0.04431809974997947,1.690047385133618,60.335879042303944,-58.645831657170326,0.025209193896563287,0.0006673282386067125,0.024541865657956574,796.7705341916476,30165.456551463616,-29368.686017271968,67.04091340913595,90414.09542068349,-90347.05450727436,7.105427357601002e-15,0.5537103747911694,1.865174681370263e-14,6.489374254415587,-0.511637924999512,-2.883608137903342,-0.008753190363323615,0.08332987893510335,-6.674251473041885,-0.008702909666556125,0.2271192312083189,-0.10115998888813497,-5.601427470488943,8.45768763448597,7.441234175293073,11
25042001,transverse,6,25,2.375685567134644,0.03257729411914319,0.9861513771775408,0.8192100655308308,0.16694131164671,20.15761565066283,20.425274897905798,-0.2676592472429675,4.111872199758891,53.16306881044841,-49.051196610689516,0.025209193896562843,0.001319822106220947,0.023889371790341896,799.6136541839693,15475.7787444473,-14676.16509026333,163.11002313800785,40280.48064952517,-40117.37062638716,4.263256414560601e-14,0.7516611040705854,8.881784197001252e-15,21.698607933245405,-0.20059953781663253,2.472551803648338,-0.05571765783475091,-0.14841012287927846,-8.233003157738338,-0.05433790257533744,0.5185664859563375,0.12393033623093024,7.791982215456446,9.115510771693621,7.929305713183149,11
25042001,transverse,5,26,2.6216480004528337,0.09815454230735146,0.7068399393912446,0.7911624658548674,-0.08432252646362282,20.63048748945337,20.824667638430768,-0.19418014897739866,1.5885934070874885,24.579148655819516,-22.99055524873203,0.13664450956606422,0.004731826492662128,0.1319126830734021,150.97926404045558,4400.978706789986,-4249.99944274953,11.625739022609197,5194.431514751353,-5182.805775728743,0.0,0.8821083035469606,1.3988810110276972e-14,16.090143601827325,0.20411631891778015,-2.273233358215398,0.0557176578347508,-0.030917626827111633,10.989042385339197,0.05212148662835547,0.23243727293290908,-0.06929601698298171,-3.2368475219432202,5.760476534985035,6.834503722412951,11
25042001,transverse,4,27,2.7582925100189,0.1867022409377938,0.6595327883916321,0.8025879915634389,-0.14305520317180676,20.695126690408348,20.753992487465954,-0.05886579705760653,3.6117813308468816,22.519779988299824,-18.907998657452943,0.136644509566064,0.0009514884663126555,0.13569302109975134,151.45231049625747,21812.132487422365,-21660.680176926107,26.431953558299984,23667.948467701037,-23641.516514142735,0.0,2.2674291737982557,8.881784197001252e-16,8.51355649661139,-0.07234653178250383,1.5823187718571718,0.012963702691256795,-0.2830552681933991,11.496581520993757,0.015025980856439358,0.5234700785566352,0.15731675066191528,7.489177780685692,5.555786601168357,6.899690123274378,11
25042001,transverse,3,28,3.106947418529101,-0.10104181802543366,0.4750276144011776,0.7665322342465819,-0.2915046198454043,20.90445895492833,20.261899863679346,0.6425590912489838,2.470331710891931,40.288936819053305,-37.81860510816137,0.11071710418355019,0.0012957067703283087,0.10942139741322188,188.80966142568434,15637.720144462428,-15448.910483036743,22.312105515300868,31094.177897090725,-31071.865791575423,1.4210854715202004e-14,0.4577877550209628,2.4424906541753444e-14,14.954546271441735,0.24575404031836,-1.2483746153854005,-0.01296370269125613,0.6164524011047376,-11.510627138591811,-0.013376707804064303,0.3040138991528314,-0.1316883973695874,-8.695031907650998,14.797570669489287,8.125719639055296,11
25042001,transverse,2,29,3.2176645227126537,0.13960268829352465,0.7126198499623722,0.8177563668902157,-0.10513651692784354,20.622283138811596,20.511203961465498,0.11107917734609885,3.8256313217077818,37.53358860339396,-33.70795728168618,0.11071710418354863,0.0008139148487276149,0.10990318933482102,186.26104151553346,25200.67546811618,-25014.414426600648,34.553209731403264,46114.883715501506,-46080.3305057701,1.0658141036401503e-14,0.5928613256677018,3.68594044175552e-14,12.194792435933618,-0.22231236143224464,-12.880166089108396,0.047775749091210185,-0.6088840946532876,3.900222367564581,0.04769467493636392,0.4451008391942129,-0.019880408968706444,-1.4686378509355809,16.10409286056729,8.594976654354356,11
25042001,transverse,1,30,3.3842297996904547,0.17102702157231103,0.5876888154564542,0.7161893012786011,-0.1285004858221469,20.784732045559352,19.987364592809563,0.7973674527497892,30.941263110740426,68.33901730108057,-37.39775419034015,0.015165606001126708,0.00016997461743439857,0.01499563138369231,1370.517738889905,117590.29021214685,-116219.77247325695,2040.225963172305,402054.24982030573,-400014.0238571334,4.618527782440651e-14,0.8624316533685814,1.5774048733874224e-12,15.344198384008656,0.0759449428692811,9.967676144991692,-0.04777574909121085,0.6838838054917318,-3.269725373167411,-0.04746790988520144,0.7944160966112912,-0.16002752956724123,-242.75864677607672,1200.120409664237,38.94843425596088,11
25042001,transverse,0,31,3.3993954056915845,0.03692250294628857,0.5786355699431639,0.823886063111655,-0.24525049316849112,20.795291066568545,20.67940294939853,0.1158881171700159,38.121542609789685,72.66964296244899,-34.548100352659304,0.015165606001126486,0.0001417127981599986,0.015023893202966487,1371.2139867687379,145924.73804695308,-144553.52406018434,2513.6840959047768,512795.20202827745,-510281.5179323727,1.4210854715202004e-14,1.0576295257237298,1.8047785488306545e-12,14.246140035782972,0.010559021009193259,7.180279499049259,-2.220446049250313e-16,-0.6814793355797732,2.8496538376808473,2.8261819274177924e-05,0.9837454652371319,0.16885043242006922,253.5581783314194,1199.6938326186594,38.75142906056637,11
25042002,dephasing,31,32,1.010637486580221,-0.14368580372897996,0.2500706465067345,0.4240987240025602,-0.17402807749582572,10.104543524832259,9.855974132487813,0.24856939234444653,6.281169310168965,10.217777704392361,-3.936608394223396,4.927046468583551e-05,5.055540599596675e-06,4.421492408623884e-05,205083.17892396817,1949539.1122512417,-1744455.9333272735,127483.45992309472,2021104.8656611566,-1893621.4057380618,1.5022649790807918e-11,0.1728122891429411,1.1885603612427076e-11,1.6789180618925368,0.00042472431613660433,2.196253874078236,4.440892098500626e-16,0.05375837190399935,3.9176924718197235,-2.4619750813581476e-06,0.708464057646004,0.37361755328566465,29.36788208806125,10.085205815021874,8.865896925025659,11
25042002,dephasing,30,33,1.0106867570449074,0.18037575093415406,0.2509184181324783,0.39621062841871757,-0.1452922102862393,10.104118800516122,9.909307780075675,0.19481102044044718,4.084915436090729,11.939216302133849,-7.854300866043119,4.9270464685391424e-05,2.5935655177944383e-06,4.6676899167596986e-05,205074.5586637824,3820727.763416027,-3615653.204752245,82907.99492503867,4603398.765220679,-4520490.77029564,1.4377832258105627e-11,0.090798287665665,1.503863700236252e-11,9.229306196919428,0.02633295682257497,0.02720290626280697,-1.7162578403451256e-05,-0.05047543412777422,-4.154325447359604,-1.3251544530468173e-05,0.42942328194354096,0.03886173678264094,3.516553047355039,13.169981072621908,9.512561632891321,11
25042002,dephasing,29,34,1.068665495612687,-0.10021879566193512,0.340662135436054,0.47037045151227874,-0.12970831607622474,10.051028162554838,9.809024645762841,0.24200351679199628,1.8342557494868785,5.297598192630513,-3.4633424431436346,8.359562149184985e-05,7.953658181958367e-06,7.564196330989148e-05,120233.90679061777,1233272.0895666706,-1113038.1827760527,21942.00744910676,666058.0667958913,-644116.0593467845,3.979039320256561e-12,0.2994526352606002,9.063194639225003e-12,1.0847081904390432,-0.02631700523311231,-3.635574810392084,1.7162578403340234e-05,-0.06830987062416138,0.7087331147864866,1.158542311163746e-05,0.1408225022669556,-0.18272912563730173,-31.001552297624745,34.366046452133766,13.025302916469718,11
25042002,dephasing,28,35,1.0687490912341788,-0.028766953953252933,0.3413316832881279,0.4607257061301132,-0.1193940228419853,10.050571535059778,9.62475578066791,0.42581575439186814,6.854745683667197,7.344595933484321,-0.489850249817124,8.35956214916278e-05,2.1594402627167497e-06,8.143618122891105e-05,120228.44445347361,4457060.446098746,-4336832.001645273,81998.86024357995,3401157.262967871,-3319158.402724291,6.7696959149543545e-12,1.0448179030513032,3.5447200730232e-12,0.35844600199994314,-0.048724078764454504,0.5894920156243657,-6.540147276995478e-05,0.36797049113925784,10.556538643816255,-5.865107303210104e-05,0.5583952015417797,0.10682905198638376,16.09862235573063,30.888916032047792,12.275796182958592,11
25042002,dephasing,27,36,1.3198085068535745,0.1264561985161512,0.13969891904346865,0.3233813381389076,-0.18368241909543898,10.147563065093626,10.273876055380402,-0.12631299028677567,10.696251586598784,29.325686930721908,-18.629435344123124,0.00021439856703131532,9.866021819182613e-06,0.0002045325452121327,47330.367947895196,1041339.2797697643,-994008.9118218691,49889.56658948414,2972392.2638913747,-2922502.6973018907,8.135714324453147e-13,0.07193514642009902,1.361932788768172e-11,2.8637836708420785,0.049111114329175365,2.0187831450111293,6.540147276973274e-05,-0.3588022217201532,-18.23108800195758,6.938500361453048e-05,0.6158367861350998,-0.026920678248494832,-8.121158032697124,122.53095603687984,17.368646737951405,11
25042002,dephasing,26,37,1.3200229054206063,0.3175018011936801,0.14403640722431793,0.41573866900227685,-0.2717022617779589,10.146332366469125,10.107169657994238,0.0391627084748869,10.500191199508112,10.807035634022073,-0.3068444345139607,0.00021439856703153737,2.5539665065243966e-05,0.0001888589019662934,47324.62771067229,395744.01747925545,-348419.3897685832,48975.09971679786,423147.1167070624,-374172.0169902645,6.465938895416912e-13,0.864862724467665,2.1431745267364022e-11,2.6795315646999285,-0.010485666253764236,4.512305125118582,1.285390488997562e-05,0.07710306321282268,14.673957449093963,5.715907068382098e-06,0.5907894579431541,-0.04394387358456994,-13.881208480819822,124.13522370721843,17.7731526152699,11
25042002,dephasing,25,38,1.3725831083805113,-0.34701477451934637,0.031715181279533995,0.4175789786372889,-0.3858637973577549,10.16607300035215,10.115640719541245,0.05043228081090412,1.279520562180278,12.611688985273002,-11.332168423092725,0.00018869075725180817,2.6937312668118274e-05,0.0001617534445836899,53876.899687171775,375525.2368404825,-321648.3371533107,6781.04524469503,468186.60571882507,-461405.56047413003,1.120881165661558e-12,0.6551976378570572,2.670952348182709e-11,8.27248175653345,0.010128868234508204,-7.766071513956764,-1.2853904889698065e-05,-0.19807831970629053,-5.148123779927221,-2.5023572017945916e-05,0.10977157462199207,-0.19319685076118936,-26.249122751043902,27.886295620058544,11.65621033109596,11
25042002,dephasing,24,39,1.3727717991377641,0.12639676623317572,0.039025060011584574,0.3508445911507231,-0.3118195311391385,10.165555897766158,9.707697405206655,0.4578584925595024,7.590992952765973,19.65223780458302,-12.061244851817047,0.0001886907572514751,3.995626014496878e-06,0.00018469513123697823,53874.159210767,2429581.0894176066,-2375706.9302068395,40229.80809096641,4918437.744994408,-4878207.936903442,1.0746958878371515e-12,0.39113961166971833,2.809485977195436e-11,18.919857570169803,0.019012999752796134,-3.2051080933956744,-4.818289206970361e-05,0.5167001540718683,-5.105598052674502,-3.533228608570971e-05,0.6719915971615877,0.24617199146911448,31.41290713859096,26.21026687013849,11.296261716389575,11
25042002,dephasing,23,40,1.6427552943541885,0.11922736358203523,0.2001650753776502,0.4537040397854696,-0.2535389644078194,10.127012795674574,10.29512839951021,-0.16811560383563595,20.312681530143017,22.891806705335384,-2.5791251751923667,0.00028505654139054926,6.755151328863285e-06,0.00027830139006168597,35526.330131816874,1524041.1203700763,-1488514.7902382594,71258.42975240863,3388792.5807855255,-3317534.151033117,3.8902214782865485e-13,0.1866547934238092,9.07718344933528e-12,9.872458722342841,-0.019147435484221376,12.968731417499805,4.818289206942605e-05,-0.6676937222879378,5.042384339843427,5.652479605328109e-05,0.8474140461462665,0.5355868537027644,307.7323199658666,104.87271097944458,23.970196886073698,11
25042002,dephasing,22,41,1.6430403508955795,-0.1411870918768226,0.20078418394851782,0.2985768421082232,-0.09779265815970539,10.126764564551433,9.585466820206332,0.5412977443451013,7.0969072725204505,10.278681450774991,-3.181774178254541,0.0002850565413907713,2.6198484610939765e-05,0.00025885805677983154,35525.45931815367,365878.67437965114,-330353.21506149747,24896.489790745116,392338.7784987723,-367442.28870802716,2.5224267119483557e-13,0.058539839926014636,4.390265928577719e-12,2.0679003278961012,0.008134716698654287,-6.903614260730063,-5.8062817704263026e-05,0.6659187552557109,2.3997599250903745,-7.28863560169879e-05,0.3191523374474719,-0.07286998996834207,-36.03221102674432,86.3983038614006,22.23673913615514,11
25042002,dephasing,21,42,1.6822936043979437,-0.3017109032197089,0.23839453232883906,0.441876425736949,-0.20348189340810996,10.110246900030983,10.191373318016566,-0.08112641798558329,7.688361536358007,16.27230456785547,-8.583943031497464,0.0004011821767995194,1.5994741267566503e-05,0.0003851874355319529,25201.13675210283,637170.2516177755,-611969.1148656727,19164.264967334457,1017353.4098267534,-998189.144859419,1.865174681370263e-13,0.11730623884839275,9.9253938401489e-12,0.023252006455745544,-0.008106966403584437,-7.544823471815587,5.8062817704263026e-05,-0.42607602048804516,-10.635386595675563,5.9503849784647844e-05,0.25432006669806495,-0.21795527377321453,-199.19283787567377,258.3037409894133,30.23104561184779,11
25042002,dephasing,20,43,1.6826947865747437,0.020226786038642447,0.2390307192763827,0.4254290170574041,-0.1863982977810214,10.1099431683177,9.961341707657878,0.1486014606598225,23.369462743826737,16.084801437215997,7.28466130661074,0.00040118217679974144,8.67306208496288e-06,0.00039250911471477856,25200.379660346407,1148538.0376705227,-1123337.6580101764,58251.49793604141,1854570.0791308056,-1796318.5811947642,1.1368683772161603e-13,0.9127592457642244,1.0697220886868308e-11,0.9592795629257242,-0.008181313621069108,12.662558526530221,9.193110208483013e-05,0.16402371554763828,21.255491395459323,9.778544002242429e-05,0.723927682462337,0.2555606131572256,266.3182999306984,279.8134890043579,32.281487930310625,11
25042002,dephasing,19,44,1.8534485655789306,-0.0636492232081515,0.20267409609210696,0.39637481454186985,-0.1937007184497629,10.126002063846556,10.075720155636605,0.05028190820995171,13.725446898235026,33.08316404443473,-19.357717146199704,0.00021731997263030323,1.3060058777547567e-05,0.00020425991385275566,46594.89848672372,771491.1798833905,-724896.2813966668,63157.779435138495,2533155.8309148075,-2469998.051479669,7.58326734739967e-12,0.04084215120369805,1.3297807299750275e-11,13.22018381821104,0.007151021302396643,-2.5574005559569226,-9.19311020846636e-05,-0.07742900246224327,-18.935364299394536,-9.483892699901908e-05,0.6615845193228387,0.2614612832859514,112.53554210767942,75.85235044877214,20.746324161711442,11
25042002,dephasing,18,45,1.8536658855515613,-0.012992121504446785,0.19829255232309664,0.36837461901808655,-0.1700820666949899,10.127758916770619,10.020938556086051,0.10682036068456746,9.19623216455716,17.325599164778232,-8.129367000221073,0.0002173199726301922,1.1631405641421289e-05,0.00020568856698877092,46602.98266282577,861541.4907721808,-814938.5081093551,42316.55311408561,1489553.343671466,-1447236.7905573803,7.645439836778678e-12,0.09403190512019144,1.2610357202902378e-11,1.8538151845528184,0.023205052266026982,-3.8256687364741637,0.00010786066944040718,0.13711362571853325,3.1403734147288898,0.00010276441281015236,0.50036315574692,0.07045606848770629,23.79948794812927,60.77119807617662,18.379115366363006,11
25042002,dephasing,17,46,1.8816603935052554,0.15940932372992553,0.2897812764582862,0.33996075886705857,-0.05017948240877235,10.083105665162627,10.19397410344051,-0.11086843827788329,12.318354903827622,15.500118587527844,-3.181763683700222,1.5986337492668312e-06,1.023924478538163e-08,1.5883945044814496e-06,6307326.909485654,995578708.8901565,-989271381.9806708,7705551.637125822,1513795100.3629742,-1506089548.7258484,6.973088773065683e-11,0.42134439713763605,1.0684519935466597e-09,11.05213956931066,-0.021416355833217438,1.3496183110464717,-0.00010786066944040718,-0.34028211241617345,3.122049304060141,-0.00010198955976647994,0.3614736687844609,-0.08529627739374687,-99.05631512591205,250.7981826494177,34.07815275927914,11
25042002,dephasing,16,47,1.8816619921390059,0.17041253393379308,0.2929056632795253,0.3302953303862121,-0.03738966710668684,10.081285125221072,9.72927813762906,0.3520069875920129,12.741241021005141,17.219499996304794,-4.478258975299653,1.598633749155809e-06,1.3129219600394038e-07,1.4673415531518685e-06,6306188.100022722,74104009.48230816,-67797821.38228545,7970081.344606551,131154025.29932547,-123183943.95471892,7.425349224376987e-11,0.1122630837098697,1.0685621276707025e-09,4.918219856060539,-0.03286776505951572,-2.3094017948726204,-6.128739977240283e-05,0.6552951851878266,2.2526470887502335,-5.7248577734758666e-05,0.3934099346252462,-0.08281785111837736,-86.86739028836547,249.20661305731207,32.38667837322402,11
25042002,dephasing,15,48,1.9006317320412496,0.2608047764299041,0.14791462970526897,0.45723438979928044,-0.30931976009401146,10.145200115398548,10.640908072312293,-0.49570795691374414,17.7829307279279,28.062979172327452,-10.28004844439955,0.00012417343329385044,8.329989222510825e-06,0.00011584344407133962,81701.85720314604,1277421.5894009178,-1195719.7321977718,143210.4296081228,3368909.4214540543,-3225698.9918459314,5.6754601018838e-12,0.2119621683837476,2.1451285192597425e-11,28.532723630901557,0.03126880036298019,0.48976884536683585,6.128739977218078e-05,-1.1506132327527183,-4.931848099360842,5.802771378804472e-05,0.5475163465445134,0.0824276770859208,86.95319707636594,229.27942819829627,32.47926904862341,11
25042002,dephasing,14,49,1.9007559054745442,0.16030325867867906,0.1431829187486642,0.2686875230126011,-0.12550460426393692,10.146577504850065,9.18877394076413,0.9578035640859355,21.845082744116986,28.06322445889475,-6.218141714777765,0.0001241734332941835,1.0009314280745585e-05,0.00011416411901343793,81712.94966783645,918022.3223123398,-836309.3726445034,175923.96509133364,2803710.990759733,-2627787.0256683994,5.88862292261183e-12,0.14656450012259548,1.9984014443252818e-11,6.575432929295527,-0.005639739818052547,6.988352383223532,-7.515891185133627e-05,1.2000194190170497,3.942195045028985,-7.366982084588969e-05,0.6307190347457593,0.18437335761056065,221.17379858601902,256.0338415108628,34.63520448992425,11
25042002,dephasing,13,50,1.9348470216724338,-0.2799836884900522,0.0885690642272667,0.43716879871128256,-0.3485997344840159,10.159234373937686,10.14795812688617,0.011276247051515753,11.930529993859007,21.971155069072957,-10.04062507521395,0.0002744912569971891,1.4666821349873516e-05,0.0002598244356473156,37011.14011817768,691898.9387549665,-654887.7986367889,43464.1530093659,1498017.5011992243,-1454553.3481898583,2.8066438062523957e-13,1.1501056405655756,1.4850343177386094e-12,6.174578913815342,0.0063100012464225586,-4.733821422824182,7.515891185155832e-05,-0.38825150012083043,7.853660363640916,7.314546301634417e-05,0.7513056969946096,0.39870538124355004,100.53984400706632,41.797701927285246,15.879727841254288,11
25042002,dephasing,12,51,1.9351215129294315,-0.08892200421756069,0.08836069568859486,0.49106789970563325,-0.4027072040170384,10.159271240532462,10.318019310273705,-0.15874806974124311,11.483620089249396,41.05404925218136,-29.570429162931962,0.0002744912569970781,1.529743074857315e-05,0.00025919382624850495,37011.27442700518,674493.6113690926,-637482.3369420874,41836.01406791487,2683721.8567575887,-2641885.842689674,3.232969447708456e-13,0.15217011017792892,9.71667191151937e-13,9.943847339878317,0.006958041810387172,2.3963739816403375,7.079410410737452e-05,-0.20122016582496727,-20.059669579659122,6.715985231797728e-05,0.7707460329353137,0.4242458521020142,94.1786891823145,37.694841171910596,14.89935672521812,11
25042002,dephasing,11,52,2.1347414769201105,-0.3631325194325398,0.14726448848610973,0.4029878369077315,-0.25572334842162175,10.145392023506464,10.071724078390531,0.07366794511593255,6.2439622213591095,15.224856312690838,-8.980894091331727,0.00013290304878221804,8.659536568478288e-06,0.00012424351221373975,76336.7892344685,1163078.878268471,-1086742.0890340025,46981.33171941598,1758160.6350749845,-1711179.3033555686,2.8599345114344032e-12,0.05781839685239021,1.0652811965883302e-11,8.757387901476445,-0.006820626494947746,-0.9590426255130788,-7.079410410743003e-05,0.16962205620623472,9.407449419174199,-6.604576245855531e-05,0.45690696266984776,-0.02758727919552056,-5.151976237231274,44.13904045888424,13.665719132107697,11
25042002,dephasing,10,53,2.1348743799688936,-0.2565858217324266,0.148070232001077,0.3129811056104297,-0.1649108736093527,10.14515405947036,10.178314211909722,-0.03316015243936121,2.922389604494982,10.128647462574872,-7.20625785807989,0.00013290304878221804,1.1518325686132869e-05,0.00012138472309608517,76334.99872598669,883662.6510885681,-807327.6523625815,21988.88310894782,879350.6746183556,-857361.7915094078,2.7906565946977935e-12,0.30947363495923064,1.0183853760281636e-11,2.489855612193333,-0.004873984043850754,-5.55466006054798,2.009480657250151e-05,0.008210572815675832,-0.8574435054024674,1.8010772273369113e-05,0.20320619957666247,-0.2214393543168926,-45.79911941842992,54.33948041891978,14.381399832230606,11
25042002,dephasing,9,54,2.1608931127576194,0.06736562028838916,0.11142167450579134,0.40408725709063964,-0.2926655825848483,10.154664063521961,10.311073459147968,-0.15640939562600664,10.710137108726816,14.426871722749933,-3.7167346140231174,9.271343563721501e-05,1.0209046205522654e-05,8.250438943169236e-05,109527.42710621649,1009993.8085861657,-900466.3814799492,115518.71673308787,1413145.8935846149,-1297627.176851527,3.943512183468556e-13,0.005147380465402307,2.440714297335944e-12,3.109612258832966,0.004858136452854822,3.4981668926357035,-2.009480657239049e-05,-0.1345337265397264,7.755532445876515,-2.123927873520781e-05,0.816942519809515,0.3704084423933776,63.66312263244292,51.04391425532141,13.1100253065856,11
25042002,dephasing,8,55,2.1609858261932566,-0.3367155757965127,0.11234348406256414,0.39654199626681785,-0.28419851220425374,10.154457794667852,10.165048980401052,-0.010591185733199282,11.501550827687243,27.239827089406617,-15.738276261719374,9.271343563699297e-05,6.610822399277794e-06,8.610261323771518e-05,109525.2023064518,1537637.5837159902,-1428112.3814095384,124054.84435632419,4120489.924579196,-3996435.080222872,3.765876499528531e-13,0.4085394217942593,1.000088900582341e-12,9.427224995781998,0.018670881630587388,1.0067757225543232,3.9139967435652956e-05,0.23872186539422025,-16.21372959363562,3.819335574273275e-05,0.9334025247515638,0.6019181863619396,91.39287276325567,40.89279867858249,12.322176684434188,11
25042002,dephasing,7,56,2.5524435325715658,0.010336050890219411,0.22398457659888477,0.36109272085856914,-0.13710814425968437,10.11690976255257,10.459126469181403,-0.3422167066288324,10.279413101539022,5.611771823683416,4.667641277855607,1.4433500765465013e-05,1.119375207192519e-06,1.3314125558272494e-05,700932.4991175574,9343718.175975788,-8642785.676858231,712191.2603583005,5013307.233915052,-4301115.973556751,1.411084582514377e-10,1.0660211707540128,2.7690560955306864e-10,0.5024645592808614,-0.01878124006179327,-0.07427380912652559,-3.9139967435875e-05,-0.534083790358598,10.122212290572051,-3.6550743445440403e-05,0.7643348818528903,0.27774687064975423,50.23639352085709,55.42994019407125,13.448834203088788,11
25042002,dephasing,6,57,2.552457966072332,0.1790638430577329,0.22395232189717862,0.3146707674730485,-0.09071844557586989,10.116924210560875,9.722598857368144,0.39432535319273043,9.205822993643853,4.376688757357366,4.829134236286487,1.4433500765687057e-05,8.063759959764383e-07,1.3627124769710619e-05,700933.5001119039,12057153.121968962,-11356219.621857058,637809.4367465564,5427602.978257862,-4789793.541511306,1.4352075083934324e-10,0.052099099381331726,2.7830715509935544e-10,0.787602940717405,0.03176056619805756,-0.005657930249409304,-6.952468885046414e-07,0.6722346875764007,4.862947883797836,-6.192326058584996e-07,0.7252762690894998,0.2462225349843531,39.66852965438304,45.07864733338463,12.692850139799905,11
25042002,dephasing,5,58,2.6005087882017164,0.02157766888031501,0.3371369556416775,0.405791820594923,-0.06865486495324552,10.053417526173064,10.267019488311572,-0.21360196213850813,8.143548746247504,12.878817319125808,-4.735268572878304,1.5823994542918385e-05,6.454053500526413e-07,1.5178589192865743e-05,635327.4136252914,15907862.380555354,-15272534.966930063,514632.934443973,19954618.160626296,-19439985.226182323,8.37143687704156e-11,0.06647863904948892,3.7490721638278046e-10,12.147978360462858,-0.03176814563008534,-1.1199785906423365,6.95246888726686e-07,-0.5023228766587788,-6.597910296927213,8.923586110043402e-07,0.6131362828020085,0.11222346645563273,19.79689350884854,46.52049267060791,13.281792277639108,11
25042002,dephasing,4,59,2.6005246121962595,-0.006225473756595545,0.3370930436436949,0.44101775431636364,-0.10392471067266873,10.053447133045424,9.870330657197613,0.183116475847811,9.321231680135828,10.425082468324497,-1.1038507881886694,1.582399454269634e-05,8.786581486841527e-07,1.4945336394012187e-05,635329.2846454913,11233413.8959265,-10598084.611281008,589056.8057885295,11864776.402445856,-11275719.596657326,7.671197010949982e-11,0.41677007711683345,3.710507456844425e-10,0.3424202624130164,-0.019524961122650453,1.94790274426472,5.4039772964253885e-06,0.1838301493922323,0.5938894645406814,4.927164748425028e-06,0.6684664809691329,0.1586092532739532,30.840105504325784,56.04525453392633,13.944202059030612,11
25042002,dephasing,3,60,2.7625074275378028,0.09402773482342314,0.2730424703827071,0.4279973447441116,-0.15495487436140448,10.092526662163085,9.88035204711342,0.2121746150496655,6.603109125494711,5.263321058075109,1.3397880674196028,5.016039949623519e-06,1.5828585131494322e-07,4.857754098308575e-06,2012050.6940780214,62420942.649222426,-60408891.955144405,1316398.8309124832,33251999.558713667,-31935600.727801185,2.680380362107826e-10,0.014588311444997615,5.324585217181266e-10,0.9683735665153161,0.019524221458331326,-1.0818774567051186,-5.403977297091522e-06,-0.09810258936335714,2.4777005147169646,-5.039511168813959e-06,0.4727266442140162,-0.0852031735744127,-16.62388624609693,60.22493636575256,13.968134028505402,11
25042002,dephasing,2,61,2.762512443577754,0.06806648474679261,0.272985539893391,0.43519321064413036,-0.16220767075073933,10.092557748364083,9.655119815385849,0.4374379329782343,6.048741484263832,7.2207155906698866,-1.1719741064060543,5.016039950733742e-06,1.6684581050085967e-07,4.849194140232882e-06,2012056.8909918177,57868518.16297839,-55856461.271986574,1205879.8461880328,43277775.8637978,-42071896.01760977,2.7907809396765515e-10,0.24861682769722826,5.316787010656299e-10,2.938725753072956,-0.024182197064433808,-3.95313389543562,1.3363006085009843e-06,0.3246130603523314,-1.1189681438063754,1.3001276312207821e-06,0.4377133154585416,-0.10406160381830004,-19.871975631517422,56.459249178222485,13.818956999733915,11
25042002,dephasing,1,62,2.808624788819106,0.004825865350907094,0.16163422954243334,0.371920966238098,-0.21028673669566467,10.14095322869395,10.12747809849181,0.013475130202140306,13.400641633904193,14.846441626523154,-1.4457999926189604,2.343438734841996e-06,1.0305981512637175e-07,2.2403789197156243e-06,4327381.4151483225,98267962.9890032,-93940581.57385488,5718366.533191113,144056552.09373775,-138338185.56054664,6.290825638188835e-10,0.34005889450271276,2.6765878402557064e-09,3.7392291763155647,0.0241902883260412,3.573044089882133,-1.3363006077238282e-06,-0.41179882743723084,3.2530976409723227,-1.2905210851066329e-06,0.9981497010111491,0.6886533209151131,124.12534554563328,55.451850618778025,13.425482789794932,11
25042002,dephasing,0,63,2.808627132257841,-0.024485353066051485,0.16158812123837601,0.3839625535533772,-0.2223744323150012,10.140968132371736,9.727858150071228,0.413109982300508,13.606453603780288,21.8322747645568,-8.225821160776512,2.343438734397907e-06,1.3083286498627444e-07,2.2126058694116324e-06,4327387.775715513,74353322.0883894,-70025934.31267388,5806191.305136106,166871487.27383754,-161065295.96870142,6.092673032753737e-10,0.5869272925472675,2.6822331022913204e-09,0.4196375581234122,1.4903677785227387e-05,0.20581196987609474,-4.440892098500626e-16,0.3996348520983677,-6.7800211681575515,-2.777305030399191e-08,0.9999995993722638,0.6789746285698385,125.70246218727425,59.43311752103162,13.606459056245729,11
25042002,transverse,31,32,1.010637486580221,-0.14368580372897996,0.6075281110558738,0.21859267493777007,0.3889354361181037,4.047161521482792,4.428894784165982,-0.3817332626831895,0.5600917571027207,5.365423344722573,-4.805331587619852,4.927046468583551e-05,5.055540599596675e-06,4.421492408623884e-05,82141.7363787577,876047.7137735406,-793905.9773947828,11367.697882982182,1061295.6693791798,-1049927.9714961976,2.5011104298755527e-12,0.2937404170757638,7.325473561081708e-12,0.568068055806787,-0.012270127173423795,0.28381199695728876,4.440892098500626e-16,-0.11988782508318874,1.6799185011959104,-2.4619750813581476e-06,0.3123960442402435,0.020894613967713613,0.06716479018257587,0.246537986187773,1.7928900427060541,11
25042002,transverse,30,33,1.0106867570449074,0.18037575093415406,0.6034865420209725,0.3017898457041928,0.3016966963167797,4.059431648656216,4.321277086256217,-0.2618454376000008,0.276279760145432,6.761529848961194,-6.4852500888157625,4.9270464685391424e-05,2.5935655177944383e-06,4.6676899167596986e-05,82390.77253638787,1666153.0455305483,-1583762.2729941604,5607.41129416115,2607040.3090148973,-2601432.897720736,2.0161650127192843e-12,0.37870671673751044,3.2555624862595778e-12,1.7820060987350308,0.08477574627710593,-0.506741054768071,-1.7162578403451256e-05,0.09318422022155515,-3.186772383125151,-1.3251544530468173e-05,0.15483225735503192,-0.05553304800110697,-0.17681811662344105,0.25314862248864056,1.784381141653444,11
25042002,transverse,29,34,1.068665495612687,-0.10021879566193512,0.7227190620500443,0.2178159090576025,0.5049031529924418,3.902150283275428,4.23047633623535,-0.32832605295992234,1.005949872724285,2.7975736964856557,-1.7916238237613706,8.359562149184985e-05,7.953658181958367e-06,7.564196330989148e-05,46678.88357832076,531890.6394332517,-485211.75585493096,12033.523464172822,351734.2124195776,-339700.68895540474,1.5836221223253233e-12,0.23121547244405605,5.83735282333464e-11,0.48462174559522664,-0.0794778189085461,0.5807142122215792,1.7162578403340234e-05,-0.05325175907872293,2.533353678454918,1.158542311163746e-05,0.4408735047793343,0.050231911439074385,0.2615196852323519,0.7504154611431851,2.2817199532068075,11
25042002,transverse,28,35,1.0687490912341788,-0.028766953953252933,0.7145736031385395,0.2103193474242412,0.5042542557142983,3.903824555711732,4.19212770587413,-0.28830315016239805,0.5741915608599799,2.738896476476796,-2.1647049156168157,8.35956214916278e-05,2.1594402627167497e-06,8.143618122891105e-05,46698.91180966583,1941302.9284728144,-1894604.0166631485,6868.679849667556,1268336.3016632113,-1261467.6218135438,1.865618770580113e-12,0.1056865587222342,6.784384165570145e-11,0.01971679266351689,-0.055911675268089045,-3.9160868311983767,-6.540147276995478e-05,-0.012177327956186534,0.1876098540379849,-5.865107303210104e-05,0.2513930517631963,-0.07954581033195537,-0.4149773380799329,0.7446732866032741,2.2840391044955015,11
25042002,transverse,27,36,1.3198085068535745,0.1264561985161512,0.6356134781404316,0.20784375464642607,0.4277697234940055,4.017322178684214,4.241247770136715,-0.22392559145250068,7.974606911392428,10.887612626940658,-2.9130057155482305,0.00021439856703131532,9.866021819182613e-06,0.0002045325452121327,18737.63539705673,429884.28850728984,-411146.65311023314,37195.24352150939,1103546.376288339,-1066351.1327668296,3.055333763768431e-13,0.24589469374653383,1.219557788090242e-11,3.572987245205365,0.062394483083200836,4.152965944592589,6.540147276973274e-05,0.0369574991464976,-2.8919315156014043,6.938500361453048e-05,0.856316651175953,0.07860732976948015,6.8173067431192464,56.777048648124925,9.312684624831444,11
25042002,transverse,26,37,1.3200229054206063,0.3175018011936801,0.6424719817260431,0.2676532881432671,0.37481869358277603,4.006030835490295,4.239493866525893,-0.2334630310355985,7.069090372739698,4.946533857016535,2.122556515723163,0.00021439856703153737,2.5539665065243966e-05,0.0001888589019662934,18684.9701980565,165996.45514910342,-147311.48495104694,32971.72397472161,193680.4513442151,-160708.7273694935,2.5934809855243657e-13,0.14618504918444408,7.859490835926408e-12,1.1437120849077091,-0.028876580158778253,0.7169232636648601,1.285390488997562e-05,0.07343114027339581,4.056327536133216,5.715907068382098e-06,0.761871725257273,-0.07891370031745393,-6.793847018536418,56.76588571641594,9.278583439156769,11
25042002,transverse,25,38,1.3725831083805113,-0.34701477451934637,0.6062277324335579,0.22469664400789352,0.38153108842566436,4.052492652613932,4.44235540377942,-0.38986275116548796,4.729727306757247,5.684263632029122,-0.9545363252718753,0.00018869075725180817,2.6937312668118274e-05,0.0001617534445836899,21476.900679379185,164914.57253036162,-143437.67185098244,25066.02536151475,211018.2148480144,-185952.18948649967,5.133671265866724e-13,0.16292511215773775,7.784350941619778e-11,4.351679682355881,0.02323547086809441,-0.8463108772677472,-1.2853904889698065e-05,-0.004170997188386316,-1.008672929299844,-2.5023572017945916e-05,0.7438702346618755,0.0725608956274995,2.933462066806541,19.436858329132022,6.358269340983234,11
25042002,transverse,24,39,1.3727717991377641,0.12639676623317572,0.6054144743050751,0.28495241889667067,0.32046205540840444,4.052483528001379,4.590404004919984,-0.5379204769186048,4.08298599531029,6.097269302977516,-2.0142833076672257,0.0001886907572514751,3.995626014496878e-06,0.00018469513123697823,21476.852321921022,1148857.2724937568,-1127380.420171836,21638.505535640754,1525985.9858894409,-1504347.4803538,5.631051180898794e-13,0.09615133767133255,7.693135017916575e-11,1.6675513272629816,-0.025020130095831483,-0.8430106951230076,-4.818289206970361e-05,-0.30036959027796817,0.7599207469534197,-3.533228608570971e-05,0.645652480481251,-0.06881858996008705,-2.7520980518265787,19.422872689413058,6.323813690344006,11
25042002,transverse,23,40,1.6427552943541885,0.11922736358203523,0.5555437444313969,0.2748441476641045,0.2806995967672924,4.1025146635804886,4.187753685696274,-0.08523902211578527,5.122266074109348,9.716137858078763,-4.593871783969416,0.00028505654139054926,6.755151328863285e-06,0.00027830139006168597,14391.933065516745,619934.8440652866,-605542.9109997698,17969.298473636678,1438330.1550275907,-1420360.856553954,7.069900220812997e-13,0.03465553940473498,2.822098110755178e-11,5.037360684238026,0.01726114453893768,0.7662674372969596,4.818289206942605e-05,0.3513457508337243,-3.4183823946856986,5.652479605328109e-05,0.71371707717644,0.037691471071793096,1.9414006887882636,24.29620904535334,7.176885964940494,11
25042002,transverse,22,41,1.6430403508955795,-0.1411870918768226,0.5570867435851987,0.30348910097061643,0.2535976426145823,4.1180235100817235,4.453272579062138,-0.3352490689804144,4.629011278314486,4.965706749214695,-0.33669547090020835,0.0002850565413907713,2.6198484610939765e-05,0.00025885805677983154,14446.339277078749,169982.06748197085,-155535.7282048921,16238.923182502172,189541.75491284532,-173302.83173034314,4.3076653355456074e-13,0.07253665851211899,2.786837427493083e-11,0.2071295665380477,0.05984833325229122,-2.3011508451862905,-5.8062817704263026e-05,-0.026572079477744204,1.5077538413143445,-7.28863560169879e-05,0.6377161510778788,-0.05502041905816263,-2.898982135885813,24.326727550817036,7.258733012342017,11
25042002,transverse,21,42,1.6822936043979437,-0.3017109032197089,0.646877897336298,0.21772916282626015,0.4291487345100378,4.013835690078376,4.545950646967931,-0.5321149568895551,8.738058172892206,7.833085013351896,0.9049731595403099,0.0004011821767995194,1.5994741267566503e-05,0.0003851874355319529,10005.019968980796,284215.3287084442,-274210.3087394634,21780.773619110274,489728.772870838,-467947.9992517277,1.829647544582258e-13,0.4298446615585041,1.5157652910602337e-11,1.1180630583536741,-0.04046094329001004,2.174231646930009,5.8062817704263026e-05,-0.23467945588051764,2.4414720877865035,5.9503849784647844e-05,0.8033448959439394,0.01912664507981577,2.262895948555709,74.09076468420668,10.877094280433527,11
25042002,transverse,20,43,1.6826947865747437,0.020226786038642447,0.6453884968623118,0.20669693027394753,0.4386915665883643,3.9905697566550486,4.250191689692709,-0.25962193303766057,8.498641773609908,11.234944159202087,-2.736302385592179,0.00040118217679974144,8.67306208496288e-06,0.00039250911471477856,9947.026531657277,490045.11302433506,-480098.0864926778,21183.996361463946,1295383.8043752655,-1274199.8080138015,3.6415315207705135e-14,0.07648088819616561,1.616662359538168e-11,2.349601847111094,-0.1732094908245454,2.4491608422829705,9.193110208483013e-05,0.01810489093178269,0.6813395226007817,9.778544002242429e-05,0.784401227956659,-0.015512404376290697,-1.8209651530150381,74.04787714906841,10.834559496729852,11
25042002,transverse,19,44,1.8534485655789306,-0.0636492232081515,0.3377998499170808,0.2583611061531498,0.07943874376393101,4.313722804880812,4.3370614959301435,-0.023338691049331395,3.3609036897616686,11.1011606656879,-7.740256975926231,0.00021731997263030323,1.3060058777547567e-05,0.00020425991385275566,19849.63808282435,332085.9093977647,-312236.27131494036,15465.231515922906,850008.4765906765,-834543.2450747535,1.77280412572145e-12,0.27732192663575095,4.2592596116719506e-12,1.4417240821498627,0.16841006139395898,-2.1079657291748166,-9.19311020846636e-05,0.18812584938976595,-4.32744790228812,-9.483892699901908e-05,0.6066452623418672,-0.030892286820633007,-0.9481838912903129,12.243857503129753,5.540146603610279,11
25042002,transverse,18,45,1.8536658855515613,-0.012992121504446785,0.3369523896226796,0.22573614408323656,0.11121624553944304,4.3000557303186575,4.463362878159192,-0.16330714784053413,2.439097064263063,6.528412825947106,-4.089315761684043,0.0002173199726301922,1.1631405641421289e-05,0.00020568856698877092,19786.748904280194,383733.74773075106,-363946.99882647087,11223.529226251154,561274.6238252054,-550051.0945989542,1.8340884366807586e-12,0.09413247109836753,1.0169642905566434e-11,1.2870939105208041,-0.0069508422675710335,0.09327993545040192,0.00010786066944040718,-0.15614693463973017,1.9211121535225884,0.00010276441281015236,0.45398786553923764,-0.1401553167924271,-4.045565662377174,9.99476015129578,5.3726040923372365,11
25042002,transverse,17,46,1.8816603935052554,0.15940932372992553,0.34508126334454126,0.2534499923477769,0.09163127099676438,4.300290340291646,4.291272075643922,0.009018264647723484,1.3307305678636538,5.6113294223506855,-4.280598854487032,1.5986337492668312e-06,1.023924478538163e-08,1.5883945044814496e-06,2689978.4533285713,419100447.89343137,-416410469.4401028,832417.4117267049,548021806.2919905,-547189388.8802638,8.736655843222252e-11,0.4634215442745795,3.7763125959600075e-11,0.3017771884675273,-0.0012694330697362588,-0.6568137707189681,-0.00010786066944040718,0.2882928724389604,0.6096682054272327,-0.00010198955976647994,0.3966348100396397,-0.06596509023431514,-0.7425278947091911,2.513371739006295,3.3550523912653825,11
25042002,transverse,16,47,1.8816619921390059,0.17041253393379308,0.33973297463898655,0.29813340460250726,0.041599570036479294,4.303063816404107,4.6983058841460466,-0.3952420677419397,1.5359916129021807,7.227209971046666,-5.691218358144486,1.598633749155809e-06,1.3129219600394038e-07,1.4673415531518685e-06,2691713.357531972,35785111.58427908,-33093398.22674711,960815.2046791783,55046759.75432509,-54085944.549645916,7.87121479106645e-11,0.05873814728258342,7.648770505852553e-12,0.8080216839097716,0.07214156167999786,-0.7649347926198127,-6.128739977240283e-05,-0.2965528489715865,-1.2503204167240947,-5.7248577734758666e-05,0.41334442682358447,-0.0724159804594143,-0.9999722103769786,3.359242445270951,3.716009006585393,11
25042002,transverse,15,48,1.9006317320412496,0.2608047764299041,0.511406932503257,0.22275258438407156,0.28865434811918544,4.161554169156572,4.367950871345002,-0.20639670218842987,3.271122243180333,7.872319271534083,-4.60119702835375,0.00012417343329385044,8.329989222510825e-06,0.00011584344407133962,33514.0461108815,524364.528532777,-490850.4824218955,26343.173063753336,945057.5578489415,-918714.3847851882,4.04387634489467e-12,0.09780318977787861,1.4123369140861541e-11,5.197529991387246,-0.06518551880389811,0.269264949944509,6.128739977218078e-05,0.12082671566614955,-0.1418027722693571,5.802771378804472e-05,0.5115796013691061,-0.06053757787838056,-2.4750965840490924,13.17533731383363,6.39416081958552,11
25042002,transverse,14,49,1.9007559054745442,0.16030325867867906,0.5139455652496507,0.2721432549135107,0.24180231033614003,4.1504155595168335,4.409620327484053,-0.25920476796721914,4.467722973569467,7.695293127593768,-3.227570154024301,0.0001241734332941835,1.0009314280745585e-05,0.00011416411901343793,33424.344075950146,440551.6905355463,-407127.3464595961,35979.70077049277,768813.2185435337,-732833.5177730409,3.9390712913700554e-12,0.028081709463195104,4.8894222004491894e-12,1.0829041791164178,-0.013912822230979671,2.393281438084395,-7.515891185133627e-05,0.001645522841593916,3.6779026357928073,-7.366982084588969e-05,0.7640390272145126,0.2748053508418659,9.396509810788466,10.564038757792602,5.84750623258073,11
25042002,transverse,13,50,1.9348470216724338,-0.2799836884900522,0.4948722374165522,0.2654969234594047,0.2293753139571475,4.167102594339054,4.4824064737682505,-0.31530387942919624,0.877760827789811,10.087509379070276,-9.209748551280466,0.0002744912569971891,1.4666821349873516e-05,0.0002598244356473156,15181.18514930232,305615.40001350775,-290434.21486420545,3197.7733549407717,687777.4766894034,-684579.7033344626,4.11226608321158e-13,0.009960413070549734,1.6473600261690535e-11,1.0829643326576726,0.003000791613321674,-3.3709384081440597,7.515891185155832e-05,-0.1356975716366069,-2.6957214208322933,7.314546301634417e-05,0.15685825270016027,-0.20571645070181396,-6.441791556043864,7.212255626831607,5.595885537877399,11
25042002,transverse,12,51,1.9351215129294315,-0.08892200421756069,0.5013864659590417,0.28582953581661963,0.21555693014242205,4.177788045934632,4.277795893552591,-0.10000784761795956,4.029675498298275,13.83015960517032,-9.800484106872045,0.0002744912569970781,1.529743074857315e-05,0.00025919382624850495,15220.1133531153,279641.46161940286,-264421.3482662876,14680.52404430925,904083.8185497465,-889403.2945054373,2.646771690706373e-13,0.026842433450451786,1.453415165997285e-11,0.3422810448364846,0.1357041326854702,3.30437698080052,7.079410410737452e-05,0.21305014792513322,-1.6057012907838022,6.715985231797728e-05,0.7294366556850216,0.3147687983122998,9.606311340341094,6.631973281306717,5.524366601129611,11
25042002,transverse,11,52,2.1347414769201105,-0.3631325194325398,0.705581117700192,0.27249240220463244,0.4330887154955596,3.917065232159269,4.2278773438162585,-0.3108121116569893,0.5728362072056989,7.752653288101719,-7.17981708089602,0.00013290304878221804,8.659536568478288e-06,0.00012424351221373975,29473.102897571443,488233.6728279686,-458760.56993039715,4310.181086548125,895273.4625917826,-890963.2815052344,9.183764859699295e-13,0.23329934854686307,2.1020962748252714e-12,4.3197245728812526,-0.1387126155284819,-1.88394397053746,-7.079410410743003e-05,-0.04680453880434543,-0.3396175430708128,-6.604576245855531e-05,0.30124440370176353,0.0025797897966041944,0.009328402283398929,0.31881291800146505,1.90156630352539,11
25042002,transverse,10,53,2.1348743799688936,-0.2565858217324266,0.7005183132420937,0.2710489499749116,0.4294693632671821,3.9337676494408704,4.361774947528199,-0.4280072980873282,0.8838848571880429,4.763799825966414,-3.879914968778371,0.00013290304878221804,1.1518325686132869e-05,0.00012138472309608517,29598.776593055816,378681.33497730683,-349082.558384251,6650.598803315816,413584.400699977,-406933.80189666117,8.664180484174722e-13,0.15662043220094368,1.5120127372370007e-12,0.011469558875354835,-0.05218476394762206,0.23727142001279733,2.009480657250151e-05,-0.13659102346231733,4.310961099283761,1.8010772273369113e-05,0.4794888621887318,0.1508538872263294,0.5126144515272291,0.26863798924038845,1.8433897570719102,11
25042002,transverse,9,54,2.1608931127576194,0.06736562028838916,0.6070155845337943,0.2715686921741669,0.33544689235962744,4.054839594617715,4.326860032210748,-0.2720204375930324,0.7203906671447922,9.922325722373037,-9.201935055228244,9.271343563721501e-05,1.0209046205522654e-05,8.250438943169236e-05,43735.1886136998,423826.0798418272,-380090.8912281274,7770.0784378615845,971915.0567665652,-964144.9783287036,7.744915819785092e-13,0.07004113900820208,1.2613243782766403e-12,8.130473786548968,0.05917973327486292,-0.14068187016845712,-2.009480657239049e-05,0.019170855421443367,-2.3591720772460887,-2.123927873520781e-05,0.39870295826701313,0.07362552675922492,0.24036191448778482,0.27860079882096395,1.8068355205479758,11
25042002,transverse,8,55,2.1609858261932566,-0.3367155757965127,0.5988676368005772,0.24717968444506874,0.3516879523555084,4.0575520732448345,4.211927361186458,-0.15437528794162336,0.8382602174384557,10.643871204624395,-9.80561098718594,9.271343563699297e-05,6.610822399277794e-06,8.610261323771518e-05,43764.44520006394,637126.0800542145,-593361.6348541505,9041.410359557283,1610067.6378459653,-1601026.227486408,7.602807272633072e-13,0.11535173362788509,1.0944578576754793e-12,2.476694456500457,-0.11787327663658775,0.08893300285730621,3.9139967435652956e-05,0.030370797724398102,-4.41922066290188,3.819335574273275e-05,0.44822938907108567,0.10648226061712117,0.37242113294620016,0.3302590591944071,1.870158980820189,11
25042002,transverse,7,56,2.5524435325715658,0.010336050890219411,0.34786278992387376,0.23908290874239363,0.10877988118148013,4.296011105145128,4.393482838884139,-0.09747173373901052,0.7782637620175068,2.3491093553573816,-1.5708455933398748,1.4433500765465013e-05,1.119375207192519e-06,1.3314125558272494e-05,297641.6584550422,3924942.0664795134,-3627300.4080244713,53920.6513141743,2098589.7670979626,-2044669.1157837883,1.1688428003253648e-12,0.2853131927628514,1.107947067424675e-11,0.7859821008449759,0.11647040999589997,-0.06353417374669035,-3.9139967435875e-05,-0.0026074692500626107,3.7753471247455317,-3.6550743445440403e-05,0.4588217206359531,0.1255193844793301,0.36114073743327746,0.24455374584543169,1.6962225784442237,11
25042002,transverse,6,57,2.552457966072332,0.1790638430577329,0.34739249978801323,0.2399367485951877,0.10745575119282552,4.301529317053621,4.3368825580898935,-0.035353241036272465,0.8453356540899386,1.732110103074812,-0.8867744489848735,1.4433500765687057e-05,8.063759959764383e-07,1.3627124769710619e-05,298023.9781661079,5378238.662521663,-5080214.684355555,58567.610714343515,2148017.936691438,-2089450.3259770942,3.993250174971763e-12,0.2716095843765487,9.841460979487238e-12,0.047512935134116585,0.05372445328996189,0.0639687647432221,-6.952468885046414e-07,0.06574487188307687,2.3091288578282123,-6.192326058584996e-07,0.5010538166496441,0.1670756223452481,0.47555714583757414,0.23903522222840798,1.687115487387461,11
25042002,transverse,5,58,2.6005087882017164,0.02157766888031501,0.4731150506042485,0.2541770294020308,0.21893802120221773,4.19959862238219,4.304323114481878,-0.10472449209968815,0.7844700166759262,5.605431036962223,-4.820961020286297,1.5823994542918385e-05,6.454053500526413e-07,1.5178589192865743e-05,265394.3421802816,6669177.92691183,-6403783.584731548,49574.71481352319,8685132.586063977,-8635557.871250454,4.665601238684758e-12,0.16606883956894425,2.690325739962418e-11,2.5101897178491477,-0.04890479894466271,-0.09880735880955738,6.95246888726686e-07,0.026223199361446792,-2.102922700001412,8.923586110043402e-07,0.5451834242181981,0.21450921646405685,0.44413333246437386,0.171259874578025,1.4389102489449341,11
25042002,transverse,4,59,2.6005246121962595,-0.006225473756595545,0.47002533834181737,0.18334403007502761,0.2866813082667897,4.195477525600085,4.422019667486082,-0.22654214188599742,0.9212190968810285,5.470521288465925,-4.549302191584896,1.582399454269634e-05,8.786581486841527e-07,1.4945336394012187e-05,265133.9087788382,5032696.361045922,-4767562.452267084,58216.5959673073,6225995.0546846725,-6167778.458717365,3.312905505481467e-12,0.35038117425874127,2.6289082022401544e-11,0.49250840404899865,0.011297222619495173,-0.017379791307774117,5.4039772964253885e-06,-0.17387763725538852,-1.3468722186707973,4.927164748425028e-06,0.6387438261020858,0.3213467168207745,0.6684151747428632,0.180229449740931,1.4422356181766602,11
25042002,transverse,3,60,2.7625074275378028,0.09402773482342314,0.5030298598664353,0.2539089371336119,0.24912092273282344,4.16876198357899,4.169366500740519,-0.0006045171615296496,1.0927277597016791,2.6766266852435807,-1.5838989255419016,5.016039949623519e-06,1.5828585131494322e-07,4.857754098308575e-06,831086.2803020296,26340740.287928086,-25509654.007626057,217846.7019154611,16910081.747722764,-16692235.045807302,2.6407320774524123e-11,0.32872559965005355,7.578826455301169e-12,0.10354011191524659,-0.009394010153696009,0.08341207863528388,-5.403977297091522e-06,0.1726463375443421,1.2106351617421203,-5.039511168813959e-06,0.8654282788245977,0.6519595983600599,1.0393994228682006,0.15465453394664633,1.2626439260596187,11
25042002,transverse,2,61,2.762512443577754,0.06806648474679261,0.5065859723587216,0.32481147555342704,0.18177449680529456,4.160834461865286,4.280794029391032,-0.1199595675257461,1.0974122652517622,2.1371782482349095,-1.0397659829831474,5.016039950733742e-06,1.6684581050085967e-07,4.849194140232882e-06,829505.8457930828,25657186.216066092,-24827680.37027301,218780.60701873671,12809301.245378874,-12590520.638360137,1.5191403690550942e-11,0.3007562196108422,8.206546553424232e-12,0.9647556414420544,-0.03902765641066264,-0.02078602029792531,1.3363006085009843e-06,0.008326319943142035,2.6434783056896527,1.3001276312207821e-06,0.8760511430430483,0.6739597550157563,1.0575834892948217,0.14673019063817483,1.2526805928743339,11
25042002,transverse,1,62,2.808624788819106,0.004825865350907094,0.43316894251661964,0.28639112838584097,0.14677781413077867,4.230962252972908,4.486929510749155,-0.2559672577762466,1.143668811397696,6.926258463201395,-5.782589651803699,2.343438734841996e-06,1.0305981512637175e-07,2.2403789197156243e-06,1805450.3367497579,43537139.13854096,-41731688.801791206,488030.17309296405,67206199.18353657,-66718169.01044361,3.794742298168785e-11,0.07521763049994412,5.326850072151501e-13,1.3362202844125015,0.033929601821601985,0.01920833038391967,-1.3363006077238282e-06,-0.15095240072767346,-0.6548842295784851,-1.2905210851066329e-06,0.8926051431702775,0.7016269590092589,1.1518291189217607,0.1561492312422762,1.2812706941568897,11
25042002,transverse,0,63,2.808627132257841,-0.024485353066051485,0.4333378264529984,0.22849902348291262,0.20483880297008578,4.233230840437327,4.323300987008727,-0.09007014657140022,1.1515086967757906,10.36715355824307,-9.215644861467279,2.343438734397907e-06,1.3083286498627444e-07,2.2126058694116324e-06,1806418.3963080898,33044457.044201244,-31238038.647893153,491375.6352463998,79239673.91015,-78748298.27490361,3.653788382962375e-11,0.4117598848738586,6.685763054292693e-13,7.125525906288161,0.002268587464418381,0.007839885378094547,-4.440892098500626e-16,0.1658971112048464,-3.4330552096635802,-2.777305030399191e-08,0.9041366199048364,0.7205314514306262,1.1687436599315058,0.15722861881784023,1.2736003292252287,11
25042003,dephasing,31,32,0.22261710284152625,-0.11090504205861768,0.05203342462030808,0.28337015976697555,-0.23133673514666747,6.543859043125161,6.564019387054582,-0.020160343929421565,0.6655251403837954,14.321294513723046,-13.65576937333925,0.05863392563231262,0.001596544041876355,0.05703738159043627,111.60533722679655,4111.392617356269,-3999.787280129472,11.350513089593145,8970.184434681674,-8958.83392159208,7.105427357601002e-15,0.04492695150423298,2.3314683517128287e-15,10.551025845408084,0.037866001302998775,-2.5065047543768846,0.02535821944635927,0.061319874556294174,0.8912629628052287,0.025536997491858462,0.2003971902805641,-0.034140240528378114,-0.376540982732673,0.8194646952155421,3.321030297141554,11
25042003,dephasing,30,33,0.28125102847383926,0.16561927024732992,0.2014285942480012,0.2891494312663413,-0.0877208370183401,6.505993041822162,6.587473260307878,-0.08148021848571574,3.17202989476068,17.71906223090516,-14.547032336144479,0.03327570618595335,0.001775322087375547,0.031500384098577805,195.51780525603186,3710.5792279338552,-3515.0614226778234,95.32569728301323,9980.759185562318,-9885.433488279305,1.5987211554602254e-14,0.4794667117161522,7.37188088351104e-14,10.393915452376516,-0.03475649612014209,2.419680443042235,-0.012679109723179607,-0.018094980918035297,-3.884369163786655,-0.012079861521386591,0.4946498947820792,0.04915793298050343,2.0214933379934212,8.040280315261796,6.412676780529992,11
25042003,dephasing,29,34,0.3145267346597928,-0.0081671637217373,0.09448009125442187,0.2877868826979244,-0.19330679144350255,6.537640032759447,6.644250163965387,-0.10661013120593932,0.8391737630530947,8.508730734429493,-7.669556971376398,0.0332757061859533,0.003152596536460772,0.030123109649492524,196.46885917988985,2107.548519806623,-1911.0796606267331,25.218811536668028,2698.9596150421853,-2673.7408035055173,7.105427357601002e-15,0.08174232482755439,6.09512440519211e-14,1.5284804100520475,0.013565873710570386,-2.7888116068496585,-0.00412191218868363,-0.21340788456671422,5.250991456472443,-0.0058021187841260785,0.12150111052162454,-0.21972378692960554,-10.48142605558018,11.185638660176823,6.906716814771101,11
25042003,dephasing,28,35,0.3560462652231136,0.08763226807158007,0.06641719752659121,0.26911540693751534,-0.20269820941092415,6.542155276275592,6.247079551068326,0.29507572520726555,4.083940845044826,15.378005364598028,-11.294064519553203,0.0415195305633205,0.0011694577946610996,0.0403500727686594,157.5681417278622,5341.859774322754,-5184.291632594892,98.36192244072943,13149.688201492098,-13051.326279051367,2.6645352591003757e-15,0.3045369614515554,1.9539925233402755e-14,0.3497096950893166,0.00010648670053292619,3.5099182939908626,-0.02493694071024126,0.2637140576841679,-2.392813711635844,-0.01973561426357555,0.7083863404230333,0.326880428184753,10.864442538405603,5.814130287419774,5.765132120709689,11
25042003,dephasing,27,36,0.5285923407155397,0.03208575166444229,0.010439061845516082,0.3297641969608641,-0.31932513511534805,6.54645754639067,6.377124080138535,0.16933346625213463,0.3088713390548324,10.441815983513152,-10.13294464445832,0.09963723636117022,0.009588971946192848,0.09004826441497737,65.70292177375063,665.0477356616392,-599.3448138878886,3.099958914308096,1088.9400909822155,-1085.8401320679075,1.3322676295501878e-14,0.06330353984951032,1.2212453270876722e-15,14.86490781551268,0.008419310267052005,-2.2455801228456265,0.029058852898924833,-0.05409993006948133,-3.1847822463289397,0.020821421192314074,0.11697988528839595,-0.047504992908128166,-0.33118609701228363,0.42658760110180927,2.640379910557769,11
25042003,dephasing,26,37,0.62822957707671,0.20303041384811008,0.11245143143260486,0.2979794019859785,-0.18552797055337364,6.533921195971644,6.382130128535677,0.15179106743596638,1.0249620787560916,3.6272223554616483,-2.6022602767055565,0.09963723636117028,0.0015336226845030776,0.0981036136766672,65.57710184059245,4161.473479119544,-4095.8963772789516,10.286938058385676,2365.133479123606,-2354.84654106522,0.0,0.696406891948822,7.993605777301127e-15,1.986725528430934,-0.009669505252550614,0.7932622444599502,0.018821670090776205,-0.016139123358923424,10.16127717950264,0.02298083672599921,0.27042041493948465,-0.017168410016122123,-0.2466418234159926,1.29718908630401,3.79025407155545,11
25042003,dephasing,25,38,0.7304564375567959,-0.12069684910515252,0.07643732298531059,0.2846719594262511,-0.20823463644094053,6.540723856057719,6.374196940720074,0.16652691533764497,0.1545283295374503,15.548658597495525,-15.394130267958074,0.061993896179617924,0.0017966066932593172,0.06019728948635861,105.50593298906334,3547.9089355702627,-3442.4030025811994,2.4926378088856986,8654.458794922943,-8651.966157114057,1.0658141036401503e-14,0.5107491902796903,2.7755575615628914e-15,19.146397368814945,0.008414754329384877,-0.44276163200786656,0.0011486487600819162,0.05077156663696858,-8.769431068714454,0.0016217957518123993,0.0359902075141201,-0.13066029828277337,-2.4087468713291567,2.432625875958791,4.293621521265827,11
25042003,dephasing,24,39,0.7924503337364139,-0.18986863686085426,0.1259742549803727,0.41377200444170814,-0.2877977494613354,6.530697007485025,6.450977377519639,0.0797196299653864,0.1696178443345423,10.816755966116228,-10.647138121781685,0.022053258477901738,0.003005884685476523,0.019047373792425215,296.13297345737135,2146.116053183512,-1849.9830797261407,7.691282651246585,3598.526589652406,-3590.8353070011594,7.105427357601002e-15,0.15349037821825018,1.7236212457305555e-14,13.881289598280613,-0.012854335602257017,-1.4191613288847327,-0.01997031885085812,0.012059746856070142,2.1592844179007624,-0.02082050878454525,0.029545604512693165,-0.1724497483079737,-5.683552596501072,5.7123228096177705,5.740882514746893,11
25042003,dephasing,23,40,0.814503592214316,0.2254168026389866,0.01370001043913276,0.31763223532563056,-0.3039322248864978,6.546378830116845,6.577585979235858,-0.031207149119012456,3.0230300169010995,13.241744828307919,-10.21871481140682,0.022053258477901794,0.0025147828103194714,0.019538475667582322,296.84406214512774,2615.56821219096,-2318.724150045832,137.0786099446615,5265.5620095580825,-5128.483399613421,8.881784197001252e-15,0.23827146431490842,1.4654943925052066e-14,11.15473348598018,0.019528202973821962,2.291129008072563,-0.011727164734219198,-0.09206780835401496,3.7759351271962984,-0.011781368143242626,0.6021227518831509,0.18769826803854142,4.731241412521572,4.407469070563539,5.020620807711585,11
25042003,dephasing,22,41,0.8600111801606564,0.18989406319485969,0.15350007687901407,0.33835290905584825,-0.18485283217683418,6.523004246801021,6.481002558296402,0.042001688504618606,1.2941841733225312,18.636345928747083,-17.342161755424552,0.045507587946340244,0.0019152741171155618,0.04359231382922468,143.33882636215628,3383.8511680285806,-3240.512341666424,28.438865510704584,9730.380503869474,-9701.941638358769,4.440892098500626e-15,0.32839008534305236,5.773159728050814e-15,3.4551869579680705,-0.01865571492746554,-1.6972798690312432,0.02840357159003945,0.04949078528078932,-3.9659238816653932,0.027955524136142357,0.4657048541183831,0.16994778418907824,1.3124602113815913,0.36245246309692586,2.7789793511440286,11
25042003,dephasing,21,42,1.2417701202442701,-0.19640766207721386,0.09810926084087554,0.21844751126579137,-0.12033825042491583,6.536941093340126,6.520712137773455,0.016228955566671033,2.9598980678064497,19.493659003917948,-16.5337609361115,0.012154774234699794,0.0004196705161174652,0.01173510371858233,537.8085159885801,15537.694184712078,-14999.885668723498,243.51732172502625,46449.91309911726,-46206.39577739223,0.0,0.5278473501428316,1.2523315717771766e-13,22.156259268147597,0.011387268124072314,1.1614492476058054,-0.01667640685582017,-0.032041784037235566,-2.6166523576849308,-0.015786532375322238,0.5630849566610707,0.11370286806255711,3.141789472383259,5.619207099420878,5.256574576876895,11
25042003,dephasing,20,43,1.2539248944789703,-0.1548724153231391,0.1358790519977432,0.409416097893723,-0.2735370458959798,6.528103403631087,6.473563612927893,0.05453979070319459,2.3027134670787572,12.79476886850734,-10.492055401428583,0.012154774234699683,0.0007038158761152324,0.011450958358584451,537.0814198255146,9197.808450498787,-8660.727030673273,189.44929972495305,18179.142163045657,-17989.692863320703,4.440892098500626e-15,0.020975879049622392,4.707345624410664e-14,4.4607498748192835,-0.009557732585500744,0.3870336268875616,-0.02353718511466263,-0.03119002851428654,0.1833446584698084,-0.02303619764770154,0.4782762916995368,0.004033932926548068,0.09350843057441516,5.2089808808913185,4.814609268831039,11
25042003,dephasing,19,44,1.3187147227440363,0.15654811070595331,0.09047287610015972,0.3139741336986735,-0.22350125759851378,6.538381179093049,6.383150496224758,0.15523068286829123,0.8714616125759418,5.688500796261228,-4.817039183685286,0.05922914446402483,0.001989936170035178,0.05723920829398965,110.39128183025494,3207.716203335264,-3097.3249215050087,14.713391869187957,2858.6348054373357,-2843.9214135681477,4.440892098500626e-15,0.19115312489471226,1.3211653993039363e-14,1.0904336182658732,0.007791815296407378,-1.293003293377976,0.023537185114662407,0.0991374009494117,5.975118917105594,0.022381256884116074,0.24417408781005165,-0.035080486564010964,-0.4468512563550072,1.2062965985484508,3.5690175824629717,11
25042003,dephasing,18,45,1.3779438672080624,0.07379860094953508,0.11615160972057695,0.33188705780298544,-0.2157354480824085,6.533075323962196,6.4754285508276315,0.057646773134564455,2.026216344829078,13.118477144982256,-11.092260800153177,0.05922914446402516,0.0009642000028624587,0.058264944461162704,110.3017000005847,6715.8561829535065,-6605.554482952922,34.209785793204716,13605.556011239281,-13571.346225446077,1.1546319456101628e-14,0.1817327104872728,1.199040866595169e-14,3.343422875815069,0.007102825929750978,0.9713391858940454,0.00956445217078411,-0.1928024509517665,-1.0483454649681665,0.009862764654591683,0.5883993986028151,0.250998512173619,2.976448245975002,1.129104430077541,3.4436070968808643,11
25042003,dephasing,17,46,1.7280811260863842,-0.14162345090107267,0.18166646204250478,0.2935902191311063,-0.1119237570886015,6.513563816971842,6.167896051667471,0.3456677653043707,1.2382927052941233,16.509084191978857,-15.270791486684734,0.040100240122457276,0.000535088803304884,0.03956515131915239,162.43204023419452,11526.864351435728,-11364.432311201534,30.879932427153825,30852.980084825806,-30822.100152398652,0.0,0.5474286525750847,3.552713678800501e-15,22.83186452636545,-0.025611470598017938,-0.39087161458869346,-0.009564452170784055,0.24403170313275568,-5.42043483907578,-0.009374464753234668,0.39700551903613374,0.00403213396394858,0.03922730690947618,1.4941415170751617,3.119081841231076,11
25042003,dephasing,16,47,1.7681813662088428,0.19549449138788833,0.035934234726285895,0.29268133749105996,-0.2567471027647741,6.5452752511775225,6.399649899968857,0.1456253512086656,1.2321122949365555,9.840564790001288,-8.608452495064732,0.0401002401224575,0.0004859524388460823,0.039614287683611416,163.22284433184592,13169.292688735417,-13006.069844403572,30.7258084034896,20250.057419956956,-20219.331611553465,0.0,0.44408288385272776,5.10702591327572e-15,3.3506511327494746,0.017562369581182402,0.5081793955892769,0.001399707570149511,-0.13940819330670795,4.53026678378497,0.0016201782692117916,0.43971664439597513,0.01903220986853559,0.14943213122713028,1.3686685761066968,2.8020597142258965,11
25042003,dephasing,15,48,2.3336490284648037,-0.0738514697462687,0.06858989854228581,0.32046194998865807,-0.25187205144637226,6.541861946220839,6.317462622494463,0.2243993237263764,0.20957309340043384,11.216220164415104,-11.006647071014669,0.0373008249821587,0.000877757472511842,0.036423067509646856,175.3811597826554,7197.275808334668,-7021.894648552013,5.61845732636408,12778.26793353079,-12772.649476204426,4.440892098500626e-15,0.12453421849614266,1.7208456881689926e-15,10.219509370495434,0.016864898756216107,-0.5703553947617143,-0.001399707570149178,0.11004008329743886,-5.3754672978997,-0.0019813304090647854,0.10727185238445158,-0.04182247984178575,-0.15962807187653894,0.20354895335396642,1.9536634144187803,11
25042003,dephasing,14,49,2.3709498534469624,0.0006155029789436661,0.20456704683590432,0.35887461586773695,-0.15430756903183263,6.504718843751724,6.421625714102515,0.08309312964920945,0.32774468138774066,2.9816517325529466,-2.653907051165206,0.037300824982158254,0.00010631682834638667,0.03719450815381187,174.38538817474048,60400.83977280124,-60226.4543846265,8.786526344779443,28044.965025090332,-28036.178498745554,2.3092638912203256e-14,0.1377114113934459,7.771561172376096e-16,1.217190199860696,-0.0352507159553026,0.03833780696986816,-0.01701231692375671,-0.10490238419241127,12.260052180293314,-0.015799735695006478,0.13183436807822357,-0.03553211822243803,-0.21960140795024702,0.3270179841281986,2.486033696412715,11
25042003,dephasing,13,50,2.488465220505438,0.1084305767829764,0.0921376535932433,0.31321931583672497,-0.22108166224348166,6.538077173193213,6.386485469236348,0.15159170395686505,0.3692406554353112,19.190512047337684,-18.82127139190237,0.07132545882967123,0.001760038641681394,0.06956542018798983,91.66540644072784,3628.6052578568574,-3536.9398514161294,5.17684234344817,10903.460635957783,-10898.283793614335,0.0,0.1648042985089475,3.552713678800501e-15,16.169103071486077,0.051179210010328546,0.13186203123464088,0.03875507419240176,0.24690608794950908,-12.85873662330629,0.038188046587714686,0.1862306472569708,-0.04192044195332185,-0.16479444710093571,0.3011331087272321,1.9827061811464959,11
25042003,dephasing,12,51,2.55979067933511,-0.07416129901528123,0.2783692472038516,0.29039917236489443,-0.012029925161042843,6.469077082614045,6.742798980248542,-0.2737218976344975,0.1470125670136,9.418175053040557,-9.271162486026956,0.02783994429238068,0.0022797052456422495,0.02556023904673843,232.36673948318645,2957.7503465141735,-2725.383607030987,5.280634381651217,4131.312620806478,-4126.031986424827,7.105427357601002e-15,0.3855070596089032,4.651834473179406e-14,0.46365718939009604,-0.07160968721645844,-1.234300736426357,-0.021742757268645274,-0.34919728188085575,5.397535696413474,-0.022159967454551843,0.06337224881714106,-0.058069177580766046,-0.31250456065363996,0.33411725551357474,2.319825629635192,11
25042003,dephasing,11,52,2.5876306236274913,0.18251669729241832,0.057185259771095565,0.3531754611398691,-0.2959902013687735,6.543296366467794,6.543937301931942,-0.0006409354641485621,2.3933859514446025,12.909510924423092,-10.516124972978488,0.02783994429238068,0.001964951477789967,0.025874992814590714,235.032667369905,3330.3302274375155,-3095.2975600676104,85.96949499283414,6569.887893080578,-6483.918398087743,7.105427357601002e-15,0.4695558225812846,1.0969003483296547e-13,15.315723910772007,0.04217907552518785,-0.28647230115088496,-0.005136335642172751,0.14278197613450994,-2.403262918229183,-0.005867469883854337,0.41231120776277813,-0.28809006658151687,-9.70741236052875,15.435708673100933,5.804804493264192,11
25042003,dephasing,10,53,2.625743239204218,0.4356422910324031,0.11579732782633606,0.2684140260559098,-0.15261669822957374,6.533157499271166,6.546281424833985,-0.013123925562819494,5.212703938177375,12.16726556164903,-6.954561623471655,0.03811261557672618,0.0001879292265745125,0.03792468635015167,171.41719088050988,34833.759198377986,-34662.34200749748,136.77108902912872,64743.87078278536,-64607.09969375623,1.5987211554602254e-14,0.5204392654926684,1.4210854715202004e-13,11.540414906794151,-0.01154879001630782,3.806096373975098,-0.01313704641950908,-0.11813834928994682,7.246785532862026,-0.012093094037101126,0.8400209592733447,0.30075758826602633,11.581437500853694,15.59084484623535,6.2054450911397625,11
25042003,dephasing,9,54,2.7410731723581865,-0.032468870684425985,0.02122046879144149,0.2807738269521102,-0.25955335816066866,6.5461162121071546,6.335446429188751,0.21066978291840321,0.4198291769599517,18.306398516648823,-17.886569339688872,0.07465937970008985,0.0004988117401749648,0.07416056795991488,87.6797562262532,12701.077217963055,-12613.397461736802,5.623260984037435,36700.01534091321,-36694.39207992917,7.105427357601002e-15,0.08033238703195966,1.3877787807814457e-15,17.11880552590509,0.007805847539364308,-2.29531779174251,0.01827338206168183,0.24348151259119533,-9.997177213392813,0.01983171608720069,0.17920675898726235,-0.029356574423708447,-0.16111717595884692,0.3373737137857166,2.3427083851775445,11
25042003,dephasing,8,55,2.8157325520582788,-0.3554766227388028,0.05570718569869823,0.3273229074000569,-0.2716157217013586,6.543463229864415,6.595962763647179,-0.05249953378276473,0.21758999922754796,9.041812628348012,-8.824222629120465,0.07465937970008985,0.003926362304813136,0.07073301739527671,87.64422174614639,1679.9169948126057,-1592.2727730664594,2.914436204822716,2302.847248014809,-2299.932811809986,4.440892098500626e-15,0.3089395706452924,2.55351295663786e-15,7.926747085759429,0.01123627549997952,-0.4142634632849099,-0.009585550992201042,-0.1855844643507636,6.31175816204909,-0.01224307300801919,0.08141985630113889,-0.08836930010304696,-0.6311296936327435,0.6784751013965874,2.672443911258822,11
25042003,dephasing,7,56,2.9281286528923296,0.0035321928558338933,0.16801435587820013,0.3106015341617113,-0.1425871782835112,6.518337696621716,6.462837618404121,0.055500078217594506,0.843877748064964,13.2292699907152,-12.385392242650235,0.09383048168449193,0.002038868837815011,0.09179161284667692,69.46929803195341,3169.815290977782,-3100.3459929458286,8.99364186259355,6488.534105456521,-6479.540463593927,0.0,0.016990587132868384,3.697042672001771e-14,8.328083760707742,-0.02302174547759961,-0.20892258076686332,0.009585550992201264,-0.09304248180427965,-3.4475723309653876,0.009775755611994286,0.3079820611673723,0.0174363218180214,0.13090707055065565,0.5812225831285083,2.7400224054164695,11
25042003,dephasing,6,57,3.0219591345768255,-0.004068005577258393,0.08550360266484498,0.2707492259291136,-0.18524562326426863,6.539255654334216,6.189671000507703,0.34958465382651305,1.8880106584361065,10.939427852685336,-9.051417194249229,0.09383048168449148,0.00053178461040293,0.09329869707408855,69.69223153220835,11639.432355550542,-11569.740124018334,20.121506620680186,20571.162908224436,-20551.041401603758,1.3322676295501878e-14,0.6230410593219204,3.6637359812630166e-14,3.1024599993485324,0.007770799481767732,0.9597459302105947,-0.03178466934301771,0.2624753845545138,1.3513995221596353,-0.028361766409691902,0.7021766027308862,0.4023928592576393,2.9091521807134892,0.655432065654922,2.6887974493785824,11
25042003,dephasing,5,58,3.401369700582357,0.14637306918130027,0.04398303445313793,0.3948409611696654,-0.35085792671652744,6.544632013083181,6.425913552756777,0.11871846032640399,1.0126517083860596,9.432892898553554,-8.420241190167495,0.15739982037052647,0.005870506249642471,0.151529314120884,41.579666340640124,1094.609779718424,-1053.030113377784,6.43362683643622,1606.8278437022432,-1600.394216865807,4.440892098500626e-15,0.4015820813533404,8.881784197001252e-16,9.242558214959871,0.003689226546308433,-0.5421989956910676,0.031784669343017824,-0.13736154055902006,1.1572459265952801,0.02690618656375865,0.5946907219327665,0.304471727181942,0.8828457780831516,0.14261770441405305,1.7028207621852656,11
25042003,dephasing,4,59,3.5587695209528842,0.10135983853917407,0.06274234346400898,0.2732197538810121,-0.21047741041700313,6.542629918739529,6.380054570795194,0.16257534794433504,1.2216907497181477,11.325247788994469,-10.103557039276321,0.1573998203705258,0.0014522623303636628,0.15594755804016214,41.566946539950955,4393.183268203036,-4351.616321663086,7.761703582902676,7798.348516110377,-7790.586812527475,4.440892098500626e-15,0.11218398915820149,2.220446049250313e-16,11.414257902016548,-0.00027542093128296585,0.23051506415358325,0.0531620576860683,0.12656633912014126,-2.766188766711755,0.0571342754096833,0.7278446523015414,0.43807464028058424,1.2342220276770293,0.25830626026986,1.678504809858806,11
25042003,dephasing,3,60,4.4320007670821955,-0.026173354149261113,0.07340200368129948,0.31469445419280995,-0.24129245051151046,6.541178666258443,6.587879108936459,-0.04670044267801643,0.9696996627430694,7.224195017704707,-6.254495354961637,0.05107570499838854,0.004978453858314857,0.04609725114007368,128.0682991348787,1323.2781294002737,-1195.2098302653949,18.98553652413929,1451.0920906978145,-1432.1065541736752,1.1546319456101628e-14,0.4157394759013924,4.3298697960381105e-15,7.760939715424001,-0.001465830500016807,-0.25453846132704716,-0.05316205768606841,-0.28279245080806126,0.8894978298921012,-0.05543447097776599,0.7530700960290391,0.5134106515868262,0.8512724119812216,0.0890450239428039,1.2876618894526897,11
25042003,dephasing,2,61,4.483076472080585,0.23248662482852378,0.06250956427218043,0.39835297047154894,-0.3358434061993685,6.542659074777391,6.233050406461636,0.3096086683157546,1.2267854984220854,5.411214828853241,-4.184429330431156,0.051075704998388094,0.003959818802870885,0.04711588619551721,128.09728372782857,1574.0746525933585,-1445.9773688655298,24.01896358475721,1366.5309192759246,-1342.5119556911675,3.019806626980426e-14,0.8426616292538673,9.103828801926284e-15,1.7022730815628657,0.006861878438880531,0.2554253483763216,-0.006404297327435637,0.29802908725600563,0.978577020213419,-0.0061278825233384016,0.9602618420512289,0.8421445833231394,1.3744994918096602,0.1305031673290533,1.277553105517061,11
25042003,dephasing,1,62,4.661007947826043,-0.0903388956094264,0.1270857741223912,0.2992759778720455,-0.17219020374965432,6.530415726418578,6.460556121621064,0.06985960479751441,0.9730206373484581,5.044537983675971,-4.0715173463275125,0.06388429965325892,0.0034940133556213837,0.06039028629763754,102.2225454746054,1849.0358977096992,-1746.8133522350938,15.230982301280052,1443.7660850837929,-1428.5351027825127,4.440892098500626e-15,0.16869584274076832,1.7763568394002505e-15,2.7061944238309614,-0.00834739029559195,-0.16163102144192198,0.006404297327434527,-0.13522856217654544,2.2125800665287914,0.0053720140052020415,0.8775429546699353,0.6928384306890258,0.8518032735282237,0.09496588717777722,1.1088011500410655,11
25042003,dephasing,0,63,4.724892247479306,0.006263132399372151,0.10816358792101108,0.38197352304880466,-0.2738099351277936,6.53486715865095,6.434299493018585,0.10056766563236508,1.0425178191586748,9.426283314440127,-8.383765495281452,0.0638842996532607,0.0009636412639069114,0.06292065838935379,102.29222507125671,6677.069293330038,-6574.777068258782,16.318842420079093,9781.942375758117,-9765.623533338037,2.6645352591003757e-15,0.06615269236433985,2.220446049250313e-16,9.616879412383355,0.004451432232372099,0.06949718181021669,1.7763568394002505e-15,0.03070806083485067,-4.312248148953939,0.0025303720917162487,0.9691353455922441,0.8701419463510036,1.0069043390355903,0.07993906422776956,1.0757195307138308,11
25042003,transverse,31,32,0.22261710284152625,-0.11090504205861768,0.5635976328272252,0.3466886146346321,0.21690901819259312,9.225724509020576,9.01501093538836,0.21071357363221566,2.0872012947722807,17.49705699163198,-15.409855696859697,0.05863392563231262,0.001596544041876355,0.05703738159043627,157.3444794891298,5646.578295950656,-5489.233816461526,35.59716106782458,10959.332491115236,-10923.735330047411,8.881784197001252e-15,0.647652370515809,1.4654943925052066e-14,2.540322920149766,-0.116072985933652,-1.8140539924032035,0.02535821944635927,0.08507586028320802,-1.4590543264648481,0.025536997491858462,0.3146555224862135,0.028797894967047,1.2671227769886846,3.0892864679103633,6.633289885651767,11
25042003,transverse,30,33,0.28125102847383926,0.16561927024732992,0.4489647043975752,0.3853068653762244,0.0636578390213508,9.341797494954228,9.21615978160522,0.12563771334900764,3.901255287175484,17.852056657570333,-13.95080137039485,0.03327570618595335,0.001775322087375547,0.031500384098577805,280.7392709488965,5191.260699758115,-4910.521428809218,117.24034541518816,10055.672029609552,-9938.431684194364,5.329070518200751e-15,0.757034123524404,8.304468224196171e-14,13.364937417973252,-0.041840611241735104,1.4296521028735594,-0.012679109723179607,0.015153993050197379,-4.604445387119368,-0.012079861521386591,0.41402193122426456,-0.054223777129636594,-4.814506898606908,20.034299714321865,9.4228227853522,11
25042003,transverse,29,34,0.3145267346597928,-0.0081671637217373,0.04260395964806821,0.4399542372675077,-0.39735027761943953,9.541551703371352,9.531297836405948,0.010253866965404868,2.8560050738315685,6.138861343522835,-3.282856269691267,0.0332757061859533,0.003152596536460772,0.030123109649492524,286.7422752818732,3023.316725173515,-2736.5744498916415,85.82853382198621,1947.2397664988114,-1861.4112326768252,1.7763568394002505e-14,0.4720052623777846,4.884981308350689e-14,2.788679849902146,0.13007039513605712,-0.5401348476710242,-0.00412191218868363,0.03670133308651202,15.178893764372882,-0.0058021187841260785,0.2328684775034679,-0.12506444606767655,-18.81180228740687,26.9685672691587,12.264455474825123,11
25042003,transverse,28,35,0.3560462652231136,0.08763226807158007,0.24940264479885293,0.4210359110068749,-0.17163326620802194,9.481165121516362,9.659697767107584,-0.17853264559122195,2.891024555829701,25.86372325356315,-22.97269869773345,0.0415195305633205,0.0011694577946610996,0.0403500727686594,228.35434295329642,8259.97980534808,-8031.625462394784,69.63047309556318,22115.995439628732,-22046.36496653317,0.0,0.1689047064061473,7.593925488436071e-14,18.693369878496487,0.10066785302470294,0.9162520038237052,-0.02493694071024126,-0.03747074369598291,-17.239878283645393,-0.01973561426357555,0.337867183878682,0.0011798098288054522,0.0863820580586605,8.27164092435149,8.556689414582957,11
25042003,transverse,27,36,0.5285923407155397,0.03208575166444229,0.569143186849375,0.30492250406155896,0.2642206827878161,9.219442833611968,9.51182050436785,-0.29237767075588295,1.0935400301804235,9.27632458866527,-8.182784558484848,0.09963723636117022,0.009588971946192848,0.09004826441497737,92.53009387166112,991.9541487598544,-899.4240548881933,10.975214388890745,967.3951118762309,-956.4198974873401,8.881784197001252e-15,0.22572751787390466,1.3100631690576847e-14,12.419307353471845,-0.28479100369468924,-1.430389227919194,0.029058852898924833,-0.2740043771880458,6.148228407620808,0.020821421192314074,0.20044933495552233,-0.028702973310793516,-0.8542539954260826,2.050083793033099,5.455443543492303,11
25042003,transverse,26,37,0.62822957707671,0.20303041384811008,0.1267448131170805,0.3867517454318842,-0.26000693231480365,9.527302553096952,9.385516494641404,0.1417860584555477,2.156833960369534,7.8461611948473955,-5.689327234477862,0.09963723636117028,0.0015336226845030776,0.0981036136766672,95.6198997587798,6119.834160957581,-6024.214261198801,21.64686656453747,5116.0962041909925,-5094.449337626455,5.329070518200751e-15,0.37886552934172535,1.021405182655144e-14,9.90753474174348,0.23653934880923977,1.003877352042113,0.018821670090776205,0.5138922537424495,1.5650012410978063,0.02298083672599921,0.3386970252281428,0.01853306740837427,0.7515501520513421,3.9003825805519607,6.36803337412458,11
25042003,transverse,25,38,0.7304564375567959,-0.12069684910515252,0.42577367906621666,0.40934837451956096,0.016425304546655695,9.362083574963457,9.813918294781377,-0.45183471981792067,1.2123731864744185,7.538245579140907,-6.325872392666488,0.061993896179617924,0.0017966066932593172,0.06019728948635861,151.01621533575238,5462.474525783626,-5311.458310447873,19.55633152918395,4195.824053992243,-4176.267722463059,1.7763568394002505e-14,0.5111401116099739,1.3100631690576847e-14,0.777053206943263,-0.03871333135318977,-1.445818085496382,0.0011486487600819162,-0.4638943655493559,0.024503184639982578,0.0016217957518123993,0.15470640973032693,-0.059661882139757545,-3.66397903564084,5.133827778922993,7.836606050051497,11
25042003,transverse,24,39,0.7924503337364139,-0.18986863686085426,0.5187249186347835,0.3503585310903219,0.16836638754446165,9.274291259536339,9.391958026529016,-0.1176667669926772,3.159548583572067,10.170972503707148,-7.011423920135081,0.022053258477901738,0.003005884685476523,0.019047373792425215,420.5406320716531,3124.5237290398945,-2703.9830969682416,143.26901336317547,3383.6868569343483,-3240.417843571173,1.0658141036401503e-14,0.7089106491364667,3.1086244689504383e-15,1.419241154668324,-0.089428560899945,-0.0605273496111387,-0.01997031885085812,0.25796313240936897,2.9493977190626124,-0.02082050878454525,0.23752028046983548,-0.07157250877913071,-12.664700423014436,22.647447674966703,13.302226560705515,11
25042003,transverse,23,40,0.814503592214316,0.2254168026389866,0.42191318400820993,0.4072791776862439,0.014634006321966042,9.365356065909111,9.664781144895283,-0.29942507898617166,5.227778679891993,18.823549565620894,-13.5957708857289,0.022053258477901794,0.0025147828103194714,0.019538475667582322,424.66994504660414,3843.1872149100204,-3418.5172698634165,237.05243763094813,7485.159151071817,-7248.1067134408695,1.2434497875801753e-14,0.044134341822369194,7.638334409421077e-14,22.23738151555166,0.08822910119632965,1.3918074158971279,-0.011727164734219198,-0.18923043931555483,-4.535349112451174,-0.011781368143242626,0.4932325705086768,0.13432181525698836,15.089590150539301,12.24007977539436,10.599013513038196,11
25042003,transverse,22,41,0.8600111801606564,0.18989406319485969,0.5132291212117815,0.433638706348756,0.07959041486302554,9.279962669889223,9.382685182237779,-0.10272251234855645,4.5123939444176635,15.621813570838036,-11.109419626420372,0.045507587946340244,0.0019152741171155618,0.04359231382922468,203.92121597021546,4898.87327270327,-4694.952056733055,99.15695707138778,8156.4374682642165,-8057.280511192828,8.881784197001252e-15,0.6865938075051563,5.861977570020827e-14,6.14765297881168,-0.16739847040416933,0.9728099715995597,0.02840357159003945,0.1736907458632686,3.151116514955895,0.027955524136142357,0.5149510999425555,0.06947546526765175,5.334742961027084,15.026956148589834,8.762762027153656,11
25042003,transverse,21,42,1.2417701202442701,-0.19640766207721386,0.11832407223967142,0.3781167338260307,-0.2597926615863593,9.529366214677673,9.782767652115151,-0.25340143743747845,1.8513892657442148,16.776690662767848,-14.925301397023633,0.012154774234699794,0.0004196705161174652,0.01173510371858233,784.0019099221906,23310.590752524935,-22526.588842602745,152.31786539142917,39975.86205954024,-39823.54419414881,6.039613253960852e-14,0.5281552079241312,7.238654120556021e-14,2.7764461381268113,0.39021612008961526,-1.238316337304576,-0.01667640685582017,-0.1375772367934811,5.5699604940296705,-0.015786532375322238,0.20825020103133374,-0.0990536052349917,-7.828794822975844,11.25643703628866,8.89021598334797,11
25042003,transverse,20,43,1.2539248944789703,-0.1548724153231391,0.7382609846538822,0.3800248584209758,0.35823612623290646,8.998337519286892,9.12726340822633,-0.12892588893943824,1.6670172616799177,31.548121417366147,-29.88110415568623,0.012154774234699683,0.0007038158761152324,0.011450958358584451,740.313011622895,12968.25450799005,-12227.941496367155,137.14917525336546,44824.39582280881,-44687.24664755545,4.796163466380676e-14,0.06587043597774311,7.394085344003543e-14,31.378578790095915,-0.08190535719405112,-0.016466311594146354,-0.02353718511466263,0.23576608788719344,-18.73182431525462,-0.02303619764770154,0.21045183876701004,-0.0867798356438614,-5.444945884326941,8.22389243506562,7.921134219812746,11
25042003,transverse,19,44,1.3187147227440363,0.15654811070595331,0.9551163606937147,0.359372314237452,0.5957440464562628,8.631119538284214,9.107102054499999,-0.4759825162157849,1.5155778808039133,8.888836164643504,-7.37325828383959,0.05922914446402483,0.001989936170035178,0.05723920829398965,145.72419737595004,4576.579988663156,-4430.855791287206,25.588380425188475,4466.895118794874,-4441.306738369685,8.881784197001252e-15,0.34543683363085975,1.6431300764452317e-14,8.687428312087663,-0.47406011573390217,-0.4656211496772109,0.023537185114662407,-0.3220022616366318,17.938878151738006,0.022381256884116074,0.24693368980228142,-0.0648802388669671,-2.4440397497005515,4.741016062482591,6.137590549177049,11
25042003,transverse,18,45,1.3779438672080624,0.07379860094953508,0.5756257568939205,0.3468053547437211,0.2288204021501994,9.21202178874934,9.391056408968208,-0.17903462021886796,2.2953807992823307,23.038549514751292,-20.74316871546896,0.05922914446402516,0.0009642000028624587,0.058264944461162704,155.5319070047445,9739.739038673104,-9584.20713166836,38.75424539816726,23893.952962410123,-23855.198717011957,3.552713678800501e-15,0.6893305837065302,2.220446049250313e-15,7.057560646493286,0.1564321316352899,1.3954458809531007,0.00956445217078411,0.011011660654305366,-9.227510421924263,0.009862764654591683,0.31462608393684754,-0.06628195754747596,-3.527892683240517,8.796665696954527,7.295583285914301,11
25042003,transverse,17,46,1.7280811260863842,-0.14162345090107267,0.25160887266779,0.4212865737497458,-0.16967770108195585,9.480059775943886,9.384169821474448,0.09588995446943827,0.2842919558545468,15.942350259104353,-15.658058303249806,0.040100240122457276,0.000535088803304884,0.03956515131915239,236.40905258905875,17537.59331818333,-17301.184265594275,7.089532506199014,29793.840126422325,-29786.750593916127,1.2434497875801753e-14,0.3376674786536924,3.980149543281186e-14,3.722597370724575,0.16068441639684927,-2.673438231991265,-0.009564452170784055,0.31060056953238835,7.195586448798029,-0.009374464753234668,0.04350700193767426,-0.17466732085985098,-7.458001858647288,7.53882377481088,6.534395458041176,11
25042003,transverse,16,47,1.7681813662088428,0.19549449138788833,0.3415228695187177,0.3595222431887981,-0.01799937367008042,9.426728930344733,9.677115540251766,-0.2503866099070322,3.6200795764092923,28.584200365035997,-24.964120788626705,0.0401002401224575,0.0004859524388460823,0.039614287683611416,235.07911427855626,19913.709175388743,-19678.630061110187,90.27575808409996,58820.983454493144,-58730.707696409045,5.329070518200751e-15,0.7628228819897611,5.906386491005833e-14,0.7630179529200234,-0.0757184851516115,1.64118221966347,0.001399707570149511,-0.2161892860584782,-11.47880365301666,0.0016201782692117916,0.5793736310977551,0.19462369488254372,7.598266066952737,5.50671007258317,6.248264301484104,11
25042003,transverse,15,48,2.3336490284648037,-0.0738514697462687,0.13613135458165804,0.3740764636452556,-0.23794510906359756,9.524835055048804,9.68911965721535,-0.16428460216654628,3.673502757637098,14.986078725607381,-11.312575967970282,0.0373008249821587,0.000877757472511842,0.036423067509646856,255.35186043752688,11038.492933006199,-10783.141072568671,98.48315042346022,17073.142861116685,-16974.659710693224,3.552713678800501e-14,0.5131602228375609,6.750155989720952e-14,9.035301991791675,0.13169754478928297,0.6463024437678815,-0.001399707570149178,-0.1132039564085705,2.5743809408187683,-0.0019813304090647854,0.5278066922496553,0.1410165720749855,6.830950035929685,6.663672474437461,6.959939711979784,11
25042003,transverse,14,49,2.3709498534469624,0.0006155029789436661,0.428743175543011,0.34067242240555473,0.08807075313745627,9.35954609017431,9.21132077178323,0.14822531839108066,2.4343210513291407,5.2441140802805375,-2.809793028951397,0.037300824982158254,0.00010631682834638667,0.03719450815381187,250.9206189045731,86640.28936013956,-86389.36874123498,65.26185553519329,49325.343521299335,-49260.08166576414,2.842170943040401e-14,0.9904213425191166,4.8405723873656825e-14,6.236458893861759,-0.1252814515538656,-0.438236521288919,-0.01701231692375671,0.37066971633793244,9.103313746155195,-0.015799735695006478,0.36116177820713674,0.007992198521808035,0.3630934438740203,5.56282553707032,6.740251040443746,11
25042003,transverse,13,50,2.488465220505438,0.1084305767829764,0.3139216022217717,0.4045840145566716,-0.09066241233489991,9.444820028407548,9.725424222134706,-0.2806041937271573,2.0716123875990213,14.58524996984192,-12.513637582242898,0.07132545882967123,0.001760038641681394,0.06956542018798983,132.41863681469266,5525.687897876974,-5393.269261062281,29.044501382684906,8286.891903639336,-8257.847402256652,1.4210854715202004e-14,0.028172186762571272,3.68594044175552e-14,5.742942938361384,0.09823924008845886,-1.0001762448198321,0.03875507419240176,-0.05078660205915675,-8.81909263408523,0.038188046587714686,0.20668701599205114,-0.10692439983844476,-10.741561748474204,15.033139632928037,10.022944003791316,11
25042003,transverse,12,51,2.55979067933511,-0.07416129901528123,0.4579861507569405,0.3424778452460507,0.11550830551088981,9.333615486463868,9.94147598819095,-0.6078605017270817,3.7092562135085663,8.288553080872507,-4.579296867363941,0.02783994429238068,0.0022797052456422495,0.02556023904673843,335.25984780861506,4360.860250330384,-4025.6004025217685,133.23504438633975,3635.800328448784,-3502.5652840624443,3.552713678800501e-15,0.6304392485190426,1.674216321134736e-13,0.7051132294786218,-0.13969567403182204,-2.880675104824692,-0.021742757268645274,-0.6388475061065328,5.925702868775704,-0.022159967454551843,0.4226744038482446,0.012841956734550295,0.9889924371748258,12.769589220277615,8.775682132009099,11
25042003,transverse,11,52,2.5876306236274913,0.18251669729241832,0.20387375545960323,0.406798679243704,-0.20292492378410076,9.501802292583832,9.159224090097773,0.3425782024860595,11.108250249067495,19.604612139103885,-8.49636189003639,0.02783994429238068,0.001964951477789967,0.025874992814590714,341.30105264558,4661.297845583136,-4319.996792937556,399.0040401089321,9977.148220043435,-9578.144179934503,1.2434497875801753e-14,0.19757791399518077,4.4586556668946287e-13,20.457719988294294,0.0863501698988074,2.027066355548442,-0.005136335642172751,0.46614282054690115,-9.549749484603273,-0.005867469883854337,0.5975193395476713,-0.15102552713964965,-52.19606191453995,175.5892855104439,18.590612075378807,11
25042003,transverse,10,53,2.625743239204218,0.4356422910324031,0.21465796477851345,0.3452601401295018,-0.13060217535098834,9.497288758906183,9.136557493300785,0.3607312656053985,14.45311157352954,7.767039517031833,6.686072056497707,0.03811261557672618,0.0001879292265745125,0.03792468635015167,249.19015961491212,48617.012158447906,-48367.821998832995,379.2211936867294,41329.598693113665,-40950.37749942693,8.881784197001252e-15,0.548472825773386,4.3165471197426086e-13,6.409604524552435,-0.007324793584654543,8.025156038971978,-0.01313704641950908,0.06934211660088963,15.516585094634952,-0.012093094037101126,0.795807266752944,0.10191227167852761,33.6150213921637,175.27741276472364,18.16157275429385,11
25042003,transverse,9,54,2.7410731723581865,-0.032468870684425985,0.18958372385623656,0.36854140186318307,-0.1789576780069465,9.507424812397844,9.267224716874885,0.24020009552295818,1.7476608200476256,10.912325006285727,-9.1646641862381,0.07465937970008985,0.0004988117401749648,0.07416056795991488,127.34401023139498,18578.601846107882,-18451.257835876488,23.40845620561086,21876.640278069808,-21853.231821864196,5.329070518200751e-15,0.18377450090922132,7.327471962526033e-15,1.2619732149250513,0.0941492937405144,-6.2645869917573105,0.01827338206168183,0.18518339179864451,-3.231306420190066,0.01983171608720069,0.4457709453174167,0.1311788145336451,2.0162969132803603,1.0380214286491611,3.920535509112594,11
25042003,transverse,8,55,2.8157325520582788,-0.3554766227388028,0.46271429882872195,0.30400438200639956,0.15870991682232238,9.329262278408477,9.579960136565248,-0.25069785815677115,1.5713840500803342,20.12417163867411,-18.552787588593777,0.07465937970008985,0.003926362304813136,0.07073301739527671,124.95767197483492,2439.9073220577843,-2314.9496500829496,21.047376182238,5125.398543584445,-5104.3511674022075,1.4210854715202004e-14,0.20911784128432487,1.199040866595169e-14,13.4596139609528,-0.136827291102378,-0.36927743276182334,-0.009585550992201042,-0.16150130281125996,-6.540679736158992,-0.01224307300801919,0.31785795165455516,-0.005507491103518868,-0.13460225162254114,2.603850084469431,4.943667578239803,11
25042003,transverse,7,56,2.9281286528923296,0.0035321928558338933,0.34440161748337494,0.3873293003303259,-0.042927682846950976,9.424754326623866,9.843347532837846,-0.41859320621398055,2.1336621456366895,16.993213664268158,-14.859551518631468,0.09383048168449193,0.002038868837815011,0.09179161284667692,100.44448411034392,4827.84735843363,-4727.402874323286,22.73954164288742,8334.628176709606,-8311.888635066718,0.0,0.09501163127919199,3.108624468950438e-14,8.417695707311234,0.0742203731971145,-0.1365463224002781,0.009585550992201264,-0.5116850813824065,0.8104000942033238,0.009775755611994286,0.45863199995242726,0.12176126740316899,2.635310290338953,1.9172038613839368,4.652231300602645,11
25042003,transverse,6,57,3.0219591345768255,-0.004068005577258393,0.4141994354221191,0.3531823507125139,0.06101708470960521,9.371805628445028,8.934924019951405,0.4368816084936231,2.9690328859936015,15.756148523069408,-12.787115637075807,0.09383048168449148,0.00053178461040293,0.09329869707408855,99.88018243323184,16801.77245667464,-16701.892274241407,31.64251992201304,29628.8162817105,-29597.173761788486,1.7763568394002505e-15,0.39247135054500504,4.3076653355456074e-14,13.322299712755932,-0.09137492336187947,0.7998765783411788,-0.03178466934301771,0.4838405819309557,-0.5062403931004518,-0.028361766409691902,0.592256197732448,0.25049916535421135,6.295309274780874,2.519847003330752,5.013088756793198,11
25042003,transverse,5,58,3.401369700582357,0.14637306918130027,0.20435269452367433,0.31177069525180245,-0.10741800072812813,9.501606776989949,9.176931517650633,0.3246752593393154,2.2046504696681555,11.906849438987397,-9.702198969319241,0.15739982037052647,0.005870506249642471,0.151529314120884,60.36605858013514,1563.2265987638684,-1502.8605401837333,14.006689870917935,2028.2491718176018,-2014.242481946684,8.881784197001252e-15,0.21554905807648517,5.329070518200751e-15,14.421158653358676,0.04445499898961636,-0.17712227766994326,0.031784669343017824,-0.1794912791024359,2.331533697428366,0.02690618656375865,0.7946158627255758,0.541526682469674,4.168548797246324,0.6919348961616764,2.7744858529580316,11
25042003,transverse,4,59,3.5587695209528842,0.10135983853917407,0.029476655057950454,0.38091702008619877,-0.3514403650282483,9.542497927555637,8.971046459165757,0.5714514683898795,1.7945126086825964,13.074862305102005,-11.280349696419409,0.1573998203705258,0.0014522623303636628,0.15594755804016214,60.62585017627209,6177.29061175835,-6116.6647615820775,11.40098257074397,9003.099530804406,-8991.698548233662,1.2434497875801753e-14,0.35212114569791453,1.7763568394002505e-15,3.845117109951417,0.023889341713882573,0.2499965573642846,0.0531620576860683,0.23907876549521223,-0.09423358523259218,0.0571342754096833,0.7685441809218668,0.49955932893006716,2.7235943498842454,0.49668115283657377,2.3349504859045105,11
25042003,transverse,3,60,4.4320007670821955,-0.026173354149261113,0.08807046074290079,0.38491127030211053,-0.2968408095592098,9.535610394693558,9.195540248243539,0.3400701464500191,0.8843816329684683,13.55441488602286,-12.670033253054392,0.05107570499838854,0.004978453858314857,0.04609725114007368,186.69561966877228,1847.0674851963197,-1660.3718655275475,17.31511357496428,2722.61534841479,-2705.3002348398254,1.0658141036401503e-14,0.622853755165,1.1102230246251565e-15,14.730987324826511,0.029576981934622992,-0.756901400395945,-0.05316205768606841,-0.1743763061870185,-3.8042612761620873,-0.05543447097776599,0.4825669901883751,0.16952715524928294,0.5693816697397848,0.2127492029921908,1.832660855279888,11
25042003,transverse,2,61,4.483076472080585,0.23248662482852378,0.27165769414245455,0.4035249987060445,-0.13186730456358997,9.469568897962235,9.01212746107804,0.4574414368841957,1.4880534580462301,7.93924771541143,-6.4511942573651995,0.051075704998388094,0.003959818802870885,0.04711588619551721,185.4026077224208,2275.8939006361124,-2090.4912929136917,29.13427153072467,2004.952274496864,-1975.8180029661394,2.1316282072803006e-14,0.20064506663559456,5.329070518200751e-15,6.873466119798501,0.03577901801555505,0.6525778102644721,-0.006404297327435637,0.2846929804758007,3.9487829824745893,-0.0061278825233384016,0.9175662020931642,0.7735795554194229,2.0345446899523765,0.17975840405096158,1.6217396136122506,11
25042003,transverse,1,62,4.661007947826043,-0.0903388956094264,0.45977976852970504,0.33946156276123457,0.12031820576847047,9.3319693651998,9.32654259883303,0.005426766366770863,0.7865696625950478,8.916490889220235,-8.129921226625187,0.06388429965325892,0.0034940133556213837,0.06039028629763754,146.07610032277702,2669.2922005658374,-2523.2161002430603,12.312409572684775,2551.9338312988516,-2539.621421726167,1.2434497875801753e-14,0.32579460280955175,2.6645352591003757e-15,1.3546662467652926,-0.134644105551736,-0.8395046914577682,0.006404297327434527,-0.1247066685469882,0.7891880200468506,0.0053720140052020415,0.44036617254144744,0.10070331400575214,0.3212848489573067,0.2974069851575831,1.7861718534273137,11
25042003,transverse,0,63,4.724892247479306,0.006263132399372151,0.28232739365531984,0.2914057885023358,-0.009078394847015947,9.463658043540836,9.660832610597513,-0.19717456705667757,1.7640952500594018,13.15111948603828,-11.387024235978878,0.0638842996532607,0.0009636412639069114,0.06292065838935379,148.1374624893114,10025.341351022467,-9877.203888533157,27.6139092020141,13647.318746728854,-13619.704837526839,1.2434497875801753e-14,0.40025722592907265,1.5543122344752192e-15,3.3143795962425404,0.13168867834103537,0.977525587464354,1.7763568394002505e-15,-0.20260133342344844,-3.25710300935369,0.0025303720917162487,0.922533023084662,0.766390792114824,2.802402405604669,0.30962964567747936,1.9122299212236546,11
25042004,dephasing,31,32,0.059841570790382846,0.008283148635013393,0.31249305170661157,0.3881236098455992,-0.07563055813898761,10.030994830386692,9.773416871584642,0.2575779588020506,21.106555651201923,43.803204474276114,-22.69664882307419,0.0025995831533310067,0.00020489035917094917,0.0023946927941600575,3858.6935822896676,47700.71618367482,-43842.02260138515,8119.20773688535,213788.5093838366,-205669.30164695124,1.9539925233402755e-14,0.5231093300430274,2.948752353404416e-13,25.826443241737827,0.007138642109728366,16.574191530284452,8.673617379884035e-17,0.07293225793350189,13.209313010392364,-0.0001882828303529302,0.686200293862034,0.24774154683675326,234.3860606534839,211.10063080379408,30.758593139637192,11
25042004,dephasing,30,33,0.06244115394371399,-0.40133198282558996,0.32371368441050424,0.4757937250706162,-0.15208004066011194,10.023856188276964,9.839210487408415,0.1846457008685487,4.532364120917469,40.43832595438403,-35.905961833466556,0.00259958315333092,1.6607528817932232e-05,0.0025829756245129877,3855.9475104434,592454.8194541971,-588598.8719437537,1743.4964967787323,2434939.381873607,-2433195.8853768283,1.4210854715202004e-14,0.2051685823210363,1.9628743075372768e-13,15.514840873347985,-0.0531668356862216,-10.207644429895987,-0.0020544841000222688,-0.08998997463269376,-7.85268420287052,-0.0017466999874925938,0.1885198840914715,-0.12666760963043025,-73.21512913139408,93.75745365597312,24.041835919643482,11
25042004,dephasing,29,34,0.10904871551725594,-0.07139699558036772,0.07480320990416228,0.4918181614888999,-0.4170149515847376,10.12305121753968,9.831357825339246,0.29169339220043433,8.37346145042499,41.78336788854287,-33.40990643811788,0.006708551353375371,0.0004438929235242653,0.0062646584298511054,1508.9772268712416,22148.0390975456,-20639.06187067436,1248.1772903492688,94129.38498051725,-92881.20769016798,3.907985046680551e-14,0.591066884630342,1.474376176702208e-13,33.51394955278453,0.0522497578130956,-4.053360287573739,0.0020544841000221734,0.14171887180479548,-9.800826109031782,0.0017833586129030275,0.3458682547277009,-0.11404059881076908,-66.84179971031786,136.95665637207,24.209973988556047,11
25042004,dephasing,28,35,0.11575726687063166,0.1966264368018376,0.10440309657938081,0.4417056344092305,-0.3373025378298497,10.117746731176208,10.002443391253479,0.11530333992272901,20.32127935507999,31.633478179785634,-11.312198824705643,0.006708551353375475,0.00032892734399230655,0.006379624009383168,1508.186521682563,30409.27905187302,-28901.092530190457,3029.1605869358273,96171.62804356431,-93142.46745662848,6.572520305780927e-14,0.3706837233604663,5.471179065352771e-13,4.09208346944278,-0.006333822797337518,-1.2609116955365138,-0.0032308566500372053,-0.040528756459050186,4.163306397819625,-0.0031270532871451456,0.44932516875717254,-0.22163282144665683,-453.3302243136695,866.2846189408556,45.22622093769648,11
25042004,dephasing,27,36,0.12892753152408187,0.4130992705289938,0.05947139937962332,0.4787774784008233,-0.4193060790212,10.12510989040741,10.105139089844286,0.019970800563124058,34.79092065080802,32.332024657740675,2.458895993067344,0.01317026465344999,0.0004215684902444672,0.012748696163205522,768.7856058196301,23970.337735593865,-23201.552129774234,2641.6265402604827,76694.59507989167,-74052.9685396312,8.881784197001252e-14,0.37306547933134127,4.192202140984591e-13,2.230286785642406,0.0034447409848201715,18.376357228050296,-0.0024352308907075876,-0.03285374509693639,21.75671391443569,-0.0025261341898730784,0.7744489038657799,0.17351480023043486,350.1731383648661,860.235021365941,44.92345521717914,11
25042004,dephasing,26,37,0.1534299712590216,0.2661937156345532,0.05534591297122142,0.3281671923847244,-0.272821279413503,10.125583567668972,10.13523781627158,-0.009654248602608106,12.507847490435456,39.791284508466504,-27.283437018031048,0.02450243973493968,0.0003324030381656462,0.024170036696774033,413.24797355710746,30490.809807884165,-30077.561834327058,510.4735538885817,119707.94469284404,-119197.47113895546,7.105427357601002e-15,0.4526236873464864,2.3092638912203256e-14,12.888999149310422,0.040215311341480486,-5.228036829259807,-0.00855904883294143,0.07326229163375864,-23.549006731018746,-0.007910759388137546,0.6385100660655246,0.156658592010406,60.11514193002348,96.33110691396918,19.589115591408532,11
25042004,dephasing,25,38,0.2699859642707434,-0.09108295919231152,0.2881321146696798,0.3346394007752057,-0.0465072861055259,10.045626622247571,10.231430503283429,-0.18580388103585754,0.6808479885825098,10.608604555674457,-9.927756567091947,0.05295271248231223,0.0015398164756945942,0.05141289600661764,189.70938694789444,6644.577886249816,-6454.868499301922,12.857660290961169,6889.525292869095,-6876.667632578134,5.329070518200751e-15,0.23237105997166552,1.5654144647214707e-14,2.428685783326406,-0.0713333020328637,-7.75039451083858,0.014225136373686498,-0.24533707404909144,7.660623023675953,0.014107846046936365,0.07179431912105796,-0.16286805317970635,-14.647248861519458,15.11080284507632,9.48331284310236,11
25042004,dephasing,24,39,0.32293867675305593,0.011056966938373741,0.14251476014682796,0.3745960544052739,-0.23208129425844592,10.108336280891898,9.979615646262822,0.1287206346290759,4.354637508406725,12.247959671911481,-7.893322163504756,0.05295271248231179,0.0025126492597232764,0.05044006322258851,190.89364466963738,3971.7503776718518,-3780.8567330022142,82.23634454724748,4874.520239749011,-4792.283895201764,8.881784197001252e-15,0.38473791731138185,7.37188088351104e-14,4.442736900305958,0.04194784854497158,-0.5826885163130235,-0.004170098682291484,0.008362183347531804,0.798322991441335,-0.005784664377736448,0.303765865574927,-0.13836911213351463,-28.435785647895482,47.39865347751853,14.335506394587462,11
25042004,dephasing,23,40,0.3842315865999508,-0.14700199374935274,0.20370688575821216,0.2914651201667342,-0.08775823440852204,10.087150242446281,9.660629458847335,0.42652078359894574,9.193804060856987,16.64933780365722,-7.455533742800235,0.06129290984689431,0.00025635065286203074,0.06103655919403228,164.5728725825438,37685.21496236148,-37520.642089778936,149.99783961672745,64947.51473333669,-64797.51689371996,7.105427357601002e-15,0.41675867224255114,6.750155989720952e-14,8.042912257168732,0.014855962798392852,4.709250330840648,-0.0026343056098195733,0.0005177239832967473,-2.624491721016838,-3.319211638201647e-05,0.7569909135479355,0.2608101442852014,38.47101404835884,46.055019061072144,12.14519738125606,11
25042004,dephasing,22,41,0.5170582060242843,0.286020848612648,0.303964569230884,0.32702870098525305,-0.023064131754369055,10.036252278403879,9.312966793801657,0.7232854846022221,4.614469951625954,6.383231831687992,-1.768761880062038,0.07490171843111598,0.0032022790328758988,0.07169943939824008,133.9922833363804,2908.2308874994815,-2774.238604163101,61.60699711942779,1993.3402948822193,-1931.7332977627914,5.329070518200751e-15,0.289662408412239,8.881784197001252e-15,1.0650072789032414,-0.03757949137603234,-1.6754437442590504,0.014879593936123384,0.35538812174833456,4.552209239025326,0.013498459512408717,0.49456238943438297,0.07310032357911567,6.363862272514721,14.929470661944142,9.330410177173796,11
25042004,dephasing,21,42,0.5919599244554008,-0.044711493593992485,0.2610238315519311,0.37589895216351726,-0.11487512061158617,10.060513297113541,9.751239355004712,0.3092739421088293,3.386023330913021,8.572431826287515,-5.1864084953744936,0.058751339143090886,0.0033859385654604335,0.05536540057763045,171.2388763192413,2879.9221150897342,-2708.683238770493,57.633125989966736,2531.774177397634,-2474.1410514076674,8.881784197001252e-15,0.36490628764877897,9.769962616701378e-15,2.7056249626361044,-0.017693636118584877,-0.5020415916872314,0.006037837809447472,-0.14737588866166185,4.461367475984801,0.0051535593963970006,0.5013750376626093,0.15024199909533822,6.852449298122683,4.612704699364595,6.753474099345919,11
25042004,dephasing,20,43,0.650711263598492,-0.0825078262060854,0.09211487225862908,0.3225151784963472,-0.23040030623771812,10.120161588060373,9.930147411121613,0.19001417693876022,3.1616598935745515,20.688449956231103,-17.526790062656552,0.030525284236170847,0.001801041271944026,0.02872424296422682,331.53373805668014,5513.559053759557,-5182.025315702877,103.57511724094454,11486.938294256965,-11383.363177016021,1.7763568394002505e-15,0.301714819259157,6.661338147750939e-15,13.572578892966654,0.03721617397263266,0.06066441314626214,-0.004390219797332395,0.14740899742734825,-3.911603126617184,-0.004085923320026302,0.5260824470735709,0.2140225339996683,7.730047786771946,2.266045495865915,6.0098182540813925,11
25042004,dephasing,19,44,0.6812365478346631,0.2221469705482611,0.15254247503451035,0.36532137736980674,-0.2127789023352964,10.10537753106194,10.329441114147945,-0.22406358308600538,2.8159676299435574,24.8599330066478,-22.043965376704243,0.011079668923915598,0.0008247369330398047,0.010254931990875793,912.0649362770545,12524.528368186237,-11612.463431909182,254.15629738405428,30142.8637553788,-29888.707457994744,1.9539925233402755e-14,0.6004425588884033,2.1760371282653068e-14,0.7436184072227263,0.01201818742755556,-0.3434048245959027,-0.00972280765612768,-0.36440166248514494,3.4677086818954486,-0.009544330693289915,0.4884967529079724,0.18195535541426866,6.046398911693572,1.8832747811962987,5.764557518919771,11
25042004,dephasing,18,45,0.6923162167585795,-0.058989684960957994,0.24917792547335404,0.36065564435943576,-0.11147771888608171,10.066557099208396,9.975895117348877,0.0906619818595189,3.157085015504369,36.6536430700472,-33.49655805454283,0.011079668923915709,0.00020538651981111267,0.010874282404104596,908.56118249883,48571.32360255865,-47662.76242005982,284.9439849858448,178461.77589335645,-178176.8319083706,5.329070518200751e-15,0.6125607820862964,3.1530333899354446e-14,22.485062248210482,-0.05043409702258117,0.7637877986042656,-0.050808629853525494,0.30655362580354506,-13.930589779810454,-0.048827752373109296,0.5873580510177926,0.29030268616588883,8.387214616046247,1.5799711790760753,5.37506042529542,11
25042004,dephasing,17,46,0.9724388594588818,0.3840053138684927,0.006471193984696484,0.3957416458324094,-0.3892704518477129,10.128604861400014,10.33632456620206,-0.20771970480204693,1.970626803856649,19.058597976617165,-17.087971172760515,0.11269692863096681,0.0035477910674148183,0.10914913756355199,89.87471960808061,2913.453574292318,-2823.5788546842373,17.486073735954157,5371.9617684546065,-5354.475694718652,8.881784197001252e-15,0.4069146365592893,3.552713678800501e-15,27.026652393716592,0.03858377231320098,-0.25472227418586213,0.0508086298535258,-0.3927311878513571,8.580819442601374,0.04875113001650169,0.48853365313521063,0.18079938178160146,2.941824365045514,0.9415456350327508,4.033758557286616,11
25042004,dephasing,16,47,1.0851357880898487,0.1105078663354053,0.12313268772493188,0.4056320998310943,-0.28249941210616236,10.11348507896523,9.834124094726128,0.2793609842391014,1.2936131405806532,19.1346363167616,-17.841023176180947,0.11269692863096631,0.0027751959409703097,0.109921732689996,89.74055639158117,3543.578292813357,-3453.837736421776,11.478690291699756,6894.877595587515,-6883.398905295816,1.2434497875801753e-14,0.16433521874734502,1.7763568394002505e-15,0.9696470544413209,-0.012077458247114592,0.14741084476145194,-0.02733550783798372,0.45869601918446445,-6.815475019179537,-0.0250531274545103,0.3382658316776348,0.04721891965141109,0.690571450407688,0.9828635070752535,3.824250099884338,11
25042004,dephasing,15,48,1.5573078790580817,0.12302341441135428,0.07827211972932238,0.476806935454855,-0.3985348157255326,10.122520213024675,10.273470578113354,-0.1509503650886792,0.32177778778175353,5.284902929024058,-4.963125141242305,0.16736794430693325,0.006567361581472642,0.1608005827254606,60.480638959519965,1564.3223615243166,-1503.8417225647968,1.9225771644279186,804.7223932261379,-802.79981606171,8.881784197001252e-15,0.9645915865085843,2.4424906541753444e-15,5.567114338938133,0.0034042104803333473,-0.49591257750891976,0.09650047330476189,-0.5379498253587895,12.17710109295972,0.09180297465237239,0.11347440412402308,-0.11802088041300166,-0.9490195335109349,1.0525604782206532,2.8356860762191065,11
25042004,dephasing,14,49,1.7246758233650157,-0.24990915978406078,0.0624484717838569,0.3783274823159255,-0.31587901053206857,10.124746926123454,9.630108989822334,0.4946379363011193,0.34176759000069346,16.781196882223796,-16.439429292223103,0.029038013373376415,0.0009645299171959776,0.028073483456180437,348.6721627935593,9984.251206866033,-9635.579044072474,11.769661567621014,17398.31661314256,-17386.54695157494,0.0,0.13851350449761313,1.4432899320127035e-15,4.204613016956394,-7.74722223777502e-05,-0.19750201193676464,-0.06916496546677814,0.23893484626242323,-2.204870363057708,-0.06615259145569591,0.11388085644572325,-0.1016632586021844,-0.9156390975984111,1.0324441831732938,3.0010978198393166,11
25042004,dephasing,13,50,1.7537138367383927,-0.20932452397839554,0.03896349682218268,0.34919409841487453,-0.31023060159269183,10.127128583666988,9.464772038500916,0.6623565451660713,0.7567614160931626,24.262754133181648,-23.505992717088485,0.02903801337337586,0.0013864462750837747,0.027651567098292085,348.75418140527023,6826.641759291406,-6477.887577886136,26.06106025100932,17499.95983920516,-17473.89877895415,0.0,0.5791844660903784,3.9968028886505635e-15,4.842258253715876,0.0018140401306290244,0.27455084989130846,0.0037396853222790294,0.21598502540916087,-7.294926004940862,0.0042388844891841915,0.2500147270021051,-0.03231327504662084,-0.29605183481985875,0.8687396757071834,3.026867357644848,11
25042004,dephasing,12,51,1.928128940154022,-0.1548932458346599,0.05257924307494345,0.36633667641149004,-0.3137574333365466,10.125882160949264,9.727777057736562,0.39810510321270165,0.6226535424030148,16.605357674475158,-15.982704132072143,0.021558642728817246,0.002806760966781896,0.01875188176203535,469.690151106502,3465.837373707668,-2996.147222601166,28.881852639578252,5916.199445196825,-5887.317592557247,7.105427357601002e-15,1.0922259005006971,6.994405055138486e-15,10.368205547907671,-0.0013285569399030805,-0.13540066933156303,-0.003739685322279418,-0.051549116923608196,4.932323914506782,-0.0057792459634278814,0.16343443347400616,-0.07280549186106039,-1.0567443702179449,1.444441804084971,3.8098063496640617,11
25042004,dephasing,11,52,1.9496875828828402,-0.169325979453219,0.03679518501454318,0.33450972198523626,-0.29771453697069306,10.127292852111344,9.890340957004796,0.23695189510654835,0.7593470073759931,19.083410383445354,-18.32406337606936,0.021558642728817468,0.00014795437618309037,0.021410688352634377,469.7555861702823,66847.23502038026,-66377.47943420998,35.222393957156356,128981.72312139008,-128946.50072743293,1.0658141036401503e-14,0.5870381547001369,6.439293542825908e-15,4.2369923034037456,0.0012414771690334447,-1.0403831364132223,-0.023109956976209656,-0.1403820888813394,-8.59969158963973,-0.018370246330766227,0.18086746316196475,-0.08392899110488466,-1.4793525324811498,2.0559604100920232,4.198361574276101,11
25042004,dephasing,10,53,2.044332663732607,0.2661039217637944,0.049255952089365854,0.3542655968660633,-0.30500964477669745,10.12622058893536,9.769657724172285,0.35656286476307386,2.9768067451754163,6.4428461859625346,-3.4660394407871182,0.067778556681237,0.006968569076471143,0.06080998760476586,149.401537665652,1401.9603762211113,-1252.5588385554593,43.919594794196605,924.5579853281971,-880.6383905340005,3.552713678800501e-15,0.506729736849362,4.39648317751562e-14,4.321994419879678,-0.001183836177515829,2.2934697258527237,0.023109956976209656,-0.03716316633177286,9.548702031031361,0.01640174638473324,0.46571613806006407,-0.04659601215595915,-1.9037392203188013,10.765117618440563,6.391890900700283,11
25042004,dephasing,9,54,2.112111220413844,-0.07689862400935382,0.03362647226798239,0.3789324418780223,-0.3453059696100399,10.127515998114404,9.57701583103126,0.5505001670831451,0.6073270312693921,8.312746598836988,-7.705419567567596,0.06777855668123722,0.0003727625938063639,0.06740579408743086,149.42065004045668,25691.99804421942,-25542.577394178963,8.960459782666266,22300.377604827878,-22291.417145045212,0.0,0.353216516325503,6.772360450213455e-15,1.0485445832648477,0.00013349731132450415,-2.3602946320154317,-0.0018089672789347588,0.3794581806842272,1.9742232667737145,0.0023033984543761044,0.1264520280266193,-0.15275907439216366,-3.5237139287297623,3.892560051640253,4.802825551690973,11
25042004,dephasing,8,55,2.195711123665095,0.2111513454234695,0.01011558603315798,0.40724152946418835,-0.39712594343103036,10.1285444126708,10.143023304636039,-0.014478891965238105,2.9584365813942313,18.851682809289734,-15.893246227895503,0.07139649123910696,0.0020016875777633114,0.06939480366134365,141.8633358150653,5067.235974941637,-4925.372639126572,41.43672231015418,9417.894689816996,-9376.457967506842,0.0,0.2281531372664105,2.3092638912203256e-14,23.665238104497472,0.00047530802724793375,0.9126961217419174,0.024896978068223996,-0.2718369564876477,-2.1794326038821534,0.02368026339226803,0.41920337502152655,-0.051310710013668624,-2.555541930637693,11.307888936769203,7.057282354280424,11
25042004,dephasing,7,56,2.267107614904202,0.05282892796830993,0.004952431613884413,0.4228657165271421,-0.4179132849132577,10.1286222111727,10.164406249211027,-0.03578403803832586,3.484153888035235,23.206361568494337,-19.722207680459103,0.02522046966052871,0.001197183209808328,0.024023286450720382,401.6032352888534,8490.267960605941,-8088.664725317088,138.1478590578394,19384.135509392698,-19245.987650334857,3.552713678800501e-15,0.977696503830833,3.019806626980426e-14,9.660147792539806,0.0004254039469024917,-2.408824084151965,-0.023088010789289015,0.10850288885131665,0.08671001230474218,-0.023077560936869967,0.34502559678480454,-0.18088196506196105,-18.44536668868016,30.584695004190948,10.098247551784674,11
25042004,dephasing,6,57,2.2923280845647307,-0.09841681668086992,0.02824067936158378,0.38810024750626404,-0.35985956814468023,10.127849201780798,10.401944163594845,-0.2740949618140469,8.82751936298017,32.55210852061236,-23.724589157632188,0.02522046966052849,0.0004135785466914399,0.02480689111383705,401.57258520968287,25151.072865864735,-24749.50028065505,350.0140751461006,78708.40685771506,-78358.39278256896,1.7763568394002505e-15,1.4537332774327485,1.1546319456101628e-13,6.868598684763413,-0.0003705600527901254,5.249119393826714,-0.014211604388243426,-0.21043890805110532,-12.319979209105203,-0.012180274337468378,0.8357311457604961,0.4177022848788356,46.60269511079703,31.32240299299202,10.562630587313205,11
25042004,dephasing,5,58,2.414251687566715,0.220045429122472,0.02879974404613684,0.4170537666771187,-0.38825402263098185,10.127817312494475,10.219345381982032,-0.09152806948755732,3.6726460502716765,6.759658266866545,-3.0870122165948684,0.05364367843701512,0.0036926339851246492,0.04995104445189047,188.79796478509377,2767.4948080826553,-2578.6968432975614,68.46372503302241,1830.579010564559,-1762.1152855315365,8.881784197001252e-15,0.3484569555680608,8.881784197001252e-15,0.9493261285070629,-0.00021798438252140784,-2.30782288228272,0.01891673189979559,0.12512127115951177,12.867739257474051,0.017460238263037664,0.7870521772591571,0.47544022414252884,10.352542533756427,3.13578647681977,4.666331097718786,11
25042004,dephasing,4,59,2.467895366003731,-0.36075300534140536,0.020623912781087203,0.411929405965631,-0.3913054931845438,10.128221391973195,10.287425111453286,-0.15920371948009127,3.133418502128624,11.318332292634274,-8.18491379050565,0.044233423413910566,0.004058702150042004,0.04017472126386856,228.97213487636282,2534.658797602781,-2305.686662726418,70.83825443054502,2788.658017814177,-2717.819763383632,1.4210854715202004e-14,0.7025179297309201,1.0658141036401503e-14,0.6531738328120618,2.1256564583183035e-05,-1.0669419018914041,-0.004705127511552276,-0.1966163855985661,1.46015586704587,-0.006249134269361689,0.6985825347957058,0.384640018136033,7.73848287991127,2.079828629570676,4.485394847503534,11
25042004,dephasing,3,60,2.512128789417643,0.14685174455101357,0.007986202403677284,0.32295018120827246,-0.31496397880459515,10.128582958322749,9.962229556598242,0.16635340172450697,4.728074757768379,20.93120185627655,-16.203127098508173,0.044233423413910566,0.0013367567993405327,0.042896666614570034,228.98030892941247,7452.53703703841,-7223.556728108997,106.88918905339554,15658.197412276206,-15551.30822322281,1.9539925233402755e-14,0.7497390485616311,1.865174681370263e-14,2.405432536779177,0.0005324491749369997,1.7056943431587888,0.010222682105714198,0.35121311893104146,-8.197970400648494,0.01219127635027073,0.9759525639534811,0.8506396920825141,19.96442904420138,2.3902618708452597,4.844574349613325,11
25042004,dephasing,2,61,2.6038954112197095,0.3589106433643045,0.0276967765122053,0.33577234282375223,-0.3080755663115469,10.12787962632243,10.338395341255408,-0.21051571493297772,2.9113423270905567,10.736741932304263,-7.825399605213706,0.02378805920248217,0.002551999937752125,0.021236059264730045,425.75476797475073,4051.09545197002,-3625.340683995269,122.38671100947874,4207.187380169567,-4084.8006691600885,1.0658141036401503e-14,0.10987925341210669,5.773159728050814e-15,4.4964007732519296,-0.0007351797142831629,-0.7955563278276525,-0.010222682105714309,-0.41083664355854665,7.808986786679828,-0.011707890521014508,0.9730567697624322,0.8339439834681581,7.465296680582395,1.0106174649266808,2.9919552667018103,11
25042004,dephasing,1,62,2.6276834704221916,0.05405159580668675,0.0002898291272651328,0.5042746927497922,-0.503984863622527,10.128646653750678,9.894358198224047,0.2342884555266309,2.6857225520680394,17.751368237346934,-15.065645685278895,0.023788059202482392,0.0007968262455633202,0.022991232956919072,425.7870121953332,12417.209213821996,-11991.422201626663,112.90212998073302,22277.589796000655,-22164.687666019923,1.5987211554602254e-14,0.9685571462174707,4.440892098500626e-15,9.077177692895674,0.0010198921964956753,0.0195686409142235,-0.07427549648401355,0.44293287368287526,-5.46003554099272,-0.07302661744613959,0.9751186384219064,0.822695941012929,6.2408929224888,0.9722127041980533,2.7542520943036277,11
25042004,dephasing,0,63,2.8000225225927022,-0.039481096230938095,0.03567689680547284,0.43154736900702884,-0.395870472201556,10.127373896785935,10.334147018165446,-0.20677312137951098,2.420965495217075,13.80678617857572,-11.385820683358645,0.1723390521705097,0.0015394106291224396,0.17079964154138727,58.76424274845182,6713.0542187152205,-6654.289975966769,14.047689509292459,8968.878035125983,-8954.83034561669,0.0,0.1048260536536354,2.220446049250313e-15,1.0280522952526816,-0.0012727569647434933,-0.2647570568509643,0.14855099296802732,-0.4410615769061419,3.67982500192025,0.1478084085844682,0.991642232124001,0.8239808024538237,4.911162048199703,0.9499118808319463,2.441369898125054,11
25042004,transverse,31,32,0.059841570790382846,0.008283148635013393,0.5711654149402521,0.3589943649876103,0.2121710499526418,8.991929081272863,9.253248667678147,-0.26131958640528374,17.391522968765766,44.291020913469794,-26.899497944704027,0.0025995831533310067,0.00020489035917094917,0.0023946927941600575,3458.98882663205,45161.95249556739,-41702.96366893534,6690.119893445582,216169.37513646416,-209479.2552430186,1.0658141036401503e-13,0.8518418398920762,5.10880227011512e-12,45.38555358071965,-0.2624826015922448,0.3529298777423726,8.673617379884035e-17,-0.2671771979154176,-8.853178449848055,-0.0001882828303529302,0.7283573948501016,-0.0123982014379465,-7.068786255889449,309.5338574290852,23.877732404086515,11
25042004,transverse,30,33,0.06244115394371399,-0.40133198282558996,0.25248233528648356,0.308608562801426,-0.05612622751494245,9.254411682865108,9.248554071354974,0.005857611510133864,17.038593091023394,35.084912585879366,-18.04631949485597,0.00259958315333092,1.6607528817932232e-05,0.0025829756245129877,3559.9598616444205,556889.2381730331,-553329.2783113887,6554.35586632086,2112590.799661651,-2106036.44379533,1.8829382497642655e-13,0.4558550012135232,4.657607632907457e-12,17.835098340839973,0.19470713954899388,-12.382312100403631,-0.0020544841000222688,0.1972037113694194,-15.195920745067474,-0.0017466999874925938,0.6044723233152365,-0.02910876545565429,-23.128017534627304,313.4416720561777,28.187548765801814,11
25042004,transverse,29,34,0.10904871551725594,-0.07139699558036772,0.4366680743280981,0.40869732534996583,0.027970748978132287,9.127480005359365,9.248852618672652,-0.1213726133132873,41.45028741408829,20.251586968961256,21.19870044512703,0.006708551353375371,0.0004438929235242653,0.0062646584298511054,1360.5739189529977,20835.77396377905,-19475.20004482605,6178.724024111823,45622.68487673742,-39443.96085262559,0.0,0.3018268795536727,4.263256414560601e-14,5.154194851403918,-0.067264650380773,26.25683238423884,0.0020544841000221734,-0.2164041175137319,34.621449305748044,0.0017833586129030275,0.7982429300851464,0.2925523303080666,788.8392161102153,929.2871106003112,51.926908277993654,11
25042004,transverse,28,35,0.11575726687063166,0.1966264368018376,0.42788010456391024,0.37038025515117434,0.05749984941273589,9.135077628615166,8.95087223172441,0.18420539689075532,13.348316968675496,22.147495195061552,-8.799178226386056,0.006708551353375475,0.00032892734399230655,0.006379624009383168,1361.7064471033318,27212.308113653715,-25850.601666550385,1989.7465586156923,67332.4842083654,-65342.7376497497,1.0658141036401503e-14,1.234522329521381,6.146194664324867e-13,6.748289598794148,0.09198049471215519,-21.99695605012859,-0.0032308566500372053,0.27477855527873096,-15.502196801310893,-0.0031270532871451456,0.4632467679887559,-0.12782831202775324,-106.13418267726092,284.31174857349913,28.814700697490437,11
25042004,transverse,27,36,0.12892753152408187,0.4130992705289938,0.5995371131549174,0.3041238507502599,0.29541326240465754,8.958714262446659,9.018487965909323,-0.059773703462663974,29.240258623519885,37.03292191879724,-7.792663295277357,0.01317026465344999,0.0004215684902444672,0.012748696163205522,680.2227972009581,21392.699346859416,-20712.47654965846,2220.1724409433423,87845.5643051545,-85625.39186421117,1.7763568394002505e-15,0.07629549218494525,5.542233338928781e-13,11.139690703417845,0.30179754805997305,19.287519632511493,-0.0024352308907075876,0.26169350165700767,7.147234036869559,-0.0025261341898730784,0.8181498479884673,0.14205320008714042,181.44613960207232,673.5465847682403,35.73949038236792,11
25042004,transverse,26,37,0.1534299712590216,0.2661937156345532,1.0674283171897607,0.3806797054645402,0.6867486117252205,8.178755800158203,9.005895607288302,-0.8271398071300986,6.55716101334129,27.637777451249065,-21.080616437907775,0.02450243973493968,0.0003324030381656462,0.024170036696774033,333.7935278541085,27093.301123199722,-26759.507595345614,267.6125759016149,83145.38159388407,-82877.76901798246,8.881784197001252e-15,0.8722311757209837,1.3322676295501878e-14,20.30608554709701,-0.5722460721734457,-9.650718030992731,-0.00855904883294143,-0.46006226925117844,-13.39156026930428,-0.007910759388137546,0.6400939007547766,0.30782953900943827,32.30387418311409,10.69248637176879,10.24406107542863,11
25042004,transverse,25,38,0.2699859642707434,-0.09108295919231152,0.880266738142554,0.3482938174471268,0.5319729206954271,8.54328948221664,9.217670854511816,-0.6743813722951764,3.175499465148156,10.760948507077789,-7.585449041929633,0.05295271248231223,0.0015398164756945942,0.05141289600661764,161.3380898111754,5986.213941732131,-5824.875851920956,59.9685892617657,6988.461727053313,-6928.493137791547,0.0,0.12474595301856795,9.325873406851315e-15,1.5089327431284385,-0.16380178878012508,-1.8466403325101428,0.014225136373686498,-0.13380455902577992,9.72464522186596,0.014107846046936365,0.4648991957630788,0.11731796057136679,5.473574111725349,4.610222741430841,6.8305118487803185,11
25042004,transverse,24,39,0.32293867675305593,0.011056966938373741,0.2876321794609462,0.517661145848401,-0.23002896638745474,9.235426741835326,9.48944056124402,-0.2540138194086943,3.4871185819753077,17.026690671658713,-13.539572089683405,0.05295271248231179,0.0025126492597232764,0.05044006322258851,174.40894543259344,3776.6674057361724,-3602.258460303579,65.85344581054535,6776.389743124713,-6710.536297314168,5.329070518200751e-15,0.5922531379328593,2.531308496145357e-14,2.2488155395528118,0.646614062036182,1.3189999211812848,-0.004170098682291484,0.18108163600926375,-0.5180425193201774,-0.005784664377736448,0.3931811242864059,0.05946070743132024,4.677116457950596,7.482879546806791,8.868987768179746,11
25042004,transverse,23,40,0.3842315865999508,-0.14700199374935274,0.8269359921512256,0.31385073085731585,0.5130852612939097,8.634335877381648,8.830145415922388,-0.19580953854073968,1.1607378564398898,19.618347955236715,-18.457610098796824,0.06129290984689431,0.00025635065286203074,0.06103655919403228,140.8700598315475,34445.574128008244,-34304.704068176696,18.93755508327696,76529.34656575815,-76510.40901067488,5.329070518200751e-15,0.007599985974470869,5.551115123125783e-15,0.056293983993718655,-0.615612645535089,-2.032519250709576,-0.0026343056098195733,-0.10128491191877487,-7.31723881900875,-3.319211638201647e-05,0.1551955625341735,-0.054174422420871296,-3.0304281289646395,4.377740500337316,7.479194878296228,11
25042004,transverse,22,41,0.5170582060242843,0.286020848612648,0.23170824003178614,0.41637759554656206,-0.18466935551477592,9.264470303998149,9.199505737833384,0.06496456616476465,2.899395632323624,11.640566102216363,-8.74117046989274,0.07490171843111598,0.0032022790328758988,0.07169943939824008,123.68835452711674,2872.799541635041,-2749.1111871079243,38.70933395193167,3635.088005357927,-3596.3786714059956,1.7763568394002505e-15,0.3700773680502092,6.217248937900877e-15,15.31804625267937,0.7687320698990447,1.8385005277334687,0.014879593936123384,0.5022745485880282,4.756508854410443,0.013498459512408717,0.415749357113636,0.1120317277534167,5.448699059166248,2.957795973571079,6.973902864102665,11
25042004,transverse,21,42,0.5919599244554008,-0.044711493593992485,0.9803154704890752,0.39047799289268026,0.5898374775963949,8.35714059081656,9.035951017122347,-0.6788104263057875,0.9610523527404206,9.498800902549963,-8.537748549809542,0.058751339143090886,0.0033859385654604335,0.05536540057763045,142.2459592020951,2668.6695114013687,-2526.4235521992737,16.357965056758022,2805.3671733581136,-2789.0092083013556,1.5987211554602254e-14,0.07865713638599026,1.7763568394002505e-14,5.161206842986779,-0.9186206241116892,-1.3605874741183643,0.006037837809447472,-0.7370303935537237,0.5473155083061094,0.0051535593963970006,0.11091972635013778,-0.15157934311820973,-11.37932586321458,12.30294748792246,8.664395273629498,11
25042004,transverse,20,43,0.650711263598492,-0.0825078262060854,0.17637144507665853,0.2847070133483216,-0.10833556827166307,9.287052125858347,9.23557675752724,0.051475368331107774,1.7438840213939457,11.172841667732508,-9.428957646338562,0.030525284236170847,0.001801041271944026,0.02872424296422682,304.24129891815,5127.909560650129,-4823.668261731978,57.1291657074084,6203.54560541117,-6146.416439703762,3.552713678800501e-15,0.29565805568945436,4.8405723873656825e-14,4.3948691106020625,0.4537624599813892,-5.710333444672633,-0.004390219797332395,0.23749642280403194,0.8834902552634123,-0.004085923320026302,0.13111810559714016,-0.13203317483290702,-23.355702322059326,26.39683380213237,13.300100801883154,11
25042004,transverse,19,44,0.6812365478346631,0.2221469705482611,0.09338239426905648,0.4045815982725076,-0.31119920400345114,9.309438740937358,9.002670423577419,0.30676831735993915,13.947382579392738,26.034529832787143,-12.087147253394406,0.011079668923915598,0.0008247369330398047,0.010254931990875793,840.2271588497399,10915.808499560573,-10075.581340710833,1258.8266558477344,31567.071619830836,-30308.244963983103,2.4868995751603507e-14,0.20514369266295418,1.049826892085548e-12,8.56399903203221,0.37875629339257877,1.595789922050674,-0.00972280765612768,0.557890024208775,-7.869173678886205,-0.009544330693289915,0.5905062580215756,-0.2339449980161695,-130.5119211705672,325.04140198653005,23.619364553599137,11
25042004,transverse,18,45,0.6923162167585795,-0.058989684960957994,0.8624652127857488,0.3853342772388758,0.477130935546873,8.57431276923121,9.128031551259989,-0.5537187820287794,22.95930129329018,21.96629079596802,0.9930104973221603,0.011079668923915709,0.00020538651981111267,0.010874282404104596,773.878066945066,44443.18721430571,-43669.30914736065,2072.2010243223085,106950.98595647712,-104878.78493215481,1.9539925233402755e-14,0.1904834850610726,1.0906830993917538e-12,2.5323164268589657,-0.7247493214279714,14.036124935447418,-0.050808629853525494,-0.6929378844582406,9.198892172740528,-0.048827752373109296,0.8932126146458756,0.28675286227908703,189.45906968116333,337.6704461949381,25.70418388279616,11
25042004,transverse,17,46,0.9724388594588818,0.3840053138684927,0.1716786885894136,0.36270417751591144,-0.19102548892649784,9.288685440381002,9.317015552882019,-0.028330112501016913,3.898970136292787,8.223586233735118,-4.32461609744233,0.11269692863096681,0.0035477910674148183,0.10914913756355199,82.42181533444791,2626.1455017617714,-2543.7236864273236,34.596951165015426,2317.9454701450127,-2283.348518979997,5.329070518200751e-15,0.4746997759274887,3.1086244689504383e-15,2.1975542510500112,0.7820589352391742,-8.637265204132492,0.0508086298535258,0.6745735388291152,3.485228358337464,0.04875113001650169,0.7710033397955656,0.5193205823633683,13.280757120540935,1.9212110031620497,5.057008102359988,11
25042004,transverse,16,47,1.0851357880898487,0.1105078663354053,0.937666663289429,0.27842500154392696,0.6592416617455021,8.438940241052448,9.291028761683933,-0.8520885206314848,2.1131693875603768,18.725868796442125,-16.61269940888175,0.11269692863096631,0.0027751959409703097,0.109921732689996,74.88172342909475,3347.8820808722608,-3273.000357443166,18.750904866982598,6747.584384940718,-6728.833480073736,3.552713678800501e-15,0.46392723987677975,2.220446049250313e-15,7.699814412407434,0.3345335252865258,-0.5863581053448801,-0.02733550783798372,0.239676866316489,-11.980026624945506,-0.0250531274545103,0.5467726975098096,0.24406196750072542,3.645483093469771,0.8200017670525234,3.8648041447286485,11
25042004,transverse,15,48,1.5573078790580817,0.12302341441135428,1.5485577229622203,0.3279314004081105,1.2206263225541099,6.920127991150844,9.075328652545775,-2.1552006613949306,1.5000848495177266,6.440814319947883,-4.940729470430156,0.16736794430693325,0.006567361581472642,0.1608005827254606,41.346794452228785,1381.8835067873263,-1340.5367123350975,8.962796643822942,980.7308825690724,-971.7680859252495,7.105427357601002e-15,1.0367758479336011,2.220446049250313e-15,2.7465239984521235,-0.9565005708981618,0.19680735386018666,0.09650047330476189,-0.9511558254050803,6.62573359721172,0.09180297465237239,0.6052984574151188,0.2309696899269381,1.418559337146415,0.8316952186062029,2.4782565214583965,11
25042004,transverse,14,49,1.7246758233650157,-0.24990915978406078,1.4155713085009909,0.3886130103222628,1.026958298178728,7.314316883045564,8.87031803439378,-1.556001151348216,0.49338560375470286,7.0136123301567075,-6.520226726402004,0.029038013373376415,0.0009645299171959776,0.028073483456180437,251.887647718756,9196.519336778092,-8944.631689059335,16.991024744380926,7271.534252194326,-7254.543227449944,1.1546319456101628e-14,0.4608102486172836,1.468825061579082e-13,2.6328840805469786,-0.4050788566780339,-0.8196278391991747,-0.06916496546677814,-0.23364810500906597,9.787070986464126,-0.06615259145569591,0.1234544829462755,-0.12273210973245201,-1.9602768741571455,2.2037062281496147,3.9964980775099943,11
25042004,transverse,13,50,1.7537138367383927,-0.20932452397839554,0.89414513598209,0.39856881958827134,0.49557631639381866,8.518663488296351,9.00816891957972,-0.4895054312833693,1.1259420363900285,28.79980799169213,-27.6738659553021,0.02903801337337586,0.0013864462750837747,0.027651567098292085,293.36247555099186,6497.308320897909,-6203.945845346917,38.77476127283464,20772.393787816934,-20733.6190265441,1.0658141036401503e-14,0.617527776198342,3.952393967665557e-14,18.803403703619786,0.8211289319827886,-0.4711856465741602,0.0037396853222790294,0.8668406992983284,-17.803414620107382,0.0042388844891841915,0.15538133327608422,-0.2389914682585877,-12.549221277315961,13.816966746626047,7.2463146804733505,11
25042004,transverse,12,51,1.928128940154022,-0.1548932458346599,1.1123878743114828,0.388662642574447,0.7237252317370357,8.080752229581561,9.23744333939674,-1.1566911098151795,2.700869762173675,15.921545706161108,-13.220675943987434,0.021558642728817246,0.002806760966781896,0.01875188176203535,374.8265756443049,3291.1400182353154,-2916.3134425910107,125.2801392066972,5672.56916231667,-5547.289023109973,3.907985046680551e-14,0.37718862010372867,8.970602038971265e-14,13.365595507325274,-0.5889742932738375,1.469195829670935,-0.003739685322279418,-0.6857779273700642,4.6154845063523915,-0.0057792459634278814,0.3785849353572694,-0.1457365253166531,-7.417354555126747,14.712052027350602,7.134118423451874,11
25042004,transverse,11,52,1.9496875828828402,-0.169325979453219,0.7052442520732316,0.35265397720765757,0.35259027486557404,8.820789557414448,9.27311049102131,-0.45232093360686143,1.3374058286154509,9.335860773992998,-7.9984549453775475,0.021558642728817468,0.00014795437618309037,0.021410688352634377,409.1532880047076,62675.472873786675,-62266.31958578197,62.03571557998587,63099.59201504165,-63037.55629946166,1.0658141036401503e-14,0.09308734016854991,1.0458300891968975e-13,5.2404763995977754,1.1866531544824372,-0.5125483326143443,-0.023109956976209656,1.0694295218087446,2.1131206285568194,-0.018370246330766227,0.16975301834671666,-0.1104151669815583,-6.853621976619313,8.64227632703381,7.878539313414733,11
25042004,transverse,10,53,2.044332663732607,0.2661039217637944,1.45967066018822,0.3297823329255961,1.129888327262624,7.18752057628246,9.074330377298493,-1.8868098010160326,0.9990385602859155,8.001513764167216,-7.0024752038813,0.067778556681237,0.006968569076471143,0.06080998760476586,106.04416689020714,1302.1798704611103,-1196.1357035709032,14.739743795141589,1148.229095006568,-1133.4893512114265,0.0,0.47823793924302294,1.8096635301390052e-14,6.546455432866103,-1.4335994850261171,0.25976869502914757,0.023109956976209656,-1.2359447725538093,5.603770744655023,0.01640174638473324,0.2982665280186351,-0.031195345878019788,-0.34998164648186003,1.3480596914200327,3.3494826486983693,11
25042004,transverse,9,54,2.112111220413844,-0.07689862400935382,0.9469469083819178,0.4188087067719455,0.5281382016099723,8.421450565202704,9.27085968852029,-0.8494091233175851,0.14113390189808497,17.35517085359318,-17.214036951695096,0.06777855668123722,0.0003727625938063639,0.06740579408743086,124.24948210108418,24870.68134668081,-24746.431864579725,2.0822795410329875,46558.241470464,-46556.15919092297,3.552713678800501e-15,0.12580013009762503,4.6074255521944e-15,25.02125501207577,0.4363356688640945,-1.2580133128186843,-0.0018089672789347588,0.2318550587106336,-9.753935500532318,0.0023033984543761044,0.04676511676462629,-0.09491945548077438,-0.8645176995662515,0.8844364778312304,3.01793113461961,11
25042004,transverse,8,55,2.195711123665095,0.2111513454234695,0.731744351602398,0.34065731079500855,0.3910870408073895,8.78270921639476,9.058427779435165,-0.2757185630404049,1.7992558691476235,9.716983567591882,-7.917727698444258,0.07139649123910696,0.0020016875777633114,0.06939480366134365,123.01317703388887,4525.395411384361,-4402.382234350473,25.20090046332827,4854.395698678239,-4829.19479821491,8.881784197001252e-15,0.5229915702471821,1.1546319456101628e-14,2.6628743512384556,0.22319327157180346,0.6174730861109778,0.024896978068223996,0.6448384124540638,6.151976632996414,0.02368026339226803,0.2781342323112708,-0.05883536224035318,-2.4621550527874407,5.699476735449639,6.469019847704378,11
25042004,transverse,7,56,2.267107614904202,0.05282892796830993,0.7877675342723698,0.40925995025237133,0.37850758401999846,8.69758132444321,9.689286152114562,-0.9917048276713523,2.222431664175206,13.147803375361455,-10.92537171118625,0.02522046966052871,0.001197183209808328,0.024023286450720382,344.8619887541332,8093.402975193614,-7748.540986439481,88.12015375167348,10982.281799179636,-10894.161645427963,1.9539925233402755e-14,0.3690647853788036,1.0302869668521453e-13,3.1944417824700864,-0.1683538430556517,-0.6081699283249429,-0.023088010789289015,-0.7979029227622032,4.577646963671507,-0.023077560936869967,0.21746960914561467,-0.20863254240294998,-21.789222550713877,26.728425052642113,10.219504568507407,11
25042004,transverse,6,57,2.2923280845647307,-0.09841681668086992,0.6074519683841808,0.3334719417615456,0.2739800266226352,8.949161118602964,9.061046365380857,-0.11188524677789324,3.861947315852675,26.950256967123927,-23.088309651271253,0.02522046966052849,0.0004135785466914399,0.02480689111383705,354.8372111645853,21908.88874161325,-21554.051530448665,153.1274939695849,65163.575777132384,-65010.4482831628,3.552713678800501e-15,0.9110666747292644,2.0961010704922955e-13,1.9409479232488245,0.2112699493694663,-0.03278505007307908,-0.014211604388243426,0.5059634287550683,-14.805655976014734,-0.012180274337468378,0.38873269776566854,-0.11732014299546303,-11.579321941110598,26.493959011531633,9.934711790518344,11
25042004,transverse,5,58,2.414251687566715,0.220045429122472,0.7348183438598931,0.4216652888965915,0.3131530549633016,8.778201014023786,9.022193537418357,-0.24399252339457078,5.567033067676302,11.206968707003089,-5.6399356393267865,0.05364367843701512,0.0036926339851246492,0.04995104445189047,163.63905812929238,2443.294833379973,-2279.6557752506806,103.77798894258802,3034.952489780756,-2931.174500838168,1.0658141036401503e-14,0.07540896566386301,6.039613253960852e-14,1.7970764349355601,-0.2953970655912208,2.8341463491397287,0.01891673189979559,-0.14150047697514,12.030385166218181,0.017460238263037664,0.47531852160193216,-0.0748558661679849,-10.268428103954111,41.26028528055512,11.71221573464903,11
25042004,transverse,4,59,2.467895366003731,-0.36075300534140536,0.3465890533033598,0.3817059571417307,-0.035116903838370905,9.198035040627051,9.29113388668802,-0.0930988460609683,1.603826121220472,13.856158081039158,-12.252331959818687,0.044233423413910566,0.004058702150042004,0.04017472126386856,207.94309666148166,2289.1884014183856,-2081.245304756904,36.25824088298125,3413.938142983899,-3377.679902100918,7.105427357601002e-15,0.07322657209506467,9.636735853746359e-14,14.138809905616597,0.5567044688993992,-4.501244279977199,-0.004705127511552276,0.4234258568585245,-5.102465571091997,-0.006249134269361689,0.09968334278849955,-0.25333848670026,-65.57986985912251,68.15212808623158,16.089208852308836,11
25042004,transverse,3,60,2.512128789417643,0.14685174455101357,0.9020525944008302,0.3349101106955178,0.5671424837053124,8.504460129431518,9.293517011875933,-0.7890568824444149,6.643107734719038,15.30290487284563,-8.659797138126592,0.044233423413910566,0.0013367567993405327,0.042896666614570034,192.26321349473093,6952.287070064456,-6760.0238565697255,150.18298883531378,11447.78532669149,-11297.602337856177,3.552713678800501e-15,0.2240135320523784,5.773159728050814e-14,8.248277099088215,-0.4786592875363169,4.224536791524436,0.010222682105714198,-0.5660980528189441,1.6530552248671633,0.01219127635027073,0.6779134621848402,0.15716005427224064,15.091633325741807,29.039247049342745,9.799344761953957,11
25042004,transverse,2,61,2.6038954112197095,0.3589106433643045,0.7415896568778251,0.42577008164567887,0.3158195752321462,8.768203793308617,9.12102260649859,-0.3528188131899732,3.233315765168733,11.606688531337557,-8.373372766168824,0.02378805920248217,0.002551999937752125,0.021236059264730045,368.5968543576559,3574.068506652335,-3205.471652294679,135.92179747187413,4548.075554249841,-4412.153756777967,1.0658141036401503e-14,0.2343614641444809,2.220446049250313e-15,5.665379650052534,-0.13908454231007816,-3.7266833318966706,-0.010222682105714309,-0.015167754846493686,0.5724160775380973,-0.011707890521014508,0.893801125659567,0.6720648864864389,8.794793573730548,1.6595372635581067,3.617489027867082,11
25042004,transverse,1,62,2.6276834704221916,0.05405159580668675,0.0896798232095958,0.3667473994250007,-0.2770675762154049,9.310116541805872,9.196361776048416,0.1137547657574558,7.276890459411769,16.508671008699018,-9.23178054928725,0.023788059202482392,0.0007968262455633202,0.022991232956919072,391.3777270587219,11541.238541342227,-11149.860814283506,305.9051769407229,20718.031190134974,-20412.12601319425,1.7763568394002505e-15,0.882182716967197,3.730349362740526e-14,3.139996323457682,0.8143686790720039,4.568461124673,-0.07427549648401355,0.9787062784311891,-1.6148904353002536,-0.07302661744613959,0.9911723844267386,0.7875892753805545,42.4515040400196,10.501630718258173,7.341700166132519,11
25042004,transverse,0,63,2.8000225225927022,-0.039481096230938095,1.046358963423961,0.38857140417743125,0.6577875592465297,8.223291932159118,9.600376144316611,-1.3770842121574933,2.1835429043088053,9.043950366113972,-6.860407461805167,0.1723390521705097,0.0015394106291224396,0.17079964154138727,47.715777872696634,6236.397204681785,-6188.681426809088,12.670041275081635,5874.943432909508,-5862.273391634427,1.7763568394002505e-15,0.1037584088779333,2.6645352591003757e-15,0.9815107410859554,-1.0868246096467544,-5.093347555102964,0.14855099296802732,-1.4908389779149491,2.371373087482082,0.1478084085844682,0.9774557524870807,0.8103972804707177,4.044149677073815,0.7237099378835119,2.233904602589839,11
25042005,dephasing,15,16,0.48601171227365486,0.10852136334918311,0.08408069847354246,0.5508578494607587,-0.46677715098721617,8.053184402647055,7.864553693364639,0.18863070928241576,41.48616857383783,36.203224003201136,5.282944570636694,0.01054516695588581,0.00017718808298655686,0.010367978872899253,763.6848649562776,44385.34217880396,-43621.65731384769,3934.140516445994,204320.87414111168,-200386.73362466568,7.105427357601002e-15,0.4343708427065591,5.684341886080802e-14,3.6040304087117647,-0.003615042754788078,-18.64601229948513,0.00014495578534556852,0.050728926219374415,-20.203717062441044,7.503955560586584e-05,0.9637243041646413,-0.006386353326019804,-11.834610649807473,1732.9367935866987,43.047755872254534,11
25042005,dephasing,14,17,0.49655687922954184,-0.12270827929252065,0.05877517418942186,0.4937458485665588,-0.43497067437713693,8.056799445401843,7.918897662338802,0.13790178306304135,60.13218087332296,34.64551924024522,25.486661633077738,0.010400211170540241,0.00010727185324685418,0.010292939317293387,774.6765246674631,73820.83391545237,-73046.15739078491,5781.823069482865,322969.33623882575,-317187.5131693429,5.329070518200751e-15,0.21056561056937628,1.8474111129762605e-13,5.673427568490165,0.000907867952632202,18.478772089961048,0.0031013407373981783,-0.05205360547954241,22.46586190957619,0.0031367744529636754,0.9673046283430747,-0.019146093152722685,-73.98906620596745,3689.8682427880276,62.16467812867334,11
25042005,dephasing,13,18,0.5069570904000834,0.07101661028659287,0.04068432439517665,0.5074127660514072,-0.4667284416562305,8.058598752251367,7.867318684448615,0.19128006780275175,41.820648992886,41.0619941165196,0.7586548763663998,0.004052573910398316,0.00010822305463814574,0.00394435085576017,1988.5137027542355,72695.40405003127,-70706.89034727703,10319.52776618837,379420.02518607845,-369100.4974198901,5.1514348342607263e-14,0.47618674730626687,2.984279490192421e-13,12.73174993818187,0.0006585137677816988,-19.302296109415842,-0.0031738186300706295,-0.06032498191381119,-17.624075632327777,-0.0032054890150341325,0.9598493890763329,0.008104392615490234,15.384940564095814,1733.5817416220905,43.570011575597604,11
25042005,dephasing,12,19,0.5110096643104826,0.060883729225364724,0.03424813772330314,0.5091340307314232,-0.47488589300812,8.059081031565327,7.693772715195243,0.36530831637008454,62.11370933128072,50.8349099469701,11.278799384310616,0.00405257391039765,4.583348610243121e-05,0.004006740424295219,1988.6327084345633,167863.57245444463,-165874.93974601006,15326.977546767543,1109121.6110719014,-1093794.6335251338,5.1514348342607263e-14,0.21422213360932663,6.181721801112872e-13,2.6139282861750175,0.03844245230643395,24.33997089628525,-0.0009539746726180132,0.17279830377387118,17.8869430878583,-0.0009187976029702005,0.9911078049140186,0.042671931335569346,167.6005493923053,3690.5123374986024,62.67099201854221,11
25042005,dephasing,11,20,1.358557576505178,0.0003495494071673044,0.27852389527008736,0.4556370257521103,-0.17711313048202293,7.98267840626642,7.788938448876745,0.19373995738967498,33.72682787710494,47.7017701605667,-13.974942283461765,0.00596052325563301,5.379805686234196e-05,0.005906725198770668,1339.2579919426312,144781.03677251798,-143441.77878057535,5658.366963878767,886682.0279889591,-881023.6610250804,5.329070518200751e-15,0.08355221414974068,3.694822225952521e-13,1.436764087636746,-0.05826331458216849,-15.376684972376118,0.0009539746726177356,0.028716323155600243,-19.32259896665115,0.0009958031050446292,0.9621699165936799,0.011674592572157678,14.34462428261736,1123.1542943692139,35.052881300327705,11
25042005,dephasing,10,21,1.3645180997608122,-0.06438910852677171,0.19352404597620193,0.48446248407014525,-0.2909384380939433,8.022802410131849,8.058063458033784,-0.03526104790193507,36.093316367681396,36.67680238561324,-0.5834860179318468,0.005960523255632899,0.0001454194924760399,0.005815103763156859,1345.9896163562528,55412.54009919938,-54066.55048284313,6055.393934344937,252213.79720917612,-246158.4032748312,2.3092638912203256e-14,0.04224307601362298,1.0018652574217413e-12,1.9527575426419546,0.017210341326448386,2.57088885941738,0.0005125759577063738,-0.28201701969237636,7.817331859156507,0.0004709670165574109,0.9579543030652441,-0.00020652228045170784,-0.2931776796185659,1303.0206640971226,37.677492811703246,11
25042005,dephasing,9,22,1.3744954936377356,-0.06583057803881426,0.1781803444785105,0.5279969689792511,-0.3498166245007406,8.028505731344382,7.728733745153174,0.2997719861912076,33.318027139423094,36.14472061013804,-2.826693470714943,0.0049353713402200405,0.00015382304579181216,0.004781548294428228,1626.727793695547,50244.31615801854,-48617.58836432299,6750.865303265637,234975.97791072982,-228225.1126074642,3.552713678800501e-15,0.1880823045174882,2.6290081223123707e-13,9.937342116856563,-0.005824743133185706,-2.8100713942286433,-0.0005125759577064293,0.12531909305329325,1.014686773501257,-0.0005714321906966635,0.9482009417413813,-0.010597266037536312,-13.084334182012299,1123.175266645332,35.138150230302415,11
25042005,dephasing,8,23,1.3794308649779563,-0.02637529608574174,0.11998094715229563,0.5202112211940803,-0.40023027404178463,8.045858538823284,7.66169170464552,0.38416683417776376,36.16288069962207,43.262155170122625,-7.0992744705005535,0.0049353713402200405,4.451413312711594e-05,0.004890857207092925,1630.243802174481,172118.18284243692,-170487.93904026243,7327.28668356083,971874.5964698868,-964547.309786326,1.0658141036401503e-14,0.19645626787173853,4.263256414560601e-13,1.7713807730371727,0.012530259504812236,-15.477775724136563,0.0023781995502667463,0.12803468510921023,-20.431341378114144,0.0024116315244504527,0.9594934493227143,0.003314380748451617,4.708086212893704,1303.0458542821884,37.689554551048204,11
25042005,dephasing,7,24,2.271922778248915,0.17654656949434444,0.14867124540353457,0.5378081040663765,-0.38913685866284187,8.038150827292561,7.825658515346662,0.21249231194589946,69.96328570809418,40.47245842215205,29.490827285942125,0.00017897223968654785,2.069168829832435e-06,0.00017690307085671542,44912.8358753882,3782029.9641670114,-3737117.128291623,390916.97031130607,19559766.14311824,-19168849.172806934,1.0516032489249483e-12,0.21845311576658677,2.3305801732931286e-12,3.302693449868144,6.717479682905036e-05,28.72508781090137,-0.0023781995502666353,-0.08418641486027933,25.35312864461188,-0.0023563353061891723,0.9634431524226403,0.004746999448158425,25.03268225863394,4869.828664813409,72.61796975998459,11
25042005,dephasing,6,25,2.272101750488603,0.34517017443102566,0.17304681544344985,0.47870719549844365,-0.3056603800549938,8.030308766168183,7.821118146733589,0.20919061943459383,46.313515094763545,30.9388433416025,15.374671753161046,0.0001789722396863258,3.3526926874749563e-06,0.00017561954699885085,44869.01868268753,2332787.0687199724,-2287918.050037285,258774.85344059244,9228058.228296418,-8969283.374855826,1.0942358130705543e-12,0.31859928071285193,4.817479748453479e-12,17.065097118111936,-0.008699729246544052,-24.279402037839986,-0.003065467181851078,-0.06941063981920337,-19.519107194853433,-0.0028296172359262295,0.9249329145617721,-0.019314192009646836,-48.4252157277424,2193.3668961604135,50.07229645049906,11
25042005,dephasing,5,26,2.284082180079733,0.3329167054614618,0.14278586402701227,0.537448834743095,-0.39466297071608275,8.039866163536894,7.695155956975199,0.34471020656169493,71.22254855711287,30.92581794702604,40.29673061008683,0.00630990660338826,0.00047633610839481477,0.005833570494993445,1274.16563649606,16154.886898889075,-14880.721262393015,11287.41723670968,64924.36202504502,-53636.94478833534,2.4868995751603507e-14,0.2431523301014975,8.398615136684384e-12,16.789776578024757,0.009322402948441777,23.860499233879914,0.003065467181851078,0.16400497973611383,32.916620108996156,0.002609758135436957,0.9769694216161977,0.03800723303472832,201.99440116131518,4870.6570218095285,72.90151255634329,11
25042005,dephasing,4,27,2.2903920866831227,0.16647536389908857,0.171683463077053,0.5107772852916411,-0.3390938222145881,8.030778755008722,7.878558920792154,0.15221983421656837,48.41058355170237,49.02503430268207,-0.6144507509796995,0.006309906603388038,3.790143127391232e-05,0.006272005172114126,1272.72545534932,207869.69399266437,-206596.96853731506,7672.155325676107,1293487.677243106,-1285815.52191743,1.7763568394002505e-14,0.24478159446821834,3.396394276933279e-12,1.3359968923949523,0.0017954136861142445,-14.601015799975954,-0.0002750900551259372,-0.17452864873624208,-25.470884388432328,-6.665922556436943e-05,0.9786295664416096,0.06181108256762854,151.25520213916116,2192.329397677038,49.46773039744369,11
25042005,dephasing,3,28,2.614861447493345,-0.30031567971121564,0.20531304730711464,0.5009785665028634,-0.2956655191957488,8.018100519108323,7.709313759764397,0.30878675934392597,54.80065014624378,45.38451348142536,9.416136664818424,0.00686008671363969,1.6328413276145426e-05,0.006843758300363545,1168.8045434128683,472141.0237103148,-470972.21916690195,7988.331989635846,2779480.939996092,-2771492.6080064564,1.9539925233402755e-14,0.14978647587109162,4.9666937229631e-12,1.029207199651914,0.00413406925874682,10.792988388428554,0.00027509005512615925,0.13283132231457717,10.188727308539193,0.00032123928373706256,0.9571080150522598,-0.030684615867141562,-100.5935665610964,3103.704823012435,57.25649486202932,11
25042005,dephasing,2,29,2.621721534206986,-0.11548730586026607,0.25119677906455073,0.4872335888651252,-0.23603680980057445,7.997154144690429,7.797463104848299,0.19969103984212921,39.60473996392808,40.53547050038992,-0.9307305364618372,0.006860086713639024,8.705385250018516e-05,0.006773032861138839,1165.7511746594573,89570.56903175784,-88404.81785709839,5773.212732892588,465636.7218246166,-459863.509091724,1.2434497875801753e-14,0.26754940102301283,2.2097879082139116e-12,4.869505344742485,-0.0029036747475998936,-16.15981355298399,-0.0003821180738005081,-0.05741602926916656,-15.273234034799302,-0.0004195501194127482,0.9326536715577847,-0.056683380227172266,-102.21373652651096,1670.749164136988,42.46457304754816,11
25042005,dephasing,1,30,2.6293458570682278,-0.3248275795281987,0.279712078278932,0.4846437546149082,-0.2049316763359762,7.982015119767733,7.776587740889068,0.20542737887866558,56.728456887580364,37.45958655572386,19.268870331856505,0.007624322861239374,8.291520049974466e-05,0.00754140766073963,1046.9146263921743,93789.65128249333,-92742.73665610116,7440.458375126949,451781.8968047869,-444341.43842966,1.0658141036401503e-14,0.20161949351925124,4.803268893738277e-12,7.561660316139516,0.004002821460415973,15.90212880856528,-0.0018986447934643547,0.015591184050917306,19.810604413563524,-0.0019213635419179642,0.9925952360674555,0.035054349265094056,114.4984155348584,3103.619405311396,57.15165137436429,11
25042005,dephasing,0,31,2.6415317056639975,0.20075810182977327,0.31840778033622996,0.4898408811927073,-0.17143310085647734,7.958870451924206,7.778889102110838,0.17998134981336733,42.047916194102086,42.20065382105429,-0.15273762695220228,0.012185848595768434,3.3339051592085056e-05,0.012152509544176349,653.1240224573235,233326.6463991917,-232673.52237673439,3450.5529806683576,1265802.4690502307,-1262351.9160695623,1.2434497875801753e-14,0.08494329241342147,3.0055957722652238e-12,3.7768603192472057,-0.023144667843527422,-14.680540693478278,0.004561525734529059,-0.025446029065298248,-19.421607958808707,0.004611101883436719,0.9961701643552325,0.05465596257572067,97.37768430312804,1670.6495719632849,42.209571917183034,11
25042005,transverse,15,16,0.48601171227365486,0.10852136334918311,0.025816858854783513,0.5976987219114744,-0.571881863056691,11.524082747016699,11.538857144259032,-0.014774397242332427,10.351073134469683,60.924635425386626,-50.57356229091694,0.01054516695588581,0.00017718808298655686,0.010367978872899253,1092.8307531996452,65122.08354968475,-64029.2527964851,981.5940494609436,343841.60829827894,-342860.014248818,0.2399210546038919,0.6991128384540097,0.3347327679869778,0.6996017935544856,0.0007920666712095681,7.0911538064187205,0.00014495578534556852,-0.5522637719526688,-1.9094866447029446,7.503955560586584e-05,0.7952405209730004,0.32949603877918787,54.03373211685432,49.674151062839975,12.805819726107671,11
25042005,transverse,14,17,0.49655687922954184,-0.12270827929252065,0.03652342012217721,0.5358050479497543,-0.49928162782757707,11.52329068034549,10.985801305635153,0.5374893747103364,3.2599193280509624,51.92399497426496,-48.664075646213995,0.010400211170540241,0.00010727185324685418,0.010292939317293387,1107.9862217592752,102410.84658390871,-101302.86036214944,313.44741703755477,484041.18510731205,-483727.7376902745,0.24493293090310964,0.13734182812996032,1.8443517607994893,27.180942087638385,-0.0003729912947854075,-7.784871098490644,0.0031013407373981783,0.4451162689871291,-1.2483222215796914,0.0031367744529636754,0.15669841232939405,-0.2654426997963914,-59.07929310647395,64.54433753351009,14.918743673912022,11
25042005,transverse,13,18,0.5069570904000834,0.07101661028659287,0.03699478601709608,0.5915850272789243,-0.5545902412618282,11.523244596263849,11.323723987575102,0.1995206086887471,11.73850771861353,55.9964522769652,-44.25794455835167,0.004052573910398316,0.00010822305463814574,0.00394435085576017,2843.4384791099988,104633.19507508884,-101789.75659597883,2896.556109314681,517417.03710170405,-514520.4809923894,0.2501499341490714,0.5316556001916375,0.4112134077555627,2.1273267696060927,-0.00044887540214766375,1.0579769007409539,-0.0031738186300706295,-0.2695267902919518,2.3809506342267213,-0.0032054890150341325,0.47871954939933375,-0.21918671221795688,-136.4456852001941,279.10755453775766,24.950128812324362,11
25042005,transverse,12,19,0.5110096643104826,0.060883729225364724,0.025672807219385883,0.66440764027986,-0.6387348330604741,11.524096262986504,11.123490839735442,0.4006054232510614,18.10114230769419,62.71485704663698,-44.61371473894279,0.00405257391039765,4.583348610243121e-05,0.004006740424295219,2843.6486336299113,242693.53666173352,-239849.88802810363,4466.579193349753,1368319.592938629,-1363853.0137452793,0.2505130677609504,0.14407225020559622,0.2338361358195904,0.9048407833452075,0.007101653280201958,7.239286528906026,-0.0009539746726180132,0.007340443624352488,6.947781497103151,-0.0009187976029702005,0.8349072633261758,0.14912154589358756,71.00160935850704,260.89611449064296,21.82045979936172,11
25042005,transverse,11,20,1.358557576505178,0.0003495494071673044,0.118659614750178,0.6359422301744568,-0.5172826154242789,11.510744623148756,10.923735272584086,0.5870093505646707,9.985203838962796,68.850251752703,-58.865047913740206,0.00596052325563301,5.379805686234196e-05,0.005906725198770668,1931.1634447983226,203050.74029970364,-201119.57685490532,1675.2226961829651,1279790.6795941808,-1278115.4568979978,0.4151169005929223,0.38675203360147314,0.4950207587336859,0.7378803583617923,-0.006930050690433731,-1.382511187532936,0.0009539746726177356,0.13082189461612437,-14.561736901904922,0.0009958031050446292,0.6984875250578627,0.2702730434513529,52.528817204999456,42.2938567080583,13.941112919359984,11
25042005,transverse,10,21,1.3645180997608122,-0.06438910852677171,0.11629019578059852,0.6820626142382721,-0.5657724184576736,11.511253084691877,10.999483596045845,0.5117694886460313,4.634287745297276,48.62719503002506,-43.99290728472778,0.005960523255632899,0.0001454194924760399,0.005815103763156859,1931.2487496485057,75639.67807038096,-73708.42932073245,777.4967979392942,334392.5508338377,-333615.0540358984,0.43053530021586894,0.32133324558985343,1.8124857674157742,7.378740482186359,0.000795452279454878,-3.204083596970583,0.0005125759577063738,-0.06831354032697234,6.249940124505812,0.0004709670165574109,0.22642757438254543,-0.20962010586569607,-56.82462354259632,70.72294203261879,16.46462393882666,11
25042005,transverse,9,22,1.3744954936377356,-0.06583057803881426,0.12085245945450776,0.6250385745780075,-0.5041861151234998,11.510170641676087,10.93701393429475,0.5731567073813366,5.691538845572921,47.31218575029989,-41.62064690472697,0.0049353713402200405,0.00015382304579181216,0.004781548294428228,2332.1792522227747,71101.27015100955,-68769.09089878677,1153.213902911542,307575.4059267124,-306422.19202380086,0.44545049938227166,0.13653611597172777,1.3429039607416904,0.7797602772702348,-0.0011771979646919561,-1.2458729489315283,-0.0005125759577064293,0.10836500814106564,6.939564206535664,-0.0005714321906966635,0.37642191582761225,-0.10769778624027325,-30.773689604570407,71.26134185561554,16.903879817820798,11
25042005,transverse,8,23,1.3794308649779563,-0.02637529608574174,0.11567977705028905,0.5464793446278362,-0.43079956757754717,11.511442594589681,11.09362868475517,0.4178139098345106,9.240535843711621,62.36805078150911,-53.12751493779749,0.0049353713402200405,4.451413312711594e-05,0.004890857207092925,2332.436974048735,249215.87606964872,-246883.43909559998,1872.3081216619532,1401084.2489824293,-1399211.9408607674,0.4496605967747911,0.12445300385468627,0.6386607531951647,1.6228095841198211,0.01007472223157535,-13.79800884630218,0.0023781995502667463,0.19568431119866503,-23.99946417761602,0.0024116315244504527,0.7648245393662056,0.37328626029929535,58.32060318291305,33.07043896729691,12.499424022444833,11
25042005,transverse,7,24,2.271922778248915,0.17654656949434444,0.17964587727526035,0.6665143979125923,-0.4868685206373319,11.492565103040125,11.62146261314977,-0.12889751010964545,40.38555053445468,57.02100515009066,-16.63545461563598,0.00017897223968654785,2.069168829832435e-06,0.00017690307085671542,64214.23301830616,5616488.343336825,-5552274.110318519,225652.59620813804,27557444.481080994,-27331791.884872857,0.5840425406256475,0.1269520450721089,0.05230518264082917,3.8002750398341973,-0.01261526425038717,20.747208776458006,-0.0023781995502666353,-0.6594299309992175,13.25056998230831,-0.0023563353061891723,0.9185339848594424,0.17017844377216046,328.55149461241535,1300.3295077162488,43.93892725620331,11
25042005,transverse,6,25,2.272101750488603,0.34517017443102566,0.16099557174900336,0.6457071344446863,-0.48471156269568294,11.498918139991343,10.85566720804671,0.6432509319446336,30.03614767228173,36.68068193037281,-6.644534258091085,0.0001789722396863258,3.3526926874749563e-06,0.00017561954699885085,64249.730350052196,3237895.095068357,-3173645.364718305,167825.73501300722,10940663.326348132,-10772837.591335123,0.5680958619904697,0.009606238725616834,0.18136021759909227,5.813142124807904,-0.006626963875115521,-6.21459139218684,-0.003065467181851078,0.44289851679788583,9.800970553423188,-0.0028296172359262295,0.6534384921724988,-0.197063974107204,-413.8662442005399,1310.5972717968075,45.82752305260392,11
25042005,transverse,5,26,2.284082180079733,0.3329167054614618,0.07945079328696547,0.523492551753125,-0.44404175846615956,11.518525104692792,10.98892276428965,0.5296023404031409,32.11592759448246,48.37148260187502,-16.255555007392566,0.00630990660338826,0.00047633610839481477,0.005833570494993445,1825.4668141217232,23069.682458717572,-21244.21564459585,5089.762751359429,101549.05695661005,-96459.29420525061,0.5561819090115598,0.032123518286802266,0.06806005467547749,0.07627828803626358,0.009749618376119429,-1.9381587941127876,0.003065467181851078,0.06971980455870863,5.3838969169148285,0.002609758135436957,0.7192343948989797,-0.12040378959124413,-240.58030438292872,1274.2000794678243,44.70025050225355,11
25042005,transverse,4,27,2.2903920866831227,0.16647536389908857,0.07877063617441583,0.559360255468162,-0.4805896192937462,11.518632832642004,11.242118692897773,0.276514139744231,38.07202510490876,74.70639469543246,-36.634369590523704,0.006309906603388038,3.790143127391232e-05,0.006272005172114126,1825.4838869496411,296614.6215337192,-294789.1376467695,6033.690749791192,1971070.5423109739,-1965036.8515611826,0.5321750747971699,0.36094551932116126,0.05963609989509422,20.39861073690922,-0.0025907715141322285,16.4380992707538,-0.0002750900551259372,-0.17582357085415268,-5.246269779294838,-6.665922556436943e-05,0.8683961606554517,0.09515682693393954,183.18762505610857,1268.5628267412044,43.876107335732804,11
25042005,transverse,3,28,2.614861447493345,-0.30031567971121564,0.030191656480333166,0.5480769113851091,-0.5178852549047759,11.52392210361948,11.148849022825853,0.37507308079362645,11.151924073827464,57.67256868889263,-46.520644615065166,0.00686008671363969,1.6328413276145426e-05,0.006843758300363545,1679.8507926593456,682788.2681726017,-681108.4173799424,1625.6243600615794,3532037.5417706924,-3530411.9174106307,0.3205923369552295,0.28870799751927656,0.05051968840045262,1.313212267866973,0.0029155386839114783,-12.388703113536414,0.00027509005512615925,0.13432847199858244,-7.079255918863836,0.00032123928373706256,0.5655041403793648,-0.04690009796363031,-18.156500120837876,141.95915699969393,19.67565475676717,11
25042005,transverse,2,29,2.621721534206986,-0.11548730586026607,0.03785690799028737,0.5594678755858972,-0.5216109675956098,11.523380297229131,11.318405219383274,0.204975077845857,9.009229269818995,51.25763707169796,-42.24840780187896,0.006860086713639024,8.705385250018516e-05,0.006773032861138839,1679.771813134473,130016.1324779877,-128336.36066485323,1313.282126872698,588803.7760487272,-587490.4939218545,0.30975851223706385,0.15717737161159562,0.8730456474189783,14.287671912597538,-0.00031010071159975894,0.8820129524315128,-0.0003821180738005081,-0.04516903867304123,6.911881619072993,-0.0004195501194127482,0.3674211832627376,-0.16567973650974854,-90.19384828412454,163.6851440952937,23.332096342358643,11
25042005,transverse,1,30,2.6293458570682278,-0.3248275795281987,0.036744728219171574,0.5792646581671674,-0.5425199299479959,11.523458692261983,11.398243540017813,0.12521515224417,5.1025085609475,56.90244278778624,-51.799934226838744,0.007624322861239374,8.291520049974466e-05,0.00754140766073963,1511.4074917846256,137468.68452730708,-135957.27703552245,669.240882608434,686272.7514958066,-685603.5106131982,0.3041871912562488,0.29375170201876877,1.26130862775128,5.921506302682026,-0.0002270213789632436,-6.748073326818332,-0.0018986447934643547,-0.137316035633142,-5.940770003598871,-0.0019213635419179642,0.32176544378676303,-0.1310310378901099,-41.599100415380704,74.46825696463311,17.817832789473634,11
25042005,transverse,0,31,2.6415317056639975,0.20075810182977327,0.0290455184778515,0.5211449950704166,-0.49209947659256503,11.52399113005276,11.203903832143993,0.320087297908767,14.69193450571267,64.16185515031344,-49.469920644600776,0.012185848595768434,3.3339051592085056e-05,0.012152509544176349,945.686386917239,336059.46471506363,-335113.7783281464,1205.6554281180288,1924525.5064647957,-1923319.8510366776,0.28984729485033434,0.01155012969495317,0.06409317760805777,19.86370464975174,0.0005324377907776068,9.58942594476517,0.004561525734529059,0.19487214566459699,2.3300135822379673,0.004611101883436719,0.9640440656971585,0.6678143168478041,155.78027151011358,61.01534776157357,15.273141154464724,11
25042006,dephasing,31,32,0.35772338953875804,-0.25924472882938815,2.600542654054314e-15,0.33542309855308583,-0.3354230985530832,5.337527689125604,5.140542743587796,0.19698494553780854,1.7288489524335693,8.26449883755607,-6.535649885122501,0.04107719794060305,0.0007095314497304883,0.04036766649087256,129.93894317824652,7244.982228117447,-7115.043284939201,42.087801483768594,11647.825957109153,-11605.738155625384,1.8864784016692226e-05,0.1692949236711181,2.2662743816237452e-05,2.807623964214784,3.552713678800501e-15,-2.3934897130764146,-1.6653345369377348e-16,0.026943879284900163,0.8404291077089034,0.00017480758301943733,0.568486765699238,0.13673403195183378,1.2645741849307024,1.7243053350674424,3.0411220196748,11
25042006,dephasing,30,33,0.3988005874793617,0.07840321767799778,4.459162022578338e-15,0.3034345873722998,-0.30343458737229534,5.337527689125601,5.167486622872692,0.17004106625290838,4.122338665509984,11.498417658341388,-7.376078992831404,0.041077197940603216,0.0008843390327500922,0.040192858907853124,129.9389431782459,5843.332061011703,-5713.393117833458,100.3558877475236,13002.273146967107,-12901.917259219583,6.578582064875604e-06,0.34427072537759074,3.211373712108667e-05,13.123001895879128,-3.552713678800501e-15,1.122464801656129,-0.016415739566341847,-0.019279936932123043,-1.909822025017336,-0.016309943122498297,0.7662285646278648,0.1246374888166399,3.607636171647936,13.386172285468742,5.38005878752465,11
25042006,dephasing,29,34,0.5338614542571807,0.44957155556610884,4.049880488329718e-15,0.32513219516591163,-0.3251321951659076,5.337527689125604,5.15587062829335,0.1816570608322543,4.270898775274141,8.667762825779777,-4.396864050505636,0.07390867707328708,0.001270739503456797,0.07263793756983028,72.21787617484978,4057.3780969803943,-3985.1602208055447,57.78616184726405,6821.03830265828,-6763.252140811016,5.171002854442719e-05,0.2770924344167405,9.851331246313322e-05,2.588937702870685,1.7763568394002505e-15,1.3190720583656663,0.028650502717651155,0.12768081380862473,2.9728039760645686,0.030061785345273734,0.7201767017224165,0.12072513187462765,4.245884026984484,13.995113064465425,5.93041682925277,11
25042006,dephasing,28,35,0.607770131330468,0.2559391207230249,9.757860634312112e-15,0.24842689214905575,-0.24842689214904598,5.337527689125604,5.3996162613312535,-0.06208857220564923,1.7813147683069643,9.14457182861597,-7.363257060309005,0.04943915077066863,0.004479705229408659,0.04495944554125997,107.96155690223273,1205.3507953790136,-1097.3892384767807,36.03044834992973,2041.3333825143432,-2005.3029341644135,0.00013681896489092793,0.3539975903269097,5.3631565832157335e-05,6.798466260964981,0.0,-0.7946692671419728,-0.010986842411062209,-0.11285053498945263,-3.9902042638440682,-0.012931178047485836,0.5716115046119448,0.15363226288624915,1.4920209382829372,1.6811569009249108,3.1163501254216315,11
25042006,dephasing,27,36,0.6572092821011378,0.11970553571843268,1.0517064187387134e-14,0.2935443719170496,-0.2935443719170391,5.337527689125604,5.417660824390252,-0.08013313526464749,0.881069295623734,3.2303108380479713,-2.349241542424237,0.046943309290174595,0.0037999996825132665,0.04314330960766133,113.7015640744946,1425.7003360608408,-1311.9987719863461,18.768793869590805,850.0818705099177,-831.3130766403269,7.756492197064091e-05,0.24232979204505245,0.00015564157621661412,0.7929106758322897,4.440892098500626e-15,-0.16199802238027372,-0.0012479207402468218,0.009786468555049499,4.200824919578773,-0.0016648798063984283,0.27572465722725126,-0.08826578157445167,-0.9011240317349719,1.6772700104680263,3.195185674342929,11
25042006,dephasing,26,37,0.7041525913913126,-0.05040636879884622,2.2595266097937784e-15,0.2752359748149163,-0.275235974814914,5.337527689125595,5.45527832455934,-0.11775063543374475,0.3048198677010512,6.041695731398067,-5.736875863697016,0.04694330929017421,0.0022863760033146607,0.044656933286859546,113.70156407449535,2385.993518411049,-2272.2919543365538,6.49336129706675,2642.476881597407,-2635.9835203003404,7.689226008178451e-05,0.49713820094646444,0.0001853905063363137,0.7562004192125364,-1.865174681370263e-14,-0.4818767986017989,0.021489211741188924,-0.05699391395418907,3.8718063876730575,0.021138090937252885,0.1433193662910802,-0.028489246065675964,-0.1289501450000876,0.22192181604739822,2.127504264391909,11
25042006,dephasing,25,38,0.8981618524016892,-0.5264517759070934,2.693651843689621e-14,0.23796450931750177,-0.23796450931747484,5.337527689125624,5.378907996820088,-0.04138030769446388,0.6923240369819662,17.560446997297873,-16.868122960315908,0.00396488580779597,7.051071624397665e-05,0.0038943750915519937,1346.1996001576367,76284.97175107875,-74938.77215092111,174.61386545374944,249046.4986419418,-248871.88477648806,0.00679005272433475,0.5185845524170078,0.0029693903714091974,16.259351098675214,3.4638958368304884e-14,-0.09315358603562751,-0.021489211741189118,-0.16957289791721086,-7.396040057378876,-0.020249200701595527,0.14963035180085557,-0.1662892466079568,-3.544695183175178,4.0219541793486595,4.616973317791156,11
25042006,dephasing,24,39,0.9021267382094852,-0.32373578461627883,2.6663343943499246e-14,0.21250417985364184,-0.21250417985361517,5.337527689125583,4.963391873246344,0.3741358158792387,1.2661353783341363,14.473425320511186,-13.20728994217705,0.00396488580779597,0.00033466750836047554,0.003630218299435495,1346.1996001576265,14830.814911079442,-13484.615310921816,319.3371611975793,43247.17804670072,-42927.84088550314,0.006689446515700581,0.3005784636148574,0.0032305926705389343,11.50506296269206,-3.019806626980426e-14,0.7229305873514292,-0.03357326662544796,0.3837518136644573,-0.7831767895573272,-0.032461785449753144,0.33845453401936215,-0.1140789013947142,-1.5924144837484844,3.191425521526852,3.7361593800557737,11
25042006,dephasing,23,40,1.070934903115721,-0.030987566274513115,2.713704668081954e-15,0.24537109710772786,-0.24537109710772514,5.337527689125602,5.315379377001575,0.02214831212402668,0.39408554498344783,8.374188889906986,-7.9801033449235375,0.0711114190586919,0.002821786651866609,0.06828963240682528,75.05865808584507,1883.6928629899985,-1808.6342049041534,5.5418039774763725,2967.6903051360982,-2962.148501158622,0.00025033524782536176,0.13848390446081016,9.132351101032166e-05,4.46241510285221,7.993605777301127e-15,-0.9914830143645749,0.04108571475111461,-0.21145782902376142,-0.6683370985088741,0.04164307840210882,0.16426780353297898,-0.033105547915151703,-0.19058008922111966,0.3459194973466225,2.3993210980009554,11
25042006,dephasing,22,41,1.1420463221744133,0.053899929216443127,3.760720290303438e-15,0.3212180585908259,-0.32121805859082214,5.337527689125604,5.244451222709267,0.09307646641633749,1.505001740361909,2.9212442910141845,-1.4162425506522756,0.056086522807358596,0.006423633097361159,0.04966288970999744,95.16595827233769,816.4306932261896,-721.264734953852,26.83357186415649,454.76512228169406,-427.93155041753755,0.00022886743784678032,0.16409831333307956,0.0001584873633206918,0.9350356927319856,0.0,0.5558556645340165,-0.007512448125666538,0.2610409099821376,4.393973404796358,-0.010041619228426002,0.4920891384674488,0.16405168404287698,1.5346624669182738,0.7306063016112816,3.0585535554207883,11
25042006,dephasing,21,42,1.1981328449817723,0.15019885560936624,5.123340025553883e-15,0.34124590547879224,-0.34124590547878714,5.337527689125606,5.695604888381233,-0.35807719925562687,1.5042066066723372,5.144535172646066,-3.6403285659737286,0.056086522807358374,0.00496713733733678,0.051119385470021594,95.1659582723381,1146.65742087877,-1051.491462606432,26.819394952310898,1035.7143004635343,-1008.8949055112234,0.0002507539868545905,0.052934880939393913,0.0004888012280515053,1.1282752034795136,1.7763568394002505e-15,-1.9750499535244872,-0.005711569022205043,-0.32950519158586156,-4.0203385068351425,-0.005009058553407886,0.30737120147926456,-0.07671083162869144,-1.836556049541997,4.0984583667937775,4.89298346370868,11
25042006,dephasing,20,43,1.276812175086643,0.23483648797615053,1.0414430308043869e-14,0.31372013713502234,-0.3137201371350119,5.337527689125604,5.487748170881472,-0.1502204817558681,5.45351138003174,3.277248947656636,2.176262432375104,0.06750966085176824,0.004915662514906716,0.06259399833686152,79.06316846777348,1116.380173423198,-1037.3170049554244,80.78119947908019,666.6952700105834,-585.9140705315032,1.2093215427277926e-05,0.44015423508743456,0.000780299217896463,0.5323717656312135,8.881784197001252e-16,1.42909243169239,0.0057115690222049875,-0.036775125767878336,2.908915758689289,0.006074453712660632,0.6826125476962913,0.03290441133353623,2.0998868639560406,27.6366442897317,7.98860385562235,11
25042006,dephasing,19,44,1.344321835938412,0.08758825476818424,1.104749272348086e-14,0.30496648361912865,-0.3049664836191176,5.337527689125601,5.206341201845953,0.13118648727964732,6.544631290006363,4.369609376661004,2.1750219133453585,0.06750966085176813,0.005589957073387941,0.061919703778380186,79.06316846777355,931.3740934848562,-852.3109250170826,96.94362565939264,781.6892543707294,-684.7456287113367,0.000238146957587837,0.10458838348293042,0.0008326970103107456,3.717336267575819,-3.552713678800501e-15,3.200028233199841,-0.00037340076954067714,0.09949796314053572,3.4608478280306474,-0.0017900385558482501,0.6826336895597481,0.13765018524271358,12.650755857637218,30.175993342930536,9.586715454553355,11
25042006,dephasing,18,45,1.4873017329159637,0.1536621896886704,4.6455760955232546e-15,0.3445752280046138,-0.34457522800460916,5.337527689125604,5.123930159091513,0.21359753003409132,1.235694733581304,5.9836089953269855,-4.747914261745682,0.06825646239084937,0.0034309760592540206,0.06482548633159535,78.19812955675778,1493.4322101348566,-1415.2340805780989,18.10370315568778,1743.9961375387652,-1725.8924343830774,0.00011910902842426907,0.016863991943712797,0.00022446183921598362,0.8617747493920858,-7.105427357601002e-15,-2.2368319059770325,0.030001302560736187,0.09003496188999316,-0.8793515190743864,0.029730327289310243,0.24910673481795115,-0.040758906360693146,-1.0027555703111188,2.529419691194857,4.960052579729196,11
25042006,dephasing,17,46,1.5555581953068136,-0.2663225769810153,6.59360829399548e-15,0.3155858394015404,-0.3155858394015338,5.337527689125621,5.221589040117072,0.115938649008549,0.4004219891103103,10.31256938779826,-9.91214739868795,0.00900065880845824,0.0007300445022682123,0.008270614306190027,593.0152228534379,7152.425672536198,-6559.41044968276,44.48807555442714,14125.946234452304,-14081.458158897876,0.0003410561684855651,0.03227804489779729,0.0035114704430925237,2.1489150072164946,2.5757174171303632e-14,-1.390590332019399,-0.02962790179119562,-0.12118372026674784,-0.877203557615589,-0.028364777931946694,0.13128438295270325,-0.044262207256239444,-0.41537748992844525,0.5771244118771977,3.063408726053485,11
25042006,dephasing,16,47,1.5645588541152726,-0.25688244150605355,9.220784659179689e-15,0.3053709801987439,-0.3053709801987347,5.3375276891255865,5.076880480609084,0.26064720851650236,2.346329908678115,15.668303329077155,-13.32197342039904,0.00900065880845835,0.0005553606637802577,0.008445298144678093,593.0152228534266,9141.591782989295,-8548.576560135869,260.6842408550312,28212.8432043158,-27952.158963460766,0.00010202217512311762,0.12968614588713034,0.004134005361521087,7.116752507866911,-2.842170943040401e-14,1.555491720546283,0.0018073257028070056,0.18541297805976376,0.35698477434879194,0.0018286051482904742,0.31934038074541454,-0.15768085798728856,-8.527354107785072,14.042322161064973,7.353899014829164,11
25042006,dephasing,15,48,1.6726114961913798,-0.31916434684211487,2.4495310395348325e-14,0.2584522725920566,-0.25845227259203213,5.33752768912561,5.302997877220681,0.03452981190492821,1.1812543871533534,18.627023377961066,-17.445768990807714,0.0053860074028444505,0.0004232357162592404,0.00496277168658521,990.9989515251617,12529.655871416317,-11538.656919891155,219.31911688972264,44010.99118617777,-43791.67206928805,0.007336772295728267,0.10414559362369591,0.002789485171710737,6.730477130511167,2.3092638912203256e-14,-0.2997025273782332,-0.001807325702806839,-0.2058737944848401,0.19714616494640325,-0.0018480351542568552,0.16903391264380604,-0.16241791101008782,-7.9505663268051645,9.349225290878021,6.996519877234961,11
25042006,dephasing,14,49,1.6779975035942247,-0.2653312179932795,3.0993754984778583e-14,0.2568684563433236,-0.25686845634329264,5.337527689125586,5.117367684862551,0.22016000426303428,0.6155839203850584,22.57944081149425,-21.96385689110919,0.005386007402844228,0.00020969186583819077,0.005176315537006038,990.9989515251981,24404.226002792977,-23413.22705126778,114.29318126447106,107679.1449264786,-107564.85174521414,0.006976749588186948,0.40873277581184553,0.002130922663114876,3.9649740043670043,-2.398081733190338e-14,-3.9601335123607657,-0.007447846349991349,0.11040546725370115,-7.38070132378369,-0.007318322474062167,0.07903980470377786,-0.2801946084329111,-17.054722527141216,17.434978987112697,7.801757406001507,11
25042006,dephasing,13,50,1.698279203697052,0.35486993353313356,1.6690097646031887e-14,0.26563019494208934,-0.26563019494207263,5.33752768912561,5.1525484270118715,0.18497926211373805,7.970180478338294,19.690722622181582,-11.720542143843288,0.020281700102826705,0.00025519576727550675,0.0200265043355512,263.1696387415622,20190.57166198698,-19927.40202324542,392.9739833411437,77159.28376242887,-76766.30977908772,0.00017604582194419294,0.012838375147291359,0.000298720319417356,12.28501637595708,1.5987211554602254e-14,7.203202092478671,-0.03161555914806402,-0.06412700509686386,1.1376246352112052,-0.027982877590166544,0.8877023724068761,0.5039284844217116,40.621333903706045,22.900062121028807,8.978269480759632,11
25042006,dephasing,12,51,2.0562693052963943,0.41542481483536553,1.9295976424051896e-15,0.2863568516014093,-0.28635685160140734,5.3375276891256025,5.059475158967433,0.27805253015816955,0.918372851334189,4.670849518333982,-3.7524766669997933,0.09840851109893722,0.007566062784507777,0.09084244831442945,54.23847622040942,668.706472979207,-614.4679967587975,9.33225024013301,617.3421568610275,-608.0099066208945,0.00011936355957864464,0.012949222127913274,6.06604242168185e-05,5.455789867233697,-4.440892098500626e-15,-4.352712599069541,0.048560366863597604,0.20753137251615916,4.107613766532307,0.043478254153061835,0.29624822278092533,-0.11450307047125477,-1.1004552444829074,1.94391964835727,3.100113725325045,11
25042006,dephasing,11,52,2.1546778163953326,0.3633038694189986,3.36008949921993e-15,0.3143787231740275,-0.3143787231740241,5.337527689125604,5.3814646359553215,-0.04393694682971727,2.5719904224691645,6.571629145690077,-3.999638723220912,0.07941458836785253,0.004712704380668509,0.07470188398718403,67.21092180698459,1141.9058360694264,-1074.694914262442,32.386875954775086,1394.4496863938398,-1362.0628104390646,9.669579287852059e-05,0.25848371779436885,3.7749413563048506e-05,9.161622215825485,1.7763568394002505e-15,-0.5026821356143065,-0.009496961365542123,-0.22610758662457675,-0.9485270897112028,-0.009992636238415509,0.5918657091090734,0.021881436244309136,0.4132014020575774,6.201836240441662,4.345532285750995,11
25042006,dephasing,10,53,2.2340924047631856,0.018575699974093113,5.192845592091412e-15,0.353403518293281,-0.35340351829327576,5.3375276891256025,5.251238939694053,0.0862887494315494,5.2309722648327535,7.580718864852379,-2.3497466000196257,0.07941458836785209,0.0008679962310824685,0.07854659213676962,67.21092180698494,6049.840715489388,-5982.629793682403,65.86916046964376,8733.585001168207,-8667.715840698564,6.572254831915814e-06,0.15107720343045017,3.984629514341975e-05,0.9230026735010286,-8.881784197001252e-16,0.26894302541349546,-0.002563709720331264,0.08672826449654014,-0.21003603772381574,0.0020231365216689667,0.794924798324395,0.13760104950755137,5.95842095258914,21.40444144839262,6.580436731513976,11
25042006,dephasing,9,54,2.318634412571701,-0.18386902719471335,5.945414333277112e-15,0.2712633783892495,-0.2712633783892436,5.3375276891256025,5.294469772425867,0.0430579166997358,7.352068056369351,7.631850457740059,-0.2797824013707082,0.08454200780851417,0.00619698056549689,0.07834502724301728,63.13462179908227,854.3628169344342,-791.2281951353519,86.9634900678208,1231.5433907009708,-1144.57990063315,1.8536765184151704e-05,0.6692916675198193,8.476021405279255e-05,6.059519410325159,0.0,3.515071487112487,-0.0884524726148802,0.012705157217610452,1.9561600979758031,-0.09028693659217768,0.9011249035073786,0.42771016081516416,28.471059407663475,25.582468462481287,8.158813953382401,11
25042006,dephasing,8,55,2.585208785050639,0.17954176267520439,3.0478072615038495e-15,0.33039646884864593,-0.3303964688486429,5.3375276891256025,5.363110919592901,-0.025583230467298712,2.4430208736809744,4.5651592723543715,-2.122138398673397,0.26657437247893667,0.007857036945316365,0.2587173355336203,20.022658740563465,682.5869544612349,-662.5642957206715,9.164500139164764,581.0281031038928,-571.8636029647281,3.342722352783767e-05,0.004834817660750446,0.00012033064726546527,3.50441968835496,-1.0658141036401503e-14,-1.292611988574449,0.20656205943387196,-0.07548262004755513,2.2134067186799298,0.20242938585255088,0.6116125736727968,0.19005379123117966,3.032191954777089,2.9358650678007128,3.9942944496498973,11
25042006,dephasing,7,56,2.853134087092072,-0.2296685543916836,5.105290801529158e-15,0.26637180092942014,-0.26637180092941504,5.337527689125623,5.280786826664846,0.05674086246077703,0.11919766814149604,8.510505501477441,-8.391307833335945,0.03548261828161525,0.0012517461624936832,0.03423087211912157,150.4265453795775,4218.73618221817,-4068.3096368385927,3.3593256054403517,6798.906804334132,-6795.547478728692,6.266548381361758e-05,0.03171296573573912,6.66276370852592e-05,1.773092828579376,2.042810365310288e-14,-1.2231717805734161,-0.11554587709866138,-0.10749067771427656,-2.192180959350857,-0.11090415324059111,0.06104499181413757,-0.07626946838928648,-0.2906319581206008,0.3048321014618077,1.9520742125049853,11
25042006,dephasing,6,57,2.8886167053736886,-0.06933547874680529,7.265210567954587e-15,0.2200343712641945,-0.22003437126418723,5.337527689125602,4.983481378308196,0.3540463108174059,0.24171802374884993,10.517833373045631,-10.27611534929678,0.035482618281616585,0.003929903095811538,0.03155271518580505,150.42654537957125,1268.092687481163,-1117.6661421015917,6.812293890783228,2676.359471625512,-2669.547177734729,5.623615298588902e-05,0.06866602612056028,8.08895161316936e-05,8.678260992385518,-2.6645352591003757e-15,-0.16374139082557004,0.0025133623638828873,0.17798237715836907,-1.383042478724125,0.0003888974589615346,0.09080464948295877,-0.10545436500432927,-0.7470008770636601,0.8054089292505081,2.661511061018327,11
25042006,dephasing,5,58,2.924807946013348,0.1315088282973956,1.6896890192873987e-14,0.2526102717698941,-0.2526102717698772,5.3375276891255865,5.04214068426829,0.29538700485729663,0.6917211610073439,10.086559068816708,-9.394837907809364,0.030455893553852142,0.002359130219286687,0.028096763334565455,175.25434542538588,2137.2879898901238,-1962.0336444647378,22.71222677424459,4275.541462847485,-4252.82923607324,4.709332209529293e-06,0.16142587011671328,0.0001806207177849073,5.05945158671267,-1.7763568394002505e-14,-1.146346125645708,-0.002513362363882221,0.015559204845918995,-0.8559022206408997,-0.0026534535007570748,0.13822855587490848,-0.23186444111399532,-5.804800821221282,6.283154054789955,5.003530900477113,11
25042006,dephasing,4,59,2.955263839567201,0.3091451480432714,1.4548900272601382e-14,0.29064100347381516,-0.2906410034738006,5.337527689125608,5.1319183999202584,0.20560928920534938,3.4344165495572536,10.2361725745974,-6.801756025040147,0.030455893553852142,0.0005081750690121289,0.029947718484840014,175.2543454253866,10098.721312512424,-9923.466967087037,112.76689496844067,20143.004249492387,-20030.237354523946,3.1466083524556154e-05,0.22647838727308134,2.4281970660844365e-06,5.964672223824893,1.4210854715202004e-14,3.0315330620386423,-0.02265664152517155,0.11313070580277351,2.928764058252856,-0.021282428705078904,0.9585561196653025,0.47721352863332117,6.1260974673828406,5.669127907931576,3.582907346994954,11
25042006,dephasing,3,60,3.0420566481857385,-0.21743067187783957,3.645286818484952e-15,0.21650077192982775,-0.21650077192982412,5.337527689125601,5.447957527177746,-0.1104298380521449,0.11404581402987873,10.18024807280652,-10.066202258776642,0.07576917660419524,0.0014056455589228634,0.07436353104527238,70.44457823539379,3875.7690319545977,-3805.324453719204,1.5051742560914165,7242.400481532183,-7240.895307276091,1.5653611048271898e-05,0.09815575008260335,8.00804526011889e-05,3.873802466005314,-4.440892098500626e-15,-2.1944981281107236,0.022656641525171217,-0.14331596592856455,-0.47862598181155214,0.022039776898406194,0.03887243470272497,-0.15316175229431017,-1.3192601321234356,1.3322757142647976,2.9348780216275103,11
25042006,dephasing,2,61,3.117825824789935,-0.14969042972453012,4.089574040295734e-15,0.25998602465453635,-0.25998602465453224,5.3375276891256025,5.477364722578113,-0.13983703345251008,1.182671334723951,13.556067863613983,-12.373396528890032,0.07576917660419591,0.0010693867953035507,0.07469978980889236,70.4445782353932,5121.967791853401,-5051.5232136180075,15.608871413530151,12676.487051409706,-12660.878179996176,1.273306428384302e-05,0.08403280061698748,6.986856542967601e-05,9.64288476453195,8.881784197001252e-16,-0.013342940689209382,-0.024814142965049468,-0.19364833354797284,-4.918295534639837,-0.024676196761802438,0.29113280212963527,-0.11545248051133927,-1.9053500906061482,3.3041442093538156,4.062428762252739,11
25042006,dephasing,1,62,3.256285640903342,0.46896422733712345,2.7297732422792503e-15,0.35102330953309446,-0.35102330953309174,5.3375276891256025,5.119475250882532,0.2180524382430704,2.2779827367964423,7.1219824665201905,-4.843999729723748,0.1253974625342955,0.0010090204381782986,0.12438844209611721,42.56487795888069,5073.708179910918,-5031.143301952037,18.16609914393943,7058.31338696997,-7040.147287826031,2.729782894839161e-06,0.3024395626087495,5.881489113512828e-07,0.21484225998815543,1.7763568394002505e-15,0.652109452415206,0.02481414296504969,0.23012394876001618,4.470457429236962,0.024810592762736006,0.8146120514737617,0.38721437826377714,3.027964526854495,2.1612421620812707,2.7964023202819894,11
25042006,dephasing,0,63,3.3816831034376382,0.23611753619035886,2.0692333805230575e-15,0.24541094780058353,-0.24541094780058145,5.337527689125599,5.22183367670698,0.11569401241861854,2.0690752340385217,8.324593023069909,-6.255517789031387,0.12539746253429573,0.0009415536764256771,0.12445590885787006,42.56487795888059,5545.975558748905,-5503.410680790024,16.500136384120513,8841.336645481222,-8824.836509097102,7.584596745324745e-06,0.3812179139175944,1.2825252294401679e-05,1.4817791483078784,-3.552713678800501e-15,-0.20890750275792058,2.220446049250313e-16,-0.10235842582445187,-1.4115180593076389,6.74667617528435e-05,0.9996081674579727,0.8796695719824076,3.7688586600344376,0.5121871277063558,2.0698798677026278,11
25042006,transverse,31,32,0.35772338953875804,-0.25924472882938815,0.003965840883639587,0.33279871169672515,-0.32883287081308554,6.566706567736929,6.303628889125491,0.26307767861143816,0.5227225449312214,8.938073659440516,-8.415351114509294,0.04107719794060305,0.0007095314497304883,0.04036766649087256,159.8625733243119,8884.21350670205,-8724.350933377738,12.725370062657866,12597.14937630403,-12584.424006241374,7.105427357601002e-15,0.48618537763591263,4.884981308350689e-15,0.393181387695817,1.9172054983584985e-06,-0.19312496259068113,-1.6653345369377348e-16,0.2646128640919505,-0.27471683760752086,0.00017480758301943733,0.19327052207585763,-0.047833545805731,-0.3498998843521767,0.6231387433315474,2.7046159927381663,11
25042006,transverse,30,33,0.3988005874793617,0.07840321767799778,0.004200607029470449,0.28477835865188034,-0.2805777516224099,6.566704650531431,6.568239836011943,-0.0015351854805123466,0.7158475075219025,8.856481784423675,-8.140634276901773,0.041077197940603216,0.0008843390327500922,0.040192858907853124,159.86252665108148,7427.287038983476,-7267.424512332394,17.426882635884837,10014.803662891642,-9997.376780255756,2.6645352591003757e-15,0.7656989204221496,6.217248937900877e-15,2.5766040309488387,-9.33799952740344e-06,-1.0634907228753265,-0.016415739566341847,-0.14965493975209831,-1.3550976642886257,-0.016309943122498297,0.2641587923382217,-0.017639667504573176,-0.12953922311210886,0.6419768771374338,2.70991361364703,11
25042006,transverse,29,34,0.5338614542571807,0.44957155556610884,0.0009414381850220515,0.3422356073753422,-0.34129416919032013,6.566721409324988,6.533559579393255,0.03316182993173378,3.035953915863237,8.191676026580238,-5.155722110717001,0.07390867707328708,0.001270739503456797,0.07263793756983028,88.84912664332357,5141.541253435492,-5052.692126792168,41.077097251420376,6446.384962690145,-6405.307865438725,7.105427357601002e-15,0.5059157388361601,3.419486915845482e-14,8.10607228095758,2.285896982190394e-05,1.645175251269219,0.028650502717651155,-0.13257065267627421,1.0331229461629636,0.030061785345273734,0.5692847403642497,-0.023534614713208987,-0.6693270197694687,9.886343199014696,5.332926917943918,11
25042006,transverse,28,35,0.607770131330468,0.2559391207230249,0.005463099115662849,0.37802936552593025,-0.3725662664102674,6.566692450178903,6.2336922994823745,0.33300015069652833,2.0657098216661334,6.302765658524288,-4.237055836858155,0.04943915077066863,0.004479705229408659,0.04495944554125997,132.82373074407266,1391.540733206959,-1258.7170024628863,41.782874290221066,1406.959908242954,-1365.177033952733,7.105427357601002e-15,0.1806078550166932,2.6201263381153694e-14,0.27740190357868055,-2.6960094696271142e-05,0.11773837475088822,-0.010986842411062209,0.30011704792104776,0.459426702653392,-0.012931178047485836,0.35052589135822887,-0.16692953865481844,-5.797377988527943,10.06453505585583,5.893173293595646,11
25042006,transverse,27,36,0.6572092821011378,0.11970553571843268,0.002210069825953138,0.3504212171037123,-0.3482111472777592,6.566717411222209,6.5341130356029815,0.032604375619227355,0.8599889779672536,5.097231946273347,-4.237242968306093,0.046943309290174595,0.0037999996825132665,0.04314330960766133,139.88612031228584,1719.5035740848828,-1579.617453772597,18.31973482421812,1341.3769400375604,-1323.0572052133423,1.7763568394002505e-15,0.2573960301544762,4.218847493575595e-15,1.0633164919855895,1.0661233334374742e-05,-0.5508392829788447,-0.0012479207402468218,-0.35179677735449877,0.8460362231556235,-0.0016648798063984283,0.17611589484267307,-0.048972449765626876,-1.1677247688393009,1.9073058110644576,4.883085531464901,11
25042006,transverse,26,37,0.7041525913913126,-0.05040636879884622,0.0011161684424397132,0.2552311229455391,-0.2541149545030994,6.566721049798847,6.130918894547923,0.4358021552509239,0.7559467002260631,6.68544924629134,-5.929502546065278,0.04694330929017421,0.0022863760033146607,0.044656933286859546,139.88619782230265,2681.5007180182342,-2541.6145201959316,16.103396025049555,2924.037532146571,-2907.934136121521,1.7763568394002505e-15,0.4362440316997267,1.2212453270876722e-14,6.814108227862588,0.00825464633455475,-13.525284293293746,0.021489211741188924,0.1908017171641716,-6.581354806429371,0.021138090937252885,0.15342793030981647,-0.05526730439815099,-1.3416578651822417,1.9131132787649299,4.927047498454763,11
25042006,transverse,25,38,0.8981618524016892,-0.5264517759070934,0.1284791808990039,0.36342087160086617,-0.23494169070186227,6.550215395706377,6.092818895152099,0.4573965005542773,27.702473009072364,22.161525520038083,5.540947489034281,0.00396488580779597,7.051071624397665e-05,0.0038943750915519937,1652.0565063505721,86409.8284588419,-84757.77195249133,6986.953559823156,314300.1050132039,-307313.15145338076,3.197442310920451e-14,0.02041775174075422,4.479971948967432e-12,12.73826635376911,-0.008072796931219095,14.145747183338713,-0.021489211741189118,0.2485544220856819,3.5921671367278813,-0.020249200701595527,0.8853937758912684,-0.0026722023948685075,-2.6159744645239016,770.0429852827928,31.288307827987637,11
25042006,transverse,24,39,0.9021267382094852,-0.32373578461627883,0.12987286150114213,0.4397311772780592,-0.3098583157769171,6.5498553354763445,6.567973333790078,-0.018117998313733175,26.35750495124124,16.530441700563163,9.827063250678076,0.00396488580779597,0.00033466750836047554,0.003630218299435495,1651.9656940933,19625.36896983621,-17973.40327574291,6647.733687415588,49393.625875261154,-42745.892187845566,1.5987211554602254e-14,0.4278208609691436,3.6983749396313215e-12,0.828679154225803,-0.008612923176723797,12.133257693922406,-0.03357326662544796,-0.39136579637534474,14.078621927165186,-0.032461785449753144,0.8223667938338182,-0.07417858962398576,-76.20018641916533,770.9182536737177,32.05078943954123,11
25042006,transverse,23,40,1.070934903115721,-0.030987566274513115,0.0010835271525285808,0.36155681136169787,-0.3604732842091693,6.56672112159976,6.277622026030814,0.28909909556894586,0.7460215055653029,14.790086347573801,-14.044064842008499,0.0711114190586919,0.002821786651866609,0.06828963240682528,92.34411587511576,2224.6976120176105,-2132.353496142495,10.49088199111275,5241.390711728746,-5230.899829737634,1.7763568394002505e-15,0.4977303650235738,9.547918011776346e-15,21.45947128274294,0.008560942082957546,-12.731019531904685,0.04108571475111461,0.1936381897821402,-14.606415774316927,0.04164307840210882,0.12799071530711076,-0.07359895297249805,-2.5004455268359314,3.056993613601849,5.828715807824335,11
25042006,transverse,22,41,1.1420463221744133,0.053899929216443127,0.01603970303910958,0.28384026161681813,-0.26780055857770857,6.566465023557261,6.3574252136699165,0.2090398098873445,0.5965771236987358,9.298938509759957,-8.70236138606122,0.056086522807358596,0.006423633097361159,0.04966288970999744,117.07741351895211,989.6930782490612,-872.6156647301091,10.636728644202282,1447.613580791216,-1436.9768521470137,8.881784197001252e-15,0.04269123811521691,1.2212453270876722e-15,12.251939919880252,-0.0002519811207131184,-0.2552470410504821,-0.007512448125666538,-0.16792801970589144,1.7899522849696403,-0.010041619228426002,0.11288690801628051,-0.08145819272386398,-2.274996886025594,2.6309011505462507,5.284732607014956,11
25042006,transverse,21,42,1.1981328449817723,0.15019885560936624,0.0030672258887093845,0.23146164736693858,-0.2283944214782292,6.566712887756189,6.101876324138663,0.464836563617526,0.9576268239331329,7.898189323986353,-6.94056250005322,0.056086522807358374,0.00496713733733678,0.051119385470021594,117.08183283729362,1228.4492877360815,-1111.3674548987879,17.074098660427122,1590.088775000755,-1573.014676340328,4.440892098500626e-15,0.25818611194452146,1.1102230246251565e-14,10.278675615455274,0.0001426234234322976,0.28230679971034844,-0.005711569022205043,0.22341678789223085,-1.1132503429046565,-0.005009058553407886,0.24181789720689884,-0.037902965282590906,-0.5944138391008086,1.5114629730170577,3.9601155869525413,11
25042006,transverse,20,43,1.276812175086643,0.23483648797615053,0.006840359829499749,0.2618446871783206,-0.25500432734882084,6.566675505108254,6.292875763545008,0.2737997415632458,0.7540629247468331,3.70632585298274,-2.952262928235907,0.06750966085176824,0.004915662514906716,0.06259399833686152,97.27015988906804,1280.1683891971636,-1182.8982293080956,11.169703939152324,753.9829761997147,-742.8132722605624,8.881784197001252e-15,0.339814346953613,1.2212453270876722e-15,0.4671293478768166,-3.72646760062878e-05,0.005409668460231387,0.0057115690222049875,0.08865196759921368,3.1590911030642363,0.006074453712660632,0.23128075576400817,-0.02083241092377048,-0.22145001513948048,0.7900609096172281,3.260379023995648,11
25042006,transverse,19,44,1.344321835938412,0.08758825476818424,0.003105449808446195,0.31697722965444863,-0.31387177984600245,6.566712651812331,6.661253667501793,-0.09454101568946172,0.5396796886400705,5.821825251187137,-5.282145562547067,0.06750966085176813,0.005589957073387941,0.061919703778380186,97.27071013185729,1191.646658471487,-1094.3759483396298,7.9941104996076415,1041.4794201019984,-1033.4853096023908,2.6645352591003757e-15,0.5842082212162838,1.6653345369377348e-15,4.64674641798603,0.0001570969693789337,-0.3897649731424919,-0.00037340076954067714,-0.15717445939136976,-1.4852537793695557,-0.0017900385558482501,0.13763209498780216,-0.07629488962199363,-1.173081415127685,1.4643355814583279,3.921176152175115,11
25042006,transverse,18,45,1.4873017329159637,0.1536621896886704,0.016931953614303816,0.30477416986693473,-0.2878422162526309,6.56643560457765,6.71496845873708,-0.14853285415942974,1.1048263988182918,5.746347036937406,-4.641520638119115,0.06825646239084937,0.0034309760592540206,0.06482548633159535,96.20240156861635,1957.1598118924446,-1860.9574103238283,16.186399941031922,1674.843233440342,-1658.65683349931,4.440892098500626e-15,0.6033890675328202,8.881784197001252e-16,2.9236670159075215,-4.8462986016239995e-05,0.45368612865872227,0.030001302560736187,-0.09054022588075927,7.46794266448639,0.029730327289310243,0.2707054018628281,-0.02861546644153522,-0.47664503197424546,1.6972864035000412,4.081286857283069,11
25042006,transverse,17,46,1.5555581953068136,-0.2663225769810153,0.02160583985555641,0.256582395099364,-0.23497655524380756,6.566255483315002,6.587699724182881,-0.021444240867879216,0.7626008516790685,19.699381894343013,-18.936781042663945,0.00900065880845824,0.0007300445022682123,0.008270614306190027,729.5305402693921,9023.696094847948,-8294.165554578556,84.72722585178158,26983.809662476746,-26899.082436624965,4.3520742565306136e-14,0.5419687836122344,1.1102230246251565e-16,1.7842628673773469,0.00010387420637503197,-0.5157414683462278,-0.02962790179119562,-0.0030796229589982183,-4.272514679401285,-0.028364777931946694,0.11198269100452468,-0.09890754642260129,-4.5869309370518,5.168490996033441,6.809988622690405,11
25042006,transverse,16,47,1.5645588541152726,-0.25688244150605355,0.029234944693326097,0.2561556842935755,-0.2269207396002494,6.565867613639604,6.454063995297936,0.11180361834166774,1.451858241232301,26.138870329638507,-24.687012088406206,0.00900065880845835,0.0005553606637802577,0.008445298144678093,729.4874467932663,11621.392036241961,-10891.904589448695,161.30577462484413,47066.477758282505,-46905.17198365766,5.240252676230739e-14,0.46083169517148015,2.0650148258027912e-14,12.886567773000007,-3.290829571511722e-06,-8.603400637773095,0.0018073257028070056,0.05696138248319915,-15.765414201387877,0.0018286051482904742,0.25720205662443135,-0.14115816923895294,-4.497856250488219,6.605748603122349,5.64481583190569,11
25042006,transverse,15,48,1.6726114961913798,-0.31916434684211487,0.035156365106271084,0.31718587503931384,-0.28202950993304277,6.565486325623349,6.434357613038532,0.1311287125848164,19.347916906331726,18.25433163770444,1.0935852686272867,0.0053860074028444505,0.0004232357162592404,0.00496277168658521,1218.9894730103774,15202.775583092232,-13983.786110081855,3592.255906687713,43130.41394295583,-39538.15803626811,3.6415315207705135e-14,0.3606859515748164,1.4885870314174099e-12,5.702119950603279,0.0017355436365518173,7.436918961521563,-0.001807325702806839,0.0828694983252829,15.833077187354016,-0.0018480351542568552,0.8398739320934926,-0.010283475807226024,-5.4573292212310776,379.7992178355793,23.03669177837844,11
25042006,transverse,14,49,1.6779975035942247,-0.2653312179932795,0.07133263837027162,0.32273185814549327,-0.2513992197752216,6.56163395033399,6.5769191401565905,-0.015285189822600742,22.370137648388024,27.162109397435277,-4.791971749047253,0.005386007402844228,0.00020969186583819077,0.005176315537006038,1218.274216791633,31364.68414674552,-30146.409929953887,4153.38041246933,129533.4432208972,-125380.06280842787,2.042810365310288e-14,0.03781754994814435,1.1368683772161603e-12,20.886556880012442,-0.004383323255954252,10.29539400284877,-0.007447846349991349,-0.33764860218460857,1.8589903533619276,-0.007318322474062167,0.8377668563144787,0.15716925620717093,112.06204951684788,388.3610088910042,26.702103908478488,11
25042006,transverse,13,50,1.698279203697052,0.35486993353313356,0.013193713438846335,0.30825575652971215,-0.2950620430908658,6.5665482215565385,6.052950109417339,0.5135981121391993,4.801570384746784,19.19707985819243,-14.395509473445648,0.020281700102826705,0.00025519576727550675,0.0200265043355512,323.7671491179058,23718.84994033869,-23395.082791220782,236.7439790748892,75224.91482967058,-74988.17085059569,1.7763568394002505e-14,0.3439560414081768,7.993605777301127e-15,3.360480772341873,0.0023702521830450962,-7.192145559148386,-0.03161555914806402,0.3796845940015565,-10.425109696461256,-0.027982877590166544,0.7724251064231011,0.4354808934064737,16.82762949672065,6.227448662956779,6.216227754405352,11
25042006,transverse,12,51,2.0562693052963943,0.41542481483536553,0.0005542723591240212,0.31467403889212536,-0.31411976653300133,6.566721988412997,6.283609762315111,0.2831122260978862,1.6172942394023155,4.766122044323849,-3.1488278049215332,0.09840851109893722,0.007566062784507777,0.09084244831442945,66.72920782035808,830.499288901143,-763.770081080785,16.434495566916283,629.9342445430048,-613.4997489760884,8.881784197001252e-15,0.1344790581572699,4.440892098500626e-16,4.099018205848509,0.00010318708826417833,-1.2221453756050953,0.048560366863597604,0.010311955667127393,10.72391199926399,0.043478254153061835,0.48493890011984475,0.15088686597374373,1.678245421744052,0.9373952350598616,3.335047444126729,11
25042006,transverse,11,52,2.1546778163953326,0.3633038694189986,0.005737119305101093,0.2992086129356899,-0.29347149363058883,6.566689381092928,6.53468695237061,0.0320024287223184,0.8773088452680377,14.227278980193436,-13.349970134925398,0.07941458836785253,0.004712704380668509,0.07470188398718403,82.68870387737425,1386.6108341477698,-1303.9221302703954,11.047200058562252,3018.920312199863,-3007.8731121413007,4.440892098500626e-15,0.5963861406735509,6.661338147750939e-16,21.88649190451323,-2.954880132932658e-05,-0.1263294284796338,-0.009496961365542123,-0.20382746714203126,-8.687639051496056,-0.009992636238415509,0.32549169482332246,0.02526472046255879,0.1835437878675169,0.5861270221180205,2.6953340414545526,11
25042006,transverse,10,53,2.2340924047631856,0.018575699974093113,0.0025346114744790533,0.2955014633360368,-0.29296685186155774,6.566715871375518,6.378168305744705,0.1885475656308131,0.38998230809302736,6.565816670030179,-6.175834361937151,0.07941458836785209,0.0008679962310824685,0.07854659213676962,82.68903744685022,7348.152074105854,-7265.463036659004,4.910713712782985,7564.337764280406,-7559.427050567623,4.440892098500626e-15,0.016427591052130985,5.828670879282072e-15,2.0512070415924946,2.1643912683444455e-05,-0.21759412123879907,-0.002563709720331264,0.05421878311546946,4.966347755372101,0.0020231365216689667,0.13771316534697028,-0.09796916013309488,-0.7856484792192513,0.9377346798448141,2.8318447775886835,11
25042006,transverse,9,54,2.318634412571701,-0.18386902719471335,0.004818900093079072,0.3909114295471141,-0.38609252945403505,6.5666990738327415,6.330043937524373,0.23665513630836887,0.33784401339561526,9.272238113088722,-8.934394099693106,0.08454200780851417,0.00619698056549689,0.07834502724301728,77.6738008009719,1021.4722913233492,-943.7984905223773,3.996167374695248,1496.2509588482549,-1492.2547914735596,0.0,0.17325976521290176,4.440892098500626e-16,10.544964428172925,2.596267626664428e-06,-0.2102374351906598,-0.0884524726148802,0.2748909456049291,-4.015463257199024,-0.09028693659217768,0.1350636904367214,-0.06411456878953083,-0.40115476648277393,0.5152933438700308,2.501368149376154,11
25042006,transverse,8,55,2.585208785050639,0.17954176267520439,0.0067239777019695805,0.28247004915284313,-0.27574607145087354,6.566677083754713,6.831696267978646,-0.26501918422393356,0.7061805890795229,4.3682079121305355,-3.6620273230510128,0.26657437247893667,0.007857036945316365,0.2587173355336203,24.633564819789935,869.5003365169447,-844.8667716971547,2.6490940689931537,555.9612284545072,-553.3121343855141,0.0,0.6741131306005306,4.440892098500626e-15,3.243334786464077,-8.979273539821975e-06,-0.3261891742454811,0.20656205943387196,-0.2287529755694857,2.9745214720153568,0.20242938585255088,0.1998595645757157,-0.0751385928563115,-0.9380904949121489,1.4367815193048536,3.533384006808402,11
25042006,transverse,7,56,2.853134087092072,-0.2296685543916836,0.007017364682389018,0.3093052563100451,-0.30228789162765607,6.566673052223764,6.875860605841028,-0.3091875536172646,1.7268955132543928,6.065599003694024,-4.338703490439632,0.03548261828161525,0.0012517461624936832,0.03423087211912157,185.06731944373394,5493.01512707911,-5307.947807635376,48.66877352591412,4845.710085190402,-4797.041311664489,7.105427357601002e-15,0.0491564389836725,3.552713678800501e-15,0.8351913630513756,-1.4364078009698744e-05,0.14553857059834252,-0.11554587709866138,-0.2007059068915269,3.7752350680731395,-0.11090415324059111,0.6005817025231697,0.23355584042048735,1.9309839355411287,1.0511841781570455,2.875371503992461,11
25042006,transverse,6,57,2.8886167053736886,-0.06933547874680529,0.004954470911131853,0.35798090006496275,-0.35302642915383087,6.566697748848835,6.518641858076377,0.0480558907724582,2.456533296232578,15.022383090207107,-12.565849793974529,0.035482618281616585,0.003929903095811538,0.03155271518580505,185.06801546409605,1658.7283958792516,-1473.6603804151555,69.23201880807366,3822.5835914930967,-3753.3515726850233,2.6645352591003757e-15,0.6491399192565703,1.0658141036401503e-14,21.2419521041723,1.558859465689011e-05,0.9071640729405694,0.0025133623638828873,0.3529021455058885,-3.971504433738552,0.0003888974589615346,0.8251064262924441,0.5463263512495589,4.842587976259131,1.1919678592401546,2.977232049047091,11
25042006,transverse,5,58,2.924807946013348,0.1315088282973956,0.00557021958784772,0.35654506216766935,-0.35097484257982164,6.5666912682845915,6.8671962241341875,-0.300504955849596,1.3718429333296238,14.221830163361947,-12.849987230032323,0.030455893553852142,0.002359130219286687,0.028096763334565455,215.61315404105156,2910.9017247087663,-2695.288570667715,45.04359495819519,6028.4210032552155,-5983.37740829702,4.440892098500626e-15,0.01453192915638013,1.1102230246251565e-15,5.78658501526804,-2.479400774468843e-06,-0.6153045105913149,-0.002513362363882221,-0.41023638645765725,-1.6923263440128338,-0.0026534535007570748,0.7098122244698858,0.4176156644633725,1.5599066596561846,0.322046374070244,1.9326842875299421,11
25042006,transverse,4,59,2.955263839567201,0.3091451480432714,0.005705182639649894,0.34091260361089,-0.33520742097124007,6.566689746521897,6.395282776078233,0.17140697044366426,1.5177615916092995,11.26723356967375,-9.749471978064449,0.030455893553852142,0.0005081750690121289,0.029947718484840014,215.61310407493607,12584.802297582986,-12369.18919350805,49.83474180212745,22171.952653200362,-22122.117911398236,8.881784197001252e-15,0.026267615721790705,1.3322676295501878e-15,4.592477291051507,6.644291126178814e-06,-0.24710038115130017,-0.02265664152517155,0.3380126991441599,1.7537709567798707,-0.021282428705078904,0.5330907617751147,0.18556934366265168,1.5042188807252757,0.7993813682391177,2.847097906096466,11
25042006,transverse,3,60,3.0420566481857385,-0.21743067187783957,0.00688182053632266,0.34841337395457583,-0.3415315534182532,6.56667493617695,6.599381437728345,-0.032706501551395206,2.1578810121915755,12.31437965184789,-10.156498639656315,0.07576917660419524,0.0014056455589228634,0.07436353104527238,86.6668377628029,4694.9114560468615,-4608.244618284059,28.479668235857485,8760.657744534345,-8732.178076298487,2.6645352591003757e-15,0.030828239697573423,9.325873406851315e-15,9.623626478869703,-3.0370229850973374e-05,0.7330326917853567,0.022656641525171217,-0.1482674051673687,3.63764029142229,0.022039776898406194,0.8861946899574461,0.6899949869238851,4.091123931569322,0.5653265312076432,2.4349965494548385,11
25042006,transverse,2,61,3.117825824789935,-0.14969042972453012,0.0011955497231521625,0.34873916875411437,-0.3475436190309622,6.566720866291705,6.507006029503422,0.05971483678828271,1.3319350492031379,19.1707409332959,-17.83880588409276,0.07576917660419591,0.0010693867953035507,0.07469978980889236,86.66744394749112,6084.80117585179,-5998.133731904299,17.578850779399634,17926.853985375976,-17909.275134596577,4.440892098500626e-15,0.6333448287510253,1.3322676295501878e-15,7.884379559030348,2.8688502749396605e-05,-0.3529615675032176,-0.024814142965049468,4.139083871201876e-06,-6.246646765559294,-0.024676196761802438,0.8610891976903037,0.6768268024813279,1.6193747415197133,0.15467623377604978,1.5468026457372608,11
25042006,transverse,1,62,3.256285640903342,0.46896422733712345,0.0035883463985052107,0.3637151581238244,-0.3601268117253192,6.566709419400961,6.414581522440743,0.15212789696021822,1.2119122212211355,14.239731818631752,-13.027819597410616,0.1253974625342955,0.0010090204381782986,0.12438844209611721,52.3671634711508,6357.23646393301,-6304.869300461859,9.664567342339039,14112.431502716028,-14102.76693537369,7.105427357601002e-15,0.3107190571530678,1.9984014443252818e-15,3.5980844369896197,-8.35527590137275e-06,-0.06965490331592328,0.02481414296504969,0.17343045467803275,3.657538818892977,0.024810592762736006,0.9014543560957439,0.7158346792354945,1.293801293432901,0.17492993851224808,1.3443966552782611,11
25042006,transverse,0,63,3.3816831034376382,0.23611753619035886,0.002759088404672542,0.3538278092612255,-0.35106872085655294,6.56671468306202,6.669034635285932,-0.10231995222391177,1.23119919987098,16.763110148385408,-15.531910948514428,0.12539746253429573,0.0009415536764256771,0.12445590885787006,52.36720544696866,7083.010562502288,-7030.643357055319,9.818374112109737,17803.669156729833,-17793.850782617723,4.440892098500626e-15,0.2645378539800882,1.5543122344752192e-15,10.730204537358874,5.263661059018432e-06,0.01928697864984441,2.220446049250313e-16,-0.25444784918413,-2.5040913511038116,6.74667617528435e-05,0.8890389643153478,0.7203552893284115,1.3815347324134861,0.134316737349453,1.3848652863253639,11
25042007,dephasing,15,16,0.07239322290262312,0.2082218240588475,0.5296724569696178,0.7372349159586717,-0.2075624589890539,15.615437748648127,15.413286400075904,0.2021513485722224,3.1216937663991287,29.92798712373294,-26.80629335733381,0.06958803642726141,0.0014169699259970608,0.06817106650126435,224.39830968604127,10877.638344533132,-10653.240034847091,44.85963287183933,21121.116669200936,-21076.257036329098,1.5987211554602254e-14,0.25822700798970466,1.3766765505351941e-14,5.227552248430175,-0.23848595026883324,-6.02612261891828,-1.6653345369377348e-16,-0.8708708577501856,-4.571943343494322,-0.00023338505388664776,0.30006502836800136,-0.16139777974092426,-17.468169000050352,27.213140971225496,10.403390836237875,11
25042007,dephasing,14,17,0.14198125932988584,-0.02774193227279209,0.20510231935160345,0.6717098187845075,-0.4666074994329041,15.85392369891696,14.780901492594552,1.073022206322408,9.147816385317409,31.382166399156898,-22.23435001383949,0.06958803642726158,0.0011835848721105796,0.068404451555151,227.82542104760523,12488.248068122999,-12260.422647075393,131.45673962045709,26514.50448432644,-26383.047744705982,1.7763568394002505e-14,0.29538688838922766,1.5987211554602254e-14,1.9548782186165639,0.16457225665833164,6.185325581184191,-0.05738698751360688,0.6726585156625848,4.455749700215772,-0.057217280848540594,0.8257781055849621,0.20633205049163006,25.320649641380093,58.361894978101695,11.077814153037291,11
25042007,dephasing,13,18,0.32634327078436237,0.2803377985620451,0.36431514441652296,0.6786213216285896,-0.3143061772120666,15.76326513586913,15.164689103121706,0.5985760327474239,2.8032878418673057,29.377193912644017,-26.57390607077671,0.18436201145447553,0.001289613148356683,0.18307239830611885,85.50169859565429,11759.099325596699,-11673.597627001045,15.205344201614555,22779.849872094226,-22764.64452789261,2.4868995751603507e-14,0.4551961492727834,3.1086244689504383e-15,35.961504958728355,0.01953843700141178,-2.0131617614600783,0.05598159318990967,0.05490044106961722,-1.4481095499064125,0.05559646869921164,0.4659598090049885,-0.03269754293104087,-1.1834600128122643,9.04188273717332,6.016158019837488,11
25042007,dephasing,12,19,0.5135160708862334,-0.14267151409349213,0.5123094392082566,0.6663833401053958,-0.15407390089713924,15.633529698818474,15.619200721785269,0.014328977033205348,0.48508282133735925,28.502325849238467,-28.01724302790111,0.18717280010187018,0.0006253924432067515,0.18654740765866343,83.5245809770961,24975.039099763544,-24891.514518786447,2.5916309478372357,45575.10433463256,-45572.512703684726,1.7763568394002505e-14,0.09401605645150468,1.609823385706477e-15,29.27525341050803,-0.0761276315517172,-1.107201387804134,0.005441545447887858,-0.38055289292174255,-0.5429690794305486,0.0061041635825609675,0.09246309915605633,-0.10023529957127512,-2.7587706090712616,2.994075952627875,5.246231477907229,11
25042007,dephasing,11,20,1.148680047430914,-0.14401834334528352,0.48983786649167005,0.6535654947634404,-0.16372762827177034,15.656049524871252,15.46486181770878,0.1911877071624719,0.38128057641568064,28.75592240258009,-28.37464182616441,0.17910049785348914,0.0012864080074030948,0.17781408984608604,87.41488556708805,12021.73939272043,-11934.324507153342,2.1288638556861095,22353.656256097485,-22351.5273922418,0.0,0.6192388310881594,1.5543122344752192e-15,4.4892068764046975,-0.07558573161155202,-0.5778472668483279,0.048825647509692094,-0.053745465651879876,-1.852476120935826,0.04826864904295952,0.11101064947252544,-0.07353053706576533,-0.8674167698564672,1.0127916478083414,3.4346306253261427,11
25042007,dephasing,10,21,1.327780545284404,-0.010985540727691784,0.2573904547049324,0.6835504196063567,-0.42615996490142427,15.829740814147131,15.354203445551633,0.4755373685954982,1.4331728651906577,26.460261247746715,-25.02708838255606,0.07337690058572388,0.0008334266381342381,0.07254347394758964,215.73193590609284,18422.98139152899,-18207.249455622896,19.531662604314114,31748.75872336207,-31729.227060757756,1.0658141036401503e-14,0.2098376872529446,8.215650382226158e-15,3.9179198804684816,0.12398575716153637,0.07326145901668912,-0.052861798633882684,0.32931589404590955,-3.6453389804634675,-0.05215549427720373,0.2939186548064655,-0.02261252300227517,-0.5376403719210061,2.5916248334398206,4.8760867735134195,11
25042007,dephasing,9,22,1.4011574458701292,0.029400245135634037,0.3748734069261562,0.7460105970266817,-0.3711371901005255,15.755460589099936,15.65420534716323,0.10125524193670543,2.3385422359322563,16.727399213953028,-14.388856978020772,0.07337690058572399,0.0017930539822232916,0.0715838466035007,214.7196251590555,8730.470751222363,-8515.751126063307,31.870278211059198,9328.999226901102,-9297.128948690042,1.4210854715202004e-14,0.942153795902664,2.886579864025407e-14,10.711541545317404,0.002937063488040792,-1.160494731411207,-0.021749027047458624,-0.5610688403097823,9.893011854487103,-0.022879862688776897,0.2673197432995366,-0.16622925101594055,-12.721426506449257,18.19020629568823,8.748108939008908,11
25042007,dephasing,8,23,1.518032400550771,0.24672289399101052,0.4697706070452947,0.6703016781010023,-0.20053107105570755,15.675306237076661,14.826195441179184,0.8491107958974773,5.564901069496269,29.101550351955957,-23.53664928245969,0.11687495468064135,0.0004910100436757991,0.11638394463696555,134.1203192754953,30195.29973396741,-30061.179414691916,47.61414526065279,59268.747608696445,-59221.13346343579,7.105427357601002e-15,0.20364057861831597,1.1546319456101628e-14,23.75074721038359,-0.09348857154674306,4.007469615616576,0.03324627264894914,0.5274766274167639,-8.628430734363825,0.03465976819906108,0.710715009081322,0.2249640869744734,13.792313344003958,17.175810569276642,7.8300035856700285,11
25042007,dephasing,7,24,2.0322536807784832,-0.04656993433743592,0.33743389304200777,0.711212461877168,-0.37377856883516025,15.782129028146873,15.240115933122151,0.5420130950247213,0.77632067182713,16.203900789998084,-15.427580118170955,0.09388046347766044,0.0020159572053521924,0.09186450627230824,168.10876771930668,7559.741790480948,-7391.633022761642,8.269246263487625,8037.819824239386,-8029.550577975899,5.329070518200751e-15,0.7930986571475138,5.551115123125783e-15,12.679924744814713,0.07030520226079062,-3.1133325688675697,-0.011497245601491124,-0.0306198139044227,3.6879244020679707,-0.013006215375821195,0.1578667645182769,-0.08026194390107969,-1.9409330665021987,2.5436068520083235,4.917568775137918,11
25042007,dephasing,6,25,2.126134144256148,0.22330286767006235,0.38425153952177815,0.6946510965854822,-0.31039955706370403,15.748341414695505,15.452186392734694,0.29615502196081067,2.21440541189313,16.908765169911295,-14.694359758018164,0.09388046347766177,0.0005229648183684432,0.09335749865929333,167.7488673502631,29547.277082505767,-29379.528215155504,23.587499782849207,32332.50990509002,-32308.92240530717,3.552713678800501e-15,0.44660489416039795,1.1546319456101628e-14,15.138267872287662,-0.0786128813589837,1.1757785285334108,0.0013646417115911191,-0.111968779760657,6.144183046479464,0.0030802766012518745,0.4442385381493557,0.09457884850918058,2.3500431028533293,2.5535482253682846,4.98472154423631,11
25042007,dephasing,5,26,2.260287319910904,0.06964001850409163,0.1555991528198529,0.7577268526791752,-0.6021276998593222,15.871779563962104,15.59754505554389,0.27423450841821406,1.3009330948923084,27.550438585716606,-26.249505490824298,0.09115118005448086,0.002461242210706205,0.08868993784377466,174.12588135968812,6337.265380747912,-6163.139499388224,14.272257299518706,11193.712860064898,-11179.440602765379,3.552713678800501e-15,0.8345597630643784,7.327471962526033e-15,9.9991328855847,0.08447110999562568,-0.47821720633233444,-0.001364641711590675,-0.03521611420249471,8.186023700696907,-0.003264550574470726,0.2835550064869932,-0.03988829312992167,-0.839616060595112,2.5320429779811957,4.5879390775348,11
25042007,dephasing,4,27,2.3514384999653877,-0.19934742680979572,0.2640362987979362,0.6314233168381422,-0.367387018040206,15.826275493237453,15.503529269956847,0.32274622328060687,1.3438951905561556,55.5205938155804,-54.176698625024244,0.0911511800544813,0.0005997018772838647,0.09055147817719744,173.62666598258022,25852.06059413144,-25678.433928148857,14.743585214726851,92580.32352181568,-92565.57993660095,3.552713678800501e-15,0.24489160844154512,4.440892098500626e-16,5.416690430047268,-0.057084828727486325,-0.5283115874864506,0.03267311473859591,0.2494042820388609,-14.98737037360008,0.0337631912152927,0.30929359295327713,-0.029267789759753544,-0.5525592822071732,2.3586135654071425,4.345046975348015,11
25042007,dephasing,3,28,3.1056954104073706,-0.16093008852389912,0.0323972275447859,0.7066638830687683,-0.6742666555239824,15.894941079967774,16.022491705902496,-0.1275506259347221,2.443480461192904,54.57263147321694,-52.12915101202403,0.02580495057728993,0.0009183144972551016,0.02488663608003483,615.9647945211093,17447.717262217582,-16831.75246769647,94.69037554923004,59426.95191716768,-59332.26154161845,1.0658141036401503e-14,1.6464520449725057,3.197442310920451e-14,7.743984321772359,0.036546371740316275,-0.41073658575747984,-0.03267311473859613,-0.17992303143804822,-8.002853161514835,-0.03322321874142953,0.4034198797539066,-0.15168934515143317,-5.564911044931807,11.535507809163372,6.056916339084448,11
25042007,dephasing,2,29,3.1315003609846634,0.028547726334300694,0.07400498025734972,0.6804859010350846,-0.6064809207777349,15.890513923217464,16.10851533549142,-0.21800141227395464,4.364538903344612,38.44043597933876,-34.07589707599415,0.02580495057729082,0.00013671911155954675,0.025668231465731273,615.79323221807,117821.97201066145,-117206.17877844338,169.1357203057597,281163.5881834734,-280994.4524631676,1.4210854715202004e-14,0.1835609087014376,1.9539925233402755e-14,12.710815855740044,0.08491796210755886,-12.763770817046353,0.005915660085526131,-0.507449199877148,0.7866031784709975,0.006345973989625442,0.7176943629966995,0.19807206357207435,7.325223732227444,11.723976106580897,6.081333682377905,11
25042007,dephasing,1,30,3.759687956726877,-0.023731716084095467,0.42395733048070217,0.7339920517834553,-0.3100347213027531,15.716250842252038,15.009804641110929,0.7064462011411088,31.81313897958903,49.40898847649529,-17.595849496906258,0.013973630406239446,0.00021575153406261371,0.013757878872176832,1124.7077806805655,69569.862881044,-68445.15510036344,2276.6552466840662,229008.74698835838,-226732.09174167432,1.5987211554602254e-14,0.3951164970334293,2.0250467969162855e-12,5.786665602861163,-0.05705108412398374,11.57842122257885,-0.005915660085525132,0.6221812312736779,17.94729478187097,-0.00600859919800667,0.8560020835338209,-0.10181351071523614,-140.6270333163094,1152.702845051086,37.16479152510628,11
25042007,dephasing,0,31,3.7736615871331187,0.041046869437722844,0.4897966218603218,0.7405800476918754,-0.25078342583155355,15.656089929534577,15.26955857752576,0.3865313520088165,36.10489661067575,73.11528809223606,-37.010391481560305,0.013973630406238335,0.0001089057316026043,0.013864724674635731,1120.40246338168,140208.95275966002,-139088.55029627835,2583.787860494522,671363.0863711826,-668779.298510688,3.552713678800501e-15,0.32400425396652643,3.254285729781259e-12,23.87847237352154,-0.06016091271746049,4.291757631086721,-1.1102230246251565e-15,-0.3199148491322923,-19.414541984654047,0.00010684580245889919,0.9706696724253702,0.10904704006241468,150.87009771085923,1152.6934615568596,37.19586347069427,11
25042007,transverse,15,16,0.07239322290262312,0.2082218240588475,0.36001115937973394,0.6842020084826497,-0.32419084910291573,18.505857007117164,17.94131987043858,0.5645371366785845,4.147738560998246,35.54243248412758,-31.394693923129335,0.06958803642726141,0.0014169699259970608,0.06817106650126435,265.93446168668464,12661.750642176858,-12395.816180490174,59.6041902307988,25083.406381485405,-25023.802191254606,1.7763568394002505e-14,0.4116356727669839,6.572520305780927e-14,7.437085909691934,-0.08629367089730167,0.9209649157898632,-1.6653345369377348e-16,0.09347719227874052,16.966474263066335,-0.00023338505388664776,0.43752660028060514,-0.01376726822604439,-1.2372617829009478,18.440996953293023,9.479968894092728,11
25042007,transverse,14,17,0.14198125932988584,-0.02774193227279209,0.20812103204780968,0.7343517564277056,-0.5262307243798958,18.592150678014466,18.121090733614622,0.471059944399844,3.2267736452083824,51.58794183140405,-48.36116818619567,0.06958803642726158,0.0011835848721105796,0.068404451555151,267.1745264352777,15310.343314291373,-15043.168787856095,46.3696608048603,43586.17877517474,-43539.80911436988,7.105427357601002e-15,0.04417408091346431,8.748557434046234e-14,27.97570619590514,0.097118783514059,-2.4780048292435968,-0.05738698751360688,-0.20389346013798004,-24.115426486671545,-0.057217280848540594,0.2034357011919065,-0.293969056032851,-73.95785040128435,84.36991855869546,15.861393188624422,11
25042007,transverse,13,18,0.32634327078436237,0.2803377985620451,0.3889193491091304,0.7040956742014216,-0.3151763250922912,18.484206781883646,17.698837109486583,0.7853696723970636,7.261818387905713,24.358607863824624,-17.09678947591891,0.18436201145447553,0.001289613148356683,0.18307239830611885,100.26038789692825,13724.14443202576,-13623.884044128832,39.38890843409393,18888.306074472097,-18848.917166038,1.4210854715202004e-14,0.8861920436021791,2.042810365310288e-14,10.62929689412044,0.08947565555858361,4.926287345912359,0.05598159318990967,0.36030356386098994,22.823970504890553,0.05559646869921164,0.5968937797229789,-0.10709100609100843,-15.850744266938541,68.5847505658639,12.166014514803528,11
25042007,transverse,12,19,0.5135160708862334,-0.14267151409349213,0.6619316183409342,0.7415523198919733,-0.07962070155103917,18.197311574635663,17.81823930196336,0.37907227267230326,1.444288438778326,32.92464021420159,-31.480351775423262,0.18717280010187018,0.0006253924432067515,0.18654740765866343,97.22198719435538,28491.292940155887,-28394.07095296153,7.716337192114779,52646.367208049036,-52638.65087085692,1.7763568394002505e-14,0.31757657304557796,4.440892098500626e-16,27.469133508553746,-0.2314634343562183,-3.2995077468654266,0.005441545447887858,0.056828131331670306,-10.405356834688849,0.0061041635825609675,0.2555249063724465,-0.04565812487862974,-1.4586781097710424,3.544647204159775,5.652241338357709,11
25042007,transverse,11,20,1.148680047430914,-0.14401834334528352,0.5119783256105639,0.7984041814353845,-0.2864258558248206,18.373343236100116,18.514224625815913,-0.14088138971579767,2.225773983381793,27.27897438893171,-25.05320040554992,0.17910049785348914,0.0012864080074030948,0.17781408984608604,102.5867792457517,14392.187019413117,-14289.600240167365,12.42751421719977,21205.5383921315,-21193.1108779143,7.105427357601002e-15,0.3829628660870874,8.881784197001252e-16,2.5521868323519286,0.08208153331687029,0.5359009834771957,0.048825647509692094,-0.6064962643150071,1.1898154037885114,0.04826864904295952,0.5082395367549769,0.1853787120725503,3.5553723536049926,1.3986974714942582,4.379379844380035,11
25042007,transverse,10,21,1.327780545284404,-0.010985540727691784,0.5002531469808699,0.7142204769661549,-0.213967329985285,18.38521183093083,17.833054354404716,0.5521574765261157,1.9354575610308689,22.94113740428447,-21.0056798432536,0.07337690058572388,0.0008334266381342381,0.07254347394758964,250.55857748382243,21397.269463724995,-21146.710886241173,26.37693259842361,27526.2828839284,-27499.905951329976,2.1316282072803006e-14,0.29274529150194795,1.1324274851176597e-14,0.07677940318835752,-0.009530885802316647,-1.3357039666293988,-0.052861798633882684,0.4925657824515586,-0.4171227757061615,-0.05215549427720373,0.2543441864943561,-0.1472904358064378,-8.529002114843372,12.274998085394966,7.609600155236201,11
25042007,transverse,9,22,1.4011574458701292,0.029400245135634037,0.4683191696150545,0.7128420565666314,-0.24452288695157687,18.41614219736618,18.15607741950127,0.2600647778649119,4.316549071938742,20.440462801483697,-16.123913729544956,0.07337690058572399,0.0017930539822232916,0.0715838466035007,250.9801047790396,10125.784053076137,-9874.803948297098,58.82708369367346,11399.80335457531,-11340.976270881636,7.105427357601002e-15,0.6002652871086838,2.1316282072803006e-14,8.245214386206147,-0.049481221209187964,1.8875974937075837,-0.021749027047458624,-0.45148800970259906,13.127508290536273,-0.022879862688776897,0.551322407091335,0.10113411687666704,6.199544249837633,12.433051640617677,7.829446103436988,11
25042007,transverse,8,23,1.518032400550771,0.24672289399101052,0.29904855086624715,0.6722316081339803,-0.37318305726773315,18.54603500621991,17.675086907611004,0.8709480986089062,2.9224455954314488,40.4196097923403,-37.497164196908855,0.11687495468064135,0.0004910100436757991,0.11638394463696555,158.68271399032074,35997.403994614404,-35838.721280624086,25.00489179582552,82319.31365344595,-82294.30876165013,0.0,0.3968458620560469,4.440892098500626e-16,34.53618310837638,0.09787974526818388,-0.6373936946785492,0.03324627264894914,0.3948457693639771,-21.179962967910434,0.03465976819906108,0.5149860284161505,0.15976855705334492,5.145093712588295,3.395594545668375,5.674805595055629,11
25042007,transverse,7,24,2.0322536807784832,-0.04656993433743592,0.39407704507854574,0.8243884330555471,-0.43031138797700136,18.48016832453727,17.788028443912324,0.6921398806249464,2.8031295082812537,19.313618236733145,-16.51048872845189,0.09388046347766044,0.0020159572053521924,0.09186450627230824,196.84785992705253,8823.614110798902,-8626.76625087185,29.85849669295976,9580.371143522867,-9550.512646829908,1.4210854715202004e-14,1.1845023454664911,4.3076653355456074e-14,5.886199128974489,0.027226993671419564,-0.1327962050323266,-0.011497245601491124,0.12242986174323889,13.152964334281112,-0.013006215375821195,0.4063482912601118,-0.030454238166671418,-1.4492295825533033,9.306764622750489,6.8983420591940625,11
25042007,transverse,6,25,2.126134144256148,0.22330286767006235,0.5249927489816617,0.70334237042235,-0.17834962144068833,18.359847655511793,18.091375716357284,0.26847193915450873,2.949405831195712,24.77914775975286,-21.829741928557148,0.09388046347766177,0.0005229648183684432,0.09335749865929333,195.5662229967622,34593.86765786491,-34398.301434868146,31.41660918512086,47382.054947901415,-47350.63833871629,7.105427357601002e-15,0.1442112360430805,4.3076653355456074e-14,14.43940997019023,-0.05032345621953738,-0.00892192690479332,0.0013646417115911191,-0.25234524095393773,-2.9608084426257477,0.0030802766012518745,0.401210366623945,-0.018601345842535335,-1.00523857202443,9.70423332911586,7.351270247611078,11
25042007,transverse,5,26,2.260287319910904,0.06964001850409163,0.5434069773841097,0.7418254666309156,-0.19841848924680594,18.340173898925386,17.99067941933344,0.34949447959194657,3.1135260079197566,24.340904251330667,-21.22737824341091,0.09115118005448086,0.002461242210706205,0.08868993784377466,201.20610493428066,7309.593237542992,-7108.387132608711,34.15782446325773,9889.682594199669,-9855.52476973641,1.0658141036401503e-14,0.2760744235841237,4.884981308350689e-14,25.081938959274986,-0.02966419110016716,-1.7825175502011419,-0.001364641711590675,0.06154106603909959,6.489570482435898,-0.003264550574470726,0.3425239353547547,-0.2231907566996406,-18.441631938285234,28.13567614027811,9.089951640007511,11
25042007,transverse,4,27,2.3514384999653877,-0.19934742680979572,0.5056051003063589,0.7770446261986308,-0.27143952589227194,18.379828524539317,18.07239363658813,0.30743488795118523,6.842681285046085,40.44683680818255,-33.60415552313647,0.0911511800544813,0.0005997018772838647,0.09055147817719744,201.64114730663545,30135.62958722187,-29933.988439915232,75.06958528629247,67444.90611130324,-67369.83652601694,3.552713678800501e-14,0.057480879238156035,1.509903313490213e-14,3.9738843870386305,0.039086133235489484,4.450261387345117,0.03267311473859591,-0.06424335566885375,2.585895702895563,0.0337631912152927,0.7769137059011063,0.24344485462696208,18.884594240124734,27.937692928595347,8.80751778874796,11
25042007,transverse,3,28,3.1056954104073706,-0.16093008852389912,0.5423598052150198,0.7134706674953157,-0.17111086228029593,18.34131088368227,17.947448876034137,0.3938620076481314,1.671313787482179,52.82403799613533,-51.152724208653154,0.02580495057728993,0.0009183144972551016,0.02488663608003483,710.7671386057154,19543.902366433464,-18833.135227827748,64.76717645617373,57522.81833078931,-57458.05115433314,4.618527782440651e-14,0.21784280337083217,1.9984014443252818e-14,5.759442797005612,-0.024003291114219394,-3.393142483114213,-0.03267311473859613,0.5168697279364558,-19.028777142465174,-0.03322321874142953,0.43751923100298984,0.06314797861021353,0.9214698945780344,1.8718198816499987,3.8199778868023286,11
25042007,transverse,2,29,3.1315003609846634,0.028547726334300694,0.5335402674038939,0.7602481230006424,-0.22670785559674844,18.35079982505366,18.904250153581494,-0.553450328527834,3.2862312561466993,33.929969865386184,-30.643738609239485,0.02580495057729082,0.00013671911155954675,0.025668231465731273,711.1348564721899,138270.72117381278,-137559.58631734058,127.34886843917026,248172.83756710414,-248045.48869866497,4.263256414560601e-14,0.14790612901622424,1.021405182655144e-14,2.51348527306061,-0.11589980762893859,1.467649111356197,0.005915660085526131,-0.8924310498198018,21.341822561027904,0.006345973989625442,0.8498984159482261,0.6055660728509488,9.053650806739439,1.7456650621360488,3.866616520846516,11
25042007,transverse,1,30,3.759687956726877,-0.023731716084095467,0.20827064198336587,0.8713648579955576,-0.6630942160121918,18.592088381682927,18.307988946747123,0.28409943493580414,1.965850502098826,54.784248633980454,-52.81839813188163,0.013973630406239446,0.00021575153406261371,0.013757878872176832,1330.5123894919438,84856.8193328995,-83526.30694340756,140.6828751690071,253922.869526765,-253782.18665159598,4.618527782440651e-14,0.5923379523998946,4.3076653355456074e-14,25.169059544761467,0.12347961298740273,-0.9450446263760017,-0.005915660085525132,0.4023126030091895,-8.194866543337753,-0.00600859919800667,0.6741105691687077,0.374744936732869,3.1869443248588896,0.6776238717432184,2.9162137370476584,11
25042007,transverse,0,31,3.7736615871331187,0.041046869437722844,0.2214663172081482,0.8165306695260053,-0.5950643523178571,18.586417712337393,18.26939371995633,0.3170239923810634,2.535559000802956,61.138883568651224,-58.60332456784827,0.013973630406238335,0.0001089057316026043,0.013864724674635731,1330.106577317212,167754.1985266774,-166424.0919493602,181.453131869796,561392.707885626,-561211.2547537562,2.842170943040401e-14,0.23254252129781605,5.1958437552457326e-14,26.714529205568077,-0.005670669345533952,0.5697084987041301,-1.1102230246251565e-15,0.03292455744525924,-5.784926435966639,0.00010684580245889919,0.851310070038645,0.6441483267214485,5.7142308721501625,0.7148285744028502,2.9784200728271433,11
25042008,dephasing,31,32,0.4371725369515931,-0.011900053511783748,0.07118075690659195,0.3101373974619635,-0.23895664055537155,9.031799793844957,8.608069485003755,0.42373030884120233,2.1132665563799957,25.173539882130818,-23.06027332575082,0.06506036407455812,0.0005630882754175393,0.06449727579914058,138.82184525580985,15287.246886148941,-15148.425040893131,32.48162819928623,44706.20501459424,-44673.72338639495,8.881784197001252e-15,0.2169240897575797,2.6645352591003757e-15,5.663068750171032,0.0013836703988374666,-0.6243116530860986,0.05339170307383606,0.43943710281530457,-7.01492360228837,0.05293544456761598,0.4889024494781432,0.12719905874195261,2.3765558868146335,2.08933965149954,4.322470788673095,11
25042008,dephasing,30,33,0.502232901026152,0.10028047167574558,0.08031419894910254,0.47094081992952846,-0.39062662098042594,9.03041612344612,9.046122917420222,-0.01570679397410224,2.7375782094660943,18.782927932928544,-16.04534972346245,0.011668661000722058,0.00010682976919745846,0.0115618312315246,773.9033744220795,84677.92250584994,-83904.01913142786,234.60945598614038,175821.10374320083,-175586.49428721468,3.9257486150745535e-13,0.9152675021022709,2.398081733190338e-14,21.411215709526044,-0.0034610381128601375,-1.0007579150369068,-0.02669585153691792,-0.38023289334482513,-0.6294855431281725,-0.026208689285267137,0.5515743828930193,0.19308890016044875,4.756441984356148,2.7378924685875043,4.963207673111015,11
25042008,dephasing,29,34,0.5139015620268748,0.35701484166523456,0.030198753708740693,0.3419319814058995,-0.3117332276971588,9.035954529273,8.730632639372757,0.30532188990024345,5.3634056926260065,13.134860727543742,-7.771455034917736,0.011668661000721836,0.0006248957662789434,0.011043765234442893,774.378013785303,13971.342278986644,-13196.96426520134,459.6419154086506,21019.282632938422,-20559.64071752977,3.907985046680551e-13,0.39495189713679757,1.1546319456101628e-14,8.332741884076574,0.0025534173142727212,-1.9377043957706626,-0.0009008250059385214,0.3034304384560462,2.2890326922199797,-0.00043769161691673,0.7429760047317844,0.38992606907666316,20.31954565461222,8.446574969080759,7.218814145366913,11
25042008,dephasing,28,35,0.5794405824352507,-0.1319594921228615,0.021917881453650152,0.36814649870715704,-0.3462286172535069,9.036386100471336,9.01689640360884,0.019489696862496686,11.864641967327243,15.940267698140225,-4.075625730812982,0.013470311012598657,0.0020692285414040112,0.011401082471194646,670.8372280357661,4357.612618996016,-3686.7753909602498,880.7994081376705,7703.483389671615,-6822.6839815339445,1.4210854715202004e-14,0.05833162440439388,1.5987211554602254e-13,10.451177323774258,0.01394088434738272,6.025263732345254,0.0009008250059383549,-0.19935985022970293,2.4488993597004667,-0.0007495457878363976,0.8456033348963988,0.4973474556698083,97.91197275844213,42.85775625442251,14.03097821129211,11
25042008,dephasing,27,36,0.5929108934478503,0.07986526503537116,0.16712447763225186,0.3751174035329492,-0.20799292590069735,9.008935902974907,8.87655869869075,0.13237720428415578,6.315350777337972,11.592945923447134,-5.277595146109162,0.013470311012598768,0.00021281972897957413,0.013257491283619194,668.7993985104619,41709.28485461373,-41040.48545610327,468.8348154271443,54473.07906570915,-54004.244250282005,3.552713678800501e-15,0.3480516151569706,7.194245199571014e-14,11.393733877677239,-0.01546123651183251,-1.0384150763142372,-0.013311517857687027,0.0449376277578164,0.9063238026198555,-0.01206717901050594,0.55902679623034,0.08405949438477307,10.727943501036552,29.155711939786944,11.29704482848408,11
25042008,dephasing,26,37,0.633004240175824,-0.06200798819571282,0.15639154547683531,0.37683036929512603,-0.22043882381829072,9.012408178502142,8.85701872231196,0.15538945619018207,2.842889739977176,11.135101906622229,-8.292212166645053,0.040093346727972934,0.0008450886109173106,0.03924825811705562,224.78562938758685,10480.579915398472,-10255.794286010885,70.90677062370814,13176.253664731692,-13105.346894107985,2.1316282072803006e-14,0.982414832986489,3.241851231905457e-14,8.851808305966902,0.004026456072249829,-1.4600514219317464,0.014346207045098647,0.0050917272632711175,2.077581177526829,0.014586074142309946,0.36597936222839844,-0.09069867908889301,-5.472777632522998,13.554799706190574,7.76789631706887,11
25042008,dephasing,25,38,0.7028040280686222,0.02841511238501182,0.1704081926254481,0.3008819924062279,-0.13047379978077983,9.007827541884875,8.83960928831521,0.16821825356966613,2.2905315464798734,17.752523088714476,-15.461991542234603,0.038023968353149806,0.0019570916872776456,0.03606687666587216,236.89867028670326,4516.706777601864,-4279.808107315161,60.23915034870714,9070.869394682575,-9010.630244333868,1.2434497875801753e-14,0.5803158171036031,1.0658141036401503e-14,0.525541841188808,-0.004457817901542427,0.5029628418865542,-0.0010346891874116193,0.21493010940959767,-2.4101318927225783,-0.0014151736804056958,0.2928904257072916,-0.10463980792640756,-6.399692960976523,11.646227726396036,7.820438448776706,11
25042008,dephasing,24,39,0.7408279964217725,-0.26032414825458744,0.15717491189137717,0.3359923918167578,-0.1788174799253806,9.012162541070692,9.260975708940737,-0.24881316787004515,0.7322476692094626,18.543754801588463,-17.811507132379,0.03802396835314992,0.0023081257776498276,0.03571584257550009,237.01267730316007,4012.335808826856,-3775.323131523696,19.2575288935828,8034.117976217927,-8014.860447324344,1.0658141036401503e-14,0.4013725405634734,7.438494264988549e-15,2.8828473882153993,0.006415345360204938,-1.5730502154868398,-0.0121924560105994,-0.2966963449369402,-7.545075212752904,-0.012274743433398183,0.11268392341310901,-0.11568363947117559,-4.884993831865318,5.421180480928005,6.498244354919885,11
25042008,dephasing,23,40,0.9369852766340963,0.15953155262010954,0.18220769594793892,0.4266676472860113,-0.24445995133807238,9.0036668495361,9.076118748971975,-0.07245189943587604,2.3200642229127317,7.390936519930319,-5.070872297017587,0.06240888037434883,0.002494585022424445,0.059914295351924385,144.2690013909746,3638.328085587177,-3494.0590841962025,37.17522584920975,2962.7919888443785,-2925.6167629951688,7.105427357601002e-15,0.2594888909564972,2.6645352591003757e-15,3.0497752928896853,-0.007426788856633948,0.3691459502375667,0.021842398943136665,-0.040747764619777804,15.184891089351527,0.02109953691754457,0.3455157333111848,-0.19586520768826166,-8.83123934529339,14.213937343733047,6.714786040794246,11
25042008,dephasing,22,41,0.9993941570084457,0.24946376320893518,0.16383454545360537,0.3312515780540183,-0.1674170326004129,9.010024735714774,8.824619837476925,0.18540489823784867,3.1695888761408675,25.869608516500097,-22.70001964035923,0.04310899450927441,0.0011953202160148724,0.04191367429325954,209.00568056108034,7382.640834853184,-7173.635154292104,73.52500127227431,21642.408594700973,-21568.883593428698,1.0658141036401503e-14,0.026580830244437692,8.881784197001252e-16,17.89540771454778,-0.0004963687516550408,1.0328800360605608,-0.009649942932537237,0.04141145853915695,-15.727093577642197,-0.008471710798106963,0.43421936332517325,-0.17741799236439196,-9.453337345319516,19.499630989075463,7.2995106709860496,11
25042008,dephasing,21,42,1.0425031515177205,0.09993118714280919,0.13961065361208053,0.2288936674241919,-0.08928301381211137,9.017375359396759,8.6569365805635,0.3604387788332595,1.9533534572478817,10.828333285664362,-8.87497982841648,0.04310899450927447,0.0022525196784658474,0.04085647483080862,209.17619309020907,3843.2235080226205,-3634.0473149324116,45.31196979849849,4807.209184089949,-4761.897214291451,0.0,0.027196405734578377,7.105427357601002e-15,1.756217789875052,0.0016579512245229466,-0.8309193014610408,-0.013580968692633977,0.25682117104203517,6.2764181074486185,-0.01383602119859667,0.36368627991879937,-0.13757153156680318,-3.9685915938422758,7.784181322784539,5.370984733556657,11
25042008,dephasing,20,43,1.1127740834122632,0.00981036615467612,0.12432382462368127,0.35717371735590353,-0.23284989273222226,9.021410080629698,8.999579763285098,0.021830317344599948,2.3989566412769774,10.001732872647946,-7.602776231370968,0.07027093189454248,0.0027996141289914345,0.06747131776555104,128.38039623792633,3214.578634280293,-3086.198238042367,34.13867692657268,3572.539790064242,-3538.401113137669,1.0658141036401503e-14,0.46237533555953014,8.43769498715119e-15,1.269363172538462,-0.0012940067525271104,-1.281461560080519,0.02749906105676711,-0.36030400825163955,-0.5916927418907827,0.027725042475710865,0.4078010022812333,-0.11543097115913806,-3.994574902639063,9.749567869366,5.882664897480023,11
25042008,dephasing,19,44,1.3174214426948003,-0.026091834921630655,0.09398765148177947,0.31799599972439097,-0.2240083482426115,9.028032815367691,8.624202943008472,0.4038298723592195,5.407482945467111,10.554670096011002,-5.147187150543891,0.042434747166276265,0.003798671417404531,0.038636075748871734,212.75095100701927,2270.3208557325074,-2057.569904725488,127.43054469674193,2778.516206390537,-2651.085661693795,7.105427357601002e-15,0.5631617643940849,2.6645352591003757e-15,9.436601293022061,0.0031317083391648737,1.938721322247928,-0.01391809236413305,0.2493978906348593,10.189151085693538,-0.01588561074204453,0.8112323471441858,0.2332220140730301,10.362614434067197,18.87825737145044,6.665763470235489,11
25042008,dephasing,18,45,1.3598561898610773,-0.023406404727072616,0.09205629023267764,0.3689244632250702,-0.2768681729923926,9.028392133427356,8.741358487323236,0.2870336461041205,4.538566605161388,27.60846684626528,-23.06990024110389,0.042434747166276154,0.000862691949994665,0.04157205521628149,212.7594185503342,10132.653361813906,-9919.89394326357,106.95401547645578,32002.694410717537,-31895.740395241082,1.0658141036401503e-14,1.1936737122262162,3.552713678800501e-15,5.556619373239791,-0.0011440848306776275,-0.08625956894456355,0.0016676368096572025,-0.0008130314780672165,-15.01132833031128,0.004951742742715315,0.7829483600656659,0.21615333657200728,7.263285788660701,13.335301040825458,5.796763664950697,11
25042008,dephasing,17,46,1.4798216985211956,0.4851571913439908,0.07633395607713325,0.38824145953403155,-0.3119075034568983,9.031039621148379,8.859176138343223,0.17186348280515595,3.8421694027447915,14.812126073786121,-10.96995667104133,0.03909947354696164,0.004494924348701024,0.034604549198260615,230.97599025985267,1970.9288635532682,-1739.9528732934155,98.26652520346686,3295.3004154712053,-3197.0338902677386,0.0,0.4770473624219509,1.0658141036401503e-14,5.149791244843664,0.0008674331870075491,-0.08643634852400872,-0.001667636809657369,-0.11321929956052479,7.119027395248541,-0.005520298705798621,0.7563399916310835,0.21898124592986123,5.651006566176594,9.111259153211703,5.079950082315459,11
25042008,dephasing,16,47,1.5189211720681575,0.15112775228269384,0.07010172254211504,0.34864651771176103,-0.278544795169646,9.031952242495386,8.748820323868145,0.28313191862724096,3.3186448973762124,16.426712788852065,-13.108067891475851,0.03909947354696186,0.00042183295512487895,0.03867764059183698,230.99933127353307,20740.011460883026,-20509.012129609495,84.87697138403237,38941.274239678874,-38856.397268294844,1.7763568394002505e-15,0.20807089563011516,7.549516567451064e-15,2.720545968563103,0.018883524888821057,-2.826327088141931,0.016915686151287912,0.11868424850895831,0.9787490335857729,0.01880455742302195,0.7205653945360627,0.17857231956132055,3.787816281496913,7.225587673384243,4.605612374034317,11
25042008,dephasing,15,48,2.0169676978536613,-0.4881605776222302,0.2043738729240066,0.2942200411116324,-0.08984616818762581,8.99509781406475,8.83806595663334,0.15703185743140935,8.447774568291496,25.651451747373414,-17.203677179081918,0.0052681012443862585,0.00012648410501681084,0.005141617139369448,1707.4648714562986,69874.91397008883,-68167.44909863254,1603.5710356351883,202803.7573888364,-201200.18635320122,3.197442310920451e-14,0.5143486983969972,7.815970093361102e-14,4.229013252248851,-0.01798740853931946,2.024946864046779,-0.016915686151288023,-0.10378069684982805,-3.1203330049540767,-0.01668442808690851,0.6901482082065031,-0.12484339591647044,-18.705334378708926,90.07022953538085,12.240522351343628,11
25042008,dephasing,14,49,2.022235799098048,-0.40439366828096146,0.20651462729322367,0.44343635840669754,-0.23692173111347387,8.994218202712753,8.75572501277752,0.23849318993523383,9.527010511113222,24.585630967893053,-15.058620456779831,0.005268101244386703,0.0002936513836677701,0.0049744498607189325,1707.2979021229564,29816.73337757376,-28109.435475450806,1808.4334505272648,83723.87237142607,-81915.4389208988,3.197442310920451e-14,0.3101349057618208,2.291500322826323e-13,1.9629290888557875,0.006983136193642991,-0.3234632289069186,0.0012330358842996825,0.16512625928137403,-1.3714582169526341,0.0010367581774007872,0.7190792089992846,-0.11436012728868958,-20.074024727557386,110.8379540064216,13.248902752134537,11
25042008,dephasing,13,50,2.1222454157296458,-0.01074244637513383,0.2397794299461018,0.35269631665593915,-0.11291688670983735,8.979372318973471,8.989670315097161,-0.010297996123689757,11.253172911748784,21.42382021232126,-10.170647300572476,0.0028020294757877817,6.82632485209389e-05,0.002733766227266843,3204.595953241694,131691.21760063458,-128486.6216473929,4016.0794199300813,313841.205575644,-309825.1261557139,7.283063041541027e-14,0.3514760141061988,3.3928415632544784e-13,7.027444729879701,-0.007030336072389787,1.336904368021429,-0.0012330358842992384,-0.05676496714843893,8.986256342743626,-0.00108588503247109,0.8183418479144234,0.0777747219149069,14.706825189595492,111.92707539212499,13.75118838224895,11
25042008,dephasing,12,51,2.125047445205434,-0.07178554570513895,0.24141123963019845,0.2869362378955522,-0.04552499826535378,8.97858710737897,9.124146355264706,-0.1455592478857355,10.305526576341489,33.56071340619386,-23.255186829852374,0.0028020294757873376,0.0001371768170304044,0.0026648526587569332,3204.315723643875,66513.76342434301,-63309.44770069913,3677.8794318163823,244652.95326655183,-240975.07383473546,7.993605777301127e-14,0.555086932755918,3.2862601528904634e-13,16.220188443406958,-0.019486099114914168,2.5586883607610202,-0.0030970595804837853,-0.11775441945657938,-11.026766909011641,-0.002999284983736028,0.8113442302398414,0.09368496379110636,15.11471505920612,91.08916295647113,12.701793138154079,11
25042008,dephasing,11,52,2.317247640559139,-0.11615828360538843,0.1417476630652514,0.4272473849210421,-0.28549972185579064,9.016774094014298,9.06208575474892,-0.04531166073462245,4.240503519412153,18.526696060521143,-14.28619254110899,0.008996148636754464,0.0004016395790353844,0.00859450905771908,1002.2926985861002,22562.730935315896,-21560.438236729795,471.3687701965312,46127.665268987206,-45656.296498790674,4.796163466380676e-14,0.7291572806975157,1.794120407794253e-13,7.82458791612328,0.019447821739088766,-3.661690205221422,0.0030970595804835632,-0.06846665214629866,3.9050078092162455,0.003318775960554854,0.4508298258818043,-0.20810265927442756,-18.41141661640262,36.39328671454867,9.405995956717838,11
25042008,dephasing,10,53,2.3262437891958943,-0.06268474938981991,0.14422571486150126,0.41825405207828703,-0.27402833721678577,9.016065437171449,8.82419620646236,0.1918692307090879,5.49886087292566,18.62607474372376,-13.127213870798098,0.008996148636754464,0.0011095351011829457,0.007886613535571518,1002.2139252274704,7953.057273315937,-6950.843348088467,611.246111525952,16787.27849516912,-16176.032383643169,4.263256414560601e-14,0.31196849731459864,2.255973186038318e-13,11.461922908508148,0.013960755188245244,-1.1826243874403808,-0.000652848605852685,0.13744319916838332,1.9755665171277563,-0.00011881743488806329,0.5215185279117484,-0.19830300793718356,-22.04627807170043,52.28374897149435,10.54394154498052,11
25042008,dephasing,9,54,2.430499464494541,0.5189365950023415,0.22233133842676334,0.3481927762314271,-0.12586143780466374,8.987435269952108,8.833271546136077,0.1541637238160316,9.12246700131993,25.041835236062646,-15.919368234742716,0.010301845848459834,0.0028854929652597505,0.007416352883200084,872.4101876651323,3061.2694789019906,-2188.8592912368586,885.5177155153971,8678.529297266332,-7793.011581750935,5.329070518200751e-15,0.585921407547449,1.1191048088221578e-13,11.010928025412156,-0.01340556105622781,2.425236231571038,0.000652848605852907,0.1858566073211403,-0.3979375020692206,-0.0011583819492807512,0.9111892982530589,0.3141373266502205,31.486683946453084,51.732720243718944,10.011604634525085,11
25042008,dephasing,8,55,2.4408013103430015,0.22967353616464334,0.2263852229134051,0.3238423787392538,-0.09745715582584871,8.985616224845224,9.240871222564529,-0.25525499771930527,7.895600666572122,25.811248261121015,-17.915647594548894,0.01030184584845939,0.0010389897190692388,0.009262856129390151,872.2336129878119,8894.093033800957,-8021.859420813144,766.4258214223702,24842.640680067154,-24076.214858644784,5.329070518200751e-15,0.21655681007498018,6.217248937900877e-14,4.465954964696902,-0.022456084366220708,-9.814567414874027,0.00021764719006345246,-0.4005786033833987,-12.758978923999463,0.0007405370436971426,0.9001572726531603,0.34613632275831263,26.63058681312583,35.70992307284776,8.77135685778583,11
25042008,dephasing,7,56,3.3017231941415783,0.1025638918723383,0.0903169171749238,0.3257410696901816,-0.23542415251525778,9.02870934847078,8.892225860958625,0.13648348751215522,26.297869161572365,20.69183826792851,5.6060308936438545,0.009866551468332041,0.00023826618014610723,0.009628285288185934,915.0825774790288,37320.55407740126,-36405.471499922234,2665.355696565182,86843.3709527725,-84178.01525620732,1.7763568394002505e-14,0.10542328434744519,1.1013412404281553e-13,5.171017519964703,0.021526431189817785,5.0497652390559935,-0.00021764719006356348,0.2947749046204198,11.03606927873162,0.001235789895043915,0.9293960642220466,-0.03402913673843007,-27.245224732722022,718.8231471718915,28.295653676546273,11
25042008,dephasing,6,57,3.3115897456099117,0.3033533470221549,0.09009375273602838,0.3104277623987983,-0.22033400966276995,9.028749609716701,9.090077446213925,-0.06132783649722384,34.60060717846062,27.54503635408726,7.055570824373362,0.009866551468331819,0.0023444168114379327,0.007522134656893886,915.0866580583735,3877.329919264052,-2962.2432612056787,3506.8592394735356,11749.206122264877,-8242.346882791342,3.552713678800501e-15,0.7081323544732001,2.6290081223123707e-13,0.44984194307863845,0.010099377613773441,3.9340302017471913,0.0003105472347375571,-0.05714759123122448,0.0869715764506509,-0.0012743972538895587,0.9456967525342922,-0.025713752544849575,-34.42144553669414,1231.62346265482,36.58742306742324,11
25042008,dephasing,5,58,3.373146263657849,-0.4393081578483038,0.16815284197328084,0.3776050228045654,-0.20945218083128458,9.008591115735076,9.15343509377923,-0.14484397804415394,35.035284791854494,26.704117189652926,8.331167602201567,0.009245456998856483,0.0012806784654755266,0.007964778533380956,974.380294759826,7147.332715070276,-6172.95242031045,3789.4594930448334,20851.53917204149,-17062.079678996655,1.5987211554602254e-14,0.252654580286487,6.181721801112872e-13,14.937329516384494,-0.01067609032453909,4.415831079416108,-0.0003105472347376681,-0.04926288410451285,0.3379232001073582,0.0003181277106520941,0.9316611234383747,-0.0036964861933472077,-5.227384497253752,1232.698564943586,37.605180585998404,11
25042008,dephasing,4,59,3.3823917206567065,-0.36933778293540875,0.16456515912012493,0.45048118662561326,-0.28591602750548833,9.009784802402528,9.139619153784587,-0.12983435138205834,26.63830024641615,17.707382266601094,8.930917979815057,0.009245456998856483,0.0014742900102926448,0.007771166988563838,974.509405377895,6199.336012573525,-5224.8266071956305,2881.2313171442893,12010.786305935966,-9129.554988791677,1.7763568394002505e-15,0.2769528652566251,3.232969447708456e-13,1.351296270534604,-0.004714490355519629,1.7592357065185595,0.000715426476967318,-0.15214716668748807,7.497388288606169,0.0005108426440945113,0.9057675325602231,-0.011944536584139666,-10.331153771891422,719.9301937900897,29.40964352202004,11
25042008,dephasing,3,60,3.4117026747017047,0.3463754983756682,0.1282927286237831,0.37276841510715863,-0.24447568648337553,9.02040746978102,8.830937861126007,0.1894696086550134,14.722844287940688,20.18695250772448,-5.4641082197837925,0.007814604044921847,0.0012587338893641498,0.006555870155557697,1154.3012823078016,7015.730597026319,-5861.429314718517,1884.016669725962,16037.506162578917,-14153.489492852954,5.329070518200751e-15,0.14552539599912961,3.375077994860476e-14,7.896778668655294,0.005487500971291581,-6.947418147838732,-0.000715426476967429,0.24504728246681395,-2.4423736415655704,-0.0011529680212089,0.7858010219634727,-0.15628943393119377,-54.86405175361588,271.62619568056397,18.736097149826662,11
25042008,dephasing,2,61,3.4195172787466275,-0.08561381379977806,0.1296586240164026,0.34193338478023844,-0.21227476076383583,9.020055135216928,9.001376131458471,0.018679003758457213,16.70222462514269,31.67661176139419,-14.9743871362515,0.007814604044922069,0.00016809467995271277,0.007646509364969356,1154.2561956262086,53549.44091026959,-52395.18471464339,2137.309136730453,188445.05828682525,-186307.7491500948,1.2434497875801753e-14,0.1529991592953035,3.375077994860476e-13,8.60184047065195,0.012526978488100582,-0.22450684313142233,0.0009378789667877641,-0.3101379314978576,-12.853597424145088,0.0014562667936640628,0.8142214615800437,-0.13743200949844547,-57.829767459071434,336.7940748877993,20.513122551119213,11
25042008,dephasing,1,62,3.537365841028361,0.2513103522083898,0.20546934156248509,0.46442943725047703,-0.25896009568799194,8.994648843676636,8.52648458181902,0.4681642618576163,19.130618648607538,17.90808985303657,1.222528795570966,0.005938846111346763,0.00011423112429387317,0.00582461498705289,1514.544858552818,74642.39395809169,-73127.84909953887,3221.268625239601,156770.66967288073,-153549.40104764112,8.881784197001252e-15,0.4810916956847304,3.517186542012496e-13,5.146836860129799,-0.012921468082524257,2.156913474799296,-0.0009378789667883192,0.3594461635825237,13.33604115350597,-0.0009534937241547636,0.9823647090634693,0.07966102187103273,30.21053370253719,335.77003617592186,19.47404917145874,11
25042008,dephasing,0,63,3.5433046871397096,0.11554973556550285,0.20440402563882165,0.34626909280338847,-0.14186506716456682,8.995085488301392,8.796328295509664,0.198757192791728,17.245185722473792,26.4978233020923,-9.252637579618508,0.005938846111348095,2.9138053902144634e-05,0.00590970805744595,1514.6183820310412,301884.5501848094,-300369.9318027784,2903.7940029328697,909388.9177046925,-906485.1237017596,1.9539925233402755e-14,0.26267349834193787,3.907985046680551e-14,3.5803290103967917,0.0004366446247558997,-1.8854329261337455,1.3322676295501878e-15,-0.2694070690658883,-10.475166375189474,8.50930703930608e-05,0.9799733603766703,0.08670065908722528,26.84909247585722,270.5473381267588,17.597606649067846,11
25042008,transverse,31,32,0.4371725369515931,-0.011900053511783748,3.1983795848948975e-15,0.18467006905781252,-0.18467006905780933,2.4015500745143035,2.3466198350546716,0.054930239459631824,2.4595378432192927,4.9906814285477346,-2.531143585328442,0.06506036407455812,0.0005630882754175393,0.06449727579914058,36.912644260062336,4167.410222339676,-4130.497578079613,37.80393605545616,8863.053354906142,-8825.249418850686,1.3322676295501878e-15,0.1099386464335117,1.3766765505351941e-14,0.7855048865284662,-8.881784197001252e-16,-10.383552469753075,0.05339170307383606,0.054385278927116865,-9.91674618484688,0.05293544456761598,0.8406279761205845,0.41921596530263167,3.5886999912882467,2.4606264109396006,2.9258339159372566,11
25042008,transverse,30,33,0.502232901026152,0.10028047167574558,7.83384470377114e-14,0.24048540720315253,-0.2404854072030742,2.4015500745143044,2.4010051139817894,0.0005449605325149598,12.843090312972368,5.457487713453929,7.385602599518439,0.011668661000722058,0.00010682976919745846,0.0115618312315246,205.81196714564732,22475.056644032426,-22269.244676886778,1100.648164530415,51085.83267054148,-49985.184506011065,4.440892098500626e-16,0.17748045116908528,2.469136006766348e-13,2.6590721005027556,4.440892098500626e-16,6.8169179227498455,-0.02669585153691792,-0.06127595792704166,6.423580771944141,-0.026208689285267137,0.965969576275736,0.2356805169362577,41.661591719645,123.28337706752177,13.295543284591387,11
25042008,transverse,29,34,0.5139015620268748,0.35701484166523456,7.784424734892254e-14,0.2112898811180863,-0.21128988111800845,2.4015500745143044,2.332838477054823,0.06871159745948141,9.592806937225753,5.137619696748715,4.455187240477038,0.011668661000721836,0.0006248957662789434,0.011043765234442893,205.81196714565124,3733.1641578340946,-3527.3521906884434,822.1000624349556,8221.562657307817,-7399.462594872862,7.105427357601002e-15,0.07308425993326395,1.3322676295501878e-13,2.006305229499909,-8.881784197001252e-16,2.7096249527855525,-0.0009008250059385214,0.046590979244885755,3.4129945482555266,-0.00043769161691673,0.7346534582064554,-0.17720939053232462,-30.214338154488246,122.23628308937715,13.057594475421451,11
25042008,transverse,28,35,0.5794405824352507,-0.1319594921228615,5.2876348010660795e-15,0.20032562791767242,-0.20032562791766712,2.4015500745143066,2.3578537986176302,0.04369627589667635,0.9232736559080326,6.224490870983449,-5.301217215075416,0.013470311012598657,0.0020692285414040112,0.011401082471194646,178.28467897052704,1139.484475222723,-961.1997962521959,68.54137629372501,3008.1215034662205,-2939.5801271724954,5.329070518200751e-15,0.13581218383772464,1.7763568394002505e-15,3.4733092582787215,3.1086244689504383e-15,-4.6134020139611005,0.0009008250059383549,-0.07273158857150608,-6.649445945505417,-0.0007495457878363976,0.26512971479012526,-0.18460012292440486,-2.238597757324055,3.09103200101784,3.482346958502519,11
25042008,transverse,27,36,0.5929108934478503,0.07986526503537116,4.531137516022746e-15,0.18670168580371466,-0.18670168580371013,2.401550074514302,2.2374059430374187,0.16414413147688345,1.4805444025125136,3.2392741821295497,-1.758729779617036,0.013470311012598768,0.00021281972897957413,0.013257491283619194,178.28467897052525,10513.150983535737,-10334.866304565212,109.91167175930548,15220.741975667333,-15110.830303908027,3.552713678800501e-15,0.1209367954168914,2.1316282072803006e-14,1.679550500896347,-2.220446049250313e-15,0.4102987615325939,-0.013311517857687027,0.1363006014020265,1.581346261712954,-0.01206717901050594,0.4312165614710273,-0.06541899569817773,-0.7711802197182767,2.963191947529383,3.433412662681275,11
25042008,transverse,26,37,0.633004240175824,-0.06200798819571282,7.813605582270479e-15,0.18814961218933593,-0.1881496121893281,2.4015500745143026,2.389559290261265,0.011990784253037567,1.217217626051807,2.59615249363637,-1.378934867584563,0.040093346727972934,0.0008450886109173106,0.03924825811705562,59.89896754712055,2827.584302275109,-2767.6853347279884,30.359591438211375,3072.0476647038804,-3041.688073265669,0.0,0.02589271420384298,1.532107773982716e-14,0.0735092539329476,-8.881784197001252e-16,-0.8030368695400725,0.014346207045098647,-0.1022909644948673,-0.03593880915372516,0.014586074142309946,0.2455161460480207,-0.2063603367756612,-5.072272493088443,6.553891242259657,4.957790539013013,11
25042008,transverse,25,38,0.7028040280686222,0.02841511238501182,6.479135691076604e-15,0.1900598368080015,-0.19005983680799504,2.4015500745143052,2.337130708495379,0.06441936601892628,2.5599645886712454,3.487226925915885,-0.9272623372446396,0.038023968353149806,0.0019570916872776456,0.03606687666587216,63.158848971516335,1194.1855988087996,-1131.0267498372832,67.32502417673574,1781.8413662400706,-1714.5163420633348,1.3322676295501878e-15,0.09200139098827886,4.440892098500626e-15,1.9534509374603886,1.7763568394002505e-15,1.04593190097012,-0.0010346891874116193,0.03483116367940409,1.3060678950451812,-0.0014151736804056958,0.8196617002335932,0.35833968939821154,3.495373131078365,3.0580455641723576,3.123196543088063,11
25042008,transverse,24,39,0.7408279964217725,-0.26032414825458744,3.4496107781796028e-15,0.2643353874908277,-0.26433538749082425,2.4015500745143044,2.3543644540882975,0.047185620426006825,1.8108477493504438,4.898573346345522,-3.087725596995078,0.03802396835314992,0.0023081257776498276,0.03571584257550009,63.15884897151613,1020.0329968523426,-956.8741478808265,47.6238495817187,2122.316467230539,-2074.69261764882,3.1086244689504383e-15,0.08701709751719555,1.4210854715202004e-14,3.407662425528538,-4.440892098500626e-16,0.2538763956341632,-0.0121924560105994,-0.003517834615568427,-0.25383271195600265,-0.012274743433398183,0.7352763537393562,0.34990885149975665,2.122352930429666,1.156816640897929,2.4628124379916727,11
25042008,transverse,23,40,0.9369852766340963,0.15953155262010954,2.5344714008033307e-15,0.18630812529792515,-0.18630812529792262,2.4015500745143044,2.36456253045008,0.03698754406422422,0.5539781187613156,5.294501551594827,-4.740523432833512,0.06240888037434883,0.002494585022424445,0.059914295351924385,38.48090303990431,947.8781076589653,-909.397204619061,8.8765912068663,2122.3977150512956,-2113.5211238444294,3.9968028886505635e-15,0.051254820089318365,1.3322676295501878e-15,2.988312584589558,0.0,-1.8095838658192833,0.021842398943136665,0.002493205054096448,-0.97290024354783,0.02109953691754457,0.31527732408685333,-0.12534550915744191,-0.38699782968449536,0.693889585750822,1.7571137422135212,11
25042008,transverse,22,41,0.9993941570084457,0.24946376320893518,9.055121041367155e-15,0.1810686725497378,-0.18106867254972875,2.4015500745143044,2.3797470169200556,0.02180305759424872,2.9162762198107544,7.36379700138704,-4.447520781576285,0.04310899450927441,0.0011953202160148724,0.04191367429325954,55.70879353258026,1990.8866135084645,-1935.1778199758842,67.64890373825236,6160.522429661156,-6092.873525922903,1.3322676295501878e-15,0.18169699278475004,3.552713678800501e-15,1.2185119906581283,4.440892098500626e-16,1.1482770796771566,-0.009649942932537237,0.025877539106652803,-2.0398006462802076,-0.008471710798106963,0.7267894377565173,-0.05366155033885498,-0.8639792541868196,9.368646244420512,4.012546231839624,11
25042008,transverse,21,42,1.0425031515177205,0.09993118714280919,8.8523337691201e-15,0.20704355209289765,-0.2070435520928888,2.4015500745143035,2.446686581603336,-0.045136507089032385,2.9820201615058797,3.056936999264524,-0.07491683775864422,0.04310899450927447,0.0022525196784658474,0.04085647483080862,55.70879353258017,1086.1998698585098,-1030.4910763259297,69.17396695170721,1357.118887124019,-1287.9449201723119,1.3322676295501878e-15,0.05935169229288917,7.105427357601002e-15,3.3009982621709946,-8.881784197001252e-16,1.1968246350457425,-0.013580968692633977,-0.056452977372787094,3.20518002102497,-0.01383602119859667,0.7687445726573597,-0.02943321805913545,-0.44288887715744707,9.335333120784997,3.879078002720427,11
25042008,transverse,20,43,1.1127740834122632,0.00981036615467612,2.274317145687136e-15,0.15856903580588338,-0.1585690358058811,2.4015500745143044,2.4007201915410437,0.0008298829732606983,0.6541148331095201,2.766787769100463,-2.1126729359909433,0.07027093189454248,0.0027996141289914345,0.06747131776555104,34.175583129001005,857.5182439181027,-823.3426607891017,9.308469597232156,988.2746841605643,-978.9662145633322,4.440892098500626e-16,0.0492813371628289,3.3306690738754696e-16,0.10548799561969835,1.3322676295501878e-15,-0.9214531073006775,0.02749906105676711,-0.00327816967333594,-0.2762979752236061,0.027725042475710865,0.3989226756354945,-0.08997993739484476,-0.24192248523560173,0.6697887001294976,1.6397033135995545,11
25042008,transverse,19,44,1.3174214426948003,-0.026091834921630655,1.9745049300444625e-15,0.2004870525164004,-0.20048705251639842,2.4015500745143026,2.348197462132077,0.05335261238222566,0.16911571931451544,3.766948803090546,-3.59783308377603,0.042434747166276265,0.003798671417404531,0.038636075748871734,56.59395271295176,618.1628269750425,-561.5688742620907,3.985312287872309,991.6490238748631,-987.6637115869909,4.440892098500626e-16,0.08003317426529666,9.43689570931383e-16,4.131128881561639,-8.881784197001252e-16,-0.37337170319855273,-0.01391809236413305,0.036989846517849756,0.27660509909723263,-0.01588561074204453,0.12465300841331499,-0.14891195369244253,-0.274089240302103,0.30268936682136893,1.356691839749059,11
25042008,transverse,18,45,1.3598561898610773,-0.023406404727072616,2.0051298201427005e-15,0.21271104354232373,-0.21271104354232173,2.4015500745143026,2.3696544257588115,0.03189564875549111,0.4308600119166161,6.0670634416721985,-5.636203429755582,0.042434747166276154,0.000862691949994665,0.04157205521628149,56.5939527129519,2746.8141157147297,-2690.220163001778,10.153471875968433,7032.711319155948,-7022.55784727998,3.552713678800501e-15,0.05512813248414439,5.551115123125783e-15,4.037053233294205,-8.881784197001252e-16,-0.12289091764610333,0.0016676368096572025,-0.060908661600806546,-3.4837445177825135,0.004951742742715315,0.25313679099724273,-0.17417245358773076,-0.504593100036872,0.6902334499056608,1.7020837240577638,11
25042008,transverse,17,46,1.4798216985211956,0.4851571913439908,1.993554540448809e-15,0.16825495113818162,-0.16825495113817962,2.401550074514305,2.269294066183935,0.13225600833036966,0.9383861398109234,1.6454708799810311,-0.7070847401701077,0.03909947354696164,0.004494924348701024,0.034604549198260615,61.42154501466237,504.8570098492831,-443.4354648346207,23.99996866156895,366.07309763879596,-342.073128977227,8.881784197001252e-16,0.035867978426293856,7.105427357601002e-15,1.7479118267124525,8.881784197001252e-16,0.3966775781737176,-0.001667636809657369,0.06855521514792562,4.386283905232742,-0.005520298705798621,0.61908394587454,0.10019711503794666,0.23020741180788307,0.6503611355813673,1.515765585691821,11
25042008,transverse,16,47,1.5189211720681575,0.15112775228269384,1.9764347445599943e-15,0.22214457276541671,-0.22214457276541474,2.4015500745143052,2.3060441369049083,0.09550593760939696,0.6525571113577955,5.203090972407912,-4.550533861050116,0.03909947354696186,0.00042183295512487895,0.03867764059183698,61.42154501466203,5466.723519081694,-5405.301974067032,16.689664902368,12334.481953567603,-12317.792288665236,3.1086244689504383e-15,0.021281075830934526,3.3306690738754696e-16,5.162514088798017,8.881784197001252e-16,0.0646474614291862,0.016915686151287912,0.016638969495702982,-1.6937653651631321,0.01880455742302195,0.5194338091018303,0.0854520052044131,0.13486488440050087,0.2909658991831288,1.2562854013799227,11
25042008,transverse,15,48,2.0169676978536613,-0.4881605776222302,1.8784648870111682e-15,0.184747071873687,-0.1847470718736851,2.4015500745143035,2.376072146617285,0.025477927897018304,0.2374331600462951,5.243885411650155,-5.006452251603861,0.0052681012443862585,0.00012648410501681084,0.005141617139369448,455.8663478750374,18785.539466018156,-18329.673118143117,45.069969051810894,41458.84900678387,-41413.77903773206,3.552713678800501e-15,0.11094438932910089,4.0245584642661925e-15,1.8770881197005735,-1.3322676295501878e-15,-0.22255777429331652,-0.016915686151288023,-0.03956829381863192,0.1770368276169041,-0.01668442808690851,0.20118406221312382,-0.1556860321004463,-0.2168429213267175,0.27321742681628663,1.1801787747717805,11
25042008,transverse,14,49,2.022235799098048,-0.40439366828096146,2.2563913517005357e-15,0.21994986896365792,-0.21994986896365568,2.4015500745143044,2.366963568692401,0.03458650582190348,0.2674247573214278,6.0838690547128405,-5.8164442973914126,0.005268101244386703,0.0002936513836677701,0.0049744498607189325,455.8663478749991,8060.454335779071,-7604.587987904071,50.76302540813462,20717.998937120552,-20667.235911712418,4.440892098500626e-16,0.19397994368012794,7.771561172376096e-16,3.4090263310995264,4.440892098500626e-16,-0.19772727728624023,0.0012330358842996825,-0.008658040343698659,0.055188708558570276,0.0010367581774007872,0.2237868062979873,-0.15149088253926815,-0.2163319970904108,0.28784799791883553,1.1949978720610273,11
25042008,transverse,13,50,2.1222454157296458,-0.01074244637513383,1.952943465418812e-15,0.19056438254602914,-0.1905643825460272,2.4015500745143044,2.3405389100801184,0.06101116443418597,0.6928709091690409,7.429684669465146,-6.736813760296106,0.0028020294757877817,6.82632485209389e-05,0.002733766227266843,857.0752360979773,34286.95470538861,-33429.87946929064,247.27466829171826,108838.72113390829,-108591.44646561657,4.440892098500626e-16,0.2752207605852237,4.440892098500626e-16,2.445930634431626,0.0,0.2064685263762716,-0.0012330358842992384,0.0529789016251645,0.576468046511331,-0.00108588503247109,0.6425140677262832,0.2028482943981211,0.2358906534801601,0.24417944329257293,1.0783746908779124,11
25042008,transverse,12,51,2.125047445205434,-0.07178554570513895,1.7398981238853369e-15,0.1460332674131686,-0.14603326741316686,2.401550074514305,2.4200720547181653,-0.018521980203860533,0.7053800082641108,9.515499324487573,-8.810119316223462,0.0028020294757873376,0.0001371768170304044,0.0026648526587569332,857.0752360981132,17641.99014897518,-16784.914912877066,251.7389679014377,69366.67237568663,-69114.9334077852,8.881784197001252e-16,0.13374415852239085,1.6653345369377348e-15,3.323959738243757,8.881784197001252e-16,0.20374266224861504,-0.0030970595804837853,-0.08966723789105546,-0.7139209252477432,-0.002999284983736028,0.6436178246672375,0.1990779691898084,0.23911860541332303,0.258442350645355,1.0959609588637578,11
25042008,transverse,11,52,2.317247640559139,-0.11615828360538843,1.2363483132390755e-15,0.16700981200158765,-0.1670098120015864,2.4015500745143035,2.3202707235740996,0.08127935094020389,0.3104037828619507,9.765986804517283,-9.455583021655332,0.008996148636754464,0.0004016395790353844,0.00859450905771908,266.95313422263655,5776.997200192972,-5510.044065970335,34.50407450959313,24315.299871522126,-24280.79579701253,1.7763568394002505e-15,0.047297938228162195,1.3877787807814457e-15,8.745239578236081,-2.220446049250313e-15,-0.19413775297580893,0.0030970595804835632,0.04969386083973637,-0.13378061921354956,0.003318775960554854,0.3613272646245262,0.011965132489013198,0.008830190152292083,0.08752031826271761,0.8590654878604534,11
25042008,transverse,10,53,2.3262437891958943,-0.06268474938981991,1.1092300232212984e-15,0.17192919906563375,-0.17192919906563264,2.4015500745143066,2.319857114109511,0.08169296040479557,0.3037030634114084,10.137188552071514,-9.833485488660106,0.008996148636754464,0.0011095351011829457,0.007886613535571518,266.9531342226369,2090.837064673451,-1823.8839304508142,33.75923138604068,9136.428889238037,-9102.669657851997,2.6645352591003757e-15,0.23656065721222097,2.831068712794149e-15,3.415100533813174,3.1086244689504383e-15,-0.14438772576572706,-0.000652848605852685,0.01604873703347187,-3.3701805906135363,-0.00011881743488806329,0.35979279070885806,0.014124627052124372,0.010063995194625516,0.0821715555308476,0.8441054719663951,11
25042008,transverse,9,54,2.430499464494541,0.5189365950023415,1.1530287021279696e-15,0.16942560102622817,-0.169425601026227,2.4015500745143035,2.35154097871186,0.050009095802443504,0.5857777954923202,4.056804569930128,-3.4710267744378074,0.010301845848459834,0.0028854929652597505,0.007416352883200084,233.11842458537123,814.9529411520072,-581.8345165666359,56.86144057182687,1405.9311940013467,-1349.0697534295198,1.3322676295501878e-15,0.08849874406404501,1.3322676295501878e-15,1.5853587432367449,-1.7763568394002505e-15,0.14815034400642146,0.000652848605852907,-0.00564888227037641,5.208525718688937,-0.0011583819492807512,0.7755374847972226,0.4889872667552013,0.2789701738844427,0.06416545180740053,0.755318481666276,11
25042008,transverse,8,55,2.4408013103430015,0.22967353616464334,1.3188172549197096e-15,0.1737450651536641,-0.17374506515366278,2.4015500745143035,2.371927078773459,0.02962299574084426,0.5715518395603891,8.097171337153771,-7.525619497593382,0.01030184584845939,0.0010389897190692388,0.009262856129390151,233.11842458538126,2282.916794305058,-2049.798369719677,55.480527273261714,7793.312280710038,-7737.831753436776,1.3322676295501878e-15,0.09078711153230001,7.771561172376096e-16,6.56524118759309,0.0,-0.2823649770615646,0.00021764719006345246,-0.027814577172316612,-3.1476027467106515,0.0007405370436971426,0.7656392896345395,0.4772417026149599,0.26595074847084177,0.06072075683402342,0.7465027556686735,11
25042008,transverse,7,56,3.3017231941415783,0.1025638918723383,3.350110398294856e-15,0.17528003467035952,-0.17528003467035616,2.4015500745143035,2.3366840244904252,0.06486605002387824,1.1220558377515872,6.40706256507924,-5.285006727327653,0.009866551468332041,0.00023826618014610723,0.009628285288185934,243.40318724555237,9807.031879461647,-9563.628692216094,113.72320322383854,26890.35666392253,-26776.63346069869,1.3322676295501878e-15,0.06202001265273527,2.2426505097428162e-14,0.5322491198414827,1.3322676295501878e-15,0.19986930276334613,-0.00021764719006356348,0.06913597821083473,0.05254001252064633,0.001235789895043915,0.619387400355828,0.010007377545194623,0.03284161385849815,1.2261676891738893,1.8115574148052924,11
25042008,transverse,6,57,3.3115897456099117,0.3033533470221549,4.9005840454835154e-15,0.1923729316526135,-0.19237293165260858,2.401550074514301,2.439712926629058,-0.03816285211475723,1.272821230416093,4.42229521251931,-3.149473982103217,0.009866551468331819,0.0023444168114379327,0.007522134656893886,243.40318724555758,1040.6481111746832,-797.2449239291257,129.0036579144602,1886.309290627772,-1757.3056327133118,0.0,0.1162751844836234,1.9095836023552692e-14,0.7550408802742012,-3.552713678800501e-15,0.6529854530895173,0.0003105472347375571,-0.05955479184192081,4.121386690985963,-0.0012743972538895587,0.6466919239744903,0.00466407400127142,0.01806780434122013,1.6020060802566871,1.96820337973834,11
25042008,transverse,5,58,3.373146263657849,-0.4393081578483038,3.1382097913545044e-15,0.22976988313349228,-0.22976988313348914,2.4015500745143052,2.4236322450838563,-0.022082170569551085,0.1176157169015643,9.374330335752271,-9.256714618850706,0.009245456998856483,0.0012806784654755266,0.007964778533380956,259.75460973009115,1892.4595910839662,-1632.7049813538752,12.721460595848482,7319.815698057751,-7307.094237461903,3.9968028886505635e-15,0.04606865120371317,2.3592239273284576e-16,1.686902586503102,1.7763568394002505e-15,-0.5604239317666577,-0.0003105472347376681,-0.019525582307182487,-5.990969464564291,0.0003181277106520941,0.08114529054921679,-0.2556356821091994,-0.5370633966846116,0.5508968535468803,1.4494460011850798,11
25042008,transverse,4,59,3.3823917206567065,-0.36933778293540875,3.555969938064941e-15,0.19241708124168982,-0.19241708124168627,2.401550074514306,2.368500398924286,0.03304967559002003,0.08325806692035094,3.465274393389966,-3.382016326469615,0.009245456998856483,0.0014742900102926448,0.007771166988563838,259.7546097300912,1606.5362868830275,-1346.7816771529363,9.005294917346827,2350.4699680506637,-2341.464673133317,1.1102230246251565e-14,0.1086226525524463,1.27675647831893e-15,1.977944917618148,2.6645352591003757e-15,-0.6816445743299002,0.000715426476967318,0.028795010533554377,2.966604397590526,0.0005108426440945113,0.05604619026814821,-0.26936862198425443,-0.5944392224013376,0.6013711281086517,1.4855258943027652,11
25042008,transverse,3,60,3.4117026747017047,0.3463754983756682,4.426311988827341e-15,0.22001669319872386,-0.22001669319871944,2.4015500745143017,2.3709585738318193,0.030591500682482398,1.412189565598938,4.852716394868514,-3.440526829269576,0.007814604044921847,0.0012587338893641498,0.006555870155557697,307.3156439800552,1883.6058946736634,-1576.2902506936082,180.71159555635057,3855.2361510818355,-3674.524555525485,7.993605777301127e-15,0.10698800808913278,2.6645352591003757e-15,3.8893673753590288,-5.329070518200751e-15,0.748653013768777,-0.000715426476967429,-0.0015770295980812588,1.1403259020854613,-0.0011529680212089,0.7681703412269111,0.15228802493959037,0.5146792747818245,1.4796000944046752,1.8383807468320141,11
25042008,transverse,2,61,3.4195172787466275,-0.08561381379977806,4.043698149616663e-15,0.22518117661309195,-0.2251811766130879,2.401550074514308,2.3702626895432006,0.03128738497110728,1.2438150367399712,7.023504172980429,-5.779689136240458,0.007814604044922069,0.00016809467995271277,0.007646509364969356,307.3156439800473,14100.7597040548,-13793.444060074753,159.16545861951923,41783.024751028606,-41623.859292409084,4.884981308350689e-15,0.17834644347948236,2.5091040356528538e-14,1.8092090713330418,6.217248937900877e-15,-0.04317250011767437,0.0009378789667877641,-0.016771064686278203,-1.0879221971174102,0.0014562667936640628,0.7541108273675035,0.17336281190378586,0.4716254096215995,1.0754504359988255,1.6493796290950296,11
25042008,transverse,1,62,3.537365841028361,0.2513103522083898,2.0535785599012042e-15,0.19960206669213032,-0.19960206669212827,2.4015500745143012,2.3360246758820127,0.06552539863228857,1.161785508116353,7.104792557092874,-5.94300704897652,0.005938846111346763,0.00011423112429387317,0.00582461498705289,404.37991311576474,20449.9841030393,-20045.604189923535,195.62478743078475,62196.64387452713,-62001.01908709634,8.881784197001252e-16,0.04593993265582297,8.659739592076221e-15,1.5078701113601962,-3.9968028886505635e-15,-0.006906321911780644,-0.0009378789667883192,0.06054540557997168,-0.06529067175916747,-0.0009534937241547636,0.9937740375053873,0.6524594060020225,0.8917232968959453,0.45802226997324025,1.1690640570895983,11
25042008,transverse,0,63,3.5433046871397096,0.11554973556550285,1.8273399077190507e-15,0.18948438365657772,-0.18948438365657588,2.401550074514303,2.4228774733807765,-0.0213273988664735,1.0935686233162962,7.069312241510543,-5.975743618194247,0.005938846111348095,2.9138053902144634e-05,0.00590970805744595,404.37991311567436,83151.65733159849,-82747.27741848282,184.13823204253063,242614.4266618377,-242430.28842979518,2.6645352591003757e-15,0.03591396780601119,6.661338147750939e-16,2.0508687641103878,1.7763568394002505e-15,-0.06821688480005683,1.3322676295501878e-15,-0.08685279749876207,-0.03273656921772705,8.50930703930608e-05,0.9942976141570491,0.6753389389943141,0.8169229152123897,0.37896941868951173,1.0998403372851382,11
25042009,dephasing,15,16,0.6590881321130446,-0.1432497565778779,0.6634034838037852,0.6299018265768982,0.03350165722688703,15.272889541105819,15.087963747088061,0.184925794017758,1.5204139124100635,81.60923399167105,-80.08882007926098,0.01129343151546236,0.00010824207218396165,0.011185189443278398,1352.36925288784,139390.93591487675,-138038.5666619889,134.6281606550139,753951.1425185297,-753816.5143578746,2.3092638912203256e-14,0.26991961270408815,2.375877272697835e-14,1.7384238992758299,-0.31074611938444185,0.5473003249516162,0.005309103024770612,-0.07962551141951124,2.779425040402373,0.005239849801966678,0.3618382428185809,-0.009767910973547676,-0.1724631964800949,2.484121661530205,4.20191602901516,11
25042009,dephasing,14,17,0.6703815636285076,-0.2263373875857102,0.6873954727834758,0.7223100851500694,-0.034914612366593656,15.58363566049026,15.319084355052992,0.26455130543726924,0.9731135874584473,83.8413587071218,-82.86824511966336,0.005984328490691748,3.8988849380028334e-05,0.00594533964131172,2604.0742390277605,392909.37277313054,-390305.2985341028,162.61032277423695,2150393.254489545,-2150230.6441667704,6.039613253960852e-14,0.4622450794592403,2.1871393585115584e-13,12.9253289473357,0.26098104726272453,-1.788979397306997,-0.0026545515123853614,0.1328648451585268,-11.200178527478101,-0.002602240723659388,0.15317760486103113,-0.1604180334539048,-6.474253680443802,7.421203734539828,6.352845041161081,11
25042009,dephasing,13,18,0.6763658921192001,0.4975507979587264,0.6425184545171558,0.7957900328316733,-0.15327157831451743,15.372419685349254,15.293972558809527,0.07844712653972685,4.003772057120825,67.25108516223037,-63.24731310510954,0.005984328490691859,7.435720402804158e-05,0.005909971286663818,2568.779389243056,205682.45886493885,-203113.6794756958,669.042828004574,904432.6779267903,-903763.6350987857,1.2434497875801753e-14,0.782282629939214,2.042810365310288e-14,11.638742597867164,0.12537279329142592,2.273599876377552,-0.002800777993389708,-0.015532549645074667,19.69810919075603,-0.00274415139232298,0.6272371713925803,0.21276264078123344,8.669029589155086,7.36116109622621,6.383186838611137,11
25042009,dephasing,12,19,0.6879517765966721,0.2508455451658276,0.7189877227205184,0.6857181702690538,0.03326955245146457,14.910458123625396,14.987050076693063,-0.0765919530676662,2.4872307740280997,85.50983024609587,-83.02259947206777,0.011585884477471387,0.0002229787608095113,0.011362905716661875,1286.9503534769922,67212.90414514575,-65925.95379166876,214.67767772624438,383488.6781846731,-383274.0005069468,5.1514348342607263e-14,0.8570485452742584,1.3322676295501878e-14,9.610708952104417,-0.3151512635978406,-0.6333902021214448,0.0035512383974060646,-0.10666813257623708,-18.363311594535773,0.0033670017057830237,0.6271325346213021,0.24398520571574955,3.837752776586329,2.348564146686042,3.9660369008442844,11
25042009,dephasing,11,20,1.0006456261458148,-0.25841937144535265,0.8682761188822485,0.7153843629178886,0.1528917559643599,15.078799089097219,15.097093856619804,-0.018294767522585076,2.237469895178264,68.3087325451327,-66.07126264995443,0.010084963669438785,3.1269343448991904e-06,0.010081836735093885,1495.1763420617592,4828081.498176298,-4826586.321834236,221.8619688198417,21845272.401245415,-21845050.539276596,3.552713678800501e-15,1.197470722462974,1.7408297026122455e-13,10.173841728776516,0.051243432378784703,-0.8660913205296481,-0.0007504604040163565,0.33689045717010035,5.952127623815784,-0.0005317906390824856,0.32663281081126555,-0.1468906584859098,-6.89269343081016,11.898964962638717,6.850107586010424,11
25042009,dephasing,10,21,1.0107305898152543,0.24195220838556003,0.8691283047636734,0.7562166541778459,0.11291165058582753,15.144653189811471,15.778431686129176,-0.6337784963177047,3.7198916573877248,64.74407273286039,-61.02418107547266,0.010084963669438896,0.00022061463774802892,0.009864349031690867,1501.706271456909,71520.32996174184,-70018.62369028493,368.8552363019758,293471.3371413128,-293102.4819050108,4.796163466380676e-14,1.155389539784185,1.9984014443252818e-13,1.2705019595577625,0.18047453799473345,2.0111190203699407,-0.00013131076546263332,-0.1091380726653286,-3.086687489049588,-0.0002541712051603584,0.5078790152210387,0.02685803025809749,1.4408348468334555,12.396759095868424,7.324365736530054,11
25042009,dephasing,9,22,1.0308455376721546,-0.14529685538203954,0.9028075528122621,0.6843508620257912,0.2184566907864709,14.849558214536255,15.880544294318423,-1.030986079782167,1.1800753788573042,50.98379990174901,-49.803724522891706,0.010347585200364273,0.00019238146175570847,0.010155203738608565,1435.074747102686,82547.1651446541,-81112.09039755141,114.04355277169026,265014.09978103667,-264900.056228265,4.085620730620576e-14,0.16934015975739847,4.0611958240788226e-13,10.012185308645677,-0.08319580132498317,-2.5882312535329373,0.0001313107654625778,-0.3516263309116541,10.743290165434082,0.00010448586059674803,0.177473101982931,-0.1671078156027916,-7.388413282946865,8.780991182731563,6.649319618984203,11
25042009,dephasing,8,23,1.0411931228725195,-0.07324124715583613,0.9293170131632351,0.6427327539320409,0.28658425923119424,14.720854841911006,15.445795843334327,-0.7249410014233213,3.8167216073927577,63.88656990857167,-60.069848301178915,0.010347585200364495,0.00011049847603172847,0.010237086724332767,1422.6367366748004,139782.88568341188,-138360.2489467371,368.85143088827266,578166.9775267065,-577798.1260958182,3.730349362740526e-14,0.573680201604228,3.645972412869014e-13,6.151097317106938,0.0816302001271918,-21.27348070224711,0.003532889449897436,0.3267275957453126,-9.933157697186651,0.0035292098732654376,0.6223502549685112,0.1633493211461218,6.14367958303257,8.42368424530469,6.132754950965152,11
25042009,dephasing,7,24,1.610914906113817,0.02823791462306441,1.1820542634073024,0.6989807682892439,0.4830734951180584,14.428891069031373,15.501242183586474,-1.0723511145551008,49.00032924042243,99.46998592551526,-50.46965668509283,0.003281806300569845,2.1256337043751294e-05,0.0032605499635260937,4396.63092441683,729252.7471539768,-724856.11622956,14930.902299722604,4679545.009132058,-4664614.106832336,3.019806626980426e-14,0.22255724619900086,2.6716406864579767e-12,17.772116327480347,-0.1544232795990279,20.24539627575506,-0.003532889449897547,-0.4391265155781401,-6.3177476456942685,-0.0034800010164222073,0.9022775463706284,-0.08494956308545352,-250.54102281111818,2651.573288480975,54.307379627837015,11
25042009,dephasing,6,25,1.6141967124143881,0.09659692629070671,1.1355749798087023,0.6552820178887713,0.480292961919931,14.445773855349795,14.987282051880396,-0.5415081965306001,53.693144321941986,81.92711409956019,-28.2339697776182,0.003281806300570289,3.7791065006453906e-05,0.003244015235563835,4401.775282361884,396582.6855983256,-392180.91031596373,16360.851130248477,2167896.4084650376,-2151535.557334789,2.3092638912203256e-14,0.14865873357258508,3.062439191126032e-12,8.049847849050806,0.02336600086572105,-8.115904996035887,0.00014024287542580005,0.26049866919367126,-10.104767888191184,0.0001340078900220476,0.9858195183567791,0.07804170475474366,231.50991596926906,2651.4438312079415,54.46549122038464,11
25042009,dephasing,5,26,1.6425299641323465,0.1503153473194942,1.125189758460587,0.6498083384088609,0.4753814200517261,14.415924639936774,14.947587256830216,-0.531662616893442,74.61776939553332,60.40651648929452,14.211252906238798,0.003001320549719133,4.1855822161651624e-05,0.0029594647275574815,4803.193927848138,357120.8612054268,-352317.6672775787,24861.64611857808,1443204.633658805,-1418342.987540227,6.750155989720952e-14,1.0483482565772775,2.036415480688447e-11,11.609913718998428,-0.09181659673088483,8.018211086544625,-0.000140242875425578,-0.0789293046531725,32.41956709288575,-0.00014815369080767304,0.932990606184904,-0.06018524574648689,-384.9639132918792,5952.775422858098,79.9769782256023,11
25042009,dephasing,4,27,1.6455312846820669,0.025783802203951822,1.089653270436544,0.7138529159623477,0.37580035447419635,14.569708617985523,14.933667045935461,-0.3639584279499388,79.50597229603538,87.68863089171109,-8.182658595675704,0.003001320549719133,3.0098948552659266e-05,0.002971221601166474,4854.432699415919,496152.449305943,-491298.0166065271,26490.330165991647,2913345.319631231,-2886854.9894652395,9.059419880941277e-14,0.4886260940949576,9.43600753089413e-12,16.581856821333716,0.7853404287884835,42.04216003610572,-0.0019723989226668737,0.859550069909627,22.407273047133977,-0.0019205585138447612,0.9940968571413162,0.05759147305672774,368.38360319416734,5952.816027544884,79.97809441292713,11
25042009,dephasing,3,28,1.9613658379072254,-0.5441251941224825,1.6508837882796707,0.6264279610789533,1.0244558272007174,13.152811738457306,15.068166117282995,-1.9153543788256897,0.3098551243260056,75.70097131618417,-75.39111619185816,0.00694611839505288,0.0001220228925878919,0.0068240955024649885,1893.5484525897107,123486.386838679,-121592.8383860893,44.60838510133784,620383.3535716054,-620338.7451865041,3.197442310920451e-14,0.8180436667200492,3.47499806707674e-13,3.8223912170462455,-0.7796943155811782,-39.78295692330097,0.0019723989226668737,-0.7629177893735157,-43.959020331198516,0.002125296575734792,0.09172885190876286,-0.21218228565106118,-2.4211102888908242,2.517120486961994,3.377946173733185,11
25042009,dephasing,2,29,1.9683119563022786,-0.2248862606578375,1.5779569959381181,0.6997553136581574,0.8782016822799608,13.295303490091445,15.236218241045854,-1.9409147509544091,0.6796517992185771,55.361184924862165,-54.68153312564359,0.00694611839505288,0.000519742142758961,0.006426376252293919,1914.0623199801116,29314.956374649613,-27400.8940546695,97.84627335212632,106516.63655940408,-106418.79028605195,8.881784197001252e-15,0.3302671925317089,4.3876013933186186e-13,9.914233933119093,0.23338562232614635,-1.3858228746128918,0.0001252451610265215,0.06390923459567155,9.73213409457572,-0.00028181664035209497,0.09459717861640857,-0.311532782072963,-16.081269420306445,16.543195988487774,7.184694186015535,11
25042009,dephasing,1,30,1.9777560622756485,0.19390483843539874,1.628736784149981,0.6677175176933743,0.9610192664566066,12.971023997073292,15.065317589347764,-2.0942935922744716,3.8210942233369325,57.25731247191739,-53.43621824858045,0.006695628072999837,0.0001033377901727972,0.00659229028282704,1937.2378297682078,145787.10812526723,-143849.87029549901,570.6849576584934,554079.1260987298,-553508.4411410713,1.9539925233402755e-14,0.37179422533433204,2.6911806116913795e-13,20.67546073232802,-0.22827008792151204,1.5799283983177288,-0.00012524516102679906,0.17953598459788633,20.00062505003563,6.71011069308669e-05,0.5239836590101261,-0.05487575409148557,-2.918236658491896,17.518997722109237,7.29239196228997,11
25042009,dephasing,0,31,1.9844516903486502,0.22053142441395357,1.614197617029479,0.6566935342438824,0.9575040827855965,13.103284679898161,15.710029082688468,-2.606744402790307,3.80267985081983,95.9948333224084,-92.19215347158857,0.0066956280730003925,7.162597350196531e-05,0.006624002099498427,1956.9911197332112,219334.2486613101,-217377.25754157687,567.9347492662929,1340223.7851576905,-1339655.8504084242,1.0658141036401503e-14,0.3817169861089358,6.603606550470431e-13,3.5827167721078013,0.13226068282486914,-0.01841437251710243,5.551115123125783e-16,-0.5124508105158352,-38.755935223008116,3.1711816671387005e-05,0.9865900422362422,0.7386316153047575,10.973216911167096,3.4871571366665153,3.8543667460912734,11
25042009,transverse,15,16,0.6590881321130446,-0.1432497565778779,0.017057118244446313,0.4220133629974758,-0.4049562447530295,5.223046810903605,5.075552979743119,0.1474938311604861,7.33416095770119,26.03308603640501,-18.69892507870382,0.01129343151546236,0.00010824207218396165,0.011185189443278398,462.4853662726417,46890.7595478865,-46428.27418161386,649.4182877595398,240508.01607124408,-239858.59778348455,1.7763568394002505e-15,0.24840977691909671,4.796163466380676e-14,1.4171991043855066,0.011625918283890257,-20.903946089697307,0.005309103024770612,0.0487059123859197,-22.72369858157103,0.005239849801966678,0.8181591092000672,0.2021298305545725,16.242607340942257,37.54730961252699,8.964223309659195,11
25042009,transverse,14,17,0.6703815636285076,-0.2263373875857102,0.10916438781349536,0.41835283860727757,-0.3091884507937822,5.2114208926197145,5.112632973845148,0.09878791877456639,28.238107047398497,24.213333544531288,4.024773502867209,0.005984328490691748,3.8988849380028334e-05,0.00594533964131172,870.8447239695743,131130.64517528558,-130259.800451316,4718.675970298275,621032.2676753404,-616313.5917050422,1.7763568394002505e-15,0.05515741894864856,2.0605739337042905e-13,3.244024067406162,-0.008126657565180828,10.648217377967764,-0.0026545515123853614,-0.08678865249392853,9.618012446834344,-0.002602240723659388,0.9300461543347139,0.026015468367093335,23.982464315909738,773.4082253044413,30.362049147548166,11
25042009,transverse,13,18,0.6763658921192001,0.4975507979587264,0.08537837384383887,0.38299562566784984,-0.297617251824011,5.216048289466186,4.992388978089682,0.22365931137650374,27.845618381160275,20.333171190390726,7.512447190769549,0.005984328490691859,7.435720402804158e-05,0.005909971286663818,871.617976449543,67140.62266524913,-66269.00468879958,4653.089887106279,273452.60565099627,-268799.51576389,0.0,0.2412642298276193,5.897504706808832e-13,7.920986981255481,-0.0003292720784697778,10.526552471166106,-0.002800777993389708,0.07681016340890734,15.994334519542939,-0.00274415139232298,0.9020124876356916,0.0012214278778178214,1.1640093312901172,774.214453697932,30.870546431289398,11
25042009,transverse,12,19,0.6879517765966721,0.2508455451658276,0.04476076090522631,0.4025984544461578,-0.35783769354093153,5.221334230469598,5.026423853308971,0.19491037716062642,6.400024772589842,27.38857293300383,-20.988548160413988,0.011585884477471387,0.0002229787608095113,0.011362905716661875,450.66341207030155,22542.164262913808,-22091.500850843506,552.3984625459208,122830.41144174998,-122278.01297920405,1.7763568394002505e-15,0.05742679841720655,9.059419880941277e-14,0.4895119344551695,0.003105334449230668,-13.540433429951687,0.0035512383974060646,0.0028286836034139284,-20.725058700116694,0.0033670017057830237,0.7412170550305804,0.05508875424498253,4.107101673970561,36.85321541579358,8.634481261802366,11
25042009,transverse,11,20,1.0006456261458148,-0.25841937144535265,0.05411334042416836,0.3750041498263783,-0.32089080940220993,5.220409502574548,5.059905426836627,0.16050407573792125,12.035298023922778,20.074724135286914,-8.039426111364136,0.010084963669438785,3.1269343448991904e-06,0.010081836735093885,517.6428665176398,1618168.1061166488,-1617650.463250131,1193.3903203235363,6419937.843605125,-6418744.453284802,1.7763568394002505e-15,0.4002137127744607,1.7763568394002505e-15,2.2035013842681828,0.001577197891529103,-2.1376667237764924,-0.0007504604040163565,0.013727586108419398,5.4871270112862565,-0.0005317906390824856,0.8260149494904286,0.12087016140419482,25.66001968251608,119.1883788421227,14.570315018326681,11
25042009,transverse,10,21,1.0107305898152543,0.24195220838556003,0.0837100787836638,0.3985812270750607,-0.31487114829139695,5.21633037889644,5.117687776798062,0.09864260209837727,21.9459047228087,28.010462807695497,-6.064558084886798,0.010084963669438896,0.00022061463774802892,0.009864349031690867,517.238390724581,23197.408064296887,-22680.169673572305,2176.1015152997293,126965.56807661669,-124789.46656131696,1.7763568394002505e-15,0.12099830231519615,7.815970093361102e-14,0.3818462669842866,-0.0014268170503877187,4.314873142734868,-0.00013131076546263332,-0.07823665690812742,-6.632707060767915,-0.0002541712051603584,0.8763344787036424,0.026318603151401977,16.505550600892263,465.117183501706,25.04284066886561,11
25042009,transverse,9,22,1.0308455376721546,-0.14529685538203954,0.0907351468137215,0.3715637958429785,-0.28082864902925697,5.215104889319107,5.021850447044019,0.19325444227508815,23.226765136224884,14.051041073098514,9.17572406312637,0.010347585200364273,0.00019238146175570847,0.010155203738608565,503.99245701649465,26103.608950746562,-25599.616493730067,2244.6556067407123,73037.39635236232,-70792.74074562162,7.993605777301127e-15,0.11937909300894134,6.394884621840902e-14,1.4845638098955902,-0.002611279035587444,5.749271663280339,0.0001313107654625778,0.13636696692270212,15.394561641509139,0.00010448586059674803,0.920497582128058,0.1153035948312109,73.41334291119301,466.06927578215846,25.232836660502613,11
25042009,transverse,8,23,1.0411931228725195,-0.07324124715583613,0.06508301140432846,0.4016209927198002,-0.33653798131547175,5.219101957812951,5.203969609206556,0.015132348606394785,13.009082223080393,19.38219929495913,-6.373117071878736,0.010347585200364495,0.00011049847603172847,0.010237086724332767,504.3787373337218,47095.39711400447,-46591.01837667075,1257.2094813601675,175406.9376431376,-174149.72816177743,6.217248937900877e-15,0.004185219762088188,3.907985046680551e-14,1.4868154683146741,-4.03639745396589e-05,-1.3383923092419803,0.003532889449897436,-0.19101285243332145,3.4430814523028204,0.0035292098732654376,0.9175137423041385,0.2545874915676737,51.18058243005288,118.05563785681238,14.178623843181727,11
25042009,transverse,7,24,1.610914906113817,0.02823791462306441,0.012569881882197657,0.39713616488565884,-0.3845662830034612,5.223179754255874,5.0041437944515295,0.21903595980434432,5.46818392841986,34.276305039909346,-28.808121111489484,0.003281806300569845,2.1256337043751294e-05,0.0032605499635260937,1591.556379591609,235418.9145642378,-233827.3581846462,1666.2116613861024,1612521.713847472,-1610855.502186086,2.220446049250313e-14,0.033187064469109906,3.6415315207705135e-14,4.516001973405274,0.0038991060166404523,-3.857515190087767,-0.003532889449897547,0.17890660091513144,-16.58139673862288,-0.0034800010164222073,0.7618991920520445,0.26319811614438593,13.557324108266972,16.34371136676224,7.177043873340045,11
25042009,transverse,6,25,1.6141967124143881,0.09659692629070671,0.06227694212866787,0.4102485755517077,-0.34797163342303983,5.219459338665516,5.154332969493485,0.06512636917203096,5.6423160139348605,23.722647687789326,-18.080331673854467,0.003281806300570289,3.7791065006453906e-05,0.003244015235563835,1590.4227308474954,136390.25437926227,-134799.83164841478,1719.271491725267,627731.6525410968,-626012.3810493716,2.5757174171303632e-14,0.1004204015581669,1.1723955140041653e-13,0.7470146987951161,-0.00375624930333629,-0.10368881975025612,0.00014024287542580005,-0.08555746197906355,7.6258042516831885,0.0001340078900220476,0.670777665078483,0.10462193156902602,7.402533130379023,24.433196870725638,8.411603885580469,11
25042009,transverse,5,26,1.6425299641323465,0.1503153473194942,0.00929163627072848,0.3974353342605157,-0.3881436979897872,5.22325142168183,5.1409197191839855,0.08233170249784472,6.023825738950373,28.627976478536198,-22.604150739585826,0.003001320549719133,4.1855822161651624e-05,0.0029594647275574815,1740.3177485226054,122824.48303916259,-121084.16529063998,2007.0584394972705,683966.4113626037,-681959.3529231064,1.865174681370263e-14,0.17713978154176147,3.7925218521195347e-13,0.7307830432764177,0.004568096559559365,0.16106778733661287,-0.000140242875425578,-0.03307052091458784,0.5950011943735056,-0.00014815369080767304,0.7481776689817528,0.21230213984822816,13.762257771444101,22.52421876179498,8.051330571184327,11
25042009,transverse,4,27,1.6455312846820669,0.025783802203951822,0.07369155044759752,0.39375583043858875,-0.32006427999099124,5.217907311579027,5.052229233926193,0.16567807765283415,6.0831998892926595,34.401172083356855,-28.317972194064197,0.003001320549719133,3.0098948552659266e-05,0.002971221601166474,1738.5371622725618,167854.0107501471,-166115.47358787456,2026.8411149425317,1142936.007321674,-1140909.1662067315,1.7763568394002505e-14,0.4494813150352286,1.092459456231154e-13,0.35253315780241934,-0.005360743874686769,2.76454286465603,-0.0019723989226668737,-0.06003360523340007,-3.3533424973512282,-0.0019205585138447612,0.7895138535668544,0.3152544045092345,18.715689332250427,18.289631560840746,7.704994487189989,11
25042009,transverse,3,28,1.9613658379072254,-0.5441251941224825,0.007284707325072559,0.45840589656424036,-0.4511211892391678,5.223284689225597,4.854193025950973,0.3690916632746237,0.6134883103228862,27.938596964162997,-27.32510865384011,0.00694611839505288,0.0001220228925878919,0.0068240955024649885,751.9717332986565,39781.00275286087,-39029.031019562215,88.32102700118398,228961.92977919368,-228873.6087521925,4.440892098500626e-15,0.10518119465367004,2.353672812205332e-14,3.7508427705418974,0.002858356538423479,-3.20087502760456,0.0019723989226668737,0.18263297374504228,-1.5243768714686041,0.002125296575734792,0.22635176415471722,-0.14811224498160122,-1.0880172505591155,1.4643851574619324,2.7103314728465766,11
25042009,transverse,2,29,1.9683119563022786,-0.2248862606578375,0.01980914917635873,0.43104991287218186,-0.41124076369582313,5.222945353795319,5.015706052388991,0.20723930140632874,1.5455267865622329,24.829018157241048,-23.283491370678817,0.00694611839505288,0.000519742142758961,0.006426376252293919,751.9228807725436,9650.373983075502,-8898.451102302959,222.50222335153083,47771.80088849542,-47549.298665143884,9.769962616701378e-15,0.17254431174876217,1.9317880628477724e-14,2.299923683914649,-0.00032676135574938314,-0.4966844813899196,0.0001252451610265215,-0.08533085567219212,0.5986432979471843,-0.00028181664035209497,0.3389547008642662,-0.1914546652549685,-3.98048236056099,6.3691354085424265,4.559685358018251,11
25042009,transverse,1,30,1.9777560622756485,0.19390483843539874,0.00884393068000424,0.3898435300427925,-0.38099959936278827,5.223259541076541,5.007210890194123,0.21604865088241798,3.4709342255814186,23.910094908993315,-20.439160683411895,0.006695628072999837,0.0001033377901727972,0.00659229028282704,780.1000121466376,48454.78969330843,-47674.68968116179,518.3881463753912,231378.03575063718,-230859.6476042618,7.993605777301127e-15,0.11603517810273267,5.3290705182007514e-14,13.030293632161534,0.00018664710813176555,1.217130953586429,-0.00012524516102679906,0.06300185826505489,5.848909510933854,6.71011069308669e-05,0.8586830571682779,0.36675883794678305,5.992493450292659,6.0548909480197315,4.042159905923472,11
25042009,transverse,0,31,1.9844516903486502,0.22053142441395357,0.011718448911923866,0.3868745697052246,-0.37515612079330074,5.223200434141499,5.124346150313102,0.09885428382839745,2.962079757427746,32.25472877544043,-29.292649018012682,0.0066956280730003925,7.162597350196531e-05,0.006624002099498427,780.0911844556681,71543.12744066922,-70763.03625621356,442.3901275777407,450321.6807874228,-449879.29065984505,1.7763568394002505e-15,0.0020928942407767437,6.128431095930864e-14,5.520245268784841,-5.910693504151965e-05,-0.5088544681536726,5.551115123125783e-16,-0.11719436705402053,-8.853488334600787,3.1711816671387005e-05,0.9535159480491847,0.7369419770441256,7.111658096147596,1.6622583932157162,3.1064816099698533,11
25042010,dephasing,15,16,0.35374158540481904,-0.2468366129809158,0.3521135935133418,0.8204594323692738,-0.46834583885593195,18.7033193719839,17.711055005368266,0.9922643666156326,35.53046892780335,75.29557386392108,-39.76510493611773,0.011872462610794221,0.0001482359886364748,0.011724226622157746,1575.3529815271172,119478.77953444769,-117903.42655292057,2992.678948973881,507943.951779291,-504951.2728303171,0.0,0.22022833351266158,2.842170943040401e-14,37.065251080881566,-0.031778004947245364,5.720564590032861,-3.608224830031759e-16,0.8113644454704101,-11.527725909203358,-4.168361012302224e-05,0.8934356695509154,0.11289858987567317,178.55163098245407,1083.8625912471466,39.76835729612489,11
25042010,dephasing,14,17,0.36561404801561415,0.195426216349749,0.30365437225499115,0.7044281079554375,-0.4007737357004464,18.735097376931144,18.55419745578592,0.18089992114522246,29.809904337770487,58.04728336468486,-28.237379026914372,0.011872462610794582,0.00010655237851381338,0.011765910232280768,1578.0295959742145,174132.17531676748,-172554.14572079325,2510.844238049398,544776.9836236893,-542266.1393856399,2.4868995751603507e-14,0.8397637055121336,9.237055564881302e-14,24.168942989240044,0.013485905877928417,2.3401248031058834,-0.004549042901027922,-0.5998052653010486,9.010883706102714,-0.0043133135887254564,0.7434745962731361,-0.12203048169840881,-196.18112597406548,1084.8115226010984,40.095390598684396,11
25042010,dephasing,13,18,0.5932301115312733,-0.020424767804361033,0.2956345456779652,0.7372715888758057,-0.4416370431978405,18.73990357012253,18.17075756384562,0.5691460062769096,19.40909014152586,54.14051067144229,-34.731420529916434,0.020970548412850787,0.0005363273929960832,0.020434221019854704,893.6296372029395,33879.97294402287,-32986.34330681993,925.5404178954107,100946.75636274592,-100021.21594485051,6.750155989720952e-14,0.30924334720226554,3.375077994860476e-13,2.670186684748174,0.04182373829855024,-4.655099389860343,0.0045490429010279915,0.38110285984895675,-8.431884363817776,0.004204386862165746,0.6825560220188945,-0.0030042678527269916,-2.429251051148526,379.14203117303265,28.435893194696302,11
25042010,dephasing,12,19,0.6142006599441248,0.24191049575119483,0.40772670749404183,0.7322008030843847,-0.3244740955903429,18.661062286716813,18.46587591500613,0.1951863717106832,18.318474725001916,42.68016803028486,-24.361693305282945,0.02097054841285101,0.0002767903297538621,0.020693758083097147,889.8700176711204,66714.31018354959,-65824.44016587848,873.5334128780405,154196.74548687637,-153323.21207399832,5.3290705182007514e-14,0.3076629938856392,3.410605131648481e-13,26.695422806579206,0.004457642547350815,7.09990846307687,-0.0017109172999859035,-0.20816196889670202,8.821854892971626,-0.0016152873097291243,0.6433619456763779,-0.054313059592985755,-44.03237889262766,379.59889514316797,28.47304670117463,11
25042010,dephasing,11,20,0.9324626744609159,0.14283055699978514,0.5039817819171115,0.6788990692414651,-0.17491728732435363,18.5733057182164,18.33575504327854,0.23755067493786086,3.028042382324233,34.66371824891694,-31.63567586659271,0.024392383012823038,0.00020851324702519936,0.02418386976579784,761.4387535835446,87935.68420649368,-87174.24545291014,124.13885026044383,166242.2831328685,-166118.14428260806,1.4210854715202004e-14,0.32078013125774163,4.973799150320701e-14,14.782427116636132,-0.16590349099790913,-9.667911057760957,0.0017109172999862088,-0.5130778750066387,0.8628476490029193,0.0019714421170139995,0.21579420454105386,-0.15564985037479043,-30.647358795526156,39.81639946467805,14.03208389569227,11
25042010,dephasing,10,21,0.9568550574737393,0.1066833171427577,0.09973576594655434,0.7191827040178476,-0.6194469380712933,18.817356131711808,17.511285403533492,1.306070728178316,7.073432155168462,47.70878588107677,-40.63535372590831,0.02439238301282265,0.0006612857983521181,0.02373109721447053,771.443943046477,26480.661534196704,-25709.217591150227,289.9852856299478,72145.48686810455,-71855.5015824746,2.1316282072803006e-14,0.46005477141059714,2.3092638912203256e-14,26.16761319619178,0.17454946136273364,4.292174846376076,0.005890331297695589,0.9549506892473456,-6.604326853253944,0.005350454569865409,0.4875432793786255,0.0396462685887026,8.345192423654517,41.688250030116556,14.508316398461186,11
25042010,dephasing,9,22,1.1545818228274278,-0.07070262275749833,0.3391102066276236,0.7815608009088368,-0.44245059428121325,18.712307622481745,18.247618219557665,0.4646894029240798,2.534472235260539,38.96085011397656,-36.426377878716025,0.012611720417431083,3.430489401867742e-05,0.012577415523412405,1483.7236319177227,531924.634707301,-530440.9110753833,200.96165720241942,1135722.794909793,-1135521.8332525906,6.039613253960852e-14,0.5139514693154119,1.0524914273446484e-13,4.519316692163784,0.06654025952813214,-4.689115357949553,-0.005890331297695728,-0.039606984297407166,19.64191336128671,-0.005529275683637758,0.23154312143755776,-0.14327565126701772,-17.166576756532457,23.59012626783881,10.946005303569306,11
25042010,dephasing,8,23,1.1671935432448597,-0.09372115206286158,0.5942430147046853,0.8040442202222912,-0.20980120551760584,18.474178594195415,18.771656547930757,-0.297477953735342,7.373743031251722,78.87497178534889,-71.50122875409717,0.012611720417430972,0.00012943521780117706,0.012482285199629795,1464.8420661674195,145027.426590849,-143562.5845246816,584.6738420446023,609377.9817059311,-608793.3078638866,6.394884621840902e-14,0.42544492105371745,2.042810365310288e-14,1.5276459694913456,-0.14909865211872386,1.529184728311928,-0.001054447196062125,-0.6316604262476844,-28.381770261082913,-0.0010341924905242772,0.7299383164544402,0.33002727237860263,33.67855925480771,20.693527036125566,10.101871439039543,11
25042010,dephasing,7,24,2.194447782385748,-0.40987431694787546,0.5413469170267136,0.7479636961981438,-0.2066167791714303,18.534246870146532,18.330571328045927,0.2036755421006049,9.15464437061905,58.967183477931535,-49.81253910731249,0.01472061480955511,0.0002650749526593721,0.014455539856895738,1259.0674445279285,69152.4081930184,-67893.34074849047,621.8928006102568,222454.75434906833,-221832.86154845808,6.750155989720952e-14,0.1586763134808642,2.4868995751603507e-14,1.228907865571557,-0.1149404742653175,1.8072502965455026,0.0010544471960621804,0.1556815722360927,9.721282429742743,0.0010796858673031151,0.6827952717261951,0.054032179538659915,9.713023339274073,74.09449021323327,13.407597781799126,11
25042010,dephasing,6,25,2.2091683971953047,0.15932695018289644,0.05574280305449833,0.7776696461888507,-0.7219268431343524,18.824196094628284,18.430730201163918,0.39346589346436645,7.321045116895372,54.88745943690866,-47.56641432001329,0.014720614809554888,0.00045119202999943653,0.014269422779555452,1278.7642593847258,40848.97111588371,-39570.20685649898,497.33283640730906,121649.88693833356,-121152.55410192625,5.3290705182007514e-14,0.13245891105004048,2.078337502098293e-13,16.87223055715579,0.15080893356885738,-1.671843821316462,-0.002183162220122603,-0.038601166627643124,-6.784756229609506,-0.0024055127710101987,0.5251941261243356,-0.11252595989715944,-21.865487897271052,75.46318950088794,13.939693444252509,11
25042010,dephasing,5,26,2.5043673349923283,-0.019623106105504995,0.121556171165775,0.8278281078370817,-0.7062719366713067,18.812527451972322,18.152068873888908,0.6604585780834142,8.831133505804619,40.581910579299695,-31.750777073495076,0.019086939249799872,0.0001926080055643098,0.018894331244235563,985.6230590857867,94243.5846355728,-93257.96157648701,462.6793950683955,210696.90462969785,-210234.22523462944,2.4868995751603507e-14,0.2931731566233431,3.446132268436486e-13,22.330601862054582,0.07097171813479264,-0.045931221252519805,0.002183162220121715,0.5991910054975218,23.981528011817726,0.002419182817334442,0.5431350069210988,-0.10418208288382669,-27.542943143997775,105.53186214134759,16.259554978542912,11
25042010,dephasing,4,27,2.5234542742421326,0.30100223378524105,0.4103510468780692,0.7801196669603657,-0.3697686200822965,18.65891537304677,18.929846121339352,-0.27093074829258157,10.433084337218904,74.33128018783123,-63.898195850612325,0.019086939249801427,0.0004060651755546374,0.01868087407424679,977.5750385563201,46617.75316113578,-45640.178122579455,546.6085578559929,183052.58530555698,-182505.97674770097,7.105427357601002e-15,0.5727336649813353,2.717825964282383e-13,12.72638896084436,-0.0007993997249826634,-4.235255408120528,0.0030042089821662454,-0.8946568476447236,-30.148021494837316,0.002800011090502541,0.6570881256051646,0.018814880039308295,4.7432897158006995,104.105959071728,15.87775509960791,11
25042010,dephasing,3,28,3.0181707672579705,-0.023359681629301576,0.5660399819353852,0.8486411901327182,-0.28260120819733303,18.506902093571185,17.919908472950315,0.5869936206208699,20.505545984874246,56.25511762292919,-35.749571638054945,0.01307852128547049,0.0002111265622175562,0.012867394723252934,1415.0607465181345,84877.5648347112,-83462.50408819306,1567.8795436648306,266452.10830914247,-264884.22876547766,3.197442310920451e-14,0.24226447198836354,2.6645352591003757e-13,16.429517766629992,-0.2089415900364493,3.6144789441888356,-0.003004208982165135,0.4259090018503997,16.75825817467186,-0.002957240084969337,0.7193038583634171,-0.10060476619510915,-81.75916570381611,502.2365818415912,28.507487825143453,11
25042010,dephasing,2,29,3.0312492885434423,0.32255523653331697,0.23351950786265338,0.6670616114831875,-0.43354210362053414,18.772771994168497,18.179672008334975,0.593099985833522,23.349049744151916,64.4665135189932,-41.11746377484128,0.013078521285469824,0.00011012574327207147,0.012968395542197753,1435.3894897143273,165081.0379860151,-163645.64849630077,1785.297376859615,585390.0423602614,-583604.7449834018,1.4210854715202004e-14,0.802309448669206,9.947598300641403e-14,15.333235972725497,0.21422311378510983,-5.046777692044145,0.0032491614118305145,-0.04320456142709439,0.05907457315964848,0.003368941550008775,0.8015700061294411,0.04785110568535054,40.60200517321613,504.5761187816533,29.12914600796723,11
25042010,dephasing,1,30,3.230246175592665,-0.30255852030361935,0.4659481596971462,0.762818552449406,-0.2968703927522598,18.61019566719559,17.924580193295228,0.6856154739003628,36.28610888751788,82.88961394546479,-46.60350505794691,0.006580198461808129,0.0002486852006831075,0.006331513261125021,2828.2119111164043,72077.389985647,-69249.17807453059,5514.439890852024,333311.4062186944,-327796.9663278424,3.197442310920451e-13,0.5576779833803265,1.2988721209694631e-11,26.57301611903854,0.0023778653565464936,1.645618183007258,-0.0032491614118309586,0.2755434571598876,-11.692093988214367,-0.0034140550333454645,0.775190926120745,-0.1824728642454848,-399.81743355347885,1716.4991317497809,46.809253907416064,11
25042010,dephasing,0,31,3.2368263740544747,0.3976377244685956,0.6200320517611697,0.804690314192531,-0.1846582624313613,18.44286360950959,18.215819561862162,0.22704404764742847,45.931931664869325,74.63729002949313,-28.705358364623805,0.006580198461808351,5.745741506513191e-05,0.006522741046743219,2802.782274205325,317031.6579890217,-314228.8757148164,6980.32619098945,1299001.877214397,-1292021.5510234076,3.481659405224491e-13,0.1939416200555435,1.4644285784015665e-11,7.4883911602950946,-0.167332057686,9.645822777351448,2.220446049250313e-16,-0.45857142625293434,17.898146693323106,0.00019122778561819764,0.9927886247264651,0.18486281480376912,395.6994045564511,1714.0429419092861,46.26557005275847,11
25042010,transverse,15,16,0.35374158540481904,-0.2468366129809158,1.062480409241008,0.5943596034458729,0.46812080579513515,10.655927947843933,11.46516943326354,-0.8092414854196068,0.8262339355420096,46.432922001195585,-45.60668806565358,0.011872462610794221,0.0001482359886364748,0.011724226622157746,897.5330811449145,77344.03459459529,-76446.50151345038,69.59246473354342,313236.4982910118,-313166.90582627826,2.842170943040401e-14,0.6644875801294106,4.651834473179406e-14,7.173119285083686,0.011597138011591568,-1.4273493931802481,-3.608224830031759e-16,0.06713515054328845,1.2509246296801635,-4.168361012302224e-05,0.16752006485477167,-0.10439192322109,-2.539447805240089,3.2221103214812943,4.932149090667305,11
25042010,transverse,14,17,0.36561404801561415,0.195426216349749,1.0679240413215445,0.5676609096368901,0.5002631316846544,10.644330809832342,11.520707445795237,-0.8763766359628953,2.2535833287222578,49.111196024056,-46.85761269533374,0.011872462610794582,0.00010655237851381338,0.011765910232280768,896.5562713294537,108122.48029077737,-107225.92401944792,189.81599711868316,460911.3068056876,-460721.49080856895,1.7763568394002505e-14,0.5084481556944453,4.618527782440651e-14,2.334666898450827,-0.09664522494547967,1.668260211083079,-0.004549042901027922,-0.3217988134700205,-0.27811257985787563,-0.0043133135887254564,0.47207290493814325,0.0862199009935337,1.964882630120973,3.113755189374031,4.773803590819462,11
25042010,transverse,13,18,0.5932301115312733,-0.020424767804361033,0.9791672207305397,0.5723449999759149,0.4068222207546248,10.82602412171171,11.125938281277852,-0.29991415956614276,0.3444122997363475,47.896724465034495,-47.55231216529815,0.020970548412850787,0.0005363273929960832,0.020434221019854704,516.2489749232072,20744.676528873668,-20228.42755395046,16.42361911361799,89305.01236841409,-89288.58874930047,0.0,0.07961553609877825,4.3298697960381105e-15,8.0423481726313,0.04691734671354375,-1.4299082267727674,0.0045490429010279915,0.3950186030985323,-6.4273953018686,0.004204386862165746,0.10269185628639153,-0.06239710261450128,-0.7018587531269866,0.8204785853366643,3.3538423804106965,11
25042010,transverse,12,19,0.6142006599441248,0.24191049575119483,0.9332254967053202,0.5924447066575584,0.34078079004776174,10.913882740163988,11.427371629530443,-0.5134888893664549,1.295057724295972,36.687278755821325,-35.39222103152535,0.02097054841285101,0.0002767903297538621,0.020693758083097147,520.4385944182474,41285.29938055394,-40764.86078613569,61.756025584068404,132545.3775370179,-132483.62151143383,1.7763568394002505e-15,0.13080939194557217,2.6645352591003757e-15,15.041941608292863,-0.29695135765773273,0.6989377972273846,-0.0017109172999859035,-0.4631581780156182,-0.132873886051172,-0.0016152873097291243,0.37910777431775206,0.06252670249867283,0.7296564026432834,0.9475181066153727,3.4160674405228826,11
25042010,transverse,11,20,0.9324626744609159,0.14283055699978514,0.4349120531017085,0.5468737661286402,-0.11196171302693175,11.595644073931734,11.396391337067264,0.19925273686446943,0.8478275544008274,23.814209680051036,-22.96638212565021,0.024392383012823038,0.00020851324702519936,0.02418386976579784,475.37971455416726,54655.478726922236,-54180.09901236807,34.757881341692844,114209.57670460634,-114174.81882326465,5.329070518200751e-15,0.41380151660829334,2.3314683517128287e-15,3.848078877435647,0.37800781043444864,-0.2758923349912721,0.0017109172999862088,0.3623494558907874,12.76078603362308,0.0019714421170139995,0.23787305444849802,-0.04485718188613095,-0.5698447369623544,1.2886562989636443,3.5642017393121423,11
25042010,transverse,10,21,0.9568550574737393,0.1066833171427577,0.5132278061780173,0.5446875654709478,-0.031459759292930434,11.521389786830582,11.334094335516763,0.18729545131381897,0.9523820544882268,37.014497341509454,-36.06211528702123,0.02439238301282265,0.0006612857983521181,0.02373109721447053,472.33555576648615,17139.479425931422,-16667.143870164935,39.04423991651723,55973.52526509297,-55934.48102517645,1.2434497875801753e-14,0.11938937810563743,6.661338147750939e-16,35.20755008353494,0.06950465296025499,0.146164464748329,0.005890331297695589,0.31641830332901755,-7.134176214384624,0.005350454569865409,0.2783625461056085,-0.013740292627422287,-0.16084100888565855,1.0678725865968746,3.4213728384525584,11
25042010,transverse,9,22,1.1545818228274278,-0.07070262275749833,0.6904102939962442,0.5565675402002775,0.13384275379596666,11.30812619380892,11.765624634703787,-0.4574984408948666,0.7646076250789682,35.65410364470196,-34.889496019622996,0.012611720417431083,3.430489401867742e-05,0.012577415523412405,896.636289064859,342972.1901574146,-342075.55386834976,60.62675033789825,1039329.9459048017,-1039269.3191544638,5.5067062021407764e-14,0.25208862272226007,1.8984813721090177e-14,2.7184143320963017,-0.13536475328480968,-0.22992984649598047,-0.005890331297695728,-0.5469884249590837,4.542221531332572,-0.005529275683637758,0.2479018050166796,-0.014200931954668455,-0.13509358226903923,0.7197184025979514,3.0843164898598903,11
25042010,transverse,8,23,1.1671935432448597,-0.09372115206286158,0.6474569178779257,0.6282758720045718,0.019181045873353897,11.365592107356878,11.373907590542263,-0.008315483185384664,1.0366928886616704,43.83801270355157,-42.8013198148899,0.012611720417430972,0.00012943521780117706,0.012482285199629795,901.1928373902273,87873.36077274967,-86972.16793535944,82.20075091649126,338686.9002753972,-338604.6995244807,4.796163466380676e-14,0.5199377466223698,2.8199664825478976e-14,4.823533291102706,-0.16324110935343583,0.5654046844488267,-0.001054447196062125,0.20293046154876393,-5.791268712363724,-0.0010341924905242772,0.3255294181619021,0.026050103874442787,0.26419781062318237,0.8105343347784648,3.184636566843418,11
25042010,transverse,7,24,2.194447782385748,-0.40987431694787546,0.18775603386631645,0.5701449073900994,-0.3823888735237829,11.749540239611708,11.714533688185139,0.03500655142656939,0.17796878334671906,39.30857496877607,-39.13060618542935,0.01472061480955511,0.0002650749526593721,0.014455539856895738,798.1691248374432,44193.287863144906,-43395.118738307465,12.089765655113808,148292.30213723198,-148280.21237157687,7.283063041541027e-14,0.023220702285577488,7.255307465925398e-14,0.40911885865970277,0.1950853811822597,-2.0515629408006797,0.0010544471960621804,-0.01844431282690273,0.41354989275924936,0.0010796858673031151,0.04436933072221511,-0.2399715548286931,-3.860838833235832,3.8925117210817413,4.011076580373253,11
25042010,transverse,6,25,2.2091683971953047,0.15932695018289644,0.20365401631893978,0.5709452872169194,-0.36729127089797964,11.743317609502018,11.628100397809689,0.1152172116923289,3.4223705596331273,39.70936290112043,-36.2869923414873,0.014720614809554888,0.00045119202999943653,0.014269422779555452,797.7464094692323,25771.954344637274,-24974.20793516804,232.48828964750356,88009.89437062977,-87777.40608098227,9.059419880941277e-14,0.11310729997071434,7.37188088351104e-14,14.615961395924202,0.003786555741847053,2.9751555510817154,-0.002183162220122603,0.004295467706124434,-0.7398098483717916,-0.0024055127710101987,0.8593761037697185,0.4905882421145408,7.780448838128763,3.932171409314869,3.982389718099734,11
25042010,transverse,5,26,2.5043673349923283,-0.019623106105504995,0.23509721384192517,0.6983441442638711,-0.463246930421946,11.729521867908636,11.542684931362796,0.18683693654583955,0.7164612337561047,32.68022003455777,-31.963758800801667,0.019086939249799872,0.0001926080055643098,0.018894331244235563,614.53131454964,59928.37575751136,-59313.84444296172,37.53672730758112,169672.17919530446,-169634.6424679969,2.4868995751603507e-14,0.2559721135059707,1.9984014443252818e-14,10.667056709216055,-0.003471401098510185,-2.149116750987682,0.002183162220121715,-0.10656729618789829,6.761998431539322,0.002419182817334442,0.2580090751112066,-0.0748901542121637,-0.5774842635227019,1.0908009629979967,2.776883849714509,11
25042010,transverse,4,27,2.5234542742421326,0.30100223378524105,0.24924614210174262,0.6289795858276239,-0.3797334437258813,11.722668928512276,11.251077674737129,0.47159125377514677,2.308785409854447,43.47330753304912,-41.16452212319468,0.019086939249801427,0.0004060651755546374,0.01868087407424679,614.1722763975494,27707.566056038853,-27093.393779641305,120.96153184321928,107059.92572170141,-106938.96418985819,0.0,0.5750705100595219,2.842170943040401e-14,5.666266638761378,-0.024501529226325758,1.190370167856136,0.0030042089821662454,0.1878564781397385,-6.307418548264863,0.002800011090502541,0.8385071757738037,0.5626900759619007,4.266019409785298,1.064470658971576,2.75344740815586,11
25042010,transverse,3,28,3.0181707672579705,-0.023359681629301576,0.14132770533867883,0.5399051669720372,-0.39857746163335833,11.764819047568565,11.384186432843588,0.380632614724977,1.5203692502405175,39.27081759929848,-37.75044834905796,0.01307852128547049,0.0002111265622175562,0.012867394723252934,899.5526933643962,53921.14717006905,-53021.59447670465,116.24932337951411,186006.04863177618,-185889.79930839667,6.217248937900877e-14,0.5041545770411844,8.43769498715119e-15,4.375080092248801,0.03945310242234967,-1.0561278040862743,-0.003004208982165135,-0.005358121764877488,-0.6323996015116649,-0.002957240084969337,0.40505402419970993,-0.18074681435352072,-2.5464954459000633,4.858018102976793,3.7534974581337486,11
25042010,transverse,2,29,3.0312492885434423,0.32255523653331697,0.23817977681730168,0.5962519710546661,-0.3580721942373644,11.728062961780154,11.427672742575592,0.3003902192045622,2.844208698799137,35.91578407069704,-33.07157537189791,0.013078521285469824,0.00011012574327207147,0.012968395542197753,896.7422773406331,103769.31317814511,-102872.57090080448,217.47173374707424,326134.31704124983,-325916.8453075028,6.039613253960852e-14,0.27951088811302327,1.0658141036401503e-14,2.5118435536469974,-0.004456771573828178,1.4841010353425514,0.0032491614118305145,-0.11020998208640087,4.568767678866557,0.003368941550008775,0.7668827658129924,0.23584047801355446,3.2440184175012945,4.8455047048232185,3.708792041745635,11
25042010,transverse,1,30,3.230246175592665,-0.30255852030361935,0.29081291017637023,0.6086281301179999,-0.31781521994162965,11.700220419139399,11.25965263128245,0.44056778785694917,1.199846076672653,38.730083829143624,-37.53023775247097,0.006580198461808129,0.0002486852006831075,0.006331513261125021,1778.095370078606,45276.72977866626,-43498.634408587655,182.34192838356358,155739.399541094,-155557.05761271043,1.687538997430238e-13,0.20351830675780214,8.391065620116933e-13,12.396603386302253,-0.028256508658305535,-2.2019858746060557,-0.0032491614118309586,0.12399186221948888,8.602276140646666,-0.0034140550333454645,0.2997128763738614,-0.3299109733809891,-5.2873374545645735,6.726968062270249,4.003318413238661,11
25042010,transverse,0,31,3.2368263740544747,0.3976377244685956,0.23643534856246395,0.5688890731003855,-0.33245372453792155,11.728890893815255,11.396129261744896,0.33276163207035836,3.9594552037582806,63.15290761809564,-59.19345241433736,0.006580198461808351,5.745741506513191e-05,0.006522741046743219,1782.4524536592708,198340.44481163318,-196557.9923579739,601.7227636429304,1099125.4574628444,-1098523.7346992015,1.616484723854228e-13,0.4179340974605932,9.903189379656396e-13,5.742291795255873,0.028670474675855928,2.7596091270856276,2.220446049250313e-16,-0.10780615578659081,-21.66321466186639,0.00019122778561819764,0.9725657982794927,0.5403942635232796,8.956608928521053,6.720676582044879,4.071143783549026,11
25042011,dephasing,15,16,0.5969606219860271,-0.22954898116430048,0.4014219453669273,0.5879745703926145,-0.18655262502568715,13.160598994850247,13.201050304440642,-0.04045130959039511,5.331382970097898,60.14254924345023,-54.811166273352335,0.01913679683709707,0.0003361946384881631,0.018800602198608907,687.7116952685707,39266.094081109004,-38578.382385840436,278.59327846146664,178892.05346612853,-178613.46018766708,0.187074832912554,0.2413624309947675,1.7660759215873938,18.142075671797187,0.00906222083956365,2.9354896053737054,-2.220446049250313e-16,-0.23331681105673496,-30.72401315733447,0.000404429079843005,0.6331189138240696,0.22616536999264983,21.78998167146802,16.829045834835618,9.815566705085766,11
25042011,dephasing,14,17,0.616097418823125,0.05948328045539086,0.4125552072895613,0.601724376847584,-0.18916916955802265,13.151536774010683,12.958671272544343,0.19286550146633985,2.3958933647241922,26.483046480742058,-24.087153116017866,0.019136796837097292,0.0007406237183313902,0.0183961731187659,687.2381457546755,17496.970393737807,-16809.73224798313,125.19824425787269,35757.761769239325,-35632.56352498145,0.23313927182422312,0.18806284985277522,1.040465208001625,8.999843760758232,0.07027615175601198,-1.7003580112112724,-0.010678874008834854,0.2676447300992404,18.46428594268899,-0.01028672394699831,0.2584328454433892,-0.13592353672808574,-17.30660208366232,25.81039274913465,11.283882912490672,11
25042011,dephasing,13,18,0.6898231778296429,0.1349378477891542,0.565523052945963,0.614309968447868,-0.04878691550190506,13.001922249659096,13.111029397334502,-0.10910714767540597,2.861119781773031,33.15283162583441,-30.29171184406138,0.04049454485476722,0.0019293529218477046,0.03856519193291952,321.0783649079203,6795.55785199647,-6474.47948708855,70.65444968042914,17183.39410608432,-17112.73965640389,3.1724144796811693,0.05301131909825507,0.275034848348346,27.537595993893895,-0.05418472657905582,-0.4983959729870886,0.010678874008834716,-0.010197776405132863,-8.10567770212391,0.009233624787448214,0.19838163630798197,-0.13658762913181793,-25.745174114387176,33.163183916705265,13.729105215013686,11
25042011,dephasing,12,19,0.7303177226844108,-0.13011807378673962,0.6008838445213728,0.7326282908141315,-0.13174444629275872,12.960677178465621,13.351361422472507,-0.39068424400688606,4.323138144796047,24.60805331265312,-20.284915167857072,0.04049454485476772,0.0002275836825910149,0.04026696117217671,320.0598308969428,58665.723616336385,-58345.66378543944,106.75853155778962,108127.49417046587,-108020.73563890808,3.0303858694964028,0.3818078463921388,1.8098993977298026,5.470041507131018,0.3796010170728987,-1.008635253127311,0.01246444437643851,0.017905598883684704,13.316753159863808,0.013436370079081661,0.4389663334020792,0.033371909697598776,4.7337398341663075,22.599162666869116,11.909997295560682,11
25042011,dephasing,11,20,0.9173220247918448,0.11594341265780204,1.0777330374197809,0.6211510988883077,0.4565819385314732,12.16023007312635,12.868302611232085,-0.7080725381057356,7.802427014073685,44.714051825454064,-36.91162481138038,0.015565656101891201,0.0004696658486206262,0.015095990253270575,781.2218125292452,27398.846752484424,-26617.624939955178,501.2591157738416,95203.96672820883,-94702.707612435,1.3508064058772202,0.7038553436074526,0.374043514483132,8.499370552108765,-0.4032915880281145,0.5916538803615596,-0.012464444376438177,-0.04447861791455221,-5.045235814024739,-0.012762222917367616,0.5532550216311081,-0.09829131639790775,-20.49736597026289,84.32865763973452,14.440806606256892,11
25042011,dephasing,10,21,0.9328876808937367,-0.09808387584324102,1.0748825188033835,0.6007610233957873,0.4741214954075962,12.166366143843305,13.102869740218786,-0.9365035963754806,10.098408122628204,53.546270949482405,-43.447862826854205,0.015565656101891034,0.00011619093279136017,0.015449465169099674,781.6160182522112,112770.15706334962,-111988.5410450974,648.7621245468331,460847.242233897,-460198.4801093501,1.84227544191201,0.5812911151888542,0.5938584549872044,5.655889957101522,-0.36655013690280924,-1.8768972889256013,-0.012566606694444538,-0.731102791737877,-17.2283798812995,-0.01151882392917819,0.6970490764628483,0.0639377494839153,12.641943692621368,83.42704483914912,14.061389973962731,11
25042011,dephasing,9,22,1.3592730207053232,0.1742306473527545,0.6450861064280833,0.6622324645924051,-0.017146358164321862,12.90560248836588,12.608331559535351,0.2972709288305282,16.148183809033924,31.675524888762958,-15.527341079729034,0.04069886949077994,0.001858281547494789,0.038840587943285154,317.09977819628523,6784.941483454465,-6467.84170525818,396.77229395013507,17045.60050734281,-16648.828213392673,2.316802997642176,0.7401509820911603,0.10137138548163804,14.887731464948644,0.29723531234906986,2.1510157789920594,0.012566606694444565,0.8256666904710865,21.284358342837116,0.011064614539741197,0.7790536654952405,-0.0653121897105103,-27.88536027084882,287.0148058749089,20.662887332748777,11
25042011,dephasing,8,23,1.3999718901961047,0.31243986244002225,0.5209322075684182,0.6566919639732505,-0.1357597564048323,13.050368208190314,13.17065613509595,-0.12028792690563606,17.895927937455525,48.07146395573362,-30.175536018278095,0.04069886949077972,0.0005963878527914801,0.04010248163798824,320.6567742906682,22084.044927221064,-21763.388152930398,439.71560294837735,80604.36464412905,-80164.64904118067,2.2728948540153695,0.2246033452675409,0.23044231814648697,30.390221855345935,0.3928931748728228,3.2243900264822614,0.0012797901694606706,0.028371380324770712,-17.920558858536204,0.00207512240051283,0.8645169846508906,0.08643015497142026,37.51466514775399,286.88682662963316,20.833771246035127,11
25042011,dephasing,7,24,1.6471071028357254,0.26830679502729216,0.9551916010954642,0.7001458127845941,0.2550457883108701,12.409347578269102,13.003937121560444,-0.5945895432913417,13.194892012912604,22.177505252667356,-8.982613239754752,0.03813928915185816,0.00092515862019249,0.03721413053166567,325.3691365053802,14055.90007782106,-13730.53094131568,345.96586109339546,23971.570678391417,-23625.604817298023,5.108494835299947,0.7932413784991219,0.3377190085668875,7.094604619497929,-0.41851989607051365,-3.5422582655392745,-0.0012797901694607816,-0.5880997640018757,16.467957693539542,-0.001693781204585687,0.7720114851310165,-0.07681056032937794,-23.016018307425014,201.60587292078566,17.310301432792997,11
25042011,dephasing,6,25,1.6852463919875844,0.3002637012782658,0.8463875191562655,0.6712431942685779,0.1751443248876876,12.605366740488918,12.498058372162214,0.10730836832670398,15.578372619448233,36.303978467758725,-20.725605848310494,0.03813928915185816,0.00042594731734368896,0.03771334183451447,330.50869643370845,29341.79383991228,-29011.28514347857,408.45996257088734,85231.14711499808,-84822.68715242718,4.978413223925697,0.24671144000276257,0.48210994237633287,19.634913491472197,-0.03615399165517985,-14.760509359628662,0.012492819082084439,0.18625399750157712,-21.872241697840288,0.012545609298097948,0.882845815870392,0.11141106474701622,33.6246229548168,201.60868968881476,17.37258915718954,11
25042011,dephasing,5,26,2.043540928379899,-0.40609855035352366,0.6693614024227257,0.5344137247571099,0.13494767766561577,12.873693886019092,12.436995601077497,0.43669828494159546,47.482871945241186,36.20698700642684,11.275884938814343,0.01315365098768928,3.231644652190724e-05,0.013121334541167373,978.716395779985,384850.3452459257,-383871.62885014573,3609.8625385211444,1120388.870164986,-1116779.0076264648,2.1432736248862234,0.6173209373591781,0.41797299456998616,17.213582784305316,0.1230928561543525,15.55125364712821,-0.01249281908208455,0.26156084753476083,18.86987237966021,-0.012274537638967187,0.928889369294687,-0.022128422606989877,-57.31457399468445,2292.1348193412095,50.89291255841592,11
25042011,dephasing,4,27,2.0566945793675897,-0.2449229317482165,0.6526126368925623,0.6025630135912816,0.05004962330128071,12.895835319240561,12.652868812753596,0.24296650648696527,48.28486397677772,42.747233010158965,5.537630966618757,0.013153650987689502,7.524846193485146e-05,0.013078402525754651,980.3996876083886,168147.87289218194,-167167.47320457356,3670.8335976047647,568081.1529034125,-564410.3193058077,2.309860545800147,0.5359704598874533,0.21433010225443638,17.38216810198238,-0.1639602114168408,-134.02990600892238,0.005562993195973642,-0.1385721205709034,-123.34915622152343,0.005540712750615073,0.9502767158838311,0.01912975933275227,49.608602635615625,2292.179870801882,50.92414474545511,11
25042011,dephasing,3,28,2.4231537333309436,-0.4161099019825856,0.2753931694452033,0.6214986053429101,-0.3461054358977068,13.245897175295712,12.91951820612157,0.3263789691741419,317.14666802615903,70.64897858868899,246.49768943747006,0.00202766459574244,7.361958663065771e-05,0.0019540450091117822,6532.587886136887,175490.23021465106,-168957.64232851416,156409.82670017678,959649.2159502067,-803239.3892500299,0.047105799306212504,0.0974960557011304,0.3126282180949147,12.716335689625453,0.17472229954619323,131.31708753743754,-0.005562993195973531,0.16531689818868323,113.96936992589457,-0.005582625237421923,0.9805416565731523,-0.018792695009478992,-1964.034271703611,102446.91874818287,323.2808639919695,11
25042011,dephasing,2,29,2.4251813979266874,-0.3979545780694821,0.2742701967286458,0.708471288968666,-0.4342010922400202,13.246514432258476,13.167356796774524,0.07915763548395205,323.37429700066525,63.85528894413302,259.51900805653224,0.00202766459574244,3.2726628429680105e-05,0.00199493796731276,6532.892303822169,402343.8230145613,-395810.93071073917,159481.157623241,1951172.2413244997,-1791691.0837012588,0.07105414776262542,0.9380930398481642,0.45395236336872813,7.405446420102919,-0.035247217051393775,-11.835471896014099,1.6579701792140966e-05,-0.3419962306152948,-3.382856727946489,5.740115390084899e-05,0.9996007779993118,0.018919920176934817,1977.2757862177823,102446.91516625992,323.27637986211283,11
25042011,dephasing,1,30,3.5073400575693485,0.34331175289601445,0.06412838488941217,0.7032330683931649,-0.6391046835037527,13.317626123324027,12.801697360299675,0.5159287630243519,353.27286976719967,73.96682963571226,279.3060401314874,0.001994505192158158,7.347657444611855e-05,0.0019210286177120395,6677.157911488646,174228.28237164687,-167551.12446015823,177123.06348269773,1006672.265185052,-829549.2017023542,0.05696417373202678,0.4855598713639431,0.0032365793540520826,12.64209245924745,0.03554921464668581,13.946417307409206,-1.6579701792474033e-05,0.13082556220199848,12.367133130760351,-6.805898699635549e-05,0.994182625178355,-0.005624861026694683,-710.2381727916509,125513.1020846494,355.34164358737723,11
25042011,dephasing,0,31,3.509334562761509,0.409481225225211,0.06402490121882781,0.6587068061864637,-0.594681904967636,13.317639385096207,12.626590618935452,0.6910487661607547,355.27860791891567,80.9198019739938,274.35880594492187,0.001994505192158824,1.1267950054794085e-05,0.00198323724210403,6677.164560640418,1120575.664387447,-1113898.4998268066,178128.695435667,7181412.908336907,-7003284.212901239,0.06269877259200207,0.09330416896787241,0.004305195097970227,8.955484232434415,1.3261772179973264e-05,2.0057381517160024,6.661338147750939e-16,0.17512000313640286,-4.947234186565538,6.22086243919906e-05,0.9998286522545312,0.0056334058681448635,711.3171258199582,125513.10166735017,355.3416475066538,11
25042011,transverse,15,16,0.5969606219860271,-0.22954898116430048,0.10388942978876976,0.5019801697418174,-0.3980907399530476,7.85315600190866,7.87721913569214,-0.02406313378348024,0.8230147216462097,34.58561039991547,-33.76259567826926,0.01913679683709707,0.0003361946384881631,0.018800602198608907,410.3694086716309,23430.5317036443,-23020.16229497267,43.00692162080014,102873.77144217359,-102830.76452055278,0.0,0.505919717068636,4.218847493575595e-15,8.10950645079378,-0.005974765436784324,-0.19759173221700588,-2.220446049250313e-16,-0.32188628449640255,-20.18806893151372,0.000404429079843005,0.3257744785537863,0.02580840199107032,0.1647184342730359,0.5126347977733557,2.5263327112050917,11
25042011,transverse,14,17,0.616097418823125,0.05948328045539086,0.0694136023056984,0.47272883189273385,-0.4033152295870355,7.8591307673454445,7.561307616632522,0.2978231507129223,1.0206064538632156,14.595133200618754,-13.574526746755538,0.019136796837097292,0.0007406237183313902,0.0183961731187659,410.68162212551,10209.378162595158,-9798.696540469648,53.332146573492246,19706.543065487134,-19653.210918913643,2.6645352591003757e-15,0.24833270671841667,1.554312234475219e-14,2.0497882219161863,0.04832260957481793,-0.35743730792236494,-0.010678874008834854,0.2689935343542844,8.785186514942609,-0.01028672394699831,0.3874473903359768,0.06502148809514627,0.4511781354548001,0.5904593982124324,2.6341807412309177,11
25042011,transverse,13,18,0.6898231778296429,0.1349378477891542,0.3090124623666674,0.41197193981590774,-0.10295947744924033,7.768460313632593,7.686737947131837,0.08172236650075604,1.9330728019249515,12.889903647051987,-10.956830845127037,0.04049454485476722,0.0019293529218477046,0.03856519193291952,191.83967473875808,3984.1015399973553,-3792.261865258597,47.7366225218205,6680.946498221576,-6633.209875699756,7.993605777301127e-15,0.1354846934073466,1.687538997430238e-14,0.675075746969446,-0.0676754436198479,0.9663215300900427,0.010678874008834716,-0.30791472048917123,2.1763487091061826,0.009233624787448214,0.3920857812817262,0.022031177397975953,0.5355153721378207,3.201255085404122,4.930229287085436,11
25042011,transverse,12,19,0.7303177226844108,-0.13011807378673962,0.22540689512758394,0.5184037396366643,-0.29299684450908037,7.813140747159438,7.331689723892506,0.48145102326693223,0.912896089806602,13.604728451517502,-12.691832361710901,0.04049454485476772,0.0002275836825910149,0.04026696117217671,192.94304393791796,32215.357623279637,-32022.41457934172,22.543680712566893,59779.0153346197,-59756.47165390713,7.105427357601002e-15,0.28602038004930375,4.440892098500626e-16,2.518751501900267,0.1676894754838516,-2.8540128066056822,0.01246444437643851,0.5749240167419392,0.9779150678939832,0.013436370079081661,0.16913937970729773,-0.11482614160830429,-3.3449836440654273,4.178362914849611,5.397300684124562,11
25042011,transverse,11,20,0.9173220247918448,0.11594341265780204,0.5843858193111308,0.4829599808361411,0.10142583847498965,7.52244222971858,7.79111058316935,-0.2686683534507699,5.600744990899617,21.98340900498235,-16.38266401408273,0.015565656101891201,0.0004696658486206262,0.015095990253270575,483.27177347857605,16588.624883097767,-16105.353109619191,359.8142573777623,46806.488207618226,-46446.67395024046,7.993605777301127e-15,0.4790170239673426,7.638334409421077e-14,10.081078740352442,-0.11108131965809775,2.5464638233153294,-0.012464444376438177,-0.4394188429076684,0.2063877756320558,-0.012762222917367616,0.6269113297452148,0.01736100285751096,1.3856519892935744,29.98269246379367,8.933871067820458,11
25042011,transverse,10,21,0.9328876808937367,-0.09808387584324102,0.6403457378139958,0.4977692473465489,0.14257649046744691,7.453906351593918,7.5938563959470535,-0.13995004435313518,5.1956662453619735,25.68193746308065,-20.486271217718677,0.015565656101891034,0.00011619093279136017,0.015449465169099674,478.868754571056,65356.70394851778,-64877.835193946725,333.7903787255562,221032.19972591812,-220698.40934719256,9.769962616701378e-15,0.2995185589360796,4.707345624410664e-14,0.5391358751030815,-0.1895971014800759,1.1899906689546977,-0.012566606694444538,-0.046346974256124884,-1.4841768532675808,-0.01151882392917819,0.5554149333424044,-0.04619294785114809,-4.042249018769276,31.03719675196309,9.354567069515452,11
25042011,transverse,9,22,1.3592730207053232,0.1742306473527545,0.3152528177528098,0.5156621883085883,-0.20040937055577857,7.7645646764294085,7.683102463172659,0.0814622132567493,2.410606161914935,24.032130876734392,-21.621524714819458,0.04069886949077994,0.001858281547494789,0.038840587943285154,190.78084412611065,4134.520128841888,-3943.739284715778,59.23029784552226,12932.448750369882,-12873.21845252436,1.509903313490213e-14,0.06527741020214872,1.0658141036401503e-14,10.789497045579271,0.1684879681766942,-1.7349373916051376,0.012566606694444565,0.20812034815186387,-2.535218324540935,0.011064614539741197,0.481074577064205,0.09151674305045761,2.297884877736932,3.513137190125285,5.010878306282238,11
25042011,transverse,8,23,1.3999718901961047,0.31243986244002225,0.35454470891411416,0.5340199911645844,-0.17947528225047027,7.73824706491151,7.851613290348604,-0.11336622543709396,3.0954208616781718,20.781762424516536,-17.686341562838365,0.04069886949077972,0.0005963878527914801,0.04010248163798824,190.134201802942,13165.280368468248,-12975.146166665305,76.05667922494592,34846.05249292801,-34769.99581370306,2.220446049250313e-14,0.2760599455585586,9.769962616701378e-15,0.5262615717189014,-0.058172430165845945,1.2844436283274625,0.0012797901694606706,-0.27972690764874475,1.0301805743691688,0.00207512240051283,0.6614005318485343,0.306977364263873,6.723829367322994,2.857800943589474,4.6801003516384405,11
25042011,transverse,7,24,1.6471071028357254,0.26830679502729216,0.18887747829001666,0.48137844200619684,-0.2925009637161802,7.828274313725304,7.577015162558752,0.2512591511665523,1.2113483047864837,17.022867864382093,-15.81151955959561,0.03813928915185816,0.00092515862019249,0.03721413053166567,205.25485628627422,8189.963317838692,-7984.708461552418,31.761166286117486,18399.945147611863,-18368.183981325747,7.105427357601002e-15,0.15479620449009346,1.5765166949677223e-14,1.2075756374100024,0.056508150873446183,-1.3523439478468018,-0.0012797901694607816,0.24795522828863925,2.363581472803734,-0.001693781204585687,0.43264641465329745,0.08914088677429244,0.6987934149295079,0.7685713005795913,2.799857490457204,11
25042011,transverse,6,25,1.6852463919875844,0.3002637012782658,0.24220601713890244,0.46930664808880274,-0.2271006309499003,7.805285260792206,7.685311189599286,0.11997407119292003,2.0319636435883996,20.69582414554872,-18.663860501960322,0.03813928915185816,0.00042594731734368896,0.03771334183451447,204.65209064893992,18042.867924434307,-17838.21583378537,53.27743879802757,48587.75558116649,-48534.47814236847,0.0,0.39009112420436765,7.105427357601002e-15,0.8440736739997838,-0.03275247248234603,1.2226048828100469,0.012492819082084439,-0.1735650352211997,-2.539375106317788,0.012545609298097948,0.7326538566630101,0.42916168800118876,3.301073019785636,0.8278032290793904,2.7734292600919357,11
25042011,transverse,5,26,2.043540928379899,-0.40609855035352366,0.1270742409250346,0.46335476410996845,-0.33628052318493384,7.847801152823799,7.511982091162112,0.3358190616616872,0.40736921677022186,16.84482044845968,-16.437451231689458,0.01315365098768928,3.231644652190724e-05,0.013121334541167373,596.6253141556429,232450.74566195757,-231854.12034780192,30.970049087624833,521246.0607957195,-521215.0907466319,1.9539925233402755e-14,0.10881517688536757,9.43689570931383e-16,0.957635096177782,0.017866191843292967,-1.1654762118850617,-0.01249281908208455,0.17390369015008034,5.027387428563642,-0.012274537638967187,0.1670786543956164,-0.08738116875298686,-0.519460258722449,0.6854099374944385,2.4381882787111824,11
25042011,transverse,4,27,2.0566945793675897,-0.2449229317482165,0.0967695942004396,0.48670393355376884,-0.3899343393533292,7.854584661168807,7.650727989338513,0.20385667183029366,1.1137272137221674,25.37954403226805,-24.265816818545883,0.013153650987689502,7.524846193485146e-05,0.013078402525754651,597.141027120144,101672.88197813735,-101075.7409510172,84.67057661515456,337276.581868758,-337191.9112921429,1.7763568394002505e-14,0.15252226095370514,7.105427357601002e-15,4.290437372467732,0.0034493383820857204,0.40757307834497447,0.005562993195973642,-0.21144000286080633,8.372016849099996,0.005540712750615073,0.4519604180624002,0.08985982102991823,0.5456603651456008,0.6947279414397124,2.464214053294346,11
25042011,transverse,3,28,2.4231537333309436,-0.4161099019825856,0.09736284086320907,0.45586082123633676,-0.3584979803731277,7.854469492749644,7.359695205029131,0.4947742877205128,1.004939053984164,49.843155157586466,-48.8382161036023,0.00202766459574244,7.361958663065771e-05,0.0019540450091117822,3873.6532211697904,99969.25467609598,-96095.60145492619,495.6140458803052,677036.6072230848,-676540.9931772045,1.4921397450962104e-13,0.08268336029460954,6.94999613415348e-14,27.828512299097476,0.00010974710017386258,-0.12072879678574222,-0.005562993195973531,0.23858561796920474,-11.837993044106867,-0.005582625237421923,0.4190016766780714,0.07243006645121376,0.41664560997918754,0.5932568922434802,2.3984129656748894,11
25042011,transverse,2,29,2.4251813979266874,-0.3979545780694821,0.09906657054863433,0.45913875496638373,-0.3600721844177494,7.854134830130134,7.545614162457811,0.30852066767232245,1.1376084878176451,50.87223778826262,-49.73462930044498,0.00202766459574244,3.2726628429680105e-05,0.00199493796731276,3873.488172857455,230564.97184459792,-226691.48367174045,561.0437200542548,1554460.0904297885,-1553899.0467097342,1.4921397450962104e-13,0.4026889865893093,2.042810365310288e-14,25.600966678808668,-0.0033836993505618196,0.07253803456792784,1.6579701792140966e-05,0.03307056274876752,-4.135203751629668,5.740115390084899e-05,0.47578193710626765,0.12368834443911303,0.707128796817001,0.5870242747377183,2.3910291650343654,11
25042011,transverse,1,30,3.5073400575693485,0.34331175289601445,0.058150230599267924,0.512438214718451,-0.45428798411918303,7.860567566211747,7.80444164408515,0.05612592212659706,1.1252018525152707,43.48583684654359,-42.360634994028324,0.001994505192158158,7.347657444611855e-05,0.0019210286177120395,3941.1116085921067,106216.7323792192,-102275.6207706271,564.1508765879641,591832.6646873337,-591268.5138107458,3.8191672047105385e-14,0.29756452824220236,5.329070518200751e-15,16.77284655153605,0.0031812363788983333,-0.030000901671041413,-1.6579701792474033e-05,-0.2532845751576236,5.205370137196134,-6.805898699635549e-05,0.865757143040065,0.5397855101332633,0.9117797286598042,0.3542994802439933,1.299673772906081,11
25042011,transverse,0,31,3.509334562761509,0.409481225225211,0.05754290568734731,0.46760168752920706,-0.41005878184185973,7.860637829535564,7.5503375026394455,0.31030032689611886,1.172797020554979,46.570177982558924,-45.39738096200394,0.001994505192158824,1.1267950054794085e-05,0.00198323724210403,3941.1468370394773,670071.971026093,-666130.8241890535,588.0140223077384,4132976.9617451476,-4132388.9477228397,3.2862601528904634e-14,0.22458082119475353,5.773159728050814e-15,12.332730536278333,7.026332381698808e-05,0.0475951680397082,6.661338147750939e-16,0.2541744047695218,-3.0367459679756195,6.22086243919906e-05,0.9045304968624164,0.609500590648142,1.0246449662379915,0.3508078851846415,1.2965809606454497,11
