seed,family,g_minus,g_plus,E_abs,prominence,real_pvp,null_pvp,delta_pvp,real_pvq2,null_pvq2,delta_pvq2,real_sigma,null_sigma,delta_sigma,real_gap,null_gap,delta_gap,real_pvq2_over_gap,null_pvq2_over_gap,delta_pvq2_over_gap,real_sigma_over_gap,null_sigma_over_gap,delta_sigma_over_gap,real_pvq2_asym,null_pvq2_asym,real_sigma_asym,null_sigma_asym,local_real_pvq2,local_real_sigma,local_real_gap,local_delta_pvq2,local_delta_sigma,local_delta_gap,C_E,C_null,H_local,H_z,null_p_ge,H_times_sigma,H_times_pvq2_over_gap,C_times_sigma
25042006,dephasing,31,32,0.35772338953875804,-0.25924472882938815,2.600542654054314e-15,0.33542309855308583,-0.3354230985530832,5.337527689125604,5.140542743587796,0.19698494553780854,1.7288489524335693,8.26449883755607,-6.535649885122501,0.04107719794060305,0.0007095314497304883,0.04036766649087256,129.93894317824652,7244.982228117447,-7115.043284939201,42.087801483768594,11647.825957109153,-11605.738155625384,1.8864784016692226e-05,0.1692949236711181,2.2662743816237452e-05,2.807623964214784,3.552713678800501e-15,-2.3934897130764146,-1.6653345369377348e-16,0.026943879284900163,0.8404291077089034,0.00017480758301943733,0.28439512884229085,0.21332125629408855,0.0710738725482023,1.9887464293392705,0.025974025974025976,0.12287599010035656,9.235263886498794,0.49167622057620447
25042006,dephasing,30,33,0.3988005874793617,0.07840321767799778,4.459162022578338e-15,0.3034345873722998,-0.30343458737229534,5.337527689125601,5.167486622872692,0.17004106625290838,4.122338665509984,11.498417658341388,-7.376078992831404,0.041077197940603216,0.0008843390327500922,0.040192858907853124,129.9389431782459,5843.332061011703,-5713.393117833458,100.3558877475236,13002.273146967107,-12901.917259219583,6.578582064875604e-06,0.34427072537759074,3.211373712108667e-05,13.123001895879128,-3.552713678800501e-15,1.122464801656129,-0.016415739566341847,-0.019279936932123043,-1.909822025017336,-0.016309943122498297,0.3831743421072393,0.33998133007519454,0.04319301203204473,2.6768052973313505,0.00999000999000999,0.17805622357953596,5.612454336129152,1.5795744061000228
25042006,dephasing,29,34,0.5338614542571807,0.44957155556610884,4.049880488329718e-15,0.32513219516591163,-0.3251321951659076,5.337527689125604,5.15587062829335,0.1816570608322543,4.270898775274141,8.667762825779777,-4.396864050505636,0.07390867707328708,0.001270739503456797,0.07263793756983028,72.21787617484978,4057.3780969803943,-3985.1602208055447,57.78616184726405,6821.03830265828,-6763.252140811016,5.171002854442719e-05,0.2770924344167405,9.851331246313322e-05,2.588937702870685,1.7763568394002505e-15,1.3190720583656663,0.028650502717651155,0.12768081380862473,2.9728039760645686,0.030061785345273734,0.3601199024736761,0.3144469872625831,0.04567291521109301,1.7281104607730635,0.03496503496503497,0.1950643976382568,3.298400935259128,1.5380356504266661
25042006,dephasing,28,35,0.607770131330468,0.2559391207230249,9.757860634312112e-15,0.24842689214905575,-0.24842689214904598,5.337527689125604,5.3996162613312535,-0.06208857220564923,1.7813147683069643,9.14457182861597,-7.363257060309005,0.04943915077066863,0.004479705229408659,0.04495944554125997,107.96155690223273,1205.3507953790136,-1097.3892384767807,36.03044834992973,2041.3333825143432,-2005.3029341644135,0.00013681896489092793,0.3539975903269097,5.3631565832157335e-05,6.798466260964981,0.0,-0.7946692671419728,-0.010986842411062209,-0.11285053498945263,-3.9902042638440682,-0.012931178047485836,0.2859399663424303,0.20617060887768782,0.07976935746474248,3.7936786882184728,0.000999000999000999,0.14209433451030318,8.612024024984338,0.5093490848949674
25042006,dephasing,27,36,0.6572092821011378,0.11970553571843268,1.0517064187387134e-14,0.2935443719170496,-0.2935443719170391,5.337527689125604,5.417660824390252,-0.08013313526464749,0.881069295623734,3.2303108380479713,-2.349241542424237,0.046943309290174595,0.0037999996825132665,0.04314330960766133,113.7015640744946,1425.7003360608408,-1311.9987719863461,18.768793869590805,850.0818705099177,-831.3130766403269,7.756492197064091e-05,0.24232979204505245,0.00015564157621661412,0.7929106758322897,4.440892098500626e-15,-0.16199802238027372,-0.0012479207402468218,0.009786468555049499,4.200824919578773,-0.0016648798063984283,0.13799648494000122,0.20139754249089026,-0.06340105755088904,-3.1516521077815276,0.997002997002997,-0.05586072511816163,-7.20879940751313,0.1215844657846381
25042006,dephasing,26,37,0.7041525913913126,-0.05040636879884622,2.2595266097937784e-15,0.2752359748149163,-0.275235974814914,5.337527689125595,5.45527832455934,-0.11775063543374475,0.3048198677010512,6.041695731398067,-5.736875863697016,0.04694330929017421,0.0022863760033146607,0.044656933286859546,113.70156407449535,2385.993518411049,-2272.2919543365538,6.49336129706675,2642.476881597407,-2635.9835203003404,7.689226008178451e-05,0.49713820094646444,0.0001853905063363137,0.7562004192125364,-1.865174681370263e-14,-0.4818767986017989,0.021489211741188924,-0.05699391395418907,3.8718063876730575,0.021138090937252885,0.07172599487036692,0.10897690580175831,-0.03725091093139139,-1.6538075768061642,0.967032967032967,-0.011354817741850366,-4.235486836098918,0.02186350826711152
25042006,dephasing,25,38,0.8981618524016892,-0.5264517759070934,2.693651843689621e-14,0.23796450931750177,-0.23796450931747484,5.337527689125624,5.378907996820088,-0.04138030769446388,0.6923240369819662,17.560446997297873,-16.868122960315908,0.00396488580779597,7.051071624397665e-05,0.0038943750915519937,1346.1996001576367,76284.97175107875,-74938.77215092111,174.61386545374944,249046.4986419418,-248871.88477648806,0.00679005272433475,0.5185845524170078,0.0029693903714091974,16.259351098675214,3.4638958368304884e-14,-0.09315358603562751,-0.021489211741189118,-0.16957289791721086,-7.396040057378876,-0.020249200701595527,0.07566310777635107,0.21566811046516215,-0.14000500268881108,-3.3963544098249447,0.998001998001998,-0.09692882865918873,-188.47467863974634,0.052383388226324976
25042006,dephasing,24,39,0.9021267382094852,-0.32373578461627883,2.6663343943499246e-14,0.21250417985364184,-0.21250417985361517,5.337527689125583,4.963391873246344,0.3741358158792387,1.2661353783341363,14.473425320511186,-13.20728994217705,0.00396488580779597,0.00033466750836047554,0.003630218299435495,1346.1996001576265,14830.814911079442,-13484.615310921816,319.3371611975793,43247.17804670072,-42927.84088550314,0.006689446515700581,0.3005784636148574,0.0032305926705389343,11.50506296269206,-3.019806626980426e-14,0.7229305873514292,-0.03357326662544796,0.3837518136644573,-0.7831767895573272,-0.032461785449753144,0.17100988790873084,0.24119753448407355,-0.07018764657534271,-3.524177769143015,0.997002997002997,-0.08886706245105419,-94.48658175573117,0.21652166912619916
25042006,dephasing,23,40,1.070934903115721,-0.030987566274513115,2.713704668081954e-15,0.24537109710772786,-0.24537109710772514,5.337527689125602,5.315379377001575,0.02214831212402668,0.39408554498344783,8.374188889906986,-7.9801033449235375,0.0711114190586919,0.002821786651866609,0.06828963240682528,75.05865808584507,1883.6928629899985,-1808.6342049041534,5.5418039774763725,2967.6903051360982,-2962.148501158622,0.00025033524782536176,0.13848390446081016,9.132351101032166e-05,4.46241510285221,7.993605777301127e-15,-0.9914830143645749,0.04108571475111461,-0.21145782902376142,-0.6683370985088741,0.04164307840210882,0.08215004914571152,0.1193999135698589,-0.03724986442414739,-1.535296423261166,0.957042957042957,-0.01467963312214967,-2.795924837556163,0.032374146888004746
25042006,dephasing,22,41,1.1420463221744133,0.053899929216443127,3.760720290303438e-15,0.3212180585908259,-0.32121805859082214,5.337527689125604,5.244451222709267,0.09307646641633749,1.505001740361909,2.9212442910141845,-1.4162425506522756,0.056086522807358596,0.006423633097361159,0.04966288970999744,95.16595827233769,816.4306932261896,-721.264734953852,26.83357186415649,454.76512228169406,-427.93155041753755,0.00022886743784678032,0.16409831333307956,0.0001584873633206918,0.9350356927319856,0.0,0.5558556645340165,-0.007512448125666538,0.2610409099821376,4.393973404796358,-0.010041619228426002,0.24650595615907175,0.13497576406485762,0.11153019209421414,4.036958229641129,0.001998001998001998,0.16785313320469028,10.61387760694379,0.3709918930289794
25042006,dephasing,21,42,1.1981328449817723,0.15019885560936624,5.123340025553883e-15,0.34124590547879224,-0.34124590547878714,5.337527689125606,5.695604888381233,-0.35807719925562687,1.5042066066723372,5.144535172646066,-3.6403285659737286,0.056086522807358374,0.00496713733733678,0.051119385470021594,95.1659582723381,1146.65742087877,-1051.491462606432,26.819394952310898,1035.7143004635343,-1008.8949055112234,0.0002507539868545905,0.052934880939393913,0.0004888012280515053,1.1282752034795136,1.7763568394002505e-15,-1.9750499535244872,-0.005711569022205043,-0.32950519158586156,-4.0203385068351425,-0.005009058553407886,0.1539094945723688,0.20433783945628134,-0.05042834488391254,-1.5201567568320984,0.932067932067932,-0.0758546495379324,-4.799061764965495,0.23151167856535737
25042006,dephasing,20,43,1.276812175086643,0.23483648797615053,1.0414430308043869e-14,0.31372013713502234,-0.3137201371350119,5.337527689125604,5.487748170881472,-0.1502204817558681,5.45351138003174,3.277248947656636,2.176262432375104,0.06750966085176824,0.004915662514906716,0.06259399833686152,79.06316846777348,1116.380173423198,-1037.3170049554244,80.78119947908019,666.6952700105834,-585.9140705315032,1.2093215427277926e-05,0.44015423508743456,0.000780299217896463,0.5323717656312135,8.881784197001252e-16,1.42909243169239,0.0057115690222049875,-0.036775125767878336,2.908915758689289,0.006074453712660632,0.3413177723477124,0.32989936344654447,0.011418408901167909,0.5152511473037283,0.2947052947052947,0.062270422884374906,0.9027755865869627,1.8613803557053321
25042006,dephasing,19,44,1.344321835938412,0.08758825476818424,1.104749272348086e-14,0.30496648361912865,-0.3049664836191176,5.337527689125601,5.206341201845953,0.13118648727964732,6.544631290006363,4.369609376661004,2.1750219133453585,0.06750966085176813,0.005589957073387941,0.061919703778380186,79.06316846777355,931.3740934848562,-852.3109250170826,96.94362565939264,781.6892543707294,-684.7456287113367,0.000238146957587837,0.10458838348293042,0.0008326970103107456,3.717336267575819,-3.552713678800501e-15,3.200028233199841,-0.00037340076954067714,0.09949796314053572,3.4608478280306474,-0.0017900385558482501,0.3414328655542515,0.28616371130379753,0.05526915425045398,1.8447366945706654,0.03296703296703297,0.3617162362797093,4.3697544535750055,2.23455221534289
25042006,dephasing,18,45,1.4873017329159637,0.1536621896886704,4.6455760955232546e-15,0.3445752280046138,-0.34457522800460916,5.337527689125604,5.123930159091513,0.21359753003409132,1.235694733581304,5.9836089953269855,-4.747914261745682,0.06825646239084937,0.0034309760592540206,0.06482548633159535,78.19812955675778,1493.4322101348566,-1415.2340805780989,18.10370315568778,1743.9961375387652,-1725.8924343830774,0.00011910902842426907,0.016863991943712797,0.00022446183921598362,0.8617747493920858,-7.105427357601002e-15,-2.2368319059770325,0.030001302560736187,0.09003496188999316,-0.8793515190743864,0.029730327289310243,0.12536436361357614,0.15841310392559724,-0.033048740312021097,-1.1470200509458384,0.8791208791208791,-0.04083815435506061,-2.584349676607069,0.1549120838960677
25042006,dephasing,17,46,1.5555581953068136,-0.2663225769810153,6.59360829399548e-15,0.3155858394015404,-0.3155858394015338,5.337527689125621,5.221589040117072,0.115938649008549,0.4004219891103103,10.31256938779826,-9.91214739868795,0.00900065880845824,0.0007300445022682123,0.008270614306190027,593.0152228534379,7152.425672536198,-6559.41044968276,44.48807555442714,14125.946234452304,-14081.458158897876,0.0003410561684855651,0.03227804489779729,0.0035114704430925237,2.1489150072164946,2.5757174171303632e-14,-1.390590332019399,-0.02962790179119562,-0.12118372026674784,-0.877203557615589,-0.028364777931946694,0.06566619004282877,0.12252024145207106,-0.056854051409242296,-2.2646099720535493,0.996003996003996,-0.02276561235426864,-33.715317966572634,0.026294186434245147
25042006,dephasing,16,47,1.5645588541152726,-0.25688244150605355,9.220784659179689e-15,0.3053709801987439,-0.3053709801987347,5.3375276891255865,5.076880480609084,0.26064720851650236,2.346329908678115,15.668303329077155,-13.32197342039904,0.00900065880845835,0.0005553606637802577,0.008445298144678093,593.0152228534266,9141.591782989295,-8548.576560135869,260.6842408550312,28212.8432043158,-27952.158963460766,0.00010202217512311762,0.12968614588713034,0.004134005361521087,7.116752507866911,-2.842170943040401e-14,1.555491720546283,0.0018073257028070056,0.18541297805976376,0.35698477434879194,0.0018286051482904742,0.16015002209806084,0.25332309593568636,-0.09317307383762552,-2.9127049829105767,0.996003996003996,-0.21861476982869513,-55.25305114575827,0.37576478672414115
25042006,dephasing,15,48,1.6726114961913798,-0.31916434684211487,2.4495310395348325e-14,0.2584522725920566,-0.25845227259203213,5.33752768912561,5.302997877220681,0.03452981190492821,1.1812543871533534,18.627023377961066,-17.445768990807714,0.0053860074028444505,0.0004232357162592404,0.00496277168658521,990.9989515251617,12529.655871416317,-11538.656919891155,219.31911688972264,44010.99118617777,-43791.67206928805,0.007336772295728267,0.10414559362369591,0.002789485171710737,6.730477130511167,2.3092638912203256e-14,-0.2997025273782332,-0.001807325702806839,-0.2058737944848401,0.19714616494640325,-0.0018480351542568552,0.08495783102608312,0.217532723801231,-0.1325748927751479,-4.034251454455843,0.999000999000999,-0.15660467371702885,-131.38157973873228,0.10035681062259397
25042006,dephasing,14,49,1.6779975035942247,-0.2653312179932795,3.0993754984778583e-14,0.2568684563433236,-0.25686845634329264,5.337527689125586,5.117367684862551,0.22016000426303428,0.6155839203850584,22.57944081149425,-21.96385689110919,0.005386007402844228,0.00020969186583819077,0.005176315537006038,990.9989515251981,24404.226002792977,-23413.22705126778,114.29318126447106,107679.1449264786,-107564.85174521414,0.006976749588186948,0.40873277581184553,0.002130922663114876,3.9649740043670043,-2.398081733190338e-14,-3.9601335123607657,-0.007447846349991349,0.11040546725370115,-7.38070132378369,-0.007318322474062167,0.03977112646175287,0.2661789424525075,-0.22640781599075463,-5.339914016874039,0.999000999000999,-0.13937301097340765,-224.36990826394782,0.024482465945455768
25042006,dephasing,13,50,1.698279203697052,0.35486993353313356,1.6690097646031887e-14,0.26563019494208934,-0.26563019494207263,5.33752768912561,5.1525484270118715,0.18497926211373805,7.970180478338294,19.690722622181582,-11.720542143843288,0.020281700102826705,0.00025519576727550675,0.0200265043355512,263.1696387415622,20190.57166198698,-19927.40202324542,392.9739833411437,77159.28376242887,-76766.30977908772,0.00017604582194419294,0.012838375147291359,0.000298720319417356,12.28501637595708,1.5987211554602254e-14,7.203202092478671,-0.03161555914806402,-0.06412700509686386,1.1376246352112052,-0.027982877590166544,0.44398215881481773,0.264181197976214,0.17980096083860375,4.0268195468257995,0.000999000999000999,1.4330461080623078,47.31815390928112,3.5386179349163527
25042006,dephasing,12,51,2.0562693052963943,0.41542481483536553,1.9295976424051896e-15,0.2863568516014093,-0.28635685160140734,5.3375276891256025,5.059475158967433,0.27805253015816955,0.918372851334189,4.670849518333982,-3.7524766669997933,0.09840851109893722,0.007566062784507777,0.09084244831442945,54.23847622040942,668.706472979207,-614.4679967587975,9.33225024013301,617.3421568610275,-608.0099066208945,0.00011936355957864464,0.012949222127913274,6.06604242168185e-05,5.455789867233697,-4.440892098500626e-15,-4.352712599069541,0.048560366863597604,0.20753137251615916,4.107613766532307,0.043478254153061835,0.1481451381074642,0.22264215918755845,-0.07449702108009423,-1.8315684426276966,0.965034965034965,-0.06841604166522933,-4.04060490634403,0.13605247289504913
25042006,dephasing,11,52,2.1546778163953326,0.3633038694189986,3.36008949921993e-15,0.3143787231740275,-0.3143787231740241,5.337527689125604,5.3814646359553215,-0.04393694682971727,2.5719904224691645,6.571629145690077,-3.999638723220912,0.07941458836785253,0.004712704380668509,0.07470188398718403,67.21092180698459,1141.9058360694264,-1074.694914262442,32.386875954775086,1394.4496863938398,-1362.0628104390646,9.669579287852059e-05,0.25848371779436885,3.7749413563048506e-05,9.161622215825485,1.7763568394002505e-15,-0.5026821356143065,-0.009496961365542123,-0.22610758662457675,-0.9485270897112028,-0.009992636238415509,0.29645142428587246,0.2850864013190693,0.01136502296680314,0.30072848017451687,0.3936063936063936,0.029230730221759767,0.7638536699563898,0.7624702239906066
25042006,dephasing,10,53,2.2340924047631856,0.018575699974093113,5.192845592091412e-15,0.353403518293281,-0.35340351829327576,5.3375276891256025,5.251238939694053,0.0862887494315494,5.2309722648327535,7.580718864852379,-2.3497466000196257,0.07941458836785209,0.0008679962310824685,0.07854659213676962,67.21092180698494,6049.840715489388,-5982.629793682403,65.86916046964376,8733.585001168207,-8667.715840698564,6.572254831915814e-06,0.15107720343045017,3.984629514341975e-05,0.9230026735010286,-8.881784197001252e-16,0.26894302541349546,-0.002563709720331264,0.08672826449654014,-0.21003603772381574,0.0020231365216689667,0.39781724018493353,0.35133234862875506,0.046484891556178465,1.4968316961489991,0.04995004995004995,0.2431611784641278,3.1242924115884856,2.0809709498796973
25042006,dephasing,9,54,2.318634412571701,-0.18386902719471335,5.945414333277112e-15,0.2712633783892495,-0.2712633783892436,5.3375276891256025,5.294469772425867,0.0430579166997358,7.352068056369351,7.631850457740059,-0.2797824013707082,0.08454200780851417,0.00619698056549689,0.07834502724301728,63.13462179908227,854.3628169344342,-791.2281951353519,86.9634900678208,1231.5433907009708,-1144.57990063315,1.8536765184151704e-05,0.6692916675198193,8.476021405279255e-05,6.059519410325159,0.0,3.515071487112487,-0.0884524726148802,0.012705157217610452,1.9561600979758031,-0.09028693659217768,0.4506041418858919,0.30659839458164917,0.1440057473042427,2.8316498173616895,0.000999000999000999,1.0587400546891195,9.091748392947574,3.3128723176269883
25042006,dephasing,8,55,2.585208785050639,0.17954176267520439,3.0478072615038495e-15,0.33039646884864593,-0.3303964688486429,5.3375276891256025,5.363110919592901,-0.025583230467298712,2.4430208736809744,4.5651592723543715,-2.122138398673397,0.26657437247893667,0.007857036945316365,0.2587173355336203,20.022658740563465,682.5869544612349,-662.5642957206715,9.164500139164764,581.0281031038928,-571.8636029647281,3.342722352783767e-05,0.004834817660750446,0.00012033064726546527,3.50441968835496,-1.0658141036401503e-14,-1.292611988574449,0.20656205943387196,-0.07548262004755513,2.2134067186799298,0.20242938585255088,0.3059522794470704,0.21098471319596682,0.09496756625110356,2.0285336087113763,0.02097902097902098,0.23200774667412682,1.9015031704676986,0.7474478050394675
25042006,dephasing,7,56,2.853134087092072,-0.2296685543916836,5.105290801529158e-15,0.26637180092942014,-0.26637180092941504,5.337527689125623,5.280786826664846,0.05674086246077703,0.11919766814149604,8.510505501477441,-8.391307833335945,0.03548261828161525,0.0012517461624936832,0.03423087211912157,150.4265453795775,4218.73618221817,-4068.3096368385927,3.3593256054403517,6798.906804334132,-6795.547478728692,6.266548381361758e-05,0.03171296573573912,6.66276370852592e-05,1.773092828579376,2.042810365310288e-14,-1.2231717805734161,-0.11554587709866138,-0.10749067771427656,-2.192180959350857,-0.11090415324059111,0.030632599825297785,0.13940478405833562,-0.10877218423303783,-4.402666472424928,1.0,-0.012965390719235312,-16.36222390756683,0.003651334468287095
25042006,dephasing,6,57,2.8886167053736886,-0.06933547874680529,7.265210567954587e-15,0.2200343712641945,-0.22003437126418723,5.337527689125602,4.983481378308196,0.3540463108174059,0.24171802374884993,10.517833373045631,-10.27611534929678,0.035482618281616585,0.003929903095811538,0.03155271518580505,150.42654537957125,1268.092687481163,-1117.6661421015917,6.812293890783228,2676.359471625512,-2669.547177734729,5.623615298588902e-05,0.06866602612056028,8.08895161316936e-05,8.678260992385518,-2.6645352591003757e-15,-0.16374139082557004,0.0025133623638828873,0.17798237715836907,-1.383042478724125,0.0003888974589615346,0.045433379120339075,0.16666032341315543,-0.12122694429281636,-4.113669757424611,1.0,-0.029302737399571493,-18.235750436890097,0.010982066613200623
25042006,dephasing,5,58,2.924807946013348,0.1315088282973956,1.6896890192873987e-14,0.2526102717698941,-0.2526102717698772,5.3375276891255865,5.04214068426829,0.29538700485729663,0.6917211610073439,10.086559068816708,-9.394837907809364,0.030455893553852142,0.002359130219286687,0.028096763334565455,175.25434542538588,2137.2879898901238,-1962.0336444647378,22.71222677424459,4275.541462847485,-4252.82923607324,4.709332209529293e-06,0.16142587011671328,0.0001806207177849073,5.05945158671267,-1.7763568394002505e-14,-1.146346125645708,-0.002513362363882221,0.015559204845918995,-0.8559022206408997,-0.0026534535007570748,0.06924142434506274,0.25068420929172286,-0.1814427849466601,-7.329028224492605,1.0,-0.12550781385970955,-31.798636507985975,0.047895758437768964
25042006,dephasing,4,59,2.955263839567201,0.3091451480432714,1.4548900272601382e-14,0.29064100347381516,-0.2906410034738006,5.337527689125608,5.1319183999202584,0.20560928920534938,3.4344165495572536,10.2361725745974,-6.801756025040147,0.030455893553852142,0.0005081750690121289,0.029947718484840014,175.2543454253866,10098.721312512424,-9923.466967087037,112.76689496844067,20143.004249492387,-20030.237354523946,3.1466083524556154e-05,0.22647838727308134,2.4281970660844365e-06,5.964672223824893,1.4210854715202004e-14,3.0315330620386423,-0.02265664152517155,0.11313070580277351,2.928764058252856,-0.021282428705078904,0.48006258933140594,0.33280096381913493,0.147261625512271,11.29040226597845,0.000999000999000999,0.5057577637740462,25.808239785431464,1.6487349016230881
25042006,dephasing,3,60,3.0420566481857385,-0.21743067187783957,3.645286818484952e-15,0.21650077192982775,-0.21650077192982412,5.337527689125601,5.447957527177746,-0.1104298380521449,0.11404581402987873,10.18024807280652,-10.066202258776642,0.07576917660419524,0.0014056455589228634,0.07436353104527238,70.44457823539379,3875.7690319545977,-3805.324453719204,1.5051742560914165,7242.400481532183,-7240.895307276091,1.5653611048271898e-05,0.09815575008260335,8.00804526011889e-05,3.873802466005314,-4.440892098500626e-15,-2.1944981281107236,0.022656641525171217,-0.14331596592856455,-0.47862598181155214,0.022039776898406194,0.01944205827886939,0.19250830380408318,-0.1730662455252138,-4.973025696183614,1.0,-0.019737480852017864,-12.191578672806793,0.002217285362830003
25042006,dephasing,2,61,3.117825824789935,-0.14969042972453012,4.089574040295734e-15,0.25998602465453635,-0.25998602465453224,5.3375276891256025,5.477364722578113,-0.13983703345251008,1.182671334723951,13.556067863613983,-12.373396528890032,0.07576917660419591,0.0010693867953035507,0.07469978980889236,70.4445782353932,5121.967791853401,-5051.5232136180075,15.608871413530151,12676.487051409706,-12660.878179996176,1.273306428384302e-05,0.08403280061698748,6.986856542967601e-05,9.64288476453195,8.881784197001252e-16,-0.013342940689209382,-0.024814142965049468,-0.19364833354797284,-4.918295534639837,-0.024676196761802438,0.14559827786865412,0.22102939893765486,-0.07543112106900074,-2.206858115929074,0.984015984015984,-0.08921022463439905,-5.313713509528639,0.17219490962042985
25042006,dephasing,1,62,3.256285640903342,0.46896422733712345,2.7297732422792503e-15,0.35102330953309446,-0.35102330953309174,5.3375276891256025,5.119475250882532,0.2180524382430704,2.2779827367964423,7.1219824665201905,-4.843999729723748,0.1253974625342955,0.0010090204381782986,0.12438844209611721,42.56487795888069,5073.708179910918,-5031.143301952037,18.16609914393943,7058.31338696997,-7040.147287826031,2.729782894839161e-06,0.3024395626087495,5.881489113512828e-07,0.21484225998815543,1.7763568394002505e-15,0.652109452415206,0.02481414296504969,0.23012394876001618,4.470457429236962,0.024810592762736006,0.4083791797783457,0.26268367448109076,0.14569550529725495,6.432821112671016,0.000999000999000999,0.33189184589598136,6.201511402135112,0.9302807216021622
25042006,dephasing,0,63,3.3816831034376382,0.23611753619035886,2.0692333805230575e-15,0.24541094780058353,-0.24541094780058145,5.337527689125599,5.22183367670698,0.11569401241861854,2.0690752340385217,8.324593023069909,-6.255517789031387,0.12539746253429573,0.0009415536764256771,0.12445590885787006,42.56487795888059,5545.975558748905,-5503.410680790024,16.500136384120513,8841.336645481222,-8824.836509097102,7.584596745324745e-06,0.3812179139175944,1.2825252294401679e-05,1.4817791483078784,-3.552713678800501e-15,-0.20890750275792058,2.220446049250313e-16,-0.10235842582445187,-1.4115180593076389,6.74667617528435e-05,0.5000000267530269,0.16981066787001198,0.3301893588830149,11.057713686059838,0.000999000999000999,0.6831866250079035,14.054469764176554,1.0345376723732862
25042006,transverse,31,32,0.35772338953875804,-0.25924472882938815,0.003965840883639587,0.33279871169672515,-0.32883287081308554,6.566706567736929,6.303628889125491,0.26307767861143816,0.5227225449312214,8.938073659440516,-8.415351114509294,0.04107719794060305,0.0007095314497304883,0.04036766649087256,159.8625733243119,8884.21350670205,-8724.350933377738,12.725370062657866,12597.14937630403,-12584.424006241374,7.105427357601002e-15,0.48618537763591263,4.884981308350689e-15,0.393181387695817,1.9172054983584985e-06,-0.19312496259068113,-1.6653345369377348e-16,0.2646128640919505,-0.27471683760752086,0.00017480758301943733,0.1079295129678723,0.14421715561186738,-0.036287642643995074,-1.076787882251994,0.8601398601398601,-0.01896836891242382,-5.80103593294209,0.056417189691753473
25042006,transverse,30,33,0.3988005874793617,0.07840321767799778,0.004200607029470449,0.28477835865188034,-0.2805777516224099,6.566704650531431,6.568239836011943,-0.0015351854805123466,0.7158475075219025,8.856481784423675,-8.140634276901773,0.041077197940603216,0.0008843390327500922,0.040192858907853124,159.86252665108148,7427.287038983476,-7267.424512332394,17.426882635884837,10014.803662891642,-9997.376780255756,2.6645352591003757e-15,0.7656989204221496,6.217248937900877e-15,2.5766040309488387,-9.33799952740344e-06,-1.0634907228753265,-0.016415739566341847,-0.14965493975209831,-1.3550976642886257,-0.016309943122498297,0.1489892888148278,0.14166909339740855,0.007320195417419267,0.25527192062515963,0.34865134865134867,0.005240143644132836,1.1702249350083123,0.10665361104555536
25042006,transverse,29,34,0.5338614542571807,0.44957155556610884,0.0009414381850220515,0.3422356073753422,-0.34129416919032013,6.566721409324988,6.533559579393255,0.03316182993173378,3.035953915863237,8.191676026580238,-5.155722110717001,0.07390867707328708,0.001270739503456797,0.07263793756983028,88.84912664332357,5141.541253435492,-5052.692126792168,41.077097251420376,6446.384962690145,-6405.307865438725,7.105427357601002e-15,0.5059157388361601,3.419486915845482e-14,8.10607228095758,2.285896982190394e-05,1.645175251269219,0.028650502717651155,-0.13257065267627421,1.0331229461629636,0.030061785345273734,0.3584404722700713,0.3040947454981589,0.054345726771912406,1.3056655119111362,0.1028971028971029,0.164991122003621,4.828570360481105,1.088208755392191
25042006,transverse,28,35,0.607770131330468,0.2559391207230249,0.005463099115662849,0.37802936552593025,-0.3725662664102674,6.566692450178903,6.2336922994823745,0.33300015069652833,2.0657098216661334,6.302765658524288,-4.237055836858155,0.04943915077066863,0.004479705229408659,0.04495944554125997,132.82373074407266,1391.540733206959,-1258.7170024628863,41.782874290221066,1406.959908242954,-1365.177033952733,7.105427357601002e-15,0.1806078550166932,2.6201263381153694e-14,0.27740190357868055,-2.6960094696271142e-05,0.11773837475088822,-0.010986842411062209,0.30011704792104776,0.459426702653392,-0.012931178047485836,0.21513366267437223,0.2585082691897456,-0.04337460651537339,-1.2091003904230526,0.916083916083916,-0.08959935068971067,-5.761177056928055,0.44440371995745953
25042006,transverse,27,36,0.6572092821011378,0.11970553571843268,0.002210069825953138,0.3504212171037123,-0.3482111472777592,6.566717411222209,6.5341130356029815,0.032604375619227355,0.8599889779672536,5.097231946273347,-4.237242968306093,0.046943309290174595,0.0037999996825132665,0.04314330960766133,139.88612031228584,1719.5035740848828,-1579.617453772597,18.31973482421812,1341.3769400375604,-1323.0572052133423,1.7763568394002505e-15,0.2573960301544762,4.218847493575595e-15,1.0633164919855895,1.0661233334374742e-05,-0.5508392829788447,-0.0012479207402468218,-0.35179677735449877,0.8460362231556235,-0.0016648798063984283,0.10347304508036659,0.1443898116491214,-0.040916766568754814,-1.3126276939236654,0.926073926073926,-0.035187968263188145,-5.723687731026551,0.08898567828582402
25042006,transverse,26,37,0.7041525913913126,-0.05040636879884622,0.0011161684424397132,0.2552311229455391,-0.2541149545030994,6.566721049798847,6.130918894547923,0.4358021552509239,0.7559467002260631,6.68544924629134,-5.929502546065278,0.04694330929017421,0.0022863760033146607,0.044656933286859546,139.88619782230265,2681.5007180182342,-2541.6145201959316,16.103396025049555,2924.037532146571,-2907.934136121521,1.7763568394002505e-15,0.4362440316997267,1.2212453270876722e-14,6.814108227862588,0.00825464633455475,-13.525284293293746,0.021489211741188924,0.1908017171641716,-6.581354806429371,0.021138090937252885,0.08690261445956958,0.14162045738990978,-0.054717842930340196,-1.902368587622699,0.985014985014985,-0.04136377280667869,-7.654271000563253,0.06569374464172939
25042006,transverse,25,38,0.8981618524016892,-0.5264517759070934,0.1284791808990039,0.36342087160086617,-0.23494169070186227,6.550215395706377,6.092818895152099,0.4573965005542773,27.702473009072364,22.161525520038083,5.540947489034281,0.00396488580779597,7.051071624397665e-05,0.0038943750915519937,1652.0565063505721,86409.8284588419,-84757.77195249133,6986.953559823156,314300.1050132039,-307313.15145338076,3.197442310920451e-14,0.02041775174075422,4.479971948967432e-12,12.73826635376911,-0.008072796931219095,14.145747183338713,-0.021489211741189118,0.2485544220856819,3.5921671367278813,-0.020249200701595527,0.6128947592529966,0.43172567138375756,0.18116908786923908,1.6531733003682967,0.06493506493506493,5.018831766775855,299.3015703639749,16.978700525608044
25042006,transverse,24,39,0.9021267382094852,-0.32373578461627883,0.12987286150114213,0.4397311772780592,-0.3098583157769171,6.5498553354763445,6.567973333790078,-0.018117998313733175,26.35750495124124,16.530441700563163,9.827063250678076,0.00396488580779597,0.00033466750836047554,0.003630218299435495,1651.9656940933,19625.36896983621,-17973.40327574291,6647.733687415588,49393.625875261154,-42745.892187845566,1.5987211554602254e-14,0.4278208609691436,3.6983749396313215e-12,0.828679154225803,-0.008612923176723797,12.133257693922406,-0.03357326662544796,-0.39136579637534474,14.078621927165186,-0.032461785449753144,0.5611376048786765,0.47955643962833877,0.0815811652503377,1.2161927530198244,0.11888111888111888,2.1502759670138056,134.76928627771434,14.790187198917366
25042006,transverse,23,40,1.070934903115721,-0.030987566274513115,0.0010835271525285808,0.36155681136169787,-0.3604732842091693,6.56672112159976,6.277622026030814,0.28909909556894586,0.7460215055653029,14.790086347573801,-14.044064842008499,0.0711114190586919,0.002821786651866609,0.06828963240682528,92.34411587511576,2224.6976120176105,-2132.353496142495,10.49088199111275,5241.390711728746,-5230.899829737634,1.7763568394002505e-15,0.4977303650235738,9.547918011776346e-15,21.45947128274294,0.008560942082957546,-12.731019531904685,0.04108571475111461,0.1936381897821402,-14.606415774316927,0.04164307840210882,0.07072425399581733,0.1564430027568043,-0.08571874876098698,-3.115009213182807,0.999000999000999,-0.06394803000584545,-7.9156220682545175,0.05276181444594254
25042006,transverse,22,41,1.1420463221744133,0.053899929216443127,0.01603970303910958,0.28384026161681813,-0.26780055857770857,6.566465023557261,6.3574252136699165,0.2090398098873445,0.5965771236987358,9.298938509759957,-8.70236138606122,0.056086522807358596,0.006423633097361159,0.04966288970999744,117.07741351895211,989.6930782490612,-872.6156647301091,10.636728644202282,1447.613580791216,-1436.9768521470137,8.881784197001252e-15,0.04269123811521691,1.2212453270876722e-15,12.251939919880252,-0.0002519811207131184,-0.2552470410504821,-0.007512448125666538,-0.16792801970589144,1.7899522849696403,-0.010041619228426002,0.061716784307566254,0.15811198000156299,-0.09639519569399674,-3.3500030530170437,0.999000999000999,-0.05750716858550134,-11.285700187506368,0.03681882166614315
25042006,transverse,21,42,1.1981328449817723,0.15019885560936624,0.0030672258887093845,0.23146164736693858,-0.2283944214782292,6.566712887756189,6.101876324138663,0.464836563617526,0.9576268239331329,7.898189323986353,-6.94056250005322,0.056086522807358374,0.00496713733733678,0.051119385470021594,117.08183283729362,1228.4492877360815,-1111.3674548987879,17.074098660427122,1590.088775000755,-1573.014676340328,4.440892098500626e-15,0.25818611194452146,1.1102230246251565e-14,10.278675615455274,0.0001426234234322976,0.28230679971034844,-0.005711569022205043,0.22341678789223085,-1.1132503429046565,-0.005009058553407886,0.13035010124762061,0.15998422628453335,-0.029634125036912734,-0.9620805168325668,0.8201798201798202,-0.028378433039136078,-3.4696176738512743,0.12482675345712124
25042006,transverse,20,43,1.276812175086643,0.23483648797615053,0.006840359829499749,0.2618446871783206,-0.25500432734882084,6.566675505108254,6.292875763545008,0.2737997415632458,0.7540629247468331,3.70632585298274,-2.952262928235907,0.06750966085176824,0.004915662514906716,0.06259399833686152,97.27015988906804,1280.1683891971636,-1182.8982293080956,11.169703939152324,753.9829761997147,-742.8132722605624,8.881784197001252e-15,0.339814346953613,1.2212453270876722e-15,0.4671293478768166,-3.72646760062878e-05,0.005409668460231387,0.0057115690222049875,0.08865196759921368,3.1590911030642363,0.006074453712660632,0.12358006095112074,0.1417300380993333,-0.01814997714821255,-0.6799760944279726,0.7802197802197802,-0.013686224852469342,-1.765451179189566,0.093187142201194
25042006,transverse,19,44,1.344321835938412,0.08758825476818424,0.003105449808446195,0.31697722965444863,-0.31387177984600245,6.566712651812331,6.661253667501793,-0.09454101568946172,0.5396796886400705,5.821825251187137,-5.282145562547067,0.06750966085176813,0.005589957073387941,0.061919703778380186,97.27071013185729,1191.646658471487,-1094.3759483396298,7.9941104996076415,1041.4794201019984,-1033.4853096023908,2.6645352591003757e-15,0.5842082212162838,1.6653345369377348e-15,4.64674641798603,0.0001570969693789337,-0.3897649731424919,-0.00037340076954067714,-0.15717445939136976,-1.4852537793695557,-0.0017900385558482501,0.0783486117645242,0.15241739729861387,-0.07406878553408966,-2.481959923280583,0.999000999000999,-0.03997341911498567,-7.20472336750514,0.042283154402460194
25042006,transverse,18,45,1.4873017329159637,0.1536621896886704,0.016931953614303816,0.30477416986693473,-0.2878422162526309,6.56643560457765,6.71496845873708,-0.14853285415942974,1.1048263988182918,5.746347036937406,-4.641520638119115,0.06825646239084937,0.0034309760592540206,0.06482548633159535,96.20240156861635,1957.1598118924446,-1860.9574103238283,16.186399941031922,1674.843233440342,-1658.65683349931,4.440892098500626e-15,0.6033890675328202,8.881784197001252e-16,2.9236670159075215,-4.8462986016239995e-05,0.45368612865872227,0.030001302560736187,-0.09054022588075927,7.46794266448639,0.029730327289310243,0.1469008973957535,0.16391796095642985,-0.017017063560676365,-0.5818247214718338,0.7192807192807192,-0.01880090105220405,-1.6370823821828562,0.1622999894529257
25042006,transverse,17,46,1.5555581953068136,-0.2663225769810153,0.02160583985555641,0.256582395099364,-0.23497655524380756,6.566255483315002,6.587699724182881,-0.021444240867879216,0.7626008516790685,19.699381894343013,-18.936781042663945,0.00900065880845824,0.0007300445022682123,0.008270614306190027,729.5305402693921,9023.696094847948,-8294.165554578556,84.72722585178158,26983.809662476746,-26899.082436624965,4.3520742565306136e-14,0.5419687836122344,1.1102230246251565e-16,1.7842628673773469,0.00010387420637503197,-0.5157414683462278,-0.02962790179119562,-0.0030796229589982183,-4.272514679401285,-0.028364777931946694,0.06620992971378271,0.16499800962516112,-0.0987880799113784,-2.9342786921530997,1.0,-0.07533587387615705,-72.06892130992377,0.05049174878934196
25042006,transverse,16,47,1.5645588541152726,-0.25688244150605355,0.029234944693326097,0.2561556842935755,-0.2269207396002494,6.565867613639604,6.454063995297936,0.11180361834166774,1.451858241232301,26.138870329638507,-24.687012088406206,0.00900065880845835,0.0005553606637802577,0.008445298144678093,729.4874467932663,11621.392036241961,-10891.904589448695,161.30577462484413,47066.477758282505,-46905.17198365766,5.240252676230739e-14,0.46083169517148015,2.0650148258027912e-14,12.886567773000007,-3.290829571511722e-06,-8.603400637773095,0.0018073257028070056,0.05696138248319915,-15.765414201387877,0.0018286051482904742,0.14186871502098683,0.2247116655031485,-0.08284295048216167,-3.0838131536690967,0.998001998001998,-0.12027622038552584,-60.4328924320531,0.20597326307625644
25042006,transverse,15,48,1.6726114961913798,-0.31916434684211487,0.035156365106271084,0.31718587503931384,-0.28202950993304277,6.565486325623349,6.434357613038532,0.1311287125848164,19.347916906331726,18.25433163770444,1.0935852686272867,0.0053860074028444505,0.0004232357162592404,0.00496277168658521,1218.9894730103774,15202.775583092232,-13983.786110081855,3592.255906687713,43130.41394295583,-39538.15803626811,3.6415315207705135e-14,0.3606859515748164,1.4885870314174099e-12,5.702119950603279,0.0017355436365518173,7.436918961521563,-0.001807325702806839,0.0828694983252829,15.833077187354016,-0.0018480351542568552,0.5207727396005621,0.42150844173867663,0.09926429786188551,2.2639202930377365,0.08091908091908091,1.9205573867971228,121.00213413940494,10.075867692874406
25042006,transverse,14,49,1.6779975035942247,-0.2653312179932795,0.07133263837027162,0.32273185814549327,-0.2513992197752216,6.56163395033399,6.5769191401565905,-0.015285189822600742,22.370137648388024,27.162109397435277,-4.791971749047253,0.005386007402844228,0.00020969186583819077,0.005176315537006038,1218.274216791633,31364.68414674552,-30146.409929953887,4153.38041246933,129533.4432208972,-125380.06280842787,2.042810365310288e-14,0.03781754994814435,1.1368683772161603e-12,20.886556880012442,-0.004383323255954252,10.29539400284877,-0.007447846349991349,-0.33764860218460857,1.8589903533619276,-0.007318322474062167,0.5054595757662628,0.37101568308728533,0.13444389267897744,3.3927975317246912,0.006993006993006993,3.007528385213832,163.7895280558996,11.307200285587113
25042006,transverse,13,50,1.698279203697052,0.35486993353313356,0.013193713438846335,0.30825575652971215,-0.2950620430908658,6.5665482215565385,6.052950109417339,0.5135981121391993,4.801570384746784,19.19707985819243,-14.395509473445648,0.020281700102826705,0.00025519576727550675,0.0200265043355512,323.7671491179058,23718.84994033869,-23395.082791220782,236.7439790748892,75224.91482967058,-74988.17085059569,1.7763568394002505e-14,0.3439560414081768,7.993605777301127e-15,3.360480772341873,0.0023702521830450962,-7.192145559148386,-0.03161555914806402,0.3796845940015565,-10.425109696461256,-0.027982877590166544,0.4638960004171028,0.2059716360356564,0.2579243643814464,7.361717144411915,0.000999000999000999,1.2384419895185912,83.50743614382881,2.2274292972052425
25042006,transverse,12,51,2.0562693052963943,0.41542481483536553,0.0005542723591240212,0.31467403889212536,-0.31411976653300133,6.566721988412997,6.283609762315111,0.2831122260978862,1.6172942394023155,4.766122044323849,-3.1488278049215332,0.09840851109893722,0.007566062784507777,0.09084244831442945,66.72920782035808,830.499288901143,-763.770081080785,16.434495566916283,629.9342445430048,-613.4997489760884,8.881784197001252e-15,0.1344790581572699,4.440892098500626e-16,4.099018205848509,0.00010318708826417833,-1.2221453756050953,0.048560366863597604,0.010311955667127393,10.72391199926399,0.043478254153061835,0.28583994247187156,0.13975380030476248,0.14608614216710908,4.486295210045449,0.000999000999000999,0.2362642761833732,9.748212540343397,0.46228729235084715
25042006,transverse,11,52,2.1546778163953326,0.3633038694189986,0.005737119305101093,0.2992086129356899,-0.29347149363058883,6.566689381092928,6.53468695237061,0.0320024287223184,0.8773088452680377,14.227278980193436,-13.349970134925398,0.07941458836785253,0.004712704380668509,0.07470188398718403,82.68870387737425,1386.6108341477698,-1303.9221302703954,11.047200058562252,3018.920312199863,-3007.8731121413007,4.440892098500626e-15,0.5963861406735509,6.661338147750939e-16,21.88649190451323,-2.954880132932658e-05,-0.1263294284796338,-0.009496961365542123,-0.20382746714203126,-8.687639051496056,-0.009992636238415509,0.17567608365232612,0.14446494542774083,0.031211138224585294,0.9694222016286066,0.16183816183816183,0.027381807635312037,2.5808085663285296,0.15412218209023343
25042006,transverse,10,53,2.2340924047631856,0.018575699974093113,0.0025346114744790533,0.2955014633360368,-0.29296685186155774,6.566715871375518,6.378168305744705,0.1885475656308131,0.38998230809302736,6.565816670030179,-6.175834361937151,0.07941458836785209,0.0008679962310824685,0.07854659213676962,82.68903744685022,7348.152074105854,-7265.463036659004,4.910713712782985,7564.337764280406,-7559.427050567623,4.440892098500626e-15,0.016427591052130985,5.828670879282072e-15,2.0512070415924946,2.1643912683444455e-05,-0.21759412123879907,-0.002563709720331264,0.05421878311546946,4.966347755372101,0.0020231365216689667,0.07458757828238662,0.17653653251577586,-0.10194895423338925,-3.3274090755463446,1.0,-0.03975828847960755,-8.430060894271943,0.029087835933634495
25042006,transverse,9,54,2.318634412571701,-0.18386902719471335,0.004818900093079072,0.3909114295471141,-0.38609252945403505,6.5666990738327415,6.330043937524373,0.23665513630836887,0.33784401339561526,9.272238113088722,-8.934394099693106,0.08454200780851417,0.00619698056549689,0.07834502724301728,77.6738008009719,1021.4722913233492,-943.7984905223773,3.996167374695248,1496.2509588482549,-1492.2547914735596,0.0,0.17325976521290176,4.440892098500626e-16,10.544964428172925,2.596267626664428e-06,-0.2102374351906598,-0.0884524726148802,0.2748909456049291,-4.015463257199024,-0.09028693659217768,0.07723189970545186,0.14999197055228586,-0.072760070846834,-2.4215959192285985,0.997002997002997,-0.0245815543498437,-5.651551249221588,0.026092334958657492
25042006,transverse,8,55,2.585208785050639,0.17954176267520439,0.0067239777019695805,0.28247004915284313,-0.27574607145087354,6.566677083754713,6.831696267978646,-0.26501918422393356,0.7061805890795229,4.3682079121305355,-3.6620273230510128,0.26657437247893667,0.007857036945316365,0.2587173355336203,24.633564819789935,869.5003365169447,-844.8667716971547,2.6490940689931537,555.9612284545072,-553.3121343855141,0.0,0.6741131306005306,4.440892098500626e-15,3.243334786464077,-8.979273539821975e-06,-0.3261891742454811,0.20656205943387196,-0.2287529755694857,2.9745214720153568,0.20242938585255088,0.11342813025480539,0.17698505349689156,-0.06355692324208617,-1.9224938152439135,0.977022977022977,-0.04488266549517843,-1.5656335884303432,0.08010074384152732
25042006,transverse,7,56,2.853134087092072,-0.2296685543916836,0.007017364682389018,0.3093052563100451,-0.30228789162765607,6.566673052223764,6.875860605841028,-0.3091875536172646,1.7268955132543928,6.065599003694024,-4.338703490439632,0.03548261828161525,0.0012517461624936832,0.03423087211912157,185.06731944373394,5493.01512707911,-5307.947807635376,48.66877352591412,4845.710085190402,-4797.041311664489,7.105427357601002e-15,0.0491564389836725,3.552713678800501e-15,0.8351913630513756,-1.4364078009698744e-05,0.14553857059834252,-0.11554587709866138,-0.2007059068915269,3.7752350680731395,-0.11090415324059111,0.3233191621841443,0.1871180028978048,0.1362011592863395,4.129047426193796,0.000999000999000999,0.23520517087162657,25.20638345425188,0.5583384105249681
25042006,transverse,6,57,2.8886167053736886,-0.06933547874680529,0.004954470911131853,0.35798090006496275,-0.35302642915383087,6.566697748848835,6.518641858076377,0.0480558907724582,2.456533296232578,15.022383090207107,-12.565849793974529,0.035482618281616585,0.003929903095811538,0.03155271518580505,185.06801546409605,1658.7283958792516,-1473.6603804151555,69.23201880807366,3822.5835914930967,-3753.3515726850233,2.6645352591003757e-15,0.6491399192565703,1.0658141036401503e-14,21.2419521041723,1.558859465689011e-05,0.9071640729405694,0.0025133623638828873,0.3529021455058885,-3.971504433738552,0.0003888974589615346,0.4524724661763749,0.19086454427340369,0.2616079219029712,8.815941562105575,0.000999000999000999,0.6426485707128607,48.41525893626911,1.1115136787907338
25042006,transverse,5,58,2.924807946013348,0.1315088282973956,0.00557021958784772,0.35654506216766935,-0.35097484257982164,6.5666912682845915,6.8671962241341875,-0.300504955849596,1.3718429333296238,14.221830163361947,-12.849987230032323,0.030455893553852142,0.002359130219286687,0.028096763334565455,215.61315404105156,2910.9017247087663,-2695.288570667715,45.04359495819519,6028.4210032552155,-5983.37740829702,4.440892098500626e-15,0.01453192915638013,1.1102230246251565e-15,5.78658501526804,-2.479400774468843e-06,-0.6153045105913149,-0.002513362363882221,-0.41023638645765725,-1.6923263440128338,-0.0026534535007570748,0.4202852063821594,0.1487617885899935,0.2715234177921659,9.235648893554984,0.000999000999000999,0.3724874819316898,58.54402050617506,0.5765652903583478
25042006,transverse,4,59,2.955263839567201,0.3091451480432714,0.005705182639649894,0.34091260361089,-0.33520742097124007,6.566689746521897,6.395282776078233,0.17140697044366426,1.5177615916092995,11.26723356967375,-9.749471978064449,0.030455893553852142,0.0005081750690121289,0.029947718484840014,215.61310407493607,12584.802297582986,-12369.18919350805,49.83474180212745,22171.952653200362,-22122.117911398236,8.881784197001252e-15,0.026267615721790705,1.3322676295501878e-15,4.592477291051507,6.644291126178814e-06,-0.24710038115130017,-0.02265664152517155,0.3380126991441599,1.7537709567798707,-0.021282428705078904,0.2917080021528704,0.1590671087048497,0.1326408934480207,3.8700279719812176,0.000999000999000999,0.2013172535521474,28.599114763600596,0.4427432016327095
25042006,transverse,3,60,3.0420566481857385,-0.21743067187783957,0.00688182053632266,0.34841337395457583,-0.3415315534182532,6.56667493617695,6.599381437728345,-0.032706501551395206,2.1578810121915755,12.31437965184789,-10.156498639656315,0.07576917660419524,0.0014056455589228634,0.07436353104527238,86.6668377628029,4694.9114560468615,-4608.244618284059,28.479668235857485,8760.657744534345,-8732.178076298487,2.6645352591003757e-15,0.030828239697573423,9.325873406851315e-15,9.623626478869703,-3.0370229850973374e-05,0.7330326917853567,0.022656641525171217,-0.1482674051673687,3.63764029142229,0.022039776898406194,0.49727993764328865,0.160833921777292,0.33644601586599665,10.617237545000439,0.000999000999000999,0.7260104692647397,29.158712272999743,1.0730709351842633
25042006,transverse,2,61,3.117825824789935,-0.14969042972453012,0.0011955497231521625,0.34873916875411437,-0.3475436190309622,6.566720866291705,6.507006029503422,0.05971483678828271,1.3319350492031379,19.1707409332959,-17.83880588409276,0.07576917660419591,0.0010693867953035507,0.07469978980889236,86.66744394749112,6084.80117585179,-5998.133731904299,17.578850779399634,17926.853985375976,-17909.275134596577,4.440892098500626e-15,0.6333448287510253,1.3322676295501878e-15,7.884379559030348,2.8688502749396605e-05,-0.3529615675032176,-0.024814142965049468,4.139083871201876e-06,-6.246646765559294,-0.024676196761802438,0.48595798300320403,0.1302406626758098,0.3557173203273942,12.759163866738652,0.000999000999000999,0.4737923665526762,30.829110920626185,0.6472644700020302
25042006,transverse,1,62,3.256285640903342,0.46896422733712345,0.0035883463985052107,0.3637151581238244,-0.3601268117253192,6.566709419400961,6.414581522440743,0.15212789696021822,1.2119122212211355,14.239731818631752,-13.027819597410616,0.1253974625342955,0.0010090204381782986,0.12438844209611721,52.3671634711508,6357.23646393301,-6304.869300461859,9.664567342339039,14112.431502716028,-14102.76693537369,7.105427357601002e-15,0.3107190571530678,1.9984014443252818e-15,3.5980844369896197,-8.35527590137275e-06,-0.06965490331592328,0.02481414296504969,0.17343045467803275,3.657538818892977,0.024810592762736006,0.5034793093580341,0.16246669614312606,0.34101261321490806,9.837966320220474,0.000999000999000999,0.41327735354570316,17.85786326194941,0.6101727281429783
25042006,transverse,0,63,3.3816831034376382,0.23611753619035886,0.002759088404672542,0.3538278092612255,-0.35106872085655294,6.56671468306202,6.669034635285932,-0.10231995222391177,1.23119919987098,16.763110148385408,-15.531910948514428,0.12539746253429573,0.0009415536764256771,0.12445590885787006,52.36720544696866,7083.010562502288,-7030.643357055319,9.818374112109737,17803.669156729833,-17793.850782617723,4.440892098500626e-15,0.2645378539800882,1.5543122344752192e-15,10.730204537358874,5.263661059018432e-06,0.01928697864984441,2.220446049250313e-16,-0.25444784918413,-2.5040913511038116,6.74667617528435e-05,0.5075641469726432,0.13182103498247869,0.3757431119901645,13.430980682089544,0.000999000999000999,0.4626146188393226,19.676616740872298,0.6249125716359147
25042007,dephasing,15,16,0.07239322290262312,0.2082218240588475,0.5296724569696178,0.7372349159586717,-0.2075624589890539,15.615437748648127,15.413286400075904,0.2021513485722224,3.1216937663991287,29.92798712373294,-26.80629335733381,0.06958803642726141,0.0014169699259970608,0.06817106650126435,224.39830968604127,10877.638344533132,-10653.240034847091,44.85963287183933,21121.116669200936,-21076.257036329098,1.5987211554602254e-14,0.25822700798970466,1.3766765505351941e-14,5.227552248430175,-0.23848595026883324,-6.02612261891828,-1.6653345369377348e-16,-0.8708708577501856,-4.571943343494322,-0.00023338505388664776,0.11394566044160578,0.1881496717660108,-0.07420401132440502,-8.17502939199888,1.0,-0.2316421995932055,-16.651254713120352,0.35570345790879254
25042007,dephasing,14,17,0.14198125932988584,-0.02774193227279209,0.20510231935160345,0.6717098187845075,-0.4666074994329041,15.85392369891696,14.780901492594552,1.073022206322408,9.147816385317409,31.382166399156898,-22.23435001383949,0.06958803642726158,0.0011835848721105796,0.068404451555151,227.82542104760523,12488.248068122999,-12260.422647075393,131.45673962045709,26514.50448432644,-26383.047744705982,1.7763568394002505e-14,0.29538688838922766,1.5987211554602254e-14,1.9548782186165639,0.16457225665833164,6.185325581184191,-0.05738698751360688,0.6726585156625848,4.455749700215772,-0.057217280848540594,0.302515676352506,0.2519858931947376,0.050529783157768404,8.621095878918469,0.000999000999000999,0.46223717831716943,11.511969123362778,2.767357860952832
25042007,dephasing,13,18,0.32634327078436237,0.2803377985620451,0.36431514441652296,0.6786213216285896,-0.3143061772120666,15.76326513586913,15.164689103121706,0.5985760327474239,2.8032878418673057,29.377193912644017,-26.57390607077671,0.18436201145447553,0.001289613148356683,0.18307239830611885,85.50169859565429,11759.099325596699,-11673.597627001045,15.205344201614555,22779.849872094226,-22764.64452789261,2.4868995751603507e-14,0.4551961492727834,3.1086244689504383e-15,35.961504958728355,0.01953843700141178,-2.0131617614600783,0.05598159318990967,0.05490044106961722,-1.4481095499064125,0.05559646869921164,0.18104354452572965,0.19213126428384925,-0.01108771975811959,-1.4966752366030358,0.9460539460539461,-0.031082069991968553,-0.9480188728718222,0.5075171672175401
25042007,dephasing,12,19,0.5135160708862334,-0.14267151409349213,0.5123094392082566,0.6663833401053958,-0.15407390089713924,15.633529698818474,15.619200721785269,0.014328977033205348,0.48508282133735925,28.502325849238467,-28.01724302790111,0.18717280010187018,0.0006253924432067515,0.18654740765866343,83.5245809770961,24975.039099763544,-24891.514518786447,2.5916309478372357,45575.10433463256,-45572.512703684726,1.7763568394002505e-14,0.09401605645150468,1.609823385706477e-15,29.27525341050803,-0.0761276315517172,-1.107201387804134,0.005441545447887858,-0.38055289292174255,-0.5429690794305486,0.0061041635825609675,0.03786778740189973,0.12406783732276455,-0.08620004992086483,-7.465848643888342,1.0,-0.04181416341503432,-7.199823049845,0.018369013150716828
25042007,dephasing,11,20,1.148680047430914,-0.14401834334528352,0.48983786649167005,0.6535654947634404,-0.16372762827177034,15.656049524871252,15.46486181770878,0.1911877071624719,0.38128057641568064,28.75592240258009,-28.37464182616441,0.17910049785348914,0.0012864080074030948,0.17781408984608604,87.41488556708805,12021.73939272043,-11934.324507153342,2.1288638556861095,22353.656256097485,-22351.5273922418,0.0,0.6192388310881594,1.5543122344752192e-15,4.4892068764046975,-0.07558573161155202,-0.5778472668483279,0.048825647509692094,-0.053745465651879876,-1.852476120935826,0.04826864904295952,0.043388268264272695,0.10846118592474648,-0.06507291766047378,-6.444959988728994,1.0,-0.024811039554635567,-5.6883416508068585,0.016543103933480078
25042007,dephasing,10,21,1.327780545284404,-0.010985540727691784,0.2573904547049324,0.6835504196063567,-0.42615996490142427,15.829740814147131,15.354203445551633,0.4755373685954982,1.4331728651906577,26.460261247746715,-25.02708838255606,0.07337690058572388,0.0008334266381342381,0.07254347394758964,215.73193590609284,18422.98139152899,-18207.249455622896,19.531662604314114,31748.75872336207,-31729.227060757756,1.0658141036401503e-14,0.2098376872529446,8.215650382226158e-15,3.9179198804684816,0.12398575716153637,0.07326145901668912,-0.052861798633882684,0.32931589404590955,-3.6453389804634675,-0.05215549427720373,0.12403219866651213,0.11222854215666461,0.011803656509847521,0.9582605147649921,0.17482517482517482,0.01691668021994453,2.546425669639961,0.17775958153878207
25042007,dephasing,9,22,1.4011574458701292,0.029400245135634037,0.3748734069261562,0.7460105970266817,-0.3711371901005255,15.755460589099936,15.65420534716323,0.10125524193670543,2.3385422359322563,16.727399213953028,-14.388856978020772,0.07337690058572399,0.0017930539822232916,0.0715838466035007,214.7196251590555,8730.470751222363,-8515.751126063307,31.870278211059198,9328.999226901102,-9297.128948690042,1.4210854715202004e-14,0.942153795902664,2.886579864025407e-14,10.711541545317404,0.002937063488040792,-1.160494731411207,-0.021749027047458624,-0.5610688403097823,9.893011854487103,-0.022879862688776897,0.11592873761356369,0.16842949223308226,-0.05250075461951857,-3.395237635086985,1.0,-0.1227752320960597,-11.27294235247058,0.2711042492676271
25042007,dephasing,8,23,1.518032400550771,0.24672289399101052,0.4697706070452947,0.6703016781010023,-0.20053107105570755,15.675306237076661,14.826195441179184,0.8491107958974773,5.564901069496269,29.101550351955957,-23.53664928245969,0.11687495468064135,0.0004910100436757991,0.11638394463696555,134.1203192754953,30195.29973396741,-30061.179414691916,47.61414526065279,59268.747608696445,-59221.13346343579,7.105427357601002e-15,0.20364057861831597,1.1546319456101628e-14,23.75074721038359,-0.09348857154674306,4.007469615616576,0.03324627264894914,0.5274766274167639,-8.628430734363825,0.03465976819906108,0.2981687541122747,0.1828649589421883,0.11530379517008643,7.393675187011737,0.000999000999000999,0.6416542130589927,15.464581821888304,1.6592796186497676
25042007,dephasing,7,24,2.0322536807784832,-0.04656993433743592,0.33743389304200777,0.711212461877168,-0.37377856883516025,15.782129028146873,15.240115933122151,0.5420130950247213,0.77632067182713,16.203900789998084,-15.427580118170955,0.09388046347766044,0.0020159572053521924,0.09186450627230824,168.10876771930668,7559.741790480948,-7391.633022761642,8.269246263487625,8037.819824239386,-8029.550577975899,5.329070518200751e-15,0.7930986571475138,5.551115123125783e-15,12.679924744814713,0.07030520226079062,-3.1133325688675697,-0.011497245601491124,-0.0306198139044227,3.6879244020679707,-0.013006215375821195,0.06598711517758561,0.1163501643851121,-0.05036304920752649,-3.8825962050798184,1.0,-0.03909787619604977,-8.466470140864082,0.05122716158659747
25042007,dephasing,6,25,2.126134144256148,0.22330286767006235,0.38425153952177815,0.6946510965854822,-0.31039955706370403,15.748341414695505,15.452186392734694,0.29615502196081067,2.21440541189313,16.908765169911295,-14.694359758018164,0.09388046347766177,0.0005229648183684432,0.09335749865929333,167.7488673502631,29547.277082505767,-29379.528215155504,23.587499782849207,32332.50990509002,-32308.92240530717,3.552713678800501e-15,0.44660489416039795,1.1546319456101628e-14,15.138267872287662,-0.0786128813589837,1.1757785285334108,0.0013646417115911191,-0.111968779760657,6.144183046479464,0.0030802766012518745,0.18655543818508022,0.11389887020954793,0.07265656797553229,5.5383631886320295,0.000999000999000999,0.16089109733459978,12.18805698345294,0.4131093719351359
25042007,dephasing,5,26,2.260287319910904,0.06964001850409163,0.1555991528198529,0.7577268526791752,-0.6021276998593222,15.871779563962104,15.59754505554389,0.27423450841821406,1.3009330948923084,27.550438585716606,-26.249505490824298,0.09115118005448086,0.002461242210706205,0.08868993784377466,174.12588135968812,6337.265380747912,-6163.139499388224,14.272257299518706,11193.712860064898,-11179.440602765379,3.552713678800501e-15,0.8345597630643784,7.327471962526033e-15,9.9991328855847,0.08447110999562568,-0.47821720633233444,-0.001364641711590675,-0.03521611420249471,8.186023700696907,-0.003264550574470726,0.12381515224619653,0.12167173932671924,0.002143412919477297,0.12400136700147364,0.42157842157842157,0.0027884368029677583,0.3732236637217266,0.1610752292062068
25042007,dephasing,4,27,2.3514384999653877,-0.19934742680979572,0.2640362987979362,0.6314233168381422,-0.367387018040206,15.826275493237453,15.503529269956847,0.32274622328060687,1.3438951905561556,55.5205938155804,-54.176698625024244,0.0911511800544813,0.0005997018772838647,0.09055147817719744,173.62666598258022,25852.06059413144,-25678.433928148857,14.743585214726851,92580.32352181568,-92565.57993660095,3.552713678800501e-15,0.24489160844154512,4.440892098500626e-16,5.416690430047268,-0.057084828727486325,-0.5283115874864506,0.03267311473859591,0.2494042820388609,-14.98737037360008,0.0337631912152927,0.1344874437112424,0.12040920243997269,0.01407824127126972,0.7479950702947308,0.22577422577422576,0.018919680735948553,2.444358094828923,0.18073702879373035
25042007,dephasing,3,28,3.1056954104073706,-0.16093008852389912,0.0323972275447859,0.7066638830687683,-0.6742666555239824,15.894941079967774,16.022491705902496,-0.1275506259347221,2.443480461192904,54.57263147321694,-52.12915101202403,0.02580495057728993,0.0009183144972551016,0.02488663608003483,615.9647945211093,17447.717262217582,-16831.75246769647,94.69037554923004,59426.95191716768,-59332.26154161845,1.0658141036401503e-14,1.6464520449725057,3.197442310920451e-14,7.743984321772359,0.036546371740316275,-0.41073658575747984,-0.03267311473859613,-0.17992303143804822,-8.002853161514835,-0.03322321874142953,0.1734357636428904,0.18790217181306804,-0.014466408170177636,-0.8026068212980441,0.7932067932067932,-0.035348385707470446,-8.910798136001965,0.42378689973347333
25042007,dephasing,2,29,3.1315003609846634,0.028547726334300694,0.07400498025734972,0.6804859010350846,-0.6064809207777349,15.890513923217464,16.10851533549142,-0.21800141227395464,4.364538903344612,38.44043597933876,-34.07589707599415,0.02580495057729082,0.00013671911155954675,0.025668231465731273,615.79323221807,117821.97201066145,-117206.17877844338,169.1357203057597,281163.5881834734,-280994.4524631676,1.4210854715202004e-14,0.1835609087014376,1.9539925233402755e-14,12.710815855740044,0.08491796210755886,-12.763770817046353,0.005915660085526131,-0.507449199877148,0.7866031784709975,0.006345973989625442,0.30944167593782734,0.18599355083702085,0.1234481251008065,6.480968412719433,0.000999000999000999,0.5387941445474225,76.01851996708629,1.3505702329468037
25042007,dephasing,1,30,3.759687956726877,-0.023731716084095467,0.42395733048070217,0.7339920517834553,-0.3100347213027531,15.716250842252038,15.009804641110929,0.7064462011411088,31.81313897958903,49.40898847649529,-17.595849496906258,0.013973630406239446,0.00021575153406261371,0.013757878872176832,1124.7077806805655,69569.862881044,-68445.15510036344,2276.6552466840662,229008.74698835838,-226732.09174167432,1.5987211554602254e-14,0.3951164970334293,2.0250467969162855e-12,5.786665602861163,-0.05705108412398374,11.57842122257885,-0.005915660085525132,0.6221812312736779,17.94729478187097,-0.00600859919800667,0.37928122254187313,0.33695414072198726,0.04232708181988587,1.83190504949501,0.026973026973026972,1.3465573365364654,47.60559825632855,12.066126245073045
25042007,dephasing,0,31,3.7736615871331187,0.041046869437722844,0.4897966218603218,0.7405800476918754,-0.25078342583155355,15.656089929534577,15.26955857752576,0.3865313520088165,36.10489661067575,73.11528809223606,-37.010391481560305,0.013973630406238335,0.0001089057316026043,0.013864724674635731,1120.40246338168,140208.95275966002,-139088.55029627835,2583.787860494522,671363.0863711826,-668779.298510688,3.552713678800501e-15,0.32400425396652643,3.254285729781259e-12,23.87847237352154,-0.06016091271746049,4.291757631086721,-1.1102230246251565e-15,-0.3199148491322923,-19.414541984654047,0.00010684580245889919,0.43044627171969646,0.3316334552165747,0.09881281650312174,4.762503436904397,0.000999000999000999,3.567626523654885,110.71012302377952,15.541218136890482
25042007,transverse,15,16,0.07239322290262312,0.2082218240588475,0.36001115937973394,0.6842020084826497,-0.32419084910291573,18.505857007117164,17.94131987043858,0.5645371366785845,4.147738560998246,35.54243248412758,-31.394693923129335,0.06958803642726141,0.0014169699259970608,0.06817106650126435,265.93446168668464,12661.750642176858,-12395.816180490174,59.6041902307988,25083.406381485405,-25023.802191254606,1.7763568394002505e-14,0.4116356727669839,6.572520305780927e-14,7.437085909691934,-0.08629367089730167,0.9209649157898632,-1.6653345369377348e-16,0.09347719227874052,16.966474263066335,-0.00023338505388664776,0.16749529728615462,0.17169563029820237,-0.004200333012047752,-0.45755059863269604,0.6833166833166833,-0.01742188320310437,-1.1170132984637298,0.6947267033396483
25042007,transverse,14,17,0.14198125932988584,-0.02774193227279209,0.20812103204780968,0.7343517564277056,-0.5262307243798958,18.592150678014466,18.121090733614622,0.471059944399844,3.2267736452083824,51.58794183140405,-48.36116818619567,0.06958803642726158,0.0011835848721105796,0.068404451555151,267.1745264352777,15310.343314291373,-15043.168787856095,46.3696608048603,43586.17877517474,-43539.80911436988,7.105427357601002e-15,0.04417408091346431,8.748557434046234e-14,27.97570619590514,0.097118783514059,-2.4780048292435968,-0.05738698751360688,-0.20389346013798004,-24.115426486671545,-0.057217280848540594,0.07521214678908571,0.2130620738270633,-0.1378499270379776,-9.34518539211001,1.0,-0.44481051156004453,-36.82998897550925,0.242692573058566
25042007,transverse,13,18,0.32634327078436237,0.2803377985620451,0.3889193491091304,0.7040956742014216,-0.3151763250922912,18.484206781883646,17.698837109486583,0.7853696723970636,7.261818387905713,24.358607863824624,-17.09678947591891,0.18436201145447553,0.001289613148356683,0.18307239830611885,100.26038789692825,13724.14443202576,-13623.884044128832,39.38890843409393,18888.306074472097,-18848.917166038,1.4210854715202004e-14,0.8861920436021791,2.042810365310288e-14,10.62929689412044,0.08947565555858361,4.926287345912359,0.05598159318990967,0.36030356386098994,22.823970504890553,0.05559646869921164,0.22629310356237314,0.257034727320685,-0.030741623758311853,-6.265777584220222,1.0,-0.22324008868218814,-3.0821671225897718,1.6432994205054932
25042007,transverse,12,19,0.5135160708862334,-0.14267151409349213,0.6619316183409342,0.7415523198919733,-0.07962070155103917,18.197311574635663,17.81823930196336,0.37907227267230326,1.444288438778326,32.92464021420159,-31.480351775423262,0.18717280010187018,0.0006253924432067515,0.18654740765866343,97.22198719435538,28491.292940155887,-28394.07095296153,7.716337192114779,52646.367208049036,-52638.65087085692,1.7763568394002505e-14,0.31757657304557796,4.440892098500626e-16,27.469133508553746,-0.2314634343562183,-3.2995077468654266,0.005441545447887858,0.056828131331670306,-10.405356834688849,0.0061041635825609675,0.10425004698659837,0.12308502459241039,-0.018834977605812014,-1.6875617467589505,0.971028971028971,-0.027203140400722966,-1.831173951598226,0.15056713760484128
25042007,transverse,11,20,1.148680047430914,-0.14401834334528352,0.5119783256105639,0.7984041814353845,-0.2864258558248206,18.373343236100116,18.514224625815913,-0.14088138971579767,2.225773983381793,27.27897438893171,-25.05320040554992,0.17910049785348914,0.0012864080074030948,0.17781408984608604,102.5867792457517,14392.187019413117,-14289.600240167365,12.42751421719977,21205.5383921315,-21193.1108779143,7.105427357601002e-15,0.3829628660870874,8.881784197001252e-16,2.5521868323519286,0.08208153331687029,0.5359009834771957,0.048825647509692094,-0.6064962643150071,1.1898154037885114,0.04826864904295952,0.21051617734828915,0.09400270648311815,0.116513470865171,10.410366626371534,0.000999000999000999,0.2593326521652102,11.95274171480162,0.4685614306228095
25042007,transverse,10,21,1.327780545284404,-0.010985540727691784,0.5002531469808699,0.7142204769661549,-0.213967329985285,18.38521183093083,17.833054354404716,0.5521574765261157,1.9354575610308689,22.94113740428447,-21.0056798432536,0.07337690058572388,0.0008334266381342381,0.07254347394758964,250.55857748382243,21397.269463724995,-21146.710886241173,26.37693259842361,27526.2828839284,-27499.905951329976,2.1316282072803006e-14,0.29274529150194795,1.1324274851176597e-14,0.07677940318835752,-0.009530885802316647,-1.3357039666293988,-0.052861798633882684,0.4925657824515586,-0.4171227757061615,-0.05215549427720373,0.10449202559890916,0.16807827941261191,-0.06358625381370275,-5.961581008609585,1.0,-0.12306849572135892,-15.93208130308664,0.20223988101283985
25042007,transverse,9,22,1.4011574458701292,0.029400245135634037,0.4683191696150545,0.7128420565666314,-0.24452288695157687,18.41614219736618,18.15607741950127,0.2600647778649119,4.316549071938742,20.440462801483697,-16.123913729544956,0.07337690058572399,0.0017930539822232916,0.0715838466035007,250.9801047790396,10125.784053076137,-9874.803948297098,58.82708369367346,11399.80335457531,-11340.976270881636,7.105427357601002e-15,0.6002652871086838,2.1316282072803006e-14,8.245214386206147,-0.049481221209187964,1.8875974937075837,-0.021749027047458624,-0.45148800970259906,13.127508290536273,-0.022879862688776897,0.22197690010376742,0.1630525157547935,0.05892438434897393,5.551285231878638,0.000999000999000999,0.25434999657612517,14.788848157945878,0.9581741821347561
25042007,transverse,8,23,1.518032400550771,0.24672289399101052,0.29904855086624715,0.6722316081339803,-0.37318305726773315,18.54603500621991,17.675086907611004,0.8709480986089062,2.9224455954314488,40.4196097923403,-37.497164196908855,0.11687495468064135,0.0004910100436757991,0.11638394463696555,158.68271399032074,35997.403994614404,-35838.721280624086,25.00489179582552,82319.31365344595,-82294.30876165013,0.0,0.3968458620560469,4.440892098500626e-16,34.53618310837638,0.09787974526818388,-0.6373936946785492,0.03324627264894914,0.3948457693639771,-21.179962967910434,0.03465976819906108,0.20405076807887934,0.11696065130941327,0.08709011676946607,8.456396854109922,0.000999000999000999,0.2545161281585367,13.81969609071282,0.596327268416525
25042007,transverse,7,24,2.0322536807784832,-0.04656993433743592,0.39407704507854574,0.8243884330555471,-0.43031138797700136,18.48016832453727,17.788028443912324,0.6921398806249464,2.8031295082812537,19.313618236733145,-16.51048872845189,0.09388046347766044,0.0020159572053521924,0.09186450627230824,196.84785992705253,8823.614110798902,-8626.76625087185,29.85849669295976,9580.371143522867,-9550.512646829908,1.4210854715202004e-14,1.1845023454664911,4.3076653355456074e-14,5.886199128974489,0.027226993671419564,-0.1327962050323266,-0.011497245601491124,0.12242986174323889,13.152964334281112,-0.013006215375821195,0.1575816976897182,0.16782700216433694,-0.010245304474618744,-1.1696281971570235,0.8941058941058941,-0.028718915294129767,-2.016766260129755,0.44172190675910494
25042007,transverse,6,25,2.126134144256148,0.22330286767006235,0.5249927489816617,0.70334237042235,-0.17834962144068833,18.359847655511793,18.091375716357284,0.26847193915450873,2.949405831195712,24.77914775975286,-21.829741928557148,0.09388046347766177,0.0005229648183684432,0.09335749865929333,195.5662229967622,34593.86765786491,-34398.301434868146,31.41660918512086,47382.054947901415,-47350.63833871629,7.105427357601002e-15,0.1442112360430805,4.3076653355456074e-14,14.43940997019023,-0.05032345621953738,-0.00892192690479332,0.0013646417115911191,-0.25234524095393773,-2.9608084426257477,0.0030802766012518745,0.1540855757413987,0.15925086259629267,-0.00516528685489398,-0.5541318644244628,0.7142857142857143,-0.015234527169622864,-1.0101556409064407,0.45446089559482983
25042007,transverse,5,26,2.260287319910904,0.06964001850409163,0.5434069773841097,0.7418254666309156,-0.19841848924680594,18.340173898925386,17.99067941933344,0.34949447959194657,3.1135260079197566,24.340904251330667,-21.22737824341091,0.09115118005448086,0.002461242210706205,0.08868993784377466,201.20610493428066,7309.593237542992,-7108.387132608711,34.15782446325773,9889.682594199669,-9855.52476973641,1.0658141036401503e-14,0.2760744235841237,4.884981308350689e-14,25.081938959274986,-0.02966419110016716,-1.7825175502011419,-0.001364641711590675,0.06154106603909959,6.489570482435898,-0.003264550574470726,0.12964516841071014,0.2197692912082249,-0.09012412279751475,-13.20611665798547,1.0,-0.280603800271016,-18.133523708706747,0.4036536036478829
25042007,transverse,4,27,2.3514384999653877,-0.19934742680979572,0.5056051003063589,0.7770446261986308,-0.27143952589227194,18.379828524539317,18.07239363658813,0.30743488795118523,6.842681285046085,40.44683680818255,-33.60415552313647,0.0911511800544813,0.0005997018772838647,0.09055147817719744,201.64114730663545,30135.62958722187,-29933.988439915232,75.06958528629247,67444.90611130324,-67369.83652601694,3.552713678800501e-14,0.057480879238156035,1.509903313490213e-14,3.9738843870386305,0.039086133235489484,4.450261387345117,0.03267311473859591,-0.06424335566885375,2.585895702895563,0.0337631912152927,0.2945006881927831,0.22548346164601435,0.06901722654676873,11.084709751641519,0.000999000999000999,0.47226288443736025,13.916712744812424,2.0151743475299493
25042007,transverse,3,28,3.1056954104073706,-0.16093008852389912,0.5423598052150198,0.7134706674953157,-0.17111086228029593,18.34131088368227,17.947448876034137,0.3938620076481314,1.671313787482179,52.82403799613533,-51.152724208653154,0.02580495057728993,0.0009183144972551016,0.02488663608003483,710.7671386057154,19543.902366433464,-18833.135227827748,64.76717645617373,57522.81833078931,-57458.05115433314,4.618527782440651e-14,0.21784280337083217,1.9984014443252818e-14,5.759442797005612,-0.024003291114219394,-3.393142483114213,-0.03267311473859613,0.5168697279364558,-19.028777142465174,-0.03322321874142953,0.17357912081130733,0.1309704998689774,0.04260862094232992,3.350596134238308,0.003996003996003996,0.07121237564651792,30.284807587115402,0.2901051778309728
25042007,transverse,2,29,3.1315003609846634,0.028547726334300694,0.5335402674038939,0.7602481230006424,-0.22670785559674844,18.35079982505366,18.904250153581494,-0.553450328527834,3.2862312561466993,33.929969865386184,-30.643738609239485,0.02580495057729082,0.00013671911155954675,0.025668231465731273,711.1348564721899,138270.72117381278,-137559.58631734058,127.34886843917026,248172.83756710414,-248045.48869866497,4.263256414560601e-14,0.14790612901622424,1.021405182655144e-14,2.51348527306061,-0.11589980762893859,1.467649111356197,0.005915660085526131,-0.8924310498198018,21.341822561027904,0.006345973989625442,0.33758480907172983,0.12506088027865062,0.21252392879307921,17.182162891408534,0.000999000999000999,0.6984027774789123,151.1331735991723,1.1093817511718345
25042007,transverse,1,30,3.759687956726877,-0.023731716084095467,0.20827064198336587,0.8713648579955576,-0.6630942160121918,18.592088381682927,18.307988946747123,0.28409943493580414,1.965850502098826,54.784248633980454,-52.81839813188163,0.013973630406239446,0.00021575153406261371,0.013757878872176832,1330.5123894919438,84856.8193328995,-83526.30694340756,140.6828751690071,253922.869526765,-253782.18665159598,4.618527782440651e-14,0.5923379523998946,4.3076653355456074e-14,25.169059544761467,0.12347961298740273,-0.9450446263760017,-0.005915660085525132,0.4023126030091895,-8.194866543337753,-0.00600859919800667,0.2840770422672484,0.09901783098244751,0.18505921128480088,15.807913782996444,0.000999000999000999,0.3637987434222385,246.2235734040349,0.5584529961758197
25042007,transverse,0,31,3.7736615871331187,0.041046869437722844,0.2214663172081482,0.8165306695260053,-0.5950643523178571,18.586417712337393,18.26939371995633,0.3170239923810634,2.535559000802956,61.138883568651224,-58.60332456784827,0.013973630406238335,0.0001089057316026043,0.013864724674635731,1330.106577317212,167754.1985266774,-166424.0919493602,181.453131869796,561392.707885626,-561211.2547537562,2.842170943040401e-14,0.23254252129781605,5.1958437552457326e-14,26.714529205568077,-0.005670669345533952,0.5697084987041301,-1.1102230246251565e-15,0.03292455744525924,-5.784926435966639,0.00010684580245889919,0.3655954468454982,0.10265483276516048,0.26294061408033775,21.545357698751047,0.000999000999000999,0.6667014407080568,349.739040232084,0.9269888259016816
25042008,dephasing,31,32,0.4371725369515931,-0.011900053511783748,0.07118075690659195,0.3101373974619635,-0.23895664055537155,9.031799793844957,8.608069485003755,0.42373030884120233,2.1132665563799957,25.173539882130818,-23.06027332575082,0.06506036407455812,0.0005630882754175393,0.06449727579914058,138.82184525580985,15287.246886148941,-15148.425040893131,32.48162819928623,44706.20501459424,-44673.72338639495,8.881784197001252e-15,0.2169240897575797,2.6645352591003757e-15,5.663068750171032,0.0013836703988374666,-0.6243116530860986,0.05339170307383606,0.43943710281530457,-7.01492360228837,0.05293544456761598,0.2645917338666603,0.1665298513329099,0.0980618825337504,3.1752346958193973,0.002997002997002997,0.20723089681423834,13.6131314825937,0.5591528622750095
25042008,dephasing,30,33,0.502232901026152,0.10028047167574558,0.08031419894910254,0.47094081992952846,-0.39062662098042594,9.03041612344612,9.046122917420222,-0.01570679397410224,2.7375782094660943,18.782927932928544,-16.04534972346245,0.011668661000722058,0.00010682976919745846,0.0115618312315246,773.9033744220795,84677.92250584994,-83904.01913142786,234.60945598614038,175821.10374320083,-175586.49428721468,3.9257486150745535e-13,0.9152675021022709,2.398081733190338e-14,21.411215709526044,-0.0034610381128601375,-1.0007579150369068,-0.02669585153691792,-0.38023289334482513,-0.6294855431281725,-0.026208689285267137,0.3005501471413153,0.1682197560590784,0.13233039108223688,4.071348391022867,0.001998001998001998,0.36226479507685805,102.41093619713658,0.8227795336658931
25042008,dephasing,29,34,0.5139015620268748,0.35701484166523456,0.030198753708740693,0.3419319814058995,-0.3117332276971588,9.035954529273,8.730632639372757,0.30532188990024345,5.3634056926260065,13.134860727543742,-7.771455034917736,0.011668661000721836,0.0006248957662789434,0.011043765234442893,774.378013785303,13971.342278986644,-13196.96426520134,459.6419154086506,21019.282632938422,-20559.64071752977,3.907985046680551e-13,0.39495189713679757,1.1546319456101628e-14,8.332741884076574,0.0025534173142727212,-1.9377043957706626,-0.0009008250059385214,0.3034304384560462,2.2890326922199797,-0.00043769161691673,0.3926196475240041,0.2021995014297757,0.1904201460942284,5.570656063313393,0.000999000999000999,1.0213004955524603,147.4571745171558,2.1057784525670598
25042008,dephasing,28,35,0.5794405824352507,-0.1319594921228615,0.021917881453650152,0.36814649870715704,-0.3462286172535069,9.036386100471336,9.01689640360884,0.019489696862496686,11.864641967327243,15.940267698140225,-4.075625730812982,0.013470311012598657,0.0020692285414040112,0.011401082471194646,670.8372280357661,4357.612618996016,-3686.7753909602498,880.7994081376705,7703.483389671615,-6822.6839815339445,1.4210854715202004e-14,0.05833162440439388,1.5987211554602254e-13,10.451177323774258,0.01394088434738272,6.025263732345254,0.0009008250059383549,-0.19935985022970293,2.4488993597004667,-0.0007495457878363976,0.45116593195257,0.23233130074508188,0.2188346312074881,5.742001688074332,0.000999000999000999,2.5963945493289433,146.8024173974605,5.352922250472769
25042008,dephasing,27,36,0.5929108934478503,0.07986526503537116,0.16712447763225186,0.3751174035329492,-0.20799292590069735,9.008935902974907,8.87655869869075,0.13237720428415578,6.315350777337972,11.592945923447134,-5.277595146109162,0.013470311012598768,0.00021281972897957413,0.013257491283619194,668.7993985104619,41709.28485461373,-41040.48545610327,468.8348154271443,54473.07906570915,-54004.244250282005,3.552713678800501e-15,0.3480516151569706,7.194245199571014e-14,11.393733877677239,-0.01546123651183251,-1.0384150763142372,-0.013311517857687027,0.0449376277578164,0.9063238026198555,-0.01206717901050594,0.30444838189601425,0.2345958893721372,0.06985249252387704,1.9464353528011895,0.03296703296703297,0.44114299295966175,46.717304984425496,1.9226983252662815
25042008,dephasing,26,37,0.633004240175824,-0.06200798819571282,0.15639154547683531,0.37683036929512603,-0.22043882381829072,9.012408178502142,8.85701872231196,0.15538945619018207,2.842889739977176,11.135101906622229,-8.292212166645053,0.040093346727972934,0.0008450886109173106,0.03924825811705562,224.78562938758685,10480.579915398472,-10255.794286010885,70.90677062370814,13176.253664731692,-13105.346894107985,2.1316282072803006e-14,0.982414832986489,3.241851231905457e-14,8.851808305966902,0.004026456072249829,-1.4600514219317464,0.014346207045098647,0.0050917272632711175,2.077581177526829,0.014586074142309946,0.1895614904720522,0.2404462786176689,-0.0508847881456167,-1.7064160604014258,0.9600399600399601,-0.14465984214008595,-11.438169129566468,0.5389024163577784
25042008,dephasing,25,38,0.7028040280686222,0.02841511238501182,0.1704081926254481,0.3008819924062279,-0.13047379978077983,9.007827541884875,8.83960928831521,0.16821825356966613,2.2905315464798734,17.752523088714476,-15.461991542234603,0.038023968353149806,0.0019570916872776456,0.03606687666587216,236.89867028670326,4516.706777601864,-4279.808107315161,60.23915034870714,9070.869394682575,-9010.630244333868,1.2434497875801753e-14,0.5803158171036031,1.0658141036401503e-14,0.525541841188808,-0.004457817901542427,0.5029628418865542,-0.0010346891874116193,0.21493010940959767,-2.4101318927225783,-0.0014151736804056958,0.15385202683377167,0.21545736726516346,-0.06160534043139179,-1.9287665414086623,0.981018981018981,-0.1411089756897349,-14.594223230756395,0.352402920952622
25042008,dephasing,24,39,0.7408279964217725,-0.26032414825458744,0.15717491189137717,0.3359923918167578,-0.1788174799253806,9.012162541070692,9.260975708940737,-0.24881316787004515,0.7322476692094626,18.543754801588463,-17.811507132379,0.03802396835314992,0.0023081257776498276,0.03571584257550009,237.01267730316007,4012.335808826856,-3775.323131523696,19.2575288935828,8034.117976217927,-8014.860447324344,1.0658141036401503e-14,0.4013725405634734,7.438494264988549e-15,2.8828473882153993,0.006415345360204938,-1.5730502154868398,-0.0121924560105994,-0.2966963449369402,-7.545075212752904,-0.012274743433398183,0.05879747582073807,0.17807868570965604,-0.11928120988891797,-3.408375229810695,1.0,-0.08734338792164488,-28.27115890773262,0.04305431462513518
25042008,dephasing,23,40,0.9369852766340963,0.15953155262010954,0.18220769594793892,0.4266676472860113,-0.24445995133807238,9.0036668495361,9.076118748971975,-0.07245189943587604,2.3200642229127317,7.390936519930319,-5.070872297017587,0.06240888037434883,0.002494585022424445,0.059914295351924385,144.2690013909746,3638.328085587177,-3494.0590841962025,37.17522584920975,2962.7919888443785,-2925.6167629951688,7.105427357601002e-15,0.2594888909564972,2.6645352591003757e-15,3.0497752928896853,-0.007426788856633948,0.3691459502375667,0.021842398943136665,-0.040747764619777804,15.184891089351527,0.02109953691754457,0.2059915449535958,0.2637517329034656,-0.057760187949869785,-1.1902645795723292,0.8911088911088911,-0.13400734557120797,-8.33300463568272,0.4779136136693573
25042008,dephasing,22,41,0.9993941570084457,0.24946376320893518,0.16383454545360537,0.3312515780540183,-0.1674170326004129,9.010024735714774,8.824619837476925,0.18540489823784867,3.1695888761408675,25.869608516500097,-22.70001964035923,0.04310899450927441,0.0011953202160148724,0.04191367429325954,209.00568056108034,7382.640834853184,-7173.635154292104,73.52500127227431,21642.408594700973,-21568.883593428698,1.0658141036401503e-14,0.026580830244437692,8.881784197001252e-16,17.89540771454778,-0.0004963687516550408,1.0328800360605608,-0.009649942932537237,0.04141145853915695,-15.727093577642197,-0.008471710798106963,0.26273165755456124,0.2845890982234876,-0.021857440668926365,-0.40915633832571424,0.6553446553446554,-0.06927910080513801,-4.56832926233239,0.832751339194989
25042008,dephasing,21,42,1.0425031515177205,0.09993118714280919,0.13961065361208053,0.2288936674241919,-0.08928301381211137,9.017375359396759,8.6569365805635,0.3604387788332595,1.9533534572478817,10.828333285664362,-8.87497982841648,0.04310899450927447,0.0022525196784658474,0.04085647483080862,209.17619309020907,3843.2235080226205,-3634.0473149324116,45.31196979849849,4807.209184089949,-4761.897214291451,0.0,0.027196405734578377,7.105427357601002e-15,1.756217789875052,0.0016579512245229466,-0.8309193014610408,-0.013580968692633977,0.25682117104203517,6.2764181074486185,-0.01383602119859667,0.21155108973260142,0.2475780208983184,-0.03602693116571698,-0.8222031173849256,0.7912087912087912,-0.07037333054658472,-7.535976309967686,0.41323405251373385
25042008,dephasing,20,43,1.1127740834122632,0.00981036615467612,0.12432382462368127,0.35717371735590353,-0.23284989273222226,9.021410080629698,8.999579763285098,0.021830317344599948,2.3989566412769774,10.001732872647946,-7.602776231370968,0.07027093189454248,0.0027996141289914345,0.06747131776555104,128.38039623792633,3214.578634280293,-3086.198238042367,34.13867692657268,3572.539790064242,-3538.401113137669,1.0658141036401503e-14,0.46237533555953014,8.43769498715119e-15,1.269363172538462,-0.0012940067525271104,-1.281461560080519,0.02749906105676711,-0.36030400825163955,-0.5916927418907827,0.027725042475710865,0.23935089854950498,0.2488569451779597,-0.009506046628454723,-0.22930732435699597,0.5634365634365635,-0.02280459369162008,-1.220390032817221,0.574192427670947
25042008,dephasing,19,44,1.3174214426948003,-0.026091834921630655,0.09398765148177947,0.31799599972439097,-0.2240083482426115,9.028032815367691,8.624202943008472,0.4038298723592195,5.407482945467111,10.554670096011002,-5.147187150543891,0.042434747166276265,0.003798671417404531,0.038636075748871734,212.75095100701927,2270.3208557325074,-2057.569904725488,127.43054469674193,2778.516206390537,-2651.085661693795,7.105427357601002e-15,0.5631617643940849,2.6645352591003757e-15,9.436601293022061,0.0031317083391648737,1.938721322247928,-0.01391809236413305,0.2493978906348593,10.189151085693538,-0.01588561074204453,0.5106531727645753,0.3372355874461374,0.17341758531843793,3.493331991867489,0.000999000999000999,0.9377526350535407,36.894756197838575,2.7613483227731113
25042008,dephasing,18,45,1.3598561898610773,-0.023406404727072616,0.09205629023267764,0.3689244632250702,-0.2768681729923926,9.028392133427356,8.741358487323236,0.2870336461041205,4.538566605161388,27.60846684626528,-23.06990024110389,0.042434747166276154,0.000862691949994665,0.04157205521628149,212.7594185503342,10132.653361813906,-9919.89394326357,106.95401547645578,32002.694410717537,-31895.740395241082,1.0658141036401503e-14,1.1936737122262162,3.552713678800501e-15,5.556619373239791,-0.0011440848306776275,-0.08625956894456355,0.0016676368096572025,-0.0008130314780672165,-15.01132833031128,0.004951742742715315,0.484475471149167,0.3021579132121217,0.1823175579370453,3.5096454601077296,0.000999000999000999,0.8274603799876503,38.78977761820263,2.1988241943774387
25042008,dephasing,17,46,1.4798216985211956,0.4851571913439908,0.07633395607713325,0.38824145953403155,-0.3119075034568983,9.031039621148379,8.859176138343223,0.17186348280515595,3.8421694027447915,14.812126073786121,-10.96995667104133,0.03909947354696164,0.004494924348701024,0.034604549198260615,230.97599025985267,1970.9288635532682,-1739.9528732934155,98.26652520346686,3295.3004154712053,-3197.0338902677386,0.0,0.4770473624219509,1.0658141036401503e-14,5.149791244843664,0.0008674331870075491,-0.08643634852400872,-0.001667636809657369,-0.11321929956052479,7.119027395248541,-0.005520298705798621,0.46914571391338644,0.3275667606280855,0.14157895328530096,3.108412602746357,0.002997002997002997,0.5439703223854175,32.70133893502581,1.8025373074268747
25042008,dephasing,16,47,1.5189211720681575,0.15112775228269384,0.07010172254211504,0.34864651771176103,-0.278544795169646,9.031952242495386,8.748820323868145,0.28313191862724096,3.3186448973762124,16.426712788852065,-13.108067891475851,0.03909947354696186,0.00042183295512487895,0.03867764059183698,230.99933127353307,20740.011460883026,-20509.012129609495,84.87697138403237,38941.274239678874,-38856.397268294844,1.7763568394002505e-15,0.20807089563011516,7.549516567451064e-15,2.720545968563103,0.018883524888821057,-2.826327088141931,0.016915686151287912,0.11868424850895831,0.9787490335857729,0.01880455742302195,0.44232982794335207,0.268088336197546,0.17424149174580605,3.190034496776981,0.003996003996003996,0.5782456374934387,40.24966807338403,1.4679356264615033
25042008,dephasing,15,48,2.0169676978536613,-0.4881605776222302,0.2043738729240066,0.2942200411116324,-0.08984616818762581,8.99509781406475,8.83806595663334,0.15703185743140935,8.447774568291496,25.651451747373414,-17.203677179081918,0.0052681012443862585,0.00012648410501681084,0.005141617139369448,1707.4648714562986,69874.91397008883,-68167.44909863254,1603.5710356351883,202803.7573888364,-201200.18635320122,3.197442310920451e-14,0.5143486983969972,7.815970093361102e-14,4.229013252248851,-0.01798740853931946,2.024946864046779,-0.016915686151288023,-0.10378069684982805,-3.1203330049540767,-0.01668442808690851,0.3688353210212102,0.39562036738566525,-0.026785046364455056,-1.5315866991892113,0.9600399600399601,-0.22627403348815203,-45.73452574763525,3.1158376448106093
25042008,dephasing,14,49,2.022235799098048,-0.40439366828096146,0.20651462729322367,0.44343635840669754,-0.23692173111347387,8.994218202712753,8.75572501277752,0.23849318993523383,9.527010511113222,24.585630967893053,-15.058620456779831,0.005268101244386703,0.0002936513836677701,0.0049744498607189325,1707.2979021229564,29816.73337757376,-28109.435475450806,1808.4334505272648,83723.87237142607,-81915.4389208988,3.197442310920451e-14,0.3101349057618208,2.291500322826323e-13,1.9629290888557875,0.006983136193642991,-0.3234632289069186,0.0012330358842996825,0.16512625928137403,-1.3714582169526341,0.0010367581774007872,0.3844158623032711,0.3925609695918921,-0.008145107288620945,-0.41447850354251703,0.6893106893106893,-0.07759852275283666,-13.906124586428941,3.662333960801917
25042008,dephasing,13,50,2.1222454157296458,-0.01074244637513383,0.2397794299461018,0.35269631665593915,-0.11291688670983735,8.979372318973471,8.989670315097161,-0.010297996123689757,11.253172911748784,21.42382021232126,-10.170647300572476,0.0028020294757877817,6.82632485209389e-05,0.002733766227266843,3204.595953241694,131691.21760063458,-128486.6216473929,4016.0794199300813,313841.205575644,-309825.1261557139,7.283063041541027e-14,0.3514760141061988,3.3928415632544784e-13,7.027444729879701,-0.007030336072389787,1.336904368021429,-0.0012330358842992384,-0.05676496714843893,8.986256342743626,-0.00108588503247109,0.43720703325540156,0.3878486428772187,0.04935839037818285,2.5014522778288217,0.014985014985014986,0.555438501571289,158.17369806444853,4.919966343455735
25042008,dephasing,12,51,2.125047445205434,-0.07178554570513895,0.24141123963019845,0.2869362378955522,-0.04552499826535378,8.97858710737897,9.124146355264706,-0.1455592478857355,10.305526576341489,33.56071340619386,-23.255186829852374,0.0028020294757873376,0.0001371768170304044,0.0026648526587569332,3204.315723643875,66513.76342434301,-63309.44770069913,3677.8794318163823,244652.95326655183,-240975.07383473546,7.993605777301127e-14,0.555086932755918,3.2862601528904634e-13,16.220188443406958,-0.019486099114914168,2.5586883607610202,-0.0030970595804837853,-0.11775441945657938,-11.026766909011641,-0.002999284983736028,0.4332963628016407,0.37523510145849603,0.058061261343144654,2.4627040641047473,0.014985014985014986,0.598351871827686,186.04661265643472,4.465347182284412
25042008,dephasing,11,52,2.317247640559139,-0.11615828360538843,0.1417476630652514,0.4272473849210421,-0.28549972185579064,9.016774094014298,9.06208575474892,-0.04531166073462245,4.240503519412153,18.526696060521143,-14.28619254110899,0.008996148636754464,0.0004016395790353844,0.00859450905771908,1002.2926985861002,22562.730935315896,-21560.438236729795,471.3687701965312,46127.665268987206,-45656.296498790674,4.796163466380676e-14,0.7291572806975157,1.794120407794253e-13,7.82458791612328,0.019447821739088766,-3.661690205221422,0.0030970595804835632,-0.06846665214629866,3.9050078092162455,0.003318775960554854,0.22634466636804426,0.32123780735251245,-0.09489314098446819,-4.734790777926906,1.0,-0.40239469831271096,-95.11070235463389,0.9598153543338612
25042008,dephasing,10,53,2.3262437891958943,-0.06268474938981991,0.14422571486150126,0.41825405207828703,-0.27402833721678577,9.016065437171449,8.82419620646236,0.1918692307090879,5.49886087292566,18.62607474372376,-13.127213870798098,0.008996148636754464,0.0011095351011829457,0.007886613535571518,1002.2139252274704,7953.057273315937,-6950.843348088467,611.246111525952,16787.27849516912,-16176.032383643169,4.263256414560601e-14,0.31196849731459864,2.255973186038318e-13,11.461922908508148,0.013960755188245244,-1.1826243874403808,-0.000652848605852685,0.13744319916838332,1.9755665171277563,-0.00011881743488806329,0.26175731094302757,0.34344409028525064,-0.08168677934222307,-4.600098497598385,1.0,-0.44918423476026254,-81.86762776375963,1.43936703534685
25042008,dephasing,9,54,2.430499464494541,0.5189365950023415,0.22233133842676334,0.3481927762314271,-0.12586143780466374,8.987435269952108,8.833271546136077,0.1541637238160316,9.12246700131993,25.041835236062646,-15.919368234742716,0.010301845848459834,0.0028854929652597505,0.007416352883200084,872.4101876651323,3061.2694789019906,-2188.8592912368586,885.5177155153971,8678.529297266332,-7793.011581750935,5.329070518200751e-15,0.585921407547449,1.1191048088221578e-13,11.010928025412156,-0.01340556105622781,2.425236231571038,0.000652848605852907,0.1858566073211403,-0.3979375020692206,-0.0011583819492807512,0.45937614074557376,0.3608430547151367,0.09853308603043703,6.644621331374534,0.000999000999000999,0.8988648258508796,85.96126807503819,4.190643685145196
25042008,dephasing,8,55,2.4408013103430015,0.22967353616464334,0.2263852229134051,0.3238423787392538,-0.09745715582584871,8.985616224845224,9.240871222564529,-0.25525499771930527,7.895600666572122,25.811248261121015,-17.915647594548894,0.01030184584845939,0.0010389897190692388,0.009262856129390151,872.2336129878119,8894.093033800957,-8021.859420813144,766.4258214223702,24842.640680067154,-24076.214858644784,5.329070518200751e-15,0.21655681007498018,6.217248937900877e-14,4.465954964696902,-0.022456084366220708,-9.814567414874027,0.00021764719006345246,-0.4005786033833987,-12.758978923999463,0.0007405370436971426,0.4544058429119106,0.3436821261766022,0.1107237167353084,6.611012449067108,0.000999000999000999,0.8742302516606438,96.57694749147709,3.587807076189548
25042008,dephasing,7,56,3.3017231941415783,0.1025638918723383,0.0903169171749238,0.3257410696901816,-0.23542415251525778,9.02870934847078,8.892225860958625,0.13648348751215522,26.297869161572365,20.69183826792851,5.6060308936438545,0.009866551468332041,0.00023826618014610723,0.009628285288185934,915.0825774790288,37320.55407740126,-36405.471499922234,2665.355696565182,86843.3709527725,-84178.01525620732,1.7763568394002505e-14,0.10542328434744519,1.1013412404281553e-13,5.171017519964703,0.021526431189817785,5.0497652390559935,-0.00021764719006356348,0.2947749046204198,11.03606927873162,0.001235789895043915,0.5962218710912375,0.5277618428715087,0.06846002821972874,1.6167451190113304,0.13986013986013987,1.8003528649199783,62.64657907759643,15.679364757225228
25042008,dephasing,6,57,3.3115897456099117,0.3033533470221549,0.09009375273602838,0.3104277623987983,-0.22033400966276995,9.028749609716701,9.090077446213925,-0.06132783649722384,34.60060717846062,27.54503635408726,7.055570824373362,0.009866551468331819,0.0023444168114379327,0.007522134656893886,915.0866580583735,3877.329919264052,-2962.2432612056787,3506.8592394735356,11749.206122264877,-8242.346882791342,3.552713678800501e-15,0.7081323544732001,2.6290081223123707e-13,0.44984194307863845,0.010099377613773441,3.9340302017471913,0.0003105472347375571,-0.05714759123122448,0.0869715764506509,-0.0012743972538895587,0.6090017117590268,0.5021050653900565,0.10689664636897034,1.8870638077667496,0.11788211788211789,3.6986888697075617,97.81969488342882,21.07182899958419
25042008,dephasing,5,58,3.373146263657849,-0.4393081578483038,0.16815284197328084,0.3776050228045654,-0.20945218083128458,9.008591115735076,9.15343509377923,-0.14484397804415394,35.035284791854494,26.704117189652926,8.331167602201567,0.009245456998856483,0.0012806784654755266,0.007964778533380956,974.380294759826,7147.332715070276,-6172.95242031045,3789.4594930448334,20851.53917204149,-17062.079678996655,1.5987211554602254e-14,0.252654580286487,6.181721801112872e-13,14.937329516384494,-0.01067609032453909,4.415831079416108,-0.0003105472347376681,-0.04926288410451285,0.3379232001073582,0.0003181277106520941,0.5963191534011077,0.4959773455971673,0.10034180780394047,1.7624199434562628,0.07292707292707293,3.5155038129405822,97.77108026473734,20.892211366245377
25042008,dephasing,4,59,3.3823917206567065,-0.36933778293540875,0.16456515912012493,0.45048118662561326,-0.28591602750548833,9.009784802402528,9.139619153784587,-0.12983435138205834,26.63830024641615,17.707382266601094,8.930917979815057,0.009245456998856483,0.0014742900102926448,0.007771166988563838,974.509405377895,6199.336012573525,-5224.8266071956305,2881.2313171442893,12010.786305935966,-9129.554988791677,1.7763568394002505e-15,0.2769528652566251,3.232969447708456e-13,1.351296270534604,-0.004714490355519629,1.7592357065185595,0.000715426476967318,-0.15214716668748807,7.497388288606169,0.0005108426440945113,0.5771429347493475,0.5102472548806399,0.06689567986870759,1.7516879980614395,0.08791208791208792,1.7819872055307693,65.19046921120426,15.374106780950884
25042008,dephasing,3,60,3.4117026747017047,0.3463754983756682,0.1282927286237831,0.37276841510715863,-0.24447568648337553,9.02040746978102,8.830937861126007,0.1894696086550134,14.722844287940688,20.18695250772448,-5.4641082197837925,0.007814604044921847,0.0012587338893641498,0.006555870155557697,1154.3012823078016,7015.730597026319,-5861.429314718517,1884.016669725962,16037.506162578917,-14153.489492852954,5.329070518200751e-15,0.14552539599912961,3.375077994860476e-14,7.896778668655294,0.005487500971291581,-6.947418147838732,-0.000715426476967429,0.24504728246681395,-2.4423736415655704,-0.0011529680212089,0.501901418639525,0.4578490688423451,0.04405234979717987,0.6950323873672235,0.24675324675324675,0.6485758865817748,50.84968385955654,7.389416434526258
25042008,dephasing,2,61,3.4195172787466275,-0.08561381379977806,0.1296586240164026,0.34193338478023844,-0.21227476076383583,9.020055135216928,9.001376131458471,0.018679003758457213,16.70222462514269,31.67661176139419,-14.9743871362515,0.007814604044922069,0.00016809467995271277,0.007646509364969356,1154.2561956262086,53549.44091026959,-52395.18471464339,2137.309136730453,188445.05828682525,-186307.7491500948,1.2434497875801753e-14,0.1529991592953035,3.375077994860476e-13,8.60184047065195,0.012526978488100582,-0.22450684313142233,0.0009378789667877641,-0.3101379314978576,-12.853597424145088,0.0014562667936640628,0.5211010517533995,0.45451881635620134,0.06658223539719815,1.0877971953165002,0.12387612387612387,1.1120714516481303,76.85295772585863,8.703546818783385
25042008,dephasing,1,62,3.537365841028361,0.2513103522083898,0.20546934156248509,0.46442943725047703,-0.25896009568799194,8.994648843676636,8.52648458181902,0.4681642618576163,19.130618648607538,17.90808985303657,1.222528795570966,0.005938846111346763,0.00011423112429387317,0.00582461498705289,1514.544858552818,74642.39395809169,-73127.84909953887,3221.268625239601,156770.66967288073,-153549.40104764112,8.881784197001252e-15,0.4810916956847304,3.517186542012496e-13,5.146836860129799,-0.012921468082524257,2.156913474799296,-0.0009378789667883192,0.3594461635825237,13.33604115350597,-0.0009534937241547636,0.636867311070896,0.47942082921752555,0.15744648185337046,2.4663397144751795,0.000999000999000999,3.012048601901737,238.45975958825179,12.18366565786142
25042008,dephasing,0,63,3.5433046871397096,0.11554973556550285,0.20440402563882165,0.34626909280338847,-0.14186506716456682,8.995085488301392,8.796328295509664,0.198757192791728,17.245185722473792,26.4978233020923,-9.252637579618508,0.005938846111348095,2.9138053902144634e-05,0.00590970805744595,1514.6183820310412,301884.5501848094,-300369.9318027784,2903.7940029328697,909388.9177046925,-906485.1237017596,1.9539925233402755e-14,0.26267349834193787,3.907985046680551e-14,3.5803290103967917,0.0004366446247558997,-1.8854329261337455,1.3322676295501878e-15,-0.2694070690658883,-10.475166375189474,8.50930703930608e-05,0.6348148965221009,0.46839346724476794,0.16642142927733294,2.5997689351844273,0.000999000999000999,2.869968456087144,252.06495594732738,10.947500789916612
25042008,transverse,31,32,0.4371725369515931,-0.011900053511783748,3.1983795848948975e-15,0.18467006905781252,-0.18467006905780933,2.4015500745143035,2.3466198350546716,0.054930239459631824,2.4595378432192927,4.9906814285477346,-2.531143585328442,0.06506036407455812,0.0005630882754175393,0.06449727579914058,36.912644260062336,4167.410222339676,-4130.497578079613,37.80393605545616,8863.053354906142,-8825.249418850686,1.3322676295501878e-15,0.1099386464335117,1.3766765505351941e-14,0.7855048865284662,-8.881784197001252e-16,-10.383552469753075,0.05339170307383606,0.054385278927116865,-9.91674618484688,0.05293544456761598,0.42110306837095757,0.26461403043782067,0.1564890379331369,3.8530531364403866,0.002997002997002997,0.3848907108455296,5.776424187825283,1.0357189325541314
25042008,transverse,30,33,0.502232901026152,0.10028047167574558,7.83384470377114e-14,0.24048540720315253,-0.2404854072030742,2.4015500745143044,2.4010051139817894,0.0005449605325149598,12.843090312972368,5.457487713453929,7.385602599518439,0.011668661000722058,0.00010682976919745846,0.0115618312315246,205.81196714564732,22475.056644032426,-22269.244676886778,1100.648164530415,51085.83267054148,-49985.184506011065,4.440892098500626e-16,0.17748045116908528,2.469136006766348e-13,2.6590721005027556,4.440892098500626e-16,6.8169179227498455,-0.02669585153691792,-0.06127595792704166,6.423580771944141,-0.026208689285267137,0.48400559166686674,0.4169754573747339,0.06703013429213284,3.4060547422669454,0.001998001998001998,0.8608740684045282,13.795603796700771,6.216127525761196
25042008,transverse,29,34,0.5139015620268748,0.35701484166523456,7.784424734892254e-14,0.2112898811180863,-0.21128988111800845,2.4015500745143044,2.332838477054823,0.06871159745948141,9.592806937225753,5.137619696748715,4.455187240477038,0.011668661000721836,0.0006248957662789434,0.011043765234442893,205.81196714565124,3733.1641578340946,-3527.3521906884434,822.1000624349556,8221.562657307817,-7399.462594872862,7.105427357601002e-15,0.07308425993326395,1.3322676295501878e-13,2.006305229499909,-8.881784197001252e-16,2.7096249527855525,-0.0009008250059385214,0.046590979244885755,3.4129945482555266,-0.00043769161691673,0.3681290417391502,0.4237189848439931,-0.05558994310484294,-4.016965145057542,1.0,-0.5332635918561223,-11.441075543922556,3.5313908253895883
25042008,transverse,28,35,0.5794405824352507,-0.1319594921228615,5.2876348010660795e-15,0.20032562791767242,-0.20032562791766712,2.4015500745143066,2.3578537986176302,0.04369627589667635,0.9232736559080326,6.224490870983449,-5.301217215075416,0.013470311012598657,0.0020692285414040112,0.011401082471194646,178.28467897052704,1139.484475222723,-961.1997962521959,68.54137629372501,3008.1215034662205,-2939.5801271724954,5.329070518200751e-15,0.13581218383772464,1.7763568394002505e-15,3.4733092582787215,3.1086244689504383e-15,-4.6134020139611005,0.0009008250059383549,-0.07273158857150608,-6.649445945505417,-0.0007495457878363976,0.1328102263237999,0.24842537465823092,-0.11561514833443101,-2.6268923298914792,0.9920079920079921,-0.1067444206810796,-20.612409604933898,0.12262018319994797
25042008,transverse,27,36,0.5929108934478503,0.07986526503537116,4.531137516022746e-15,0.18670168580371466,-0.18670168580371013,2.401550074514302,2.2374059430374187,0.16414413147688345,1.4805444025125136,3.2392741821295497,-1.758729779617036,0.013470311012598768,0.00021281972897957413,0.013257491283619194,178.28467897052525,10513.150983535737,-10334.866304565212,109.91167175930548,15220.741975667333,-15110.830303908027,3.552713678800501e-15,0.1209367954168914,2.1316282072803006e-14,1.679550500896347,-2.220446049250313e-15,0.4102987615325939,-0.013311517857687027,0.1363006014020265,1.581346261712954,-0.01206717901050594,0.21592606100851305,0.2483985786004775,-0.032472517591964456,-0.7948136904602919,0.8111888111888111,-0.048077004156272106,-5.789352374248117,0.31968812098272953
25042008,transverse,26,37,0.633004240175824,-0.06200798819571282,7.813605582270479e-15,0.18814961218933593,-0.1881496121893281,2.4015500745143026,2.389559290261265,0.011990784253037567,1.217217626051807,2.59615249363637,-1.378934867584563,0.040093346727972934,0.0008450886109173106,0.03924825811705562,59.89896754712055,2827.584302275109,-2767.6853347279884,30.359591438211375,3072.0476647038804,-3041.688073265669,0.0,0.02589271420384298,1.532107773982716e-14,0.0735092539329476,-8.881784197001252e-16,-0.8030368695400725,0.014346207045098647,-0.1022909644948673,-0.03593880915372516,0.014586074142309946,0.12289289882733452,0.25498608545409207,-0.13209318662675756,-2.5144180014001023,1.0,-0.16078615504344015,-7.912245498951889,0.14958740256923303
25042008,transverse,25,38,0.7028040280686222,0.02841511238501182,6.479135691076604e-15,0.1900598368080015,-0.19005983680799504,2.4015500745143052,2.337130708495379,0.06441936601892628,2.5599645886712454,3.487226925915885,-0.9272623372446396,0.038023968353149806,0.0019570916872776456,0.03606687666587216,63.158848971516335,1194.1855988087996,-1131.0267498372832,67.32502417673574,1781.8413662400706,-1714.5163420633348,1.3322676295501878e-15,0.09200139098827886,4.440892098500626e-15,1.9534509374603886,1.7763568394002505e-15,1.04593190097012,-0.0010346891874116193,0.03483116367940409,1.3060678950451812,-0.0014151736804056958,0.4105876205053667,0.2786600345511057,0.13192758595426096,4.457450187532496,0.000999000999000999,0.33772994831179004,8.332394476461907,1.0510897690405265
25042008,transverse,24,39,0.7408279964217725,-0.26032414825458744,3.4496107781796028e-15,0.2643353874908277,-0.26433538749082425,2.4015500745143044,2.3543644540882975,0.047185620426006825,1.8108477493504438,4.898573346345522,-3.087725596995078,0.03802396835314992,0.0023081257776498276,0.03571584257550009,63.15884897151613,1020.0329968523426,-956.8741478808265,47.6238495817187,2122.316467230539,-2074.69261764882,3.1086244689504383e-15,0.08701709751719555,1.4210854715202004e-14,3.407662425528538,-4.440892098500626e-16,0.2538763956341632,-0.0121924560105994,-0.003517834615568427,-0.25383271195600265,-0.012274743433398183,0.3683807640105355,0.21680911624730898,0.1515716477632265,3.980335605183377,0.000999000999000999,0.27447317721737696,9.573090809441464,0.6670814774124751
25042008,transverse,23,40,0.9369852766340963,0.15953155262010954,2.5344714008033307e-15,0.18630812529792515,-0.18630812529792262,2.4015500745143044,2.36456253045008,0.03698754406422422,0.5539781187613156,5.294501551594827,-4.740523432833512,0.06240888037434883,0.002494585022424445,0.059914295351924385,38.48090303990431,947.8781076589653,-909.397204619061,8.8765912068663,2122.3977150512956,-2113.5211238444294,3.9968028886505635e-15,0.051254820089318365,1.3322676295501878e-15,2.988312584589558,0.0,-1.8095838658192833,0.021842398943136665,0.002493205054096448,-0.97290024354783,0.02109953691754457,0.15824232093032622,0.236139518491072,-0.07789719756074578,-2.974656179700421,0.996003996003996,-0.0431533429614805,-2.9975545064153293,0.08766278325740648
25042008,transverse,22,41,0.9993941570084457,0.24946376320893518,9.055121041367155e-15,0.1810686725497378,-0.18106867254972875,2.4015500745143044,2.3797470169200556,0.02180305759424872,2.9162762198107544,7.36379700138704,-4.447520781576285,0.04310899450927441,0.0011953202160148724,0.04191367429325954,55.70879353258026,1990.8866135084645,-1935.1778199758842,67.64890373825236,6160.522429661156,-6092.873525922903,1.3322676295501878e-15,0.18169699278475004,3.552713678800501e-15,1.2185119906581283,4.440892098500626e-16,1.1482770796771566,-0.009649942932537237,0.025877539106652803,-2.0398006462802076,-0.008471710798106963,0.3641708459514831,0.3818455571943854,-0.01767471124290232,-1.3910665312647448,0.9250749250749251,-0.05154434008969781,-0.9846368393788203,1.0620227779966755
25042008,transverse,21,42,1.0425031515177205,0.09993118714280919,8.8523337691201e-15,0.20704355209289765,-0.2070435520928888,2.4015500745143035,2.446686581603336,-0.045136507089032385,2.9820201615058797,3.056936999264524,-0.07491683775864422,0.04310899450927447,0.0022525196784658474,0.04085647483080862,55.70879353258017,1086.1998698585098,-1030.4910763259297,69.17396695170721,1357.118887124019,-1287.9449201723119,1.3322676295501878e-15,0.05935169229288917,7.105427357601002e-15,3.3009982621709946,-8.881784197001252e-16,1.1968246350457425,-0.013580968692633977,-0.056452977372787094,3.20518002102497,-0.01383602119859667,0.3851077889484377,0.3944628654513562,-0.009355076502918502,-1.0089256967655722,0.8651348651348651,-0.027897026744132893,-0.521160025382579,1.1483991909971925
25042008,transverse,20,43,1.1127740834122632,0.00981036615467612,2.274317145687136e-15,0.15856903580588338,-0.1585690358058811,2.4015500745143044,2.4007201915410437,0.0008298829732606983,0.6541148331095201,2.766787769100463,-2.1126729359909433,0.07027093189454248,0.0027996141289914345,0.06747131776555104,34.175583129001005,857.5182439181027,-823.3426607891017,9.308469597232156,988.2746841605643,-978.9662145633322,4.440892098500626e-16,0.0492813371628289,3.3306690738754696e-16,0.10548799561969835,1.3322676295501878e-15,-0.9214531073006775,0.02749906105676711,-0.00327816967333594,-0.2762979752236061,0.027725042475710865,0.20015487929713432,0.24947378971825143,-0.04931891042111711,-2.0510814237454724,0.9820179820179821,-0.03226023085925239,-1.6855025229286416,0.13092427546750116
25042008,transverse,19,44,1.3174214426948003,-0.026091834921630655,1.9745049300444625e-15,0.2004870525164004,-0.20048705251639842,2.4015500745143026,2.348197462132077,0.05335261238222566,0.16911571931451544,3.766948803090546,-3.59783308377603,0.042434747166276265,0.003798671417404531,0.038636075748871734,56.59395271295176,618.1628269750425,-561.5688742620907,3.985312287872309,991.6490238748631,-987.6637115869909,4.440892098500626e-16,0.08003317426529666,9.43689570931383e-16,4.131128881561639,-8.881784197001252e-16,-0.37337170319855273,-0.01391809236413305,0.036989846517849756,0.27660509909723263,-0.01588561074204453,0.06268059559560497,0.20183423699586694,-0.13915364140026198,-4.8335523137760035,1.0,-0.02353306816063944,-7.8752546012414735,0.010600274011212983
25042008,transverse,18,45,1.3598561898610773,-0.023406404727072616,2.0051298201427005e-15,0.21271104354232373,-0.21271104354232173,2.4015500745143026,2.3696544257588115,0.03189564875549111,0.4308600119166161,6.0670634416721985,-5.636203429755582,0.042434747166276154,0.000862691949994665,0.04157205521628149,56.5939527129519,2746.8141157147297,-2690.220163001778,10.153471875968433,7032.711319155948,-7022.55784727998,3.552713678800501e-15,0.05512813248414439,5.551115123125783e-15,4.037053233294205,-8.881784197001252e-16,-0.12289091764610333,0.0016676368096572025,-0.060908661600806546,-3.4837445177825135,0.004951742742715315,0.12715903356069577,0.24310655401805206,-0.11594752045735629,-4.123259583225124,1.0,-0.04995715004595862,-6.561928489947645,0.05478774271526677
25042008,transverse,17,46,1.4798216985211956,0.4851571913439908,1.993554540448809e-15,0.16825495113818162,-0.16825495113817962,2.401550074514305,2.269294066183935,0.13225600833036966,0.9383861398109234,1.6454708799810311,-0.7070847401701077,0.03909947354696164,0.004494924348701024,0.034604549198260615,61.42154501466237,504.8570098492831,-443.4354648346207,23.99996866156895,366.07309763879596,-342.073128977227,8.881784197001252e-16,0.035867978426293856,7.105427357601002e-15,1.7479118267124525,8.881784197001252e-16,0.3966775781737176,-0.001667636809657369,0.06855521514792562,4.386283905232742,-0.005520298705798621,0.31095749405920464,0.2668270209448103,0.04413047311439433,1.8515680650640838,0.03496503496503497,0.041411424313846236,2.710561840914119,0.2917982024954952
25042008,transverse,16,47,1.5189211720681575,0.15112775228269384,1.9764347445599943e-15,0.22214457276541671,-0.22214457276541474,2.4015500745143052,2.3060441369049083,0.09550593760939696,0.6525571113577955,5.203090972407912,-4.550533861050116,0.03909947354696186,0.00042183295512487895,0.03867764059183698,61.42154501466203,5466.723519081694,-5405.301974067032,16.689664902368,12334.481953567603,-12317.792288665236,3.1086244689504383e-15,0.021281075830934526,3.3306690738754696e-16,5.162514088798017,8.881784197001252e-16,0.0646474614291862,0.016915686151287912,0.016638969495702982,-1.6937653651631321,0.01880455742302195,0.2612510608870282,0.2139277318154601,0.04732332907156811,1.5463222031479142,0.057942057942057944,0.03088117491877687,2.906671986812985,0.17048123763159867
25042008,transverse,15,48,2.0169676978536613,-0.4881605776222302,1.8784648870111682e-15,0.184747071873687,-0.1847470718736851,2.4015500745143035,2.376072146617285,0.025477927897018304,0.2374331600462951,5.243885411650155,-5.006452251603861,0.0052681012443862585,0.00012648410501681084,0.005141617139369448,455.8663478750374,18785.539466018156,-18329.673118143117,45.069969051810894,41458.84900678387,-41413.77903773206,3.552713678800501e-15,0.11094438932910089,4.0245584642661925e-15,1.8770881197005735,-1.3322676295501878e-15,-0.22255777429331652,-0.016915686151288023,-0.03956829381863192,0.1770368276169041,-0.01668442808690851,0.10151184062435913,0.21864003431291462,-0.1171281936885555,-3.7486208472681652,0.997002997002997,-0.02781011715798825,-53.394801890001794,0.024102277101557462
25042008,transverse,14,49,2.022235799098048,-0.40439366828096146,2.2563913517005357e-15,0.21994986896365792,-0.21994986896365568,2.4015500745143044,2.366963568692401,0.03458650582190348,0.2674247573214278,6.0838690547128405,-5.8164442973914126,0.005268101244386703,0.0002936513836677701,0.0049744498607189325,455.8663478749991,8060.454335779071,-7604.587987904071,50.76302540813462,20717.998937120552,-20667.235911712418,4.440892098500626e-16,0.19397994368012794,7.771561172376096e-16,3.4090263310995264,4.440892098500626e-16,-0.19772727728624023,0.0012330358842996825,-0.008658040343698659,0.055188708558570276,0.0010367581774007872,0.11281182359982402,0.22443213465598433,-0.11162031105616031,-3.8785733577432517,0.999000999000999,-0.029850034596335954,-50.88394354984319,0.030168674549170656
25042008,transverse,13,50,2.1222454157296458,-0.01074244637513383,1.952943465418812e-15,0.19056438254602914,-0.1905643825460272,2.4015500745143044,2.3405389100801184,0.06101116443418597,0.6928709091690409,7.429684669465146,-6.736813760296106,0.0028020294757877817,6.82632485209389e-05,0.002733766227266843,857.0752360979773,34286.95470538861,-33429.87946929064,247.27466829171826,108838.72113390829,-108591.44646561657,4.440892098500626e-16,0.2752207605852237,4.440892098500626e-16,2.445930634431626,0.0,0.2064685263762716,-0.0012330358842992384,0.0529789016251645,0.576468046511331,-0.00108588503247109,0.3233608291577654,0.230112760854854,0.09324806830291138,4.012177755679609,0.001998001998001998,0.06460887386329503,79.92061015639808,0.2240473116881958
25042008,transverse,12,51,2.125047445205434,-0.07178554570513895,1.7398981238853369e-15,0.1460332674131686,-0.14603326741316686,2.401550074514305,2.4200720547181653,-0.018521980203860533,0.7053800082641108,9.515499324487573,-8.810119316223462,0.0028020294757873376,0.0001371768170304044,0.0026648526587569332,857.0752360981132,17641.99014897518,-16784.914912877066,251.7389679014377,69366.67237568663,-69114.9334077852,8.881784197001252e-16,0.13374415852239085,1.6653345369377348e-15,3.323959738243757,8.881784197001252e-16,0.20374266224861504,-0.0030970595804837853,-0.08966723789105546,-0.7139209252477432,-0.002999284983736028,0.32388637020340194,0.23179076229936565,0.09209560790403629,3.7761599034062843,0.002997002997002997,0.06496240066443743,78.93286488795117,0.22846297049070852
25042008,transverse,11,52,2.317247640559139,-0.11615828360538843,1.2363483132390755e-15,0.16700981200158765,-0.1670098120015864,2.4015500745143035,2.3202707235740996,0.08127935094020389,0.3104037828619507,9.765986804517283,-9.455583021655332,0.008996148636754464,0.0004016395790353844,0.00859450905771908,266.95313422263655,5776.997200192972,-5510.044065970335,34.50407450959313,24315.299871522126,-24280.79579701253,1.7763568394002505e-15,0.047297938228162195,1.3877787807814457e-15,8.745239578236081,-2.220446049250313e-15,-0.19413775297580893,0.0030970595804835632,0.04969386083973637,-0.13378061921354956,0.003318775960554854,0.18307329429518204,0.1703179628474008,0.012755331447781237,0.3975317033334722,0.32367632367632365,0.003959303133049298,3.4050757080337615,0.056826643090223686
25042008,transverse,10,53,2.3262437891958943,-0.06268474938981991,1.1092300232212984e-15,0.17192919906563375,-0.17192919906563264,2.4015500745143066,2.319857114109511,0.08169296040479557,0.3037030634114084,10.137188552071514,-9.833485488660106,0.008996148636754464,0.0011095351011829457,0.007886613535571518,266.9531342226369,2090.837064673451,-1823.8839304508142,33.75923138604068,9136.428889238037,-9102.669657851997,2.6645352591003757e-15,0.23656065721222097,2.831068712794149e-15,3.415100533813174,3.1086244689504383e-15,-0.14438772576572706,-0.000652848605852685,0.01604873703347187,-3.3701805906135363,-0.00011881743488806329,0.1823592784718446,0.16818192430272275,0.014177354169121859,0.44501409213583626,0.3006993006993007,0.004305705892230811,3.784689130431448,0.055383071513393306
25042008,transverse,9,54,2.430499464494541,0.5189365950023415,1.1530287021279696e-15,0.16942560102622817,-0.169425601026227,2.4015500745143035,2.35154097871186,0.050009095802443504,0.5857777954923202,4.056804569930128,-3.4710267744378074,0.010301845848459834,0.0028854929652597505,0.007416352883200084,233.11842458537123,814.9529411520072,-581.8345165666359,56.86144057182687,1405.9311940013467,-1349.0697534295198,1.3322676295501878e-15,0.08849874406404501,1.3322676295501878e-15,1.5853587432367449,-1.7763568394002505e-15,0.14815034400642146,0.000652848605852907,-0.00564888227037641,5.208525718688937,-0.0011583819492807512,0.3914873387859348,0.165382173912404,0.22610516487353077,7.289361411777363,0.000999000999000999,0.13244738502904446,52.70927982593311,0.22932459027718
25042008,transverse,8,55,2.4408013103430015,0.22967353616464334,1.3188172549197096e-15,0.1737450651536641,-0.17374506515366278,2.4015500745143035,2.371927078773459,0.02962299574084426,0.5715518395603891,8.097171337153771,-7.525619497593382,0.01030184584845939,0.0010389897190692388,0.009262856129390151,233.11842458538126,2282.916794305058,-2049.798369719677,55.480527273261714,7793.312280710038,-7737.831753436776,1.3322676295501878e-15,0.09078711153230001,7.771561172376096e-16,6.56524118759309,0.0,-0.2823649770615646,0.00021764719006345246,-0.027814577172316612,-3.1476027467106515,0.0007405370436971426,0.3864813489959956,0.16145767092678287,0.22502367806921275,7.204366467758211,0.000999000999000999,0.12861269714510334,52.457165325902885,0.22089412597444205
25042008,transverse,7,56,3.3017231941415783,0.1025638918723383,3.350110398294856e-15,0.17528003467035952,-0.17528003467035616,2.4015500745143035,2.3366840244904252,0.06486605002387824,1.1220558377515872,6.40706256507924,-5.285006727327653,0.009866551468332041,0.00023826618014610723,0.009628285288185934,243.40318724555237,9807.031879461647,-9563.628692216094,113.72320322383854,26890.35666392253,-26776.63346069869,1.3322676295501878e-15,0.06202001265273527,2.2426505097428162e-14,0.5322491198414827,1.3322676295501878e-15,0.19986930276334613,-0.00021764719006356348,0.06913597821083473,0.05254001252064633,0.001235789895043915,0.3125708088928714,0.3049128364752466,0.0076579724176248365,0.1965229396892557,0.43356643356643354,0.008592672656536585,1.8639748942884136,0.35072190082898214
25042008,transverse,6,57,3.3115897456099117,0.3033533470221549,4.9005840454835154e-15,0.1923729316526135,-0.19237293165260858,2.401550074514301,2.439712926629058,-0.03816285211475723,1.272821230416093,4.42229521251931,-3.149473982103217,0.009866551468331819,0.0023444168114379327,0.007522134656893886,243.40318724555758,1040.6481111746832,-797.2449239291257,129.0036579144602,1886.309290627772,-1757.3056327133118,0.0,0.1162751844836234,1.9095836023552692e-14,0.7550408802742012,-3.552713678800501e-15,0.6529854530895173,0.0003105472347375571,-0.05955479184192081,4.121386690985963,-0.0012743972538895587,0.32647718404465415,0.32003591761001426,0.006441266434639881,0.18574010486260972,0.42357642357642356,0.008198580668776214,1.567824780089176,0.41554709109849797
25042008,transverse,5,58,3.373146263657849,-0.4393081578483038,3.1382097913545044e-15,0.22976988313349228,-0.22976988313348914,2.4015500745143052,2.4236322450838563,-0.022082170569551085,0.1176157169015643,9.374330335752271,-9.256714618850706,0.009245456998856483,0.0012806784654755266,0.007964778533380956,259.75460973009115,1892.4595910839662,-1632.7049813538752,12.721460595848482,7319.815698057751,-7307.094237461903,3.9968028886505635e-15,0.04606865120371317,2.3592239273284576e-16,1.686902586503102,1.7763568394002505e-15,-0.5604239317666577,-0.0003105472347376681,-0.019525582307182487,-5.990969464564291,0.0003181277106520941,0.04086923665890566,0.25357718020542097,-0.21270794354651532,-5.339024326732927,1.0,-0.025017797270880868,-55.25186886241534,0.004806864568856882
25042008,transverse,4,59,3.3823917206567065,-0.36933778293540875,3.555969938064941e-15,0.19241708124168982,-0.19241708124168627,2.401550074514306,2.368500398924286,0.03304967559002003,0.08325806692035094,3.465274393389966,-3.382016326469615,0.009245456998856483,0.0014742900102926448,0.007771166988563838,259.7546097300912,1606.5362868830275,-1346.7816771529363,9.005294917346827,2350.4699680506637,-2341.464673133317,1.1102230246251565e-14,0.1086226525524463,1.27675647831893e-15,1.977944917618148,2.6645352591003757e-15,-0.6816445743299002,0.000715426476967318,0.028795010533554377,2.966604397590526,0.0005108426440945113,0.028240960042694767,0.2578869089567964,-0.22964594891410162,-6.499385351874466,1.0,-0.019119877782677767,-59.65159383627893,0.0023512877411296378
25042008,transverse,3,60,3.4117026747017047,0.3463754983756682,4.426311988827341e-15,0.22001669319872386,-0.22001669319871944,2.4015500745143017,2.3709585738318193,0.030591500682482398,1.412189565598938,4.852716394868514,-3.440526829269576,0.007814604044921847,0.0012587338893641498,0.006555870155557697,307.3156439800552,1883.6058946736634,-1576.2902506936082,180.71159555635057,3855.2361510818355,-3674.524555525485,7.993605777301127e-15,0.10698800808913278,2.6645352591003757e-15,3.8893673753590288,-5.329070518200751e-15,0.748653013768777,-0.000715426476967429,-0.0015770295980812588,1.1403259020854613,-0.0011529680212089,0.388573561223704,0.3308492533149105,0.057724307908793515,2.879814518993107,0.006993006993006993,0.08151766531021845,17.739582858293872,0.5487395286277349
25042008,transverse,2,61,3.4195172787466275,-0.08561381379977806,4.043698149616663e-15,0.22518117661309195,-0.2251811766130879,2.401550074514308,2.3702626895432006,0.03128738497110728,1.2438150367399712,7.023504172980429,-5.779689136240458,0.007814604044922069,0.00016809467995271277,0.007646509364969356,307.3156439800473,14100.7597040548,-13793.444060074753,159.16545861951923,41783.024751028606,-41623.859292409084,4.884981308350689e-15,0.17834644347948236,2.5091040356528538e-14,1.8092090713330418,6.217248937900877e-15,-0.04317250011767437,0.0009378789667877641,-0.016771064686278203,-1.0879221971174102,0.0014562667936640628,0.3814245627542041,0.3128825780167372,0.06854198473746692,3.029705364088013,0.003996003996003996,0.08525355126446296,21.06402417926522,0.47442160653564786
25042008,transverse,1,62,3.537365841028361,0.2513103522083898,2.0535785599012042e-15,0.19960206669213032,-0.19960206669212827,2.4015500745143012,2.3360246758820127,0.06552539863228857,1.161785508116353,7.104792557092874,-5.94300704897652,0.005938846111346763,0.00011423112429387317,0.00582461498705289,404.37991311576474,20449.9841030393,-20045.604189923535,195.62478743078475,62196.64387452713,-62001.01908709634,8.881784197001252e-16,0.04593993265582297,8.659739592076221e-15,1.5078701113601962,-3.9968028886505635e-15,-0.006906321911780644,-0.0009378789667883192,0.06054540557997168,-0.06529067175916747,-0.0009534937241547636,0.5026052649285544,0.2885256719558486,0.2140795929727058,6.594200100269655,0.000999000999000999,0.24871456869913705,86.56948720616104,0.5839195130969748
25042008,transverse,0,63,3.5433046871397096,0.11554973556550285,1.8273399077190507e-15,0.18948438365657772,-0.18948438365657588,2.401550074514303,2.4228774733807765,-0.0213273988664735,1.0935686233162962,7.069312241510543,-5.975743618194247,0.005938846111348095,2.9138053902144634e-05,0.00590970805744595,404.37991311567436,83151.65733159849,-82747.27741848282,184.13823204253063,242614.4266618377,-242430.28842979518,2.6645352591003757e-15,0.03591396780601119,6.661338147750939e-16,2.0508687641103878,1.7763568394002505e-15,-0.06821688480005683,1.3322676295501878e-15,-0.08685279749876207,-0.03273656921772705,8.50930703930608e-05,0.5025452885094208,0.27859850881552256,0.22394677969389826,7.370622611878927,0.000999000999000999,0.2449011715659742,90.55957931515364,0.5495677593093382
25042009,dephasing,15,16,0.6590881321130446,-0.1432497565778779,0.6634034838037852,0.6299018265768982,0.03350165722688703,15.272889541105819,15.087963747088061,0.184925794017758,1.5204139124100635,81.60923399167105,-80.08882007926098,0.01129343151546236,0.00010824207218396165,0.011185189443278398,1352.36925288784,139390.93591487675,-138038.5666619889,134.6281606550139,753951.1425185297,-753816.5143578746,2.3092638912203256e-14,0.26991961270408815,2.375877272697835e-14,1.7384238992758299,-0.31074611938444185,0.5473003249516162,0.005309103024770612,-0.07962551141951124,2.779425040402373,0.005239849801966678,0.13238589680012539,0.13457911317032198,-0.0021932163701965934,-0.1785252020523734,0.5884115884115884,-0.003334596682172401,-2.9660383839841473,0.20128135930179356
25042009,dephasing,14,17,0.6703815636285076,-0.2263373875857102,0.6873954727834758,0.7223100851500694,-0.034914612366593656,15.58363566049026,15.319084355052992,0.26455130543726924,0.9731135874584473,83.8413587071218,-82.86824511966336,0.005984328490691748,3.8988849380028334e-05,0.00594533964131172,2604.0742390277605,392909.37277313054,-390305.2985341028,162.61032277423695,2150393.254489545,-2150230.6441667704,6.039613253960852e-14,0.4622450794592403,2.1871393585115584e-13,12.9253289473357,0.26098104726272453,-1.788979397306997,-0.0026545515123853614,0.1328648451585268,-11.200178527478101,-0.002602240723659388,0.05610766446733069,0.150544783656963,-0.09443711918963231,-7.523999999191768,1.0,-0.09189804384386407,-245.92126928971567,0.05459913065371902
25042009,dephasing,13,18,0.6763658921192001,0.4975507979587264,0.6425184545171558,0.7957900328316733,-0.15327157831451743,15.372419685349254,15.293972558809527,0.07844712653972685,4.003772057120825,67.25108516223037,-63.24731310510954,0.005984328490691859,7.435720402804158e-05,0.005909971286663818,2568.779389243056,205682.45886493885,-203113.6794756958,669.042828004574,904432.6779267903,-903763.6350987857,1.2434497875801753e-14,0.782282629939214,2.042810365310288e-14,11.638742597867164,0.12537279329142592,2.273599876377552,-0.002800777993389708,-0.015532549645074667,19.69810919075603,-0.00274415139232298,0.23186148017451924,0.1505646524913919,0.08129682768312735,6.1956248299266035,0.000999000999000999,0.325493967010272,208.83361536326183,0.9283205154454143
25042009,dephasing,12,19,0.6879517765966721,0.2508455451658276,0.7189877227205184,0.6857181702690538,0.03326955245146457,14.910458123625396,14.987050076693063,-0.0765919530676662,2.4872307740280997,85.50983024609587,-83.02259947206777,0.011585884477471387,0.0002229787608095113,0.011362905716661875,1286.9503534769922,67212.90414514575,-65925.95379166876,214.67767772624438,383488.6781846731,-383274.0005069468,5.1514348342607263e-14,0.8570485452742584,1.3322676295501878e-14,9.610708952104417,-0.3151512635978406,-0.6333902021214448,0.0035512383974060646,-0.10666813257623708,-18.363311594535773,0.0033670017057830237,0.22720581814983046,0.13756993126400607,0.08963588688582438,7.321935135452676,0.000999000999000999,0.22294513631972418,115.35693631193539,0.5651133029404904
25042009,dephasing,11,20,1.0006456261458148,-0.25841937144535265,0.8682761188822485,0.7153843629178886,0.1528917559643599,15.078799089097219,15.097093856619804,-0.018294767522585076,2.237469895178264,68.3087325451327,-66.07126264995443,0.010084963669438785,3.1269343448991904e-06,0.010081836735093885,1495.1763420617592,4828081.498176298,-4826586.321834236,221.8619688198417,21845272.401245415,-21845050.539276596,3.552713678800501e-15,1.197470722462974,1.7408297026122455e-13,10.173841728776516,0.051243432378784703,-0.8660913205296481,-0.0007504604040163565,0.33689045717010035,5.952127623815784,-0.0005317906390824856,0.11847599858681618,0.17965948958657882,-0.06118349099976264,-5.677461159924889,1.0,-0.13689621919387918,-91.48010826759368,0.26508648013918373
25042009,dephasing,10,21,1.0107305898152543,0.24195220838556003,0.8691283047636734,0.7562166541778459,0.11291165058582753,15.144653189811471,15.778431686129176,-0.6337784963177047,3.7198916573877248,64.74407273286039,-61.02418107547266,0.010084963669438896,0.00022061463774802892,0.009864349031690867,1501.706271456909,71520.32996174184,-70018.62369028493,368.8552363019758,293471.3371413128,-293102.4819050108,4.796163466380676e-14,1.155389539784185,1.9984014443252818e-13,1.2705019595577625,0.18047453799473345,2.0111190203699407,-0.00013131076546263332,-0.1091380726653286,-3.086687489049588,-0.0002541712051603584,0.18332492962057778,0.17081140297429995,0.012513526646277834,1.1135638265145116,0.11988011988011989,0.046548963375987906,18.791641442758564,0.681948876286779
25042009,dephasing,9,22,1.0308455376721546,-0.14529685538203954,0.9028075528122621,0.6843508620257912,0.2184566907864709,14.849558214536255,15.880544294318423,-1.030986079782167,1.1800753788573042,50.98379990174901,-49.803724522891706,0.010347585200364273,0.00019238146175570847,0.010155203738608565,1435.074747102686,82547.1651446541,-81112.09039755141,114.04355277169026,265014.09978103667,-264900.056228265,4.085620730620576e-14,0.16934015975739847,4.0611958240788226e-13,10.012185308645677,-0.08319580132498317,-2.5882312535329373,0.0001313107654625778,-0.3516263309116541,10.743290165434082,0.00010448586059674803,0.06423066966057298,0.15903275238901574,-0.09480208272844276,-8.519123634745155,1.0,-0.11187360369222858,-136.0480748963279,0.07579703183395901
25042009,dephasing,8,23,1.0411931228725195,-0.07324124715583613,0.9293170131632351,0.6427327539320409,0.28658425923119424,14.720854841911006,15.445795843334327,-0.7249410014233213,3.8167216073927577,63.88656990857167,-60.069848301178915,0.010347585200364495,0.00011049847603172847,0.010237086724332767,1422.6367366748004,139782.88568341188,-138360.2489467371,368.85143088827266,578166.9775267065,-577798.1260958182,3.730349362740526e-14,0.573680201604228,3.645972412869014e-13,6.151097317106938,0.0816302001271918,-21.27348070224711,0.003532889449897436,0.3267275957453126,-9.933157697186651,0.0035292098732654376,0.22445740343269024,0.16824552802081127,0.05621187541187897,4.609079591964202,0.000999000999000999,0.21454507947658813,79.96907899832595,0.8566914216208222
25042009,dephasing,7,24,1.610914906113817,0.02823791462306441,1.1820542634073024,0.6989807682892439,0.4830734951180584,14.428891069031373,15.501242183586474,-1.0723511145551008,49.00032924042243,99.46998592551526,-50.46965668509283,0.003281806300569845,2.1256337043751294e-05,0.0032605499635260937,4396.63092441683,729252.7471539768,-724856.11622956,14930.902299722604,4679545.009132058,-4664614.106832336,3.019806626980426e-14,0.22255724619900086,2.6716406864579767e-12,17.772116327480347,-0.1544232795990279,20.24539627575506,-0.003532889449897547,-0.4391265155781401,-6.3177476456942685,-0.0034800010164222073,0.3194682360057062,0.33555107534585965,-0.016082839340153476,-13.24948971910337,1.0,-0.7880644227883385,-70.71030879534634,15.654048746136578
25042009,dephasing,6,25,1.6141967124143881,0.09659692629070671,1.1355749798087023,0.6552820178887713,0.480292961919931,14.445773855349795,14.987282051880396,-0.5415081965306001,53.693144321941986,81.92711409956019,-28.2339697776182,0.003281806300570289,3.7791065006453906e-05,0.003244015235563835,4401.775282361884,396582.6855983256,-392180.91031596373,16360.851130248477,2167896.4084650376,-2151535.557334789,2.3092638912203256e-14,0.14865873357258508,3.062439191126032e-12,8.049847849050806,0.02336600086572105,-8.115904996035887,0.00014024287542580005,0.26049866919367126,-10.104767888191184,0.0001340078900220476,0.34925440983431516,0.3347659901695791,0.014488419664736074,13.898343465876975,0.000999000999000999,0.7779288080555363,63.7747675607211,18.75256743230856
25042009,dephasing,5,26,1.6425299641323465,0.1503153473194942,1.125189758460587,0.6498083384088609,0.4753814200517261,14.415924639936774,14.947587256830216,-0.531662616893442,74.61776939553332,60.40651648929452,14.211252906238798,0.003001320549719133,4.1855822161651624e-05,0.0029594647275574815,4803.193927848138,357120.8612054268,-352317.6672775787,24861.64611857808,1443204.633658805,-1418342.987540227,6.750155989720952e-14,1.0483482565772775,2.036415480688447e-11,11.609913718998428,-0.09181659673088483,8.018211086544625,-0.000140242875425578,-0.0789293046531725,32.41956709288575,-0.00014815369080767304,0.33017503803253045,0.3413017872112519,-0.011126749178721418,-15.399329016606668,1.0,-0.8302532043397745,-53.44393409192397,24.6369248480728
25042009,dephasing,4,27,1.6455312846820669,0.025783802203951822,1.089653270436544,0.7138529159623477,0.37580035447419635,14.569708617985523,14.933667045935461,-0.3639584279499388,79.50597229603538,87.68863089171109,-8.182658595675704,0.003001320549719133,3.0098948552659266e-05,0.002971221601166474,4854.432699415919,496152.449305943,-491298.0166065271,26490.330165991647,2913345.319631231,-2886854.9894652395,9.059419880941277e-14,0.4886260940949576,9.43600753089413e-12,16.581856821333716,0.7853404287884835,42.04216003610572,-0.0019723989226668737,0.859550069909627,22.407273047133977,-0.0019205585138447612,0.35193371223761555,0.3414274966422744,0.01050621559534115,13.441608766233262,0.000999000999000999,0.8353068860593684,51.00171653313757,27.98083197520475
25042009,dephasing,3,28,1.9613658379072254,-0.5441251941224825,1.6508837882796707,0.6264279610789533,1.0244558272007174,13.152811738457306,15.068166117282995,-1.9153543788256897,0.3098551243260056,75.70097131618417,-75.39111619185816,0.00694611839505288,0.0001220228925878919,0.0068240955024649885,1893.5484525897107,123486.386838679,-121592.8383860893,44.60838510133784,620383.3535716054,-620338.7451865041,3.197442310920451e-14,0.8180436667200492,3.47499806707674e-13,3.8223912170462455,-0.7796943155811782,-39.78295692330097,0.0019723989226668737,-0.7629177893735157,-43.959020331198516,0.002125296575734792,0.03264270947957534,0.166747215244779,-0.13410450576520366,-10.33732318907339,1.0,-0.041552968306554715,-253.93337937700935,0.010114510804131498
25042009,dephasing,2,29,1.9683119563022786,-0.2248862606578375,1.5779569959381181,0.6997553136581574,0.8782016822799608,13.295303490091445,15.236218241045854,-1.9409147509544091,0.6796517992185771,55.361184924862165,-54.68153312564359,0.00694611839505288,0.000519742142758961,0.006426376252293919,1914.0623199801116,29314.956374649613,-27400.8940546695,97.84627335212632,106516.63655940408,-106418.79028605195,8.881784197001252e-15,0.3302671925317089,4.3876013933186186e-13,9.914233933119093,0.23338562232614635,-1.3858228746128918,0.0001252451610265215,0.06390923459567155,9.73213409457572,-0.00028181664035209497,0.03375364195190674,0.20117249837620554,-0.1674188564242988,-14.10780227767301,1.0,-0.11378652699189132,-320.45012473591055,0.022940723482793062
25042009,dephasing,1,30,1.9777560622756485,0.19390483843539874,1.628736784149981,0.6677175176933743,0.9610192664566066,12.971023997073292,15.065317589347764,-2.0942935922744716,3.8210942233369325,57.25731247191739,-53.43621824858045,0.006695628072999837,0.0001033377901727972,0.00659229028282704,1937.2378297682078,145787.10812526723,-143849.87029549901,570.6849576584934,554079.1260987298,-553508.4411410713,1.9539925233402755e-14,0.37179422533433204,2.6911806116913795e-13,20.67546073232802,-0.22827008792151204,1.5799283983177288,-0.00012524516102679906,0.17953598459788633,20.00062505003563,6.71011069308669e-05,0.1859393697625346,0.20385873946454416,-0.017919369702009552,-1.3315156777363952,0.9250749250749251,-0.06847160005418755,-34.71408087233516,0.7104918516905309
25042009,dephasing,0,31,1.9844516903486502,0.22053142441395357,1.614197617029479,0.6566935342438824,0.9575040827855965,13.103284679898161,15.710029082688468,-2.606744402790307,3.80267985081983,95.9948333224084,-92.19215347158857,0.0066956280730003925,7.162597350196531e-05,0.006624002099498427,1956.9911197332112,219334.2486613101,-217377.25754157687,567.9347492662929,1340223.7851576905,-1339655.8504084242,1.0658141036401503e-14,0.3817169861089358,6.603606550470431e-13,3.5827167721078013,0.13226068282486914,-0.01841437251710243,5.551115123125783e-16,-0.5124508105158352,-38.755935223008116,3.1711816671387005e-05,0.35439945701047904,0.172212838741976,0.18218661826850305,17.641979045822403,0.000999000999000999,0.6927973823786405,356.5375940856849,1.3476676743152372
25042009,transverse,15,16,0.6590881321130446,-0.1432497565778779,0.017057118244446313,0.4220133629974758,-0.4049562447530295,5.223046810903605,5.075552979743119,0.1474938311604861,7.33416095770119,26.03308603640501,-18.69892507870382,0.01129343151546236,0.00010824207218396165,0.011185189443278398,462.4853662726417,46890.7595478865,-46428.27418161386,649.4182877595398,240508.01607124408,-239858.59778348455,1.7763568394002505e-15,0.24840977691909671,4.796163466380676e-14,1.4171991043855066,0.011625918283890257,-20.903946089697307,0.005309103024770612,0.0487059123859197,-22.72369858157103,0.005239849801966678,0.30828661508251937,0.2529711933092757,0.05531542177324367,7.2395334127982265,0.000999000999000999,0.405692206728098,25.582573099324257,2.2610236561200683
25042009,transverse,14,17,0.6703815636285076,-0.2263373875857102,0.10916438781349536,0.41835283860727757,-0.3091884507937822,5.2114208926197145,5.112632973845148,0.09878791877456639,28.238107047398497,24.213333544531288,4.024773502867209,0.005984328490691748,3.8988849380028334e-05,0.00594533964131172,870.8447239695743,131130.64517528558,-130259.800451316,4718.675970298275,621032.2676753404,-616313.5917050422,1.7763568394002505e-15,0.05515741894864856,2.0605739337042905e-13,3.244024067406162,-0.008126657565180828,10.648217377967764,-0.0026545515123853614,-0.08678865249392853,9.618012446834344,-0.002602240723659388,0.33642770287194834,0.328216875767326,0.008210827104622342,4.339100415107168,0.001998001998001998,0.23185821472800677,7.150355463486743,9.500081487408451
25042009,transverse,13,18,0.6763658921192001,0.4975507979587264,0.08537837384383887,0.38299562566784984,-0.297617251824011,5.216048289466186,4.992388978089682,0.22365931137650374,27.845618381160275,20.333171190390726,7.512447190769549,0.005984328490691859,7.435720402804158e-05,0.005909971286663818,871.617976449543,67140.62266524913,-66269.00468879958,4653.089887106279,273452.60565099627,-268799.51576389,0.0,0.2412642298276193,5.897504706808832e-13,7.920986981255481,-0.0003292720784697778,10.526552471166106,-0.002800777993389708,0.07681016340890734,15.994334519542939,-0.00274415139232298,0.3274271976062006,0.323788788513982,0.0036384090922185752,1.5631523898474076,0.07692307692307693,0.10131375109646223,3.1713027704551733,9.117412792155017
25042009,transverse,12,19,0.6879517765966721,0.2508455451658276,0.04476076090522631,0.4025984544461578,-0.35783769354093153,5.221334230469598,5.026423853308971,0.19491037716062642,6.400024772589842,27.38857293300383,-20.988548160413988,0.011585884477471387,0.0002229787608095113,0.011362905716661875,450.66341207030155,22542.164262913808,-22091.500850843506,552.3984625459208,122830.41144174998,-122278.01297920405,1.7763568394002505e-15,0.05742679841720655,9.059419880941277e-14,0.4895119344551695,0.003105334449230668,-13.540433429951687,0.0035512383974060646,0.0028286836034139284,-20.725058700116694,0.0033670017057830237,0.27564959390130744,0.2588166126167124,0.01683298128459504,2.3953276730781092,0.016983016983016984,0.10773149721794943,7.586008781031128,1.7641642295226976
25042009,transverse,11,20,1.0006456261458148,-0.25841937144535265,0.05411334042416836,0.3750041498263783,-0.32089080940220993,5.220409502574548,5.059905426836627,0.16050407573792125,12.035298023922778,20.074724135286914,-8.039426111364136,0.010084963669438785,3.1269343448991904e-06,0.010081836735093885,517.6428665176398,1618168.1061166488,-1617650.463250131,1193.3903203235363,6419937.843605125,-6418744.453284802,1.7763568394002505e-15,0.4002137127744607,1.7763568394002505e-15,2.2035013842681828,0.001577197891529103,-2.1376667237764924,-0.0007504604040163565,0.013727586108419398,5.4871270112862565,-0.0005317906390824856,0.3043042339708733,0.27434132425812324,0.029962909712750063,3.878351079689024,0.000999000999000999,0.36061254805683746,15.510086472917175,3.662392145780986
25042009,transverse,10,21,1.0107305898152543,0.24195220838556003,0.0837100787836638,0.3985812270750607,-0.31487114829139695,5.21633037889644,5.117687776798062,0.09864260209837727,21.9459047228087,28.010462807695497,-6.064558084886798,0.010084963669438896,0.00022061463774802892,0.009864349031690867,517.238390724581,23197.408064296887,-22680.169673572305,2176.1015152997293,126965.56807661669,-124789.46656131696,1.7763568394002505e-15,0.12099830231519615,7.815970093361102e-14,0.3818462669842866,-0.0014268170503877187,4.314873142734868,-0.00013131076546263332,-0.07823665690812742,-6.632707060767915,-0.0002541712051603584,0.3145914687251475,0.30856153246276413,0.006029936262383351,1.4312521558619806,0.07592407592407592,0.13233240669887422,3.1189145285269593,6.903994399250539
25042009,transverse,9,22,1.0308455376721546,-0.14529685538203954,0.0907351468137215,0.3715637958429785,-0.28082864902925697,5.215104889319107,5.021850447044019,0.19325444227508815,23.226765136224884,14.051041073098514,9.17572406312637,0.010347585200364273,0.00019238146175570847,0.010155203738608565,503.99245701649465,26103.608950746562,-25599.616493730067,2244.6556067407123,73037.39635236232,-70792.74074562162,7.993605777301127e-15,0.11937909300894134,6.394884621840902e-14,1.4845638098955902,-0.002611279035587444,5.749271663280339,0.0001313107654625778,0.13636696692270212,15.394561641509139,0.00010448586059674803,0.3331724335750153,0.30913430031352096,0.024038133261494343,5.985504328785706,0.000999000999000999,0.5583280755780046,12.115037844550459,7.738517864511366
25042009,transverse,8,23,1.0411931228725195,-0.07324124715583613,0.06508301140432846,0.4016209927198002,-0.33653798131547175,5.219101957812951,5.203969609206556,0.015132348606394785,13.009082223080393,19.38219929495913,-6.373117071878736,0.010347585200364495,0.00011049847603172847,0.010237086724332767,504.3787373337218,47095.39711400447,-46591.01837667075,1257.2094813601675,175406.9376431376,-174149.72816177743,6.217248937900877e-15,0.004185219762088188,3.907985046680551e-14,1.4868154683146741,-4.03639745396589e-05,-1.3383923092419803,0.003532889449897436,-0.19101285243332145,3.4430814523028204,0.0035292098732654376,0.33354621764326303,0.27749875557922793,0.0560474620640351,7.6920219769587685,0.000999000999000999,0.7291260423860118,28.2691481466177,4.339130170518676
25042009,transverse,7,24,1.610914906113817,0.02823791462306441,0.012569881882197657,0.39713616488565884,-0.3845662830034612,5.223179754255874,5.0041437944515295,0.21903595980434432,5.46818392841986,34.276305039909346,-28.808121111489484,0.003281806300569845,2.1256337043751294e-05,0.0032605499635260937,1591.556379591609,235418.9145642378,-233827.3581846462,1666.2116613861024,1612521.713847472,-1610855.502186086,2.220446049250313e-14,0.033187064469109906,3.6415315207705135e-14,4.516001973405274,0.0038991060166404523,-3.857515190087767,-0.003532889449897547,0.17890660091513144,-16.58139673862288,-0.0034800010164222073,0.2813826883894754,0.20529114660819542,0.07609154178127997,4.964065596235453,0.000999000999000999,0.41608254585708343,121.1039787549576,1.5386522943869028
25042009,transverse,6,25,1.6141967124143881,0.09659692629070671,0.06227694212866787,0.4102485755517077,-0.34797163342303983,5.219459338665516,5.154332969493485,0.06512636917203096,5.6423160139348605,23.722647687789326,-18.080331673854467,0.003281806300570289,3.7791065006453906e-05,0.003244015235563835,1590.4227308474954,136390.25437926227,-134799.83164841478,1719.271491725267,627731.6525410968,-626012.3810493716,2.5757174171303632e-14,0.1004204015581669,1.1723955140041653e-13,0.7470146987951161,-0.00375624930333629,-0.10368881975025612,0.00014024287542580005,-0.08555746197906355,7.6258042516831885,0.0001340078900220476,0.25677007368756355,0.2157690522806438,0.041001021406919747,3.117231521411211,0.005994005994005994,0.2313407196719493,65.20895643352992,1.448777898666574
25042009,transverse,5,26,1.6425299641323465,0.1503153473194942,0.00929163627072848,0.3974353342605157,-0.3881436979897872,5.22325142168183,5.1409197191839855,0.08233170249784472,6.023825738950373,28.627976478536198,-22.604150739585826,0.003001320549719133,4.1855822161651624e-05,0.0029594647275574815,1740.3177485226054,122824.48303916259,-121084.16529063998,2007.0584394972705,683966.4113626037,-681959.3529231064,1.865174681370263e-14,0.17713978154176147,3.7925218521195347e-13,0.7307830432764177,0.004568096559559365,0.16106778733661287,-0.000140242875425578,-0.03307052091458784,0.5950011943735056,-0.00014815369080767304,0.27639512869270794,0.2127562898683933,0.06363883882431465,4.435081013746894,0.000999000999000999,0.3833492753068209,110.75180070132423,1.664956090339635
25042009,transverse,4,27,1.6455312846820669,0.025783802203951822,0.07369155044759752,0.39375583043858875,-0.32006427999099124,5.217907311579027,5.052229233926193,0.16567807765283415,6.0831998892926595,34.401172083356855,-28.317972194064197,0.003001320549719133,3.0098948552659266e-05,0.002971221601166474,1738.5371622725618,167854.0107501471,-166115.47358787456,2026.8411149425317,1142936.007321674,-1140909.1662067315,1.7763568394002505e-14,0.4494813150352286,1.092459456231154e-13,0.35253315780241934,-0.005360743874686769,2.76454286465603,-0.0019723989226668737,-0.06003360523340007,-3.3533424973512282,-0.0019205585138447612,0.30409212378211303,0.20350654249736067,0.10058558128475237,6.733857528309268,0.000999000999000999,0.6118821969358434,174.87177105232948,1.8498531737261197
25042009,transverse,3,28,1.9613658379072254,-0.5441251941224825,0.007284707325072559,0.45840589656424036,-0.4511211892391678,5.223284689225597,4.854193025950973,0.3690916632746237,0.6134883103228862,27.938596964162997,-27.32510865384011,0.00694611839505288,0.0001220228925878919,0.0068240955024649885,751.9717332986565,39781.00275286087,-39029.031019562215,88.32102700118398,228961.92977919368,-228873.6087521925,4.440892098500626e-15,0.10518119465367004,2.353672812205332e-14,3.7508427705418974,0.002858356538423479,-3.20087502760456,0.0019723989226668737,0.18263297374504228,-1.5243768714686041,0.002125296575734792,0.08611256238676294,0.16336905734783205,-0.07725649496106911,-5.772383208756724,1.0,-0.04739595655513486,-58.09470042445406,0.05282905039622932
25042009,transverse,2,29,1.9683119563022786,-0.2248862606578375,0.01980914917635873,0.43104991287218186,-0.41124076369582313,5.222945353795319,5.015706052388991,0.20723930140632874,1.5455267865622329,24.829018157241048,-23.283491370678817,0.00694611839505288,0.000519742142758961,0.006426376252293919,751.9228807725436,9650.373983075502,-8898.451102302959,222.50222335153083,47771.80088849542,-47549.298665143884,9.769962616701378e-15,0.17254431174876217,1.9317880628477724e-14,2.299923683914649,-0.00032676135574938314,-0.4966844813899196,0.0001252451610265215,-0.08533085567219212,0.5986432979471843,-0.00028181664035209497,0.12593783043923867,0.2015932539216809,-0.07565542348244222,-6.981362341690328,1.0,-0.11692748354082383,-56.887043970984706,0.1946402903853759
25042009,transverse,1,30,1.9777560622756485,0.19390483843539874,0.00884393068000424,0.3898435300427925,-0.38099959936278827,5.223259541076541,5.007210890194123,0.21604865088241798,3.4709342255814186,23.910094908993315,-20.439160683411895,0.006695628072999837,0.0001033377901727972,0.00659229028282704,780.1000121466376,48454.78969330843,-47674.68968116179,518.3881463753912,231378.03575063718,-230859.6476042618,7.993605777301127e-15,0.11603517810273267,5.3290705182007514e-14,13.030293632161534,0.00018664710813176555,1.217130953586429,-0.00012524516102679906,0.06300185826505489,5.848909510933854,6.71011069308669e-05,0.32018050504910206,0.22308111379746204,0.09709939125164002,10.309820359583096,0.000999000999000999,0.3370256003784383,75.7472362948355,1.1113254733388727
25042009,transverse,0,31,1.9844516903486502,0.22053142441395357,0.011718448911923866,0.3868745697052246,-0.37515612079330074,5.223200434141499,5.124346150313102,0.09885428382839745,2.962079757427746,32.25472877544043,-29.292649018012682,0.0066956280730003925,7.162597350196531e-05,0.006624002099498427,780.0911844556681,71543.12744066922,-70763.03625621356,442.3901275777407,450321.6807874228,-449879.29065984505,1.7763568394002505e-15,0.0020928942407767437,6.128431095930864e-14,5.520245268784841,-5.910693504151965e-05,-0.5088544681536726,5.551115123125783e-16,-0.11719436705402053,-8.853488334600787,3.1711816671387005e-05,0.360283071077402,0.15044795934570382,0.20983511173169817,14.415935535065616,0.000999000999000999,0.6215483368580524,163.6905208511679,1.0671871917822742
25042010,dephasing,15,16,0.35374158540481904,-0.2468366129809158,0.3521135935133418,0.8204594323692738,-0.46834583885593195,18.7033193719839,17.711055005368266,0.9922643666156326,35.53046892780335,75.29557386392108,-39.76510493611773,0.011872462610794221,0.0001482359886364748,0.011724226622157746,1575.3529815271172,119478.77953444769,-117903.42655292057,2992.678948973881,507943.951779291,-504951.2728303171,0.0,0.22022833351266158,2.842170943040401e-14,37.065251080881566,-0.031778004947245364,5.720564590032861,-3.608224830031759e-16,0.8113644454704101,-11.527725909203358,-4.168361012302224e-05,0.328298167876566,0.2986223469384948,0.029675820938071196,8.29207038422418,0.000999000999000999,1.0543958337471946,46.74989299405531,11.664587852793096
25042010,dephasing,14,17,0.36561404801561415,0.195426216349749,0.30365437225499115,0.7044281079554375,-0.4007737357004464,18.735097376931144,18.55419745578592,0.18089992114522246,29.809904337770487,58.04728336468486,-28.237379026914372,0.011872462610794582,0.00010655237851381338,0.011765910232280768,1578.0295959742145,174132.17531676748,-172554.14572079325,2510.844238049398,544776.9836236893,-542266.1393856399,2.4868995751603507e-14,0.8397637055121336,9.237055564881302e-14,24.168942989240044,0.013485905877928417,2.3401248031058834,-0.004549042901027922,-0.5998052653010486,9.010883706102714,-0.0043133135887254564,0.27320800714588706,0.29730263681222874,-0.024094629666341683,-6.695075716079622,1.0,-0.7182586054076524,-38.02203871752549,8.14430455733181
25042010,dephasing,13,18,0.5932301115312733,-0.020424767804361033,0.2956345456779652,0.7372715888758057,-0.4416370431978405,18.73990357012253,18.17075756384562,0.5691460062769096,19.40909014152586,54.14051067144229,-34.731420529916434,0.020970548412850787,0.0005363273929960832,0.020434221019854704,893.6296372029395,33879.97294402287,-32986.34330681993,925.5404178954107,100946.75636274592,-100021.21594485051,6.750155989720952e-14,0.30924334720226554,3.375077994860476e-13,2.670186684748174,0.04182373829855024,-4.655099389860343,0.0045490429010279915,0.38110285984895675,-8.431884363817776,0.004204386862165746,0.25348284614947175,0.2509114972880378,0.002571348861433953,0.35724149622860646,0.35364635364635366,0.04990754183688148,2.2978335501654152,4.919871410245628
25042010,dephasing,12,19,0.6142006599441248,0.24191049575119483,0.40772670749404183,0.7322008030843847,-0.3244740955903429,18.661062286716813,18.46587591500613,0.1951863717106832,18.318474725001916,42.68016803028486,-24.361693305282945,0.02097054841285101,0.0002767903297538621,0.020693758083097147,889.8700176711204,66714.31018354959,-65824.44016587848,873.5334128780405,154196.74548687637,-153323.21207399832,5.3290705182007514e-14,0.3076629938856392,3.410605131648481e-13,26.695422806579206,0.004457642547350815,7.09990846307687,-0.0017109172999859035,-0.20816196889670202,8.821854892971626,-0.0016152873097291243,0.23895745090339407,0.2507350301048467,-0.011777579201452643,-1.7923355886899928,0.968031968031968,-0.2157472869235185,-10.480514612119684,4.377336024724711
25042010,dephasing,11,20,0.9324626744609159,0.14283055699978514,0.5039817819171115,0.6788990692414651,-0.17491728732435363,18.5733057182164,18.33575504327854,0.23755067493786086,3.028042382324233,34.66371824891694,-31.63567586659271,0.024392383012823038,0.00020851324702519936,0.02418386976579784,761.4387535835446,87935.68420649368,-87174.24545291014,124.13885026044383,166242.2831328685,-166118.14428260806,1.4210854715202004e-14,0.32078013125774163,4.973799150320701e-14,14.782427116636132,-0.16590349099790913,-9.667911057760957,0.0017109172999862088,-0.5130778750066387,0.8628476490029193,0.0019714421170139995,0.08602044848514363,0.15943605995015475,-0.07341561146501112,-4.511260573308462,1.0,-0.22230558304030254,-55.90149168749185,0.2604735637595533
25042010,dephasing,10,21,0.9568550574737393,0.1066833171427577,0.09973576594655434,0.7191827040178476,-0.6194469380712933,18.817356131711808,17.511285403533492,1.306070728178316,7.073432155168462,47.70878588107677,-40.63535372590831,0.02439238301282265,0.0006612857983521181,0.02373109721447053,771.443943046477,26480.661534196704,-25709.217591150227,289.9852856299478,72145.48686810455,-71855.5015824746,2.1316282072803006e-14,0.46005477141059714,2.3092638912203256e-14,26.16761319619178,0.17454946136273364,4.292174846376076,0.005890331297695589,0.9549506892473456,-6.604326853253944,0.005350454569865409,0.19387849319881684,0.16039308429163368,0.033485408907183156,2.587738596812746,0.014985014985014986,0.23685676809303374,25.832115881880995,1.3713863679881209
25042010,dephasing,9,22,1.1545818228274278,-0.07070262275749833,0.3391102066276236,0.7815608009088368,-0.44245059428121325,18.712307622481745,18.247618219557665,0.4646894029240798,2.534472235260539,38.96085011397656,-36.426377878716025,0.012611720417431083,3.430489401867742e-05,0.012577415523412405,1483.7236319177227,531924.634707301,-530440.9110753833,200.96165720241942,1135722.794909793,-1135521.8332525906,6.039613253960852e-14,0.5139514693154119,1.0524914273446484e-13,4.519316692163784,0.06654025952813214,-4.689115357949553,-0.005890331297695728,-0.039606984297407166,19.64191336128671,-0.005529275683637758,0.09397188364447975,0.1597871421215537,-0.06581525847707395,-4.1008341467443845,1.0,-0.16680694526663975,-97.65165434320785,0.2381691299920679
25042010,dephasing,8,23,1.1671935432448597,-0.09372115206286158,0.5942430147046853,0.8040442202222912,-0.20980120551760584,18.474178594195415,18.771656547930757,-0.297477953735342,7.373743031251722,78.87497178534889,-71.50122875409717,0.012611720417430972,0.00012943521780117706,0.012482285199629795,1464.8420661674195,145027.426590849,-143562.5845246816,584.6738420446023,609377.9817059311,-608793.3078638866,6.394884621840902e-14,0.42544492105371745,2.042810365310288e-14,1.5276459694913456,-0.14909865211872386,1.529184728311928,-0.001054447196062125,-0.6316604262476844,-28.381770261082913,-0.0010341924905242772,0.29787753638857745,0.16071302904798762,0.13716450734058983,10.194704330339658,0.000999000999000999,1.0114158301377498,200.92434033762578,2.1964724081117044
25042010,dephasing,7,24,2.194447782385748,-0.40987431694787546,0.5413469170267136,0.7479636961981438,-0.2066167791714303,18.534246870146532,18.330571328045927,0.2036755421006049,9.15464437061905,58.967183477931535,-49.81253910731249,0.01472061480955511,0.0002650749526593721,0.014455539856895738,1259.0674445279285,69152.4081930184,-67893.34074849047,621.8928006102568,222454.75434906833,-221832.86154845808,6.750155989720952e-14,0.1586763134808642,2.4868995751603507e-14,1.228907865571557,-0.1149404742653175,1.8072502965455026,0.0010544471960621804,0.1556815722360927,9.721282429742743,0.0010796858673031151,0.2532951707467169,0.23500697541195392,0.018288195334763002,2.584753518923343,0.012987012987012988,0.16742192447016968,23.02607136516764,2.318827208981423
25042010,dephasing,6,25,2.2091683971953047,0.15932695018289644,0.05574280305449833,0.7776696461888507,-0.7219268431343524,18.824196094628284,18.430730201163918,0.39346589346436645,7.321045116895372,54.88745943690866,-47.56641432001329,0.014720614809554888,0.00045119202999943653,0.014269422779555452,1278.7642593847258,40848.97111588371,-39570.20685649898,497.33283640730906,121649.88693833356,-121152.55410192625,5.3290705182007514e-14,0.13245891105004048,2.078337502098293e-13,16.87223055715579,0.15080893356885738,-1.671843821316462,-0.002183162220122603,-0.038601166627643124,-6.784756229609506,-0.0024055127710101987,0.19538020914357057,0.22817627935087223,-0.03279607020730166,-4.088926110319532,1.0,-0.24010150964452362,-41.93844242936958,1.4303873260885338
25042010,dephasing,5,26,2.5043673349923283,-0.019623106105504995,0.121556171165775,0.8278281078370817,-0.7062719366713067,18.812527451972322,18.152068873888908,0.6604585780834142,8.831133505804619,40.581910579299695,-31.750777073495076,0.019086939249799872,0.0001926080055643098,0.018894331244235563,985.6230590857867,94243.5846355728,-93257.96157648701,462.6793950683955,210696.90462969785,-210234.22523462944,2.4868995751603507e-14,0.2931731566233431,3.446132268436486e-13,22.330601862054582,0.07097171813479264,-0.045931221252519805,0.002183162220121715,0.5991910054975218,23.981528011817726,0.002419182817334442,0.20376070104788754,0.2309419371681454,-0.027181236120257857,-3.2222829064825036,0.999000999000999,-0.24004112503079592,-26.79045309458163,1.799437954190238
25042010,dephasing,4,27,2.5234542742421326,0.30100223378524105,0.4103510468780692,0.7801196669603657,-0.3697686200822965,18.65891537304677,18.929846121339352,-0.27093074829258157,10.433084337218904,74.33128018783123,-63.898195850612325,0.019086939249801427,0.0004060651755546374,0.01868087407424679,977.5750385563201,46617.75316113578,-45640.178122579455,546.6085578559929,183052.58530555698,-182505.97674770097,7.105427357601002e-15,0.5727336649813353,2.717825964282383e-13,12.72638896084436,-0.0007993997249826634,-4.235255408120528,0.0030042089821662454,-0.8946568476447236,-30.148021494837316,0.002800011090502541,0.24589332361629965,0.23535237555274205,0.010540948063557598,1.2723014467698717,0.0969030969030969,0.10997460014134072,10.304567709652487,2.5654257832479153
25042010,dephasing,3,28,3.0181707672579705,-0.023359681629301576,0.5660399819353852,0.8486411901327182,-0.28260120819733303,18.506902093571185,17.919908472950315,0.5869936206208699,20.505545984874246,56.25511762292919,-35.749571638054945,0.01307852128547049,0.0002111265622175562,0.012867394723252934,1415.0607465181345,84877.5648347112,-83462.50408819306,1567.8795436648306,266452.10830914247,-264884.22876547766,3.197442310920451e-14,0.24226447198836354,2.6645352591003757e-13,16.429517766629992,-0.2089415900364493,3.6144789441888356,-0.003004208982165135,0.4259090018503997,16.75825817467186,-0.002957240084969337,0.259871018674856,0.2833862068466957,-0.023515188171839674,-4.364240330424336,1.0,-0.4821917724006294,-33.27541972895786,5.3287971235733735
25042010,dephasing,2,29,3.0312492885434423,0.32255523653331697,0.23351950786265338,0.6670616114831875,-0.43354210362053414,18.772771994168497,18.179672008334975,0.593099985833522,23.349049744151916,64.4665135189932,-41.11746377484128,0.013078521285469824,0.00011012574327207147,0.012968395542197753,1435.3894897143273,165081.0379860151,-163645.64849630077,1785.297376859615,585390.0423602614,-583604.7449834018,1.4210854715202004e-14,0.802309448669206,9.947598300641403e-14,15.333235972725497,0.21422311378510983,-5.046777692044145,0.0032491614118305145,-0.04320456142709439,0.05907457315964848,0.003368941550008775,0.290028991741474,0.2785419285472675,0.011487063194206504,1.8799176431108042,0.030969030969030968,0.26821200993574423,16.488409776648304,6.771901355417902
25042010,dephasing,1,30,3.230246175592665,-0.30255852030361935,0.4659481596971462,0.762818552449406,-0.2968703927522598,18.61019566719559,17.924580193295228,0.6856154739003628,36.28610888751788,82.88961394546479,-46.60350505794691,0.006580198461808129,0.0002486852006831075,0.006331513261125021,2828.2119111164043,72077.389985647,-69249.17807453059,5514.439890852024,333311.4062186944,-327796.9663278424,3.197442310920451e-13,0.5576779833803265,1.2988721209694631e-11,26.57301611903854,0.0023778653565464936,1.645618183007258,-0.0032491614118309586,0.2755434571598876,-11.692093988214367,-0.0034140550333454645,0.27642314355465425,0.31561949700301145,-0.0391963534483572,-12.118861531170865,1.0,-1.4222831492207262,-110.85559369497238,10.03032028605417
25042010,dephasing,0,31,3.2368263740544747,0.3976377244685956,0.6200320517611697,0.804690314192531,-0.1846582624313613,18.44286360950959,18.215819561862162,0.22704404764742847,45.931931664869325,74.63729002949313,-28.705358364623805,0.006580198461808351,5.745741506513191e-05,0.006522741046743219,2802.782274205325,317031.6579890217,-314228.8757148164,6980.32619098945,1299001.877214397,-1292021.5510234076,3.481659405224491e-13,0.1939416200555435,1.4644285784015665e-11,7.4883911602950946,-0.167332057686,9.645822777351448,2.220446049250313e-16,-0.45857142625293434,17.898146693323106,0.00019122778561819764,0.35362513071045104,0.31876156007529777,0.034863570635153274,12.783787107253307,0.000999000999000999,1.601351144007205,97.71499779171288,16.24268533877292
25042010,transverse,15,16,0.35374158540481904,-0.2468366129809158,1.062480409241008,0.5943596034458729,0.46812080579513515,10.655927947843933,11.46516943326354,-0.8092414854196068,0.8262339355420096,46.432922001195585,-45.60668806565358,0.011872462610794221,0.0001482359886364748,0.011724226622157746,897.5330811449145,77344.03459459529,-76446.50151345038,69.59246473354342,313236.4982910118,-313166.90582627826,2.842170943040401e-14,0.6644875801294106,4.651834473179406e-14,7.173119285083686,0.011597138011591568,-1.4273493931802481,-3.608224830031759e-16,0.06713515054328845,1.2509246296801635,-4.168361012302224e-05,0.06619081957429909,0.1344299774640978,-0.0682391578897987,-5.703690526863544,1.0,-0.05638150798136096,-61.24690163556533,0.054689101353624224
25042010,transverse,14,17,0.36561404801561415,0.195426216349749,1.0679240413215445,0.5676609096368901,0.5002631316846544,10.644330809832342,11.520707445795237,-0.8763766359628953,2.2535833287222578,49.111196024056,-46.85761269533374,0.011872462610794582,0.00010655237851381338,0.011765910232280768,896.5562713294537,108122.48029077737,-107225.92401944792,189.81599711868316,460911.3068056876,-460721.49080856895,1.7763568394002505e-14,0.5084481556944453,4.618527782440651e-14,2.334666898450827,-0.09664522494547967,1.668260211083079,-0.004549042901027922,-0.3217988134700205,-0.27811257985787563,-0.0043133135887254564,0.18378170991106757,0.13649749626748275,0.047284213643584816,3.9366920399461005,0.004995004995004995,0.10655891557892426,42.392958277037685,0.414167397579652
25042010,transverse,13,18,0.5932301115312733,-0.020424767804361033,0.9791672207305397,0.5723449999759149,0.4068222207546248,10.82602412171171,11.125938281277852,-0.29991415956614276,0.3444122997363475,47.896724465034495,-47.55231216529815,0.020970548412850787,0.0005363273929960832,0.020434221019854704,516.2489749232072,20744.676528873668,-20228.42755395046,16.42361911361799,89305.01236841409,-89288.58874930047,0.0,0.07961553609877825,4.3298697960381105e-15,8.0423481726313,0.04691734671354375,-1.4299082267727674,0.0045490429010279915,0.3950186030985323,-6.4273953018686,0.004204386862165746,0.041965908328496795,0.0987006482563309,-0.05673473992783411,-5.143773090582309,1.0,-0.019540142253488924,-29.289251330279114,0.014453574997942321
25042010,transverse,12,19,0.6142006599441248,0.24191049575119483,0.9332254967053202,0.5924447066575584,0.34078079004776174,10.913882740163988,11.427371629530443,-0.5134888893664549,1.295057724295972,36.687278755821325,-35.39222103152535,0.02097054841285101,0.0002767903297538621,0.020693758083097147,520.4385944182474,41285.29938055394,-40764.86078613569,61.756025584068404,132545.3775370179,-132483.62151143383,1.7763568394002505e-15,0.13080939194557217,2.6645352591003757e-15,15.041941608292863,-0.29695135765773273,0.6989377972273846,-0.0017109172999859035,-0.4631581780156182,-0.132873886051172,-0.0016152873097291243,0.15500393013536376,0.1032083480747821,0.05179558206058166,4.657580150812598,0.000999000999000999,0.06707826863196216,26.956419924684106,0.20073903701803603
25042010,transverse,11,20,0.9324626744609159,0.14283055699978514,0.4349120531017085,0.5468737661286402,-0.11196171302693175,11.595644073931734,11.396391337067264,0.19925273686446943,0.8478275544008274,23.814209680051036,-22.96638212565021,0.024392383012823038,0.00020851324702519936,0.02418386976579784,475.37971455416726,54655.478726922236,-54180.09901236807,34.757881341692844,114209.57670460634,-114174.81882326465,5.329070518200751e-15,0.41380151660829334,2.3314683517128287e-15,3.848078877435647,0.37800781043444864,-0.2758923349912721,0.0017109172999862088,0.3623494558907874,12.76078603362308,0.0019714421170139995,0.09701754553613406,0.12086666562444824,-0.023849120088314177,-2.0112883831869945,0.983016983016983,-0.02021994115908705,-11.33738789995085,0.08225414836587144
25042010,transverse,10,21,0.9568550574737393,0.1066833171427577,0.5132278061780173,0.5446875654709478,-0.031459759292930434,11.521389786830582,11.334094335516763,0.18729545131381897,0.9523820544882268,37.014497341509454,-36.06211528702123,0.02439238301282265,0.0006612857983521181,0.02373109721447053,472.33555576648615,17139.479425931422,-16667.143870164935,39.04423991651723,55973.52526509297,-55934.48102517645,1.2434497875801753e-14,0.11938937810563743,6.661338147750939e-16,35.20755008353494,0.06950465296025499,0.146164464748329,0.005890331297695589,0.31641830332901755,-7.134176214384624,0.005350454569865409,0.11430777673637738,0.11624635036932313,-0.0019385736329457504,-0.18057846944788436,0.5674325674325674,-0.0018462627393215794,-0.9156572543116871,0.10886467525217262
25042010,transverse,9,22,1.1545818228274278,-0.07070262275749833,0.6904102939962442,0.5565675402002775,0.13384275379596666,11.30812619380892,11.765624634703787,-0.4574984408948666,0.7646076250789682,35.65410364470196,-34.889496019622996,0.012611720417431083,3.430489401867742e-05,0.012577415523412405,896.636289064859,342972.1901574146,-342075.55386834976,60.62675033789825,1039329.9459048017,-1039269.3191544638,5.5067062021407764e-14,0.25208862272226007,1.8984813721090177e-14,2.7184143320963017,-0.13536475328480968,-0.22992984649598047,-0.005890331297695728,-0.5469884249590837,4.542221531332572,-0.005529275683637758,0.09999640415375313,0.10190179513134676,-0.001905390977593624,-0.1758654193573506,0.5384615384615384,-0.0014568764702247543,-1.708442695367211,0.07645801309643785
25042010,transverse,8,23,1.1671935432448597,-0.09372115206286158,0.6474569178779257,0.6282758720045718,0.019181045873353897,11.365592107356878,11.373907590542263,-0.008315483185384664,1.0366928886616704,43.83801270355157,-42.8013198148899,0.012611720417430972,0.00012943521780117706,0.012482285199629795,901.1928373902273,87873.36077274967,-86972.16793535944,82.20075091649126,338686.9002753972,-338604.6995244807,4.796163466380676e-14,0.5199377466223698,2.8199664825478976e-14,4.823533291102706,-0.16324110935343583,0.5654046844488267,-0.001054447196062125,0.20293046154876393,-5.791268712363724,-0.0010341924905242772,0.131131980634316,0.10480150781249685,0.026330472821819148,2.4958099424141795,0.016983016983016984,0.027296613929479296,23.72883351212146,0.13594359179971527
25042010,transverse,7,24,2.194447782385748,-0.40987431694787546,0.18775603386631645,0.5701449073900994,-0.3823888735237829,11.749540239611708,11.714533688185139,0.03500655142656939,0.17796878334671906,39.30857496877607,-39.13060618542935,0.01472061480955511,0.0002650749526593721,0.014455539856895738,798.1691248374432,44193.287863144906,-43395.118738307465,12.089765655113808,148292.30213723198,-148280.21237157687,7.283063041541027e-14,0.023220702285577488,7.255307465925398e-14,0.40911885865970277,0.1950853811822597,-2.0515629408006797,0.0010544471960621804,-0.01844431282690273,0.41354989275924936,0.0010796858673031151,0.016429114688802173,0.18120893885517517,-0.164779824166373,-15.732109226093048,1.0,-0.029325664826975698,-131.5221680457417,0.0029238695526298338
25042010,transverse,6,25,2.2091683971953047,0.15932695018289644,0.20365401631893978,0.5709452872169194,-0.36729127089797964,11.743317609502018,11.628100397809689,0.1152172116923289,3.4223705596331273,39.70936290112043,-36.2869923414873,0.014720614809554888,0.00045119202999943653,0.014269422779555452,797.7464094692323,25771.954344637274,-24974.20793516804,232.48828964750356,88009.89437062977,-87777.40608098227,9.059419880941277e-14,0.11310729997071434,7.37188088351104e-14,14.615961395924202,0.003786555741847053,2.9751555510817154,-0.002183162220122603,0.004295467706124434,-0.7398098483717916,-0.0024055127710101987,0.3179701595783632,0.18243000064441453,0.1355401589339487,11.503260818947957,0.000999000999000999,0.463868649583541,108.12667512844665,1.0882117129828377
25042010,transverse,5,26,2.5043673349923283,-0.019623106105504995,0.23509721384192517,0.6983441442638711,-0.463246930421946,11.729521867908636,11.542684931362796,0.18683693654583955,0.7164612337561047,32.68022003455777,-31.963758800801667,0.019086939249799872,0.0001926080055643098,0.018894331244235563,614.53131454964,59928.37575751136,-59313.84444296172,37.53672730758112,169672.17919530446,-169634.6424679969,2.4868995751603507e-14,0.2559721135059707,1.9984014443252818e-14,10.667056709216055,-0.003471401098510185,-2.149116750987682,0.002183162220121715,-0.10656729618789829,6.761998431539322,0.002419182817334442,0.09765580988389634,0.13976979583215507,-0.04211398594825873,-3.397378761858249,0.999000999000999,-0.030173038330876707,-25.880363145708504,0.06996660203286797
25042010,transverse,4,27,2.5234542742421326,0.30100223378524105,0.24924614210174262,0.6289795858276239,-0.3797334437258813,11.722668928512276,11.251077674737129,0.47159125377514677,2.308785409854447,43.47330753304912,-41.16452212319468,0.019086939249801427,0.0004060651755546374,0.01868087407424679,614.1722763975494,27707.566056038853,-27093.393779641305,120.96153184321928,107059.92572170141,-106938.96418985819,0.0,0.5750705100595219,2.842170943040401e-14,5.666266638761378,-0.024501529226325758,1.190370167856136,0.0030042089821662454,0.1878564781397385,-6.307418548264863,0.002800011090502541,0.3167398956144845,0.13879857376195212,0.1779413218525324,14.82674743035472,0.000999000999000999,0.4108283277033411,109.2866267073588,0.7312844497135425
25042010,transverse,3,28,3.0181707672579705,-0.023359681629301576,0.14132770533867883,0.5399051669720372,-0.39857746163335833,11.764819047568565,11.384186432843588,0.380632614724977,1.5203692502405175,39.27081759929848,-37.75044834905796,0.01307852128547049,0.0002111265622175562,0.012867394723252934,899.5526933643962,53921.14717006905,-53021.59447670465,116.24932337951411,186006.04863177618,-185889.79930839667,6.217248937900877e-14,0.5041545770411844,8.43769498715119e-15,4.375080092248801,0.03945310242234967,-1.0561278040862743,-0.003004208982165135,-0.005358121764877488,-0.6323996015116649,-0.002957240084969337,0.14790488471721136,0.21116612312003907,-0.06326123840282771,-7.672445261327271,1.0,-0.0961804415997938,-56.906817390830845,0.22487003868441682
25042010,transverse,2,29,3.0312492885434423,0.32255523653331697,0.23817977681730168,0.5962519710546661,-0.3580721942373644,11.728062961780154,11.427672742575592,0.3003902192045622,2.844208698799137,35.91578407069704,-33.07157537189791,0.013078521285469824,0.00011012574327207147,0.012968395542197753,896.7422773406331,103769.31317814511,-102872.57090080448,217.47173374707424,326134.31704124983,-325916.8453075028,6.039613253960852e-14,0.27951088811302327,1.0658141036401503e-14,2.5118435536469974,-0.004456771573828178,1.4841010353425514,0.0032491614118305145,-0.11020998208640087,4.568767678866557,0.003368941550008775,0.2808994323987814,0.2134782012936217,0.06742123110515971,8.300653370747412,0.000999000999000999,0.1917600519930422,60.45946832235005,0.7989366091163541
25042010,transverse,1,30,3.230246175592665,-0.30255852030361935,0.29081291017637023,0.6086281301179999,-0.31781521994162965,11.700220419139399,11.25965263128245,0.44056778785694917,1.199846076672653,38.730083829143624,-37.53023775247097,0.006580198461808129,0.0002486852006831075,0.006331513261125021,1778.095370078606,45276.72977866626,-43498.634408587655,182.34192838356358,155739.399541094,-155557.05761271043,1.687538997430238e-13,0.20351830675780214,8.391065620116933e-13,12.396603386302253,-0.028256508658305535,-2.2019858746060557,-0.0032491614118309586,0.12399186221948888,8.602276140646666,-0.0034140550333454645,0.10952763350930203,0.23238614813103073,-0.1228585146217287,-16.598123807075055,1.0,-0.14741130675471095,-218.45415602363053,0.13141630135337626
25042010,transverse,0,31,3.2368263740544747,0.3976377244685956,0.23643534856246395,0.5688890731003855,-0.33245372453792155,11.728890893815255,11.396129261744896,0.33276163207035836,3.9594552037582806,63.15290761809564,-59.19345241433736,0.006580198461808351,5.745741506513191e-05,0.006522741046743219,1782.4524536592708,198340.44481163318,-196557.9923579739,601.7227636429304,1099125.4574628444,-1098523.7346992015,1.616484723854228e-13,0.4179340974605932,9.903189379656396e-13,5.742291795255873,0.028670474675855928,2.7596091270856276,2.220446049250313e-16,-0.10780615578659081,-21.66321466186639,0.00019122778561819764,0.3577198426842543,0.22975085886197483,0.12796898382227945,17.503653532694816,0.000999000999000999,0.5066874589147836,228.09862920630553,1.416375692603764
25042011,dephasing,15,16,0.5969606219860271,-0.22954898116430048,0.4014219453669273,0.5879745703926145,-0.18655262502568715,13.160598994850247,13.201050304440642,-0.04045130959039511,5.331382970097898,60.14254924345023,-54.811166273352335,0.01913679683709707,0.0003361946384881631,0.018800602198608907,687.7116952685707,39266.094081109004,-38578.382385840436,278.59327846146664,178892.05346612853,-178613.46018766708,0.187074832912554,0.2413624309947675,1.7660759215873938,18.142075671797187,0.00906222083956365,2.9354896053737054,-2.220446049250313e-16,-0.23331681105673496,-30.72401315733447,0.000404429079843005,0.24658220519739682,0.14775288066121908,0.09882932453617774,6.740395208606723,0.000999000999000999,0.5268969777784563,67.96608231902253,1.3146241695185867
25042011,dephasing,14,17,0.616097418823125,0.05948328045539086,0.4125552072895613,0.601724376847584,-0.18916916955802265,13.151536774010683,12.958671272544343,0.19286550146633985,2.3958933647241922,26.483046480742058,-24.087153116017866,0.019136796837097292,0.0007406237183313902,0.0183961731187659,687.2381457546755,17496.970393737807,-16809.73224798313,125.19824425787269,35757.761769239325,-35632.56352498145,0.23313927182422312,0.18806284985277522,1.040465208001625,8.999843760758232,0.07027615175601198,-1.7003580112112724,-0.010678874008834854,0.2676447300992404,18.46428594268899,-0.01028672394699831,0.09912478378536249,0.1626907284016079,-0.0635659446162454,-4.704334012757044,1.0,-0.15229722492848785,-43.68494191121289,0.2374924117510702
25042011,dephasing,13,18,0.6898231778296429,0.1349378477891542,0.565523052945963,0.614309968447868,-0.04878691550190506,13.001922249659096,13.111029397334502,-0.10910714767540597,2.861119781773031,33.15283162583441,-30.29171184406138,0.04049454485476722,0.0019293529218477046,0.03856519193291952,321.0783649079203,6795.55785199647,-6474.47948708855,70.65444968042914,17183.39410608432,-17112.73965640389,3.1724144796811693,0.05301131909825507,0.275034848348346,27.537595993893895,-0.05418472657905582,-0.4983959729870886,0.010678874008834716,-0.010197776405132863,-8.10567770212391,0.009233624787448214,0.07575789635608386,0.15155583432648825,-0.07579793797040439,-5.797085031330305,1.0,-0.21686697974472915,-24.33707798692941,0.21675241588990257
25042011,dephasing,12,19,0.7303177226844108,-0.13011807378673962,0.6008838445213728,0.7326282908141315,-0.13174444629275872,12.960677178465621,13.351361422472507,-0.39068424400688606,4.323138144796047,24.60805331265312,-20.284915167857072,0.04049454485476772,0.0002275836825910149,0.04026696117217671,320.0598308969428,58665.723616336385,-58345.66378543944,106.75853155778962,108127.49417046587,-108020.73563890808,3.0303858694964028,0.3818078463921388,1.8098993977298026,5.470041507131018,0.3796010170728987,-1.008635253127311,0.01246444437643851,0.017905598883684704,13.316753159863808,0.013436370079081661,0.16605207904428865,0.13966099584563807,0.026391083198650578,2.029278176347608,0.028971028971028972,0.1140922984585724,8.446725625747252,0.7178660769390526
25042011,dephasing,11,20,0.9173220247918448,0.11594341265780204,1.0777330374197809,0.6211510988883077,0.4565819385314732,12.16023007312635,12.868302611232085,-0.7080725381057356,7.802427014073685,44.714051825454064,-36.91162481138038,0.015565656101891201,0.0004696658486206262,0.015095990253270575,781.2218125292452,27398.846752484424,-26617.624939955178,501.2591157738416,95203.96672820883,-94702.707612435,1.3508064058772202,0.7038553436074526,0.374043514483132,8.499370552108765,-0.4032915880281145,0.5916538803615596,-0.012464444376438177,-0.04447861791455221,-5.045235814024739,-0.012762222917367616,0.21707670883002092,0.23239702880958013,-0.01532031997955921,-1.7535261219948948,0.967032967032967,-0.1195356784727656,-11.968568142959255,1.693725177101563
25042011,dephasing,10,21,0.9328876808937367,-0.09808387584324102,1.0748825188033835,0.6007610233957873,0.4741214954075962,12.166366143843305,13.102869740218786,-0.9365035963754806,10.098408122628204,53.546270949482405,-43.447862826854205,0.015565656101891034,0.00011619093279136017,0.015449465169099674,781.6160182522112,112770.15706334962,-111988.5410450974,648.7621245468331,460847.242233897,-460198.4801093501,1.84227544191201,0.5812911151888542,0.5938584549872044,5.655889957101522,-0.36655013690280924,-1.8768972889256013,-0.012566606694444538,-0.731102791737877,-17.2283798812995,-0.01151882392917819,0.27375739905742036,0.23209636446915577,0.04166103458826459,4.694472306349822,0.000999000999000999,0.42071013008322566,32.562931971147016,2.7645139422710243
25042011,dephasing,9,22,1.3592730207053232,0.1742306473527545,0.6450861064280833,0.6622324645924051,-0.017146358164321862,12.90560248836588,12.608331559535351,0.2972709288305282,16.148183809033924,31.675524888762958,-15.527341079729034,0.04069886949077994,0.001858281547494789,0.038840587943285154,317.09977819628523,6784.941483454465,-6467.84170525818,396.77229395013507,17045.60050734281,-16648.828213392673,2.316802997642176,0.7401509820911603,0.10137138548163804,14.887731464948644,0.29723531234906986,2.1510157789920594,0.012566606694444565,0.8256666904710865,21.284358342837116,0.011064614539741197,0.3575247459179886,0.2978662764265925,0.05965846949139608,2.657584281856212,0.013986013986013986,0.9633759311127065,18.91768744325155,5.773375313361831
25042011,dephasing,8,23,1.3999718901961047,0.31243986244002225,0.5209322075684182,0.6566919639732505,-0.1357597564048323,13.050368208190314,13.17065613509595,-0.12028792690563606,17.895927937455525,48.07146395573362,-30.175536018278095,0.04069886949077972,0.0005963878527914801,0.04010248163798824,320.6567742906682,22084.044927221064,-21763.388152930398,439.71560294837735,80604.36464412905,-80164.64904118067,2.2728948540153695,0.2246033452675409,0.23044231814648697,30.390221855345935,0.3928931748728228,3.2243900264822614,0.0012797901694606706,0.028371380324770712,-17.920558858536204,0.00207512240051283,0.39524680894068115,0.28968550952233363,0.10556129941834752,3.6321626646130367,0.000999000999000999,1.889117407374913,33.848945761418705,7.073308410311682
25042011,dephasing,7,24,1.6471071028357254,0.26830679502729216,0.9551916010954642,0.7001458127845941,0.2550457883108701,12.409347578269102,13.003937121560444,-0.5945895432913417,13.194892012912604,22.177505252667356,-8.982613239754752,0.03813928915185816,0.00092515862019249,0.03721413053166567,325.3691365053802,14055.90007782106,-13730.53094131568,345.96586109339546,23971.570678391417,-23625.604817298023,5.108494835299947,0.7932413784991219,0.3377190085668875,7.094604619497929,-0.41851989607051365,-3.5422582655392745,-0.0012797901694607816,-0.5880997640018757,16.467957693539542,-0.001693781204585687,0.3231188399055876,0.2875145936156713,0.03560424628991632,2.284792069781809,0.01898101898101898,0.46979418499659004,11.58452287127496,4.263518199891824
25042011,dephasing,6,25,1.6852463919875844,0.3002637012782658,0.8463875191562655,0.6712431942685779,0.1751443248876876,12.605366740488918,12.498058372162214,0.10730836832670398,15.578372619448233,36.303978467758725,-20.725605848310494,0.03813928915185816,0.00042594731734368896,0.03771334183451447,330.50869643370845,29341.79383991228,-29011.28514347857,408.45996257088734,85231.14711499808,-84822.68715242718,4.978413223925697,0.24671144000276257,0.48210994237633287,19.634913491472197,-0.03615399165517985,-14.760509359628662,0.012492819082084439,0.18625399750157712,-21.872241697840288,0.012545609298097948,0.36982699966773697,0.29412107720107145,0.07570592246666552,5.935287828689207,0.000999000999000999,1.179375069684773,25.021465746769024,5.761302805556564
25042011,dephasing,5,26,2.043540928379899,-0.40609855035352366,0.6693614024227257,0.5344137247571099,0.13494767766561577,12.873693886019092,12.436995601077497,0.43669828494159546,47.482871945241186,36.20698700642684,11.275884938814343,0.01315365098768928,3.231644652190724e-05,0.013121334541167373,978.716395779985,384850.3452459257,-383871.62885014573,3609.8625385211444,1120388.870164986,-1116779.0076264648,2.1432736248862234,0.6173209373591781,0.41797299456998616,17.213582784305316,0.1230928561543525,15.55125364712821,-0.01249281908208455,0.26156084753476083,18.86987237966021,-0.012274537638967187,0.33109807654117646,0.3336396642075583,-0.0025415876663818504,-2.0430478675709707,0.9790209790209791,-0.12068188170041377,-2.4874935204001076,15.721487569720347
25042011,dephasing,4,27,2.0566945793675897,-0.2449229317482165,0.6526126368925623,0.6025630135912816,0.05004962330128071,12.895835319240561,12.652868812753596,0.24296650648696527,48.28486397677772,42.747233010158965,5.537630966618757,0.013153650987689502,7.524846193485146e-05,0.013078402525754651,980.3996876083886,168147.87289218194,-167167.47320457356,3670.8335976047647,568081.1529034125,-564410.3193058077,2.309860545800147,0.5359704598874533,0.21433010225443638,17.38216810198238,-0.1639602114168408,-134.02990600892238,0.005562993195973642,-0.1385721205709034,-123.34915622152343,0.005540712750615073,0.33864359534964006,0.3334886564761833,0.005154938873456749,3.7397311450365165,0.003996003996003996,0.2489055223134629,5.053900461177336,16.351359938064327
25042011,dephasing,3,28,2.4231537333309436,-0.4161099019825856,0.2753931694452033,0.6214986053429101,-0.3461054358977068,13.245897175295712,12.91951820612157,0.3263789691741419,317.14666802615903,70.64897858868899,246.49768943747006,0.00202766459574244,7.361958663065771e-05,0.0019540450091117822,6532.587886136887,175490.23021465106,-168957.64232851416,156409.82670017678,959649.2159502067,-803239.3892500299,0.047105799306212504,0.0974960557011304,0.3126282180949147,12.716335689625453,0.17472229954619323,131.31708753743754,-0.005562993195973531,0.16531689818868323,113.96936992589457,-0.005582625237421923,0.3479631915187516,0.35021962911460947,-0.002256437595857863,-6.01270543286455,1.0,-0.7156216651352781,-14.740376904524918,110.35536678592031
25042011,dephasing,2,29,2.4251813979266874,-0.3979545780694821,0.2742701967286458,0.708471288968666,-0.4342010922400202,13.246514432258476,13.167356796774524,0.07915763548395205,323.37429700066525,63.85528894413302,259.51900805653224,0.00202766459574244,3.2726628429680105e-05,0.00199493796731276,6532.892303822169,402343.8230145613,-395810.93071073917,159481.157623241,1951172.2413244997,-1791691.0837012588,0.07105414776262542,0.9380930398481642,0.45395236336872813,7.405446420102919,-0.035247217051393775,-11.835471896014099,1.6579701792140966e-05,-0.3419962306152948,-3.382856727946489,5.740115390084899e-05,0.3547310794329076,0.3503188323491322,0.004412247083775411,13.265689266713636,0.000999000999000999,1.426807298909109,28.824735016158193,114.71091343590363
25042011,dephasing,1,30,3.5073400575693485,0.34331175289601445,0.06412838488941217,0.7032330683931649,-0.6391046835037527,13.317626123324027,12.801697360299675,0.5159287630243519,353.27286976719967,73.96682963571226,279.3060401314874,0.001994505192158158,7.347657444611855e-05,0.0019210286177120395,6677.157911488646,174228.28237164687,-167551.12446015823,177123.06348269773,1006672.265185052,-829549.2017023542,0.05696417373202678,0.4855598713639431,0.0032365793540520826,12.64209245924745,0.03554921464668581,13.946417307409206,-1.6579701792474033e-05,0.13082556220199848,12.367133130760351,-6.805898699635549e-05,0.35179378830273367,0.3525856217859582,-0.0007918334832245355,-11.535853493410338,1.0,-0.2797332869964894,-5.287197207094319,124.27920115998144
25042011,dephasing,0,31,3.509334562761509,0.409481225225211,0.06402490121882781,0.6587068061864637,-0.594681904967636,13.317639385096207,12.626590618935452,0.6910487661607547,355.27860791891567,80.9198019739938,274.35880594492187,0.001994505192158824,1.1267950054794085e-05,0.00198323724210403,6677.164560640418,1120575.664387447,-1113898.4998268066,178128.695435667,7181412.908336907,-7003284.212901239,0.06269877259200207,0.09330416896787241,0.004305195097970227,8.955484232434415,1.3261772179973264e-05,2.0057381517160024,6.661338147750939e-16,0.17512000313640286,-4.947234186565538,6.22086243919906e-05,0.3537927904254793,0.3525583193119709,0.0012344711135083841,17.46247643413333,0.000999000999000999,0.43858117872337243,8.242766770252498,125.69501007411296
25042011,transverse,15,16,0.5969606219860271,-0.22954898116430048,0.10388942978876976,0.5019801697418174,-0.3980907399530476,7.85315600190866,7.87721913569214,-0.02406313378348024,0.8230147216462097,34.58561039991547,-33.76259567826926,0.01913679683709707,0.0003361946384881631,0.018800602198608907,410.3694086716309,23430.5317036443,-23020.16229497267,43.00692162080014,102873.77144217359,-102830.76452055278,0.0,0.505919717068636,4.218847493575595e-15,8.10950645079378,-0.005974765436784324,-0.19759173221700588,-2.220446049250313e-16,-0.32188628449640255,-20.18806893151372,0.000404429079843005,0.14381444571318874,0.10440863081275023,0.03940581490043851,3.930517692925428,0.002997002997002997,0.032431565781526464,16.170940958916695,0.11836140600734397
25042011,transverse,14,17,0.616097418823125,0.05948328045539086,0.0694136023056984,0.47272883189273385,-0.4033152295870355,7.8591307673454445,7.561307616632522,0.2978231507129223,1.0206064538632156,14.595133200618754,-13.574526746755538,0.019136796837097292,0.0007406237183313902,0.0183961731187659,410.68162212551,10209.378162595158,-9798.696540469648,53.332146573492246,19706.543065487134,-19653.210918913643,2.6645352591003757e-15,0.24833270671841667,1.554312234475219e-14,2.0497882219161863,0.04832260957481793,-0.35743730792236494,-0.010678874008834854,0.2689935343542844,8.785186514942609,-0.01028672394699831,0.1750108608030382,0.10462315892929812,0.07038770187374009,5.679528305993496,0.000999000999000999,0.0718381428049391,28.90693558319438,0.17861721403173766
25042011,transverse,13,18,0.6898231778296429,0.1349378477891542,0.3090124623666674,0.41197193981590774,-0.10295947744924033,7.768460313632593,7.686737947131837,0.08172236650075604,1.9330728019249515,12.889903647051987,-10.956830845127037,0.04049454485476722,0.0019293529218477046,0.03856519193291952,191.83967473875808,3984.1015399973553,-3792.261865258597,47.7366225218205,6680.946498221576,-6633.209875699756,7.993605777301127e-15,0.1354846934073466,1.687538997430238e-14,0.675075746969446,-0.0676754436198479,0.9663215300900427,0.010678874008834716,-0.30791472048917123,2.1763487091061826,0.009233624787448214,0.16716369118517346,0.13542004121114537,0.03174364997402809,3.193634776667516,0.005994005994005994,0.0613627863986194,6.089691486038536,0.32313958489944056
25042011,transverse,12,19,0.7303177226844108,-0.13011807378673962,0.22540689512758394,0.5184037396366643,-0.29299684450908037,7.813140747159438,7.331689723892506,0.48145102326693223,0.912896089806602,13.604728451517502,-12.691832361710901,0.04049454485476772,0.0002275836825910149,0.04026696117217671,192.94304393791796,32215.357623279637,-32022.41457934172,22.543680712566893,59779.0153346197,-59756.47165390713,7.105427357601002e-15,0.28602038004930375,4.440892098500626e-16,2.518751501900267,0.1676894754838516,-2.8540128066056822,0.01246444437643851,0.5749240167419392,0.9779150678939832,0.013436370079081661,0.07444718469573133,0.1411357667605269,-0.06668858206479555,-3.629165416923158,1.0,-0.06087974580169855,-12.867098019485297,0.06796254380584303
25042011,transverse,11,20,0.9173220247918448,0.11594341265780204,0.5843858193111308,0.4829599808361411,0.10142583847498965,7.52244222971858,7.79111058316935,-0.2686683534507699,5.600744990899617,21.98340900498235,-16.38266401408273,0.015565656101891201,0.0004696658486206262,0.015095990253270575,483.27177347857605,16588.624883097767,-16105.353109619191,359.8142573777623,46806.488207618226,-46446.67395024046,7.993605777301127e-15,0.4790170239673426,7.638334409421077e-14,10.081078740352442,-0.11108131965809775,2.5464638233153294,-0.012464444376438177,-0.4394188429076684,0.2063877756320558,-0.012762222917367616,0.30085876086718794,0.2185621118148196,0.08229664905236833,3.415792942080078,0.004995004995004995,0.46092254494787566,39.77164753888202,1.6850331978951687
25042011,transverse,10,21,0.9328876808937367,-0.09808387584324102,0.6403457378139958,0.4977692473465489,0.14257649046744691,7.453906351593918,7.5938563959470535,-0.13995004435313518,5.1956662453619735,25.68193746308065,-20.486271217718677,0.015565656101891034,0.00011619093279136017,0.015449465169099674,478.868754571056,65356.70394851778,-64877.835193946725,333.7903787255562,221032.19972591812,-220698.40934719256,9.769962616701378e-15,0.2995185589360796,4.707345624410664e-14,0.5391358751030815,-0.1895971014800759,1.1899906689546977,-0.012566606694444538,-0.046346974256124884,-1.4841768532675808,-0.01151882392917819,0.26849955833071426,0.21498361825884843,0.05351594007186583,2.5561842711154705,0.02197802197802198,0.2780509634202075,25.62711157191366,1.3950340921134903
25042011,transverse,9,22,1.3592730207053232,0.1742306473527545,0.3152528177528098,0.5156621883085883,-0.20040937055577857,7.7645646764294085,7.683102463172659,0.0814622132567493,2.410606161914935,24.032130876734392,-21.621524714819458,0.04069886949077994,0.001858281547494789,0.038840587943285154,190.78084412611065,4134.520128841888,-3943.739284715778,59.23029784552226,12932.448750369882,-12873.21845252436,1.509903313490213e-14,0.06527741020214872,1.0658141036401503e-14,10.789497045579271,0.1684879681766942,-1.7349373916051376,0.012566606694444565,0.20812034815186387,-2.535218324540935,0.011064614539741197,0.21903543454778607,0.13507645360141804,0.08395898094636803,4.027539568567574,0.005994005994005994,0.20239203681741338,16.01776525691613,0.5280081681986085
25042011,transverse,8,23,1.3999718901961047,0.31243986244002225,0.35454470891411416,0.5340199911645844,-0.17947528225047027,7.73824706491151,7.851613290348604,-0.11336622543709396,3.0954208616781718,20.781762424516536,-17.686341562838365,0.04069886949077972,0.0005963878527914801,0.04010248163798824,190.134201802942,13165.280368468248,-12975.146166665305,76.05667922494592,34846.05249292801,-34769.99581370306,2.220446049250313e-14,0.2760599455585586,9.769962616701378e-15,0.5262615717189014,-0.058172430165845945,1.2844436283274625,0.0012797901694606706,-0.27972690764874475,1.0301805743691688,0.00207512240051283,0.29719308604674466,0.1311459019725861,0.16604718407415855,10.650726579148765,0.000999000999000999,0.5139859176060658,31.571248805566317,0.9199376784956094
25042011,transverse,7,24,1.6471071028357254,0.26830679502729216,0.18887747829001666,0.48137844200619684,-0.2925009637161802,7.828274313725304,7.577015162558752,0.2512591511665523,1.2113483047864837,17.022867864382093,-15.81151955959561,0.03813928915185816,0.00092515862019249,0.03721413053166567,205.25485628627422,8189.963317838692,-7984.708461552418,31.761166286117486,18399.945147611863,-18368.183981325747,7.105427357601002e-15,0.15479620449009346,1.5765166949677223e-14,1.2075756374100024,0.056508150873446183,-1.3523439478468018,-0.0012797901694607816,0.24795522828863925,2.363581472803734,-0.001693781204585687,0.18708130481983432,0.11517524624451023,0.07190605857532409,4.664944728935833,0.001998001998001998,0.08710328215909643,14.759067718990561,0.2266206214507497
25042011,transverse,6,25,1.6852463919875844,0.3002637012782658,0.24220601713890244,0.46930664808880274,-0.2271006309499003,7.805285260792206,7.685311189599286,0.11997407119292003,2.0319636435883996,20.69582414554872,-18.663860501960322,0.03813928915185816,0.00042594731734368896,0.03771334183451447,204.65209064893992,18042.867924434307,-17838.21583378537,53.27743879802757,48587.75558116649,-48534.47814236847,0.0,0.39009112420436765,7.105427357601002e-15,0.8440736739997838,-0.03275247248234603,1.2226048828100469,0.012492819082084439,-0.1735650352211997,-2.539375106317788,0.012545609298097948,0.31769166637923796,0.1190662894643104,0.19862537691492754,17.20046688500462,0.000999000999000999,0.4035995445851754,40.64909864157361,0.6455379159536266
25042011,transverse,5,26,2.043540928379899,-0.40609855035352366,0.1270742409250346,0.46335476410996845,-0.33628052318493384,7.847801152823799,7.511982091162112,0.3358190616616872,0.40736921677022186,16.84482044845968,-16.437451231689458,0.01315365098768928,3.231644652190724e-05,0.013121334541167373,596.6253141556429,232450.74566195757,-231854.12034780192,30.970049087624833,521246.0607957195,-521215.0907466319,1.9539925233402755e-14,0.10881517688536757,9.43689570931383e-16,0.957635096177782,0.017866191843292967,-1.1654762118850617,-0.01249281908208455,0.17390369015008034,5.027387428563642,-0.012274537638967187,0.07146302299478138,0.12884985840992066,-0.05738683541513928,-4.688603010745951,1.0,-0.023377630195986918,-34.238438707955645,0.029111835705416447
25042011,transverse,4,27,2.0566945793675897,-0.2449229317482165,0.0967695942004396,0.48670393355376884,-0.3899343393533292,7.854584661168807,7.650727989338513,0.20385667183029366,1.1137272137221674,25.37954403226805,-24.265816818545883,0.013153650987689502,7.524846193485146e-05,0.013078402525754651,597.141027120144,101672.88197813735,-101075.7409510172,84.67057661515456,337276.581868758,-337191.9112921429,1.7763568394002505e-14,0.15252226095370514,7.105427357601002e-15,4.290437372467732,0.0034493383820857204,0.40757307834497447,0.005562993195973642,-0.21144000286080633,8.372016849099996,0.005540712750615073,0.19294950122430182,0.12817484032519333,0.0647746608991085,5.2634939205738,0.000999000999000999,0.07214130260296232,38.679607540652675,0.2148931103876236
25042011,transverse,3,28,2.4231537333309436,-0.4161099019825856,0.09736284086320907,0.45586082123633676,-0.3584979803731277,7.854469492749644,7.359695205029131,0.4947742877205128,1.004939053984164,49.843155157586466,-48.8382161036023,0.00202766459574244,7.361958663065771e-05,0.0019540450091117822,3873.6532211697904,99969.25467609598,-96095.60145492619,495.6140458803052,677036.6072230848,-676540.9931772045,1.4921397450962104e-13,0.08268336029460954,6.94999613415348e-14,27.828512299097476,0.00010974710017386258,-0.12072879678574222,-0.005562993195973531,0.23858561796920474,-11.837993044106867,-0.005582625237421923,0.1704311703286452,0.12344397642440962,0.04698719390423557,3.8462507539005246,0.000999000999000999,0.04721926619149298,182.01209502087167,0.17127293907948263
25042011,transverse,2,29,2.4251813979266874,-0.3979545780694821,0.09906657054863433,0.45913875496638373,-0.3600721844177494,7.854134830130134,7.545614162457811,0.30852066767232245,1.1376084878176451,50.87223778826262,-49.73462930044498,0.00202766459574244,3.2726628429680105e-05,0.00199493796731276,3873.488172857455,230564.97184459792,-226691.48367174045,561.0437200542548,1554460.0904297885,-1553899.0467097342,1.4921397450962104e-13,0.4026889865893093,2.042810365310288e-14,25.600966678808668,-0.0033836993505618196,0.07253803456792784,1.6579701792140966e-05,0.03307056274876752,-4.135203751629668,5.740115390084899e-05,0.1933767065640757,0.12404871579172046,0.06932799077235526,5.856849528629816,0.000999000999000999,0.07886811074597472,268.54115230468886,0.21998698273351466
25042011,transverse,1,30,3.5073400575693485,0.34331175289601445,0.058150230599267924,0.512438214718451,-0.45428798411918303,7.860567566211747,7.80444164408515,0.05612592212659706,1.1252018525152707,43.48583684654359,-42.360634994028324,0.001994505192158158,7.347657444611855e-05,0.0019210286177120395,3941.1116085921067,106216.7323792192,-102275.6207706271,564.1508765879641,591832.6646873337,-591268.5138107458,3.8191672047105385e-14,0.29756452824220236,5.329070518200751e-15,16.77284655153605,0.0031812363788983333,-0.030000901671041413,-1.6579701792474033e-05,-0.2532845751576236,5.205370137196134,-6.805898699635549e-05,0.34928645721138313,0.1781521047836059,0.17113435242777722,17.810607059984417,0.000999000999000999,0.19256069038073614,674.4595829820056,0.39301776871274413
25042011,transverse,0,31,3.509334562761509,0.409481225225211,0.05754290568734731,0.46760168752920706,-0.41005878184185973,7.860637829535564,7.5503375026394455,0.31030032689611886,1.172797020554979,46.570177982558924,-45.39738096200394,0.001994505192158824,1.1267950054794085e-05,0.00198323724210403,3941.1468370394773,670071.971026093,-666130.8241890535,588.0140223077384,4132976.9617451476,-4132388.9477228397,3.2862601528904634e-14,0.22458082119475353,5.773159728050814e-15,12.332730536278333,7.026332381698808e-05,0.0475951680397082,6.661338147750939e-16,0.2541744047695218,-3.0367459679756195,6.22086243919906e-05,0.3648452774750657,0.17846027620642768,0.186385001268638,19.398912941232137,0.000999000999000999,0.2185917741639946,734.5706582214916,0.4278894543863116
