geometry_angstrom,seed,eigenpair_index,gap_hartree,delta_c_dephasing,delta_c_transverse,robust_delta_c,local_background,prominence,positive_robust,positive_prominence
0.75,25043000,2,0.048564618269860915,0.16950647469097102,-0.043784523760519556,-0.043784523760519556,0.2508614691124018,-0.29464599287292137,False,False
0.75,25043000,8,0.049178597198276996,0.5127436962865612,0.15972737158953693,0.15972737158953693,0.14910552143737354,0.010621850152163381,True,True
0.75,25043000,11,0.008884626414053187,0.35000974782642524,0.1951160589368375,0.1951160589368375,0.029723001057640183,0.16539305787919734,True,True
0.75,25043000,12,0.04282415001360329,0.34199556663526665,0.4774609609946864,0.34199556663526665,-0.028797163703944695,0.37079273033921134,True,True
0.75,25043000,15,0.0015124697447248536,0.24460375731852063,0.1694065998211935,0.1694065998211935,0.04257773061546219,0.1268288692057313,True,True
0.75,25043000,19,0.033308491914871396,0.029294976416918,-0.10996059770591313,-0.10996059770591313,0.1951160589368375,-0.30507665664275063,False,False
0.75,25043000,22,0.021934453419186095,0.30279773993867076,-0.028797163703944695,-0.028797163703944695,0.020069568474981536,-0.04886673217892623,False,False
0.75,25043000,26,0.04145714039449899,-0.07559664831416854,-0.013024577498717882,-0.07559664831416854,-0.004363797614481579,-0.07123285069968696,False,False
0.75,25043000,27,0.025048780902962253,0.22506330084735948,0.40073873759913525,0.22506330084735948,-0.10996059770591313,0.33502389855327264,True,True
0.75,25043000,30,0.03656162528960172,0.26599728540930073,0.020069568474981536,0.020069568474981536,-0.05219690600905662,0.07226647448403815,True,True
0.75,25043001,2,0.048564618269860915,0.43521689001099373,-0.05238506460263315,-0.05238506460263315,-0.0520776671151984,-0.00030739748743474626,False,False
0.75,25043001,8,0.049178597198276996,0.444450502810399,-0.16651833880540562,-0.16651833880540562,0.004988969986187836,-0.17150730879159345,False,False
0.75,25043001,11,0.008884626414053187,0.4116150012334326,0.24836273620791166,0.24836273620791166,0.1951241056676783,0.05323863054023337,True,True
0.75,25043001,12,0.04282415001360329,0.07034524880633802,0.06236300457500882,0.06236300457500882,-0.16651833880540562,0.22888134338041444,True,True
0.75,25043001,15,0.0015124697447248536,0.2509793525224441,0.2674216966751293,0.2509793525224441,0.19381579751041209,0.05716355501203199,True,True
0.75,25043001,19,0.033308491914871396,0.2572679362530749,0.1392688588129125,0.1392688588129125,0.24836273620791166,-0.10909387739499915,True,False
0.75,25043001,22,0.021934453419186095,-0.17024085707191555,0.04656361798514827,-0.17024085707191555,-0.0502026415239768,-0.12003821554793875,False,False
0.75,25043001,26,0.04145714039449899,-0.05724396094519846,-0.06694379415300092,-0.06694379415300092,-0.11022174929794618,0.04327795514494526,False,True
0.75,25043001,27,0.025048780902962253,-0.07170931699933913,0.26797181430817635,-0.07170931699933913,0.1392688588129125,-0.21097817581225164,False,False
0.75,25043001,30,0.03656162528960172,0.3451900695600817,-0.0502026415239768,-0.0502026415239768,-0.11859232561245824,0.06838968408848144,False,True
0.75,25043002,2,0.048564618269860915,0.25364412171360584,0.2562523038661545,0.25364412171360584,0.19909100456202553,0.054553117151580316,True,True
0.75,25043002,8,0.049178597198276996,0.262511358395342,0.22803486827316743,0.22803486827316743,0.21189563128224473,0.016139236990922706,True,True
0.75,25043002,11,0.008884626414053187,0.3030851214829497,0.09423605451567618,0.09423605451567618,0.04703303722066321,0.04720301729501297,True,True
0.75,25043002,12,0.04282415001360329,0.17014714085088362,0.27647586027062454,0.17014714085088362,0.25364412171360584,-0.08349698086272223,True,False
0.75,25043002,15,0.0015124697447248536,-0.06544219908485599,0.3678524518872851,-0.06544219908485599,0.1268721640209293,-0.19231436310578529,False,False
0.75,25043002,19,0.033308491914871396,0.1595082735261824,0.6394831864913346,0.1595082735261824,0.09423605451567618,0.06527221901050623,True,True
0.75,25043002,22,0.021934453419186095,0.3258333436977474,0.40043811233876697,0.3258333436977474,0.17014714085088362,0.1556862028468638,True,True
0.75,25043002,26,0.04145714039449899,0.01056663435915628,0.23381147571388972,0.01056663435915628,0.3027208462931206,-0.29215421193396435,True,False
0.75,25043002,27,0.025048780902962253,0.47134430208372646,0.13628447757280887,0.13628447757280887,0.1595082735261824,-0.02322379595337354,True,False
0.75,25043002,30,0.03656162528960172,0.38822119539774197,0.27960834888849384,0.27960834888849384,0.16819998902845185,0.111408359860042,True,True
0.75,25043003,2,0.048564618269860915,0.4357997290566641,-0.1750514279700714,-0.1750514279700714,0.11416368700757966,-0.28921511497765107,False,False
0.75,25043003,8,0.049178597198276996,0.10265623644777705,0.059585163381232015,0.059585163381232015,-0.0031546086680720453,0.06273977204930406,True,True
0.75,25043003,11,0.008884626414053187,0.6369491702757012,-0.19358818093297653,-0.19358818093297653,0.1504694216746105,-0.344057602607587,False,False
0.75,25043003,12,0.04282415001360329,0.3808877369346818,0.1687422106339273,0.1687422106339273,-0.05602108878975706,0.22476329942368437,True,True
0.75,25043003,15,0.0015124697447248536,0.2090685002893391,0.44519419416952505,0.2090685002893391,-0.050858918936547315,0.2599274192258864,True,True
0.75,25043003,19,0.033308491914871396,0.2657362395201901,0.0918703430598819,0.0918703430598819,0.16864388864584234,-0.07677354558596045,True,False
0.75,25043003,22,0.021934453419186095,0.3918057758908745,-0.05602108878975706,-0.05602108878975706,-0.05042098510067117,-0.005600103689085895,False,False
0.75,25043003,26,0.04145714039449899,-0.34089661223099776,0.32632239282079034,-0.34089661223099776,-0.053221036945214115,-0.28767557528578364,False,False
0.75,25043003,27,0.025048780902962253,0.2207106501429975,0.16864388864584234,0.16864388864584234,0.0918703430598819,0.07677354558596045,True,True
0.75,25043003,30,0.03656162528960172,0.20037931674809817,-0.05042098510067117,-0.05042098510067117,-0.19845885051037743,0.14803786540970626,False,True
0.75,25043004,2,0.048564618269860915,0.183563345223264,0.1163367384510195,0.1163367384510195,-0.13392346792903903,0.2502602063800585,True,True
0.75,25043004,8,0.049178597198276996,0.17736010056432466,0.03368085198666371,0.03368085198666371,-0.09259552469686114,0.12627637668352484,True,True
0.75,25043004,11,0.008884626414053187,0.5293293304261559,-0.17792712229852597,-0.17792712229852597,0.07575294737903253,-0.2536800696775585,False,False
0.75,25043004,12,0.04282415001360329,0.35776836316052446,-0.30152778784474177,-0.30152778784474177,0.03368085198666371,-0.3352086398314055,False,False
0.75,25043004,15,0.0015124697447248536,0.3155557629065797,0.2324524947628484,0.2324524947628484,-0.12943686115165465,0.36188935591450305,True,True
0.75,25043004,19,0.033308491914871396,0.07452264380334339,-0.08094660000478335,-0.08094660000478335,0.08262261658156633,-0.16356921658634968,False,False
0.75,25043004,22,0.021934453419186095,0.34879086392626635,-0.048751689168287204,-0.048751689168287204,-0.07683542378824076,0.02808373461995356,False,True
0.75,25043004,26,0.04145714039449899,0.11703505998936897,0.23994549519005207,0.11703505998936897,-0.06279355647826398,0.17982861646763296,True,True
0.75,25043004,27,0.025048780902962253,0.2783306249898804,0.08262261658156633,0.08262261658156633,-0.08094660000478335,0.16356921658634968,True,True
0.75,25043004,30,0.03656162528960172,0.07391805196597886,-0.07683542378824076,-0.07683542378824076,0.034141685410540884,-0.11097710919878165,False,False
0.75,25043005,2,0.048564618269860915,0.05658987242769142,-0.28094721458689104,-0.28094721458689104,-0.028225320053108266,-0.2527218945337828,False,False
0.75,25043005,8,0.049178597198276996,0.3934259558215152,0.02005495758842063,0.02005495758842063,-0.1787264061407641,0.19878136372918473,True,True
0.75,25043005,11,0.008884626414053187,0.17784381502286933,0.022663253761445012,0.022663253761445012,-0.034861372638556765,0.05752462640000178,True,True
0.75,25043005,12,0.04282415001360329,0.47953468559822443,-0.07650559769463716,-0.07650559769463716,-0.06486267124965728,-0.011642926444979884,False,False
0.75,25043005,15,0.0015124697447248536,0.47713892893478316,0.06870442725114051,0.06870442725114051,-0.05788195938340451,0.12658638663454502,True,True
0.75,25043005,19,0.033308491914871396,-0.13842717252825404,-0.04815257908431879,-0.13842717252825404,0.022663253761445012,-0.16109042628969905,False,False
0.75,25043005,22,0.021934453419186095,0.3308052287098272,-0.06486267124965728,-0.06486267124965728,-0.16691334968732555,0.10205067843766827,False,True
0.75,25043005,26,0.04145714039449899,0.3304527492954289,-0.16691334968732555,-0.16691334968732555,-0.231141048484623,0.06422769879729745,False,True
0.75,25043005,27,0.025048780902962253,-0.026731910747340493,-0.22734112284347635,-0.22734112284347635,-0.13842717252825404,-0.08891395031522231,False,False
0.75,25043005,30,0.03656162528960172,-0.3974194257195887,0.060259464614235314,-0.3974194257195887,-0.11588801046849141,-0.2815314152510973,False,False
0.75,25043006,2,0.048564618269860915,0.37313694248190055,0.15820981626283415,0.15820981626283415,0.19968508908793856,-0.04147527282510441,True,False
0.75,25043006,8,0.049178597198276996,0.5938546718454272,0.10547686319645627,0.10547686319645627,0.2260515656211275,-0.12057470242467122,True,False
0.75,25043006,11,0.008884626414053187,0.3802551332383427,0.14494776641298113,0.14494776641298113,0.11556751986400979,0.02938024654897134,True,True
0.75,25043006,12,0.04282415001360329,0.6269210735304706,0.29389331497942084,0.29389331497942084,0.10547686319645627,0.18841645178296457,True,True
0.75,25043006,15,0.0015124697447248536,0.1157580366238607,0.5102970304822099,0.1157580366238607,0.13016238475857,-0.01440434813470931,True,False
0.75,25043006,19,0.033308491914871396,0.42192595778925246,0.11537700310415888,0.11537700310415888,0.14494776641298113,-0.029570763308822245,True,False
0.75,25043006,22,0.021934453419186095,0.10950602648470054,0.06308269902472907,0.06308269902472907,0.18393909982286466,-0.12085640079813559,True,False
0.75,25043006,26,0.04145714039449899,0.5077880483004897,0.18393909982286466,0.18393909982286466,0.02942756631033422,0.15451153351253044,True,True
0.75,25043006,27,0.025048780902962253,0.5638781998759352,0.2541804738780912,0.2541804738780912,0.11537700310415888,0.1388034707739323,True,True
0.75,25043006,30,0.03656162528960172,-0.004227566404060634,0.12814026361553615,-0.004227566404060634,0.12351089942379687,-0.1277384658278575,False,False
0.75,25043007,2,0.048564618269860915,0.280302011834073,0.13315780727098203,0.13315780727098203,-0.17896343410864746,0.3121212413796295,True,True
0.75,25043007,8,0.049178597198276996,0.5587937598413336,-0.28148169362166553,-0.28148169362166553,0.028356316337676324,-0.30983800995934185,False,False
0.75,25043007,11,0.008884626414053187,0.25579528918674305,-0.0860614665241119,-0.0860614665241119,-0.010358002368601155,-0.07570346415551074,False,False
0.75,25043007,12,0.04282415001360329,-0.07644517459562938,-0.05492029945128407,-0.07644517459562938,-0.11141610569975205,0.034970931104122666,False,True
0.75,25043007,15,0.0015124697447248536,0.17216819732651373,0.30874029569863204,0.17216819732651373,-0.13947283429391397,0.31164103162042767,True,True
0.75,25043007,19,0.033308491914871396,-0.19288420206371604,0.19428629621056898,-0.19288420206371604,0.0844669527709172,-0.27735115483463324,False,False
0.75,25043007,22,0.021934453419186095,0.615774401570657,-0.11141610569975205,-0.11141610569975205,0.09882292411777438,-0.21023902981752643,False,False
0.75,25043007,26,0.04145714039449899,0.09882292411777438,0.2964178825638529,0.09882292411777438,0.08648667785231255,0.012336246265461828,True,True
0.75,25043007,27,0.025048780902962253,0.21664160090870876,0.0844669527709172,0.0844669527709172,-0.19288420206371604,0.27735115483463324,True,True
0.75,25043007,30,0.03656162528960172,0.3023604389929919,0.28438946140437715,0.28438946140437715,-0.006296590790988835,0.290686052195366,True,True
0.75,25043008,2,0.048564618269860915,0.14794091597990155,0.13649836734894638,0.13649836734894638,0.13388763260981135,0.0026107347391350344,True,True
0.75,25043008,8,0.049178597198276996,0.31903488404727737,0.22937613575879767,0.22937613575879767,0.08744874840488571,0.14192738735391197,True,True
0.75,25043008,11,0.008884626414053187,0.4551388434004758,0.27365215718925134,0.27365215718925134,0.1261364846985753,0.14751567249067604,True,True
0.75,25043008,12,0.04282415001360329,0.08372650462098008,0.03839912946082505,0.03839912946082505,0.13649836734894638,-0.09809923788812133,True,False
0.75,25043008,15,0.0015124697447248536,0.44784590019578957,0.2533871692976609,0.2533871692976609,0.13626897864437051,0.1171181906532904,True,True
0.75,25043008,19,0.033308491914871396,0.3959578702214392,-0.0011141999005103154,-0.0011141999005103154,0.2533871692976609,-0.25450136919817123,False,False
0.75,25043008,22,0.021934453419186095,0.5301996495575151,0.00012724133731661924,0.00012724133731661924,0.03839912946082505,-0.03827188812350843,True,False
0.75,25043008,26,0.04145714039449899,0.11410740436393169,-0.3144465533527433,-0.3144465533527433,0.07359651208272844,-0.38804306543547173,False,False
0.75,25043008,27,0.025048780902962253,-0.03646977110021188,0.18306833821733393,-0.03646977110021188,-0.0011141999005103154,-0.03535557119970156,False,False
0.75,25043008,30,0.03656162528960172,0.3339769459829647,0.14706578282814026,0.14706578282814026,-0.15715965600771334,0.3042254388358536,True,True
0.75,25043009,2,0.048564618269860915,0.0606940295821935,-0.12023069122936508,-0.12023069122936508,0.04962786531211928,-0.16985855654148435,False,False
0.75,25043009,8,0.049178597198276996,0.23906317727868062,0.20162034998692127,0.20162034998692127,-0.1112976552960239,0.31291800528294517,True,True
0.75,25043009,11,0.008884626414053187,0.4600515605274524,0.21905810957593724,0.21905810957593724,0.3257083917341355,-0.10665028215819827,True,False
0.75,25043009,12,0.04282415001360329,-0.06355317977163844,-0.10236461936268271,-0.10236461936268271,0.20162034998692127,-0.30398496934960395,False,False
0.75,25043009,15,0.0015124697447248536,0.16337126811699415,0.4330675684716514,0.16337126811699415,0.35355181246360706,-0.1901805443466129,True,False
0.75,25043009,19,0.033308491914871396,0.5119138813663153,0.4880455153512769,0.4880455153512769,0.16337126811699415,0.32467424723428273,True,True
0.75,25043009,22,0.021934453419186095,0.6357118983994791,0.31421301766227905,0.31421301766227905,-0.11148167338210929,0.42569469104438834,True,True
0.75,25043009,26,0.04145714039449899,-0.07307911228305664,-0.1410010123586002,-0.1410010123586002,0.10136567214008488,-0.24236668449868506,False,False
0.75,25043009,27,0.025048780902962253,0.1561294167767835,0.10508621391985407,0.10508621391985407,0.4880455153512769,-0.3829593014314228,True,False
0.75,25043009,30,0.03656162528960172,0.20774475010054083,-0.11148167338210929,-0.11148167338210929,0.08660600265183943,-0.19808767603394872,False,False
0.75,25043010,2,0.048564618269860915,0.31281883577091674,0.09846515792060906,0.09846515792060906,-0.0886187066174271,0.18708386453803616,True,True
0.75,25043010,8,0.049178597198276996,0.45865127121414545,0.07237880676952002,0.07237880676952002,-0.07557553104188258,0.1479543378114026,True,True
0.75,25043010,11,0.008884626414053187,0.6797826261975731,0.17994794483287382,0.17994794483287382,0.1027217738058824,0.07722617102699142,True,True
0.75,25043010,12,0.04282415001360329,-0.24961622000437422,-0.01075154949567414,-0.24961622000437422,0.09846515792060906,-0.3480813779249833,False,False
0.75,25043010,15,0.0015124697447248536,0.07214702171300946,0.5858460510407882,0.07214702171300946,0.1566222353658146,-0.08447521365280514,True,False
0.75,25043010,19,0.033308491914871396,0.13329652589875535,0.6263631160733918,0.13329652589875535,0.17994794483287382,-0.04665141893411848,True,False
0.75,25043010,22,0.021934453419186095,0.21131470829938803,0.3983659356795021,0.21131470829938803,-0.22686724375571488,0.4381819520551029,True,True
0.75,25043010,26,0.04145714039449899,-0.22686724375571488,-0.0047335678560063155,-0.22686724375571488,0.15463627994028506,-0.38150352369599994,False,False
0.75,25043010,27,0.025048780902962253,0.20042788032926473,0.2330272716279106,0.20042788032926473,0.13329652589875535,0.06713135443050938,True,True
0.75,25043010,30,0.03656162528960172,0.09795785158118209,0.33566930203810497,0.09795785158118209,-0.007776267728163422,0.10573411930934551,True,True
0.75,25043011,2,0.048564618269860915,0.12737687172097645,0.09148096566862163,0.09148096566862163,0.07689527721686833,0.0145856884517533,True,True
0.75,25043011,8,0.049178597198276996,-0.13286460426803168,-0.057696382091566856,-0.13286460426803168,0.18906806218519498,-0.32193266645322666,False,False
0.75,25043011,11,0.008884626414053187,0.31090285362797176,0.3459470482950525,0.31090285362797176,0.2090136438848894,0.10188920974308235,True,True
0.75,25043011,12,0.04282415001360329,0.28665515870176833,0.3434706292580623,0.28665515870176833,0.09148096566862163,0.1951741930331467,True,True
0.75,25043011,15,0.0015124697447248536,0.10162847215905524,0.22115038355869415,0.10162847215905524,0.3136508346193477,-0.21202236246029244,True,False
0.75,25043011,19,0.033308491914871396,0.3163988156107236,0.6822160185968273,0.3163988156107236,0.10162847215905524,0.21477034345166834,True,True
0.75,25043011,22,0.021934453419186095,0.5741092486383284,0.24107627845637686,0.24107627845637686,0.28665515870176833,-0.04557888024539147,True,False
0.75,25043011,26,0.04145714039449899,0.08875295943977102,-0.02523582054145712,-0.02523582054145712,0.3679996429243554,-0.3932354634658125,False,False
0.75,25043011,27,0.025048780902962253,0.06756863184426021,0.11017705722904386,0.06756863184426021,0.3163988156107236,-0.24883018376646338,True,False
0.75,25043011,30,0.03656162528960172,0.4949230073923339,0.5119161688687505,0.4949230073923339,0.10792022895745987,0.3870027784348741,True,True
1.0,25043000,3,0.026519859820731462,0.2889994684409572,0.3663786221251857,0.2889994684409572,0.08117967795613341,0.2078197904848238,True,True
1.0,25043000,6,0.047452791330473865,0.2665758774225214,0.12880877824222425,0.12880877824222425,-0.2860152120281753,0.41482399027039957,True,True
1.0,25043000,9,0.02480669542157754,0.5736398116126094,0.11185611212915364,0.11185611212915364,0.16975135611203518,-0.05789524398288154,True,False
1.0,25043000,10,0.016016176356413503,0.33765564314272406,-0.005646524120655,-0.005646524120655,-0.12131676846843065,0.11567024434777565,False,True
1.0,25043000,12,0.039464939261906196,-0.2860152120281753,0.11041004080725259,-0.2860152120281753,0.03468340287812918,-0.32069861490630447,False,False
1.0,25043000,13,0.0007251113712838375,0.05050324378311319,0.3144264320621193,0.05050324378311319,0.20042779028505542,-0.14992454650194223,True,False
1.0,25043000,16,0.019044183581684138,-0.33934733164408537,-0.4000772642104181,-0.4000772642104181,-0.004525971010832297,-0.3955512931995858,False,False
1.0,25043000,18,0.014734037068711014,0.2575318578725543,0.04338167509131402,0.04338167509131402,-0.07298179244381413,0.11636346753512815,True,True
1.0,25043000,22,0.0299907349458981,0.22137621708805183,0.03468340287812918,0.03468340287812918,-0.07242151588890278,0.10710491876703196,True,True
1.0,25043000,24,0.0010509508273610635,0.41164942176457087,-0.004525971010832297,-0.004525971010832297,0.03468340287812918,-0.03920937388896148,False,False
1.0,25043000,25,0.04102809871364199,0.20350957891227617,0.27824934578095173,0.20350957891227617,-0.1689751962518692,0.37248477516414535,True,True
1.0,25043000,26,0.0386366820351558,-0.14031706076697326,-0.05882601248164748,-0.14031706076697326,0.03468340287812918,-0.17500046364510244,False,False
1.0,25043000,30,0.041786494590284384,0.2990226283320875,0.08054042738068146,0.08054042738068146,-0.004525971010832297,0.08506639839151375,True,True
1.0,25043000,31,0.00042247382613602724,0.05606610684693247,-0.1689751962518692,-0.1689751962518692,0.20350957891227617,-0.37248477516414535,False,False
1.0,25043001,3,0.026519859820731462,-0.12565049439740056,-0.1305387032236781,-0.1305387032236781,0.11269636580445144,-0.24323506902812955,False,False
1.0,25043001,6,0.047452791330473865,0.31719790069419895,0.12261477791395414,0.12261477791395414,-0.032137363707363475,0.15475214162131762,True,True
1.0,25043001,9,0.02480669542157754,0.2376598035230334,-0.10144353561087521,-0.10144353561087521,0.09814878199805,-0.1995923176089252,False,False
1.0,25043001,10,0.016016176356413503,0.0805335535857788,0.09370782300233674,0.0805335535857788,0.045238707103295334,0.03529484648248346,True,True
1.0,25043001,12,0.039464939261906196,-0.1459702885663306,0.07712429075010102,-0.1459702885663306,0.09343210766302826,-0.23940239622935885,False,False
1.0,25043001,13,0.0007251113712838375,0.5902292192081414,0.3268362672197781,0.3268362672197781,-0.11599111941727666,0.4428273866370548,True,True
1.0,25043001,16,0.019044183581684138,-0.032137363707363475,0.3722598063586589,-0.032137363707363475,0.12261477791395414,-0.15475214162131762,False,False
1.0,25043001,18,0.014734037068711014,0.47606235714361345,0.2148764704745314,0.2148764704745314,0.08698283062440353,0.12789363985012786,True,True
1.0,25043001,22,0.0299907349458981,0.36139582769548567,0.09343210766302826,0.09343210766302826,0.16858335084855208,-0.07515124318552382,True,False
1.0,25043001,24,0.0010509508273610635,0.7375968749178311,0.20535993238736575,0.20535993238736575,0.13180676930973845,0.0735531630776273,True,True
1.0,25043001,25,0.04102809871364199,0.3755742979474459,0.1463741939170191,0.1463741939170191,0.15343861766192712,-0.0070644237449080105,True,False
1.0,25043001,26,0.0386366820351558,0.23509460451843772,0.34935329332350606,0.23509460451843772,0.13180676930973845,0.10328783520869927,True,True
1.0,25043001,30,0.041786494590284384,0.3712796892650741,0.13180676930973845,0.13180676930973845,0.20535993238736575,-0.0735531630776273,True,False
1.0,25043001,31,0.00042247382613602724,0.2514328972882676,0.15343861766192712,0.15343861766192712,0.1463741939170191,0.0070644237449080105,True,True
1.0,25043002,3,0.026519859820731462,0.2841123172643237,0.024011688942765563,0.024011688942765563,-0.02625024998545182,0.050261938928217384,True,True
1.0,25043002,6,0.047452791330473865,-0.021974557998148014,-0.2265554103639033,-0.2265554103639033,0.08601684495819995,-0.31257225532210325,False,False
1.0,25043002,9,0.02480669542157754,0.3409263778819043,0.059932999680944454,0.059932999680944454,-0.044210905354541266,0.10414390503548572,True,True
1.0,25043002,10,0.016016176356413503,0.08601684495819995,0.3390600224599599,0.08601684495819995,-0.13599650743093283,0.22201335238913278,True,True
1.0,25043002,12,0.039464939261906196,-0.05702367912744649,-0.4967071286654191,-0.4967071286654191,0.08601684495819995,-0.582723973623619,False,False
1.0,25043002,13,0.0007251113712838375,-0.1124334996518481,0.3652592228517568,-0.1124334996518481,0.04197234431185501,-0.1544058439637031,False,False
1.0,25043002,16,0.019044183581684138,0.11948781178634282,0.30788279195202495,0.11948781178634282,-0.01085665166098948,0.1303444634473323,True,True
1.0,25043002,18,0.014734037068711014,-0.04543760449796236,0.40169802202627264,-0.04543760449796236,0.10275232837227138,-0.14818993287023374,False,False
1.0,25043002,22,0.0299907349458981,0.14363585575767907,0.37746070192811515,0.14363585575767907,0.05431558006267667,0.0893202756950024,True,True
1.0,25043002,24,0.0010509508273610635,0.4012506289182716,0.3082459858308479,0.3082459858308479,0.11948781178634282,0.18875817404450507,True,True
1.0,25043002,25,0.04102809871364199,0.06419315493966926,0.22072770474120423,0.06419315493966926,0.17239021956592804,-0.10819706462625878,True,False
1.0,25043002,26,0.0386366820351558,0.02036462975159148,-0.01085665166098948,-0.01085665166098948,0.13245131990944892,-0.1433079715704384,False,False
1.0,25043002,30,0.041786494590284384,0.13245131990944892,0.33212635826509534,0.13245131990944892,0.14363585575767907,-0.011184535848230148,True,False
1.0,25043002,31,0.00042247382613602724,0.17239021956592804,0.4937377543342778,0.17239021956592804,0.06419315493966926,0.10819706462625878,True,True
1.0,25043003,3,0.026519859820731462,0.41388242219967497,-0.12894634586736492,-0.12894634586736492,-0.054321476796267004,-0.07462486907109792,False,False
1.0,25043003,6,0.047452791330473865,0.045970308785152514,0.09738159048357892,0.045970308785152514,0.1276646121693794,-0.0816943033842269,True,False
1.0,25043003,9,0.02480669542157754,0.10432812944316405,0.06489943573894552,0.06489943573894552,-0.15124436759942222,0.21614380333836775,True,True
1.0,25043003,10,0.016016176356413503,0.30813517626548914,0.3089608754430174,0.30813517626548914,0.08681746047726596,0.22131771578822318,True,True
1.0,25043003,12,0.039464939261906196,-0.026366717690332997,0.14356006632554275,-0.026366717690332997,0.1276646121693794,-0.1540313298597124,False,False
1.0,25043003,13,0.0007251113712838375,-0.17354238933147953,0.46868114245455406,-0.17354238933147953,-0.0320234550642097,-0.14151893426726983,False,False
1.0,25043003,16,0.019044183581684138,0.1276646121693794,0.196927928526752,0.1276646121693794,-0.026366717690332997,0.1540313298597124,True,True
1.0,25043003,18,0.014734037068711014,0.29888307897521094,0.13862316930838062,0.13862316930838062,-0.03924465683025015,0.17786782613863078,True,True
1.0,25043003,22,0.0299907349458981,0.3980350270224756,-0.0521225959701673,-0.0521225959701673,0.05064894723952321,-0.10277154320969051,False,False
1.0,25043003,24,0.0010509508273610635,0.26675280252589656,-0.09092783811252059,-0.09092783811252059,0.1276646121693794,-0.2185924502819,False,False
1.0,25043003,25,0.04102809871364199,0.1926756019512995,-0.034721692559500306,-0.034721692559500306,-0.22141383399494885,0.18669214143544854,False,True
1.0,25043003,26,0.0386366820351558,-0.18893521478895753,0.15804051875344083,-0.18893521478895753,0.1276646121693794,-0.31659982695833694,False,False
1.0,25043003,30,0.041786494590284384,0.20090050366629342,0.13864977634650683,0.13864977634650683,-0.09092783811252059,0.2295776144590274,True,True
1.0,25043003,31,0.00042247382613602724,-0.09186309527938308,-0.22141383399494885,-0.22141383399494885,-0.034721692559500306,-0.18669214143544854,False,False
1.0,25043004,3,0.026519859820731462,0.3115262073023857,0.2706290569363656,0.2706290569363656,0.06522742706752105,0.20540162986884453,True,True
1.0,25043004,6,0.047452791330473865,0.19286438106437717,-0.36130498950095363,-0.36130498950095363,0.14243244702356989,-0.5037374365245235,False,False
1.0,25043004,9,0.02480669542157754,0.006696633117022677,0.15580969119823734,0.006696633117022677,0.1971936389771925,-0.19049700586016982,True,False
1.0,25043004,10,0.016016176356413503,0.31056938883534735,0.14243244702356989,0.14243244702356989,-0.029039675353949974,0.17147212237751985,True,True
1.0,25043004,12,0.039464939261906196,0.34081762020728357,0.25288762713931845,0.25288762713931845,-0.04816380972248244,0.3010514368618009,True,True
1.0,25043004,13,0.0007251113712838375,0.3781930602983207,0.12375822101801942,0.12375822101801942,0.13866284502669413,-0.014904624008674705,True,False
1.0,25043004,16,0.019044183581684138,-0.04816380972248244,0.281333236693606,-0.04816380972248244,-0.009915540985417512,-0.038248268737064925,False,False
1.0,25043004,18,0.014734037068711014,-0.009915540985417512,0.17753314289991667,-0.009915540985417512,-0.00884968340029392,-0.0010658575851235919,False,False
1.0,25043004,22,0.0299907349458981,0.24406289605167103,-0.07959899338669629,-0.07959899338669629,-0.0006358581342843853,-0.07896313525241191,False,False
1.0,25043004,24,0.0010509508273610635,0.17529957304049976,0.008643824716848741,0.008643824716848741,-0.02634319151743658,0.03498701623428532,True,True
1.0,25043004,25,0.04102809871364199,0.21615090406614795,0.0070068879508850546,0.0070068879508850546,-0.07694128918768339,0.08394817713856845,True,True
1.0,25043004,26,0.0386366820351558,-0.02634319151743658,0.15866748745092663,-0.02634319151743658,-0.009915540985417512,-0.01642765053201907,False,False
1.0,25043004,30,0.041786494590284384,0.21383261536402798,0.3141136043504184,0.21383261536402798,-0.02634319151743658,0.24017580688146456,True,True
1.0,25043004,31,0.00042247382613602724,-0.06469442196189656,-0.07694128918768339,-0.07694128918768339,0.0070068879508850546,-0.08394817713856845,False,False
1.0,25043005,3,0.026519859820731462,0.1858028117586249,-0.21633702331830335,-0.21633702331830335,0.1354897296859599,-0.35182675300426325,False,False
1.0,25043005,6,0.047452791330473865,-0.3343010442675513,-0.10357099942600079,-0.3343010442675513,-0.08503304471064652,-0.2492679995569048,False,False
1.0,25043005,9,0.02480669542157754,0.2937262472967413,0.27688166319714375,0.27688166319714375,-0.11111961357176364,0.3880012767689074,True,True
1.0,25043005,10,0.016016176356413503,0.6179799981107564,0.2156283328580726,0.2156283328580726,-0.2096670444890989,0.4252953773471715,True,True
1.0,25043005,12,0.039464939261906196,-0.4799302972989261,-0.051126807250012396,-0.4799302972989261,0.04139418725231103,-0.5213244845512371,False,False
1.0,25043005,13,0.0007251113712838375,0.02297369918253106,-0.0059022038252239395,-0.0059022038252239395,0.0302723199394202,-0.03617452376464414,False,False
1.0,25043005,16,0.019044183581684138,-0.08503304471064652,0.25327207978779714,-0.08503304471064652,0.03570087174505393,-0.12073391645570045,False,False
1.0,25043005,18,0.014734037068711014,0.6162073863307594,0.04839626246209364,0.04839626246209364,-0.024666086482796293,0.07306234894488993,True,True
1.0,25043005,22,0.0299907349458981,0.13412685539131844,0.04139418725231103,0.04139418725231103,-0.024666086482796293,0.06606027373510732,True,True
1.0,25043005,24,0.0010509508273610635,-0.19491517003016676,0.04416256183514195,-0.19491517003016676,0.04139418725231103,-0.2363093572824778,False,False
1.0,25043005,25,0.04102809871364199,0.5800988513463149,0.20633713658973407,0.20633713658973407,-0.23261541593294938,0.43895255252268345,True,True
1.0,25043005,26,0.0386366820351558,0.03570087174505393,0.06773396867408066,0.03570087174505393,0.04139418725231103,-0.005693315507257102,True,False
1.0,25043005,30,0.041786494590284384,0.1577513377195905,0.4460716735577773,0.1577513377195905,0.03570087174505393,0.12205046597453656,True,True
1.0,25043005,31,0.00042247382613602724,-0.23261541593294938,0.04837722013382478,-0.23261541593294938,0.20633713658973407,-0.43895255252268345,False,False
1.0,25043006,3,0.026519859820731462,-0.37374716488626836,-0.02797414424736777,-0.37374716488626836,-0.0363475167571749,-0.33739964812909345,False,False
1.0,25043006,6,0.047452791330473865,0.06957452362305538,0.06911995866562848,0.06911995866562848,0.003906645967664768,0.06521331269796371,True,True
1.0,25043006,9,0.02480669542157754,0.3173924433778488,-0.011672290645773964,-0.011672290645773964,-0.2173849538774221,0.20571266323164814,False,True
1.0,25043006,10,0.016016176356413503,0.21611332211118384,0.5808710349066589,0.21611332211118384,-0.0018040755012891235,0.21791739761247297,True,True
1.0,25043006,12,0.039464939261906196,0.43938232668231453,0.003906645967664768,0.003906645967664768,8.931987067833935e-05,0.0038173260969864287,True,True
1.0,25043006,13,0.0007251113712838375,-0.0522567954238794,-0.06102274286857584,-0.06102274286857584,-0.19270972776602116,0.13168698489744532,False,True
1.0,25043006,16,0.019044183581684138,-0.034074873656028515,-0.00901953389456664,-0.034074873656028515,8.931987067833935e-05,-0.034164193526706854,False,False
1.0,25043006,18,0.014734037068711014,-0.007514796970243015,0.097488632266642,-0.007514796970243015,-0.016992776892675088,0.009477979922432073,False,True
1.0,25043006,22,0.0299907349458981,8.931987067833935e-05,0.2476255349964552,8.931987067833935e-05,-0.05699350811271786,0.0570828279833962,True,True
1.0,25043006,24,0.0010509508273610635,-0.060029715469832934,-0.2866770898365529,-0.2866770898365529,-0.034074873656028515,-0.25260221618052436,False,False
1.0,25043006,25,0.04102809871364199,0.04477975969622372,-0.12851225255611942,-0.12851225255611942,-0.1778406664055664,0.04932841384944697,False,True
1.0,25043006,26,0.0386366820351558,0.03615404926355947,-0.07991214256940721,-0.07991214256940721,-0.034074873656028515,-0.04583726891337869,False,False
1.0,25043006,30,0.041786494590284384,-0.1381816342757789,0.20891464557741113,-0.1381816342757789,-0.07991214256940721,-0.05826949170637169,False,False
1.0,25043006,31,0.00042247382613602724,-0.027589250811637878,-0.1778406664055664,-0.1778406664055664,-0.12851225255611942,-0.04932841384944697,False,False
1.0,25043007,3,0.026519859820731462,-0.10309537062494334,0.0803188524422056,-0.10309537062494334,-0.3151724198830702,0.21207704925812687,False,True
1.0,25043007,6,0.047452791330473865,0.31969336871882714,0.13928402032747658,0.13928402032747658,-0.09800069660859073,0.2372847169360673,True,True
1.0,25043007,9,0.02480669542157754,0.3361812709487008,-0.30226739400745833,-0.30226739400745833,-0.21558640819181268,-0.08668098581564565,False,False
1.0,25043007,10,0.016016176356413503,0.4020813176085957,0.15907164277259134,0.15907164277259134,-0.16520991536613655,0.3242815581387279,True,True
1.0,25043007,12,0.039464939261906196,0.06280105551439952,-0.2768958617090661,-0.2768958617090661,-0.06260249227991085,-0.21429336942915525,False,False
1.0,25043007,13,0.0007251113712838375,0.7038572086066013,-0.32807744575868203,-0.32807744575868203,-0.20268138231620084,-0.1253960634424812,False,False
1.0,25043007,16,0.019044183581684138,-0.09800069660859073,0.16387361119847377,-0.09800069660859073,-0.12080046406362299,0.02279976745503226,False,True
1.0,25043007,18,0.014734037068711014,-0.23241913412368237,0.10852514237657443,-0.23241913412368237,-0.10940058033610686,-0.12301855378757551,False,False
1.0,25043007,22,0.0299907349458981,0.5145781863870142,-0.06260249227991085,-0.06260249227991085,-0.1339478090723386,0.07134531679242775,False,True
1.0,25043007,24,0.0010509508273610635,0.4565708581646289,-0.12080046406362299,-0.12080046406362299,-0.09800069660859073,-0.02279976745503226,False,False
1.0,25043007,25,0.04102809871364199,0.40722884351181343,0.09453285719476995,0.09453285719476995,-0.21741589960400143,0.3119487567987714,True,True
1.0,25043007,26,0.0386366820351558,-0.14709515408105422,0.06533673740144641,-0.14709515408105422,-0.09800069660859073,-0.04909445747246349,False,False
1.0,25043007,30,0.041786494590284384,0.14379679778675852,-0.08108359134649262,-0.08108359134649262,-0.12080046406362299,0.03971687271713037,False,True
1.0,25043007,31,0.00042247382613602724,-0.07215425787726859,-0.21741589960400143,-0.21741589960400143,0.09453285719476995,-0.3119487567987714,False,False
1.0,25043008,3,0.026519859820731462,-0.28591638586921464,-0.15210107901857253,-0.28591638586921464,0.08244758077657008,-0.36836396664578475,False,False
1.0,25043008,6,0.047452791330473865,0.23624415796919984,-0.2302685012004022,-0.2302685012004022,0.00504249101843568,-0.2353109922188379,False,False
1.0,25043008,9,0.02480669542157754,-0.2981045946954099,0.42204107989290157,-0.2981045946954099,0.08854168518966771,-0.3866462798850776,False,False
1.0,25043008,10,0.016016176356413503,0.08715456972100827,0.5450870800897238,0.08715456972100827,-0.11593533546705896,0.20308990518806724,True,True
1.0,25043008,12,0.039464939261906196,0.21640575433673048,0.00504249101843568,0.00504249101843568,-0.06859842106122477,0.07364091207966045,True,True
1.0,25043008,13,0.0007251113712838375,0.4645205428685947,0.46299975624855005,0.46299975624855005,-0.2920104902823123,0.7550102465308624,True,True
1.0,25043008,16,0.019044183581684138,-0.030630100763917922,0.031749215403909736,-0.030630100763917922,-0.16829620606379794,0.13766610529988002,False,True
1.0,25043008,18,0.014734037068711014,-0.2012405701702,-0.10104224555495361,-0.2012405701702,-0.049614260912571345,-0.15162630925762866,False,False
1.0,25043008,22,0.0299907349458981,0.4164748494003173,-0.06859842106122477,-0.06859842106122477,-0.09946315341385793,0.030864732352633165,False,True
1.0,25043008,24,0.0010509508273610635,0.153352138016624,-0.16829620606379794,-0.16829620606379794,-0.06859842106122477,-0.09969778500257317,False,False
1.0,25043008,25,0.04102809871364199,0.5119516290560522,0.08012278137880391,0.08012278137880391,0.14966731261243116,-0.06954453123362725,True,False
1.0,25043008,26,0.0386366820351558,-0.1373178585856838,-0.42765432338001197,-0.42765432338001197,-0.06859842106122477,-0.3590559023187872,False,False
1.0,25043008,30,0.041786494590284384,0.5852498409360789,0.2526481191967441,0.2526481191967441,-0.16829620606379794,0.42094432526054204,True,True
1.0,25043008,31,0.00042247382613602724,0.18899008918737947,0.14966731261243116,0.14966731261243116,0.08012278137880391,0.06954453123362725,True,True
1.0,25043009,3,0.026519859820731462,-0.1238981577107986,-0.023638746287524104,-0.1238981577107986,0.2095980329568372,-0.3334961906676358,False,False
1.0,25043009,6,0.047452791330473865,-0.07929725302224488,-0.025770896166252,-0.07929725302224488,0.10818293351057945,-0.18748018653282433,False,False
1.0,25043009,9,0.02480669542157754,0.166920768114738,0.15825683437994198,0.15825683437994198,0.06852053691146692,0.08973629746847506,True,True
1.0,25043009,10,0.016016176356413503,0.447773402870708,0.4027830685328134,0.4027830685328134,-0.05364870266402143,0.45643177119683487,True,True
1.0,25043009,12,0.039464939261906196,0.2059481795785431,-0.02800015230579797,-0.02800015230579797,0.10818293351057945,-0.13618308581637742,False,False
1.0,25043009,13,0.0007251113712838375,0.32267619039830464,0.26093923153373244,0.26093923153373244,0.017179338334571692,0.24375989319916075,True,True
1.0,25043009,16,0.019044183581684138,0.38210987648230443,0.10818293351057945,0.10818293351057945,-0.02800015230579797,0.13618308581637742,True,True
1.0,25043009,18,0.014734037068711014,-0.08426801774586803,0.3031352695403515,-0.08426801774586803,0.05892192090877224,-0.14318993865464028,False,False
1.0,25043009,22,0.0299907349458981,0.261493589357932,0.33467324156680456,0.261493589357932,-0.009169621999416469,0.27066321135734844,True,True
1.0,25043009,24,0.0010509508273610635,0.14879962696818697,0.009660908306965033,0.009660908306965033,0.10818293351057945,-0.09852202520361442,True,False
1.0,25043009,25,0.04102809871364199,0.46713207463184925,0.39934146983288554,0.39934146983288554,-0.03712509988122503,0.4364665697141106,True,True
1.0,25043009,26,0.0386366820351558,0.251320729063948,-0.06748382817811122,-0.06748382817811122,0.10818293351057945,-0.17566676168869066,False,False
1.0,25043009,30,0.041786494590284384,0.15283958949789966,0.3538311175178151,0.15283958949789966,0.009660908306965033,0.14317868119093463,True,True
1.0,25043009,31,0.00042247382613602724,0.04955177274382938,-0.03712509988122503,-0.03712509988122503,0.39934146983288554,-0.4364665697141106,False,False
1.0,25043010,3,0.026519859820731462,-0.10480716300240121,-0.019395428672395354,-0.10480716300240121,0.256102901598991,-0.36091006460139224,False,False
1.0,25043010,6,0.047452791330473865,0.29764930158059943,-0.24272255688079536,-0.24272255688079536,0.2503828966940384,-0.49310545357483376,False,False
1.0,25043010,9,0.02480669542157754,0.18340396176753615,0.4586200991749033,0.18340396176753615,0.11199733921402233,0.07140662255351382,True,True
1.0,25043010,10,0.016016176356413503,0.36931566652320524,0.2663249460952245,0.2663249460952245,-0.12032730537633107,0.3866522514715556,True,True
1.0,25043010,12,0.039464939261906196,0.0020679461281332134,0.011093910490599157,0.0020679461281332134,0.023852672870187663,-0.02178472674205445,True,False
1.0,25043010,13,0.0007251113712838375,0.4968774641168748,0.3288018414304459,0.3288018414304459,0.03929839938256747,0.2895034420478784,True,True
1.0,25043010,16,0.019044183581684138,0.2503828966940384,0.2826468286383131,0.2503828966940384,-0.015827571748267988,0.2662104684423064,True,True
1.0,25043010,18,0.014734037068711014,-0.2764375138243663,0.2431816774691285,-0.2764375138243663,0.012960309499160438,-0.28939782332352676,False,False
1.0,25043010,22,0.0299907349458981,0.023852672870187663,0.2951712672555604,0.023852672870187663,-0.006879812810067387,0.03073248568025505,True,True
1.0,25043010,24,0.0010509508273610635,-0.015827571748267988,-0.01044615937572868,-0.015827571748267988,0.023852672870187663,-0.03968024461845565,False,False
1.0,25043010,25,0.04102809871364199,-0.13984893816160515,0.2128262613729553,-0.13984893816160515,-0.05863898875277174,-0.08120994940883342,False,False
1.0,25043010,26,0.0386366820351558,0.02602345545007978,-0.11205397966888536,-0.11205397966888536,0.023852672870187663,-0.13590665253907303,False,False
1.0,25043010,30,0.041786494590284384,0.14035019056433362,0.4745331408044571,0.14035019056433362,-0.015827571748267988,0.1561777623126016,True,True
1.0,25043010,31,0.00042247382613602724,-0.05863898875277174,0.2028974240370599,-0.05863898875277174,-0.13984893816160515,0.08120994940883342,False,True
1.0,25043011,3,0.026519859820731462,-0.39665243425940916,0.22900459162927733,-0.39665243425940916,0.12626769679705185,-0.5229201310564611,False,False
1.0,25043011,6,0.047452791330473865,-0.2609951572259592,0.14033860148406352,-0.2609951572259592,-0.022412827116159217,-0.23858233010979996,False,False
1.0,25043011,9,0.02480669542157754,0.2351673084042759,0.00342818605709333,0.00342818605709333,-0.0737726133611994,0.07720079941829273,True,True
1.0,25043011,10,0.016016176356413503,0.1713191459842867,-0.2481095695705841,-0.2481095695705841,0.03550930399857448,-0.2836188735691586,False,False
1.0,25043011,12,0.039464939261906196,0.16890493644350607,-0.022412827116159217,-0.022412827116159217,0.09343143511330818,-0.11584426222946739,False,False
1.0,25043011,13,0.0007251113712838375,0.24910720753701035,0.6603475797814314,0.24910720753701035,-0.19661212410115791,0.44571933163816824,True,True
1.0,25043011,16,0.019044183581684138,0.09343143511330818,0.5213216395784097,0.09343143511330818,-0.05506860161095806,0.14850003672426623,True,True
1.0,25043011,18,0.014734037068711014,0.3034512289108785,0.6296188354666246,0.3034512289108785,-0.03874071436355864,0.34219194327443714,True,True
1.0,25043011,22,0.0299907349458981,0.44882325035470483,0.1649714765822159,0.1649714765822159,-0.026370427799604912,0.1913419043818208,True,True
1.0,25043011,24,0.0010509508273610635,0.5170890435028772,-0.05506860161095806,-0.05506860161095806,0.09343143511330818,-0.14850003672426623,False,False
1.0,25043011,25,0.04102809871364199,-0.2749235133374519,-0.06769702724010757,-0.2749235133374519,-0.012496174462034437,-0.26242733887541747,False,False
1.0,25043011,26,0.0386366820351558,-0.24172327660260678,-0.0805064799487244,-0.24172327660260678,0.09343143511330818,-0.33515471171591493,False,False
1.0,25043011,30,0.041786494590284384,-0.030328028483050606,0.4470768713750284,-0.030328028483050606,-0.05506860161095806,0.02474057312790745,False,True
1.0,25043011,31,0.00042247382613602724,-0.012496174462034437,0.15430847965199257,-0.012496174462034437,-0.2749235133374519,0.26242733887541747,False,True
1.25,25043000,2,0.0491117418947864,0.1452084813245509,-0.005400426407237924,-0.005400426407237924,-0.0456241438387571,0.040223717431519174,False,True
1.25,25043000,5,0.036809766144552114,0.272232587195841,-0.15739834216071535,-0.15739834216071535,-0.07222109176361209,-0.08517725039710326,False,False
1.25,25043000,7,0.013069574073560908,0.25435171791859246,-0.23035899579942523,-0.23035899579942523,0.03374340820923888,-0.26410240400866414,False,False
1.25,25043000,9,0.027581511840466977,0.42571107872885827,-0.17818559173646306,-0.17818559173646306,0.03374340820923888,-0.21192899994570194,False,False
1.25,25043000,10,0.008156130036746756,0.43203699967798403,0.03137727144788466,0.03137727144788466,-0.005400426407237924,0.03677769785512258,True,True
1.25,25043000,12,9.223309466399598e-06,-0.12262555912539885,0.3647680362574175,-0.12262555912539885,0.012988422520323367,-0.13561398164572222,False,False
1.25,25043000,13,0.045068199908041784,0.1810155820450661,0.37335392374556253,0.1810155820450661,-0.07901552504339751,0.2600311070884636,True,True
1.25,25043000,15,0.038939632722089446,0.03374340820923888,0.30349828407570734,0.03374340820923888,-0.015747559830290997,0.049490968039529876,True,True
1.25,25043000,16,0.04716313120793192,0.11636536169746314,0.04847480935954912,0.04847480935954912,-0.03384501135275425,0.08231982071230337,True,True
1.25,25043000,17,0.019337231140157396,0.04752040538281552,0.06765539876435289,0.04752040538281552,0.03374340820923888,0.013776997173576638,True,True
1.25,25043000,18,0.027919531658344265,0.3527392081888338,-0.03384501135275425,-0.03384501135275425,-0.023128244720726943,-0.010716766632027308,False,False
1.25,25043000,20,0.041991565162665,0.2211207939356539,0.12113166407652598,0.12113166407652598,-0.03384501135275425,0.15497667542928023,True,True
1.25,25043000,21,0.010224108110071572,-0.07901552504339751,-0.016297409551811526,-0.07901552504339751,0.11426799371394081,-0.19328351875733832,False,False
1.25,25043000,22,0.047878642816368444,0.21444142494318874,-0.05829871690921434,-0.05829871690921434,-0.028486628036740597,-0.029812088872473747,False,False
1.25,25043000,23,0.048823448867126196,0.21138521479068717,0.35320025190154125,0.21138521479068717,0.0406319067960272,0.17075330799466,True,True
1.25,25043000,24,0.007090225166503483,0.18593451177881165,-0.023128244720726943,-0.023128244720726943,-0.017844775750443048,-0.005283468970283894,False,False
1.25,25043000,25,0.028019127441633707,0.2793569201136489,0.19643122186596185,0.19643122186596185,0.03374340820923888,0.16268781365672297,True,True
1.25,25043000,26,0.03751118932746378,-0.19456622915048388,0.015958668563950673,-0.19456622915048388,-0.012486392434429394,-0.1820798367160545,False,False
1.25,25043000,31,0.03982628492407558,0.18948163524015305,-0.04590404668521331,-0.04590404668521331,0.19643122186596185,-0.24233526855117515,False,False
1.25,25043000,34,0.008255306205091628,-0.0018445401481318457,0.003157776209977037,-0.0018445401481318457,-0.10884723693560541,0.10700269678747357,False,True
1.25,25043001,2,0.0491117418947864,0.21151358385844987,-0.1284780640791277,-0.1284780640791277,0.030404294365217924,-0.15888235844434562,False,False
1.25,25043001,5,0.036809766144552114,0.47660999667891085,0.30131056744663476,0.30131056744663476,0.05849647291621293,0.24281409453042183,True,True
1.25,25043001,7,0.013069574073560908,0.4415431512099038,-0.09898189429879334,-0.09898189429879334,0.21618621964791118,-0.3151681139467045,False,False
1.25,25043001,9,0.027581511840466977,0.0339792730380401,0.37514316305336903,0.0339792730380401,0.21618621964791118,-0.18220694660987108,True,False
1.25,25043001,10,0.008156130036746756,0.22805669086250502,-0.03537861551560467,-0.03537861551560467,0.014400479383161913,-0.049779094898766585,False,False
1.25,25043001,12,9.223309466399598e-06,0.2194505853014612,0.09618720424604052,0.09618720424604052,-0.01048906806622138,0.1066762723122619,True,True
1.25,25043001,13,0.045068199908041784,0.7313225066040782,0.3776836745579001,0.3776836745579001,0.08301367279438576,0.2946700017635143,True,True
1.25,25043001,15,0.038939632722089446,0.08301367279438576,0.484103826184087,0.08301367279438576,0.12508274634297564,-0.04206907354858988,True,False
1.25,25043001,16,0.04716313120793192,0.44791969474990445,-0.0475469428149915,-0.0475469428149915,0.04357143168416833,-0.09111837449915983,False,False
1.25,25043001,17,0.019337231140157396,0.21618621964791118,0.3204491650475396,0.21618621964791118,0.0339792730380401,0.18220694660987108,True,True
1.25,25043001,18,0.027919531658344265,0.5753228666268126,0.16063027679705486,0.16063027679705486,0.014400479383161913,0.14622979741389294,True,True
1.25,25043001,20,0.041991565162665,0.014400479383161913,0.11178648484074516,0.014400479383161913,0.04357143168416833,-0.029170952301006414,True,False
1.25,25043001,21,0.010224108110071572,-0.09650878307677269,-0.0037714072428915585,-0.09650878307677269,0.14959994622114847,-0.24610872929792116,False,False
1.25,25043001,22,0.047878642816368444,0.4908025892267761,0.1359361680175064,0.1359361680175064,0.02898595553366512,0.10695021248384129,True,True
1.25,25043001,23,0.048823448867126196,0.579241509536991,0.3366372942763671,0.3366372942763671,0.020936479142456305,0.3157008151339108,True,True
1.25,25043001,24,0.007090225166503483,-0.18764978918086928,0.5348931081587905,-0.18764978918086928,0.02898595553366512,-0.2166357447145344,False,False
1.25,25043001,25,0.028019127441633707,0.2739708267626418,-0.08270374195081642,-0.08270374195081642,0.08301367279438576,-0.16571741474520219,False,False
1.25,25043001,26,0.03751118932746378,0.3591930458200695,0.04357143168416833,0.04357143168416833,-0.0061380085213637026,0.04970944020553203,True,True
1.25,25043001,31,0.03982628492407558,0.3089846955376553,-0.04114071450947315,-0.04114071450947315,-0.08270374195081642,0.04156302744134327,False,True
1.25,25043001,34,0.008255306205091628,-0.01815246034275131,-0.026676496425889318,-0.026676496425889318,-0.07203917874835047,0.045362682322461156,False,True
1.25,25043002,2,0.0491117418947864,0.1036431668713057,0.06934989750173687,0.06934989750173687,-0.0474952117808692,0.11684510928260607,True,True
1.25,25043002,5,0.036809766144552114,0.03871736282175342,0.12545684513611516,0.03871736282175342,0.07844733854336944,-0.03972997572161602,True,False
1.25,25043002,7,0.013069574073560908,0.018200244887124073,0.08070231101660374,0.018200244887124073,0.08828754098008604,-0.07008729609296196,True,False
1.25,25043002,9,0.027581511840466977,0.39621410591830963,0.2264254107981183,0.2264254107981183,0.03871736282175342,0.18770804797636487,True,True
1.25,25043002,10,0.008156130036746756,0.36874719376940823,0.23955882017662497,0.23955882017662497,0.0047185879783314955,0.23484023219829347,True,True
1.25,25043002,12,9.223309466399598e-06,0.2058225262965449,-0.33454924373836337,-0.33454924373836337,0.13429052950129447,-0.46883977323965786,False,False
1.25,25043002,13,0.045068199908041784,0.17663024850566678,0.1386944321996148,0.1386944321996148,0.05010311099230677,0.08859132120730803,True,True
1.25,25043002,15,0.038939632722089446,-0.10743216504813921,0.3984872245620811,-0.10743216504813921,0.10437677685089149,-0.2118089418990307,False,False
1.25,25043002,16,0.04716313120793192,0.40788803604906654,-0.01822082759644983,-0.01822082759644983,0.19327126871868738,-0.2114920963151372,False,False
1.25,25043002,17,0.019337231140157396,0.1774071413272009,0.08828754098008604,0.08828754098008604,0.12046601272169694,-0.0321784717416109,True,False
1.25,25043002,18,0.027919531658344265,0.19923116150085207,0.32130836525224676,0.19923116150085207,0.0047185879783314955,0.19451257352252058,True,True
1.25,25043002,20,0.041991565162665,0.0047185879783314955,0.3360256447559125,0.0047185879783314955,0.19327126871868738,-0.1885526807403559,True,False
1.25,25043002,21,0.010224108110071572,0.05010311099230677,0.23486800182704193,0.05010311099230677,0.12958022246065587,-0.0794771114683491,True,False
1.25,25043002,22,0.047878642816368444,0.2513788418929842,0.33214060015143654,0.2513788418929842,-0.006751119809059167,0.2581299617020434,True,True
1.25,25043002,23,0.048823448867126196,0.3483002370690746,0.3899664595543213,0.3483002370690746,0.10437677685089149,0.24392346021818312,True,True
1.25,25043002,24,0.007090225166503483,0.19327126871868738,0.5090912779340584,0.19327126871868738,-0.006751119809059167,0.20002238852774656,True,True
1.25,25043002,25,0.028019127441633707,0.15192356268192964,0.12046601272169694,0.12046601272169694,0.08828754098008604,0.0321784717416109,True,True
1.25,25043002,26,0.03751118932746378,-0.04819810668343144,-0.195567848606976,-0.195567848606976,0.09899492834850944,-0.29456277695548544,False,False
1.25,25043002,31,0.03982628492407558,0.23225578335487285,0.16775012203341017,0.16775012203341017,0.12046601272169694,0.04728410931171323,True,True
1.25,25043002,34,0.008255306205091628,-0.05288283858613552,0.024128722974731343,-0.05288283858613552,-0.001148289944144315,-0.0517345486419912,False,False
1.25,25043003,2,0.0491117418947864,0.28349193828583885,-0.05052760881023455,-0.05052760881023455,-0.04113759285728069,-0.009390015952953856,False,False
1.25,25043003,5,0.036809766144552114,0.3255486711152601,0.08710330794087617,0.08710330794087617,0.08635563830466605,0.0007476696362101187,True,True
1.25,25043003,7,0.013069574073560908,0.019506228352671184,0.1496171599200503,0.019506228352671184,0.15320504825666093,-0.13369881990398974,True,False
1.25,25043003,9,0.027581511840466977,0.2614854773666374,0.44141536761293,0.2614854773666374,0.08710330794087617,0.17438216942576124,True,True
1.25,25043003,10,0.008156130036746756,-0.017669489320331522,0.2827178322907745,-0.017669489320331522,-0.05052760881023455,0.032858119489903026,False,True
1.25,25043003,12,9.223309466399598e-06,0.2543703234884742,-0.06460569639422986,-0.06460569639422986,-0.00532214753426416,-0.0592835488599657,False,False
1.25,25043003,13,0.045068199908041784,-0.24959951990478274,0.3777276091680516,-0.24959951990478274,0.08710330794087617,-0.3367028278456589,False,False
1.25,25043003,15,0.038939632722089446,0.15320504825666093,0.4461511672706774,0.15320504825666093,0.05330476814677368,0.09990028010988725,True,True
1.25,25043003,16,0.04716313120793192,0.2928792898392259,0.20672343671934784,0.20672343671934784,-0.017669489320331522,0.22439292603967936,True,True
1.25,25043003,17,0.019337231140157396,0.5163362168735308,0.25297322958344587,0.25297322958344587,0.019506228352671184,0.23346700123077468,True,True
1.25,25043003,18,0.027919531658344265,0.21935267808586498,0.19181867811767403,0.19181867811767403,-0.017669489320331522,0.20948816743800555,True,True
1.25,25043003,20,0.041991565162665,-0.0707950110910315,0.1093840557123072,-0.0707950110910315,-0.009760578740690334,-0.06103443235034117,False,False
1.25,25043003,21,0.010224108110071572,-0.10349795383195859,0.04254080941861271,-0.10349795383195859,0.02086015827275403,-0.12435811210471262,False,False
1.25,25043003,22,0.047878642816368444,0.48781951443409455,0.007025194251803202,0.007025194251803202,-0.0371831375674601,0.0442083318192633,True,True
1.25,25043003,23,0.048823448867126196,0.148150348673957,-0.19550402058924982,-0.19550402058924982,0.024853547212351168,-0.22035756780160098,False,False
1.25,25043003,24,0.007090225166503483,0.10536560745480461,-0.009760578740690334,-0.009760578740690334,-0.0018694599563300607,-0.007891118784360274,False,False
1.25,25043003,25,0.028019127441633707,0.1659926166015504,0.2447254063715576,0.1659926166015504,-0.10349795383195859,0.269490570433509,True,True
1.25,25043003,26,0.03751118932746378,-0.24123950679673367,0.17397591782766303,-0.24123950679673367,-0.0013676922444435663,-0.23987181455229012,False,False
1.25,25043003,31,0.03982628492407558,0.09900006781340465,-0.11148473171115286,-0.11148473171115286,-0.10349795383195859,-0.007986777879194273,False,False
1.25,25043003,34,0.008255306205091628,-0.0024087945133037802,-0.010764114164463323,-0.010764114164463323,-0.12550004276871202,0.1147359286042487,False,True
1.25,25043004,2,0.0491117418947864,0.10360391766706989,0.3906799509477482,0.10360391766706989,0.10686617762718326,-0.0032622599601133673,True,False
1.25,25043004,5,0.036809766144552114,0.03671903258312409,0.1302468028150452,0.03671903258312409,0.18160667838467423,-0.14488764580155014,True,False
1.25,25043004,7,0.013069574073560908,-0.10847711153770001,0.06524304122337432,-0.10847711153770001,0.21114839789173434,-0.31962550942943435,False,False
1.25,25043004,9,0.027581511840466977,0.21114839789173434,0.28172383932777845,0.21114839789173434,0.15206495887761412,0.05908343901412022,True,True
1.25,25043004,10,0.008156130036746756,0.42657830017978887,0.12366342962279026,0.12366342962279026,0.09006892563157626,0.033594503991214,True,True
1.25,25043004,12,9.223309466399598e-06,0.6026935311601338,0.09006892563157626,0.09006892563157626,-0.01997900640000619,0.11004793203158245,True,True
1.25,25043004,13,0.045068199908041784,0.31498367599402977,0.22398015776508723,0.22398015776508723,0.03671903258312409,0.18726112518196314,True,True
1.25,25043004,15,0.038939632722089446,0.18656957714786904,0.15206495887761412,0.15206495887761412,0.060425097288313384,0.09163986158930074,True,True
1.25,25043004,16,0.04716313120793192,0.16521862136252302,0.22177653257897473,0.16521862136252302,-0.10751975191499957,0.2727383732775226,True,True
1.25,25043004,17,0.019337231140157396,0.27795418065523914,0.26875256267211417,0.26875256267211417,0.08413116199350268,0.1846214006786115,True,True
1.25,25043004,18,0.027919531658344265,0.3337499709949958,-0.244029662776572,-0.244029662776572,0.03513062132649347,-0.2791602841030655,False,False
1.25,25043004,20,0.041991565162665,0.3133900325006732,-0.15471574809049551,-0.15471574809049551,0.03513062132649347,-0.18984636941698899,False,False
1.25,25043004,21,0.010224108110071572,0.014795223004136437,0.02819821168104006,0.014795223004136437,0.1180980604355584,-0.10330283743142196,True,False
1.25,25043004,22,0.047878642816368444,0.140989351155773,-0.14356193046708227,-0.14356193046708227,-0.03619456529425305,-0.10736736517282922,False,False
1.25,25043004,23,0.048823448867126196,0.22085670977364974,-0.14061652772477318,-0.14061652772477318,0.1180980604355584,-0.25871458816033155,False,False
1.25,25043004,24,0.007090225166503483,-0.10751975191499957,0.056463587851120156,-0.10751975191499957,-0.07661501288853964,-0.030904739026459932,False,False
1.25,25043004,25,0.028019127441633707,0.08413116199350268,0.3240391807301821,0.08413116199350268,0.014795223004136437,0.06933593898936624,True,True
1.25,25043004,26,0.03751118932746378,0.03513062132649347,0.19376592038506335,0.03513062132649347,-0.12554084119104092,0.1606714625175344,True,True
1.25,25043004,31,0.03982628492407558,-0.27479382175604267,-0.08146531194521467,-0.27479382175604267,0.014795223004136437,-0.2895890447601791,False,False
1.25,25043004,34,0.008255306205091628,-0.009668095309997016,-0.0007303190744731847,-0.009668095309997016,-0.03619456529425305,0.026526469984256035,False,True
1.25,25043005,2,0.0491117418947864,0.036131772443212196,-0.5679929673035002,-0.5679929673035002,-0.03168468155770382,-0.5363082857457964,False,False
1.25,25043005,5,0.036809766144552114,0.26819188692011475,0.2741814022158383,0.26819188692011475,0.03717870520932551,0.23101318171078924,True,True
1.25,25043005,7,0.013069574073560908,0.04736639709863627,0.1223951032378679,0.04736639709863627,0.13807617249840515,-0.09070977539976888,True,False
1.25,25043005,9,0.027581511840466977,0.026991013320014745,0.2841086523410991,0.026991013320014745,0.13807617249840515,-0.1110851591783904,True,False
1.25,25043005,10,0.008156130036746756,0.578199608704576,-0.01422537673469193,-0.01422537673469193,-0.04914398638071571,0.03491860964602378,False,True
1.25,25043005,12,9.223309466399598e-06,-0.04914398638071571,0.08263925772161024,-0.04914398638071571,-0.06502430975805058,0.015880323377334873,False,True
1.25,25043005,13,0.045068199908041784,0.05216519234418138,-0.04045437752027359,-0.04045437752027359,0.04736639709863627,-0.08782077461890986,False,False
1.25,25043005,15,0.038939632722089446,0.6593939528299915,0.29899440864058224,0.29899440864058224,0.005013373383570871,0.29398103525701136,True,True
1.25,25043005,16,0.04716313120793192,0.14936536139320694,0.39996096158841643,0.14936536139320694,-0.045254402869627786,0.19461976426283473,True,True
1.25,25043005,17,0.019337231140157396,0.18787567909270786,0.13807617249840515,0.13807617249840515,-0.016964266552873003,0.15504043905127815,True,True
1.25,25043005,18,0.027919531658344265,0.5378705721052546,-0.045254402869627786,-0.045254402869627786,-0.01422537673469193,-0.031029026134935855,False,False
1.25,25043005,20,0.041991565162665,0.06034493111909223,-0.08479421664647338,-0.08479421664647338,-0.01422537673469193,-0.07056883991178145,False,False
1.25,25043005,21,0.010224108110071572,0.1245695075933731,-0.016964266552873003,-0.016964266552873003,-0.02589568372429049,0.008931417171417488,False,True
1.25,25043005,22,0.047878642816368444,-0.10657077089993611,0.08136868551733933,-0.10657077089993611,-0.013172683864258627,-0.09339808703567748,False,False
1.25,25043005,23,0.048823448867126196,0.09785734874176413,-0.10177214230616183,-0.10177214230616183,-0.014150628240590199,-0.08762151406557163,False,False
1.25,25043005,24,0.007090225166503483,0.02130212369180967,0.3061110201568329,0.02130212369180967,-0.02239630080097399,0.04369842449278366,True,True
1.25,25043005,25,0.028019127441633707,0.31267348345483015,-0.054072705562404455,-0.054072705562404455,-0.011336989928307395,-0.04273571563409706,False,False
1.25,25043005,26,0.03751118932746378,0.01890903514111053,0.2825384285727106,0.01890903514111053,-0.02239630080097399,0.04130533594208452,True,True
1.25,25043005,31,0.03982628492407558,-0.011336989928307395,0.2531997381215148,-0.011336989928307395,-0.054072705562404455,0.04273571563409706,False,True
1.25,25043005,34,0.008255306205091628,0.1048190299033982,0.00046180126767980667,0.00046180126767980667,0.0201055794164601,-0.019643778148780294,True,False
1.25,25043006,2,0.0491117418947864,0.2273290448999309,0.2819277206551549,0.2273290448999309,0.10735234641745581,0.11997669848247508,True,True
1.25,25043006,5,0.036809766144552114,0.016490972273611737,-0.12104366949397184,-0.12104366949397184,0.01772142999873548,-0.13876509949270732,False,False
1.25,25043006,7,0.013069574073560908,0.1895325085589848,0.18577735668345585,0.18577735668345585,-0.06669418807067418,0.25247154475413003,True,True
1.25,25043006,9,0.027581511840466977,0.1442575197929059,-0.10207238336268765,-0.10207238336268765,0.005584298265715215,-0.10765668162840286,False,False
1.25,25043006,10,0.008156130036746756,0.4015098370899966,0.31491544005657335,0.31491544005657335,-0.10021074722166173,0.4151261872782351,True,True
1.25,25043006,12,9.223309466399598e-06,0.4517693067818852,-0.10021074722166173,-0.10021074722166173,-0.0565912354930386,-0.043619511728623134,False,False
1.25,25043006,13,0.045068199908041784,0.23370664721828013,-0.06669418807067418,-0.06669418807067418,0.005584298265715215,-0.07227848633638939,False,False
1.25,25043006,15,0.038939632722089446,0.10213704806814514,0.42505859543791746,0.10213704806814514,-0.044529030710189835,0.14666607877833499,True,True
1.25,25043006,16,0.04716313120793192,-0.22151950151177394,0.25076083626919343,-0.22151950151177394,-0.10021074722166173,-0.1213087542901122,False,False
1.25,25043006,17,0.019337231140157396,0.005584298265715215,0.18332057633922974,0.005584298265715215,-0.022363873349705493,0.02794817161542071,True,True
1.25,25043006,18,0.027919531658344265,0.10676459013243006,0.2321128436909055,0.10676459013243006,-0.12536303491341427,0.23212762504584433,True,True
1.25,25043006,20,0.041991565162665,-0.2809749235276927,0.2946903826415447,-0.2809749235276927,-0.10021074722166173,-0.18076417630603098,False,False
1.25,25043006,21,0.010224108110071572,0.027879842336320876,0.03498173002298044,0.027879842336320876,-0.044529030710189835,0.07240887304651071,True,True
1.25,25043006,22,0.047878642816368444,-0.21994706111850726,0.4058131791454258,-0.21994706111850726,-0.112786891067538,-0.10716017005096926,False,False
1.25,25043006,23,0.048823448867126196,-0.022363873349705493,0.1926759865548755,-0.022363873349705493,-0.03055494490247948,0.008191071552773987,False,True
1.25,25043006,24,0.007090225166503483,0.06645959989768335,0.20923295060438235,0.06645959989768335,-0.17265504801596077,0.23911464791364412,True,True
1.25,25043006,25,0.028019127441633707,-0.08287546523001682,-0.11140098953284083,-0.11140098953284083,0.005584298265715215,-0.11698528779855605,False,False
1.25,25043006,26,0.03751118932746378,-0.12536303491341427,0.08303133315674643,-0.12536303491341427,-0.12354088147504722,-0.001822153438367058,False,False
1.25,25043006,31,0.03982628492407558,-0.24141147034777571,-0.04291522844262041,-0.24141147034777571,-0.022363873349705493,-0.21904759699807022,False,False
1.25,25043006,34,0.008255306205091628,-0.003443790343929054,-0.02713470183158717,-0.02713470183158717,-0.02945171750786546,0.002317015676278289,False,True
1.25,25043007,2,0.0491117418947864,0.36481812456082785,0.07653029936697164,0.07653029936697164,0.10321344747419828,-0.026683148107226634,True,False
1.25,25043007,5,0.036809766144552114,0.1662946410506742,-0.13594783587466316,-0.13594783587466316,0.06399459422504467,-0.19994243009970783,False,False
1.25,25043007,7,0.013069574073560908,0.25777896415308554,0.13050021277075918,0.13050021277075918,0.03595182066588187,0.09454839210487731,True,True
1.25,25043007,9,0.027581511840466977,0.19897811595348774,0.03595182066588187,0.03595182066588187,0.09203736778420746,-0.056085547118325585,True,False
1.25,25043007,10,0.008156130036746756,0.3074029308805004,0.2611520409401151,0.2611520409401151,-0.05395212978989283,0.31510417073000796,True,True
1.25,25043007,12,9.223309466399598e-06,0.15356810820011918,-0.05472514599171857,-0.05472514599171857,0.10801823275676246,-0.16274337874848105,False,False
1.25,25043007,13,0.045068199908041784,0.510842837807569,-0.45882494449081457,-0.45882494449081457,0.03595182066588187,-0.49477676515669644,False,False
1.25,25043007,15,0.038939632722089446,0.09203736778420746,0.30754814474974734,0.09203736778420746,-0.004229898689336306,0.09626726647354376,True,True
1.25,25043007,16,0.04716313120793192,-0.07391529120189227,0.307037012782018,-0.07391529120189227,0.04975484168818042,-0.1236701328900727,False,False
1.25,25043007,17,0.019337231140157396,0.121493074204438,0.2760505351136168,0.121493074204438,0.03595182066588187,0.08554125353855613,True,True
1.25,25043007,18,0.027919531658344265,0.22663875112153692,0.26087613824035105,0.22663875112153692,-0.05395212978989283,0.28059088091142975,True,True
1.25,25043007,20,0.041991565162665,-0.05395212978989283,-0.009477277007410273,-0.05395212978989283,0.04975484168818042,-0.10370697147807326,False,False
1.25,25043007,21,0.010224108110071572,0.31270318202697456,-0.17937648803430556,-0.17937648803430556,0.023812874869826486,-0.20318936290413203,False,False
1.25,25043007,22,0.047878642816368444,0.3985301173835713,0.13950616614655328,0.13950616614655328,-0.0543386378908057,0.193844804037359,True,True
1.25,25043007,23,0.048823448867126196,0.09188812340822577,-0.044411618044554485,-0.044411618044554485,-0.04366956012504905,-0.0007420579195054344,False,False
1.25,25043007,24,0.007090225166503483,0.14679929487968724,0.04975484168818042,0.04975484168818042,-0.020039312057884173,0.0697941537460646,True,True
1.25,25043007,25,0.028019127441633707,0.3940988799910192,0.29610823735711467,0.29610823735711467,-0.044411618044554485,0.3405198554016692,True,True
1.25,25043007,26,0.03751118932746378,0.11466317007866089,-0.17568395341568632,-0.17568395341568632,0.031814173681152455,-0.2074981270968388,False,False
1.25,25043007,31,0.03982628492407558,0.15261146602146458,-0.3605073673298467,-0.3605073673298467,-0.044411618044554485,-0.31609574928529216,False,False
1.25,25043007,34,0.008255306205091628,0.022883952285428166,0.013873505674124487,0.013873505674124487,-0.06296455586375295,0.07683806153787744,True,True
1.25,25043008,2,0.0491117418947864,-0.012009896975386347,-0.18102717996734263,-0.18102717996734263,0.23591977293606906,-0.41694695290341166,False,False
1.25,25043008,5,0.036809766144552114,0.2700765467875271,-0.022680872819916154,-0.022680872819916154,0.08121238478965123,-0.10389325760956739,False,False
1.25,25043008,7,0.013069574073560908,0.10538723855555676,-0.042827206676894713,-0.042827206676894713,0.18883696642369802,-0.23166417310059273,False,False
1.25,25043008,9,0.027581511840466977,-0.026412196844395552,0.08217454980765626,-0.026412196844395552,0.18883696642369802,-0.21524916326809357,False,False
1.25,25043008,10,0.008156130036746756,0.4580174661356662,0.5485146108210255,0.4580174661356662,-0.017638223955453447,0.47565569009111963,True,True
1.25,25043008,12,9.223309466399598e-06,0.42731285466387475,0.013822079736471926,0.013822079736471926,-0.06766811468594852,0.08149019442242045,True,True
1.25,25043008,13,0.045068199908041784,0.4703509918083293,0.18883696642369802,0.18883696642369802,0.13313388502822282,0.055703081395475196,True,True
1.25,25043008,15,0.038939632722089446,0.3677861640502438,0.3251172424052046,0.3251172424052046,0.05522650610415333,0.2698907363010513,True,True
1.25,25043008,16,0.04716313120793192,0.147454250884324,0.2009750107883622,0.147454250884324,-0.008168869055755423,0.15562311994007944,True,True
1.25,25043008,17,0.019337231140157396,0.24733633869518845,0.19629969775274336,0.19629969775274336,0.13313388502822282,0.06316581272452054,True,True
1.25,25043008,18,0.027919531658344265,-0.15460182402806044,0.16962695864022503,-0.15460182402806044,0.013822079736471926,-0.16842390376453237,False,False
1.25,25043008,20,0.041991565162665,0.08061917377959082,-0.017638223955453447,-0.017638223955453447,0.013822079736471926,-0.03146030369192537,False,False
1.25,25043008,21,0.010224108110071572,0.19476572303150552,0.13313388502822282,0.13313388502822282,0.1925683320882207,-0.05943444705999787,True,False
1.25,25043008,22,0.047878642816368444,0.3739297083446974,-0.1176980054164436,-0.1176980054164436,0.0028266053403582514,-0.12052461075680185,False,False
1.25,25043008,23,0.048823448867126196,0.5283910656373845,0.2983095459122357,0.2983095459122357,0.16098542572596042,0.13732412018627527,True,True
1.25,25043008,24,0.007090225166503483,0.15126696089660682,0.0607240179697503,0.0607240179697503,-0.02433799155278249,0.08506200952253279,True,True
1.25,25043008,25,0.028019127441633707,0.4764357791062481,-0.37136860498966595,-0.37136860498966595,0.19629969775274336,-0.5676683027424093,False,False
1.25,25043008,26,0.03751118932746378,0.19515917703974406,-0.008168869055755423,-0.008168869055755423,-0.02433799155278249,0.016169122497027066,False,True
1.25,25043008,31,0.03982628492407558,0.2280265220573201,-0.0865654136387507,-0.0865654136387507,0.13313388502822282,-0.21969929866697352,False,False
1.25,25043008,34,0.008255306205091628,-0.031037759150111532,-0.0017914555345914795,-0.031037759150111532,0.026277574456997438,-0.05731533360710897,False,False
1.25,25043009,2,0.0491117418947864,0.20977948824957204,0.07680425878086039,0.07680425878086039,0.15946478835856004,-0.08266052957769965,True,False
1.25,25043009,5,0.036809766144552114,0.2533418427393249,0.1399805294318514,0.1399805294318514,0.0586645103303796,0.0813160191014718,True,True
1.25,25043009,7,0.013069574073560908,-0.1660150894304912,-0.004084576974728915,-0.1660150894304912,0.1399805294318514,-0.3059956188623426,False,False
1.25,25043009,9,0.027581511840466977,0.2889129332519502,0.048642277602567674,0.048642277602567674,0.1399805294318514,-0.09133825182928373,True,False
1.25,25043009,10,0.008156130036746756,0.2450516568295883,0.2869532519123478,0.2450516568295883,0.07387791988753176,0.17117373694205654,True,True
1.25,25043009,12,9.223309466399598e-06,0.23326859598843325,0.07387791988753176,0.07387791988753176,0.07406822821619033,-0.00019030832865857272,True,False
1.25,25043009,13,0.045068199908041784,0.4557333947904671,0.42626842154673,0.42626842154673,0.06868674305819153,0.3575816784885385,True,True
1.25,25043009,15,0.038939632722089446,0.06868674305819153,0.21671514361903108,0.06868674305819153,0.10680589852392494,-0.03811915546573341,True,False
1.25,25043009,16,0.04716313120793192,0.5623431982415533,0.21527164137281762,0.21527164137281762,0.030221210414438898,0.18505043095837873,True,True
1.25,25043009,17,0.019337231140157396,0.21073873382172112,0.42174773468069504,0.21073873382172112,0.06868674305819153,0.1420519907635296,True,True
1.25,25043009,18,0.027919531658344265,0.5182985403531973,-0.06818288733083938,-0.06818288733083938,0.07133219765152027,-0.13951508498235965,False,False
1.25,25043009,20,0.041991565162665,0.07133219765152027,0.0733483774196989,0.07133219765152027,0.030221210414438898,0.04111098723708137,True,True
1.25,25043009,21,0.010224108110071572,0.28207141944174285,0.07363126761599847,0.07363126761599847,0.16094976769759362,-0.08731850008159514,True,False
1.25,25043009,22,0.047878642816368444,0.030221210414438898,0.3392732889865252,0.030221210414438898,0.030288961454076974,-6.775103963807538e-05,True,False
1.25,25043009,23,0.048823448867126196,-0.16727683352702372,0.17338321934611595,-0.16727683352702372,0.16094976769759362,-0.32822660122461733,False,False
1.25,25043009,24,0.007090225166503483,0.22309776820213972,-0.15595646853049822,-0.15595646853049822,0.014495538215301237,-0.17045200674579947,False,False
1.25,25043009,25,0.028019127441633707,0.5838487711468503,0.15197863736055528,0.15197863736055528,0.07363126761599847,0.0783473697445568,True,True
1.25,25043009,26,0.03751118932746378,0.14329609409601346,-0.010754274743366321,-0.010754274743366321,0.014495538215301237,-0.02524981295866756,False,False
1.25,25043009,31,0.03982628492407558,0.1946169982750725,0.16992089803463195,0.16992089803463195,0.07363126761599847,0.09628963041863348,True,True
1.25,25043009,34,0.008255306205091628,0.05446587681762216,-0.0012301339838364234,-0.0012301339838364234,-0.08335537163693227,0.08212523765309585,False,True
1.25,25043010,2,0.0491117418947864,0.2003507162895103,-0.0008041093009040212,-0.0008041093009040212,0.27349384992558723,-0.27429795922649125,False,False
1.25,25043010,5,0.036809766144552114,0.3787406434167345,-0.23908503592325556,-0.23908503592325556,0.11387106087834466,-0.3529560968016002,False,False
1.25,25043010,7,0.013069574073560908,0.3383802290907421,-0.2052589845973029,-0.2052589845973029,0.2172554876405112,-0.42251447223781413,False,False
1.25,25043010,9,0.027581511840466977,0.010486634116178117,0.4944766550520202,0.010486634116178117,0.2172554876405112,-0.20676885352433308,True,False
1.25,25043010,10,0.008156130036746756,0.30356001448598807,0.2882212292814403,0.2882212292814403,0.12464573584776217,0.1635754934336781,True,True
1.25,25043010,12,9.223309466399598e-06,0.2825783961605097,0.2587664705697341,0.2587664705697341,0.12134646610269303,0.13742000446704108,True,True
1.25,25043010,13,0.045068199908041784,0.5024669778797575,0.24372829006395325,0.24372829006395325,0.010486634116178117,0.23324165594777513,True,True
1.25,25043010,15,0.038939632722089446,0.2172554876405112,0.5787471546644241,0.2172554876405112,0.00670073261570156,0.21055475502480964,True,True
1.25,25043010,16,0.04716313120793192,0.5887361694149142,0.2533608068706179,0.2533608068706179,0.1180471963576239,0.135313610512994,True,True
1.25,25043010,17,0.019337231140157396,0.41066474391886787,0.402971316066353,0.402971316066353,0.010486634116178117,0.3924846819501749,True,True
1.25,25043010,18,0.027919531658344265,0.12464573584776217,0.17165720093083497,0.12464573584776217,0.1180471963576239,0.006598539490138278,True,True
1.25,25043010,20,0.041991565162665,0.237788664089703,0.1180471963576239,0.1180471963576239,0.12464573584776217,-0.006598539490138278,True,False
1.25,25043010,21,0.010224108110071572,0.2864436696925373,0.06904318303725937,0.06904318303725937,0.1100851593778681,-0.04104197634060873,True,False
1.25,25043010,22,0.047878642816368444,0.09266786703468444,0.2513941662582627,0.09266786703468444,0.12134646610269303,-0.028678599068008598,True,False
1.25,25043010,23,0.048823448867126196,0.09549877087005804,-0.06263197156297043,-0.06263197156297043,0.1431493353388853,-0.20578130690185573,False,False
1.25,25043010,24,0.007090225166503483,0.20550018395469122,-0.29328164048052013,-0.29328164048052013,0.10535753169615417,-0.39863917217667433,False,False
1.25,25043010,25,0.028019127441633707,0.06403153054696953,0.002914831115225003,0.002914831115225003,0.06904318303725937,-0.06612835192203437,True,False
1.25,25043010,26,0.03751118932746378,0.049112324710176236,0.09220736451805311,0.049112324710176236,0.10535753169615417,-0.05624520698597793,True,False
1.25,25043010,31,0.03982628492407558,0.10024849037728156,-0.20744444980552534,-0.20744444980552534,0.002914831115225003,-0.21035928092075035,False,False
1.25,25043010,34,0.008255306205091628,-0.0049220898743816965,-0.0017985015992516562,-0.0049220898743816965,-0.12208465788517195,0.11716256801079025,False,True
1.25,25043011,2,0.0491117418947864,0.051359323608570207,-0.04114036898309603,-0.04114036898309603,-0.10544011439971457,0.06429974541661854,False,True
1.25,25043011,5,0.036809766144552114,0.3797189820280301,0.2362630378546322,0.2362630378546322,0.247820125590841,-0.011557087736208782,True,False
1.25,25043011,7,0.013069574073560908,0.06835482622405895,0.09067550061950591,0.06835482622405895,0.2362630378546322,-0.16790821163057326,True,False
1.25,25043011,9,0.027581511840466977,-0.12950161710152525,0.4371053802919381,-0.12950161710152525,0.2362630378546322,-0.36576465495615745,False,False
1.25,25043011,10,0.008156130036746756,0.2565222628045326,-0.10861379134748184,-0.10861379134748184,-0.04114036898309603,-0.0674734223643858,False,False
1.25,25043011,12,9.223309466399598e-06,-0.10226643745194729,0.1671485728531733,-0.10226643745194729,0.05824546913123452,-0.16051190658318182,False,False
1.25,25043011,13,0.045068199908041784,0.42728542495762306,0.5510089028682317,0.42728542495762306,0.06835482622405895,0.35893059873356414,True,True
1.25,25043011,15,0.038939632722089446,0.44371262131025363,0.591999872514143,0.44371262131025363,0.1072082224486776,0.336504398861576,True,True
1.25,25043011,16,0.04716313120793192,0.6964358719566863,0.2726192931024425,0.2726192931024425,-0.10226643745194729,0.3748857305543898,True,True
1.25,25043011,17,0.019337231140157396,0.35407600067494527,0.18773756629555224,0.18773756629555224,0.06835482622405895,0.1193827400714933,True,True
1.25,25043011,18,0.027919531658344265,0.3598183621079527,0.27711814552746983,0.27711814552746983,-0.10226643745194729,0.37938458297941713,True,True
1.25,25043011,20,0.041991565162665,-0.400267639153749,0.3469549829037682,-0.400267639153749,0.15763130724556507,-0.557898946399314,False,False
1.25,25043011,21,0.010224108110071572,0.10253556045747891,0.009018811927503867,0.009018811927503867,0.16689959248442426,-0.1578807805569204,True,False
1.25,25043011,22,0.047878642816368444,0.2509114059516124,0.15763130724556507,0.15763130724556507,0.04304440601774132,0.11458690122782375,True,True
1.25,25043011,23,0.048823448867126196,-0.10268031470059327,-0.12408584101765592,-0.12408584101765592,0.16689959248442426,-0.29098543350208017,False,False
1.25,25043011,24,0.007090225166503483,0.18835524948742993,0.42789815239424517,0.18835524948742993,0.04573634538760907,0.14261890409982086,True,True
1.25,25043011,25,0.028019127441633707,0.2848551988932166,0.14606161867329626,0.14606161867329626,0.009018811927503867,0.1370428067457924,True,True
1.25,25043011,26,0.03751118932746378,-0.13768707878642417,-0.09161881955139628,-0.13768707878642417,0.1729932783664975,-0.31068035715292164,False,False
1.25,25043011,31,0.03982628492407558,0.17332284122412112,-0.2657729706155688,-0.2657729706155688,0.009018811927503867,-0.2747917825430727,False,False
1.25,25043011,34,0.008255306205091628,0.026865727715134957,-0.06615861647034693,-0.06615861647034693,0.025334085350502883,-0.09149270182084981,False,False
1.5,25043000,2,0.03118850385558236,0.09530742836432449,0.22659379254925727,0.09530742836432449,-0.08623001135743241,0.1815374397217569,True,True
1.5,25043000,3,0.04805420501479274,0.11588428211902496,0.2564226567634415,0.11588428211902496,-0.06996688240157206,0.18585116452059702,True,True
1.5,25043000,4,0.04169666429070418,0.285879715361429,-0.08623001135743241,-0.08623001135743241,0.08615712722914076,-0.17238713858657317,False,False
1.5,25043000,7,0.0272942918417165,0.190961392712526,-0.11159035949198953,-0.11159035949198953,0.037992435472763236,-0.14958279496475277,False,False
1.5,25043000,9,0.020990897332497482,0.2569882280514808,-0.11492652920017293,-0.11492652920017293,0.0769383587958941,-0.19186488799606705,False,False
1.5,25043000,10,0.007977893643478673,0.5059345720190307,-0.1085722338356464,-0.1085722338356464,0.001090777190655784,-0.10966301102630219,False,False
1.5,25043000,11,0.017126544776376207,0.0759529883312674,0.037992435472763236,0.037992435472763236,-0.02318478635888349,0.06117722183164673,True,True
1.5,25043000,12,0.018630041522823326,0.114881200099889,0.25184818015253063,0.114881200099889,-0.042569617083388314,0.1574508171832773,True,True
1.5,25043000,13,0.02785944657486983,-0.02834340531115459,0.3339365181875923,-0.02834340531115459,0.0074038245569398725,-0.03574722986809446,False,False
1.5,25043000,14,0.03203808624732929,0.07700682609395704,0.41042382528354504,0.07700682609395704,-0.09740112259653941,0.17440794869049644,True,True
1.5,25043000,15,0.020055593314663778,0.15226790541197527,0.3658063466162155,0.15226790541197527,-0.02834340531115459,0.18061131072312986,True,True
1.5,25043000,16,0.024026237668635986,-0.1292956539136789,0.2069253224173085,-0.1292956539136789,-0.05374072832249531,-0.07555492559118358,False,False
1.5,25043000,18,0.012896116040402195,0.001090777190655784,0.022499761306709942,0.001090777190655784,-0.12775478738815788,0.12884556457881366,True,True
1.5,25043000,19,0.049219171321917,0.1862799403756368,0.29591764008020893,0.1862799403756368,-0.02576409583501904,0.21204403621065585,True,True
1.5,25043000,20,0.01777559234431303,0.33908547996823707,-0.12775478738815788,-0.12775478738815788,-0.1085722338356464,-0.019182553552511472,False,False
1.5,25043000,21,0.018250545047848288,0.01818774967027728,-0.02318478635888349,-0.02318478635888349,0.037992435472763236,-0.06117722183164673,False,False
1.5,25043000,22,0.030300318392190828,0.2685355105371632,0.06561414104943342,0.06561414104943342,-0.12852522065091837,0.1941393617003518,True,True
1.5,25043000,23,0.01554930095985485,-0.13966166153716292,-0.25297154995599036,-0.25297154995599036,0.06454155952654589,-0.31751310948253625,False,False
1.5,25043000,24,0.0010952218557758187,0.14424240313958214,-0.39058605959636183,-0.39058605959636183,-0.07454178779630674,-0.3160442718000551,False,False
1.5,25043000,26,0.01640323155499246,-0.20890242680130067,-0.1808141725686474,-0.20890242680130067,-0.12775478738815788,-0.08114763941314279,False,False
1.5,25043000,28,0.022546948741955397,-0.2518296393565692,0.09013070436291731,-0.2518296393565692,-0.07454178779630674,-0.17728785156026247,False,False
1.5,25043000,34,0.00044343619723541394,-0.0070072405581235175,-0.021328788204455607,-0.021328788204455607,-0.2518296393565692,0.2305008511521136,False,True
1.5,25043001,2,0.03118850385558236,0.14695090141806988,0.2222975356496681,0.14695090141806988,0.015068832608513827,0.13188206880955605,True,True
1.5,25043001,3,0.04805420501479274,-0.12002935841222423,0.27326712644414575,-0.12002935841222423,-0.07129640610826384,-0.048732952303960395,False,False
1.5,25043001,4,0.04169666429070418,0.18937381623343724,0.4764867230696796,0.18937381623343724,-0.0175271123842283,0.20690092861766554,True,True
1.5,25043001,7,0.0272942918417165,0.39417753836221636,-0.2410186991737428,-0.2410186991737428,0.013829991979926043,-0.2548486911536688,False,False
1.5,25043001,9,0.020990897332497482,0.00018083552417458293,-0.1564228041964537,-0.1564228041964537,0.020454959715165408,-0.17687776391161913,False,False
1.5,25043001,10,0.007977893643478673,0.27066685336150337,-0.28645803078239684,-0.28645803078239684,0.07561654439448603,-0.3620745751768829,False,False
1.5,25043001,11,0.017126544776376207,0.15008669935225555,0.013829991979926043,0.013829991979926043,-0.12002935841222423,0.13385935039215027,True,True
1.5,25043001,12,0.018630041522823326,0.3760551034393494,0.015068832608513827,0.015068832608513827,0.07248035394192524,-0.05741152133341142,True,False
1.5,25043001,13,0.02785944657486983,0.5209479462798489,0.14125948428863044,0.14125948428863044,-0.07091031456394209,0.21216979885257253,True,True
1.5,25043001,14,0.03203808624732929,-0.050123057376970426,0.04743253577884582,-0.050123057376970426,0.07248035394192524,-0.12260341131889567,False,False
1.5,25043001,15,0.020055593314663778,0.027079927450404773,0.28531821460035767,0.027079927450404773,-0.02179127071565995,0.04887119816606472,True,True
1.5,25043001,16,0.024026237668635986,0.07561654439448603,0.5515297793679036,0.07561654439448603,-0.0175271123842283,0.09314365677871433,True,True
1.5,25043001,18,0.012896116040402195,0.2225381742590989,0.3544141991621571,0.2225381742590989,-0.050123057376970426,0.2726612316360693,True,True
1.5,25043001,19,0.049219171321917,0.1909348610927526,0.3118659033980162,0.1909348610927526,-0.003980639367866953,0.19491550046061956,True,True
1.5,25043001,20,0.01777559234431303,-0.12340315349643133,0.08938638747996588,-0.12340315349643133,0.015068832608513827,-0.13847198610494516,False,False
1.5,25043001,21,0.018250545047848288,-0.2640405826677654,0.27522723039655206,-0.2640405826677654,0.027079927450404773,-0.2911205101181702,False,False
1.5,25043001,22,0.030300318392190828,0.5067002789263095,0.06934416348936445,0.06934416348936445,-0.0175271123842283,0.08687127587359275,True,True
1.5,25043001,23,0.01554930095985485,-0.02179127071565995,0.3573530635246668,-0.02179127071565995,0.08416970586951761,-0.10596097658517756,False,False
1.5,25043001,24,0.0010952218557758187,0.2585958480912538,0.38667680705316076,0.2585958480912538,-0.029656431784920445,0.28825227987617424,True,True
1.5,25043001,26,0.01640323155499246,0.020558698985986,-0.18012432198839215,-0.18012432198839215,0.06934416348936445,-0.2494684854777566,False,False
1.5,25043001,28,0.022546948741955397,-0.224532734019669,-0.029611927490787726,-0.224532734019669,0.030077178648246994,-0.254609912667916,False,False
1.5,25043001,34,0.00044343619723541394,0.00016858227387239744,-0.009189806192870464,-0.009189806192870464,-0.18012432198839215,0.17093451579552169,False,True
1.5,25043002,2,0.03118850385558236,0.09125891617710857,0.10740190190165422,0.09125891617710857,0.10436237634437268,-0.013103460167264103,True,False
1.5,25043002,3,0.04805420501479274,0.15853887008057332,0.07728915800974881,0.07728915800974881,0.04153402963043373,0.035755128379315076,True,True
1.5,25043002,4,0.04169666429070418,0.3568171751486551,0.10436237634437268,0.10436237634437268,0.10022564675268993,0.00413672959168275,True,True
1.5,25043002,7,0.0272942918417165,-0.014891991334998356,-0.018688874418129386,-0.018688874418129386,0.10175693367899685,-0.12044580809712624,False,False
1.5,25043002,9,0.020990897332497482,0.33404962484361805,0.2144720070057432,0.2144720070057432,0.08490381921427347,0.12956818779146972,True,True
1.5,25043002,10,0.007977893643478673,0.5485783684970336,0.10919237732827128,0.10919237732827128,0.05590659693049593,0.053285780397775345,True,True
1.5,25043002,11,0.017126544776376207,0.53670974171524,-0.10470233824833669,-0.10470233824833669,0.09251848041879812,-0.1972208186671348,False,False
1.5,25043002,12,0.018630041522823326,0.31487333838847814,-0.19049615104678347,-0.19049615104678347,0.09781064626074062,-0.28830679730752407,False,False
1.5,25043002,13,0.02785944657486983,0.10175693367899685,0.277521400587338,0.10175693367899685,0.03391272107953536,0.0678442125994615,True,True
1.5,25043002,14,0.03203808624732929,0.24133465677753796,0.2758309319434883,0.24133465677753796,0.0801344866374343,0.16120017014010365,True,True
1.5,25043002,15,0.020055593314663778,0.16475778823108067,0.41138694504509077,0.16475778823108067,-0.009463715850678095,0.17422150408175877,True,True
1.5,25043002,16,0.024026237668635986,-0.10284435727043223,-0.1816801743669574,-0.1816801743669574,0.0825494871293836,-0.26422966149634103,False,False
1.5,25043002,18,0.012896116040402195,-0.09157436870640409,-0.037573740931050065,-0.09157436870640409,0.05590659693049593,-0.14748096563690002,False,False
1.5,25043002,19,0.049219171321917,0.09563050679699223,0.09251848041879812,0.09251848041879812,0.04614660891415938,0.04637187150463874,True,True
1.5,25043002,20,0.01777559234431303,0.11482421477394217,0.05590659693049593,0.05590659693049593,0.02092610612250556,0.03498049080799037,True,True
1.5,25043002,21,0.018250545047848288,-0.009463715850678095,0.028244874588483182,-0.009463715850678095,0.09251848041879812,-0.10198219626947622,False,False
1.5,25043002,22,0.030300318392190828,0.4292166711473612,0.17511844298424345,0.17511844298424345,-0.035324131291949265,0.21044257427619273,True,True
1.5,25043002,23,0.01554930095985485,-0.21546754016894798,-0.037506421031900467,-0.21546754016894798,0.09713770704889749,-0.31260524721784544,False,False
1.5,25043002,24,0.0010952218557758187,0.31382535550083324,0.2009893989718486,0.2009893989718486,-0.013204062566653574,0.21419346153850216,True,True
1.5,25043002,26,0.01640323155499246,0.060478933691418046,0.02092610612250556,0.02092610612250556,-0.04733423125581271,0.06826033737831827,True,True
1.5,25043002,28,0.022546948741955397,-0.23416211093595948,-0.18888754407105313,-0.23416211093595948,0.03841635152650075,-0.2725784624624602,False,False
1.5,25043002,34,0.00044343619723541394,-0.04733423125581271,-0.045883447408074596,-0.04733423125581271,0.02092610612250556,-0.06826033737831827,False,False
1.5,25043003,2,0.03118850385558236,0.27888301407253036,0.18233344133379714,0.18233344133379714,0.12993580944343608,0.05239763189036106,True,True
1.5,25043003,3,0.04805420501479274,-0.03880563698557932,0.02941886181304887,-0.03880563698557932,-0.0036971592889930294,-0.03510847769658629,False,False
1.5,25043003,4,0.04169666429070418,-0.034731082768827914,0.5739713106930503,-0.034731082768827914,0.17421562118613398,-0.2089467039549619,False,False
1.5,25043003,7,0.0272942918417165,-0.18681430289278217,0.103740396281367,-0.18681430289278217,0.00169264991524809,-0.18850695280803026,False,False
1.5,25043003,9,0.020990897332497482,0.2133704129241859,0.0871901615434112,0.0871901615434112,-0.018556493535165614,0.1057466550785768,True,True
1.5,25043003,10,0.007977893643478673,0.12993580944343608,0.1568929630798418,0.12993580944343608,0.17295560944724758,-0.043019800003811504,True,False
1.5,25043003,11,0.017126544776376207,0.4214552166760069,0.2431238130434068,0.2431238130434068,-0.03880563698557932,0.2819294500289861,True,True
1.5,25043003,12,0.018630041522823326,0.46961448301209185,0.1754756329250204,0.1754756329250204,0.04760236333730408,0.12787326958771633,True,True
1.5,25043003,13,0.02785944657486983,-0.09458448012139725,0.094700098228299,-0.09458448012139725,-0.018556493535165614,-0.07602798658623164,False,False
1.5,25043003,14,0.03203808624732929,0.17295560944724758,0.5344611708386883,0.17295560944724758,-0.05473311977640977,0.22768872922365735,True,True
1.5,25043003,15,0.020055593314663778,0.00169264991524809,0.10158671150028203,0.00169264991524809,-0.09458448012139725,0.09627713003664534,True,True
1.5,25043003,16,0.024026237668635986,-0.08386699264371589,-0.15506972376124442,-0.15506972376124442,0.02760032632972223,-0.18267005009096665,False,False
1.5,25043003,18,0.012896116040402195,0.19068025734494012,0.3855346113596321,0.19068025734494012,-0.10929840170353378,0.2999786590484739,True,True
1.5,25043003,19,0.049219171321917,0.02671980470334112,0.3264286898459632,0.02671980470334112,-0.04644591510307458,0.0731657198064157,True,True
1.5,25043003,20,0.01777559234431303,-0.07473515678399162,0.07657792739182134,-0.07473515678399162,-0.10929840170353378,0.03456324491954216,False,True
1.5,25043003,21,0.018250545047848288,-0.17413748788128514,0.1951435301210263,-0.17413748788128514,0.00169264991524809,-0.17583013779653323,False,False
1.5,25043003,22,0.030300318392190828,0.3411476672877233,-0.10929840170353378,-0.10929840170353378,-0.09395190460983874,-0.015346497093695038,False,False
1.5,25043003,23,0.01554930095985485,-0.17360247515966765,0.22357577390199745,-0.17360247515966765,-0.04644591510307458,-0.12715656005659307,False,False
1.5,25043003,24,0.0010952218557758187,-0.11316865243568586,0.20634252691861915,-0.11316865243568586,-0.0920167792437627,-0.02115187319192316,False,False
1.5,25043003,26,0.01640323155499246,-0.40500626739096607,-0.08584055385755973,-0.40500626739096607,-0.10929840170353378,-0.2957078656874323,False,False
1.5,25043003,28,0.022546948741955397,-0.24578793799144433,-0.0055390886697248565,-0.24578793799144433,-0.0920167792437627,-0.15377115874768163,False,False
1.5,25043003,34,0.00044343619723541394,-0.017050504757569862,-0.021620833070033818,-0.021620833070033818,-0.24578793799144433,0.2241671049214105,False,True
1.5,25043004,2,0.03118850385558236,0.10545389865707266,0.2470799642114657,0.10545389865707266,0.04872114044444348,0.056732758212629186,True,True
1.5,25043004,3,0.04805420501479274,-0.07749162132359813,0.1693806597927338,-0.07749162132359813,-0.03256916333753898,-0.04492245798605915,False,False
1.5,25043004,4,0.04169666429070418,0.04872114044444348,0.07768982595692286,0.04872114044444348,0.1325074525961037,-0.08378631215166021,True,False
1.5,25043004,7,0.0272942918417165,-0.28226761772163605,-0.053287774852818215,-0.28226761772163605,0.049572740672774424,-0.3318403583944105,False,False
1.5,25043004,9,0.020990897332497482,0.24659423326429647,-0.3373332979163496,-0.3373332979163496,-0.013959440325411854,-0.32337385759093773,False,False
1.5,25043004,10,0.007977893643478673,0.3793647691492026,-0.21645332646399462,-0.21645332646399462,0.10545389865707266,-0.3219072251210673,False,False
1.5,25043004,11,0.017126544776376207,0.2171292910465581,0.28390525559898405,0.2171292910465581,-0.07749162132359813,0.2946209123701562,True,True
1.5,25043004,12,0.018630041522823326,0.6311484556259469,0.16499128290640952,0.16499128290640952,0.05864532149963908,0.10634596140677044,True,True
1.5,25043004,13,0.02785944657486983,0.28557999390912114,0.41249892425603496,0.28557999390912114,-0.05427577565167284,0.339855769560794,True,True
1.5,25043004,14,0.03203808624732929,0.1595610065351347,0.4314105230776569,0.1595610065351347,0.01704904384897432,0.14251196268616037,True,True
1.5,25043004,15,0.020055593314663778,0.049572740672774424,0.0785226372856494,0.049572740672774424,-0.031059929979747547,0.08063267065252197,True,True
1.5,25043004,16,0.024026237668635986,-0.014623052746494836,0.022846892335270708,-0.014623052746494836,0.010931437595327345,-0.02555449034182218,False,False
1.5,25043004,18,0.012896116040402195,0.2426885598154533,-0.04670662736417999,-0.04670662736417999,-0.014623052746494836,-0.03208357461768516,False,False
1.5,25043004,19,0.049219171321917,-0.10891418774341394,0.09761837538725815,-0.10891418774341394,0.1001130113079985,-0.20902719905141243,False,False
1.5,25043004,20,0.01777559234431303,0.13541241894711753,0.10593665733100316,0.10593665733100316,-0.04670662736417999,0.15264328469518315,True,True
1.5,25043004,21,0.018250545047848288,-0.031059929979747547,0.16995864644858338,-0.031059929979747547,0.15065328194322258,-0.18171321192297013,False,False
1.5,25043004,22,0.030300318392190828,0.06856950255483468,0.17818219914626143,0.06856950255483468,-0.030664840055337414,0.0992343426101721,True,True
1.5,25043004,23,0.01554930095985485,0.15065328194322258,0.3240294664338856,0.15065328194322258,0.009256405346513438,0.14139687659670913,True,True
1.5,25043004,24,0.0010952218557758187,0.10892933911297653,-0.17814995586700827,-0.17814995586700827,-0.02817202693742113,-0.14997792892958714,False,False
1.5,25043004,26,0.01640323155499246,-0.33719073625015084,-0.09666931142193305,-0.33719073625015084,-0.041721001128347424,-0.2954697351218034,False,False
1.5,25043004,28,0.022546948741955397,-0.4200177862503538,-0.15154300099302345,-0.4200177862503538,-0.04421381424626371,-0.3758039720040901,False,False
1.5,25043004,34,0.00044343619723541394,-0.041721001128347424,-0.010380277299551821,-0.041721001128347424,-0.33719073625015084,0.2954697351218034,False,True
1.5,25043005,2,0.03118850385558236,-0.24421839553846597,-0.41420209557940063,-0.41420209557940063,0.01028583338986061,-0.42448792896926124,False,False
1.5,25043005,3,0.04805420501479274,-0.298179486503855,0.3789802078418996,-0.298179486503855,-0.0036260796055916367,-0.29455340689826337,False,False
1.5,25043005,4,0.04169666429070418,-0.190935442160894,0.3132246950781616,-0.190935442160894,0.053456017055555444,-0.24439145921644945,False,False
1.5,25043005,7,0.0272942918417165,0.05997992990615192,-0.10471432432730854,-0.10471432432730854,0.09746216511612527,-0.2021764894434338,False,False
1.5,25043005,9,0.020990897332497482,-0.14969759287366913,-0.19868447443828727,-0.19868447443828727,0.0849485046131769,-0.2836329790514642,False,False
1.5,25043005,10,0.007977893643478673,0.5331440687019913,0.01028583338986061,0.01028583338986061,-0.18706517543764284,0.19735100882750345,True,True
1.5,25043005,11,0.017126544776376207,0.10905132466901998,0.11211443596710685,0.10905132466901998,0.07243484411022855,0.03661648055879144,True,True
1.5,25043005,12,0.018630041522823326,0.2492776179091633,0.33566406697453277,0.2492776179091633,-0.08838967102389111,0.3376672889330544,True,True
1.5,25043005,13,0.02785944657486983,0.09746216511612527,0.2623495993939485,0.09746216511612527,0.023619779099635946,0.07384238601648932,True,True
1.5,25043005,14,0.03203808624732929,0.09662620072125028,0.35711732209949715,0.09662620072125028,0.10279863840554793,-0.006172437684297649,True,False
1.5,25043005,15,0.020055593314663778,0.6265600866581879,0.4000568338881447,0.4000568338881447,0.07243484411022855,0.3276219897779162,True,True
1.5,25043005,16,0.024026237668635986,-0.33493537021882225,-0.068166303428672,-0.33493537021882225,0.14596882207124276,-0.480904192290065,False,False
1.5,25043005,18,0.012896116040402195,0.5883898644643618,0.19531144342123524,0.19531144342123524,0.01028583338986061,0.18502561003137463,True,True
1.5,25043005,19,0.049219171321917,0.07243484411022855,0.1276345298917792,0.07243484411022855,0.09704471060939268,-0.024609866499164135,True,False
1.5,25043005,20,0.01777559234431303,-0.18706517543764284,0.13589191110130255,-0.18706517543764284,0.09662620072125028,-0.2836913761588931,False,False
1.5,25043005,21,0.018250545047848288,0.0966272561026601,0.2475347826251015,0.0966272561026601,0.09746216511612527,-0.0008349090134651682,True,False
1.5,25043005,22,0.030300318392190828,0.2657397618533843,0.34317124884038286,0.2657397618533843,-0.028437975648527902,0.29417773750191223,True,True
1.5,25043005,23,0.01554930095985485,-0.025195285910956655,0.4394414504419212,-0.025195285910956655,0.09704471060939268,-0.12223999652034934,False,False
1.5,25043005,24,0.0010952218557758187,0.29399538976035433,0.4040277958959666,0.29399538976035433,-0.08392650728448553,0.37792189704483986,True,True
1.5,25043005,26,0.01640323155499246,-0.007665626109937429,-0.26655870504514106,-0.26655870504514106,-0.014350862550664978,-0.2522078424944761,False,False
1.5,25043005,28,0.022546948741955397,0.3161973962017578,-0.15350215201830608,-0.15350215201830608,0.09048029043528513,-0.24398244245359121,False,False
1.5,25043005,34,0.00044343619723541394,0.11416982469366055,-0.014350862550664978,-0.014350862550664978,-0.15350215201830608,0.1391512894676411,False,True
1.5,25043006,2,0.03118850385558236,0.28038971422869474,0.21921438616647532,0.21921438616647532,0.021962440180812753,0.19725194598566256,True,True
1.5,25043006,3,0.04805420501479274,0.15240086974369094,0.46071365598900826,0.15240086974369094,-0.13064735871651154,0.2830482284602025,True,True
1.5,25043006,4,0.04169666429070418,0.12621715084704216,0.6730354358844579,0.12621715084704216,0.07067003578191938,0.055547115065122776,True,True
1.5,25043006,7,0.0272942918417165,0.1239584764120138,-0.17132098299339016,-0.17132098299339016,-0.08640682047807868,-0.08491416251531148,False,False
1.5,25043006,9,0.020990897332497482,0.08830275569291479,-0.08640682047807868,-0.08640682047807868,-0.049758529243611294,-0.03664829123446739,False,False
1.5,25043006,10,0.007977893643478673,0.5137112730485981,-0.03420678283587342,-0.03420678283587342,0.10756483314388937,-0.1417716159797628,False,False
1.5,25043006,11,0.017126544776376207,0.3298333659360486,-0.1314435523083744,-0.1314435523083744,0.030334106637426084,-0.16177765894580048,False,False
1.5,25043006,12,0.018630041522823326,0.5309381288474327,0.021962440180812753,0.021962440180812753,0.04727724976028114,-0.025314809579468384,True,False
1.5,25043006,13,0.02785944657486983,0.06462911612945232,-0.12985116512464867,-0.12985116512464867,0.05275149220039908,-0.18260265732504777,False,False
1.5,25043006,14,0.03203808624732929,0.11937763138302601,0.17954941319845946,0.11937763138302601,-0.023608558229600257,0.14298618961262627,True,True
1.5,25043006,15,0.020055593314663778,0.13196224788126903,0.18336572317006847,0.13196224788126903,-0.08640682047807868,0.21836906835934772,True,True
1.5,25043006,16,0.024026237668635986,0.10756483314388937,0.18125694941301176,0.10756483314388937,-0.10021559563155563,0.207780428775445,True,True
1.5,25043006,18,0.012896116040402195,0.22362557736546998,-0.013010333623327097,-0.013010333623327097,-0.16622440842723785,0.15321407480391075,False,True
1.5,25043006,19,0.049219171321917,0.0971249209921067,0.030334106637426084,0.030334106637426084,-0.0056189713573533,0.035953077994779384,True,True
1.5,25043006,20,0.01777559234431303,-0.16622440842723785,0.39963538188964365,-0.16622440842723785,-0.03420678283587342,-0.13201762559136443,False,False
1.5,25043006,21,0.018250545047848288,0.07516887776337208,0.24944478917377455,0.07516887776337208,0.030334106637426084,0.044834771125946,True,True
1.5,25043006,22,0.030300318392190828,-0.2394596486621364,0.17588566144221549,-0.2394596486621364,-0.08961737102528247,-0.14984227763685393,False,False
1.5,25043006,23,0.01554930095985485,0.10214681820273402,0.5947351840306914,0.10214681820273402,0.05275149220039908,0.04939532600233494,True,True
1.5,25043006,24,0.0010952218557758187,-0.2852038604160368,0.4543166003272264,-0.2852038604160368,-0.09821540459630906,-0.18698845581972773,False,False
1.5,25043006,26,0.01640323155499246,0.006026988334826011,-0.2212983553951684,-0.2212983553951684,-0.16622440842723785,-0.055073946967930554,False,False
1.5,25043006,28,0.022546948741955397,0.1771045959938133,-0.17996683076448672,-0.17996683076448672,-0.19376138191120312,0.013794551146716405,False,True
1.5,25043006,34,0.00044343619723541394,-0.02205000571691418,-0.03020640076538028,-0.03020640076538028,-0.2212983553951684,0.19109195462978812,False,True
1.5,25043007,2,0.03118850385558236,0.422264443409699,0.2386535501335399,0.2386535501335399,-0.09173506225829814,0.33038861239183803,True,True
1.5,25043007,3,0.04805420501479274,-0.3552913543294741,-0.053635263252861,-0.3552913543294741,0.04361394351944042,-0.39890529784891454,False,False
1.5,25043007,4,0.04169666429070418,-0.16751548742576933,0.5573960897798219,-0.16751548742576933,0.20158702478572976,-0.3691025122114991,False,False
1.5,25043007,7,0.0272942918417165,0.05129882627873372,0.2110705780747854,0.05129882627873372,0.035929060760147125,0.015369765518586598,True,True
1.5,25043007,9,0.020990897332497482,0.10469366932252044,-0.0032451925964926964,-0.0032451925964926964,0.04361394351944042,-0.04685913611593312,False,False
1.5,25043007,10,0.007977893643478673,0.18416023968588707,0.16452049943791963,0.16452049943791963,-0.057920982027308776,0.2224414814652284,True,True
1.5,25043007,11,0.017126544776376207,0.11146965035789053,0.1268634179039409,0.11146965035789053,-0.0032451925964926964,0.11471484295438322,True,True
1.5,25043007,12,0.018630041522823326,0.17975120897772356,-0.09173506225829814,-0.09173506225829814,0.1586129637121594,-0.2503480259704576,False,False
1.5,25043007,13,0.02785944657486983,0.2429779410075306,0.035929060760147125,0.035929060760147125,-0.019894430875771307,0.05582349163591843,True,True
1.5,25043007,14,0.03203808624732929,0.44114774991553174,0.33148864183462123,0.33148864183462123,-0.06860233558107687,0.4000909774156981,True,True
1.5,25043007,15,0.020055593314663778,0.2816502690048029,0.12985775081191414,0.12985775081191414,-0.0032451925964926964,0.13310294340840684,True,True
1.5,25043007,16,0.024026237668635986,0.040799828508441216,-0.057920982027308776,-0.057920982027308776,0.07678727576752656,-0.13470825779483533,False,False
1.5,25043007,18,0.012896116040402195,0.25139670942687864,0.31514074185309277,0.25139670942687864,-0.057920982027308776,0.3093176914541874,True,True
1.5,25043007,19,0.049219171321917,-0.30085582474991357,0.21629779787451378,-0.30085582474991357,0.016341934081827214,-0.3171977588317408,False,False
1.5,25043007,20,0.01777559234431303,-0.13721952360201886,-0.03636212260759046,-0.13721952360201886,0.0008691235486539273,-0.1380886471506728,False,False
1.5,25043007,21,0.018250545047848288,-0.07421799353611044,-0.03636884652575306,-0.07421799353611044,0.035929060760147125,-0.11014705429625757,False,False
1.5,25043007,22,0.030300318392190828,0.1527054279863992,0.15722488233846338,0.1527054279863992,-0.06860233558107687,0.22130776356747606,True,True
1.5,25043007,23,0.01554930095985485,-0.03654366915504992,0.5226247439607294,-0.03654366915504992,-0.01914446638798166,-0.01739920276706826,False,False
1.5,25043007,24,0.0010952218557758187,-0.07928368913484496,0.3399303279857085,-0.07928368913484496,-0.005836106496900723,-0.07344758263794424,False,False
1.5,25043007,26,0.01640323155499246,0.0008691235486539273,0.020384242173042022,0.0008691235486539273,-0.057920982027308776,0.0587901055759627,True,True
1.5,25043007,28,0.022546948741955397,-0.264351900488845,0.07248386826917863,-0.264351900488845,-0.005836106496900723,-0.25851579399194424,False,False
1.5,25043007,34,0.00044343619723541394,-0.009354928901040171,-0.012541336542455372,-0.012541336542455372,-0.07928368913484496,0.06674235259238959,False,True
1.5,25043008,2,0.03118850385558236,-0.03755391591810575,0.13346038478686928,-0.03755391591810575,0.3037790468819999,-0.34133296280010567,False,False
1.5,25043008,3,0.04805420501479274,-0.2457043585532298,0.2616459540865774,-0.2457043585532298,0.05181725812054107,-0.29752161667377086,False,False
1.5,25043008,4,0.04169666429070418,0.1113810872067805,0.4177625333431036,0.1113810872067805,0.16599113581095837,-0.05461004860417787,True,False
1.5,25043008,7,0.0272942918417165,-0.035014846048536996,0.056333207681079134,-0.035014846048536996,0.13864936228961913,-0.17366420833815613,False,False
1.5,25043008,9,0.020990897332497482,0.08550881495353424,-0.3137152312734079,-0.3137152312734079,0.05181725812054107,-0.36553248939394895,False,False
1.5,25043008,10,0.007977893643478673,0.6104863035883554,0.35331816514462033,0.35331816514462033,-0.03755391591810575,0.3908720810627261,True,True
1.5,25043008,11,0.017126544776376207,0.19795214426864832,0.13864936228961913,0.13864936228961913,-0.035014846048536996,0.17366420833815613,True,True
1.5,25043008,12,0.018630041522823326,0.4741984010590023,0.3037790468819999,0.3037790468819999,-0.004675345589094451,0.30845439247109435,True,True
1.5,25043008,13,0.02785944657486983,0.4956526477086541,0.37832131972285077,0.37832131972285077,-0.04701084800867483,0.4253321677315256,True,True
1.5,25043008,14,0.03203808624732929,0.02820322473991685,0.19558186483103468,0.02820322473991685,0.14182585597066388,-0.11362263123074703,True,False
1.5,25043008,15,0.020055593314663778,0.21945767294690494,0.48229921570140377,0.21945767294690494,-0.035014846048536996,0.25447251899544193,True,True
1.5,25043008,16,0.024026237668635986,0.015775843237981313,-0.10468911384302665,-0.10468911384302665,0.10023692473723204,-0.2049260385802587,False,False
1.5,25043008,18,0.012896116040402195,-0.052571503741265346,0.1907273212418564,-0.052571503741265346,0.02820322473991685,-0.0807747284811822,False,False
1.5,25043008,19,0.049219171321917,-0.05900684996881267,0.19031394789038192,-0.05900684996881267,0.08676218899019712,-0.14576903895900978,False,False
1.5,25043008,20,0.01777559234431303,-0.04755857061173513,-0.03113375814699626,-0.04755857061173513,0.02820322473991685,-0.07576179535165198,False,False
1.5,25043008,21,0.018250545047848288,0.03487501569077511,0.03798806913959818,0.03487501569077511,0.13864936228961913,-0.10377434659884402,True,False
1.5,25043008,22,0.030300318392190828,0.5212193294357571,0.17227062473454724,0.17227062473454724,-0.05006503717650024,0.22233566191104748,True,True
1.5,25043008,23,0.01554930095985485,-0.22797219503788507,0.19394673527765305,-0.22797219503788507,0.12716634431884002,-0.3551385393567251,False,False
1.5,25043008,24,0.0010952218557758187,0.44826572852103297,0.1888797631681996,0.1888797631681996,-0.05006503717650024,0.23894480034469984,True,True
1.5,25043008,26,0.01640323155499246,-0.020413878160003063,-0.4091612172228046,-0.4091612172228046,-0.04755857061173513,-0.36160264661106944,False,False
1.5,25043008,28,0.022546948741955397,-0.1630010848740172,-0.0913819963005304,-0.1630010848740172,-0.0391159583223927,-0.12388512655162451,False,False
1.5,25043008,34,0.00044343619723541394,-0.030673346033050275,-0.018179796171134743,-0.030673346033050275,-0.1630010848740172,0.13232773884096694,False,True
1.5,25043009,2,0.03118850385558236,0.23400816405432934,-0.029246142673669373,-0.029246142673669373,-0.004971287916429007,-0.024274854757240366,False,False
1.5,25043009,3,0.04805420501479274,0.21868872222520563,-0.06798447117721707,-0.06798447117721707,-0.029448801038410438,-0.03853567013880663,False,False
1.5,25043009,4,0.04169666429070418,0.29909468186409166,0.12321250752305093,0.12321250752305093,-0.01710871529504919,0.1403212228181001,True,True
1.5,25043009,7,0.0272942918417165,-0.2338716528266051,0.01145349841255583,-0.2338716528266051,0.06803345310003273,-0.30190510592663783,False,False
1.5,25043009,9,0.020990897332497482,0.25194683415348124,-0.14513163222922204,-0.14513163222922204,0.07713374162621695,-0.22226537385543899,False,False
1.5,25043009,10,0.007977893643478673,0.07893940646864117,-0.03928029256864246,-0.03928029256864246,0.025435664468675817,-0.06471595703731828,False,False
1.5,25043009,11,0.017126544776376207,0.35814384016279055,0.08623403015240116,0.08623403015240116,-0.015417878364417104,0.10165190851681827,True,True
1.5,25043009,12,0.018630041522823326,0.16710690775111436,-0.004971287916429007,-0.004971287916429007,0.000580737314649471,-0.005552025231078478,False,False
1.5,25043009,13,0.02785944657486983,0.26390490697447955,0.3324888083426901,0.26390490697447955,0.02630778736780781,0.23759711960667174,True,True
1.5,25043009,14,0.03203808624732929,0.025435664468675817,0.2648344887426864,0.025435664468675817,-0.014622738877902941,0.04005840334657876,True,True
1.5,25043009,15,0.020055593314663778,0.06803345310003273,0.21198975555366656,0.06803345310003273,0.08623403015240116,-0.01820057705236844,True,False
1.5,25043009,16,0.024026237668635986,0.21905809742309446,0.1908229488288243,0.1908229488288243,-0.014622738877902941,0.20544568770672725,True,True
1.5,25043009,18,0.012896116040402195,0.16615603155964156,0.0701194337840135,0.0701194337840135,-0.024274189839376875,0.09439362362339038,True,True
1.5,25043009,19,0.049219171321917,0.2775461631087709,0.35549563942887363,0.2775461631087709,0.07713374162621695,0.20041242148255395,True,True
1.5,25043009,20,0.01777559234431303,0.20924050503184252,-0.024274189839376875,-0.024274189839376875,-0.004971287916429007,-0.019302901922947868,False,False
1.5,25043009,21,0.018250545047848288,0.145227554755817,-0.015417878364417104,-0.015417878364417104,0.1110056572880821,-0.1264235356524992,False,False
1.5,25043009,22,0.030300318392190828,-0.06642683857561195,0.1327153780666688,-0.06642683857561195,0.010232188276123405,-0.07665902685173535,False,False
1.5,25043009,23,0.01554930095985485,0.4686089176497883,0.1110056572880821,0.1110056572880821,0.16596918003725614,-0.05496352274917404,True,False
1.5,25043009,24,0.0010952218557758187,0.39989741595519435,-0.08316933494076068,-0.08316933494076068,0.000580737314649471,-0.08375007225541015,False,False
1.5,25043009,26,0.01640323155499246,0.03163916989647808,0.1674719521602407,0.03163916989647808,-0.03773686432420531,0.06937603422068339,True,True
1.5,25043009,28,0.022546948741955397,0.10539381158955158,-0.2846438655159302,-0.2846438655159302,-0.031005527081791093,-0.2536383384341391,False,False
1.5,25043009,34,0.00044343619723541394,0.014821093447407896,-0.03773686432420531,-0.03773686432420531,-0.08316933494076068,0.045432470616555365,False,True
1.5,25043010,2,0.03118850385558236,0.1568617519546529,0.23439906434679908,0.1568617519546529,0.06299120715949263,0.09387054479516027,True,True
1.5,25043010,3,0.04805420501479274,0.09744573025561012,0.2313376475280487,0.09744573025561012,0.07192740312786289,0.025518327127747237,True,True
1.5,25043010,4,0.04169666429070418,0.2251703732547981,0.130056813139237,0.130056813139237,0.059334847559705986,0.07072196557953102,True,True
1.5,25043010,7,0.0272942918417165,0.2426658123077189,-0.05005866813522586,-0.05005866813522586,0.09744573025561012,-0.14750439839083598,False,False
1.5,25043010,9,0.020990897332497482,-0.07655410577108351,0.10893726682609961,-0.07655410577108351,0.14567960232328087,-0.22223370809436438,False,False
1.5,25043010,10,0.007977893643478673,0.20088121253354507,0.06299120715949263,0.06299120715949263,0.05567848795991934,0.007312719199573298,True,True
1.5,25043010,11,0.017126544776376207,0.40999305986666834,0.2619418630244644,0.2619418630244644,0.09744573025561012,0.1644961327688543,True,True
1.5,25043010,12,0.018630041522823326,0.404241297344885,-0.16839559430440132,-0.16839559430440132,0.059334847559705986,-0.2277304418641073,False,False
1.5,25043010,13,0.02785944657486983,0.533991858270077,0.19391347439095163,0.19391347439095163,0.04249428680766561,0.15141918758328604,True,True
1.5,25043010,14,0.03203808624732929,0.05567848795991934,0.20093228072117908,0.05567848795991934,0.027529986228289616,0.02814850173162972,True,True
1.5,25043010,15,0.020055593314663778,-0.01245715664027891,0.4362015553007677,-0.01245715664027891,0.15541096362576606,-0.16786812026604497,False,False
1.5,25043010,16,0.024026237668635986,0.4101232254041517,0.14745867509804123,0.14745867509804123,-0.07163224181927846,0.2190909169173197,True,True
1.5,25043010,18,0.012896116040402195,0.02513111066584439,0.0874476812964805,0.02513111066584439,-0.16839559430440132,0.1935267049702457,True,True
1.5,25043010,19,0.049219171321917,0.2026786161919481,0.39841921436404465,0.2026786161919481,0.07147690349274358,0.13120171269920453,True,True
1.5,25043010,20,0.01777559234431303,0.0025396229316652086,-0.2141074171905825,-0.2141074171905825,0.02513111066584439,-0.23923852785642688,False,False
1.5,25043010,21,0.018250545047848288,0.15541096362576606,0.42541743338129384,0.15541096362576606,0.19391347439095163,-0.03850251076518557,True,False
1.5,25043010,22,0.030300318392190828,0.09652379445871162,0.02992886179073484,0.02992886179073484,-0.1912515057474919,0.22118036753822673,True,True
1.5,25043010,23,0.01554930095985485,0.19246273678848802,-0.14482895259451772,-0.14482895259451772,0.17466221900835885,-0.31949117160287654,False,False
1.5,25043010,24,0.0010952218557758187,0.4735394423319209,-0.25152814258746253,-0.25152814258746253,0.010059296617259517,-0.26158743920472205,False,False
1.5,25043010,26,0.01640323155499246,-0.14102223903545202,-0.31608114370530277,-0.31608114370530277,-0.005012517431325358,-0.3110686262739774,False,False
1.5,25043010,28,0.022546948741955397,-0.18827108240244794,-0.24553480532227617,-0.24553480532227617,-0.10955996731095392,-0.13597483801132226,False,False
1.5,25043010,34,0.00044343619723541394,0.0004461646990351342,-0.005012517431325358,-0.005012517431325358,-0.25152814258746253,0.24651562515613717,False,True
1.5,25043011,2,0.03118850385558236,-0.0895242095076077,0.2963348753643452,-0.0895242095076077,-0.0026523296114415174,-0.08687187989616618,False,False
1.5,25043011,3,0.04805420501479274,-0.5261720466204844,0.3964861095952072,-0.5261720466204844,0.11150465922997299,-0.6376767058504574,False,False
1.5,25043011,4,0.04169666429070418,-0.10852446332488724,0.5961220766309292,-0.10852446332488724,0.06627918346359263,-0.17480364678847987,False,False
1.5,25043011,7,0.0272942918417165,0.17915949553504384,0.06811944380068902,0.06811944380068902,0.15488987465925697,-0.08677043085856795,True,False
1.5,25043011,9,0.020990897332497482,-0.33757704526990806,0.10720987932237169,-0.33757704526990806,0.14945010002889836,-0.4870271452988064,False,False
1.5,25043011,10,0.007977893643478673,0.3301968574649343,0.13521069653862677,0.13521069653862677,-0.0026523296114415174,0.1378630261500683,True,True
1.5,25043011,11,0.017126544776376207,0.4559005035730552,0.5031615886329299,0.4559005035730552,0.06811944380068902,0.3877810597723662,True,True
1.5,25043011,12,0.018630041522823326,0.26565884745265156,-0.0026523296114415174,-0.0026523296114415174,0.13924463436137613,-0.14189696397281765,False,False
1.5,25043011,13,0.02785944657486983,0.15488987465925697,0.4579087889108436,0.15488987465925697,0.04463579509190321,0.11025407956735375,True,True
1.5,25043011,14,0.03203808624732929,0.2927549502028646,0.48699926584191616,0.2927549502028646,0.09139761210866637,0.2013573380941982,True,True
1.5,25043011,15,0.020055593314663778,0.29189940135199777,0.5483512136057471,0.29189940135199777,0.06811944380068902,0.22377995755130875,True,True
1.5,25043011,16,0.024026237668635986,0.1580768035569608,0.14327857218412546,0.14327857218412546,0.09139761210866637,0.05188096007545909,True,True
1.5,25043011,18,0.012896116040402195,0.46160284489886877,0.38850514965278804,0.38850514965278804,0.04758452767870597,0.34092062197408207,True,True
1.5,25043011,19,0.049219171321917,0.14401032539853975,0.32782833171642994,0.14401032539853975,0.08802101052118719,0.055989314877352564,True,True
1.5,25043011,20,0.01777559234431303,-0.5545886025185244,0.1363473308558822,-0.5545886025185244,0.13521069653862677,-0.6897992990571511,False,False
1.5,25043011,21,0.018250545047848288,-0.08101872239467425,0.3822820629350073,-0.08101872239467425,0.15488987465925697,-0.23590859705393122,False,False
1.5,25043011,22,0.030300318392190828,0.14458812648445432,0.26421621101838055,0.14458812648445432,0.022466099033632225,0.1221220274508221,True,True
1.5,25043011,23,0.01554930095985485,0.02115214638311741,0.3525882260553186,0.02115214638311741,0.14945010002889836,-0.12829795364578095,True,False
1.5,25043011,24,0.0010952218557758187,0.04758452767870597,0.17813601876930246,0.04758452767870597,0.04065993236216682,0.006924595316539148,True,True
1.5,25043011,26,0.01640323155499246,-0.37866798735883234,-0.28050828490649693,-0.37866798735883234,0.04758452767870597,-0.4262525150375383,False,False
1.5,25043011,28,0.022546948741955397,-0.17169270571455864,0.4643380559388044,-0.17169270571455864,-0.007187089890542925,-0.1645056158240157,False,False
1.5,25043011,34,0.00044343619723541394,0.05763967741251874,-0.06195870745979182,-0.06195870745979182,-0.17169270571455864,0.10973399825476682,False,True
1.75,25043000,0,0.03468649277731295,0.01007659567736563,-0.008642400204691758,-0.008642400204691758,-0.01875909903221351,0.010116698827521753,False,True
1.75,25043000,1,0.03652386460687662,0.06971456297313339,-0.31349415996077956,-0.31349415996077956,-0.13526078906395567,-0.1782333708968239,False,False
1.75,25043000,2,0.01715242292808483,-0.01875909903221351,0.35368759573556485,-0.01875909903221351,0.03424563058715785,-0.05300472961937136,False,False
1.75,25043000,3,0.02093694652915712,-0.08385660857519117,-0.2607264744837358,-0.2607264744837358,-0.1696155896031803,-0.09111088488055552,False,False
1.75,25043000,4,0.01792976813770153,0.1683981366996631,0.27887931495329277,0.1683981366996631,-0.008642400204691758,0.17704053690435487,True,True
1.75,25043000,6,0.036763678743954475,0.14738459726949293,0.07713366137900746,0.07713366137900746,-0.013700749618452635,0.09083441099746009,True,True
1.75,25043000,7,0.024906888484580225,0.20510640153670878,-0.10090598852473104,-0.10090598852473104,-0.1757911080862795,0.07488511956154847,False,True
1.75,25043000,8,0.0270943587284318,-0.0899390050289185,0.26884131765405167,-0.0899390050289185,-0.008642400204691758,-0.08129660482422674,False,False
1.75,25043000,9,0.012993339106122104,-0.1696155896031803,-0.11510240802220562,-0.1696155896031803,-0.10090598852473104,-0.06870960107844926,False,False
1.75,25043000,10,0.005221213507887512,0.668688163004552,-0.05281449244735892,-0.05281449244735892,-0.008448630402927204,-0.044365862044431714,False,False
1.75,25043000,11,0.0009961521236525606,0.6341811142163056,0.13904952792799613,0.13904952792799613,-0.13526078906395567,0.2743103169919518,True,True
1.75,25043000,12,0.020819282098559988,0.442261353673068,0.6018343575532442,0.442261353673068,-0.01350697981668808,0.4557683334897561,True,True
1.75,25043000,13,0.01331021488015649,-0.18196662656937873,0.43836274702065225,-0.18196662656937873,-0.00044492126714976155,-0.18152170530222897,False,False
1.75,25043000,14,0.015156817387387722,0.10175885996610134,0.6165498921020693,0.10175885996610134,-0.030534676524260784,0.13229353649036213,True,True
1.75,25043000,15,0.009271210522554085,0.3930663733808899,0.4150187504989738,0.3930663733808899,-0.10090598852473104,0.49397236190562094,True,True
1.75,25043000,16,0.012634139582048398,0.12215768515940956,-0.057378342548198624,-0.057378342548198624,-0.015452328645201824,-0.0419260139029968,False,False
1.75,25043000,18,0.005614390250219703,0.2888298250782966,-0.07515247159568011,-0.07515247159568011,-0.0369495066140266,-0.038202964981653514,False,False
1.75,25043000,19,0.023586879545018924,0.22087485727877232,0.27782239946320664,0.22087485727877232,-0.03479972180637439,0.2556745790851467,True,True
1.75,25043000,20,0.006400191300169222,0.46259201637785563,-0.00825486060116265,-0.00825486060116265,-0.0369495066140266,0.02869464601286395,False,True
1.75,25043000,21,0.03123893155937285,0.1466709288489228,0.10001614599043152,0.10001614599043152,0.13904952792799613,-0.039033381937564615,True,False
1.75,25043000,22,0.012088034612514065,0.5196837050336393,0.14382979218697012,0.14382979218697012,-0.015452328645201824,0.15928212083217194,True,True
1.75,25043000,23,0.004263695946931989,-0.12980874183521685,-0.4773689114096771,-0.4773689114096771,0.16044550163460192,-0.637814413044279,False,False
1.75,25043000,24,0.001063684921173369,0.14503253124316728,-0.21611718714969042,-0.21611718714969042,-0.014726269157873006,-0.2013909179918174,False,False
1.75,25043000,26,0.006486938818796251,0.21813065559054645,-0.022649796689240997,-0.022649796689240997,-0.021197677714583363,-0.0014521189746576346,False,False
1.75,25043000,28,0.008739355605714039,0.1764557728226338,-0.0512492165388122,-0.0512492165388122,-0.014726269157873006,-0.0365229473809392,False,False
1.75,25043000,30,0.025670387050772625,0.014293083789500338,0.07280014717829109,0.014293083789500338,-0.021197677714583363,0.0354907615040837,True,True
1.75,25043000,32,0.047065180520551086,0.24398606838351278,0.05116779112946157,0.05116779112946157,-0.02192373720191218,0.07309152833137375,True,True
1.75,25043000,34,2.7168389029608164e-05,-0.008931492481463854,-0.021197677714583363,-0.021197677714583363,-0.022649796689240997,0.0014521189746576346,False,True
1.75,25043001,0,0.03468649277731295,-0.04154420001739323,0.11366186207887619,-0.04154420001739323,0.08356620933672804,-0.12511040935412127,False,False
1.75,25043001,1,0.03652386460687662,-0.0384600214848706,-0.3819702142307797,-0.3819702142307797,-0.08175791833920151,-0.30021229589157816,False,False
1.75,25043001,2,0.01715242292808483,0.08356620933672804,0.24190802650548904,0.08356620933672804,0.04217079501242793,0.041395414324300106,True,True
1.75,25043001,3,0.02093694652915712,-0.0970287515530815,0.3890560473856604,-0.0970287515530815,-0.06648708512532153,-0.03054166642775996,False,False
1.75,25043001,4,0.01792976813770153,-0.2536597541335744,0.7628636536108734,-0.2536597541335744,0.08356620933672804,-0.3372259634703024,False,False
1.75,25043001,6,0.036763678743954475,0.2628588597884409,0.13063938943573816,0.13063938943573816,0.036608292461667774,0.09403109697407039,True,True
1.75,25043001,7,0.024906888484580225,0.3631417217020856,-0.31052713738974796,-0.31052713738974796,-0.057093188128346725,-0.2534339492614012,False,False
1.75,25043001,8,0.0270943587284318,0.1935508789999249,0.1258857900422491,0.1258857900422491,0.010808860994109049,0.11507692904814004,True,True
1.75,25043001,9,0.012993339106122104,0.004213700120173081,-0.06648708512532153,-0.06648708512532153,-0.04769929113137192,-0.018787793993949614,False,False
1.75,25043001,10,0.005221213507887512,0.16834203759347732,-0.20823956761686724,-0.20823956761686724,0.07298696663297727,-0.2812265342498445,False,False
1.75,25043001,11,0.0009961521236525606,-0.002273958791827402,-0.04769929113137192,-0.04769929113137192,-0.04982462920664793,0.002125338075276012,False,True
1.75,25043001,12,0.020819282098559988,0.5380021804247285,0.2430546337455523,0.2430546337455523,0.07298696663297727,0.17006766711257504,True,True
1.75,25043001,13,0.01331021488015649,0.24218328172713321,0.12186881000898692,0.12186881000898692,-0.057093188128346725,0.17896199813733366,True,True
1.75,25043001,14,0.015156817387387722,0.23915984316891048,0.0624077239292265,0.0624077239292265,0.12826258973899363,-0.06585486580976713,True,False
1.75,25043001,15,0.009271210522554085,0.4082855225078761,0.21572031552408577,0.21572031552408577,-0.04769929113137192,0.2634196066554577,True,True
1.75,25043001,16,0.012634139582048398,0.010808860994109049,0.48060815361174236,0.010808860994109049,0.12826258973899363,-0.11745372874488458,True,False
1.75,25043001,18,0.005614390250219703,-0.17708106939139623,0.3711523876635976,-0.17708106939139623,0.0941467569857378,-0.27122782637713405,False,False
1.75,25043001,19,0.023586879545018924,0.20380737669942978,0.32784181434677834,0.20380737669942978,-0.04043073220967312,0.2442381089091029,True,True
1.75,25043001,20,0.006400191300169222,0.19170179953827643,0.3483591185063052,0.19170179953827643,0.021953849631528827,0.1697479499067476,True,True
1.75,25043001,21,0.03123893155937285,-0.03316217328797433,0.3603446955318682,-0.03316217328797433,0.12186881000898692,-0.15503098329696124,False,False
1.75,25043001,22,0.012088034612514065,0.582704007337703,0.36404288270517954,0.36404288270517954,0.04775328109908755,0.316289601606092,True,True
1.75,25043001,23,0.004263695946931989,-0.2131626363982974,0.367465997063927,-0.2131626363982974,0.16283809335420835,-0.37600072975250576,False,False
1.75,25043001,24,0.001063684921173369,0.16712577591587108,0.21696273080717987,0.16712577591587108,0.021953849631528827,0.14517192628434225,True,True
1.75,25043001,26,0.006486938818796251,-0.24759483985413838,-0.1291351105542926,-0.24759483985413838,0.033098838268948605,-0.280693678123087,False,False
1.75,25043001,28,0.008739355605714039,-0.2192184893531371,-0.019604408035445164,-0.2192184893531371,0.10011230709240984,-0.31933079644554696,False,False
1.75,25043001,30,0.025670387050772625,0.033098838268948605,0.14535487433327648,0.033098838268948605,0.16712577591587108,-0.13402693764692247,True,False
1.75,25043001,32,0.047065180520551086,0.23372707734617704,0.184716934528404,0.184716934528404,0.005885057088779427,0.17883187743962456,True,True
1.75,25043001,34,2.7168389029608164e-05,-0.0026660550948426343,-0.02132872409138975,-0.02132872409138975,0.033098838268948605,-0.054427562360338355,False,False
1.75,25043002,0,0.03468649277731295,-0.0233869810466244,0.09248786546136811,-0.0233869810466244,-0.00018233595006544867,-0.02320464509655895,False,False
1.75,25043002,1,0.03652386460687662,0.18813801660224616,-0.4599488914291018,-0.4599488914291018,-0.033971615735767235,-0.42597727569333455,False,False
1.75,25043002,2,0.01715242292808483,0.06300327504535996,0.19879550822163033,0.06300327504535996,-0.011784658498344924,0.07478793354370489,True,True
1.75,25043002,3,0.02093694652915712,0.09966223276327446,0.13013294641498635,0.09966223276327446,-0.04865536506879953,0.148317597832074,True,True
1.75,25043002,4,0.01792976813770153,0.049849587210155366,-0.05947811936019548,-0.05947811936019548,0.05246458539709059,-0.11194270475728607,False,False
1.75,25043002,6,0.036763678743954475,0.18045979724708872,-0.08911083681419163,-0.08911083681419163,0.02614112472351257,-0.1152519615377042,False,False
1.75,25043002,7,0.024906888484580225,0.047111426207331,-0.11947995657631805,-0.11947995657631805,-0.014745816181222948,-0.1047341403950951,False,False
1.75,25043002,8,0.0270943587284318,-0.00018233595006544867,0.19050620205590602,-0.00018233595006544867,0.05246458539709059,-0.05264692134715604,False,False
1.75,25043002,9,0.012993339106122104,-0.04865536506879953,0.16404375773981816,-0.04865536506879953,-0.010203765959710953,-0.038451599109088574,False,False
1.75,25043002,10,0.005221213507887512,0.5550781507546356,0.3659327731176767,0.3659327731176767,-0.011784658498344924,0.3777174316160216,True,True
1.75,25043002,11,0.0009961521236525606,0.3104657222626357,-0.019287866402734943,-0.019287866402734943,-0.012502121041550712,-0.006785745361184231,False,False
1.75,25043002,12,0.020819282098559988,0.475442517984213,0.16913541032998966,0.16913541032998966,-0.029830227655130465,0.19896563798512013,True,True
1.75,25043002,13,0.01331021488015649,-0.010203765959710953,0.261817380350294,-0.010203765959710953,-0.017044171263062707,0.006840405303351754,False,True
1.75,25043002,14,0.015156817387387722,0.05246458539709059,0.2111088606376889,0.05246458539709059,-0.029830227655130465,0.08229481305222106,True,True
1.75,25043002,15,0.009271210522554085,0.4370974050844074,0.2220195860067693,0.2220195860067693,-0.019287866402734943,0.24130745240950424,True,True
1.75,25043002,16,0.012634139582048398,-0.06913999307379537,0.04719919090756375,-0.06913999307379537,0.02614112472351257,-0.09528111779730794,False,False
1.75,25043002,18,0.005614390250219703,0.39996172797459756,0.1891502776898531,0.1891502776898531,-0.015216063401421398,0.2043663410912745,True,True
1.75,25043002,19,0.023586879545018924,0.28137905954485715,0.09992038952998683,0.09992038952998683,-0.017044171263062707,0.11696456079304954,True,True
1.75,25043002,20,0.006400191300169222,0.5024059718507725,-0.19458535459458062,-0.19458535459458062,0.011107397272156622,-0.20569275186673724,False,False
1.75,25043002,21,0.03123893155937285,0.20433398687483634,-0.014800476123390471,-0.014800476123390471,-0.010203765959710953,-0.004596710163679518,False,False
1.75,25043002,22,0.012088034612514065,0.4505217854091984,-0.13512550922712302,-0.13512550922712302,0.011107397272156622,-0.14623290649927964,False,False
1.75,25043002,23,0.004263695946931989,-0.3759196361773992,-0.03153797989081503,-0.3759196361773992,0.04485831178513794,-0.42077794796253715,False,False
1.75,25043002,24,0.001063684921173369,0.2624544052034361,0.09528648798046524,0.09528648798046524,-0.05787094210113686,0.1531574300816021,True,True
1.75,25043002,26,0.006486938818796251,0.2968790735899329,-0.030249790852777347,-0.030249790852777347,-0.06913999307379537,0.03889020222101802,False,True
1.75,25043002,28,0.008739355605714039,0.22814951476131734,-0.10012506045512365,-0.10012506045512365,-0.038425840990627846,-0.0616992194644958,False,False
1.75,25043002,30,0.025670387050772625,0.27758335367050707,-0.0916820730510225,-0.0916820730510225,-0.046601891128478345,-0.04508018192254415,False,False
1.75,25043002,32,0.047065180520551086,0.2645400753551975,0.06374652445355211,0.06374652445355211,-0.06914198208975042,0.13288850654330253,True,True
1.75,25043002,34,2.7168389029608164e-05,-0.035297865909633686,-0.046601891128478345,-0.046601891128478345,-0.030249790852777347,-0.016352100275700998,False,False
1.75,25043003,0,0.03468649277731295,-0.028211602333624852,0.09874316488119583,-0.028211602333624852,0.06900632435678589,-0.09721792669041074,False,False
1.75,25043003,1,0.03652386460687662,0.05126867106830568,-0.09904803444348431,-0.09904803444348431,0.06487615784024087,-0.16392419228372518,False,False
1.75,25043003,2,0.01715242292808483,0.3590906511017276,0.2398121842577467,0.2398121842577467,0.020397361011580517,0.21941482324616618,True,True
1.75,25043003,3,0.02093694652915712,0.1969835967099587,0.29402335509138905,0.1969835967099587,-0.00885850593570997,0.20584210264566868,True,True
1.75,25043003,4,0.01792976813770153,0.13712310812279566,0.6918658575275337,0.13712310812279566,0.06900632435678589,0.06811678376600977,True,True
1.75,25043003,6,0.036763678743954475,0.1306921852688081,0.06900632435678589,0.06900632435678589,0.0544557528945854,0.014550571462200484,True,True
1.75,25043003,7,0.024906888484580225,0.062737591856943,0.021687339237503878,0.021687339237503878,-0.04126643604694438,0.06295377528444826,True,True
1.75,25043003,8,0.0270943587284318,-0.07806542074986073,0.12568805056824847,-0.07806542074986073,0.07058866839201206,-0.14865408914187278,False,False
1.75,25043003,9,0.012993339106122104,-0.001329717019456278,-0.00885850593570997,-0.00885850593570997,-0.04801821860663674,0.03915971267092677,False,True
1.75,25043003,10,0.005221213507887512,0.24116172947423398,-0.14210893668094043,-0.14210893668094043,0.10385588825740386,-0.2459648249383443,False,False
1.75,25043003,11,0.0009961521236525606,0.10806497644297786,0.29202085826635094,0.10806497644297786,-0.045015258222701304,0.15308023466567916,True,True
1.75,25043003,12,0.020819282098559988,0.6142201313736434,0.21966502003418045,0.21966502003418045,0.10385588825740386,0.1158091317767766,True,True
1.75,25043003,13,0.01331021488015649,-0.1644234640928308,-0.010195122408228008,-0.1644234640928308,-0.02543540188723792,-0.13898806220559287,False,False
1.75,25043003,14,0.015156817387387722,0.31878676499953956,0.6049004218200364,0.31878676499953956,0.06979749637439897,0.2489892686251406,True,True
1.75,25043003,15,0.009271210522554085,-0.0736743661581788,0.07746076127484369,-0.0736743661581788,-0.042012297838765866,-0.03166206831941293,False,False
1.75,25043003,16,0.012634139582048398,-0.05009290442675751,-0.1292866126466623,-0.1292866126466623,0.06979749637439897,-0.19908410902106127,False,False
1.75,25043003,18,0.005614390250219703,0.07058866839201206,0.3869599405576782,0.07058866839201206,0.002719732704879574,0.06786893568713248,True,True
1.75,25043003,19,0.023586879545018924,-0.04801821860663674,0.34639166408870775,-0.04801821860663674,-0.05784333199847233,0.009825113391835588,False,True
1.75,25043003,20,0.006400191300169222,0.1833127819190403,0.23162177008652712,0.1833127819190403,0.002719732704879574,0.18059304921416072,True,True
1.75,25043003,21,0.03123893155937285,-0.042012297838765866,0.1720972141175433,-0.042012297838765866,-0.0736743661581788,0.03166206831941293,False,True
1.75,25043003,22,0.012088034612514065,0.17070488845021747,0.1690186928189261,0.1690186928189261,0.061311165774258436,0.10770752704466766,True,True
1.75,25043003,23,0.004263695946931989,-0.3686737265956343,0.23686832384992607,-0.3686737265956343,-0.06084629238240777,-0.30782743421322656,False,False
1.75,25043003,24,0.001063684921173369,-0.04659419774674567,0.12931492706207626,-0.04659419774674567,0.061311165774258436,-0.1079053635210041,False,False
1.75,25043003,26,0.006486938818796251,0.013253460535233907,-0.04976433973362793,-0.04976433973362793,0.05203366315650482,-0.10179800289013274,False,False
1.75,25043003,28,0.008739355605714039,0.09100718717761702,0.05203366315650482,0.05203366315650482,0.022931469725932407,0.02910219343057241,True,True
1.75,25043003,30,0.025670387050772625,0.13388370271570815,-0.0987443748795786,-0.0987443748795786,0.05203366315650482,-0.15077803803608342,False,False
1.75,25043003,32,0.047065180520551086,0.26707844016879556,0.12413317859062045,0.12413317859062045,-0.035659963343446455,0.1597931419340669,True,True
1.75,25043003,34,2.7168389029608164e-05,-0.019939258136125182,-0.02472572894014724,-0.02472572894014724,-0.04659419774674567,0.02186846880659843,False,True
1.75,25043004,0,0.03468649277731295,0.048537589210595034,0.12272959488904123,0.048537589210595034,-0.06528532407347709,0.11382291328407212,True,True
1.75,25043004,1,0.03652386460687662,-0.04019671703227323,-0.3373815370373959,-0.3373815370373959,-0.0975763087434458,-0.23980522829395007,False,False
1.75,25043004,2,0.01715242292808483,0.104310889921297,0.17416101793790167,0.104310889921297,-0.05723049349675208,0.16154138341804908,True,True
1.75,25043004,3,0.02093694652915712,-0.06339302416817821,0.2673686071218429,-0.06339302416817821,-0.1317595933187134,0.06836656915053518,False,True
1.75,25043004,4,0.01792976813770153,-0.12206347103708085,0.004310739844332945,-0.12206347103708085,0.048537589210595034,-0.17060106024767588,False,False
1.75,25043004,6,0.036763678743954475,0.17245283077305573,-0.04917566292002706,-0.04917566292002706,-0.008373867431441029,-0.040801795488586035,False,False
1.75,25043004,7,0.024906888484580225,-0.1317595933187134,0.044550669631662876,-0.1317595933187134,-0.007854603781351804,-0.12390498953736159,False,False
1.75,25043004,8,0.0270943587284318,-0.06528532407347709,0.16525248750021576,-0.06528532407347709,-0.04917566292002706,-0.016109661153450028,False,False
1.75,25043004,9,0.012993339106122104,0.054351994563736516,-0.32817145751037985,-0.32817145751037985,-0.06339302416817821,-0.26477843334220164,False,False
1.75,25043004,10,0.005221213507887512,-0.12641101765862317,-0.3083700946665771,-0.3083700946665771,-0.030304644258389163,-0.278065450408188,False,False
1.75,25043004,11,0.0009961521236525606,0.0706204750352094,0.047683816605474605,0.047683816605474605,-0.10903093696894578,0.15671475357442038,True,True
1.75,25043004,12,0.020819282098559988,0.2903449789715449,0.2398286415416931,0.2398286415416931,-0.05723049349675208,0.29705913503844517,True,True
1.75,25043004,13,0.01331021488015649,0.06776105145189798,0.5363403750932519,0.06776105145189798,-0.07484765239367819,0.14260870384557617,True,True
1.75,25043004,14,0.015156817387387722,0.3541445163226351,0.5475924449693493,0.3541445163226351,-0.05723049349675208,0.4113750098193872,True,True
1.75,25043004,15,0.009271210522554085,0.06572850084850038,0.09362384447193617,0.06572850084850038,-0.08630228061917816,0.15203078146767854,True,True
1.75,25043004,16,0.012634139582048398,0.2734789198791835,-0.22100636589899597,-0.22100636589899597,-0.030304644258389163,-0.1907017216406068,False,False
1.75,25043004,18,0.005614390250219703,-0.10022537107144733,0.23899744232312325,-0.10022537107144733,-0.03835947483511418,-0.06186589623633315,False,False
1.75,25043004,19,0.023586879545018924,-0.148740796389849,0.06329857955294405,-0.148740796389849,0.05670615872698749,-0.20544695511683647,False,False
1.75,25043004,20,0.006400191300169222,0.2042155078838473,-0.011433625596751262,-0.011433625596751262,-0.049087644146639006,0.037654018549887744,False,True
1.75,25043004,21,0.03123893155937285,-0.08630228061917816,0.23145938383205406,-0.08630228061917816,0.06572850084850038,-0.15203078146767854,False,False
1.75,25043004,22,0.012088034612514065,0.0020500827781693154,0.24062647192378622,0.0020500827781693154,0.007672932816766537,-0.005622850038597221,True,False
1.75,25043004,23,0.004263695946931989,0.2933414342790297,0.3332789566069633,0.2933414342790297,-0.010286889885338893,0.3036283241643686,True,True
1.75,25043004,24,0.001063684921173369,0.0648396554094205,0.026779491230284336,0.026779491230284336,-0.026245814313877985,0.05302530554416232,True,True
1.75,25043004,26,0.006486938818796251,-0.16842493330717823,-0.1066274547242875,-0.16842493330717823,-0.011433625596751262,-0.15699130771042696,False,False
1.75,25043004,28,0.008739355605714039,-0.21730819583383637,-0.15279194122813322,-0.21730819583383637,-0.0046917714092909735,-0.2126164244245454,False,False
1.75,25043004,30,0.025670387050772625,0.10410787545095157,0.15678629282614703,0.10410787545095157,-0.011433625596751262,0.11554150104770283,True,True
1.75,25043004,32,0.047065180520551086,0.09939432132996151,0.11759620250085556,0.09939432132996151,-0.019503960126417696,0.1188982814563792,True,True
1.75,25043004,34,2.7168389029608164e-05,-0.04105800303100471,-0.011423682889088349,-0.04105800303100471,0.026779491230284336,-0.06783749426128904,False,False
1.75,25043005,0,0.03468649277731295,0.21891707059433296,0.20717190945078945,0.20717190945078945,-0.04421575401223915,0.2513876634630286,True,True
1.75,25043005,1,0.03652386460687662,0.17202085461013294,-0.4255103593326778,-0.4255103593326778,-0.16961965408437363,-0.25589070524830415,False,False
1.75,25043005,2,0.01715242292808483,-0.3814663642613614,-0.43404507070293,-0.43404507070293,0.15171384632637586,-0.5857589170293058,False,False
1.75,25043005,3,0.02093694652915712,-0.4128731523668703,0.39257237211102497,-0.4128731523668703,-0.12936895537156462,-0.28350419699530566,False,False
1.75,25043005,4,0.01792976813770153,0.3245443017470113,0.20129758476150816,0.20129758476150816,0.022773596470261726,0.17852398829124644,True,True
1.75,25043005,6,0.036763678743954475,0.10213010789124355,0.11122129120081614,0.10213010789124355,-0.010721078770988712,0.11285118666223226,True,True
1.75,25043005,7,0.024906888484580225,0.0677044677205566,-0.12936895537156462,-0.12936895537156462,-0.05161298654806995,-0.07775596882349467,False,False
1.75,25043005,8,0.0270943587284318,-0.15190145416474263,0.1760734258001409,-0.15190145416474263,0.10213010789124355,-0.2540315620559862,False,False
1.75,25043005,9,0.012993339106122104,-0.20987035279718264,-0.13044673687177039,-0.20987035279718264,0.10664437970104274,-0.31651473249822537,False,False
1.75,25043005,10,0.005221213507887512,0.44348505140075833,-0.04421575401223915,-0.04421575401223915,0.12951857197805328,-0.17373432599029243,False,False
1.75,25043005,11,0.0009961521236525606,0.206434881426314,0.2675956052050464,0.206434881426314,-0.01812863613174981,0.2245635175580638,True,True
1.75,25043005,12,0.020819282098559988,0.4784051820559833,0.500940577389362,0.4784051820559833,0.06245185218075264,0.4159533298752307,True,True
1.75,25043005,13,0.01331021488015649,0.10664437970104274,0.32651047033164216,0.10664437970104274,0.06112072192181714,0.045523657779225596,True,True
1.75,25043005,14,0.015156817387387722,0.022773596470261726,0.37474509551066143,0.022773596470261726,0.17910231041318558,-0.15632871394292386,True,False
1.75,25043005,15,0.009271210522554085,0.4661024559386938,0.5214344766582456,0.4661024559386938,0.093111683108065,0.3729907728306288,True,True
1.75,25043005,16,0.012634139582048398,-0.22644855624664384,0.031112422074738022,-0.22644855624664384,0.12951857197805328,-0.3559671282246971,False,False
1.75,25043005,18,0.005614390250219703,0.44680586869782984,0.2650001475153285,0.2650001475153285,-0.010721078770988712,0.27572122628631723,True,True
1.75,25043005,19,0.023586879545018924,0.15128660167598734,0.1347894859722364,0.1347894859722364,0.09987803140455387,0.03491145456768252,True,True
1.75,25043005,20,0.006400191300169222,0.548492662992117,0.156907036064863,0.156907036064863,-0.010721078770988712,0.16762811483585172,True,True
1.75,25043005,21,0.03123893155937285,0.093111683108065,0.30448992107846234,0.093111683108065,0.1347894859722364,-0.04167780286417139,True,False
1.75,25043005,22,0.012088034612514065,0.5565990279575584,0.35899866641988193,0.35899866641988193,0.06125167510559479,0.29774699131428717,True,True
1.75,25043005,23,0.004263695946931989,0.029129760735569277,0.37712628954111543,0.029129760735569277,0.12071693283663956,-0.09158717210107029,True,False
1.75,25043005,24,0.001063684921173369,0.3134400516055209,0.2818369035574486,0.2818369035574486,0.0034284395479957375,0.27840846400945285,True,True
1.75,25043005,26,0.006486938818796251,-0.12890457780768405,-0.0654465066936269,-0.12890457780768405,0.09972975374092785,-0.2286343315486119,False,False
1.75,25043005,28,0.008739355605714039,0.2909398629130668,-0.11755126380528713,-0.11755126380528713,0.12831839490289543,-0.24586965870818256,False,False
1.75,25043005,30,0.025670387050772625,-0.3332104610548483,0.19955504464665763,-0.3332104610548483,0.09972975374092785,-0.43294021479577616,False,False
1.75,25043005,32,0.047065180520551086,0.21684299864194567,0.09972975374092785,0.09972975374092785,-0.06673399058977869,0.16646374433070654,True,True
1.75,25043005,34,2.7168389029608164e-05,0.11847804354968161,-0.01591671737427025,-0.01591671737427025,-0.11755126380528713,0.10163454643101688,False,True
1.75,25043006,0,0.03468649277731295,0.033006207682711564,0.205764245049171,0.033006207682711564,0.02672010253137902,0.006286105151332544,True,True
1.75,25043006,1,0.03652386460687662,0.14788742423249712,-0.22793295286146042,-0.22793295286146042,-0.20405646227429433,-0.023876490587166094,False,False
1.75,25043006,2,0.01715242292808483,0.32234658259494653,0.2571786494996295,0.2571786494996295,0.02986315510704529,0.2273154943925842,True,True
1.75,25043006,3,0.02093694652915712,0.16374000135997224,0.5795231969613188,0.16374000135997224,-0.21383044657184486,0.3775704479318171,True,True
1.75,25043006,4,0.01792976813770153,0.07223502951574595,0.7164686811463792,0.07223502951574595,0.033006207682711564,0.03922882183303439,True,True
1.75,25043006,6,0.036763678743954475,-0.05695664308454895,-0.02842294803065004,-0.05695664308454895,0.1330786662125708,-0.19003530929711976,False,False
1.75,25043006,7,0.024906888484580225,0.11935806838467866,-0.21383044657184486,-0.21383044657184486,-0.1238723514044253,-0.08995809516741955,False,False
1.75,25043006,8,0.0270943587284318,0.02672010253137902,0.25319329890577263,0.02672010253137902,0.07223502951574595,-0.04551492698436693,True,False
1.75,25043006,9,0.012993339106122104,-0.006624083971482675,-0.2875921517986118,-0.2875921517986118,-0.0534622248321068,-0.234129926966505,False,False
1.75,25043006,10,0.005221213507887512,0.46241524424631475,-0.2008395741505652,-0.2008395741505652,0.05262061859922876,-0.2534601927497939,False,False
1.75,25043006,11,0.0009961521236525606,0.10712452823091381,-0.1942824779767438,-0.1942824779767438,0.03610297287695839,-0.2303854508537022,False,False
1.75,25043006,12,0.020819282098559988,0.4238830677149068,0.19392230290939563,0.19392230290939563,0.01786892290993898,0.17605337999945664,True,True
1.75,25043006,13,0.01331021488015649,-0.0534622248321068,-0.02924359312138089,-0.0534622248321068,0.10919821701341464,-0.16266044184552145,False,False
1.75,25043006,14,0.015156817387387722,0.2483642903965495,0.22957945914061503,0.22957945914061503,-0.004397031753362878,0.2339764908939779,True,True
1.75,25043006,15,0.009271210522554085,0.2803568796653439,0.23480889512303263,0.23480889512303263,-0.0534622248321068,0.28827111995513943,True,True
1.75,25043006,16,0.012634139582048398,0.20565199670546175,0.26693229099373356,0.20565199670546175,-0.018260862942924474,0.22391285964838623,True,True
1.75,25043006,18,0.005614390250219703,0.009017743288498942,0.08980928709357672,0.009017743288498942,-0.018260862942924474,0.027278606231423416,True,True
1.75,25043006,19,0.023586879545018924,0.2773981085652819,0.1256681705860236,0.1256681705860236,0.01963301930434945,0.10603515128167414,True,True
1.75,25043006,20,0.006400191300169222,0.002672656533348472,-0.01870991909062425,-0.01870991909062425,-0.019931142447511343,0.0012212233568870932,False,True
1.75,25043006,21,0.03123893155937285,0.16780522803371908,0.3384745073997466,0.16780522803371908,0.0927282634408057,0.07507696459291338,True,True
1.75,25043006,22,0.012088034612514065,-0.017811806795224698,0.35938912410442825,-0.017811806795224698,-0.004846087901062654,-0.012965718894162044,False,False
1.75,25043006,23,0.004263695946931989,0.0927282634408057,0.541397035450961,0.0927282634408057,0.14673669930987132,-0.05400843586906562,True,False
1.75,25043006,24,0.001063684921173369,-0.16944274718940744,0.4156660224534501,-0.16944274718940744,-0.018260862942924474,-0.15118188424648296,False,False
1.75,25043006,26,0.006486938818796251,-0.19366006803922364,0.14986376887118208,-0.19366006803922364,-0.01870991909062425,-0.1749501489485994,False,False
1.75,25043006,28,0.008739355605714039,0.11957280417229549,-0.022050478099797988,-0.022050478099797988,-0.023727637370945354,0.001677159271147366,False,True
1.75,25043006,30,0.025670387050772625,-0.10990298266019688,0.1613095052429318,-0.10990298266019688,-0.022050478099797988,-0.08785250456039889,False,False
1.75,25043006,32,0.047065180520551086,0.09731029709819183,0.06343159688013567,0.06343159688013567,-0.06932416915573167,0.13275576603586733,True,True
1.75,25043006,34,2.7168389029608164e-05,-0.02348338162469532,-0.028745355651266458,-0.028745355651266458,-0.10990298266019688,0.08115762700893042,False,True
1.75,25043007,0,0.03468649277731295,-0.0071710708204156814,0.03847618640264383,-0.0071710708204156814,-0.18151591661174676,0.17434484579133108,False,True
1.75,25043007,1,0.03652386460687662,0.4590183751869595,-0.021600234825184583,-0.021600234825184583,-0.11784669354641886,0.09624645872123427,False,True
1.75,25043007,2,0.01715242292808483,0.4839468029261859,0.3661233721629519,0.3661233721629519,-0.16516378874475846,0.5312871609077103,True,True
1.75,25043007,3,0.02093694652915712,-0.27976416738234244,0.1193775648916377,-0.27976416738234244,-0.021600234825184583,-0.25816393255715786,False,False
1.75,25043007,4,0.01792976813770153,-0.35428128680993304,0.6983790099835591,-0.35428128680993304,-0.0071710708204156814,-0.34711021598951736,False,False
1.75,25043007,6,0.036763678743954475,0.06203110720152305,0.17653197333933313,0.06203110720152305,-0.13778186049734692,0.19981296769886997,True,True
1.75,25043007,7,0.024906888484580225,0.05492645713530825,0.049246520867780696,0.049246520867780696,-0.05662524813846438,0.10587176900624508,True,True
1.75,25043007,8,0.0270943587284318,-0.02979403989612256,-0.18151591661174676,-0.18151591661174676,-0.0071710708204156814,-0.17434484579133108,False,False
1.75,25043007,9,0.012993339106122104,-0.2783817089279764,-0.08422949844270533,-0.2783817089279764,-0.021600234825184583,-0.25678147410279184,False,False
1.75,25043007,10,0.005221213507887512,-0.2816576645855017,-0.20480791673334214,-0.2816576645855017,0.027430018190553684,-0.30908768277605536,False,False
1.75,25043007,11,0.0009961521236525606,0.3785057710804516,0.04268832183513871,0.04268832183513871,-0.05662524813846438,0.09931356997360309,True,True
1.75,25043007,12,0.020819282098559988,0.15845358682025476,-0.14881166087777017,-0.14881166087777017,-0.026746553594514208,-0.12206510728325597,False,False
1.75,25043007,13,0.01331021488015649,-0.09165026145174418,0.11184980713765796,-0.09165026145174418,-0.09731279201048934,0.00566253055874516,False,True
1.75,25043007,14,0.015156817387387722,0.39452103495104157,0.4020773163341917,0.39452103495104157,-0.12523083218761266,0.5197518671386543,True,True
1.75,25043007,15,0.009271210522554085,0.4024234493458803,0.07289472736464775,0.07289472736464775,-0.09165026145174418,0.16454498881639193,True,True
1.75,25043007,16,0.012634139582048398,0.2643333957282419,-0.12675206011692364,-0.12675206011692364,-0.11961690932442658,-0.007135150792497061,False,False
1.75,25043007,18,0.005614390250219703,0.12203806671533321,0.3107561747704498,0.12203806671533321,-0.12523083218761266,0.24726889890294587,True,True
1.75,25043007,19,0.023586879545018924,-0.24052200160483928,0.21656344898503802,-0.24052200160483928,-0.04037429053056159,-0.2001477110742777,False,False
1.75,25043007,20,0.006400191300169222,0.293870684938144,0.12883170319821632,0.12883170319821632,-0.12523083218761266,0.254062535385829,True,True
1.75,25043007,21,0.03123893155937285,0.23655203389984203,0.010901680390621005,0.010901680390621005,-0.09165026145174418,0.10255194184236519,True,True
1.75,25043007,22,0.012088034612514065,0.032481088385311496,-0.11552421439055147,-0.11552421439055147,-0.04823054125730453,-0.06729367313324694,False,False
1.75,25043007,23,0.004263695946931989,-0.20552726441159969,0.5990147827355806,-0.20552726441159969,-0.04037429053056159,-0.1651529738810381,False,False
1.75,25043007,24,0.001063684921173369,-0.12370960425830169,0.22389631256366582,-0.12370960425830169,0.004946783401451105,-0.1286563876597528,False,False
1.75,25043007,26,0.006486938818796251,0.22426588594523877,-0.24107450136700312,-0.24107450136700312,-0.017354954940790424,-0.2237195464262127,False,False
1.75,25043007,28,0.008739355605714039,0.027248521743692633,0.07762556450305746,0.027248521743692633,-0.06643958466567094,0.09368810640936358,True,True
1.75,25043007,30,0.025670387050772625,0.08760899134584332,-0.2223948164042171,-0.2223948164042171,-0.017354954940790424,-0.20503986146342668,False,False
1.75,25043007,32,0.047065180520551086,0.12048968570391905,0.1354977951371763,0.12048968570391905,-0.11961690932442658,0.24010659502834564,True,True
1.75,25043007,34,2.7168389029608164e-05,-0.013050598620975351,-0.017354954940790424,-0.017354954940790424,-0.12370960425830169,0.10635464931751126,False,True
1.75,25043008,0,0.03468649277731295,0.02638764659979398,0.1927214356943051,0.02638764659979398,-0.0428721945506593,0.06925984115045328,True,True
1.75,25043008,1,0.03652386460687662,0.22166294051901864,-0.5076084362836629,-0.5076084362836629,-0.10897422725277817,-0.39863420903088476,False,False
1.75,25043008,2,0.01715242292808483,-0.01647709577023415,0.16110083879798137,-0.01647709577023415,-0.00824227397543266,-0.008234821794801492,False,False
1.75,25043008,3,0.02093694652915712,-0.17451335686632188,0.4648662452904129,-0.17451335686632188,-0.06001064128148925,-0.11450271558483263,False,False
1.75,25043008,4,0.01792976813770153,-0.047643523700642565,0.4054427803073015,-0.047643523700642565,0.02638764659979398,-0.07403117030043654,False,False
1.75,25043008,6,0.036763678743954475,0.009790159400327236,-0.07559503662826472,-0.07559503662826472,0.004955275414779914,-0.08055031204304464,False,False
1.75,25043008,7,0.024906888484580225,-0.06001064128148925,0.08579399783506214,-0.06001064128148925,-0.04259557667970143,-0.017415064601787822,False,False
1.75,25043008,8,0.0270943587284318,-0.0428721945506593,0.08954686766054254,-0.0428721945506593,-0.01647709577023415,-0.026395098780425147,False,False
1.75,25043008,9,0.012993339106122104,0.08323842003737814,-0.15793781322406708,-0.15793781322406708,-0.04045528598994297,-0.11748252723412411,False,False
1.75,25043008,10,0.005221213507887512,0.40850616905632925,0.1992354499231746,0.1992354499231746,-0.04525785912565093,0.24449330904882555,True,True
1.75,25043008,11,0.0009961521236525606,0.07274665986466422,0.17409138606520558,0.07274665986466422,-0.09992848248198369,0.1726751423466479,True,True
1.75,25043008,12,0.020819282098559988,0.18428761091126034,0.38958166297842434,0.18428761091126034,-0.04525785912565093,0.22954547003691128,True,True
1.75,25043008,13,0.01331021488015649,0.39769289031406874,0.3565161420373053,0.3565161420373053,-0.09992848248198369,0.456444624519289,True,True
1.75,25043008,14,0.015156817387387722,0.28497765406280195,0.1735327749416739,0.1735327749416739,-0.04525785912565093,0.21879063406732485,True,True
1.75,25043008,15,0.009271210522554085,0.1179285538700778,0.4996626831303811,0.1179285538700778,-0.06001064128148925,0.17793919515156706,True,True
1.75,25043008,16,0.012634139582048398,0.08275105103377878,-0.2687390434454591,-0.2687390434454591,0.053298459242680604,-0.32203750268813974,False,False
1.75,25043008,18,0.005614390250219703,-0.08396305254944714,-0.05717172140193311,-0.08396305254944714,0.06709696319008124,-0.15106001573952837,False,False
1.75,25043008,19,0.023586879545018924,-0.04045528598994297,0.30314795756984314,-0.04045528598994297,-0.03354983190890695,-0.0069054540810360165,False,False
1.75,25043008,20,0.006400191300169222,-0.11134933546409034,-0.00555683758854561,-0.11134933546409034,0.06709696319008124,-0.17844629865417158,False,False
1.75,25043008,21,0.03123893155937285,-0.13984632368247812,0.1079531219857573,-0.13984632368247812,0.07274665986466422,-0.21259298354714234,False,False
1.75,25043008,22,0.012088034612514065,0.5521721629096785,0.4115925236064264,0.4115925236064264,-0.04899624913262393,0.4605887727390503,True,True
1.75,25043008,23,0.004263695946931989,-0.1716228282332773,0.0876466706593273,-0.1716228282332773,0.03873663394006742,-0.21035946217334472,False,False
1.75,25043008,24,0.001063684921173369,0.38233169382679244,0.1494691130360205,0.1494691130360205,-0.0562941267505023,0.2057632397865228,True,True
1.75,25043008,26,0.006486938818796251,0.007872208733981145,-0.21027921287806228,-0.21027921287806228,-0.029870941891614766,-0.18040827098644752,False,False
1.75,25043008,28,0.008739355605714039,0.04419110216968686,-0.01527518665585803,-0.01527518665585803,-0.0562941267505023,0.04101894009464427,False,True
1.75,25043008,30,0.025670387050772625,0.014569193606120301,-0.08271731160938983,-0.08271731160938983,-0.01527518665585803,-0.0674421249535318,False,False
1.75,25043008,32,0.047065180520551086,0.19112304929693347,0.12201230838353905,0.12201230838353905,-0.0225730642737364,0.14458537265727545,True,True
1.75,25043008,34,2.7168389029608164e-05,-0.029870941891614766,-0.020165668572309614,-0.029870941891614766,-0.01527518665585803,-0.014595755235756736,False,False
1.75,25043009,0,0.03468649277731295,-0.01744411127402279,0.05757688245211945,-0.01744411127402279,0.15788004668998168,-0.17532415796400447,False,False
1.75,25043009,1,0.03652386460687662,0.1547874115187427,-0.15656069884305152,-0.15656069884305152,-0.13985051452660135,-0.01671018431645016,False,False
1.75,25043009,2,0.01715242292808483,0.2562561894273028,0.15788004668998168,0.15788004668998168,0.05023430368261364,0.10764574300736804,True,True
1.75,25043009,3,0.02093694652915712,0.2573474969252563,-0.17290488584603075,-0.17290488584603075,-0.10679614320717196,-0.0661087426388588,False,False
1.75,25043009,4,0.01792976813770153,0.2822282555235984,0.16012817449265768,0.16012817449265768,0.11791271863925007,0.04221545585340761,True,True
1.75,25043009,6,0.036763678743954475,-0.18149105812348526,-0.004422265981235296,-0.18149105812348526,0.13163544239520408,-0.31312650051868934,False,False
1.75,25043009,7,0.024906888484580225,-0.10679614320717196,-0.02759939775008169,-0.10679614320717196,-0.11014389602627467,0.0033477528191027117,False,True
1.75,25043009,8,0.0270943587284318,0.19841862062443827,0.19835260619154765,0.19835260619154765,-0.01744411127402279,0.21579671746557044,True,True
1.75,25043009,9,0.012993339106122104,0.18045047918394203,-0.19979668404405948,-0.19979668404405948,-0.06372709320949782,-0.13606959083456166,False,False
1.75,25043009,10,0.005221213507887512,-0.0879560241033015,-0.4020067887857171,-0.4020067887857171,0.05023430368261364,-0.4522410924683308,False,False
1.75,25043009,11,0.0009961521236525606,-0.06372709320949782,0.08050732448338715,-0.06372709320949782,-0.07479808047223918,0.01107098726274136,False,True
1.75,25043009,12,0.020819282098559988,0.11791271863925007,0.3007276269385672,0.11791271863925007,0.0023016882469995004,0.11561103039225057,True,True
1.75,25043009,13,0.01331021488015649,0.11218367037783573,0.42588385501734766,0.11218367037783573,-0.053603594845409885,0.1657872652232456,True,True
1.75,25043009,14,0.015156817387387722,0.1453581661511581,0.39329661937615173,0.1453581661511581,-0.035839247668523574,0.18119741381968169,True,True
1.75,25043009,15,0.009271210522554085,0.12786564694995728,0.22344058122994712,0.12786564694995728,-0.04348009648132195,0.17134574343127923,True,True
1.75,25043009,16,0.012634139582048398,-0.1651037433695973,0.01915230964797765,-0.1651037433695973,0.001092637776500649,-0.16619638114609794,False,False
1.75,25043009,18,0.005614390250219703,-0.09770255111126377,0.34912194633865407,-0.09770255111126377,0.001092637776500649,-0.09879518888776442,False,False
1.75,25043009,19,0.023586879545018924,0.12446578862888275,0.2829886876933058,0.12446578862888275,-0.04314005710931418,0.16760584573819692,True,True
1.75,25043009,20,0.006400191300169222,0.031952271064103865,-0.17306913960248235,-0.17306913960248235,-0.027171341972046237,-0.14589779763043612,False,False
1.75,25043009,21,0.03123893155937285,0.07917320660322491,-0.042800017737306406,-0.042800017737306406,0.11218367037783573,-0.15498368811514213,False,False
1.75,25043009,22,0.012088034612514065,0.4339360423111689,0.10230592760526278,0.10230592760526278,-0.027171341972046237,0.129477269577309,True,True
1.75,25043009,23,0.004263695946931989,0.3791475448452242,-0.04348009648132195,-0.04348009648132195,0.11832472950335923,-0.16180482598468118,False,False
1.75,25043009,24,0.001063684921173369,0.28350997182253446,0.026024055774216626,0.026024055774216626,-0.034834156349973056,0.06085821212418968,True,True
1.75,25043009,26,0.006486938818796251,0.07501473222102895,-0.023838780221215328,-0.023838780221215328,-0.039164408977068965,0.015325628755853637,False,True
1.75,25043009,28,0.008739355605714039,-0.45214121766172966,-0.3827429169998018,-0.45214121766172966,-0.027171341972046237,-0.4249698756896834,False,False
1.75,25043009,30,0.025670387050772625,0.3506309975890469,-0.030503903722877146,-0.030503903722877146,-0.023838780221215328,-0.006665123501661818,False,False
1.75,25043009,32,0.047065180520551086,0.17084572566159972,0.1953652778075241,0.17084572566159972,-0.027171341972046237,0.19801706763364596,True,True
1.75,25043009,34,2.7168389029608164e-05,-0.0006178906506355553,-0.039164408977068965,-0.039164408977068965,-0.023838780221215328,-0.015325628755853637,False,False
1.75,25043010,0,0.03468649277731295,-0.004358266048134274,0.09328312619345924,-0.004358266048134274,-0.11522970524903059,0.11087143920089632,False,True
1.75,25043010,1,0.03652386460687662,0.18775506244721796,0.24014077624982633,0.18775506244721796,0.0005050552133563022,0.18725000723386165,True,True
1.75,25043010,2,0.01715242292808483,0.05565566881653067,0.2983466235018863,0.05565566881653067,-0.11199104199826407,0.16764671081479474,True,True
1.75,25043010,3,0.02093694652915712,-0.025432952272418166,0.2924707823640481,-0.025432952272418166,0.07321975750492493,-0.0986527097773431,False,False
1.75,25043010,4,0.01792976813770153,-0.15405066527135142,0.45209898504241486,-0.15405066527135142,-0.004358266048134274,-0.14969239922321714,False,False
1.75,25043010,6,0.036763678743954475,0.1834016248993391,-0.10875237874749755,-0.10875237874749755,-0.05979398564858243,-0.048958393098915115,False,False
1.75,25043010,7,0.024906888484580225,0.23010755014822204,0.07321975750492493,0.07321975750492493,0.04556382060029786,0.027655936904627074,True,True
1.75,25043010,8,0.0270943587284318,-0.11522970524903059,0.17048818503816587,-0.11522970524903059,-0.08402392592915359,-0.031205779319877003,False,False
1.75,25043010,9,0.012993339106122104,-0.11786923627715051,0.13615131182018853,-0.11786923627715051,0.07321975750492493,-0.19108899378207544,False,False
1.75,25043010,10,0.005221213507887512,0.08982506428388559,-0.2351184567238322,-0.2351184567238322,-0.09638815233832557,-0.13873030438550663,False,False
1.75,25043010,11,0.0009961521236525606,0.22594813632720512,0.02644306269913077,0.02644306269913077,0.0700924398834944,-0.043649377184363625,True,False
1.75,25043010,12,0.020819282098559988,0.5549425702393422,0.0781333804911139,0.0781333804911139,-0.11199104199826407,0.19012442248937797,True,True
1.75,25043010,13,0.01331021488015649,0.4254679179391298,0.19152492957828426,0.19152492957828426,0.04556382060029786,0.14596110897798642,True,True
1.75,25043010,14,0.015156817387387722,0.44391992740575714,0.24676408656236137,0.24676408656236137,-0.134640185260191,0.3814042718225524,True,True
1.75,25043010,15,0.009271210522554085,0.06468457850146495,0.2644388420211422,0.06468457850146495,0.06696512226206386,-0.002280543760598913,True,False
1.75,25043010,16,0.012634139582048398,0.20510203182964087,-0.26103412344166266,-0.26103412344166266,-0.11199104199826407,-0.1490430814433986,False,False
1.75,25043010,18,0.005614390250219703,-0.08402392592915359,-0.01472301330031306,-0.08402392592915359,-0.13734972201225978,0.0533257960831062,False,True
1.75,25043010,19,0.023586879545018924,0.27495664468773895,0.32891412042564816,0.27495664468773895,0.04556382060029786,0.2293928240874411,True,True
1.75,25043010,20,0.006400191300169222,-0.005144891355608652,-0.18293275016665994,-0.18293275016665994,-0.09924216680539566,-0.08369058336126428,False,False
1.75,25043010,21,0.03123893155937285,0.06696512226206386,0.4402517470461341,0.06696512226206386,0.06468457850146495,0.002280543760598913,True,True
1.75,25043010,22,0.012088034612514065,0.33231694459074895,0.007708335167017799,0.007708335167017799,-0.09924216680539566,0.10695050197241346,True,True
1.75,25043010,23,0.004263695946931989,0.1446318658352439,-0.3171461067109814,-0.3171461067109814,0.12924502592017406,-0.4463911326311555,False,False
1.75,25043010,24,0.001063684921173369,0.3484772249118322,-0.15946973877548898,-0.15946973877548898,-0.04596372955854619,-0.11350600921694279,False,False
1.75,25043010,26,0.006486938818796251,-0.06656593702051083,-0.1820899937422346,-0.1820899937422346,-0.08402392592915359,-0.09806606781308103,False,False
1.75,25043010,28,0.008739355605714039,0.009065234691098212,-0.11446040768163773,-0.11446040768163773,-0.04596372955854619,-0.06849667812309154,False,False
1.75,25043010,30,0.025670387050772625,0.10326319404883577,0.10516364463617128,0.10326319404883577,-0.11446040768163773,0.2177236017304735,True,True
1.75,25043010,32,0.047065180520551086,0.039754712049294705,0.09434492597677913,0.039754712049294705,-0.06118197043478826,0.10093668248408297,True,True
1.75,25043010,34,2.7168389029608164e-05,0.0007339055342650003,-0.007903533187938794,-0.007903533187938794,-0.11446040768163773,0.10655687449369894,False,True
1.75,25043011,0,0.03468649277731295,0.016996411012614177,0.10368063633036284,0.016996411012614177,-0.02529908924278712,0.0422955002554013,True,True
1.75,25043011,1,0.03652386460687662,0.3491693640267295,0.09368855356142164,0.09368855356142164,-0.04136363043665402,0.13505218399807567,True,True
1.75,25043011,2,0.01715242292808483,-0.15868417135707374,0.2813919116291698,-0.15868417135707374,0.03179834188244285,-0.1904825132395166,False,False
1.75,25043011,3,0.02093694652915712,-0.4331439268464655,0.4435938181210311,-0.4331439268464655,0.09368855356142164,-0.5268324804078872,False,False
1.75,25043011,4,0.01792976813770153,0.04660027275227152,0.4792656364299741,0.04660027275227152,0.016996411012614177,0.029603861739657344,True,True
1.75,25043011,6,0.036763678743954475,0.1387532372151048,-0.02529908924278712,-0.02529908924278712,0.03179834188244285,-0.05709743112522997,False,False
1.75,25043011,7,0.024906888484580225,0.3205394982587989,0.15742465586449295,0.15742465586449295,-0.001343277430138859,0.1587679332946318,True,True
1.75,25043011,8,0.0270943587284318,0.034391057679645065,-0.09981138456662342,-0.09981138456662342,0.04660027275227152,-0.14641165731889494,False,False
1.75,25043011,9,0.012993339106122104,-0.24015191673780098,0.2696728348932595,-0.24015191673780098,0.14208622128630738,-0.38223813802410833,False,False
1.75,25043011,10,0.005221213507887512,0.2185712979065536,0.29336341920943526,0.2185712979065536,-0.004151339115086472,0.22272263702164008,True,True
1.75,25043011,11,0.0009961521236525606,0.21863592684145639,0.39383801715330446,0.21863592684145639,-0.0010409584125083693,0.21967688525396475,True,True
1.75,25043011,12,0.020819282098559988,0.5148694971619447,0.3947693611213814,0.3947693611213814,0.0106505917547422,0.3841187693666392,True,True
1.75,25043011,13,0.01331021488015649,-0.09637510842169936,0.4835214655115717,-0.09637510842169936,0.059980808081505604,-0.15635591650320496,False,False
1.75,25043011,14,0.015156817387387722,0.4156872533883271,0.5542218778860472,0.4156872533883271,0.0106505917547422,0.4050366616335849,True,True
1.75,25043011,15,0.009271210522554085,0.14208622128630738,0.579177200157866,0.14208622128630738,-0.02212460512329617,0.16421082640960355,True,True
1.75,25043011,16,0.012634139582048398,-0.06887382847579904,-0.1920345899722332,-0.1920345899722332,0.061818542199770704,-0.2538531321720039,False,False
1.75,25043011,18,0.005614390250219703,0.4434768263259675,0.35447250440550393,0.35447250440550393,-0.022762757800822153,0.3772352622063261,True,True
1.75,25043011,19,0.023586879545018924,0.17443318975639793,0.3752728993726674,0.17443318975639793,-0.058947537754867274,0.2333807275112652,True,True
1.75,25043011,20,0.006400191300169222,-0.17640275782171033,0.2711823773288612,-0.17640275782171033,0.10161102130365382,-0.2780137791253642,False,False
1.75,25043011,21,0.03123893155937285,-0.09577047038643838,0.3378797834884379,-0.09577047038643838,0.14208622128630738,-0.23785669167274576,False,False
1.75,25043011,22,0.012088034612514065,0.14893617364232853,0.2922475764756165,0.14893617364232853,0.007449912487756727,0.1414862611545718,True,True
1.75,25043011,23,0.004263695946931989,-0.02212460512329617,0.40935998525579215,-0.02212460512329617,0.0231578754499345,-0.04528248057323067,False,False
1.75,25043011,24,0.001063684921173369,-0.11696623128444605,0.14595690097095437,-0.11696623128444605,0.007449912487756727,-0.12441614377220278,False,False
1.75,25043011,26,0.006486938818796251,-0.18784936751569375,-0.3064258556461028,-0.3064258556461028,-0.008108287280978788,-0.298317568365124,False,False
1.75,25043011,28,0.008739355605714039,0.05428586896497911,0.2875301770504168,0.05428586896497911,-0.03607767839580528,0.09036354736078439,True,True
1.75,25043011,30,0.025670387050772625,-0.008108287280978788,0.23225564562651752,-0.008108287280978788,-0.06404706951063177,0.055938782229652984,False,True
1.75,25043011,32,0.047065180520551086,0.02300811225649224,0.024532398359431662,0.02300811225649224,-0.03607767839580528,0.05908579065229752,True,True
1.75,25043011,34,2.7168389029608164e-05,0.07247837126732015,-0.06404706951063177,-0.06404706951063177,-0.008108287280978788,-0.055938782229652984,False,False
2.0,25043000,0,0.015904957916187623,0.0087974945035727,-0.020167101749722027,-0.020167101749722027,0.026233194054285924,-0.04640029580400795,False,False
2.0,25043000,1,0.016935328169437103,-0.023802096874347756,-0.4684596171546139,-0.4684596171546139,-0.012615702948141766,-0.4558439142064722,False,False
2.0,25043000,2,0.008356256984712207,-0.1664875232717044,0.40215638423928035,-0.1664875232717044,0.08073050990772598,-0.2472180331794304,False,False
2.0,25043000,3,0.008894039315378688,-0.14336681412785635,-0.3260255073527,-0.3260255073527,-0.05587472181443914,-0.27015078553826083,False,False
2.0,25043000,4,0.007608418370792069,0.13522782576116604,0.22153061970322852,0.13522782576116604,-0.020167101749722027,0.15539492751088807,True,True
2.0,25043000,6,0.01561716964244031,0.09987299497075885,0.026233194054285924,0.026233194054285924,0.056192123978950154,-0.02995892992466423,True,False
2.0,25043000,7,0.01786288997523977,0.20261580916834843,-0.05587472181443914,-0.05587472181443914,-0.06518885620261039,0.009314134388171247,False,True
2.0,25043000,8,0.014702373407967428,-0.09331121864727043,0.2425583059374884,-0.09331121864727043,0.026233194054285924,-0.11954441270155636,False,False
2.0,25043000,9,0.0028365214687111617,0.03064331591815561,0.1045734385295447,0.03064331591815561,-0.05587472181443914,0.08651803773259475,True,True
2.0,25043000,10,0.007142277370835615,0.5372854908437725,0.31989686196430966,0.31989686196430966,0.0071045332239167425,0.3127923287403929,True,True
2.0,25043000,11,0.0013034402238076837,0.4164709611894506,0.29797391941651674,0.29797391941651674,-0.012615702948141766,0.3105896223646585,True,True
2.0,25043000,12,0.012674757458126962,0.3402846056624985,0.5617100666448108,0.3402846056624985,0.0071045332239167425,0.3331800724385818,True,True
2.0,25043000,13,0.005576898577876577,-0.1610210283233764,0.493801818709973,-0.1610210283233764,0.07049808395245497,-0.23151911227583136,False,False
2.0,25043000,14,0.0051861723087403,-0.16773193903831474,0.6842469793352101,-0.16773193903831474,0.06878373630452916,-0.2365156753428439,False,False
2.0,25043000,15,0.006136329403515273,0.42527668645618943,0.34120625363362084,0.34120625363362084,0.03064331591815561,0.3105629377154652,True,True
2.0,25043000,16,0.00578704306127964,0.13255134970762233,0.24647677778041938,0.13255134970762233,0.0071045332239167425,0.1254468164837056,True,True
2.0,25043000,18,0.0022465151686494877,0.32671526861036787,-0.01202412760645244,-0.01202412760645244,0.07294984928242843,-0.08497397688888086,False,False
2.0,25043000,19,0.008878374487754748,0.11035285198675432,0.19828698631565417,0.11035285198675432,0.16439812176511331,-0.054045269778358995,True,False
2.0,25043000,20,0.002356562280837249,0.34815633959924974,0.1113342785547724,0.1113342785547724,0.03197224089201167,0.07936203766276073,True,True
2.0,25043000,21,0.031001235198194976,0.1932701955378494,0.18741034867353434,0.18741034867353434,0.13737548687593382,0.05003486179760053,True,True
2.0,25043000,22,0.0038037366802363692,0.42126239299651924,-0.022435178994821836,-0.022435178994821836,0.03553729355762142,-0.057972472552443255,False,False
2.0,25043000,23,0.0014618891838513726,-0.07377505714877086,-0.15544024049083638,-0.15544024049083638,0.16439812176511331,-0.3198383622559497,False,False
2.0,25043000,24,0.00023613880998496484,0.12324424653894639,-0.21444565086069622,-0.21444565086069622,0.03197224089201167,-0.2464178917527079,False,False
2.0,25043000,26,0.002239131379536463,0.3956068119530539,0.2147123553559137,0.2147123553559137,0.029379061773938897,0.1853332935819748,True,True
2.0,25043000,27,0.02466986296220819,0.16439812176511331,0.2593445306371126,0.16439812176511331,0.11035285198675432,0.054045269778358995,True,True
2.0,25043000,28,0.002952953651150114,0.19220179590172715,0.03456542001008445,0.03456542001008445,0.008677467083743229,0.025887952926341218,True,True
2.0,25043000,30,0.005839814615615779,0.029379061773938897,0.040376918509910764,0.029379061773938897,0.03456542001008445,-0.00518635823614555,True,False
2.0,25043000,32,0.023014455423202795,0.19622996237769563,0.03650916710515839,0.03650916710515839,0.004397702900714617,0.032111464204443774,True,True
2.0,25043000,34,1.6869482994952278e-06,-0.009201820350999701,-0.020583655972509662,-0.020583655972509662,0.03456542001008445,-0.05514907598259411,False,False
2.0,25043001,0,0.015904957916187623,-0.05761736472455348,0.12305231436782127,-0.05761736472455348,0.04844861584179838,-0.10606598056635186,False,False
2.0,25043001,1,0.016935328169437103,-0.14852240676645578,-0.3286284159443671,-0.3286284159443671,-0.1576116448685763,-0.1710167710757908,False,False
2.0,25043001,2,0.008356256984712207,-0.0008703244781041453,0.13441422407006448,-0.0008703244781041453,0.059093658204540433,-0.05996398268264458,False,False
2.0,25043001,3,0.008894039315378688,-0.12639578979162414,0.3894790976901729,-0.12639578979162414,-0.18882749994552844,0.06243171015390431,False,True
2.0,25043001,4,0.007608418370792069,-0.3847341621146008,0.6701066996621015,-0.3847341621146008,0.06973870056728249,-0.4544728626818833,False,False
2.0,25043001,6,0.01561716964244031,0.15934828828481562,0.06973870056728249,0.06973870056728249,0.03135482530808631,0.038383875259196176,True,True
2.0,25043001,7,0.01786288997523977,0.3760656771086186,-0.37624001377896127,-0.37624001377896127,-0.12280248413522696,-0.25343752964373434,False,False
2.0,25043001,8,0.014702373407967428,0.1195457520798735,0.04844861584179838,0.04844861584179838,0.014261034774374237,0.034187581067424144,True,True
2.0,25043001,9,0.0028365214687111617,-0.18882749994552844,0.07083203130881588,-0.18882749994552844,-0.1192091784788298,-0.06961832146669865,False,False
2.0,25043001,10,0.007142277370835615,0.32291066847716354,0.07504177718998944,0.07504177718998944,0.03135482530808631,0.043686951881903135,True,True
2.0,25043001,11,0.0013034402238076837,0.30126227523217586,-0.1192091784788298,-0.1192091784788298,-0.13770317106139368,0.018493992582563887,False,True
2.0,25043001,12,0.012674757458126962,0.3547214294022485,0.3401220116491039,0.3401220116491039,0.059093658204540433,0.28102835344456345,True,True
2.0,25043001,13,0.005576898577876577,0.05717830225434334,0.14330204662602952,0.05717830225434334,-0.12280248413522696,0.1799807863895703,True,True
2.0,25043001,14,0.0051861723087403,0.2271271923114383,0.11481996483218654,0.11481996483218654,0.059093658204540433,0.055726306627646105,True,True
2.0,25043001,15,0.006136329403515273,0.5569906342627016,0.045797414022039185,0.045797414022039185,-0.1192091784788298,0.16500659250086896,True,True
2.0,25043001,16,0.00578704306127964,0.014261034774374237,0.3178611753095214,0.014261034774374237,0.07239023887863597,-0.05812920410426173,True,False
2.0,25043001,18,0.0022465151686494877,-0.45468162745401003,0.23590233772940034,-0.45468162745401003,0.06174519651589391,-0.5164268239699039,False,False
2.0,25043001,19,0.008878374487754748,0.2574695609601105,0.26628567710194323,0.2574695609601105,-0.08293142264696285,0.3404009836070733,True,True
2.0,25043001,20,0.002356562280837249,0.07812522211141582,0.3043121790281671,0.07812522211141582,0.027583464142494074,0.05054175796892174,True,True
2.0,25043001,21,0.031001235198194976,-0.14901055233116323,0.4313122820964168,-0.14901055233116323,0.05148785813819126,-0.2004984104693545,False,False
2.0,25043001,22,0.0038037366802363692,0.39930507076220845,0.22506797831561676,0.22506797831561676,0.027583464142494074,0.19748451417312268,True,True
2.0,25043001,23,0.0014618891838513726,-0.08293142264696285,0.26413894961236023,-0.08293142264696285,0.05717830225434334,-0.1401097249013062,False,False
2.0,25043001,24,0.00023613880998496484,0.11418626464652448,0.04090589351061391,0.04090589351061391,-0.002972995792186184,0.043878889302800095,True,True
2.0,25043001,26,0.002239131379536463,-0.02297740422195721,-0.03347258274990983,-0.03347258274990983,0.014261034774374237,-0.04773361752428407,False,False
2.0,25043001,27,0.02466986296220819,0.07234689057002708,0.10142584451847159,0.07234689057002708,-0.08293142264696285,0.15527831321698993,True,True
2.0,25043001,28,0.002952953651150114,-0.040331833500604986,-0.053055734959891465,-0.053055734959891465,0.010349433575933653,-0.06340516853582512,False,False
2.0,25043001,30,0.005839814615615779,-0.008486581881992694,-0.09745680588669625,-0.09745680588669625,0.04090589351061391,-0.13836269939731016,False,False
2.0,25043001,32,0.023014455423202795,0.21556340059978174,0.08031638319971512,0.08031638319971512,-0.026839804554328217,0.10715618775404334,True,True
2.0,25043001,34,1.6869482994952278e-06,-0.005719443879025898,-0.020207026358746605,-0.020207026358746605,-0.03347258274990983,0.013265556391163225,False,True
2.0,25043002,0,0.015904957916187623,-0.03846199615522672,0.08946245683175769,-0.03846199615522672,0.0172544011095076,-0.05571639726473432,False,False
2.0,25043002,1,0.016935328169437103,0.11521899333352958,-0.4721233216407218,-0.4721233216407218,-0.013024130679654522,-0.45909919096106727,False,False
2.0,25043002,2,0.008356256984712207,0.0172544011095076,0.22121362124318517,0.0172544011095076,-0.0012158170932387025,0.018470218202746302,True,True
2.0,25043002,3,0.008894039315378688,-0.016174634290978984,0.16134157836386315,-0.016174634290978984,-0.00987362706833006,-0.006301007222648924,False,False
2.0,25043002,4,0.007608418370792069,-0.3012027561324115,-0.1574300031269626,-0.3012027561324115,0.036030361968749314,-0.3372331181011608,False,False
2.0,25043002,6,0.01561716964244031,0.13202462834936068,-0.06055161230685968,-0.06055161230685968,0.026642381539128457,-0.08719399384598814,False,False
2.0,25043002,7,0.01786288997523977,0.07446314733251247,-0.13974350126174967,-0.13974350126174967,-0.004515539209977645,-0.135227962051772,False,False
2.0,25043002,8,0.014702373407967428,0.036030361968749314,0.15740396742998825,0.036030361968749314,0.0172544011095076,0.018775960859241714,True,True
2.0,25043002,9,0.0028365214687111617,0.012055749396899185,0.111283167708501,0.012055749396899185,-0.00987362706833006,0.021929376465229244,True,True
2.0,25043002,10,0.007142277370835615,0.6404292679488515,0.5122234856373357,0.5122234856373357,-0.001709622126953636,0.5139331077642892,True,True
2.0,25043002,11,0.0013034402238076837,-0.00987362706833006,0.1603299575982517,-0.00987362706833006,-0.007666042821302108,-0.002207584247027952,False,False
2.0,25043002,12,0.012674757458126962,0.49573582686014767,0.22220331445955777,0.22220331445955777,-0.001709622126953636,0.2239129365865114,True,True
2.0,25043002,13,0.005576898577876577,0.0008425486483747691,0.23450492171759635,0.0008425486483747691,-0.013024130679654522,0.013866679328029291,True,True
2.0,25043002,14,0.0051861723087403,0.12882237999211074,0.23219845447265577,0.12882237999211074,0.005782963276310005,0.12303941671580074,True,True
2.0,25043002,15,0.006136329403515273,0.5716168196504231,0.09389319217424874,0.09389319217424874,-0.00987362706833006,0.1037668192425788,True,True
2.0,25043002,16,0.00578704306127964,-0.020673645363414872,0.09506941550674142,-0.020673645363414872,0.08242637098043003,-0.1031000163438449,False,False
2.0,25043002,18,0.0022465151686494877,0.5035825610757709,0.24327782176097468,0.24327782176097468,0.0341349669423921,0.20914285481858258,True,True
2.0,25043002,19,0.008878374487754748,0.29395539503295054,0.10672623863660946,0.10672623863660946,0.0008425486483747691,0.10588368998823469,True,True
2.0,25043002,20,0.002356562280837249,0.4967598780774224,-0.25570384390735834,-0.25570384390735834,0.08466112998617724,-0.3403649738935356,False,False
2.0,25043002,21,0.031001235198194976,0.2861038365946712,-0.1323860498372024,-0.1323860498372024,0.015556635923115,-0.14794268576031738,False,False
2.0,25043002,22,0.0038037366802363692,0.3461478380778553,-0.32678861931462744,-0.32678861931462744,0.05106026477015163,-0.37784888408477907,False,False
2.0,25043002,23,0.0014618891838513726,-0.2218119002709773,-0.16178828020493047,-0.2218119002709773,0.03027072319785523,-0.25208262346883253,False,False
2.0,25043002,24,0.00023613880998496484,0.21723266859513735,0.03223957191603488,0.03223957191603488,0.009913117308414432,0.02232645460762045,True,True
2.0,25043002,26,0.002239131379536463,0.3502083475873046,0.1822005165839724,0.1822005165839724,-0.020673645363414872,0.20287416194738728,True,True
2.0,25043002,27,0.02466986296220819,0.03027072319785523,0.38954382660248854,0.03027072319785523,-0.1323860498372024,0.16265677303505763,True,True
2.0,25043002,28,0.002952953651150114,0.23389420321405485,-0.07191062396120007,-0.07191062396120007,0.03636972594813931,-0.10828034990933938,False,False
2.0,25043002,30,0.005839814615615779,0.2901594164796762,0.040499879980243736,0.040499879980243736,-0.046794415110212095,0.08729429509045583,True,True
2.0,25043002,32,0.023014455423202795,0.2157366014445664,0.061620649560059526,0.061620649560059526,-0.007277421597088607,0.06889807115714813,True,True
2.0,25043002,34,1.6869482994952278e-06,-0.018900764686338722,-0.046794415110212095,-0.046794415110212095,0.040499879980243736,-0.08729429509045583,False,False
2.0,25043003,0,0.015904957916187623,-0.056499476478161115,0.08682557548255454,-0.056499476478161115,0.0969112204793301,-0.1534106969574912,False,False
2.0,25043003,1,0.016935328169437103,-0.023680738672448576,-0.1265123090055974,-0.1265123090055974,0.07292114079584627,-0.19943344980144367,False,False
2.0,25043003,2,0.008356256984712207,0.4575229178579877,0.28700270869346034,0.28700270869346034,0.06734071629406252,0.21966199239939782,True,True
2.0,25043003,3,0.008894039315378688,0.3147880078710804,0.3893418155642329,0.3147880078710804,-0.10555783872911373,0.42034584660019414,True,True
2.0,25043003,4,0.007608418370792069,0.3244712840679389,0.4969572877637146,0.3244712840679389,0.0969112204793301,0.2275600635886088,True,True
2.0,25043003,6,0.01561716964244031,0.07679964608216472,0.03777021210879494,0.03777021210879494,0.1679849240443556,-0.13021471193556067,True,False
2.0,25043003,7,0.01786288997523977,0.16770652122321306,-0.0719963994320536,-0.0719963994320536,-0.05483666294829337,-0.017159736483760235,False,False
2.0,25043003,8,0.014702373407967428,-0.14800929895756526,0.020483881317642727,-0.14800929895756526,0.0969112204793301,-0.24492051943689536,False,False
2.0,25043003,9,0.0028365214687111617,-0.10555783872911373,0.03123964589780992,-0.10555783872911373,-0.0719963994320536,-0.033561439297060125,False,False
2.0,25043003,10,0.007142277370835615,0.3076090336949896,0.0969112204793301,0.0969112204793301,0.10682944813022668,-0.009918227650896588,True,False
2.0,25043003,11,0.0013034402238076837,0.21783868102374615,0.31962415523151033,0.21783868102374615,-0.08877711908058367,0.3066158001043298,True,True
2.0,25043003,12,0.012674757458126962,0.5376654525770452,0.26157025708670756,0.26157025708670756,0.07818286749274955,0.183387389593958,True,True
2.0,25043003,13,0.005576898577876577,-0.21609336041319754,-0.2218437140814842,-0.2218437140814842,-0.038055943299763306,-0.1837877707817209,False,False
2.0,25043003,14,0.0051861723087403,0.2390586276093811,0.5854816295434018,0.2390586276093811,0.048612363307481976,0.19044626430189912,True,True
2.0,25043003,15,0.006136329403515273,0.1230403599975467,-0.004115487167473009,-0.004115487167473009,-0.10555783872911373,0.10144235156164072,False,True
2.0,25043003,16,0.00578704306127964,0.0073640867095140505,-0.11492805395799405,-0.11492805395799405,0.07818286749274955,-0.1931109214507436,False,False
2.0,25043003,18,0.0022465151686494877,-0.00813985053173294,0.2599882548235956,-0.00813985053173294,0.07818286749274955,-0.08632271802448249,False,False
2.0,25043003,19,0.008878374487754748,-0.1367406457196209,0.28197823692029256,-0.1367406457196209,-0.004115487167473009,-0.1326251585521479,False,False
2.0,25043003,20,0.002356562280837249,0.3225309794980539,0.17588868415165843,0.17588868415165843,0.04087938830368443,0.135009295847974,True,True
2.0,25043003,21,0.031001235198194976,0.043896443846797806,0.15055216066647265,0.043896443846797806,-0.07042806644354696,0.11432451029034477,True,True
2.0,25043003,22,0.0038037366802363692,0.05945451450616901,0.30681670872975886,0.05945451450616901,0.06455024719189545,-0.0050957326857264396,True,False
2.0,25043003,23,0.0014618891838513726,-0.29210443364142324,0.11899958060650123,-0.29210443364142324,-0.004115487167473009,-0.28798894647395024,False,False
2.0,25043003,24,0.00023613880998496484,-0.029015443655475703,0.0733853052109249,-0.029015443655475703,0.04087938830368443,-0.06989483195916013,False,False
2.0,25043003,26,0.002239131379536463,0.18036072012549043,0.32233018866695473,0.18036072012549043,-0.00813985053173294,0.18850057065722337,True,True
2.0,25043003,27,0.02466986296220819,0.009518523270999779,0.1284281905200842,0.009518523270999779,-0.1367406457196209,0.1462591689906207,True,True
2.0,25043003,28,0.002952953651150114,0.10290721576626283,0.022304262101199845,0.022304262101199845,0.025657331987218035,-0.0033530698860181896,True,False
2.0,25043003,30,0.005839814615615779,0.13422910990281423,-0.033040604679081875,-0.033040604679081875,0.05945451450616901,-0.09249511918525088,False,False
2.0,25043003,32,0.023014455423202795,0.2193359214239905,0.10679623228259105,0.10679623228259105,-0.0008700395348520962,0.10766627181744315,True,True
2.0,25043003,34,1.6869482994952278e-06,-0.02246882049028376,-0.024044341170904038,-0.024044341170904038,0.022304262101199845,-0.04634860327210388,False,False
2.0,25043004,0,0.015904957916187623,0.006050131008813797,0.11151223267698407,0.006050131008813797,-0.08304330842615815,0.08909343943497194,True,True
2.0,25043004,1,0.016935328169437103,-0.02217792684180342,-0.32359518349049454,-0.32359518349049454,0.06883236416490421,-0.3924275476553988,False,False
2.0,25043004,2,0.008356256984712207,0.16555691622896818,0.10105695991164665,0.10105695991164665,-0.12756494253402034,0.228621902445667,True,True
2.0,25043004,3,0.008894039315378688,0.07549184875451814,0.30314798012975114,0.07549184875451814,-0.2884798347554761,0.36397168350999426,True,True
2.0,25043004,4,0.007608418370792069,-0.011131575871811406,-0.08304330842615815,-0.08304330842615815,-0.025668266027448317,-0.05737504239870983,False,False
2.0,25043004,6,0.01561716964244031,0.09613508230587253,-0.025668266027448317,-0.025668266027448317,-0.10052289905599845,0.07485463302855014,False,True
2.0,25043004,7,0.01786288997523977,0.062172879575290274,0.07498646265902109,0.062172879575290274,-0.10649399300047899,0.16866687257576926,True,True
2.0,25043004,8,0.014702373407967428,-0.26843886102600806,0.12222625986301583,-0.26843886102600806,-0.08304330842615815,-0.1853955525998499,False,False
2.0,25043004,9,0.0028365214687111617,-0.2884798347554761,0.04736848287454609,-0.2884798347554761,0.062172879575290274,-0.3506527143307664,False,False
2.0,25043004,10,0.007142277370835615,-0.1869200840099296,-0.060089312655782434,-0.1869200840099296,-0.05435578722680323,-0.13256429678312637,False,False
2.0,25043004,11,0.0013034402238076837,0.2644884322411932,0.1628103482855326,0.1628103482855326,-0.06484151063711732,0.2276518589226499,True,True
2.0,25043004,12,0.012674757458126962,-0.17208657664188254,0.31903450016255414,-0.17208657664188254,-0.07453974423849025,-0.09754683240339229,False,False
2.0,25043004,13,0.005576898577876577,-0.3017855037363169,0.6297957060653332,-0.3017855037363169,0.06883236416490421,-0.3706178679012211,False,False
2.0,25043004,14,0.0051861723087403,0.24394826510341655,0.5587254712672397,0.24394826510341655,-0.10052289905599845,0.34447116415941503,True,True
2.0,25043004,15,0.006136329403515273,0.2952596175618173,0.09467939857201135,0.09467939857201135,-0.003110675646183947,0.0977900742181953,True,True
2.0,25043004,16,0.00578704306127964,0.2751480047483301,-0.11800248968583876,-0.11800248968583876,-0.05342914257949308,-0.06457334710634569,False,False
2.0,25043004,18,0.0022465151686494877,-0.21724355443881227,0.3674397910549016,-0.21724355443881227,-0.09201933486833055,-0.12522421957048172,False,False
2.0,25043004,19,0.008878374487754748,-0.1265723456280507,0.06159851457451321,-0.1265723456280507,0.09467939857201135,-0.22125174420006205,False,False
2.0,25043004,20,0.002356562280837249,0.19992431159644503,0.1342846622812794,0.1342846622812794,-0.09201933486833055,0.22630399714960994,True,True
2.0,25043004,21,0.031001235198194976,-0.003110675646183947,0.2629004959647866,-0.003110675646183947,0.10564150715328613,-0.10875218279947008,False,False
2.0,25043004,22,0.0038037366802363692,-0.06603618005082235,-0.005175203291565789,-0.06603618005082235,-0.0382840126596691,-0.027752167391153243,False,False
2.0,25043004,23,0.0014618891838513726,0.3361247931792395,0.31293350009514115,0.31293350009514115,-0.003110675646183947,0.3160441757413251,True,True
2.0,25043004,24,0.00023613880998496484,0.032535690301992104,-0.0357459202111744,-0.0357459202111744,-0.04055749571005737,0.004811575498882975,False,True
2.0,25043004,26,0.002239131379536463,-0.04082210510816381,0.19699968971033185,-0.04082210510816381,-0.04029288631195094,-0.0005292187962128714,False,False
2.0,25043004,27,0.02466986296220819,0.1166036157345609,0.1463949762516118,0.1166036157345609,-0.003110675646183947,0.11971429138074485,True,True
2.0,25043004,28,0.002952953651150114,-0.0737362296706543,-0.13657446423685238,-0.13657446423685238,-0.03801940326156267,-0.09855506097528971,False,False
2.0,25043004,30,0.005839814615615779,0.12028668371374279,0.20129200193776642,0.12028668371374279,-0.04029288631195094,0.16057957002569373,True,True
2.0,25043004,32,0.023014455423202795,0.09382251915375606,0.11290623149426637,0.09382251915375606,-0.04055749571005737,0.13438001486381343,True,True
2.0,25043004,34,1.6869482994952278e-06,-0.04029288631195094,-0.01062102098453066,-0.04029288631195094,-0.0357459202111744,-0.004546966100776539,False,False
2.0,25043005,0,0.015904957916187623,0.2013959796753506,0.1966876651464018,0.1966876651464018,0.07763150566733534,0.11905615947906645,True,True
2.0,25043005,1,0.016935328169437103,0.16226558047877165,-0.43502439341084237,-0.43502439341084237,-0.07942716850101422,-0.35559722490982815,False,False
2.0,25043005,2,0.008356256984712207,-0.3846641321768203,-0.46269712671605395,-0.46269712671605395,0.13878165648739177,-0.6014787832034457,False,False
2.0,25043005,3,0.008894039315378688,-0.38760813269420147,0.36723976603156044,-0.38760813269420147,-0.014249657436907592,-0.3733584752572939,False,False
2.0,25043005,4,0.007608418370792069,0.3621694568226415,0.08087564782838175,0.08087564782838175,0.1966876651464018,-0.11581201731802004,True,False
2.0,25043005,6,0.01561716964244031,0.08249720401912841,0.07763150566733534,0.07763150566733534,0.13878165648739177,-0.061150150820056426,True,False
2.0,25043005,7,0.01786288997523977,0.25292539706092043,-0.14460467956512085,-0.14460467956512085,0.07478577449681925,-0.2193904540619401,False,False
2.0,25043005,8,0.014702373407967428,-0.15048257792910325,0.18636981464539992,-0.15048257792910325,0.1966876651464018,-0.34717024307550504,False,False
2.0,25043005,9,0.0028365214687111617,-0.014249657436907592,0.20376867282258643,-0.014249657436907592,0.002580145927637001,-0.016829803364544593,False,False
2.0,25043005,10,0.007142277370835615,0.4807213784890145,0.23611258749514796,0.23611258749514796,0.13878165648739177,0.0973309310077562,True,True
2.0,25043005,11,0.0013034402238076837,0.518582710179502,0.23967809829693132,0.23967809829693132,-0.005834755754635296,0.24551285405156661,True,True
2.0,25043005,12,0.012674757458126962,0.4034201104042544,0.5207246222309353,0.4034201104042544,0.14048810857325814,0.2629320018309963,True,True
2.0,25043005,13,0.005576898577876577,0.38846292539731786,0.37421368580837744,0.37421368580837744,-0.002815043373530446,0.3770287291819079,True,True
2.0,25043005,14,0.0051861723087403,0.20010056931813452,0.34300728763926425,0.20010056931813452,0.17230339486534793,0.027797174452786594,True,True
2.0,25043005,15,0.006136329403515273,0.1638212064305461,0.5242991266269481,0.1638212064305461,0.002580145927637001,0.1612410605029091,True,True
2.0,25043005,16,0.00578704306127964,-0.31638001367213775,0.123585343838583,-0.31638001367213775,0.20655329210282408,-0.5229333057749619,False,False
2.0,25043005,18,0.0022465151686494877,0.21485799437826902,0.2558058533954309,0.21485799437826902,0.16585067208065837,0.04900732229761065,True,True
2.0,25043005,19,0.008878374487754748,0.002580145927637001,0.1647730085934528,0.002580145927637001,0.1638212064305461,-0.1612410605029091,True,False
2.0,25043005,20,0.002356562280837249,0.4676386283596311,0.2169245836341952,0.2169245836341952,0.16585067208065837,0.05107391155353683,True,True
2.0,25043005,21,0.031001235198194976,0.2144670065116889,0.3325602641993754,0.2144670065116889,0.08320067617909155,0.13126633033259735,True,True
2.0,25043005,22,0.0038037366802363692,0.46462038315236476,0.21300601488751364,0.21300601488751364,0.12018277224049329,0.09282324264702035,True,True
2.0,25043005,23,0.0014618891838513726,-0.008210232674697893,0.15817590010196864,-0.008210232674697893,0.1638212064305461,-0.172031439105244,False,False
2.0,25043005,24,0.00023613880998496484,0.2552020397483101,0.13160077484318222,0.13160077484318222,0.09553679641597385,0.036063978427208376,True,True
2.0,25043005,26,0.002239131379536463,0.27011926475548487,0.08230882319414334,0.08230882319414334,0.10876476963780435,-0.026455946443661005,True,False
2.0,25043005,27,0.02466986296220819,0.16680546310375532,-0.12509437358658482,-0.12509437358658482,0.002580145927637001,-0.12767451951422182,False,False
2.0,25043005,28,0.002952953651150114,0.1632006252235244,-0.12036804468463469,-0.12036804468463469,0.12018277224049329,-0.24055081692512797,False,False
2.0,25043005,30,0.005839814615615779,-0.26338711701602247,0.2595852963943523,-0.26338711701602247,0.10876476963780435,-0.3721518866538268,False,False
2.0,25043005,32,0.023014455423202795,0.16443044741543578,0.10876476963780435,0.10876476963780435,0.033130564588454314,0.07563420504935003,True,True
2.0,25043005,34,1.6869482994952278e-06,0.12078646912877988,-0.016047694017234715,-0.016047694017234715,0.08230882319414334,-0.09835651721137806,False,False
2.0,25043006,0,0.015904957916187623,0.013029837704803149,0.18883564435976252,0.013029837704803149,0.014940714173324265,-0.0019108764685211166,True,False
2.0,25043006,1,0.016935328169437103,0.18093879048589512,-0.25822726495121395,-0.25822726495121395,-0.13100145048594983,-0.12722581446526413,False,False
2.0,25043006,2,0.008356256984712207,0.30504172156970855,0.24373991019171565,0.24373991019171565,0.013985275939063707,0.22975463425265194,True,True
2.0,25043006,3,0.008894039315378688,0.13620915830397834,0.596871817231327,0.13620915830397834,-0.15240560784138868,0.288614766145367,True,True
2.0,25043006,4,0.007608418370792069,0.014940714173324265,0.48646931146308237,0.014940714173324265,0.15447005914960732,-0.13952934497628305,True,False
2.0,25043006,6,0.01561716964244031,-0.06780019374412094,-0.029676779614196347,-0.06780019374412094,0.1482878495607057,-0.21608804330482664,False,False
2.0,25043006,7,0.01786288997523977,0.09513577178011368,-0.19145924001169934,-0.19145924001169934,-0.12378341920766767,-0.06767582080403167,False,False
2.0,25043006,8,0.014702373407967428,-0.02907797125567596,0.31145988702004823,-0.02907797125567596,0.1421056399718041,-0.17118361122748005,False,False
2.0,25043006,9,0.0028365214687111617,-0.005212962160950407,-0.15240560784138868,-0.15240560784138868,-0.10959729313051098,-0.042808314710877704,False,False
2.0,25043006,10,0.007142277370835615,0.37111256505184753,0.15447005914960732,0.15447005914960732,0.013985275939063707,0.1404847832105436,True,True
2.0,25043006,11,0.0013034402238076837,0.22390830972180553,-0.10959729313051098,-0.10959729313051098,-0.014190163476965778,-0.0954071296535452,False,False
2.0,25043006,12,0.012674757458126962,0.4226211647344556,0.24997516555785443,0.24997516555785443,-0.007068628541175848,0.2570437940990303,True,True
2.0,25043006,13,0.005576898577876577,-0.13796954528482436,0.18660354100979148,-0.13796954528482436,0.12184517753591817,-0.2598147228207425,False,False
2.0,25043006,14,0.0051861723087403,0.36438665703825396,0.21514298825610842,0.21514298825610842,-0.03218547131686833,0.24732845957297675,True,True
2.0,25043006,15,0.006136329403515273,0.3395798027986914,0.25414600913038227,0.25414600913038227,-0.10959729313051098,0.36374330226089324,True,True
2.0,25043006,16,0.00578704306127964,0.1421056399718041,0.24952697306085336,0.1421056399718041,-0.05154658256109082,0.1936522225328949,True,True
2.0,25043006,18,0.0022465151686494877,-0.13501331696627877,0.1348760886673211,-0.13501331696627877,-0.026995363732017025,-0.10801795323426175,False,False
2.0,25043006,19,0.008878374487754748,0.38149954210332526,0.1095892183308928,0.1095892183308928,0.001082723470992586,0.10850649485990022,True,True
2.0,25043006,20,0.002356562280837249,0.07514656310687418,-0.12375680391523669,-0.12375680391523669,-0.030102863793209395,-0.0936539401220273,False,False
2.0,25043006,21,0.031001235198194976,0.29623306203544253,0.3547301668036666,0.29623306203544253,0.055335970900942694,0.24089709113449984,True,True
2.0,25043006,22,0.0038037366802363692,-0.0352929713780607,0.3362118466327315,-0.0352929713780607,-0.05132424515077705,0.016031273772716348,False,True
2.0,25043006,23,0.0014618891838513726,0.13410113674094354,0.3947501495127131,0.13410113674094354,0.1095892183308928,0.024511918410050737,True,True
2.0,25043006,24,0.00023613880998496484,-0.07773573409319601,0.28117598236151264,-0.07773573409319601,-0.031715743384618994,-0.04601999070857701,False,False
2.0,25043006,26,0.002239131379536463,-0.40090860404030604,0.3279042482804049,-0.40090860404030604,-0.0352929713780607,-0.36561563266224534,False,False
2.0,25043006,27,0.02466986296220819,0.001082723470992586,0.12480982315362749,0.001082723470992586,0.13410113674094354,-0.13301841326995095,True,False
2.0,25043006,28,0.002952953651150114,0.07229105600371122,-0.02491275620835809,-0.02491275620835809,-0.08268983143944186,0.057777075231083774,False,True
2.0,25043006,30,0.005839814615615779,-0.08764392878568772,0.25762993365715736,-0.08764392878568772,-0.0352929713780607,-0.05235095740762702,False,False
2.0,25043006,32,0.023014455423202795,0.06953021144519633,0.03249481240791918,0.03249481240791918,-0.056514352735628354,0.08900916514354754,True,True
2.0,25043006,34,1.6869482994952278e-06,-0.02422812554275755,-0.028138515391177288,-0.028138515391177288,-0.07773573409319601,0.04959721870201872,False,True
2.0,25043007,0,0.015904957916187623,-0.04133154720312848,0.018444070871834417,-0.04133154720312848,0.06251399745571085,-0.10384554465883933,False,False
2.0,25043007,1,0.016935328169437103,0.5601745703196768,0.03921641882847027,0.03921641882847027,-0.03503829387789992,0.07425471270637019,True,True
2.0,25043007,2,0.008356256984712207,0.43393091975354253,0.47289341662044176,0.43393091975354253,-0.05896578299866301,0.49289670275220554,True,True
2.0,25043007,3,0.008894039315378688,0.03445860292839109,0.20113244122542617,0.03445860292839109,-0.10453519068419093,0.13899379361258202,True,True
2.0,25043007,4,0.007608418370792069,0.17745597007877428,0.5014676214260514,0.17745597007877428,-0.04133154720312848,0.21878751728190277,True,True
2.0,25043007,6,0.01561716964244031,0.06251399745571085,0.08963687380278662,0.06251399745571085,-0.05896578299866301,0.12147978045437385,True,True
2.0,25043007,7,0.01786288997523977,0.10181569115283329,-0.10453519068419093,-0.10453519068419093,0.028038291970589296,-0.13257348265478022,False,False
2.0,25043007,8,0.014702373407967428,-0.04701114930315553,-0.2318017736556528,-0.2318017736556528,-0.014149268305135937,-0.21765250535051686,False,False
2.0,25043007,9,0.0028365214687111617,-0.22830160498143792,-0.13071101566543625,-0.22830160498143792,0.0216179810127875,-0.24991958599422542,False,False
2.0,25043007,10,0.007142277370835615,-0.07660001879419753,0.012113906215172998,-0.07660001879419753,0.024182364575287454,-0.10078238336948499,False,False
2.0,25043007,11,0.0013034402238076837,0.3749612721895566,0.12582543634023985,0.12582543634023985,-0.04145860483570171,0.16728404117594156,True,True
2.0,25043007,12,0.012674757458126962,0.4423016567678433,-0.22358972353511591,-0.22358972353511591,0.024182364575287454,-0.24777208811040335,False,False
2.0,25043007,13,0.005576898577876577,-0.1124227448301616,0.07651274387288043,-0.1124227448301616,-0.04145860483570171,-0.07096413999445988,False,False
2.0,25043007,14,0.0051861723087403,0.11615365411219858,0.3799052712279586,0.11615365411219858,-0.12229515513913025,0.23844880925132883,True,True
2.0,25043007,15,0.006136329403515273,0.43843268349821884,0.0216179810127875,0.0216179810127875,-0.1124227448301616,0.1340407258429491,True,True
2.0,25043007,16,0.00578704306127964,0.19860804240364377,-0.16799029148406297,-0.16799029148406297,-0.045374643549666735,-0.12261564793439624,False,False
2.0,25043007,18,0.0022465151686494877,-0.014149268305135937,0.21980394605509812,-0.014149268305135937,-0.12229515513913025,0.10814588683399431,False,True
2.0,25043007,19,0.008878374487754748,-0.1823422989466122,0.14760751307237463,-0.1823422989466122,0.0216179810127875,-0.2039602799593997,False,False
2.0,25043007,20,0.002356562280837249,0.32532212153056295,0.15800758533298948,0.15800758533298948,-0.12229515513913025,0.2803027404721197,True,True
2.0,25043007,21,0.031001235198194976,0.38230752538749935,0.03389495874521736,0.03389495874521736,-0.04540238190868705,0.07929734065390441,True,True
2.0,25043007,22,0.0038037366802363692,-0.11001538984341641,-0.19339063292646397,-0.19339063292646397,-0.001881006625534573,-0.19150962630092938,False,False
2.0,25043007,23,0.0014618891838513726,-0.1482472332159459,0.3886481791912515,-0.1482472332159459,0.0216179810127875,-0.1698652142287334,False,False
2.0,25043007,24,0.00023613880998496484,-0.17333984974168992,0.09216741079480673,-0.17333984974168992,-0.001881006625534573,-0.17145884311615534,False,False
2.0,25043007,26,0.002239131379536463,0.29742162119458176,0.20991874691514753,0.20991874691514753,-0.018303741074395363,0.2282224879895429,True,True
2.0,25043007,27,0.02466986296220819,0.02369444098971285,0.18583134315771221,0.02369444098971285,-0.1482472332159459,0.17194167420565876,True,True
2.0,25043007,28,0.002952953651150114,0.01038725505406679,0.05156627773428912,0.01038725505406679,-0.01622650468976565,0.02661375974383244,True,True
2.0,25043007,30,0.005839814615615779,0.088409113276047,-0.23221688122522138,-0.23221688122522138,0.01038725505406679,-0.24260413627928817,False,False
2.0,25043007,32,0.023014455423202795,0.11123655765549545,0.06905368769728759,0.06905368769728759,-0.09582179540804264,0.16487548310533023,True,True
2.0,25043007,34,1.6869482994952278e-06,-0.013096853143414466,-0.018303741074395363,-0.018303741074395363,0.01038725505406679,-0.028690996128462154,False,False
2.0,25043008,0,0.015904957916187623,-0.03666280420501,0.2059058380531562,-0.03666280420501,0.03658265648746245,-0.07324546069247245,False,False
2.0,25043008,1,0.016935328169437103,0.240385442724379,-0.5013481382253906,-0.5013481382253906,-0.023152800823713765,-0.47819533740167686,False,False
2.0,25043008,2,0.008356256984712207,0.03909441264428937,0.18287031387484132,0.03909441264428937,-0.009616856440571198,0.048711269084860565,True,True
2.0,25043008,3,0.008894039315378688,-0.010870046603475403,0.5355003906098543,-0.010870046603475403,-0.03543555504395213,0.024565508440476724,False,True
2.0,25043008,4,0.007608418370792069,0.03658265648746245,0.27626500161981726,0.03658265648746245,0.012519774135844153,0.024062882351618298,True,True
2.0,25043008,6,0.01561716964244031,-0.03175348701698655,-0.012444433082290707,-0.03175348701698655,0.0245512153116533,-0.05630470232863985,False,False
2.0,25043008,7,0.01786288997523977,-0.03543555504395213,0.09734552974730643,-0.03543555504395213,0.010631964607586503,-0.04606751965153863,False,False
2.0,25043008,8,0.014702373407967428,-0.21778574037211135,0.13157133331980142,-0.21778574037211135,0.012519774135844153,-0.2303055145079555,False,False
2.0,25043008,9,0.0028365214687111617,0.08742343430018473,0.03213397581864841,0.03213397581864841,-0.03543555504395213,0.06756953086260054,True,True
2.0,25043008,10,0.007142277370835615,0.41769872347848813,0.40528977933568944,0.40528977933568944,-0.034208145610998275,0.4394979249466877,True,True
2.0,25043008,11,0.0013034402238076837,-0.09566225725195954,0.2220900353273851,-0.09566225725195954,-0.023152800823713765,-0.07250945642824577,False,False
2.0,25043008,12,0.012674757458126962,0.012519774135844153,0.33153351394190955,0.012519774135844153,0.0024145847352379513,0.010105189400606202,True,True
2.0,25043008,13,0.005576898577876577,0.2921422628551592,0.30795705469104423,0.2921422628551592,-0.03980400073473814,0.3319462635898973,True,True
2.0,25043008,14,0.0051861723087403,0.3358773558657214,0.1688350868636762,0.1688350868636762,-0.009616856440571198,0.1784519433042474,True,True
2.0,25043008,15,0.006136329403515273,0.2042166275506358,0.47662043269853915,0.2042166275506358,-0.04417244642552415,0.24838907397615995,True,True
2.0,25043008,16,0.00578704306127964,0.05192712459919524,-0.06753043434644124,-0.06753043434644124,0.013638813278415596,-0.08116924762485683,False,False
2.0,25043008,18,0.0022465151686494877,-0.1873740547764256,-0.1721251428754073,-0.1873740547764256,0.013638813278415596,-0.2010128680548412,False,False
2.0,25043008,19,0.008878374487754748,-0.04417244642552415,0.4072158383181162,-0.04417244642552415,-0.09566225725195954,0.05148981082643539,False,True
2.0,25043008,20,0.002356562280837249,0.10419662490571147,-0.16673798066056755,-0.16673798066056755,0.013638813278415596,-0.18037679393898315,False,False
2.0,25043008,21,0.031001235198194976,-0.1216051758525506,0.1751972306234147,-0.1216051758525506,-0.06991735183874184,-0.05168782401380875,False,False
2.0,25043008,22,0.0038037366802363692,0.4536763207014875,0.3460856004502493,0.3460856004502493,0.0005839485334790395,0.34550165191677024,True,True
2.0,25043008,23,0.0014618891838513726,-0.21624990649681308,-0.04872111634755516,-0.21624990649681308,-0.04417244642552415,-0.17207746007128893,False,False
2.0,25043008,24,0.00023613880998496484,0.30419394619453466,0.07715847606738513,0.07715847606738513,-0.02030530991086199,0.09746378597824712,True,True
2.0,25043008,26,0.002239131379536463,0.2735068409592922,0.014757852420987039,0.014757852420987039,-0.029258742752837907,0.044016595173824946,True,True
2.0,25043008,27,0.02466986296220819,-0.3061949108293829,0.026186707303367696,-0.3061949108293829,-0.1216051758525506,-0.1845897349768323,False,False
2.0,25043008,28,0.002952953651150114,0.0678918722815256,-0.011351877068886074,-0.011351877068886074,-0.007250445165925434,-0.004101431902960639,False,False
2.0,25043008,30,0.005839814615615779,0.031061418549617636,-0.05192724415407124,-0.05192724415407124,0.014757852420987039,-0.06668509657505828,False,False
2.0,25043008,32,0.023014455423202795,0.13446653982615164,0.0988302302565155,0.0988302302565155,0.0017029876760504825,0.09712724258046501,True,True
2.0,25043008,34,1.6869482994952278e-06,-0.029258742752837907,-0.020240635274460073,-0.029258742752837907,0.014757852420987039,-0.044016595173824946,False,False
2.0,25043009,0,0.015904957916187623,-0.02029284977428647,0.03463166774144655,-0.02029284977428647,-0.09683403369825966,0.07654118392397319,False,True
2.0,25043009,1,0.016935328169437103,0.12680912133257788,-0.164158956137124,-0.164158956137124,0.0025205970825808444,-0.16667955321970485,False,False
2.0,25043009,2,0.008356256984712207,0.21784573028575044,0.3747436302654516,0.21784573028575044,-0.10396592184423223,0.32181165212998264,True,True
2.0,25043009,3,0.008894039315378688,0.15320204733961218,0.03048130434713281,0.03048130434713281,-0.02544011018197112,0.05592141452910393,True,True
2.0,25043009,4,0.007608418370792069,-0.11241308800395294,0.1391447419965039,-0.11241308800395294,-0.02029284977428647,-0.09212023822966647,False,False
2.0,25043009,6,0.01561716964244031,-0.1110978099902048,-0.007462538167138821,-0.1110978099902048,-0.058563441736273064,-0.052534368253931735,False,False
2.0,25043009,7,0.01786288997523977,-0.02544011018197112,-0.02360210972387372,-0.02544011018197112,0.03876137349775458,-0.0642014836797257,False,False
2.0,25043009,8,0.014702373407967428,0.21773247070612933,0.17758034753126983,0.17758034753126983,-0.1110978099902048,0.28867815752147463,True,True
2.0,25043009,9,0.0028365214687111617,0.09573770905075563,-0.07163029984050101,-0.07163029984050101,0.03048130434713281,-0.10211160418763382,False,False
2.0,25043009,10,0.007142277370835615,0.10267778062357513,-0.09683403369825966,-0.09683403369825966,-0.09739473611598379,0.0005607024177241293,False,True
2.0,25043009,11,0.0013034402238076837,0.1921749523365584,0.23287402352152567,0.1921749523365584,-0.03291595668271299,0.2250909090192714,True,True
2.0,25043009,12,0.012674757458126962,-0.1301463194947248,0.4422641816742967,-0.1301463194947248,-0.09026284797001122,-0.03988347152471358,False,False
2.0,25043009,13,0.005576898577876577,0.047041442648376355,0.5735207352813698,0.047041442648376355,-0.03291595668271299,0.07995739933108935,True,True
2.0,25043009,14,0.0051861723087403,0.24740876379152266,0.4620624184999824,0.24740876379152266,-0.10396592184423223,0.3513746856357549,True,True
2.0,25043009,15,0.006136329403515273,0.266583634953767,0.26997672914772336,0.266583634953767,-0.040391803183454866,0.3069754381372219,True,True
2.0,25043009,16,0.00578704306127964,-0.1399039017245659,-0.04606438745316854,-0.1399039017245659,-0.055715997637761694,-0.08418790408680421,False,False
2.0,25043009,18,0.0022465151686494877,-0.26010797902699617,0.4385971299388386,-0.26010797902699617,-0.055715997637761694,-0.20439198138923448,False,False
2.0,25043009,19,0.008878374487754748,-0.052656227811468725,0.17988392887848104,-0.052656227811468725,-0.040391803183454866,-0.012264424628013859,False,False
2.0,25043009,20,0.002356562280837249,-0.08369166224176278,0.06232236482547002,-0.08369166224176278,-0.062287183366010135,-0.02140447887575264,False,False
2.0,25043009,21,0.031001235198194976,0.0838821769509509,-0.040391803183454866,-0.040391803183454866,-0.002807392581546185,-0.03758441060190868,False,False
2.0,25043009,22,0.0038037366802363692,0.3833562396115412,-0.02774033303376061,-0.02774033303376061,-0.031155649840144045,0.003415316806383434,False,True
2.0,25043009,23,0.0014618891838513726,0.2904106051217397,-0.20303635650537405,-0.20303635650537405,-0.040391803183454866,-0.16264455332191918,False,False
2.0,25043009,24,0.00023613880998496484,0.19476564042809985,0.025886357625754752,0.025886357625754752,-0.03361463933315392,0.059500996958908675,True,True
2.0,25043009,26,0.002239131379536463,0.3086829353992063,0.11555878955758309,0.11555878955758309,-0.039488945632547234,0.15504773519013032,True,True
2.0,25043009,27,0.02466986296220819,0.15203565827242038,-0.2822265818194834,-0.2822265818194834,-0.052656227811468725,-0.22957035400801468,False,False
2.0,25043009,28,0.002952953651150114,-0.0409582735088998,-0.1351443147673328,-0.1351443147673328,-0.0031799852361429626,-0.13196432953118983,False,False
2.0,25043009,30,0.005839814615615779,0.33871015716842057,0.021380362561474686,0.021380362561474686,-0.02774033303376061,0.0491206955952353,True,True
2.0,25043009,32,0.023014455423202795,0.11600003341961551,0.182770692227758,0.11600003341961551,-0.0031799852361429626,0.11918001865575847,True,True
2.0,25043009,34,1.6869482994952278e-06,-0.006849253782128972,-0.039488945632547234,-0.039488945632547234,0.025886357625754752,-0.06537530325830199,False,False
2.0,25043010,0,0.015904957916187623,-0.0011694234277819238,0.06075866049376133,-0.0011694234277819238,-0.0390642732717717,0.037894849843989775,False,True
2.0,25043010,1,0.016935328169437103,0.1828594186746461,0.36072502203064805,0.1828594186746461,0.03187541084488103,0.15098400782976507,True,True
2.0,25043010,2,0.008356256984712207,-0.0390642732717717,0.35494923052674743,-0.0390642732717717,-0.01852161203844027,-0.020542661233331427,False,False
2.0,25043010,3,0.008894039315378688,0.0006550289857810421,0.3798252162665662,0.0006550289857810421,0.1098679632860714,-0.10921293430029036,True,False
2.0,25043010,4,0.007608418370792069,-0.13110739781772957,0.40403204466759657,-0.13110739781772957,-0.0011694234277819238,-0.12993797438994764,False,False
2.0,25043010,6,0.01561716964244031,0.11404366883635209,-0.03587380064909862,-0.03587380064909862,-0.02011684834977681,-0.015756952299321808,False,False
2.0,25043010,7,0.01786288997523977,0.2564467477026753,0.1098679632860714,0.1098679632860714,0.054744303113010706,0.055123660173060696,True,True
2.0,25043010,8,0.014702373407967428,-0.36072163996877826,-0.00844546867455942,-0.36072163996877826,-0.03587380064909862,-0.32484783931967964,False,False
2.0,25043010,9,0.0028365214687111617,-0.08484886762809818,0.2566500059638942,-0.08484886762809818,0.1098679632860714,-0.19471683091416958,False,False
2.0,25043010,10,0.007142277370835615,0.14302176720019377,0.07767012434606757,0.07767012434606757,-0.08098238730094542,0.158652511647013,True,True
2.0,25043010,11,0.0013034402238076837,0.45472570455153416,0.06309579270398102,0.06309579270398102,0.12920394958795653,-0.0661081568839755,True,False
2.0,25043010,12,0.012674757458126962,0.19712702326805392,0.15569413424347334,0.15569413424347334,-0.09497491266803512,0.2506690469115085,True,True
2.0,25043010,13,0.005576898577876577,0.33137196655753726,0.24239386950429131,0.24239386950429131,0.054744303113010706,0.1876495663912806,True,True
2.0,25043010,14,0.0051861723087403,0.3987029444497621,0.31827577759300774,0.31827577759300774,-0.12700394957392436,0.4452797271669321,True,True
2.0,25043010,15,0.006136329403515273,0.32858963927356694,0.04639281352204039,0.04639281352204039,0.1098679632860714,-0.06347514976403101,True,False
2.0,25043010,16,0.00578704306127964,0.23248146515698975,-0.41552228976126027,-0.41552228976126027,-0.05146156232752486,-0.3640607274337354,False,False
2.0,25043010,18,0.0022465151686494877,-0.23336893247714668,0.019771775678222192,-0.23336893247714668,-0.03916855883360254,-0.19420037364354414,False,False
2.0,25043010,19,0.008878374487754748,0.24396216880101998,0.22751728173988123,0.22751728173988123,0.04639281352204039,0.18112446821784084,True,True
2.0,25043010,20,0.002356562280837249,-0.07689298542680872,-0.12290050133011915,-0.12290050133011915,0.016971992616836795,-0.13987249394695594,False,False
2.0,25043010,21,0.031001235198194976,0.14853993588984166,0.42946767826693305,0.14853993588984166,0.054744303113010706,0.09379563277683095,True,True
2.0,25043010,22,0.0038037366802363692,0.2532254339721708,-0.0670493240059511,-0.0670493240059511,-0.008207444399173924,-0.05884187960677717,False,False
2.0,25043010,23,0.0014618891838513726,0.14321463244249566,-0.16296642660007643,-0.16296642660007643,0.14853993588984166,-0.3115063624899181,False,False
2.0,25043010,24,0.00023613880998496484,0.24855599728441335,-0.16891474070365486,-0.16891474070365486,-0.009572395695710778,-0.1593423450079441,False,False
2.0,25043010,26,0.002239131379536463,0.24793069935503487,0.04523177889492758,0.04523177889492758,-0.0670493240059511,0.11228110290087867,True,True
2.0,25043010,27,0.02466986296220819,0.3187575526755609,-0.2318019137195897,-0.2318019137195897,0.14853993588984166,-0.38034184960943135,False,False
2.0,25043010,28,0.002952953651150114,0.09993228285298428,-0.011287793661253986,-0.011287793661253986,-0.03745316086805933,0.026165367206805346,False,True
2.0,25043010,30,0.005839814615615779,0.05097152181668718,0.17537222573568956,0.05097152181668718,-0.011287793661253986,0.06225931547794117,True,True
2.0,25043010,32,0.023014455423202795,-0.005127095137093862,0.10628783338184078,-0.005127095137093862,-0.009572395695710778,0.004445300558616916,False,True
2.0,25043010,34,1.6869482994952278e-06,-0.00043317806555864813,-0.00785699773016757,-0.00785699773016757,-0.005127095137093862,-0.0027299025930737075,False,False
2.0,25043011,0,0.015904957916187623,0.03299749178382472,0.07511555509342549,0.03299749178382472,-0.013363304657186381,0.0463607964410111,True,True
2.0,25043011,1,0.016935328169437103,0.4374639996344362,0.06851371239898346,0.06851371239898346,-0.06865646866808525,0.1371701810670687,True,True
2.0,25043011,2,0.008356256984712207,-0.14971312175498608,0.21833904741255644,-0.14971312175498608,0.05247528879320762,-0.2021884105481937,False,False
2.0,25043011,3,0.008894039315378688,-0.283895396103041,0.39648515589059985,-0.283895396103041,0.06851371239898346,-0.35240910850202445,False,False
2.0,25043011,4,0.007608418370792069,0.16183157921696079,0.07195308580259052,0.07195308580259052,0.03299749178382472,0.038955594018765805,True,True
2.0,25043011,6,0.01561716964244031,0.07540383498163006,-0.013363304657186381,-0.013363304657186381,0.05247528879320762,-0.065838593450394,False,False
2.0,25043011,7,0.01786288997523977,0.33776942614574756,0.14658245876687048,0.14658245876687048,-0.07243418222639209,0.21901664099326257,True,True
2.0,25043011,8,0.014702373407967428,-0.16119479682576304,-0.40704975894242607,-0.40704975894242607,0.07195308580259052,-0.4790028447450166,False,False
2.0,25043011,9,0.0028365214687111617,-0.3604063500424007,0.3465779788843949,-0.3604063500424007,0.06851371239898346,-0.42892006244138414,False,False
2.0,25043011,10,0.007142277370835615,0.27914944877804626,0.30300151994214997,0.27914944877804626,0.05247528879320762,0.22667415998483864,True,True
2.0,25043011,11,0.0013034402238076837,0.37122762381147395,0.530760371327726,0.37122762381147395,0.021182782810339723,0.3500448410011342,True,True
2.0,25043011,12,0.012674757458126962,0.40294429815994864,0.391534835049605,0.391534835049605,0.05100321867543858,0.3405316163741664,True,True
2.0,25043011,13,0.005576898577876577,-0.11872021767448016,0.4637176164251978,-0.11872021767448016,0.03415204104403621,-0.15287225871851637,False,False
2.0,25043011,14,0.0051861723087403,0.44775478345642294,0.6367927179021543,0.44775478345642294,0.05100321867543858,0.3967515647809844,True,True
2.0,25043011,15,0.006136329403515273,-0.026148146778304016,0.5349545277295591,-0.026148146778304016,0.0768113872405069,-0.10295953401881092,False,False
2.0,25043011,16,0.00578704306127964,-0.031498364319938355,-0.1131274268477716,-0.1131274268477716,0.07942832298610486,-0.19255574983387647,False,False
2.0,25043011,18,0.0022465151686494877,0.27744923759107776,0.34857382377167234,0.27744923759107776,0.042752398341255854,0.2346968392498219,True,True
2.0,25043011,19,0.008878374487754748,0.09505106894697557,0.3847153176403465,0.09505106894697557,-0.008507305152434474,0.10355837409941004,True,True
2.0,25043011,20,0.002356562280837249,0.12880329442392308,0.35951463259701655,0.12880329442392308,0.12247356858658923,0.006329725837333849,True,True
2.0,25043011,21,0.031001235198194976,0.0768113872405069,0.32033197270202773,0.0768113872405069,0.04327188189727055,0.03353950534323635,True,True
2.0,25043011,22,0.0038037366802363692,0.030053351548286644,0.17481969952075954,0.030053351548286644,0.09212736977907407,-0.062074018230787426,True,False
2.0,25043011,23,0.0014618891838513726,-0.008507305152434474,0.39769877427412853,-0.008507305152434474,0.0768113872405069,-0.08531869239294138,False,False
2.0,25043011,24,0.00023613880998496484,-0.10740768751190333,0.08598520817167754,-0.10740768751190333,0.042752398341255854,-0.15016008585315918,False,False
2.0,25043011,26,0.002239131379536463,0.11485699371843677,-0.3834545118666738,-0.3834545118666738,0.030053351548286644,-0.41350786341496043,False,False
2.0,25043011,27,0.02466986296220819,0.1735536744617303,0.41597829200588976,0.1735536744617303,0.0768113872405069,0.09674228722122341,True,True
2.0,25043011,28,0.002952953651150114,0.055451445134225064,0.1652868008282098,0.055451445134225064,0.0179653053547916,0.037486139779433464,True,True
2.0,25043011,30,0.005839814615615779,0.1894956920389534,0.2694957563323243,0.1894956920389534,0.005877259161296555,0.18361843287765683,True,True
2.0,25043011,32,0.023014455423202795,0.005877259161296555,0.033345848839549386,0.005877259161296555,-0.01715742880401963,0.023034687965316186,True,True
2.0,25043011,34,1.6869482994952278e-06,0.08220718452590892,-0.0643682091563259,-0.0643682091563259,0.005877259161296555,-0.07024546831762246,False,False
2.5,25043000,0,0.002911598823560624,-0.03004034954542345,-0.05804290993111194,-0.05804290993111194,-0.05345606432329664,-0.004586845607815304,False,False
2.5,25043000,1,0.0031209071367288566,-0.15955717093637467,-0.6680788463586865,-0.6680788463586865,0.16083830565605978,-0.8289171520147463,False,False
2.5,25043000,2,0.0015998002718826676,-0.26349554325245056,0.41241261361543,-0.26349554325245056,-0.04516412640093531,-0.21833141685151525,False,False
2.5,25043000,3,0.0015305544950359184,-0.024289874839632353,-0.5430449545051321,-0.5430449545051321,0.1171075382261687,-0.6601524927313008,False,False
2.5,25043000,4,0.0013127707860576265,0.13239756643795908,-0.05345606432329664,-0.05345606432329664,-0.036872188478573986,-0.01658387584472265,False,False
2.5,25043000,6,0.0023826536422579814,-0.036872188478573986,-0.03318523779383742,-0.036872188478573986,-0.030524932971687513,-0.006347255506886473,False,False
2.5,25043000,7,0.005831996271250528,0.20456907308595085,0.2843519733061206,0.20456907308595085,0.07414545730711644,0.1304236157788344,True,True
2.5,25043000,8,0.002512042439973605,-0.32836253971125096,0.19914533256699846,-0.32836253971125096,-0.007593801620078389,-0.32076873809117257,False,False
2.5,25043000,9,0.0018351915926135831,0.2851488711200747,0.1171075382261687,0.1171075382261687,0.031183376388064177,0.08592416183810453,True,True
2.5,25043000,10,0.002807728698413836,0.2481617132808046,0.0039695090111426246,0.0039695090111426246,-0.022232995049326187,0.026202504060468812,True,True
2.5,25043000,11,7.916574396737985e-05,0.43591450260184456,0.3592990033662037,0.3592990033662037,0.03723119379465051,0.3220678095715532,True,True
2.5,25043000,12,0.004264204156817719,0.21843552494095597,0.4302856480985922,0.21843552494095597,-0.001812146304467882,0.22024767124542385,True,True
2.5,25043000,13,4.644391460351116e-05,0.031183376388064177,0.3054112839054127,0.031183376388064177,0.16083830565605978,-0.1296549292679956,True,False
2.5,25043000,14,0.0007845694287977878,0.038332262543888385,0.6277973109475663,0.038332262543888385,-0.001812146304467882,0.04014440884835627,True,True
2.5,25043000,15,0.0023406519310236185,0.3576320561245243,0.3047642475373463,0.3047642475373463,0.1171075382261687,0.18765670931117762,True,True
2.5,25043000,16,0.0007659345180281996,-0.007593801620078389,0.23956746522023098,-0.007593801620078389,0.025656885119992312,-0.0332506867400707,False,False
2.5,25043000,18,0.000335516375360001,0.04342135834152927,0.027298337921769944,0.027298337921769944,0.013992470664678652,0.013305867257091292,True,True
2.5,25043000,19,0.000628337867053741,-0.3910918502013111,0.0950356606338516,-0.3910918502013111,0.17948267634652998,-0.570574526547841,False,False
2.5,25043000,20,0.0003490839010371616,0.06630040661506376,0.08489092186247787,0.06630040661506376,0.025656885119992312,0.040643521495071444,True,True
2.5,25043000,21,0.01613432957672467,0.04327901120123684,0.27474110144704383,0.04327901120123684,0.24212346194193815,-0.1988444507407013,True,False
2.5,25043000,22,0.00017663901689601857,0.5605940422678679,0.02401543231821468,0.02401543231821468,0.036034456750079324,-0.012019024431864644,True,False
2.5,25043000,23,0.00015988185775261954,0.3253265488989463,0.3115733937232031,0.3115733937232031,0.04327901120123684,0.26829438252196625,True,True
2.5,25043000,24,5.137289832912728e-05,0.22939186982776716,-0.10385939233476582,-0.10385939233476582,0.031087633539207793,-0.13494702587397361,False,False
2.5,25043000,26,0.0001640657816146529,0.41183882086177526,0.1655427298175305,0.1655427298175305,0.02401543231821468,0.1415272974993158,True,True
2.5,25043000,27,0.004368244056217385,0.4841498846496858,0.17948267634652998,0.17948267634652998,0.04327901120123684,0.13620366514529314,True,True
2.5,25043000,28,0.00020160586577411266,0.047964414627096885,-0.0749064618225943,-0.0749064618225943,0.031087633539207793,-0.1059940953618021,False,False
2.5,25043000,30,0.00025129574203908156,0.03487692915664564,0.1765393227577104,0.03487692915664564,0.02401543231821468,0.010861496838430962,True,True
2.5,25043000,32,0.0047967948109823855,0.20335060591726173,0.03719198434351301,0.03719198434351301,0.0025112614788182497,0.03468072286469476,True,True
2.5,25043000,34,4.736581793451933e-09,-0.008994114126975039,-0.01899290936057818,-0.01899290936057818,0.03487692915664564,-0.05386983851722382,False,False
2.5,25043001,0,0.002911598823560624,-0.06642924862433586,0.0929137039235104,-0.06642924862433586,-0.16520863948847972,0.09877939086414386,False,True
2.5,25043001,1,0.0031209071367288566,-0.30818968764192545,-0.2655339867189673,-0.30818968764192545,-0.2909761755415437,-0.017213512100381745,False,False
2.5,25043001,2,0.0015998002718826676,-0.16520863948847972,-0.09034983329962865,-0.16520863948847972,-0.04448490971341257,-0.12072372977506715,False,False
2.5,25043001,3,0.0015305544950359184,-0.261543651629653,0.315993665284795,-0.261543651629653,-0.30818968764192545,0.04664603601227246,False,True
2.5,25043001,4,0.0013127707860576265,-0.20815477107099467,0.3248747758036764,-0.20815477107099467,-0.02254057080248928,-0.1856142002685054,False,False
2.5,25043001,6,0.0023826536422579814,0.03063559918717562,-0.009435000924677861,-0.009435000924677861,-0.08435734802817696,0.0749223471034991,False,True
2.5,25043001,7,0.005831996271250528,0.4138605765384449,-0.4422991092735784,-0.4422991092735784,-0.23701407951134523,-0.20528502976223317,False,False
2.5,25043001,8,0.002512042439973605,-0.27013035610650066,-0.3009688555992579,-0.3009688555992579,-0.06642924862433586,-0.23453960697492204,False,False
2.5,25043001,9,0.0018351915926135831,-0.3204086994534344,0.2402246513798853,-0.3204086994534344,-0.21248450739303748,-0.10792419206039694,False,False
2.5,25043001,10,0.002807728698413836,0.18971725705607184,-0.02254057080248928,-0.02254057080248928,-0.1337470434602489,0.11120647265775963,False,True
2.5,25043001,11,7.916574396737985e-05,0.3252168145882376,-0.21248450739303748,-0.21248450739303748,-0.26129707912301375,0.04881257172997627,False,True
2.5,25043001,12,0.004264204156817719,0.40849963406341583,0.35656250144928947,0.35656250144928947,-0.1337470434602489,0.4903095449095384,True,True
2.5,25043001,13,4.644391460351116e-05,0.08740719149844839,0.20709497574887237,0.08740719149844839,-0.236767507004706,0.3241746985031544,True,True
2.5,25043001,14,0.0007845694287977878,0.07515921168587947,0.13042518963120348,0.07515921168587947,-0.06241300911725367,0.13757222080313314,True,True
2.5,25043001,15,0.0023406519310236185,0.3742779813047445,-0.0002667440227637763,-0.0002667440227637763,-0.21248450739303748,0.2122177633702737,False,True
2.5,25043001,16,0.0007659345180281996,-0.10228544743201806,0.12297028004667687,-0.10228544743201806,-0.02054267710785851,-0.08174277032415955,False,False
2.5,25043001,18,0.000335516375360001,-0.6757382196575145,0.0002097618692156189,-0.6757382196575145,-0.06241300911725367,-0.6133252105402608,False,False
2.5,25043001,19,0.000628337867053741,0.16684008307715506,0.12592615200944568,0.12592615200944568,-0.032716916148138764,0.15864306815758444,True,True
2.5,25043001,20,0.0003490839010371616,-0.3879980954625617,0.10410925321049547,-0.3879980954625617,-0.02054267710785851,-0.3674554183547032,False,False
2.5,25043001,21,0.01613432957672467,-0.2610505066163745,0.48510735616371836,-0.2610505066163745,0.043570223737842306,-0.30462073035421683,False,False
2.5,25043001,22,0.00017663901689601857,0.5304398309689964,0.4473829737492634,0.4473829737492634,-0.0604151154226229,0.5077980891718863,True,True
2.5,25043001,23,0.00015988185775261954,0.5028423890119702,0.20800306755040765,0.20800306755040765,-0.0002667440227637763,0.20826981157317143,True,True
2.5,25043001,24,5.137289832912728e-05,0.21498138445217607,-0.01854478341322774,-0.01854478341322774,-0.06078645751839934,0.0422416741051716,False,True
2.5,25043001,26,0.0001640657816146529,-0.0412386435514826,-0.22926076321399552,-0.22926076321399552,-0.019287467604780617,-0.2099732956092149,False,False
2.5,25043001,27,0.004368244056217385,0.09347096813923772,-0.032716916148138764,-0.032716916148138764,0.12592615200944568,-0.15864306815758444,False,False
2.5,25043001,28,0.00020160586577411266,-0.12400814277982253,-0.13898901429598998,-0.13898901429598998,-0.018916125509004178,-0.1200728887869858,False,False
2.5,25043001,30,0.00025129574203908156,0.08853223252330672,0.22843904423208955,0.08853223252330672,-0.019287467604780617,0.10781970012808734,True,True
2.5,25043001,32,0.0047967948109823855,0.197732825017353,0.015864175368314748,0.015864175368314748,-0.018916125509004178,0.034780300877318926,True,True
2.5,25043001,34,4.736581793451933e-09,-0.009242845518274478,-0.019287467604780617,-0.019287467604780617,-0.01854478341322774,-0.0007426841915528781,False,False
2.5,25043002,0,0.002911598823560624,-0.0563881552711788,0.1032318591178607,-0.0563881552711788,-0.17016019848095676,0.11377204320977796,False,True
2.5,25043002,1,0.0031209071367288566,0.1271654416965463,-0.4926902749950656,-0.4926902749950656,0.01979303204991384,-0.5124833070449795,False,False
2.5,25043002,2,0.0015998002718826676,-0.04548031628709337,0.1879727092767603,-0.04548031628709337,-0.11331784364170916,0.06783752735461579,False,True
2.5,25043002,3,0.0015305544950359184,0.005014579611684944,0.12750804611611732,0.005014579611684944,0.034571484488142734,-0.02955690487645779,True,False
2.5,25043002,4,0.0013127707860576265,-0.17948489810250046,-0.17662135040783644,-0.17948489810250046,-0.0563881552711788,-0.12309674283132166,False,False
2.5,25043002,6,0.0023826536422579814,-0.013243506800349802,-0.05647548880246156,-0.05647548880246156,-0.05093423577913608,-0.005541253023325476,False,False
2.5,25043002,7,0.005831996271250528,0.09321541474825112,-0.04781990045173534,-0.04781990045173534,0.09553720819787198,-0.14335710864960732,False,False
2.5,25043002,8,0.002512042439973605,-0.4458554962737076,-0.3308728224144513,-0.4458554962737076,-0.04548031628709337,-0.4003751799866142,False,False
2.5,25043002,9,0.0018351915926135831,0.29330679415495015,0.16443192608388657,0.16443192608388657,0.034571484488142734,0.12986044159574384,True,True
2.5,25043002,10,0.002807728698413836,0.4416985601473307,-0.17016019848095676,-0.17016019848095676,-0.026010611919344284,-0.14414958656161247,False,False
2.5,25043002,11,7.916574396737985e-05,0.034571484488142734,0.281019234707332,0.034571484488142734,0.03074154768053594,0.003829936807606793,True,True
2.5,25043002,12,0.004264204156817719,0.4976708650793114,0.2760942810022046,0.2760942810022046,-0.050977902544777465,0.3270721835469821,True,True
2.5,25043002,13,4.644391460351116e-05,0.3618851489859932,0.30575749080922543,0.30575749080922543,0.01979303204991384,0.2859644587593116,True,True
2.5,25043002,14,0.0007845694287977878,0.5390834306956334,0.2530163313594413,0.2530163313594413,-0.08539294628728561,0.3384092776467269,True,True
2.5,25043002,15,0.0023406519310236185,0.4041144485960471,0.15650293190760123,0.15650293190760123,0.034571484488142734,0.1219314474194585,True,True
2.5,25043002,16,0.0007659345180281996,0.0004161969244254049,0.1203028703236827,0.0004161969244254049,-0.03150819817702838,0.031924395101453784,True,True
2.5,25043002,18,0.000335516375360001,0.18763954855367393,0.08296474467413506,0.08296474467413506,-0.047986338114588745,0.1309510827887238,True,True
2.5,25043002,19,0.000628337867053741,0.05646851574938694,0.09584150357183696,0.05646851574938694,0.15650293190760123,-0.10003441615821429,True,False
2.5,25043002,20,0.0003490839010371616,0.2107214070179304,-0.006540907551595199,-0.006540907551595199,0.030142613982424293,-0.03668352153401949,False,False
2.5,25043002,21,0.01613432957672467,0.20180489850355982,-0.14684120483085258,-0.14684120483085258,0.10648572382849408,-0.2533269286593467,False,False
2.5,25043002,22,0.00017663901689601857,0.4972945807015835,-0.2545314122826646,-0.2545314122826646,0.06783274210564061,-0.32236415438830524,False,False
2.5,25043002,23,0.00015988185775261954,0.6143869363347114,-0.07604734882965414,-0.07604734882965414,0.15650293190760123,-0.23255028073725537,False,False
2.5,25043002,24,5.137289832912728e-05,0.27685478927252916,-0.11431040377210966,-0.11431040377210966,0.030142613982424293,-0.14445301775453395,False,False
2.5,25043002,26,0.0001640657816146529,0.3935398269330528,0.05986903104042318,0.05986903104042318,-0.006540907551595199,0.06640993859201838,True,True
2.5,25043002,27,0.004368244056217385,0.36490278568392587,0.42244981948522087,0.36490278568392587,-0.07604734882965414,0.44095013451358,True,True
2.5,25043002,28,0.00020160586577411266,0.08015550955513873,-0.08943176867758229,-0.08943176867758229,0.02666406174441399,-0.11609583042199628,False,False
2.5,25043002,30,0.00025129574203908156,0.34560779099020217,0.3199907028855888,0.3199907028855888,-0.04815654277727199,0.3681472456628608,True,True
2.5,25043002,32,0.0047967948109823855,0.21547542216560456,0.07579645317085804,0.07579645317085804,-0.06879415572742714,0.14459060889828518,True,True
2.5,25043002,34,4.736581793451933e-09,0.01792919458903408,-0.04815654277727199,-0.04815654277727199,0.05986903104042318,-0.10802557381769518,False,False
2.5,25043003,0,0.002911598823560624,-0.08161598720878183,0.0921669923064502,-0.08161598720878183,-0.050480763613397595,-0.03113522359538423,False,False
2.5,25043003,1,0.0031209071367288566,0.07249685318652543,-0.13287672483477087,-0.13287672483477087,0.09972389095346504,-0.2326006157882359,False,False
2.5,25043003,2,0.0015998002718826676,0.4709608651260249,0.32039038282317567,0.32039038282317567,-0.06604837541108971,0.3864387582342654,True,True
2.5,25043003,3,0.0015305544950359184,0.2902543800843277,0.38181146681189887,0.2902543800843277,-0.13287672483477087,0.42313110491909856,True,True
2.5,25043003,4,0.0013127707860576265,0.21266059428462436,0.2847859679586784,0.21266059428462436,-0.050480763613397595,0.26314135789802195,True,True
2.5,25043003,6,0.0023826536422579814,-0.050480763613397595,-0.002738420204701497,-0.050480763613397595,0.005083413800707315,-0.05556417741410491,False,False
2.5,25043003,7,0.005831996271250528,0.2385551472605335,-0.18823657811861982,-0.18823657811861982,-0.05602571916142074,-0.13221085895719908,False,False
2.5,25043003,8,0.002512042439973605,-0.18268574703916848,0.18024411849197802,-0.18268574703916848,-0.050480763613397595,-0.1322049834257709,False,False
2.5,25043003,9,0.0018351915926135831,0.020825286511929386,0.19626158515059372,0.020825286511929386,-0.1477591825653689,0.1685844690772983,True,True
2.5,25043003,10,0.002807728698413836,0.09189879335395668,-0.12394755817404818,-0.12394755817404818,-0.01622617435166579,-0.10772138382238239,False,False
2.5,25043003,11,7.916574396737985e-05,0.336290311904999,0.1786224953950007,0.1786224953950007,-0.1403179537000699,0.3189404490950706,True,True
2.5,25043003,12,0.004264204156817719,0.3068930780926414,0.23421902757096663,0.23421902757096663,-0.01622617435166579,0.2504452019226324,True,True
2.5,25043003,13,4.644391460351116e-05,-0.16090530988091367,0.31792297892401494,-0.16090530988091367,0.0469264468877528,-0.20783175676866647,False,False
2.5,25043003,14,0.0007845694287977878,0.06458218363029089,0.44581816831601934,0.06458218363029089,-0.01622617435166579,0.08080835798195668,True,True
2.5,25043003,15,0.0023406519310236185,0.28013199479276196,-0.1477591825653689,-0.1477591825653689,0.020825286511929386,-0.1685844690772983,False,False
2.5,25043003,16,0.0007659345180281996,-0.05441535602887626,-0.029042365213665766,-0.05441535602887626,0.04130529927017845,-0.09572065529905471,False,False
2.5,25043003,18,0.000335516375360001,-0.09779872175997284,-0.017202902136270293,-0.09779872175997284,0.04130529927017845,-0.1391040210301513,False,False
2.5,25043003,19,0.000628337867053741,-0.23937018899891738,0.17286141704725505,-0.23937018899891738,0.07302760726357621,-0.3123977962624936,False,False
2.5,25043003,20,0.0003490839010371616,0.07191069825590757,0.018028414910066015,0.018028414910066015,0.07470607780384814,-0.05667766289378212,True,False
2.5,25043003,21,0.01613432957672467,0.07302760726357621,0.1495181571108331,0.07302760726357621,0.0036915144475561934,0.06933609281602002,True,True
2.5,25043003,22,0.00017663901689601857,0.2242463452280825,0.24181088817212276,0.2242463452280825,0.07470607780384814,0.14954026742423437,True,True
2.5,25043003,23,0.00015988185775261954,0.2966401463545245,0.3089385951193061,0.2966401463545245,-0.1477591825653689,0.4443993289198934,True,True
2.5,25043003,24,5.137289832912728e-05,0.08482997197740538,0.1294494337968516,0.08482997197740538,0.04130529927017845,0.04352467270722693,True,True
2.5,25043003,26,0.0001640657816146529,0.41167816882394187,0.20741661743194356,0.20741661743194356,0.018028414910066015,0.18938820252187755,True,True
2.5,25043003,27,0.004368244056217385,0.41706875347847355,0.1551422114604813,0.1551422114604813,0.07302760726357621,0.08211460419690508,True,True
2.5,25043003,28,0.00020160586577411266,-0.0005615229104287689,-0.1082609331126434,-0.1082609331126434,0.09611026583376542,-0.20437119894640882,False,False
2.5,25043003,30,0.00025129574203908156,0.1460812223848924,0.19294375059344254,0.1460812223848924,0.08482997197740538,0.06125125040748702,True,True
2.5,25043003,32,0.0047967948109823855,0.21411072128113862,0.10739055969012545,0.10739055969012545,0.1154555971811489,-0.008065037491023441,True,False
2.5,25043003,34,4.736581793451933e-09,-0.0257611428191713,-0.025806091546051624,-0.025806091546051624,0.10739055969012545,-0.13319665123617708,False,False
2.5,25043004,0,0.002911598823560624,-0.022209561276381518,0.09244531837736825,-0.022209561276381518,-0.09641945945473518,0.07420989817835366,False,True
2.5,25043004,1,0.0031209071367288566,0.1026097113567287,-0.31855006788348733,-0.31855006788348733,0.12921426185785773,-0.44776432974134506,False,False
2.5,25043004,2,0.0015998002718826676,0.4009266033985571,0.11428302515136,0.11428302515136,-0.07314975574178623,0.18743278089314624,True,True
2.5,25043004,3,0.0015305544950359184,0.21128407154703588,0.2601517554067491,0.21128407154703588,-0.2783936597020452,0.4896777312490811,True,True
2.5,25043004,4,0.0013127707860576265,-0.0024058459936268095,-0.09641945945473518,-0.09641945945473518,-0.04986120708177827,-0.04655825237295691,False,False
2.5,25043004,6,0.0023826536422579814,-0.01097306031893841,-0.049880052028837274,-0.049880052028837274,-0.03603538417907989,-0.01384466784975738,False,False
2.5,25043004,7,0.005831996271250528,0.20087059340807456,0.047144452168679574,0.047144452168679574,-0.14885005341140878,0.19599450558008835,True,True
2.5,25043004,8,0.002512042439973605,-0.4453716581015486,-0.3518946736210917,-0.4453716581015486,-0.04081492801376885,-0.40455673008777976,False,False
2.5,25043004,9,0.0018351915926135831,-0.2783936597020452,0.2246905415559236,-0.2783936597020452,-0.01930644712077234,-0.2590872125812729,False,False
2.5,25043004,10,0.002807728698413836,-0.13627257357889588,-0.002045722247761228,-0.13627257357889588,-0.03151224464507518,-0.1047603289338207,False,False
2.5,25043004,11,7.916574396737985e-05,0.34041324273210216,0.33430078345666303,0.33430078345666303,-0.0781778546179196,0.4124786380745826,True,True
2.5,25043004,12,0.004264204156817719,0.3305797425982193,0.373142090450836,0.3305797425982193,-0.04987062955530777,0.38045037215352706,True,True
2.5,25043004,13,4.644391460351116e-05,-0.40105331151695894,0.5898788160407833,-0.40105331151695894,0.013919002523953616,-0.41497231404091256,False,False
2.5,25043004,14,0.0007845694287977878,-0.04986120708177827,0.4311464084516187,-0.04986120708177827,-0.07314975574178623,0.023288548660007957,False,True
2.5,25043004,15,0.0023406519310236185,0.42160146371584045,-0.01930644712077234,-0.01930644712077234,-0.13704926211506685,0.11774281499429451,False,True
2.5,25043004,16,0.0007659345180281996,0.11589036507606088,0.1337707371091137,0.11589036507606088,-0.09307631280386658,0.20896667787992745,True,True
2.5,25043004,18,0.000335516375360001,-0.04081492801376885,0.18509627734029754,-0.04081492801376885,-0.13793688423365508,0.09712195621988623,False,True
2.5,25043004,19,0.000628337867053741,-0.13704926211506685,0.04544962722079249,-0.13704926211506685,-0.01930644712077234,-0.11774281499429451,False,False
2.5,25043004,20,0.0003490839010371616,0.17140954208286352,0.41782660324158183,0.17140954208286352,-0.09306689033033708,0.2644764324132006,True,True
2.5,25043004,21,0.01613432957672467,0.2945832877016567,0.2802433212002078,0.2802433212002078,-0.0781778546179196,0.3584211758181274,True,True
2.5,25043004,22,0.00017663901689601857,-0.13960119488841427,0.2476774444546934,-0.13960119488841427,0.002975537571806297,-0.14257673246022057,False,False
2.5,25043004,23,0.00015988185775261954,-0.23968086018051482,0.1619187338211871,-0.23968086018051482,-0.01930644712077234,-0.22037441305974248,False,False
2.5,25043004,24,5.137289832912728e-05,-0.005491543983156655,-0.16967064833478618,-0.16967064833478618,-0.04024917029257452,-0.12942147804221166,False,False
2.5,25043004,26,0.0001640657816146529,-0.14710874857298922,-0.172765596637807,-0.172765596637807,-0.039683412571380194,-0.1330821840664268,False,False
2.5,25043004,27,0.004368244056217385,0.10193853648767182,0.04046546976901122,0.04046546976901122,-0.13704926211506685,0.17751473188407807,True,True
2.5,25043004,28,0.00020160586577411266,-0.14927963481595463,-0.03527260896684048,-0.14927963481595463,-0.04024917029257452,-0.10903046452338011,False,False
2.5,25043004,30,0.00025129574203908156,0.4409902964921152,0.2746297315814944,0.2746297315814944,-0.13960119488841427,0.41423092646990867,True,True
2.5,25043004,32,0.0047967948109823855,0.04676600315738144,0.12694014408332688,0.04676600315738144,-0.14444041485218445,0.1912064180095659,True,True
2.5,25043004,34,4.736581793451933e-09,-0.039683412571380194,-0.009620103060266838,-0.039683412571380194,-0.14927963481595463,0.10959622224457444,False,True
2.5,25043005,0,0.002911598823560624,0.17308281691198324,0.13357076876139995,0.13357076876139995,-0.051105328690206675,0.18467609745160662,True,True
2.5,25043005,1,0.0031209071367288566,0.09679298724479585,-0.4464658847179272,-0.4464658847179272,-0.17690383884720345,-0.26956204587072374,False,False
2.5,25043005,2,0.0015998002718826676,-0.3365256026242611,-0.5592056437248283,-0.5592056437248283,0.07390420188483299,-0.6331098456096613,False,False
2.5,25043005,3,0.0015305544950359184,-0.3411458407932297,0.31559915451978926,-0.3411458407932297,-0.09644207294437268,-0.244703767848857,False,False
2.5,25043005,4,0.0013127707860576265,0.18936495840569278,-0.051105328690206675,-0.051105328690206675,0.014237635008266025,-0.0653429636984727,False,False
2.5,25043005,6,0.0023826536422579814,0.04780635322226445,0.014237635008266025,0.014237635008266025,-0.10919747589312512,0.12343511090139114,True,True
2.5,25043005,7,0.005831996271250528,0.21858336085617192,-0.09644207294437268,-0.09644207294437268,-0.22375495603717674,0.12731288309280406,False,True
2.5,25043005,8,0.002512042439973605,0.28076979409821934,-0.30200377495292224,-0.30200377495292224,-0.051105328690206675,-0.25089844626271557,False,False
2.5,25043005,9,0.0018351915926135831,-0.2573656047500342,0.35233881578089865,-0.2573656047500342,-0.19014430732431925,-0.06722129742571498,False,False
2.5,25043005,10,0.002807728698413836,0.18023330328974158,0.3647768670163297,0.18023330328974158,-0.10919747589312512,0.2894307791828667,True,True
2.5,25043005,11,7.916574396737985e-05,0.5326404436516241,0.23377825914655348,0.23377825914655348,-0.22375495603717674,0.45753321518373025,True,True
2.5,25043005,12,0.004264204156817719,0.36340837817777116,0.45841004832732113,0.36340837817777116,-0.10919747589312512,0.4726058540708963,True,True
2.5,25043005,13,4.644391460351116e-05,0.30707275492206026,0.30849261503064357,0.30707275492206026,-0.14329319013434597,0.45036594505640626,True,True
2.5,25043005,14,0.0007845694287977878,-0.16728962309604356,0.23097759335426976,-0.16728962309604356,0.0038884448264496774,-0.17117806792249324,False,False
2.5,25043005,15,0.0023406519310236185,-0.19014430732431925,0.3891221347442024,-0.19014430732431925,0.11604954589534677,-0.306193853219666,False,False
2.5,25043005,16,0.0007659345180281996,-0.2828143500662608,0.12287686225978312,-0.2828143500662608,0.0038884448264496774,-0.2867027948927105,False,False
2.5,25043005,18,0.000335516375360001,-0.24939401080982454,0.03405173046321741,-0.24939401080982454,-0.08687518422570512,-0.16251882658411942,False,False
2.5,25043005,19,0.000628337867053741,-0.2784156324322645,0.136225580614264,-0.2784156324322645,0.11604954589534677,-0.3944651783276113,False,False
2.5,25043005,20,0.0003490839010371616,-0.0064607453553666705,0.09212127765082834,-0.0064607453553666705,-0.049984094966509074,0.0435233496111424,False,True
2.5,25043005,21,0.01613432957672467,0.11604954589534677,0.3518514107923323,0.11604954589534677,0.13716444598088073,-0.02111490008553396,True,False
2.5,25043005,22,0.00017663901689601857,0.5751575439253713,0.25422847273429994,0.25422847273429994,-0.08687518422570512,0.34110365696000505,True,True
2.5,25043005,23,0.00015988185775261954,0.2623732711229228,0.18342732760928815,0.18342732760928815,0.09090156435247332,0.09252576325681483,True,True
2.5,25043005,24,5.137289832912728e-05,0.31997088980439925,0.06732143316302541,0.06732143316302541,-0.0922634433159027,0.1595848764789281,True,True
2.5,25043005,26,0.0001640657816146529,0.266591864629324,-0.2787151457947963,-0.2787151457947963,-0.0064607453553666705,-0.2722544004394296,False,False
2.5,25043005,27,0.004368244056217385,0.12737910865740854,0.09090156435247332,0.09090156435247332,0.11604954589534677,-0.025147981542873454,True,False
2.5,25043005,28,0.00020160586577411266,-0.018446057450156372,-0.20794232748482744,-0.20794232748482744,0.03043034390382937,-0.2383726713886568,False,False
2.5,25043005,30,0.00025129574203908156,0.23439466574112444,0.3648133075582758,0.23439466574112444,-0.0064607453553666705,0.2408554110964911,True,True
2.5,25043005,32,0.0047967948109823855,0.08585767871223071,0.12074813303475407,0.08585767871223071,0.025042084813631793,0.06081559389859892,True,True
2.5,25043005,34,4.736581793451933e-09,0.12302197266290438,-0.017237263535761826,-0.017237263535761826,0.06732143316302541,-0.08455869669878724,False,False
2.5,25043006,0,0.002911598823560624,-0.001306158820430836,0.15302257799331886,-0.001306158820430836,-0.0760983895334445,0.07479223071301366,False,True
2.5,25043006,1,0.0031209071367288566,0.18605749001600963,-0.3014926499294233,-0.3014926499294233,-0.058709433345739595,-0.24278321658368374,False,False
2.5,25043006,2,0.0015998002718826676,0.16246452969222908,0.19170013594373403,0.16246452969222908,-0.03870227417693767,0.20116680386916674,True,True
2.5,25043006,3,0.0015305544950359184,0.10890463486301444,0.5642147591214741,0.10890463486301444,-0.12433228073185462,0.23323691559486906,True,True
2.5,25043006,4,0.0013127707860576265,0.05234225178833685,0.25354800865486304,0.05234225178833685,-0.001306158820430836,0.05364841060876768,True,True
2.5,25043006,6,0.0023826536422579814,-0.11149930460096702,-0.043138096691222705,-0.11149930460096702,0.051722331527165766,-0.16322163612813279,False,False
2.5,25043006,7,0.005831996271250528,0.08599279671801874,-0.1270106882283598,-0.1270106882283598,-0.027985708511105878,-0.09902497971725394,False,False
2.5,25043006,8,0.002512042439973605,-0.0760983895334445,0.42585274564206055,-0.0760983895334445,0.051102411265994685,-0.12720080079943918,False,False
2.5,25043006,9,0.0018351915926135831,0.006913414040375432,0.10976211094230781,0.006913414040375432,-0.06288483106258719,0.06979824510296262,True,True
2.5,25043006,10,0.002807728698413836,0.10018313788112171,-0.12731503597522498,-0.12731503597522498,0.030052350945295125,-0.1573673869205201,False,False
2.5,25043006,11,7.916574396737985e-05,0.06536358939592946,-0.12433228073185462,-0.12433228073185462,0.0364308388045925,-0.16076311953644712,False,False
2.5,25043006,12,0.004264204156817719,0.4026562566956702,0.30921728754341515,0.30921728754341515,0.030052350945295125,0.27916493659812003,True,True
2.5,25043006,13,4.644391460351116e-05,0.14569852869977779,0.4354512075124496,0.14569852869977779,-0.027985708511105878,0.17368423721088366,True,True
2.5,25043006,14,0.0007845694287977878,0.5219744532693857,0.12524728446911126,0.12524728446911126,-0.03354804945442447,0.15879533392353573,True,True
2.5,25043006,15,0.0023406519310236185,-0.06288483106258719,-0.018287236791846406,-0.06288483106258719,0.006913414040375432,-0.06979824510296262,False,False
2.5,25043006,16,0.0007659345180281996,0.051102411265994685,0.09893942606330786,0.051102411265994685,-0.07915208797045897,0.13025449923645366,True,True
2.5,25043006,18,0.000335516375360001,-0.13143048640002508,0.09008762896831002,-0.13143048640002508,-0.03354804945442447,-0.09788243694560061,False,False
2.5,25043006,19,0.000628337867053741,0.4173145288594542,0.06594826356880956,0.06594826356880956,-0.06288483106258719,0.12883309463139675,True,True
2.5,25043006,20,0.0003490839010371616,0.009002290624595566,0.02364575565928484,0.009002290624595566,-0.015551687570739381,0.024553978195334947,True,True
2.5,25043006,21,0.01613432957672467,0.3903972878155045,0.3939921751958855,0.3903972878155045,-0.0936085558972209,0.48400584371272537,True,True
2.5,25043006,22,0.00017663901689601857,0.20711461319953556,0.47160324954781696,0.20711461319953556,0.008575129471241949,0.1985394837282936,True,True
2.5,25043006,23,0.00015988185775261954,-0.28030186806378715,0.12939366742914427,-0.28030186806378715,0.06594826356880956,-0.3462501316325967,False,False
2.5,25043006,24,5.137289832912728e-05,-0.08220578640747345,0.2284165308783147,-0.08220578640747345,0.008575129471241949,-0.0907809158787154,False,False
2.5,25043006,26,0.0001640657816146529,-0.08815350929025229,0.2009298634429304,-0.08815350929025229,0.008147968317888332,-0.09630147760814062,False,False
2.5,25043006,27,0.004368244056217385,-0.112611456218844,-0.29127571793203466,-0.29127571793203466,0.06594826356880956,-0.3572239815008442,False,False
2.5,25043006,28,0.00020160586577411266,-0.022886669275831495,-0.09837634326763678,-0.09837634326763678,-0.009993649164494689,-0.08838269410314209,False,False
2.5,25043006,30,0.00025129574203908156,0.15850920499309973,0.3954057864139151,0.15850920499309973,-0.02813526664687771,0.18664447163997744,True,True
2.5,25043006,32,0.0047967948109823855,0.037857308668323486,0.008147968317888332,0.008147968317888332,-0.05517052652717558,0.06331849484506391,True,True
2.5,25043006,34,4.736581793451933e-09,-0.02578917809458714,-0.02813526664687771,-0.02813526664687771,-0.08220578640747345,0.05407051976059574,False,True
2.5,25043007,0,0.002911598823560624,-0.11044749536978138,-0.00353522057755451,-0.11044749536978138,0.14566977180661744,-0.2561172671763988,False,False
2.5,25043007,1,0.0031209071367288566,0.6727289599658538,0.19382679491414057,0.19382679491414057,0.045218265129766316,0.14860852978437425,True,True
2.5,25043007,2,0.0015998002718826676,0.21569306117274312,0.5808698902619813,0.21569306117274312,-0.05399628839653953,0.26968934956928264,True,True
2.5,25043007,3,0.0015305544950359184,0.21232928056870792,0.2193273138916687,0.21232928056870792,0.06034803575507752,0.1519812448136304,True,True
2.5,25043007,4,0.0013127707860576265,0.14566977180661744,0.26962536727336217,0.14566977180661744,-0.037641550092089526,0.18331132189870697,True,True
2.5,25043007,6,0.0023826536422579814,0.0283109601246192,0.002454918576702325,0.002454918576702325,-0.07404452273093545,0.07649944130763778,True,True
2.5,25043007,7,0.005831996271250528,0.12934768148845277,-0.1154622263449176,-0.1154622263449176,0.12708741533460904,-0.24254964167952664,False,False
2.5,25043007,8,0.002512042439973605,-0.15796041698782615,-0.3637732871536915,-0.3637732871536915,0.0012118745266208597,-0.36498516168031236,False,False
2.5,25043007,9,0.0018351915926135831,0.06484390040833488,-0.12170701528316336,-0.12170701528316336,0.06034803575507752,-0.18205505103824088,False,False
2.5,25043007,10,0.002807728698413836,0.2840401564715329,0.220897782938834,0.220897782938834,-0.0200947243793895,0.2409925073182235,True,True
2.5,25043007,11,7.916574396737985e-05,0.3164519793087183,0.20589875660445023,0.20589875660445023,0.02222368807509706,0.18367506852935317,True,True
2.5,25043007,12,0.004264204156817719,0.4466221461160721,-0.11050610883456735,-0.11050610883456735,-0.0006680120700343073,-0.10983809676453304,False,False
2.5,25043007,13,4.644391460351116e-05,0.06034803575507752,0.20751661313035358,0.06034803575507752,-0.030006215797592717,0.09035425155267024,True,True
2.5,25043007,14,0.0007845694287977878,-0.037641550092089526,0.23808202142473528,-0.037641550092089526,-0.05032635513849981,0.012684805046410286,False,True
2.5,25043007,15,0.0023406519310236185,0.3292309252031679,-0.015900659604883405,-0.015900659604883405,-0.04411177199030203,0.028211112385418624,False,True
2.5,25043007,16,0.0007659345180281996,0.08229030611725219,-0.1730315191443379,-0.1730315191443379,-0.0200947243793895,-0.1529367947649484,False,False
2.5,25043007,18,0.000335516375360001,0.14024525716195457,0.0012118745266208597,0.0012118745266208597,-0.0918552986009834,0.09306717312760426,True,True
2.5,25043007,19,0.000628337867053741,-0.2617569480676136,0.02452976884083763,-0.2617569480676136,0.06034803575507752,-0.32210498382269115,False,False
2.5,25043007,20,0.0003490839010371616,0.267667845431478,-0.0025478986666894743,-0.0025478986666894743,-0.06162366784187309,0.05907576917518362,False,True
2.5,25043007,21,0.01613432957672467,0.5652882247406987,0.134407350670821,0.134407350670821,0.02222368807509706,0.11218366259572393,True,True
2.5,25043007,22,0.00017663901689601857,-0.41261459337838174,-0.048020240538197534,-0.41261459337838174,-0.0200947243793895,-0.39251986899899227,False,False
2.5,25043007,23,0.00015988185775261954,-0.04411177199030203,0.2022544999881169,-0.04411177199030203,0.06034803575507752,-0.10445980774537955,False,False
2.5,25043007,24,5.137289832912728e-05,-0.09810481161031015,-0.005895501384787338,-0.09810481161031015,-0.011109080908465352,-0.0869957307018448,False,False
2.5,25043007,26,0.0001640657816146529,0.061485998649342455,0.2546199757895738,0.061485998649342455,-0.01967026315024123,0.08115626179958368,True,True
2.5,25043007,27,0.004368244056217385,0.3708747949135017,0.26039709305568676,0.26039709305568676,-0.04411177199030203,0.3045088650459888,True,True
2.5,25043007,28,0.00020160586577411266,-0.08560578559165666,-0.05555662038331488,-0.08560578559165666,-0.0006680120700343073,-0.08493777352162235,False,False
2.5,25043007,30,0.00025129574203908156,0.23029317007398903,0.11179264632042946,0.11179264632042946,-0.01967026315024123,0.13146290947067069,True,True
2.5,25043007,32,0.0047967948109823855,0.13727273233384985,0.03281992105362208,0.03281992105362208,-0.052638024370948944,0.08545794542457102,True,True
2.5,25043007,34,4.736581793451933e-09,-0.00888479473049586,-0.01967026315024123,-0.01967026315024123,0.03281992105362208,-0.05249018420386331,False,False
2.5,25043008,0,0.002911598823560624,-0.1300083083598127,0.1998810751462632,-0.1300083083598127,-0.02154174297950634,-0.10846656538030636,False,False
2.5,25043008,1,0.0031209071367288566,0.28496682099542553,-0.5078439642359863,-0.5078439642359863,0.049731232053658064,-0.5575751962896444,False,False
2.5,25043008,2,0.0015998002718826676,0.19053334371000819,0.154365391407914,0.154365391407914,-0.045856449051395826,0.20022184045930982,True,True
2.5,25043008,3,0.0015305544950359184,0.140980461702518,0.5606322095723493,0.140980461702518,0.03189809500294832,0.10908236669956967,True,True
2.5,25043008,4,0.0013127707860576265,0.0824325907009924,0.130723983084315,0.0824325907009924,-0.04228343552707081,0.12471602622806321,True,True
2.5,25043008,6,0.0023826536422579814,-0.07017115512328531,-0.018078727158552965,-0.07017115512328531,-0.031912589253288576,-0.038258565869996736,False,False
2.5,25043008,7,0.005831996271250528,0.0675643691043678,0.09969790173599474,0.0675643691043678,0.0670740300105937,0.0004903390937741059,True,True
2.5,25043008,8,0.002512042439973605,0.30966231722819465,-0.3798673873948138,-0.3798673873948138,-0.04228343552707081,-0.337583951867743,False,False
2.5,25043008,9,0.0018351915926135831,-0.0008335410273415667,0.17895376827115106,-0.0008335410273415667,0.0675643691043678,-0.06839791013170937,False,False
2.5,25043008,10,0.002807728698413836,0.01578317934018514,-0.02154174297950634,-0.02154174297950634,-0.05622729532517806,0.03468555234567172,False,True
2.5,25043008,11,7.916574396737985e-05,0.1333239807026348,0.03189809500294832,0.03189809500294832,0.08490716706130344,-0.05300907205835512,True,False
2.5,25043008,12,0.004264204156817719,-0.01682209291567216,0.20021214504016754,-0.01682209291567216,-0.031912589253288576,0.015090496337616416,False,True
2.5,25043008,13,4.644391460351116e-05,0.10224996501823906,0.2910909783433248,0.10224996501823906,0.049731232053658064,0.052518732964581,True,True
2.5,25043008,14,0.0007845694287977878,-0.04228343552707081,0.18499041477124406,-0.04228343552707081,-0.01918191794758925,-0.023101517579481562,False,False
2.5,25043008,15,0.0023406519310236185,0.2435643205036262,0.2907312202356356,0.2435643205036262,0.03189809500294832,0.21166622550067787,True,True
2.5,25043008,16,0.0007659345180281996,-0.12754691938161733,0.01079397426754991,-0.12754691938161733,-0.01918191794758925,-0.10836500143402808,False,False
2.5,25043008,18,0.000335516375360001,-0.3975491769930264,0.054034461916482424,-0.3975491769930264,-0.01918191794758925,-0.3783672590454371,False,False
2.5,25043008,19,0.000628337867053741,-0.09937201095631015,0.3579989217820455,-0.09937201095631015,0.03189809500294832,-0.13127010595925848,False,False
2.5,25043008,20,0.0003490839010371616,0.26908026929565343,0.07531307915167529,0.07531307915167529,-0.01918191794758925,0.09449499709926454,True,True
2.5,25043008,21,0.01613432957672467,0.16521944595218901,0.2923503502340661,0.16521944595218901,0.011334388759819652,0.15388505719236936,True,True
2.5,25043008,22,0.00017663901689601857,0.49862299928296266,0.4029461868225968,0.4029461868225968,0.025795167197204316,0.3771510196253925,True,True
2.5,25043008,23,0.00015988185775261954,-0.009229317483309019,0.14982541390666693,-0.009229317483309019,0.10224996501823906,-0.11147928250154808,False,False
2.5,25043008,24,5.137289832912728e-05,0.31442048958105473,0.06841242731008079,0.06841242731008079,0.02372005313842579,0.044692374171655,True,True
2.5,25043008,26,0.0001640657816146529,0.2773427499231267,0.14099259411054316,0.14099259411054316,0.06841242731008079,0.07258016680046236,True,True
2.5,25043008,27,0.004368244056217385,-0.15276602847755616,0.20921164968268396,-0.15276602847755616,-0.009229317483309019,-0.14353671099424714,False,False
2.5,25043008,28,0.00020160586577411266,-0.03546315261014921,-0.11503086227544512,-0.11503086227544512,0.08485007780913334,-0.19988094008457846,False,False
2.5,25043008,30,0.00025129574203908156,0.10960933734621248,0.26738770021904895,0.10960933734621248,0.07531307915167529,0.03429625819453719,True,True
2.5,25043008,32,0.0047967948109823855,0.14034898464005874,0.09438707646659139,0.09438707646659139,0.08901088232814663,0.0053761941384447565,True,True
2.5,25043008,34,4.736581793451933e-09,-0.02787297287482371,-0.018826027911327592,-0.02787297287482371,0.09438707646659139,-0.1222600493414151,False,False
2.5,25043009,0,0.002911598823560624,0.04761316050002773,0.006709003179644957,0.006709003179644957,-0.19696076645624772,0.20366976963589267,True,True
2.5,25043009,1,0.0031209071367288566,-0.01733323987018265,-0.2223712197116059,-0.2223712197116059,0.042271709175306954,-0.2646429288869129,False,False
2.5,25043009,2,0.0015998002718826676,-0.05056375582578537,0.6083208080144202,-0.05056375582578537,-0.13212352100183555,0.08155976517605018,False,True
2.5,25043009,3,0.0015305544950359184,-0.33226538309358067,0.24875561721755368,-0.33226538309358067,0.043693136165603,-0.37595851925918367,False,False
2.5,25043009,4,0.0013127707860576265,-0.19696076645624772,0.041868783858612146,-0.19696076645624772,-0.05056375582578537,-0.14639701063046234,False,False
2.5,25043009,6,0.0023826536422579814,-0.06728627554742339,-0.030776300103600884,-0.06728627554742339,-0.08283387987570076,0.01554760432827737,False,True
2.5,25043009,7,0.005831996271250528,0.043693136165603,0.20930676731838627,0.043693136165603,0.07507936728532211,-0.03138623111971911,True,False
2.5,25043009,8,0.002512042439973605,0.032726374253173596,-0.27281660448240846,-0.27281660448240846,-0.06728627554742339,-0.20553032893498507,False,False
2.5,25043009,9,0.0018351915926135831,0.16212458310841138,0.1093084523856333,0.1093084523856333,0.04085028218501091,0.06845817020062239,True,True
2.5,25043009,10,0.002807728698413836,-0.2157234577501273,-0.425271882432291,-0.425271882432291,-0.07106623258773995,-0.35420564984455105,False,False
2.5,25043009,11,7.916574396737985e-05,0.04085028218501091,0.35245748023856366,0.04085028218501091,0.04942840766904605,-0.008578125484035137,True,False
2.5,25043009,12,0.004264204156817719,0.29078987715523075,0.5518272013885035,0.29078987715523075,-0.09497509677683633,0.3857649739320671,True,True
2.5,25043009,13,4.644391460351116e-05,0.32665120800747605,0.48966022233456297,0.32665120800747605,0.04942840766904605,0.27722280033843,True,True
2.5,25043009,14,0.0007845694287977878,0.22584803999140884,0.5440174046467203,0.22584803999140884,-0.09497509677683633,0.32082313676824514,True,True
2.5,25043009,15,0.0023406519310236185,0.5175929369381631,0.37219969872678127,0.37219969872678127,0.0551636791724891,0.31703601955429217,True,True
2.5,25043009,16,0.0007659345180281996,-0.11510400392561615,0.232250000154689,-0.11510400392561615,-0.05396353399573611,-0.06114046992988004,False,False
2.5,25043009,18,0.000335516375360001,-0.14686170758486466,0.28716800174443474,-0.14686170758486466,-0.05774349103605267,-0.089118216548812,False,False
2.5,25043009,19,0.000628337867053741,-0.23902127794357303,0.06708815692955145,-0.23902127794357303,0.0596557610921743,-0.2986770390357473,False,False
2.5,25043009,20,0.0003490839010371616,-0.0748461896280565,0.36820437179051846,-0.0748461896280565,0.027750024452656008,-0.10259621408071251,False,False
2.5,25043009,21,0.01613432957672467,0.0551636791724891,0.07178563630434376,0.0551636791724891,0.050253021638592604,0.004910657533896495,True,True
2.5,25043009,22,0.00017663901689601857,0.5093436150604522,-0.040640792444048834,-0.040640792444048834,0.08652448299293775,-0.12716527543698658,False,False
2.5,25043009,23,0.00015988185775261954,0.2498095362981112,0.0596557610921743,0.0596557610921743,0.0551636791724891,0.004492081919685198,True,True
2.5,25043009,24,5.137289832912728e-05,0.23275829224509048,0.11091718565781206,0.11091718565781206,-0.04061774586368616,0.15153493152149822,True,True
2.5,25043009,26,0.0001640657816146529,0.21071129773091124,0.19077668084775934,0.19077668084775934,-0.040640792444048834,0.23141747329180817,True,True
2.5,25043009,27,0.004368244056217385,0.3801792401013625,-0.4122265393251679,-0.4122265393251679,0.0551636791724891,-0.467390218497657,False,False
2.5,25043009,28,0.00020160586577411266,0.16597654711273668,-0.0777712290141308,-0.0777712290141308,0.018156712676595577,-0.09592794169072638,False,False
2.5,25043009,30,0.00025129574203908156,0.2939773144196694,0.09614084134936085,0.09614084134936085,-0.04059469928332349,0.13673554063268434,True,True
2.5,25043009,32,0.0047967948109823855,0.07690812463651464,0.199417259916022,0.07690812463651464,0.02777307103301868,0.04913505360349596,True,True
2.5,25043009,34,4.736581793451933e-09,-0.010337185595036713,-0.04059469928332349,-0.04059469928332349,0.09614084134936085,-0.13673554063268434,False,False
2.5,25043010,0,0.002911598823560624,0.015998062189828244,0.010934643421155354,0.010934643421155354,-0.03467050474479594,0.04560514816595129,True,True
2.5,25043010,1,0.0031209071367288566,0.2961638142464719,0.5498208326099221,0.2961638142464719,0.07608583686449685,0.22007797738197507,True,True
2.5,25043010,2,0.0015998002718826676,-0.09836789809168767,0.40568245524911506,-0.09836789809168767,-0.007826878516245195,-0.09054101957544247,False,False
2.5,25043010,3,0.0015305544950359184,0.18398221886297536,0.4165480562154756,0.18398221886297536,0.07014979093701618,0.11383242792595918,True,True
2.5,25043010,4,0.0013127707860576265,0.011733324371284604,0.2517710456036375,0.011733324371284604,-0.03467050474479594,0.04640382911608054,True,True
2.5,25043010,6,0.0023826536422579814,0.0403745744301518,-0.03467050474479594,-0.03467050474479594,-0.02938710101932024,-0.005283403725475699,False,False
2.5,25043010,7,0.005831996271250528,0.27083392030482845,0.08202188279197753,0.08202188279197753,0.12706600489999575,-0.045044122108018225,True,False
2.5,25043010,8,0.002512042439973605,-0.06902087759449799,-0.0913213914176233,-0.0913213914176233,-0.03218580158499473,-0.059135589832628566,False,False
2.5,25043010,9,0.0018351915926135831,-0.07316370563991764,0.28862670449547034,-0.07316370563991764,0.08202188279197753,-0.15518558843189517,False,False
2.5,25043010,10,0.002807728698413836,-0.005287684290213701,-0.026588400453645744,-0.026588400453645744,-0.06049853988545273,0.033910139431806985,False,True
2.5,25043010,11,7.916574396737985e-05,0.5825482445715094,0.07014979093701618,0.07014979093701618,0.13300205082747646,-0.06285225989046028,True,False
2.5,25043010,12,0.004264204156817719,0.2884639914868413,0.1278234977950503,0.1278234977950503,-0.06049853988545273,0.18832203768050304,True,True
2.5,25043010,13,4.644391460351116e-05,0.1925809637118797,0.06650751518258957,0.06650751518258957,0.13300205082747646,-0.06649453564488689,True,False
2.5,25043010,14,0.0007845694287977878,-0.08632657502610952,0.30539323235412363,-0.08632657502610952,-0.02938710101932024,-0.05693947400678928,False,False
2.5,25043010,15,0.0023406519310236185,0.6200223617645724,0.2785468682531034,0.2785468682531034,0.07014979093701618,0.2083970773160872,True,True
2.5,25043010,16,0.0007659345180281996,0.17170017067774923,-0.03218580158499473,-0.03218580158499473,-0.03062945259922084,-0.0015563489857738921,False,False
2.5,25043010,18,0.000335516375360001,-0.13308983318875722,-0.11830546949637044,-0.13308983318875722,-0.02938710101932024,-0.10370273216943698,False,False
2.5,25043010,19,0.000628337867053741,-0.058555358653605366,0.12264633578855094,-0.058555358653605366,0.07014979093701618,-0.12870514959062154,False,False
2.5,25043010,20,0.0003490839010371616,-0.05204733635084152,-0.11745706708568593,-0.11745706708568593,-0.021748228719576213,-0.09570883836610972,False,False
2.5,25043010,21,0.01613432957672467,0.3868468412707197,0.3764538845102132,0.3764538845102132,0.06832865305980287,0.3081252314504104,True,True
2.5,25043010,22,0.00017663901689601857,0.37022898640646973,-0.01690805698550668,-0.01690805698550668,-0.04210361579935168,0.025195558813844998,False,True
2.5,25043010,23,0.00015988185775261954,0.4602802034649758,0.41526115481923553,0.41526115481923553,0.06650751518258957,0.34875363963664596,True,True
2.5,25043010,24,5.137289832912728e-05,0.2980079257867022,0.027888205855895576,0.027888205855895576,-0.04210361579935168,0.06999182165524725,True,True
2.5,25043010,26,0.0001640657816146529,0.31686780104100154,0.33727270032445583,0.31686780104100154,-0.03218580158499473,0.3490536026259963,True,True
2.5,25043010,27,0.004368244056217385,0.45357752430552317,-0.3257932948993647,-0.3257932948993647,0.3764538845102132,-0.7022471794095779,False,False
2.5,25043010,28,0.00020160586577411266,0.08215203108311198,-0.052021430013708625,-0.052021430013708625,-0.011935509781909714,-0.04008592023179891,False,False
2.5,25043010,30,0.00025129574203908156,0.024525033370983662,0.33675144692221265,0.024525033370983662,-0.01690805698550668,0.04143309035649034,True,True
2.5,25043010,32,0.0047967948109823855,-0.05793899828665239,0.12326801936633991,-0.05793899828665239,0.008781035396335457,-0.06672003368298784,False,False
2.5,25043010,34,4.736581793451933e-09,-0.0026702896554083866,-0.006962962578312748,-0.006962962578312748,0.024525033370983662,-0.03148799594929641,False,False
2.5,25043011,0,0.002911598823560624,0.04609373001192507,0.07250657553282869,0.04609373001192507,-0.13138292491133757,0.17747665492326264,True,True
2.5,25043011,1,0.0031209071367288566,0.5493626035526704,-0.09596770333763649,-0.09596770333763649,-0.04655225971202631,-0.04941544362561018,False,False
2.5,25043011,2,0.0015998002718826676,-0.07825093819813855,0.028350502990769355,-0.07825093819813855,-0.0910373086069923,0.012786370408853748,False,True
2.5,25043011,3,0.0015305544950359184,-0.14646742412911673,0.2620119146195984,-0.14646742412911673,-0.02953210249968491,-0.11693532162943182,False,False
2.5,25043011,4,0.0013127707860576265,0.10596543136083925,-0.5164503790444039,-0.5164503790444039,-0.05069169230264703,-0.4657586867417569,False,False
2.5,25043011,6,0.0023826536422579814,-0.009965464127225099,-0.05069169230264703,-0.05069169230264703,-0.10481693155473806,0.054125239252091034,False,True
2.5,25043011,7,0.005831996271250528,0.3411735615367679,0.05336290470506411,0.05336290470506411,-0.0627499029186607,0.1161128076237248,True,True
2.5,25043011,8,0.002512042439973605,-0.13138292491133757,-0.06125976957768975,-0.13138292491133757,-0.07825093819813855,-0.05313198671319902,False,False
2.5,25043011,9,0.0018351915926135831,-0.1738259281408354,0.30300907272897165,-0.1738259281408354,-0.02953210249968491,-0.14429382564115048,False,False
2.5,25043011,10,0.002807728698413836,0.18407352044742104,-0.2587591090581459,-0.2587591090581459,-0.06447131525039279,-0.19428779380775313,False,False
2.5,25043011,11,7.916574396737985e-05,0.40958430738051743,0.14978442996160826,0.14978442996160826,-0.0627499029186607,0.21253433288026896,True,True
2.5,25043011,12,0.004264204156817719,0.29779519402207566,0.2012065881615573,0.2012065881615573,-0.13444840632625996,0.3356549944878172,True,True
2.5,25043011,13,4.644391460351116e-05,-0.02953210249968491,0.3785042733877525,-0.02953210249968491,-0.032394971670830996,0.0028628691711460874,False,True
2.5,25043011,14,0.0007845694287977878,0.10926548162055494,0.7022817138805102,0.10926548162055494,-0.13444840632625996,0.2437138879468149,True,True
2.5,25043011,15,0.0023406519310236185,0.16716388954395178,0.5903891542521288,0.16716388954395178,-0.02953210249968491,0.1966959920436367,True,True
2.5,25043011,16,0.0007659345180281996,-0.13751388774118234,0.05852559091418108,-0.13751388774118234,-0.02269928487417966,-0.11481460286700268,False,False
2.5,25043011,18,0.000335516375360001,-0.22825332609903415,0.15785986452637324,-0.22825332609903415,-0.028192840692844945,-0.2000604854061892,False,False
2.5,25043011,19,0.000628337867053741,-0.1348745294662443,0.30763878969294484,-0.1348745294662443,0.10322003055179518,-0.23809456001803947,False,False
2.5,25043011,20,0.0003490839010371616,0.3947642589945285,0.33200238966746753,0.33200238966746753,-0.028192840692844945,0.3601952303603125,True,True
2.5,25043011,21,0.01613432957672467,0.10322003055179518,0.2820521817802682,0.10322003055179518,0.060126163730961676,0.04309386682083351,True,True
2.5,25043011,22,0.00017663901689601857,-0.23845756531866824,0.22433422362453062,-0.23845756531866824,0.057279302087421324,-0.29573686740608957,False,False
2.5,25043011,23,0.00015988185775261954,-0.1181528480467261,0.27611611911795253,-0.1181528480467261,0.10322003055179518,-0.22137287859852128,False,False
2.5,25043011,24,5.137289832912728e-05,0.13417006653425578,0.00529312255428771,0.00529312255428771,-0.04655120981444205,0.05184433236872976,True,True
2.5,25043011,26,0.0001640657816146529,0.16218351599182584,0.2553270200578993,0.16218351599182584,-0.0616788039399776,0.22386231993180344,True,True
2.5,25043011,27,0.004368244056217385,0.31607486105399335,0.426907507660556,0.31607486105399335,-0.1181528480467261,0.43422770910071945,True,True
2.5,25043011,28,0.00020160586577411266,-0.0616788039399776,0.0325095362434592,-0.0616788039399776,-0.013065246567309396,-0.048613557372668204,False,False
2.5,25043011,30,0.00025129574203908156,0.30102963162761237,0.4453989792501882,0.30102963162761237,-0.0314236156889065,0.3324532473165189,True,True
2.5,25043011,32,0.0047967948109823855,-0.0314236156889065,0.03345771887034499,-0.0314236156889065,-0.028192840692844945,-0.0032307749960615584,False,False
2.5,25043011,34,4.736581793451933e-09,0.09778209662175819,-0.0687591311050868,-0.0687591311050868,0.00529312255428771,-0.07405225365937451,False,False
3.0,25043000,0,0.0004582315557182248,-0.05071438257649186,-0.07512509236820908,-0.07512509236820908,-0.1655442004026647,0.09041910803445563,False,True
3.0,25043000,1,0.0004916528121694519,-0.09765307835712878,-0.6650020063811019,-0.6650020063811019,0.1146503322804947,-0.7796523386615966,False,False
3.0,25043000,2,0.000254120346329767,-0.3797851630652043,0.5642232367432825,-0.3797851630652043,-0.08692282552969777,-0.29286233753550656,False,False
3.0,25043000,3,0.00023775379635626592,-0.1792882836796012,-0.11877272506293923,-0.1792882836796012,0.1833647500025667,-0.3626530336821679,False,False
3.0,25043000,4,0.00020412511852896387,-0.07772322590584968,-0.1655442004026647,-0.1655442004026647,-0.09872055869118646,-0.06682364171147825,False,False
3.0,25043000,6,0.0003183710487659752,-0.09872055869118646,-0.05429844647564963,-0.09872055869118646,-0.1203346463854369,0.02161408769425044,False,True
3.0,25043000,7,0.0011782894106713293,0.1833647500025667,0.3070984213662593,0.1833647500025667,0.07544392641184772,0.10792082359071897,True,True
3.0,25043000,8,0.0003197542212136639,-0.2075086339105633,0.28133546046034874,-0.2075086339105633,-0.09872055869118646,-0.10878807521937683,False,False
3.0,25043000,9,0.0008238932099158269,0.40673290537455326,0.04593591455842272,0.04593591455842272,0.10495193826527272,-0.059016023706849996,True,False
3.0,25043000,10,0.0005089120882981746,0.3306474974167765,0.507060258846247,0.3306474974167765,-0.15131994882651206,0.4819674462432886,True,True
3.0,25043000,11,1.9695719052581495e-05,0.21449597071585,0.32293304448394333,0.21449597071585,0.0135902328281583,0.2009057378876917,True,True
3.0,25043000,12,0.0006452712072180233,0.183960427480025,0.29785048544448733,0.183960427480025,-0.15131994882651206,0.33528037630653706,True,True
3.0,25043000,13,0.00040423404400291574,0.37830802368318583,0.3281042128336485,0.3281042128336485,0.0135902328281583,0.3145139800054902,True,True
3.0,25043000,14,0.00010926457958326807,-0.2882155021238224,0.2779883447592745,-0.2882155021238224,-0.11790812797077294,-0.17030737415304947,False,False
3.0,25043000,15,0.0004073498780958751,0.3475733085608089,0.10495193826527272,0.10495193826527272,0.07344675732671657,0.03150518093855614,True,True
3.0,25043000,16,7.868395569277098e-05,-0.019649385385650753,0.13277562401224718,-0.019649385385650753,-0.11790812797077294,0.09825874258512218,False,True
3.0,25043000,18,3.6886977242911456e-05,0.05120290110117709,-0.13709569725035942,-0.13709569725035942,-0.06619137037075357,-0.07090432687960585,False,False
3.0,25043000,19,9.575484203994122e-06,0.0794352728878921,-0.01875544890210612,-0.01875544890210612,0.10295476918014157,-0.12171021808224769,False,False
3.0,25043000,20,3.799117681779762e-05,-0.20941251554603665,-0.5605551813047069,-0.5605551813047069,-0.01836913897703596,-0.542186042327671,False,False
3.0,25043000,21,0.0050354791954880795,-0.15875848032478534,0.276721201008971,-0.15875848032478534,0.10495193826527272,-0.26371041859005806,False,False
3.0,25043000,22,1.5186295529989735e-06,-0.013048543799029422,-0.017088892568421166,-0.017088892568421166,-0.06619137037075357,0.0491024778023324,False,True
3.0,25043000,23,9.051823689265603e-06,0.03949208496704104,-0.16876936143404386,-0.16876936143404386,0.10295476918014157,-0.27172413061418543,False,False
3.0,25043000,24,6.196915150136206e-06,-0.06398593877466596,-0.2975098479384096,-0.2975098479384096,-0.018440321933415105,-0.2790695260049945,False,False
3.0,25043000,25,0.03469357706445564,0.23936396067317683,0.10095760009501042,0.10095760009501042,-0.01875544890210612,0.11971304899711654,True,True
3.0,25043000,26,4.498665421071024e-06,0.2843493941909214,0.09841949107165104,0.09841949107165104,-0.019649385385650753,0.1180688764573018,True,True
3.0,25043000,27,0.0007124114471541709,0.4698922651774289,0.2064558703125613,0.2064558703125613,-0.08875696461344573,0.29521283492600703,True,True
3.0,25043000,28,5.218209955248909e-06,-0.027477401569482307,-0.11273335535585638,-0.11273335535585638,-0.01716007552480031,-0.09557327983105607,False,False
3.0,25043000,30,8.22451520976486e-06,0.035573543985464806,0.280584774396302,0.035573543985464806,-0.017231258481179457,0.05280480246664426,True,True
3.0,25043000,32,0.000793133135791102,0.22793584732498723,0.044890107332690166,0.044890107332690166,-0.01716007552480031,0.06205018285749048,True,True
3.0,25043000,34,6.2729821337370595e-12,-0.009455671524333686,-0.017231258481179457,-0.017231258481179457,0.035573543985464806,-0.05280480246664426,False,False
3.0,25043001,0,0.0004582315557182248,-0.05675402883387248,0.07816622600016643,-0.05675402883387248,-0.15217539792647938,0.0954213690926069,False,True
3.0,25043001,1,0.0004916528121694519,-0.2354455900166662,-0.05482407163940495,-0.2354455900166662,-0.30103783300983367,0.06559224299316746,False,True
3.0,25043001,2,0.000254120346329767,-0.2500178176671297,-0.5187435621381161,-0.5187435621381161,-0.09190581499542821,-0.4268377471426879,False,False
3.0,25043001,3,0.00023775379635626592,0.06919900493920222,0.06542783045468548,0.06542783045468548,-0.2702490429341269,0.33567687338881236,True,True
3.0,25043001,4,0.00020412511852896387,-0.15217539792647938,0.022436847080169686,-0.15217539792647938,-0.12705760115698395,-0.025117796769495437,False,False
3.0,25043001,6,0.0003183710487659752,-0.00994717445949278,-0.03553417826339267,-0.03553417826339267,-0.1353318458522332,0.09979766758884054,False,True
3.0,25043001,7,0.0011782894106713293,0.33709966883161147,-0.33182662308554045,-0.33182662308554045,-0.16624665074550654,-0.1655799723400339,False,False
3.0,25043001,8,0.0003197542212136639,-0.18769532508247688,-0.13787831600487233,-0.18769532508247688,-0.12705760115698395,-0.06063772392549294,False,False
3.0,25043001,9,0.0008238932099158269,-0.38384593438621994,0.2106536859672033,-0.38384593438621994,-0.2354455900166662,-0.14840034436955374,False,False
3.0,25043001,10,0.0005089120882981746,0.10910225946952534,0.04142919796290673,0.04142919796290673,-0.14789074423698093,0.18931994219988765,True,True
3.0,25043001,11,1.9695719052581495e-05,0.27717850043274717,-0.2702490429341269,-0.2702490429341269,-0.2132026166023517,-0.057046426331775174,False,False
3.0,25043001,12,0.0006452712072180233,-0.12705760115698395,-0.021143022419065016,-0.12705760115698395,-0.16993536150447813,0.04287776034749419,False,True
3.0,25043001,13,0.00040423404400291574,0.4154025503429798,-0.04740102381178379,-0.04740102381178379,-0.2825364006856998,0.235135376873916,False,True
3.0,25043001,14,0.00010926457958326807,0.19538089517540708,-0.14360609054748247,-0.14360609054748247,-0.16993536150447813,0.026329270956995665,False,True
3.0,25043001,15,0.0004073498780958751,0.1578626817975548,-0.09704771147434688,-0.09704771147434688,-0.2825364006856998,0.18548868921135292,False,True
3.0,25043001,16,7.868395569277098e-05,-0.08227222682394209,0.0710028110791896,-0.08227222682394209,-0.22369737407186163,0.14142514724791955,False,True
3.0,25043001,18,3.6886977242911456e-05,-0.541763660362574,0.24097367300593964,-0.541763660362574,-0.17185464728185584,-0.3699090130807181,False,False
3.0,25043001,19,9.575484203994122e-06,-0.4783955553020423,-0.0016884713633088522,-0.4783955553020423,-0.14400367733119204,-0.33439187797085024,False,False
3.0,25043001,20,3.799117681779762e-05,-0.553928503312808,0.186789370595196,-0.553928503312808,-0.14981003001435864,-0.4041184732984493,False,False
3.0,25043001,21,0.0050354791954880795,-0.1909596431880372,0.484144209306658,-0.1909596431880372,-0.09704771147434688,-0.09391193171369033,False,False
3.0,25043001,22,1.5186295529989735e-06,-0.4084422403187353,-0.46116474259303875,-0.46116474259303875,-0.14981003001435864,-0.3113547125786801,False,False
3.0,25043001,23,9.051823689265603e-06,-0.2948237584372727,-0.22658221698370257,-0.2948237584372727,-0.07222436764306533,-0.22259939079420737,False,False
3.0,25043001,24,6.196915150136206e-06,-0.2596994230612464,-0.19993214417280097,-0.2596994230612464,-0.14981003001435864,-0.10988939304688775,False,False
3.0,25043001,25,0.03469357706445564,0.13891951853374995,0.16266594017388136,0.13891951853374995,-0.1909596431880372,0.32987916172178716,True,True
3.0,25043001,26,4.498665421071024e-06,0.0214419596619847,-0.6508810712793367,-0.6508810712793367,-0.1560139694812348,-0.4948671017981019,False,False
3.0,25043001,27,0.0007124114471541709,0.3007020479495888,0.05836162236781339,0.05836162236781339,-0.24289170081265496,0.3012533231804684,True,True
3.0,25043001,28,5.218209955248909e-06,-0.08231691577813594,-0.1560139694812348,-0.1560139694812348,-0.36043208282714256,0.20441811334590776,False,True
3.0,25043001,30,8.22451520976486e-06,0.17856193840718698,0.3701697087680242,0.17856193840718698,-0.2596994230612464,0.43826136146843336,True,True
3.0,25043001,32,0.000793133135791102,0.20816494101151556,0.012597131374770032,0.012597131374770032,-0.2078566962712406,0.22045382764601062,True,True
3.0,25043001,34,6.2729821337370595e-12,-0.01168509684221597,-0.019247289826585856,-0.019247289826585856,-0.1560139694812348,0.13676667965464895,False,True
3.0,25043002,0,0.0004582315557182248,-0.03700785331310086,0.08957918856122005,-0.03700785331310086,-0.07344300682135263,0.03643515350825177,False,True
3.0,25043002,1,0.0004916528121694519,0.25468804660244904,-0.5585796747466113,-0.5585796747466113,-0.005845128314146242,-0.5527345464324651,False,False
3.0,25043002,2,0.000254120346329767,0.10162468193345009,0.2842033592138302,0.10162468193345009,-0.055225430067226744,0.15685011200067683,True,True
3.0,25043002,3,0.00023775379635626592,0.10591289524410319,-0.33306030004701626,-0.33306030004701626,0.04754213138265695,-0.3806024314296732,False,False
3.0,25043002,4,0.00020412511852896387,-0.07480796384521016,-0.10082052721722978,-0.10082052721722978,-0.03700785331310086,-0.06381267390412892,False,False
3.0,25043002,6,0.0003183710487659752,-0.07344300682135263,-0.07198274261177906,-0.07344300682135263,-0.036972755382343736,-0.036470251439008894,False,False
3.0,25043002,7,0.0011782894106713293,0.07999558171705667,-0.05923238801094943,-0.05923238801094943,0.05334247183229274,-0.11257485984324217,False,False
3.0,25043002,8,0.0003197542212136639,-0.3087078791633677,-0.17398562089056413,-0.3087078791633677,-0.036937657451586614,-0.2717702217117811,False,False
3.0,25043002,9,0.0008238932099158269,0.38670634268942705,0.1620472822822261,0.1620472822822261,0.04754213138265695,0.11450515089956914,True,True
3.0,25043002,10,0.0005089120882981746,0.550114895747176,0.25929184302931746,0.25929184302931746,-0.055225430067226744,0.3145172730965442,True,True
3.0,25043002,11,1.9695719052581495e-05,0.04754213138265695,0.38297602223652594,0.04754213138265695,-4.47878645104538e-05,0.0475869192471674,True,True
3.0,25043002,12,0.0006452712072180233,0.26039658813577976,0.23711063822226958,0.23711063822226958,-0.08573064737316614,0.32284128559543573,True,True
3.0,25043002,13,0.00040423404400291574,0.2962852937130645,0.2634224927612102,0.2634224927612102,-0.005845128314146242,0.26926762107535646,True,True
3.0,25043002,14,0.00010926457958326807,-0.09801828792497966,-0.03614842020670522,-0.09801828792497966,-0.0871317670192912,-0.010886520905688452,False,False
3.0,25043002,15,0.0004073498780958751,0.32539563104427016,0.059142812281928525,0.059142812281928525,-0.005845128314146242,0.06498794059607477,True,True
3.0,25043002,16,7.868395569277098e-05,-0.036937657451586614,0.09303654621623125,-0.036937657451586614,-0.15741691603780877,0.12047925858622216,False,True
3.0,25043002,18,3.6886977242911456e-05,0.08963888758318583,0.07614326513787872,0.07614326513787872,-0.15741691603780877,0.2335601811756875,True,True
3.0,25043002,19,9.575484203994122e-06,0.06493387721156041,0.09703330944683447,0.06493387721156041,0.05334247183229274,0.011591405379267672,True,True
3.0,25043002,20,3.799117681779762e-05,-0.5190035159111451,-0.3296630858336165,-0.5190035159111451,-0.06380134971337675,-0.4552021661977684,False,False
3.0,25043002,21,0.0050354791954880795,-0.09978039723843013,0.11287684094158706,-0.09978039723843013,0.059142812281928525,-0.15892320952035865,False,False
3.0,25043002,22,1.5186295529989735e-06,-0.21208676342911387,-0.31746581884040365,-0.31746581884040365,-0.06380134971337675,-0.2536644691270269,False,False
3.0,25043002,23,9.051823689265603e-06,-0.16231003950451778,-0.33769539888671485,-0.33769539888671485,0.06203834474674447,-0.3997337436334593,False,False
3.0,25043002,24,6.196915150136206e-06,0.0781404258744175,-0.2647185191039328,-0.2647185191039328,-0.070325609124963,-0.1943929099789698,False,False
3.0,25043002,25,0.03469357706445564,0.22692661803582775,-0.4313695558239907,-0.4313695558239907,0.059142812281928525,-0.49051236810591925,False,False
3.0,25043002,26,4.498665421071024e-06,0.3259618488008769,-0.2168155441506379,-0.2168155441506379,-0.0499861762747591,-0.1668293678758788,False,False
3.0,25043002,27,0.0007124114471541709,0.3864538588378352,0.222968447816491,0.222968447816491,-0.2187378980625725,0.4417063458790635,True,True
3.0,25043002,28,5.218209955248909e-06,-0.00878930635648345,-0.0906650419751669,-0.0906650419751669,-0.13340086021269848,0.042735818237531586,False,True
3.0,25043002,30,8.22451520976486e-06,0.38145348301323645,0.4432054480099774,0.38145348301323645,-0.2168155441506379,0.5982690271638743,True,True
3.0,25043002,32,0.000793133135791102,0.2370744783928702,0.09187258920424957,0.09187258920424957,-0.15374029306290238,0.24561288226715194,True,True
3.0,25043002,34,6.2729821337370595e-12,0.053865444711762134,-0.0499861762747591,-0.0499861762747591,-0.0906650419751669,0.040678865700407796,False,True
3.0,25043003,0,0.0004582315557182248,-0.10526730749168955,0.09128458010605323,-0.10526730749168955,0.004283060777247549,-0.1095503682689371,False,False
3.0,25043003,1,0.0004916528121694519,0.28832813131554846,-0.19279755807791188,-0.19279755807791188,-0.14115707532290117,-0.05164048275501071,False,False
3.0,25043003,2,0.000254120346329767,0.154782456900452,0.1692866698640646,0.154782456900452,-0.016788832712489266,0.17157128961294127,True,True
3.0,25043003,3,0.00023775379635626592,-0.18339348167826353,0.05196241380202005,-0.18339348167826353,-0.09892066896753882,-0.08447281271072471,False,False
3.0,25043003,4,0.00020412511852896387,-0.03088307221305664,0.23556288528317282,-0.03088307221305664,-0.002694593211921892,-0.028188479001134747,False,False
3.0,25043003,6,0.0003183710487659752,-0.11964552222370939,-0.010264277186086357,-0.11964552222370939,-0.013039916871086299,-0.10660560535262309,False,False
3.0,25043003,7,0.0011782894106713293,0.19999079291147648,-0.2583373446547395,-0.2583373446547395,-0.14115707532290117,-0.11718026933183834,False,False
3.0,25043003,8,0.0003197542212136639,0.004283060777247549,0.14165740909162178,0.004283060777247549,-0.03088307221305664,0.03516613299030419,True,True
3.0,25043003,9,0.0008238932099158269,0.08749510722763343,0.23810001523019195,0.08749510722763343,-0.18339348167826353,0.27088858890589695,True,True
3.0,25043003,10,0.0005089120882981746,0.2130021339588975,0.24066274057454407,0.2130021339588975,-0.03921059698397672,0.2522127309428742,True,True
3.0,25043003,11,1.9695719052581495e-05,0.394858654259427,-0.09892066896753882,-0.09892066896753882,-0.13824479609574783,0.03932412712820901,False,True
3.0,25043003,12,0.0006452712072180233,0.389932444090482,-0.002694593211921892,-0.002694593211921892,-0.03921059698397672,0.03651600377205483,False,True
3.0,25043003,13,0.00040423404400291574,0.007806961080438102,-0.09235231568582447,-0.09235231568582447,-0.14115707532290117,0.0488047596370767,False,True
3.0,25043003,14,0.00010926457958326807,0.07389627681397887,-0.0475381217548968,-0.0475381217548968,-0.05890888163446101,0.011370759879564207,False,True
3.0,25043003,15,0.0004073498780958751,0.13935309494744996,-0.1962029216963338,-0.1962029216963338,-0.0927242130995283,-0.1034787085968055,False,False
3.0,25043003,16,7.868395569277098e-05,-0.023385240530250706,-0.020147445808191833,-0.023385240530250706,-0.06723640640538109,0.04385116587513038,False,True
3.0,25043003,18,3.6886977242911456e-05,-0.08693469105586538,0.16464284973742283,-0.08693469105586538,-0.03546168114257375,-0.05147300991329162,False,False
3.0,25043003,19,9.575484203994122e-06,0.22730418883066572,0.008212377825949357,0.008212377825949357,-0.0927242130995283,0.10093659092547766,True,True
3.0,25043003,20,3.799117681779762e-05,-0.34050011031336047,0.03379871461270734,-0.34050011031336047,-0.03546168114257375,-0.3050384291707867,False,False
3.0,25043003,21,0.0050354791954880795,-0.09309611051323213,0.15499110849629727,-0.09309611051323213,-0.09235231568582447,-0.0007437948274076622,False,False
3.0,25043003,22,1.5186295529989735e-06,-0.041983414157117704,-0.3412412960047698,-0.3412412960047698,-0.03546168114257375,-0.30577961486219607,False,False
3.0,25043003,23,9.051823689265603e-06,-0.12742228987993443,-0.293623222743676,-0.293623222743676,-0.06771201340594002,-0.225911209337736,False,False
3.0,25043003,24,6.196915150136206e-06,-0.03551849812147645,-0.2149390764727402,-0.2149390764727402,-0.03855285452299084,-0.17638622194974934,False,False
3.0,25043003,25,0.03469357706445564,-0.04307171112605557,0.2791373057959691,-0.04307171112605557,-0.09309611051323213,0.050024399387176566,False,True
3.0,25043003,26,4.498665421071024e-06,0.43824544405722743,0.07080777988250975,0.07080777988250975,-0.08693469105586538,0.15774247093837512,True,True
3.0,25043003,27,0.0007124114471541709,0.34700208541527144,0.14864312920475686,0.14864312920475686,-0.06808391081964385,0.2167270400244007,True,True
3.0,25043003,28,5.218209955248909e-06,-0.051696916935878634,-0.14616306942835788,-0.14616306942835788,-0.05825113917347513,-0.08791193025488275,False,False
3.0,25043003,30,8.22451520976486e-06,0.17931324871504772,0.3065961395216814,0.17931324871504772,-0.14616306942835788,0.3254763181434056,True,True
3.0,25043003,32,0.000793133135791102,0.23655727817487449,0.11830579779939221,0.11830579779939221,-0.08786532835972138,0.2061711261591136,True,True
3.0,25043003,34,6.2729821337370595e-12,-0.028132237541111715,-0.029567587291084885,-0.029567587291084885,0.07080777988250975,-0.10037536717359463,False,False
3.0,25043004,0,0.0004582315557182248,-0.03142349315577997,0.09930318231073265,-0.03142349315577997,-0.023148247972367364,-0.008275245183412605,False,False
3.0,25043004,1,0.0004916528121694519,0.22898426003473982,-0.30680260828001615,-0.30680260828001615,-0.026465596531113023,-0.28033701174890313,False,False
3.0,25043004,2,0.000254120346329767,0.6684843696579725,0.28834701964954734,0.28834701964954734,-0.027285870564073667,0.315632890213621,True,True
3.0,25043004,3,0.00023775379635626592,0.21284252715646862,-0.18268212553151303,-0.18268212553151303,-0.04337840363341461,-0.13930372189809842,False,False
3.0,25043004,4,0.00020412511852896387,-0.023148247972367364,0.08060791754916774,-0.023148247972367364,-0.03142349315577997,0.008275245183412605,False,True
3.0,25043004,6,0.0003183710487659752,-0.04691586205247689,-0.06428228415799841,-0.06428228415799841,0.01729009286705277,-0.08157237702505118,False,False
3.0,25043004,7,0.0011782894106713293,0.1822938677528142,-0.009552789428811437,-0.009552789428811437,-0.14383091233699483,0.1342781229081834,False,True
3.0,25043004,8,0.0003197542212136639,-0.30222826274159303,-0.17964318308393984,-0.30222826274159303,0.03465384945442873,-0.33688211219602177,False,False
3.0,25043004,9,0.0008238932099158269,-0.04337840363341461,0.2782753520303304,-0.04337840363341461,-0.17399783916957617,0.13061943553616157,False,True
3.0,25043004,10,0.0005089120882981746,0.3188936295942566,0.057728433706472904,0.057728433706472904,-0.027285870564073667,0.08501430427054657,True,True
3.0,25043004,11,1.9695719052581495e-05,0.27704528028773817,0.2780957481374653,0.27704528028773817,-0.14383091233699483,0.42087619262473297,True,True
3.0,25043004,12,0.0006452712072180233,0.22474601227397434,0.13418506028012955,0.13418506028012955,-0.0363982610098825,0.17058332129001205,True,True
3.0,25043004,13,0.00040423404400291574,-0.17399783916957617,0.18040874224163472,-0.17399783916957617,-0.07852119456891404,-0.09547664460066213,False,False
3.0,25043004,14,0.00010926457958326807,-0.049648274047397634,-0.026100753493593476,-0.049648274047397634,-0.04371526606518289,-0.005933007982214744,False,False
3.0,25043004,15,0.0004073498780958751,0.13308819508448444,-0.11366398550441348,-0.11366398550441348,-0.026465596531113023,-0.08719838897330046,False,False
3.0,25043004,16,7.868395569277098e-05,0.10305373587381472,0.08924023967951422,0.08924023967951422,-0.149978858953662,0.23921909863317622,True,True
3.0,25043004,18,3.6886977242911456e-05,0.03465384945442873,0.05746322899823275,0.03465384945442873,-0.21235221936358126,0.24700606881801,True,True
3.0,25043004,19,9.575484203994122e-06,0.04107892944011182,-0.20767200599219549,-0.20767200599219549,-0.07852119456891404,-0.12915081142328144,False,False
3.0,25043004,20,3.799117681779762e-05,-0.057019014334504514,-0.42684023264539156,-0.42684023264539156,-0.007497212296484451,-0.41934302034890714,False,False
3.0,25043004,21,0.0050354791954880795,0.36973505436737997,0.2581661581083736,0.2581661581083736,-0.13397525708085323,0.39214141518922685,True,True
3.0,25043004,22,1.5186295529989735e-06,-0.09634903926780597,-0.42774293168329586,-0.42774293168329586,-0.008078295536109698,-0.4196646361471862,False,False
3.0,25043004,23,9.051823689265603e-06,0.029831464927156714,-0.43719292176675656,-0.43719292176675656,-0.12381962129263335,-0.3133733004741232,False,False
3.0,25043004,24,6.196915150136206e-06,0.16720110993863907,-0.2356754337493256,-0.2356754337493256,-0.044696317081649256,-0.19097911666767634,False,False
3.0,25043004,25,0.03469357706445564,0.0865264997804161,-0.0030275689359790525,-0.0030275689359790525,-0.13397525708085323,0.13094768814487417,False,True
3.0,25043004,26,4.498665421071024e-06,-0.2746832462122137,0.11739240800280931,-0.2746832462122137,-0.03974436011590088,-0.2349388860963128,False,False
3.0,25043004,27,0.0007124114471541709,0.27402708298197337,-0.13397525708085323,-0.13397525708085323,-0.10534978746408727,-0.02862546961676596,False,False
3.0,25043004,28,5.218209955248909e-06,-0.18902900497783692,-0.019236713813552853,-0.18902900497783692,-0.13770989693261323,-0.05131910804522369,False,False
3.0,25043004,30,8.22451520976486e-06,0.5023516426773936,0.3328445686790669,0.3328445686790669,-0.2356754337493256,0.5685200024283925,True,True
3.0,25043004,32,0.000793133135791102,0.03349168297517824,0.14979401951627436,0.03349168297517824,-0.21235221936358126,0.2458439023387595,True,True
3.0,25043004,34,6.2729821337370595e-12,-0.03974436011590088,-0.009605403299525084,-0.03974436011590088,-0.18902900497783692,0.14928464486193604,False,True
3.0,25043005,0,0.0004582315557182248,0.1460184954521917,0.08554094416309277,0.08554094416309277,-0.27896312661864975,0.3645040707817425,True,True
3.0,25043005,1,0.0004916528121694519,0.047416719507570204,-0.3565809055469101,-0.3565809055469101,-0.1930240180252152,-0.16355688752169487,False,False
3.0,25043005,2,0.000254120346329767,-0.3941920623225043,-0.6854885799918452,-0.6854885799918452,-0.1819355130909062,-0.503553066900939,False,False
3.0,25043005,3,0.00023775379635626592,-0.3176266997417786,0.13201375654398034,-0.3176266997417786,-0.07577227857953395,-0.24185442116224465,False,False
3.0,25043005,4,0.00020412511852896387,0.12329014284914142,-0.10318912682695636,-0.10318912682695636,-0.26068189935485603,0.15749277252789967,False,True
3.0,25043005,6,0.0003183710487659752,0.06285478180049464,-0.008870161164808432,-0.008870161164808432,-0.1819355130909062,0.17306535192609776,False,True
3.0,25043005,7,0.0011782894106713293,0.14475452149271117,-0.07577227857953395,-0.07577227857953395,-0.1792815380827694,0.10350925950323545,False,True
3.0,25043005,8,0.0003197542212136639,0.4591295950078704,-0.27896312661864975,-0.27896312661864975,-0.10318912682695636,-0.1757739997916934,False,False
3.0,25043005,9,0.0008238932099158269,-0.3102757574708965,0.3631269117906977,-0.3102757574708965,-0.07577227857953395,-0.23450347889136253,False,False
3.0,25043005,10,0.0005089120882981746,-0.2801785040392042,0.10599512034171082,-0.2801785040392042,-0.16705997266399528,-0.11311853137520891,False,False
3.0,25043005,11,1.9695719052581495e-05,0.3296139784845673,0.26570543864334617,0.26570543864334617,-0.1930240180252152,0.45872945666856135,True,True
3.0,25043005,12,0.0006452712072180233,-0.26068189935485603,0.26197816842546495,-0.26068189935485603,-0.23924386722621538,-0.02143803212864065,False,False
3.0,25043005,13,0.00040423404400291574,0.17237141578601423,0.13674773909791044,0.13674773909791044,-0.1930240180252152,0.3297717571231257,True,True
3.0,25043005,14,0.00010926457958326807,0.12046267959395907,-0.04294965047879695,-0.04294965047879695,-0.2521022151488478,0.20915256467005083,False,True
3.0,25043005,15,0.0004073498780958751,-0.04828731869464231,0.1529691179426772,-0.04828731869464231,-0.05920731441193437,0.01091999571729206,False,True
3.0,25043005,16,7.868395569277098e-05,-0.025098750559006677,0.08972555997647147,-0.025098750559006677,-0.2586647068505775,0.23356595629157084,False,True
3.0,25043005,18,3.6886977242911456e-05,-0.24755691595139656,0.08776242665250256,-0.24755691595139656,-0.2586647068505775,0.011107790899180958,False,True
3.0,25043005,19,9.575484203994122e-06,-0.2968662758340614,-0.31969355795584664,-0.31969355795584664,-0.0011755962984428686,-0.31851796165740376,False,False
3.0,25043005,20,3.799117681779762e-05,-0.2309308185010342,-0.10486110809131766,-0.2309308185010342,-0.2521022151488478,0.02117139664781359,False,True
3.0,25043005,21,0.0050354791954880795,-0.0426423502443348,0.3470697495663723,-0.0426423502443348,0.04029115764744906,-0.08293350789178386,False,False
3.0,25043005,22,1.5186295529989735e-06,-0.33546626899559906,-0.4893910233194909,-0.4893910233194909,-0.2104777972360485,-0.2789132260834424,False,False
3.0,25043005,23,9.051823689265603e-06,-0.40733332785336906,-0.3733160342779296,-0.40733332785336906,-0.0011755962984428686,-0.4061577315549262,False,False
3.0,25043005,24,6.196915150136206e-06,0.014162986069771288,-0.25664751434629895,-0.25664751434629895,-0.11648721322492989,-0.14016030112136907,False,False
3.0,25043005,25,0.03469357706445564,0.27502821779598896,0.24104012661778745,0.24104012661778745,-0.04828731869464231,0.28932744531242977,True,True
3.0,25043005,26,4.498665421071024e-06,0.2034991974158567,-0.40430391277727695,-0.40430391277727695,-0.19002477597106282,-0.21427913680621413,False,False
3.0,25043005,27,0.0007124114471541709,0.1511152087859151,0.04029115764744906,0.04029115764744906,-0.18116795410009073,0.2214591117475398,True,True
3.0,25043005,28,5.218209955248909e-06,-0.043592520179998595,-0.19002477597106282,-0.19002477597106282,-0.23924386722621538,0.04921909125515256,False,True
3.0,25043005,30,8.22451520976486e-06,0.4187873278302973,0.43647662431211065,0.4187873278302973,-0.2309308185010342,0.6497181463313315,True,True
3.0,25043005,32,0.000793133135791102,0.08762749832892058,0.1408358599046139,0.08762749832892058,-0.2233361451586809,0.31096364348760147,True,True
3.0,25043005,34,6.2729821337370595e-12,0.12316790695506796,-0.01891189395731041,-0.01891189395731041,-0.19002477597106282,0.1711128820137524,False,True
3.0,25043006,0,0.0004582315557182248,0.00806784998726906,0.15103464580464043,0.00806784998726906,-0.03336774194366654,0.0414355919309356,True,True
3.0,25043006,1,0.0004916528121694519,0.28003550248755826,-0.4686929803161731,-0.4686929803161731,-0.1634034567398692,-0.3052895235763039,False,False
3.0,25043006,2,0.000254120346329767,-0.21347638067474334,-0.035270846566556324,-0.21347638067474334,-0.022847644920364923,-0.19062873575437841,False,False
3.0,25043006,3,0.00023775379635626592,-0.5194610621482181,0.2154748953175864,-0.5194610621482181,-0.13672818003430132,-0.38273288211391676,False,False
3.0,25043006,4,0.00020412511852896387,-0.03336774194366654,0.30265282068729105,-0.03336774194366654,-0.03113256463720343,-0.0022351773064631097,False,False
3.0,25043006,6,0.0003183710487659752,-0.13635055875695268,-0.05727488453595497,-0.13635055875695268,-0.022847644920364923,-0.11350291383658775,False,False
3.0,25043006,7,0.0011782894106713293,0.12109630839375563,-0.13672818003430132,-0.13672818003430132,-0.17076771198026092,0.0340395319459596,False,True
3.0,25043006,8,0.0003197542212136639,-0.03113256463720343,0.3823412033336062,-0.03113256463720343,-0.03336774194366654,0.0022351773064631097,False,True
3.0,25043006,9,0.0008238932099158269,0.06765566918817345,0.08999068291903622,0.06765566918817345,-0.15145669051508476,0.2191123597032582,True,True
3.0,25043006,10,0.0005089120882981746,0.2132601478371332,-0.014562725203526417,-0.014562725203526417,-0.08485915035030961,0.07029642514678319,False,True
3.0,25043006,11,1.9695719052581495e-05,-0.028419418234613525,-0.19007873344543708,-0.19007873344543708,-0.11409302110835448,-0.0759857123370826,False,False
3.0,25043006,12,0.0006452712072180233,0.3234238382041923,0.10841160422721163,0.10841160422721163,-0.174913469715848,0.2833250739430596,True,True
3.0,25043006,13,0.00040423404400291574,0.3323830220961428,0.0008751955630375563,0.0008751955630375563,-0.14409243527469304,0.1449676308377306,True,True
3.0,25043006,14,0.00010926457958326807,-0.11563662802420566,-0.27473023040687433,-0.27473023040687433,-0.08485915035030961,-0.18987108005656472,False,False
3.0,25043006,15,0.0004073498780958751,0.0021634347502054174,-0.15145669051508476,-0.15145669051508476,-0.061065686310430606,-0.09039100420465415,False,False
3.0,25043006,16,7.868395569277098e-05,0.00424541226909092,0.037609547660619636,0.00424541226909092,-0.2243032033735208,0.22854861564261172,True,True
3.0,25043006,18,3.6886977242911456e-05,-0.3553940512359836,0.0062460841502215425,-0.3553940512359836,-0.1481177503826968,-0.2072763008532868,False,False
3.0,25043006,19,9.575484203994122e-06,-0.09145786218240765,-0.08632747480653546,-0.09145786218240765,-0.09106510047676916,-0.00039276170563848356,False,False
3.0,25043006,20,3.799117681779762e-05,-0.3227005765867844,-0.025752738048274604,-0.3227005765867844,-0.1481177503826968,-0.1745828262040876,False,False
3.0,25043006,21,0.0050354791954880795,0.17816562341988373,0.4276162977099227,0.17816562341988373,-0.15145669051508476,0.3296223139349685,True,True
3.0,25043006,22,1.5186295529989735e-06,-0.21965715612108289,-0.4897588696607654,-0.4897588696607654,-0.1481177503826968,-0.34164111927806856,False,False
3.0,25043006,23,9.051823689265603e-06,-0.27539668524046507,-0.15716035510841142,-0.27539668524046507,-0.061065686310430606,-0.21433099893003446,False,False
3.0,25043006,24,6.196915150136206e-06,-0.2774953717322286,-0.050073134323806445,-0.2774953717322286,-0.1481177503826968,-0.1293776213495318,False,False
3.0,25043006,25,0.03469357706445564,0.07085528666270369,-0.030673510438453566,-0.030673510438453566,-0.15145669051508476,0.12078318007663119,False,True
3.0,25043006,26,4.498665421071024e-06,-0.17387617634016728,0.096055302699248,-0.17387617634016728,-0.12235932442522635,-0.05151685191494093,False,False
3.0,25043006,27,0.0007124114471541709,0.21866375283241984,-0.3360153478708287,-0.3360153478708287,-0.061065686310430606,-0.27494966156039813,False,False
3.0,25043006,28,5.218209955248909e-06,-0.06494897256162036,-0.12235932442522635,-0.12235932442522635,-0.22568577403619794,0.1033264496109716,False,True
3.0,25043006,30,8.22451520976486e-06,0.27764062874836887,0.4353266182229812,0.27764062874836887,-0.17387617634016728,0.45151680508853614,True,True
3.0,25043006,32,0.000793133135791102,0.042815242708348245,0.005886825731958312,0.005886825731958312,-0.1481177503826968,0.15400457611465512,True,True
3.0,25043006,34,6.2729821337370595e-12,-0.02710021873419155,-0.02892036122684405,-0.02892036122684405,-0.12235932442522635,0.0934389631983823,False,True
3.0,25043007,0,0.0004582315557182248,-0.0977905330734119,-0.026686840734612916,-0.0977905330734119,-0.03750069967748282,-0.06028983339592908,False,False
3.0,25043007,1,0.0004916528121694519,0.6990096029221764,0.2647844231551424,0.2647844231551424,-0.16997227419712074,0.43475669735226313,True,True
3.0,25043007,2,0.000254120346329767,0.17280757437381306,0.4137584178703882,0.17280757437381306,-0.06764561637544736,0.24045319074926041,True,True
3.0,25043007,3,0.00023775379635626592,0.16912066457428754,-0.17229550648213127,-0.17229550648213127,-0.07552317933810893,-0.09677232714402234,False,False
3.0,25043007,4,0.00020412511852896387,0.0655945121580167,0.09629647507645422,0.0655945121580167,-0.03750069967748282,0.10309521183549952,True,True
3.0,25043007,6,0.0003183710487659752,0.012938215374973083,-0.03750069967748282,-0.03750069967748282,-0.0641601891740925,0.02665948949660968,False,True
3.0,25043007,7,0.0011782894106713293,0.059426258536027454,-0.18070360068559055,-0.18070360068559055,-0.12158611062510957,-0.059117490060480976,False,False
3.0,25043007,8,0.0003197542212136639,-0.02351488991535422,-0.3556675240911259,-0.3556675240911259,-0.030529845274773093,-0.3251376788163528,False,False
3.0,25043007,9,0.0008238932099158269,0.2585937181708562,-0.16764904191211022,-0.16764904191211022,-0.1654525927945939,-0.002196449117516319,False,False
3.0,25043007,10,0.0005089120882981746,0.3942079820314504,-0.1826031916603528,-0.1826031916603528,-0.034015272476127956,-0.14858791918422484,False,False
3.0,25043007,11,1.9695719052581495e-05,0.4728576125792764,0.2065643280734668,0.2065643280734668,-0.16655081735335206,0.3731151454268189,True,True
3.0,25043007,12,0.0006452712072180233,0.5254579717427623,0.05781575119719046,0.05781575119719046,-0.07831744429654519,0.13613319549373565,True,True
3.0,25043007,13,0.00040423404400291574,0.23938337600136866,-0.07552317933810893,-0.07552317933810893,-0.16997227419712074,0.09444909485901182,False,True
3.0,25043007,14,0.00010926457958326807,0.1624619023521257,-0.030529845274773093,-0.030529845274773093,-0.11862302790533621,0.08809318263056312,False,True
3.0,25043007,15,0.0004073498780958751,0.27206117040596045,-0.2307205760421006,-0.2307205760421006,-0.12048788606635141,-0.1102326899757492,False,False
3.0,25043007,16,7.868395569277098e-05,-0.004075216472774312,-0.11913418891560756,-0.11913418891560756,-0.07780628328627384,-0.04132790562933372,False,False
3.0,25043007,18,3.6886977242911456e-05,0.02960356223482019,0.10556892759169967,0.02960356223482019,-0.11862302790533621,0.1482265901401564,True,True
3.0,25043007,19,9.575484203994122e-06,0.08831598485570236,-0.1654525927945939,-0.1654525927945939,-0.01815596251047988,-0.14729663028411402,False,False
3.0,25043007,20,3.799117681779762e-05,-0.023801371383438796,-0.1294720978247275,-0.1294720978247275,-0.06671867957816624,-0.06275341824656125,False,False
3.0,25043007,21,0.0050354791954880795,0.5322081693721143,0.2572592116160835,0.2572592116160835,-0.07552317933810893,0.33278239095419243,True,True
3.0,25043007,22,1.5186295529989735e-06,0.11138129059995189,-0.26618392687374026,-0.26618392687374026,-0.029709984894813635,-0.23647394197892663,False,False
3.0,25043007,23,9.051823689265603e-06,-0.017383485002739674,-0.19342857024346016,-0.19342857024346016,-0.01815596251047988,-0.17527260773298028,False,False
3.0,25043007,24,6.196915150136206e-06,0.026111292402102637,-0.11811186689506487,-0.11811186689506487,-0.029709984894813635,-0.08840188200025123,False,False
3.0,25043007,25,0.03469357706445564,0.03921125431714917,0.2729333465249769,0.03921125431714917,-0.1654525927945939,0.20466384711174307,True,True
3.0,25043007,26,4.498665421071024e-06,-0.028890124514854176,0.12788593641402662,-0.028890124514854176,-0.10290751388155939,0.07401738936670521,False,True
3.0,25043007,27,0.0007124114471541709,0.3775797423879843,0.2203599615795317,0.2203599615795317,-0.06312066923872237,0.28348063081825403,True,True
3.0,25043007,28,5.218209955248909e-06,-0.10290751388155939,-0.09152726684620116,-0.10290751388155939,-0.024871661900043418,-0.07803585198151597,False,False
3.0,25043007,30,8.22451520976486e-06,0.33518506971852297,0.23775954006540723,0.23775954006540723,-0.10290751388155939,0.3406670539469666,True,True
3.0,25043007,32,0.000793133135791102,0.16910548573896333,0.03232371531983924,0.03232371531983924,-0.06589881919820678,0.09822253451804602,True,True
3.0,25043007,34,6.2729821337370595e-12,-0.0009512544312478832,-0.02085319928523266,-0.02085319928523266,-0.028890124514854176,0.008036925229621517,False,True
3.0,25043008,0,0.0004582315557182248,-0.14175799152124413,0.1614061075748403,-0.14175799152124413,-0.0678119684251508,-0.07394602309609333,False,False
3.0,25043008,1,0.0004916528121694519,0.41507800056437766,-0.3774760629985363,-0.3774760629985363,-0.0712114009406829,-0.3062646620578534,False,False
3.0,25043008,2,0.000254120346329767,0.3141950402111476,-0.17461659009355218,-0.17461659009355218,-0.08397953783067624,-0.09063705226287594,False,False
3.0,25043008,3,0.00023775379635626592,-0.06078282468642704,0.2214369673848947,-0.06078282468642704,-0.08163997719493876,0.020857152508511723,False,True
3.0,25043008,4,0.00020412511852896387,-0.018811494339244894,-0.05967100225674393,-0.05967100225674393,-0.10014710723620168,0.04047610497945775,False,True
3.0,25043008,6,0.0003183710487659752,-0.0678119684251508,-0.03539625539447433,-0.0678119684251508,-0.08338090446795865,0.015568936042807846,False,True
3.0,25043008,7,0.0011782894106713293,0.02616029220844418,0.0270087554744064,0.02616029220844418,-0.0712114009406829,0.09737169314912708,True,True
3.0,25043008,8,0.0003197542212136639,0.38262087595642313,-0.4085630151829418,-0.4085630151829418,-0.0678119684251508,-0.340751046757791,False,False
3.0,25043008,9,0.0008238932099158269,-0.08163997719493876,0.11174879829118523,-0.08163997719493876,-0.06078282468642704,-0.020857152508511723,False,False
3.0,25043008,10,0.0005089120882981746,-0.06661470169971562,0.012280792201466662,-0.06661470169971562,-0.1209525493787229,0.05433784767900729,False,True
3.0,25043008,11,1.9695719052581495e-05,0.21954440307306866,-0.10943272320997136,-0.10943272320997136,-0.069161898312724,-0.040270824897247356,False,False
3.0,25043008,12,0.0006452712072180233,-0.10014710723620168,0.12178016613675269,-0.10014710723620168,-0.12121427925935149,0.02106717202314981,False,True
3.0,25043008,13,0.00040423404400291574,0.14177138893784694,0.3067906454433955,0.14177138893784694,-0.07959047456697986,0.22136186350482678,True,True
3.0,25043008,14,0.00010926457958326807,0.1363614813327384,0.09340296998567843,0.09340296998567843,-0.08397953783067624,0.17738250781635467,True,True
3.0,25043008,15,0.0004073498780958751,0.07828659544815664,0.004538887891780474,0.004538887891780474,-0.07959047456697986,0.08412936245876033,True,True
3.0,25043008,16,7.868395569277098e-05,-0.05799281796203748,-0.028090715268688116,-0.05799281796203748,-0.1292990197849757,0.07130620182293823,False,True
3.0,25043008,18,3.6886977242911456e-05,-0.5522529286895288,-0.07899077566782753,-0.5522529286895288,-0.12700577624466447,-0.42524715244486433,False,False
3.0,25043008,19,9.575484203994122e-06,-0.09777695283922933,-0.18862150976409775,-0.18862150976409775,-0.06320665312226541,-0.12541485664183233,False,False
3.0,25043008,20,3.799117681779762e-05,-0.5014445616025398,-0.2961160764543288,-0.5014445616025398,-0.08338090446795865,-0.41806365713458116,False,False
3.0,25043008,21,0.0050354791954880795,-0.07754097193902096,0.2975000777857286,-0.07754097193902096,-0.04887233430550986,-0.0286686376335111,False,False
3.0,25043008,22,1.5186295529989735e-06,-0.2695108077217846,-0.6350573817953755,-0.6350573817953755,-0.07906996259911958,-0.5559874191962559,False,False
3.0,25043008,23,9.051823689265603e-06,-0.16425967595206736,-0.3313640626668333,-0.3313640626668333,-0.02216672320686469,-0.30919733945996863,False,False
3.0,25043008,24,6.196915150136206e-06,0.06510266377783813,-0.05290848236693102,-0.05290848236693102,-0.10592863160758237,0.05302014924065135,False,True
3.0,25043008,25,0.03469357706445564,0.28509227353351974,0.24371385099372211,0.24371385099372211,-0.07754097193902096,0.3212548229327431,True,True
3.0,25043008,26,4.498665421071024e-06,0.16022080218024193,-0.15845093233374974,-0.15845093233374974,-0.05799281796203748,-0.10045811437171226,False,False
3.0,25043008,27,0.0007124114471541709,-0.04887233430550986,0.16102508406336669,-0.04887233430550986,-0.13308124085155937,0.08420890654604951,False,True
3.0,25043008,28,5.218209955248909e-06,-0.08767385152954144,-0.15386444525312726,-0.15386444525312726,-0.10567970735034038,-0.04818473790278688,False,False
3.0,25043008,30,8.22451520976486e-06,0.187845292066687,0.39963172022061993,0.187845292066687,-0.15386444525312726,0.34170973731981424,True,True
3.0,25043008,32,0.000793133135791102,0.16885972820888395,0.1055063787240813,0.1055063787240813,-0.10338646381002914,0.20889284253411045,True,True
3.0,25043008,34,6.2729821337370595e-12,-0.026550313345469312,-0.016986902439824147,-0.026550313345469312,-0.05290848236693102,0.026358169021461708,False,True
3.0,25043009,0,0.0004582315557182248,0.11194740505168932,0.0048170963181500825,0.0048170963181500825,-0.07477827076888954,0.07959536708703963,True,True
3.0,25043009,1,0.0004916528121694519,-0.010007906563396007,-0.38961633414715074,-0.38961633414715074,0.10121424594045397,-0.4908305800876047,False,False
3.0,25043009,2,0.000254120346329767,-0.07477827076888954,0.7986943355795062,-0.07477827076888954,-0.043390220773488475,-0.03138804999540107,False,False
3.0,25043009,3,0.00023775379635626592,-0.18250380283229606,0.49610514351171114,-0.18250380283229606,0.07763578960963757,-0.26013959244193363,False,False
3.0,25043009,4,0.00020412511852896387,0.021202499967333033,-0.044498639261477124,-0.044498639261477124,-0.04966168356824169,0.005163044306764564,False,True
3.0,25043009,6,0.0003183710487659752,-0.04196857329953585,-0.042281802285499825,-0.042281802285499825,-0.05858530842400314,0.016303506138503315,False,True
3.0,25043009,7,0.0011782894106713293,0.12479270227127037,0.24256534769481208,0.12479270227127037,-0.05243400661132924,0.17722670888259962,True,True
3.0,25043009,8,0.0003197542212136639,0.09702832377352882,-0.30954431380646297,-0.30954431380646297,-0.04966168356824169,-0.2598826302382213,False,False
3.0,25043009,9,0.0008238932099158269,0.24683781166601904,0.07763578960963757,0.07763578960963757,-0.18250380283229606,0.26013959244193363,True,True
3.0,25043009,10,0.0005089120882981746,-0.3095131419978407,0.3382218935337082,-0.3095131419978407,-0.05858530842400314,-0.2509278335738375,False,False
3.0,25043009,11,1.9695719052581495e-05,0.15899528351106812,0.40793337614611325,0.15899528351106812,-0.21467069953118934,0.37366598304225745,True,True
3.0,25043009,12,0.0006452712072180233,0.0315584412864133,0.21783804265983525,0.0315584412864133,-0.14950651726478034,0.18106495855119364,True,True
3.0,25043009,13,0.00040423404400291574,-0.24683759623008264,0.2939118170905984,-0.24683759623008264,-0.05243400661132924,-0.1944035896187534,False,False
3.0,25043009,14,0.00010926457958326807,-0.04966168356824169,0.2603969383982755,-0.04966168356824169,-0.23340443475005224,0.18374275118181055,False,True
3.0,25043009,15,0.0004073498780958751,0.19726533401141577,0.08171946392290019,0.08171946392290019,-0.08460090331022253,0.1663203672331227,True,True
3.0,25043009,16,7.868395569277098e-05,-0.0675089332797646,0.14223360919732986,-0.0675089332797646,-0.2499757177684092,0.18246678448864462,False,True
3.0,25043009,18,3.6886977242911456e-05,-0.22423476376067114,0.062335559910844496,-0.22423476376067114,-0.2499757177684092,0.02574095400773807,False,True
3.0,25043009,19,9.575484203994122e-06,-0.29443482148943434,-0.10442669071579869,-0.29443482148943434,-0.08460090331022253,-0.20983391817921182,False,False
3.0,25043009,20,3.799117681779762e-05,-0.24664660567344923,-0.3923014926373058,-0.3923014926373058,-0.15565516688486056,-0.23664632575244524,False,False
3.0,25043009,21,0.0050354791954880795,-0.3880669856215992,0.15426358575446736,-0.3880669856215992,-0.24683759623008264,-0.14122938939151655,False,False
3.0,25043009,22,1.5186295529989735e-06,-0.2056948910602628,-0.2573773297973851,-0.2573773297973851,-0.07729225164440728,-0.1800850781529778,False,False
3.0,25043009,23,9.051823689265603e-06,-0.3500432647468456,-0.32007331509476716,-0.3500432647468456,-0.2626489838023653,-0.08739428094448032,False,False
3.0,25043009,24,6.196915150136206e-06,-0.053455389884174864,-0.24257410573943333,-0.24257410573943333,-0.07729225164440728,-0.16528185409502605,False,False
3.0,25043009,25,0.03469357706445564,0.2585299928716544,0.12215030197689666,0.12215030197689666,-0.29443482148943434,0.41658512346633103,True,True
3.0,25043009,26,4.498665421071024e-06,-0.34645631366408314,0.13328617303131352,-0.34645631366408314,-0.08707557000904997,-0.25938074365503316,False,False
3.0,25043009,27,0.0007124114471541709,0.40942598091198623,-0.2784603713746479,-0.2784603713746479,-0.32223904311814,0.04377867174349209,False,True
3.0,25043009,28,5.218209955248909e-06,0.08491940200501535,-0.08707557000904997,-0.08707557000904997,-0.23340443475005224,0.14632886474100226,False,True
3.0,25043009,30,8.22451520976486e-06,0.24626933840619486,0.14614706598172666,0.14614706598172666,-0.24257410573943333,0.38872117172116,True,True
3.0,25043009,32,0.000793133135791102,0.06647304276956167,0.2308523986905241,0.06647304276956167,-0.16482483787424165,0.23129788064380333,True,True
3.0,25043009,34,6.2729821337370595e-12,-0.010069839958265492,-0.041887982909325605,-0.041887982909325605,-0.08707557000904997,0.04518758709972437,False,True
3.0,25043010,0,0.0004582315557182248,0.04984668116259805,0.030293598490012785,0.030293598490012785,-0.048167059020642555,0.07846065751065534,True,True
3.0,25043010,1,0.0004916528121694519,0.41490237011773984,0.5868256386113371,0.41490237011773984,0.05754030035120036,0.3573620697665395,True,True
3.0,25043010,2,0.000254120346329767,-0.48966175192326816,0.41509604004481093,-0.48966175192326816,-0.044742984073926975,-0.4449187678493412,False,False
3.0,25043010,3,0.00023775379635626592,-0.19410040296062692,0.12989651915350708,-0.19410040296062692,0.08122865650249583,-0.27532905946312275,False,False
3.0,25043010,4,0.00020412511852896387,-0.026782618516716483,0.155686292172308,-0.026782618516716483,-0.048167059020642555,0.021384440503926072,False,True
3.0,25043010,6,0.0003183710487659752,0.0396296983194655,-0.048167059020642555,-0.048167059020642555,-0.03405076382196394,-0.014116295198678616,False,False
3.0,25043010,7,0.0011782894106713293,0.23374653299179127,0.03385194419990489,0.03385194419990489,0.09597588431951413,-0.06212394011960924,True,False
3.0,25043010,8,0.0003197542212136639,0.1764243480800779,-0.14079806917663001,-0.14079806917663001,-0.041318909127211395,-0.09947916004941862,False,False
3.0,25043010,9,0.0008238932099158269,0.08122865650249583,0.12990419390885954,0.08122865650249583,0.038601615286128654,0.04262704121636718,True,True
3.0,25043010,10,0.0005089120882981746,0.22769436363548062,-0.041318909127211395,-0.041318909127211395,-0.07553715037817364,0.03421824125096225,False,True
3.0,25043010,11,1.9695719052581495e-05,0.4855372733002023,0.11072311213653244,0.11072311213653244,0.05880128513996183,0.05192182699657061,True,True
3.0,25043010,12,0.0006452712072180233,-0.10290724173570473,0.09074118879452608,-0.10290724173570473,-0.09448256409863628,-0.008424677637068445,False,False
3.0,25043010,13,0.00040423404400291574,0.19831550031064016,0.038601615286128654,0.038601615286128654,0.05642644959684995,-0.017824834310721294,True,False
3.0,25043010,14,0.00010926457958326807,0.22885266955911604,0.17983734496151738,0.17983734496151738,-0.12112890877159331,0.3009662537331107,True,True
3.0,25043010,15,0.0004073498780958751,0.3226686554955843,0.14368897946854775,0.14368897946854775,0.05234538172389677,0.09134359774465098,True,True
3.0,25043010,16,7.868395569277098e-05,0.23443877406603886,0.06921360951096311,0.06921360951096311,-0.12112890877159331,0.19034251828255644,True,True
3.0,25043010,18,3.6886977242911456e-05,-0.2471056230858557,0.017334428472501773,-0.2471056230858557,-0.09081833220580103,-0.15628729088005466,False,False
3.0,25043010,19,9.575484203994122e-06,-0.004395166756253843,-0.15714935407031844,-0.15714935407031844,0.07254505157772995,-0.22969440564804838,False,False
3.0,25043010,20,3.799117681779762e-05,-0.12424794436588182,-0.17908442726494544,-0.17908442726494544,-0.06002416590155436,-0.11906026136339108,False,False
3.0,25043010,21,0.0050354791954880795,0.079000954993795,0.33907823795357567,0.079000954993795,0.038601615286128654,0.04039933970766635,True,True
3.0,25043010,22,1.5186295529989735e-06,-0.051429273597485836,-0.24141098809541175,-0.24141098809541175,-0.08049036236001383,-0.16092062573539792,False,False
3.0,25043010,23,9.051823689265603e-06,-0.05185124522324991,-0.18154955339302015,-0.18154955339302015,0.05234538172389677,-0.23389493511691692,False,False
3.0,25043010,24,6.196915150136206e-06,-0.0756461223181909,-0.1393505758074819,-0.1393505758074819,-0.04255980069580839,-0.0967907751116735,False,False
3.0,25043010,25,0.03469357706445564,0.1577679180192545,0.06608914816166489,0.06608914816166489,-0.15714935407031844,0.22323850223198333,True,True
3.0,25043010,26,4.498665421071024e-06,0.08744410046818119,0.32024422072974423,0.08744410046818119,-0.08225130204413034,0.16969540251231152,True,True
3.0,25043010,27,0.0007124114471541709,0.5615444758536734,-0.4757007980404133,-0.4757007980404133,-0.04553010295432677,-0.4301706950860865,False,False
3.0,25043010,28,5.218209955248909e-06,-0.07096455274993108,-0.07872942267589733,-0.07872942267589733,-0.11080093892580611,0.03207151624990878,False,True
3.0,25043010,30,8.22451520976486e-06,0.020539020754263393,0.39997904801337114,0.020539020754263393,-0.08225130204413034,0.10279032279839373,True,True
3.0,25043010,32,0.000793133135791102,-0.08225130204413034,0.14364419837234188,-0.08225130204413034,-0.04255980069580839,-0.039691501348321945,False,False
3.0,25043010,34,6.2729821337370595e-12,-0.0038462349316124023,-0.006390178715719452,-0.006390178715719452,-0.07872942267589733,0.07233924396017788,False,True
3.0,25043011,0,0.0004582315557182248,0.08146787101033381,0.08013181672021419,0.08013181672021419,-0.2487400196830589,0.3288718364032731,True,True
3.0,25043011,1,0.0004916528121694519,0.5716353528477525,-0.0373304031368647,-0.0373304031368647,-0.06190714324261802,0.024576740105753322,False,True
3.0,25043011,2,0.000254120346329767,-0.2487400196830589,-0.1403024119345911,-0.2487400196830589,-0.1312445943003941,-0.1174954253826648,False,False
3.0,25043011,3,0.00023775379635626592,-0.4946960829276236,-0.1724971174629098,-0.4946960829276236,-0.0373304031368647,-0.45736567979075893,False,False
3.0,25043011,4,0.00020412511852896387,0.16220437862372772,-0.37160508138372267,-0.37160508138372267,-0.08210933174195154,-0.28949574964177116,False,False
3.0,25043011,6,0.0003183710487659752,-0.020685816145615932,-0.07507398293447898,-0.07507398293447898,-0.14517140998234362,0.07009742704786465,False,True
3.0,25043011,7,0.0011782894106713293,0.3477760006195791,-0.013154397002122842,-0.013154397002122842,-0.07399514630998895,0.06084074930786611,False,True
3.0,25043011,8,0.0003197542212136639,0.115750861502259,-0.18037985685883662,-0.18037985685883662,-0.10996296310585063,-0.07041689375298599,False,False
3.0,25043011,9,0.0008238932099158269,-0.006660170626851036,0.15352112127804468,-0.006660170626851036,-0.1106598894831132,0.10399971885626216,False,True
3.0,25043011,10,0.0005089120882981746,0.3886511244505488,-0.4935834999559258,-0.4935834999559258,-0.14517140998234362,-0.3484120899735822,False,False
3.0,25043011,11,1.9695719052581495e-05,0.407762214705258,-0.1106598894831132,-0.1106598894831132,-0.02524240006949377,-0.08541748941361943,False,False
3.0,25043011,12,0.0006452712072180233,-0.08210933174195154,-0.06729471934810782,-0.08210933174195154,-0.21855705167824868,0.13644771993629715,False,True
3.0,25043011,13,0.00040423404400291574,-0.14660428319441834,0.12426304043437364,-0.14660428319441834,-0.06190714324261802,-0.08469713995180032,False,False
3.0,25043011,14,0.00010926457958326807,0.0037663245520497823,0.3522798513218283,0.0037663245520497823,-0.2190930835643628,0.22285940811641258,True,True
3.0,25043011,15,0.0004073498780958751,0.17633234712412205,0.2521080130851202,0.17633234712412205,-0.06190714324261802,0.23823949036674008,True,True
3.0,25043011,16,7.868395569277098e-05,-0.10996296310585063,0.07963909654275125,-0.10996296310585063,-0.18437697026613756,0.07441400716028693,False,True
3.0,25043011,18,3.6886977242911456e-05,-0.1883740836734385,0.04087347385105933,-0.1883740836734385,-0.14517140998234362,-0.04320267369109487,False,False
3.0,25043011,19,9.575484203994122e-06,-0.3972976466987278,0.0007515571373094554,-0.3972976466987278,0.043653042732940794,-0.4409506894316686,False,False
3.0,25043011,20,3.799117681779762e-05,-0.33586606690424736,0.03797102999759494,-0.33586606690424736,-0.10637738666776686,-0.2294886802364805,False,False
3.0,25043011,21,0.0050354791954880795,0.26345687589513755,0.24917764362001665,0.24917764362001665,-0.1106598894831132,0.3598375331031298,True,True
3.0,25043011,22,1.5186295529989735e-06,-0.47256180431584116,-0.3610492789323317,-0.47256180431584116,-0.09245057098581731,-0.38011123333002383,False,False
3.0,25043011,23,9.051823689265603e-06,-0.12717183137702376,-0.21895964486402975,-0.21895964486402975,0.13514930160842734,-0.35410894647245705,False,False
3.0,25043011,24,6.196915150136206e-06,0.06227857164404249,-0.2498120834552871,-0.2498120834552871,-0.08898493902841326,-0.16082714442687385,False,False
3.0,25043011,25,0.03469357706445564,0.09396625609273263,0.14439796749870826,0.09396625609273263,0.17633234712412205,-0.08236609103138942,True,False
3.0,25043011,26,4.498665421071024e-06,0.016039456686781528,0.13781060154880068,0.016039456686781528,-0.10996296310585063,0.12600241979263216,True,True
3.0,25043011,27,0.0007124114471541709,0.3415373213423059,0.4379549269634594,0.3415373213423059,-0.06249669438564856,0.4040340157279545,True,True
3.0,25043011,28,5.218209955248909e-06,-0.10279181022968309,-0.013214473788168313,-0.10279181022968309,-0.13177607575029096,0.02898426552060787,False,True
3.0,25043011,30,8.22451520976486e-06,0.23952803965362246,0.49322788008959073,0.23952803965362246,-0.10279181022968309,0.34231984988330555,True,True
3.0,25043011,32,0.000793133135791102,-0.07121147695901531,0.03696422052522941,-0.07121147695901531,-0.08898493902841326,0.01777346206939795,False,True
3.0,25043011,34,6.2729821337370595e-12,0.11098905956414518,-0.07517806782714342,-0.07517806782714342,-0.07121147695901531,-0.003966590868128117,False,False
